Year,Month,District,Petrol_Liters,Diesel_Liters,Kerosene_Liters,CO2_Petrol_Tons,CO2_Diesel_Tons,CO2_Kerosene_Tons,CO2_Total_Tons
2020,1,Kandy,103.11547119954773,105.51810972977854,7.893694439633015,0.23819673847095527,0.28278853407580645,0.019418488321497215,0.5404037608682589
2020,2,Kandy,93.00611127802341,95.17319701117277,7.1198028279042855,0.21484411705223408,0.25506416798994297,0.017514714956644542,0.4874229999988216
2020,3,Kandy,380.1119330493131,388.96871821957575,29.098324601000126,0.8780585653439134,1.0424361648284628,0.0715818785184603,1.9920766086908366
2020,4,Kandy,3126.8250237274615,3199.681503864755,239.3646755076952,7.222965804810436,8.575146430357542,0.5888371017489302,16.38694933691691
2020,5,Kandy,4555.277580638844,4661.417671003745,348.7155602449643,10.522691211275728,12.492599358290036,0.8578402782026122,23.873130847768376
2020,6,Kandy,5432.770021827149,5559.3560949787225,415.8893521430177,12.549698750420717,14.899074334542973,1.0230878062718234,28.47186089123551
2020,7,Kandy,4856.536506300266,4969.696070018196,371.77753027448034,11.218599329553616,13.318785467648764,0.9145727244752216,25.451957521677603
2020,8,Kandy,4245.931167040199,4344.863341814409,325.0344769260652,9.808100995862862,11.644233756062615,0.7995848132381205,22.251919565163597
2020,9,Kandy,4144.837567824957,4241.414214628352,317.29556080877796,9.57457478167565,11.366990095203981,0.7805470795895937,21.722111956469224
2020,10,Kandy,4094.290768217335,4189.689651035324,313.4261027501343,9.457811674582045,11.228368264774664,0.7710282127653304,21.45720815212204
2020,11,Kandy,3942.6503693944715,4034.515960256238,301.8177285742035,9.10752235330123,10.812502773486717,0.7424716122925406,20.66249673908049
2020,12,Kandy,3841.556770179229,3931.0668330701806,294.0788124569162,8.873996139114018,10.535259112628083,0.7234338786440139,20.132689130386115
2020,1,Matale,38.72514844814534,46.97824195715831,4.452466270921108,0.08945509291521574,0.12590168844518426,0.010953067026465927,0.22630984838686594
2020,2,Matale,34.92856526695461,42.372531961358455,4.015949969850409,0.08068498576666513,0.11355838565644066,0.00987923692583201,0.20412260834893783
2020,3,Matale,142.75152761277104,173.17469584207373,16.413012920258197,0.3297560287855011,0.4641081848567576,0.040376011783835174,0.8342402254260939
2020,4,Matale,1174.2831779422895,1424.5461017008886,135.01449192116652,2.7125941410466887,3.817783552558381,0.3321356501260697,6.862513343731139
2020,5,Matale,1710.7403814445381,2075.332924107405,196.69424526245598,3.9518102811368827,5.561892236607846,0.4838678433456418,9.997570361090371
2020,6,Matale,2040.2838015718921,2475.1085517428296,234.5838601953924,4.71305558163107,6.633290918670784,0.5770762960806654,11.92342279638252
2020,7,Matale,1823.8785602440214,2212.58308198224,209.70243103436272,4.213159474163689,5.929722659712403,0.5158679803445324,10.658750114220625
2020,8,Matale,1594.564936100102,1934.3981982359298,183.33684644969262,3.683445002391235,5.184187171272292,0.45100864226624393,9.318640815929772
2020,9,Matale,1556.5991042881947,1888.3410982779315,178.97168343898565,3.5957439309057295,5.060754143384856,0.4402703412599048,9.09676841555049
2020,10,Matale,1537.616188382241,1865.3125482989321,176.78910193363217,3.5518933951629763,4.999037629441138,0.4349011907567352,8.985832215360851
2020,11,Matale,1480.6674406643806,1796.2268983619351,170.24135741757175,3.420341787934719,4.813888087609986,0.41879373924722657,8.653023614791932
2020,12,Matale,1442.7016088524733,1750.1697984039367,165.87619440686478,3.3326407164492133,4.6904550597225505,0.4080554382408874,8.431151214412651
2020,1,Nuwara Eliya,26.002874294016333,42.51777598332625,5.222214677080351,0.06006663961917774,0.11394763963531439,0.012846648105617663,0.18686092736010976
2020,2,Nuwara Eliya,23.453572892642175,38.349366573196214,4.710232845994041,0.05417775338200343,0.10277630241616588,0.011587172801145339,0.1685412285993146
2020,3,Nuwara Eliya,95.85373269166803,156.7321938208889,19.250516848845212,0.2214221225177532,0.4200422794399824,0.04735627144815922,0.6888206734058947
2020,4,Nuwara Eliya,788.4989234450246,1289.2890305532167,158.35598035499532,1.8214325131580071,3.4552946018826214,0.3895557116732885,5.666282826713916
2020,5,Nuwara Eliya,1148.715211459192,1878.285280204589,230.69901308749078,2.653532138470734,5.0338045509483,0.5675195721952273,8.25485626161426
2020,6,Nuwara Eliya,1369.9945730984678,2240.1032170038748,275.1390360257823,3.164687463857461,6.003476621570385,0.6768420286234245,9.84500611405127
2020,7,Nuwara Eliya,1224.6843932201416,2002.5038806264636,245.95607165386275,2.8290209483385276,5.366710400078924,0.6050519362685024,8.800783284685952
2020,8,Nuwara Eliya,1070.7065885771428,1750.7319522546102,215.03236905624968,2.4733322196132006,4.691961632042356,0.5289796278783743,7.694273479533929
2020,9,Nuwara Eliya,1045.2135745634014,1709.0478581533098,209.9125507453866,2.4144433572414576,4.580248259850872,0.516384874833651,7.511076491925978
2020,10,Nuwara Eliya,1032.4670675565305,1688.2058111026597,207.35264158995506,2.384998926055586,4.524391573755128,0.5100874983112894,7.4194779981220025
2020,11,Nuwara Eliya,994.2275465359186,1625.6796699507097,199.67291412366046,2.296665632497972,4.356821515467903,0.4911953687442047,7.144682516710078
2020,12,Nuwara Eliya,968.734532522177,1583.9955758494093,194.55309581279735,2.237776770126229,4.245108143276418,0.47860061569948154,6.961485529102127
2020,1,Batticaloa,66.77066903368794,72.4838654222715,14.247892066947546,0.15424024546781914,0.19425675933168762,0.035049814484690966,0.38354681928419776
2020,2,Batticaloa,60.224525010777334,65.37760410636251,12.851039903521311,0.13911865277489566,0.1752119790050515,0.03161355816266243,0.3459441899426096
2020,3,Batticaloa,246.13501526143784,267.19542547817724,52.52164134482624,0.5685718852539214,0.716083740281515,0.12920323770827255,1.413858863243709
2020,4,Batticaloa,2024.722346286243,2197.9666250106443,432.04637414773293,4.6771086199212215,5.890550555028526,1.062834080403423,11.630493255353171
2020,5,Batticaloa,2949.692496723508,3202.0813489485818,629.4215848398592,6.813789667431304,8.581578015182199,1.5483770987060537,16.94374478131956
2020,6,Batticaloa,3517.8977979121455,3818.904831169479,750.6683526252557,8.126343913177056,10.234664947534204,1.8466441474581292,20.20765300816939
2020,7,Batticaloa,3144.7675886062434,3413.8479361626687,671.0477793099608,7.264413129680422,9.149112468915952,1.6507775371025037,18.06430313569888
2020,8,Batticaloa,2749.3804896224437,2984.629752681767,586.6779086390164,6.351068931027846,7.998807737187135,1.4432276552519807,15.793104323466961
2020,9,Batticaloa,2683.919049393338,2913.5671395226773,572.7093870047541,6.199853004098611,7.808359933920774,1.4088650920316954,15.417078030051082
2020,10,Batticaloa,2651.188329278785,2878.0358329431324,565.725126187623,6.124245040633994,7.7131360322875935,1.3916838104215528,15.22906488334314
2020,11,Batticaloa,2552.996168935127,2771.441913204498,544.7723437362297,5.8974211502401435,7.427464327388055,1.340139965591125,14.665025443219324
2020,12,Batticaloa,2487.5347287060213,2700.3793000454084,530.8038221019674,5.746205223310909,7.237016524121694,1.3057774023708397,14.288999149803443
2020,1,Ampara,48.957000769747964,59.93526746893647,12.617836618610328,0.11309067177811778,0.16062651681674975,0.031039878081781408,0.3047570666766489
2020,2,Ampara,44.15729481192952,54.05926085433484,11.380793812864212,0.10200335101555717,0.14487881908961736,0.027996752779645966,0.27487892288482046
2020,3,Ampara,180.46894401397284,220.9378487090207,46.51280949605375,0.4168832606722772,0.5921134345401754,0.11442151136029223,1.1234182065727447
2020,4,Ampara,1484.5490527532395,1817.4488458962794,382.61733981727195,3.429308311859983,4.870762907002028,0.9412386559504891,9.2413098748125
2020,5,Ampara,2162.747504592983,2647.7285805394877,557.4114882691973,4.995946735609791,7.095912595845826,1.3712322611422256,13.463091592597841
2020,6,Ampara,2579.361981731622,3157.7659546869068,664.7868038079596,5.958326177800046,8.46281275856091,1.6353755373675805,16.056514473728534
2020,7,Ampara,2305.778742135972,2822.8335776546155,594.2753638804314,5.326348894334095,7.565193988114369,1.4619173951458613,14.353460277594325
2020,8,Ampara,2015.876502283739,2467.9227781326776,519.5579784133663,4.656674720275437,6.614033045395576,1.2781126268968812,12.548820392567894
2020,9,Ampara,1967.8794427055548,2409.1627119866616,507.18755035590516,4.545801512649831,6.456556068124253,1.2476813738755268,12.25003895464961
2020,10,Ampara,1943.8809129164626,2379.7826789136534,501.0023363271746,4.490364908837028,6.377817579488591,1.2324657473648497,12.100648235690468
2020,11,Ampara,1871.8853235491865,2291.6425796946296,482.44669424098305,4.32405509739862,6.141602113581607,1.1868188678328184,11.652476078813045
2020,12,Ampara,1823.8882639710023,2232.8825135486136,470.07626618352197,4.213181889773015,5.984125136310284,1.156387614811464,11.353694640894762
2020,1,Trincomalee,30.93062975091481,57.65048224267078,18.579613489843677,0.07144975472461322,0.1545032924103577,0.04570584918501545,0.27165889631998635
2020,2,Trincomalee,27.89821506945256,51.99847417966382,16.75808275554527,0.06444487681043543,0.13935591080149906,0.04122488357864137,0.24502567119057583
2020,3,Trincomalee,114.01879202298007,212.51550316906088,68.48955560961981,0.263383409573084,0.5695415484930831,0.16848430679966475,1.001409264865832
2020,4,Trincomalee,937.9258609762695,1748.1660938880461,563.399456118495,2.166608738855183,4.685085131619964,1.3859626620514975,8.237656532526644
2020,5,Trincomalee,1366.4060554668836,2546.7948331909265,820.7817488748587,3.1563979881285014,6.825410152951684,2.0191231022321525,12.000931243312337
2020,6,Trincomalee,1629.619649817805,3037.389133059928,978.8906166119596,3.76442139107913,8.140202876600608,2.4080709168654204,14.312695184545158
2020,7,Trincomalee,1456.772012974458,2715.224673468533,875.0633647569509,3.365143349970998,7.276802124895669,2.1526558773020996,12.794601352168765
2020,8,Trincomalee,1273.6141662141388,2373.8433864629137,765.0429084053276,2.9420487239546613,6.361900275720609,1.882005554677106,11.185954554352376
2020,9,Trincomalee,1243.2900193995165,2317.323305832844,746.8276010623435,2.8719999448128832,6.210426459632023,1.8371958986133654,10.919622303058272
2020,10,Trincomalee,1228.1279459922052,2289.0632655178097,737.7199473908516,2.8369755552419944,6.134689551587731,1.814791070581495,10.78645617741122
2020,11,Trincomalee,1182.641725770272,2204.283144572706,710.3969863763758,2.731902386529329,5.907478827454853,1.7475765864858845,10.386957800470066
2020,12,Trincomalee,1152.3175789556497,2147.7630639426366,692.1816790333918,2.661853607387551,5.756005011366267,1.7027669304221438,10.12062554917596
2020,1,Anuradhapura,152.82274282064768,112.35579988605669,8.369127278731371,0.3530205359156961,0.30111354369463195,0.020588053105679172,0.6747221327160072
2020,2,Anuradhapura,137.8401209754861,101.34052538742364,7.548624604345939,0.3184106794533728,0.2715926080382954,0.01856961652669101,0.6085729040183592
2020,3,Anuradhapura,563.3465813780737,414.17432114860105,30.850900556892103,1.30133060298335,1.1099871806782509,0.07589321536995458,2.4872109990315554
2020,4,Anuradhapura,4634.124936708463,3407.024402427189,253.781477187413,10.704828603796548,9.130825398504868,0.624302433881036,20.459956436182452
2020,5,Anuradhapura,6751.169403429788,4963.482689084033,369.71850507807403,15.595201321922808,13.30213360674521,0.9095075224920622,29.80684245116008
2020,6,Anuradhapura,8051.6609795898075,5919.608515565376,440.93813721472907,18.59933686285245,15.86455082171521,1.0847078175482336,35.548595502115894
2020,7,Anuradhapura,7197.651534415601,5291.737869143296,394.1694847747597,16.626575044500036,14.181857489304035,0.9696569325459091,31.77808946634998
2020,8,Anuradhapura,6292.701174967844,4626.415289425862,344.61112324187985,14.536139714175718,12.398792975661312,0.8477433631750245,27.782676053012054
2020,9,Anuradhapura,6142.874956516229,4516.262544439532,336.4060964980256,14.190041149552487,12.103583619097947,0.8275589973851429,27.121183766035575
2020,10,Anuradhapura,6067.961847290421,4461.186171946367,332.30358312609843,14.01699186724087,11.955978940816264,0.8174668144902022,26.790437622547337
2020,11,Anuradhapura,5843.222519612999,4295.957054466873,319.99604301031707,13.497844020306026,11.51316490597122,0.7871902658053801,25.798199192082627
2020,12,Anuradhapura,5693.396301161384,4185.8043094805425,311.79101626646275,13.151745455682795,11.217955549407854,0.7670059000154985,25.13670690510615
2020,1,Polonnaruwa,35.12894722910564,53.284758799174234,4.165697256861782,0.08114786809923404,0.14280315358178697,0.010247615251879985,0.23419863693290097
2020,2,Polonnaruwa,31.684932794879582,48.060762838470865,3.7572955650125865,0.07319219475617185,0.1288028444071019,0.009242947089930963,0.21123798625320472
2020,3,Polonnaruwa,129.49494272689918,196.42224812244618,15.355903613529705,0.2991333176991372,0.5264116249681557,0.03777552288928308,0.8633204655565759
2020,4,Polonnaruwa,1065.233664506115,1615.781950645548,126.3186432889558,2.460689765009126,4.330295627730069,0.31074386249083125,7.101729255230025
2020,5,Polonnaruwa,1551.8729040622547,2353.932579892932,184.02580234724695,3.584826408383809,6.308539314113059,0.45270347377422754,10.346069196271095
2020,6,Polonnaruwa,1850.8133569530748,2807.3754292819826,219.47506919975694,4.275378854561604,7.523766150475714,0.5399086702314021,12.339053675268719
2020,7,Polonnaruwa,1654.5045342021908,2509.607659521892,196.19617276435292,3.8219054740070613,6.725748527518671,0.4826425850003082,11.03029658652604
2020,8,Polonnaruwa,1446.4860623749378,2194.0783034954093,171.52871057666158,3.3413828040861064,5.880129853367697,0.42196062801858747,9.64347328547239
2020,9,Polonnaruwa,1412.0459180326773,2141.8383438883757,167.44469365816963,3.2618260706554847,5.7401267616208465,0.4119139463990973,9.413866778675429
2020,10,Polonnaruwa,1394.825845861547,2115.718364084859,165.40268519892365,3.222047703940174,5.670125215747421,0.4068906055893522,9.299063525276948
2020,11,Polonnaruwa,1343.1656293481567,2037.358424674309,159.27665982118577,3.1027126037942425,5.460120578127148,0.39182058316011703,8.954653765081506
2020,12,Polonnaruwa,1308.7254850058962,1985.1184650672753,155.19264290269382,3.0231558703636208,5.320117486380298,0.38177390154062685,8.725047258284546
2020,1,Jaffna,44.45919981222342,53.9388194296785,25.08474217718943,0.1027007515662361,0.14455603607153839,0.061708465755886004,0.3089652533936605
2020,2,Jaffna,40.100454732593654,48.65069987774922,22.625453728445358,0.09263205043229135,0.1303838756723679,0.05565861617197559,0.27867454227663485
2020,3,Jaffna,163.88881499407844,198.83329515254033,92.4692456727767,0.37858316263632125,0.532873231008808,0.22747434435503072,1.13893073800016
2020,4,Jaffna,1348.1598531294806,1635.6153774117215,760.6579171965382,3.1142492607291,4.383449211463414,1.8712184763034843,9.368916948495999
2020,5,Jaffna,1964.0505328811637,2382.8266700993263,1108.1553750040741,4.536956730955488,6.3859754758661955,2.7260622225100226,13.648994429331706
2020,6,Jaffna,2342.389605793025,2841.835447206786,1321.6216123550582,5.410919989381888,7.616118998514186,3.2511891663934436,16.27822815428952
2020,7,Jaffna,2093.94113625413,2540.4126327468184,1181.442170776647,4.83700402474704,6.808305855761473,2.9063477401105517,14.551657620619066
2020,8,Jaffna,1830.672933444493,2221.0102118102905,1032.9011484725056,4.22885447625678,5.952307367651579,2.540936825242364,12.722098669150723
2020,9,Jaffna,1787.0854826481957,2168.129016290998,1008.308263985065,4.1281674649173326,5.810585763659875,2.48043832940326,12.419191557980467
2020,10,Jaffna,1765.2917572500469,2141.6884185313515,996.0118217413446,4.077823959247609,5.739724961664022,2.450189081483708,12.26773800239534
2020,11,Jaffna,1699.9105810556011,2062.366625252413,959.1224950101839,3.9267934422384387,5.527142555676467,2.3594413377250527,11.81337733563996
2020,12,Jaffna,1656.3231302593035,2009.4854297331203,934.5296105227433,3.8261064308989914,5.385420951684763,2.2989428418859488,11.510470224469703
2020,1,Mannar,8.173934422175087,13.271289650706901,13.025350480694632,0.018881788515224453,0.0355670562638945,0.03204236218250879,0.08649120696162774
2020,2,Mannar,7.372568302353997,11.97018282220622,11.748355335528487,0.017030632778437735,0.03208008996351268,0.028900954125400075,0.07801167686735049
2020,3,Mannar,30.131366105272864,48.92161675162543,48.01501745824687,0.06960345570318033,0.13110993289435618,0.11811694294728729,0.31883033154482376
2020,4,Mannar,247.86254086066216,402.43234205525926,394.97459839988716,0.5725624693881297,1.078518676708095,0.9716375120637224,2.622718658159947
2020,5,Mannar,361.09557359138176,586.2787369224048,575.4140124118628,0.8341307749960919,1.5712270149520453,1.4155184705331825,3.8208762604813193
2020,6,Mannar,430.65415279185197,699.2148096362633,686.2571910122836,0.9948110929491781,1.873895689825186,1.6881926898902173,4.556899472664581
2020,7,Mannar,384.9762839620501,625.0517204117249,613.4684677378137,0.8892952159523358,1.6751386107034232,1.5091324306350216,4.07356625729078
2020,8,Mannar,336.5737703248564,546.464867970284,536.3379609697788,0.7774854094504184,1.4645258461603614,1.3193913839856557,3.5614026395964355
2020,9,Mannar,328.56010912664556,533.4537996852772,523.5680095181174,0.7589738520825513,1.4296561831565433,1.2879773034145687,3.476607338653663
2020,10,Mannar,324.5532785275401,526.9482655427738,517.1830337922867,0.7497180733986177,1.4122213516546342,1.2722702631290252,3.434209688182277
2020,11,Mannar,312.5327867302239,507.4316631152638,498.0281066147947,0.7219507373468173,1.3599168571489073,1.2251491422723948,3.3070167367681194
2020,12,Mannar,304.519125532013,494.4205948302571,485.25815516313327,0.7034391799789501,1.3250471941450892,1.1937350617013078,3.2222214358253467
2020,1,Mulalativu,8.846160108761635,13.555826100818056,5.4184250551209425,0.02043462985123938,0.036329613950192394,0.013329325635597517,0.07009356943702928
2020,2,Mulalativu,7.978889509863433,12.226823541914321,4.887206912462024,0.01843123476778453,0.03276788709233038,0.01202252900465658,0.0632216508647715
2020,3,Mulalativu,32.609374518572295,49.970496214780276,19.973802163975233,0.07532765513790202,0.13392092985561116,0.04913555332337907,0.2583841383168922
2020,4,Mulalativu,268.2467962392131,411.06049146892394,164.30577152440267,0.6196500993125823,1.1016421171367163,0.4041921979500306,2.125484414399329
2020,5,Mulalativu,390.7921318635287,598.8485530420211,239.36689508210748,0.9027298246047513,1.6049141221526169,0.5888425619019844,3.096486508659352
2020,6,Mulalativu,466.0712198478923,714.2059751548647,285.47662986490127,1.0766245178486311,1.9140720134150377,0.7022725094676572,3.6929690407313256
2020,7,Mulalativu,416.636795710695,638.4528292973522,255.19719573334314,0.9624309980917055,1.7110535825169042,0.6277851015040241,3.3012696821126335
2020,8,Mulalativu,364.25365153724374,558.1810747395668,223.11161991674462,0.841425935051033,1.4959252803020393,0.5488545849951918,2.886205800348264
2020,9,Mulalativu,355.58094554826175,544.8910491505295,217.79943849015547,0.8213919842164846,1.4603080117234193,0.5357866186857824,2.817486614625686
2020,10,Mulalativu,351.2445925537707,538.2460363560109,215.14334777686088,0.8113750087992104,1.4424993774341093,0.5292526355310777,2.7831270217643973
2020,11,Mulalativu,338.23553357029783,518.3109979724551,207.1750756369772,0.7813240825473879,1.3890734745661797,0.5096506860669638,2.6800482431805315
2020,12,Mulalativu,329.5628275813158,505.0209723834177,201.86289421038802,0.7612901317128395,1.3534562059875597,0.4965827197575545,2.6113290574579535
2020,1,Vavuniya,16.059182966674967,29.03108284542078,4.369454187903935,0.03709671265301917,0.07780330202572769,0.010748857302243682,0.12564887198099053
2020,2,Vavuniya,14.484753264059767,26.18489825273246,3.941076326344725,0.033459780039978064,0.07017552731732299,0.009695047762808023,0.11333035512010907
2020,3,Vavuniya,59.198556818331234,107.0165406850805,16.107007594626268,0.13674866625034515,0.2868043290360157,0.03962323868278063,0.4631762339691415
2020,4,Vavuniya,486.9711070188791,880.3248945184947,132.49727258026346,1.1249032572136106,2.359270717309566,0.3259432905474481,3.8101172650706245
2020,5,Vavuniya,709.4380239984058,1282.4907774653532,193.02706441857973,1.6388018354363174,3.4370752836071463,0.4748465784697062,5.5507236975131695
2020,6,Vavuniya,846.0985221854042,1529.539600110698,230.21026280191901,1.9544875862482838,4.0991661282966705,0.5663172464927209,6.619970961037676
2020,7,Vavuniya,756.3560291363384,1367.3070783274648,205.79272469304414,1.7471824273049419,3.664382969917605,0.5062501027448887,5.9178154999674355
2020,8,Vavuniya,661.2604750983808,1195.3975289290906,179.9187018548679,1.5275116974772596,3.203665377529963,0.44260000656297505,5.173777081570197
2020,9,Vavuniya,645.5161780722289,1166.9356830022075,175.6349232392758,1.4911423713468486,3.127387630445916,0.4320619111686185,5.050591912961383
2020,10,Vavuniya,637.6440295591528,1152.704760038766,173.49303393147974,1.4729577082816432,3.0892487569038924,0.4267928634714402,4.988999328656976
2020,11,Vavuniya,614.0275840199251,1110.0119911484414,167.06736600809165,1.418403719086027,2.974832136277823,0.4109857203799055,4.804221575743756
2020,12,Vavuniya,598.2832869937732,1081.5501452215583,162.78358739249956,1.382034392955616,2.898554389193776,0.4004476249855489,4.6810364071349415
2020,1,Killinochchi,9.819443924923755,15.912807142783603,5.8259389172052485,0.02268291546657387,0.042646323142660064,0.014331809736324908,0.07966104834555884
2020,2,Killinochchi,8.856753344048874,14.352728011138147,5.254768435126301,0.020459100224752894,0.03846531106985024,0.012926730350410696,0.07185114164501383
2020,3,Killinochchi,36.1971658408954,58.65897534986896,21.47601012616836,0.08361545309246837,0.15720605393764883,0.05283098491037416,0.29365249194049137
2020,4,Killinochchi,297.76019666459973,482.53247541793803,176.66303010701796,0.6878260542952253,1.293187034120074,0.4345910540632641,2.4156041424785637
2020,5,Killinochchi,433.78837574221996,702.9716567194403,257.369419224773,1.002051147964528,1.8839640400081001,0.6331287712929415,3.5191439592655698
2020,6,Killinochchi,517.3499181621592,838.3865253462652,306.9470170692254,1.1950783109545875,2.246875887927991,0.7550896619902944,4.197043860872873
2020,7,Killinochchi,462.47655505229125,749.4620148424747,274.39029959072553,1.0683208421707926,2.0085581997778323,0.6750001369931847,3.75187917894181
2020,8,Killinochchi,404.3300439674486,655.2332352910894,239.8916024731572,0.9340024015648062,1.7560250705801197,0.5901333420839666,3.2801608142288927
2020,9,Killinochchi,394.70313815869986,639.6324439746348,234.17989765236774,0.9117642491465965,1.7142149498520216,0.5760825482248246,3.2020617472234427
2020,10,Killinochchi,389.88968525432546,631.8320483164076,231.324045241973,0.9006451729374917,1.6933098894879726,0.5690571512952536,3.1630122137207177
2020,11,Killinochchi,375.44932654120237,608.430861341726,222.75648801078887,0.8672879443101773,1.6305947083958257,0.5479809605065405,3.0458636132125436
2020,12,Killinochchi,365.82242073245357,592.8300700252714,217.0447831899994,0.8450497918919676,1.5887845876677276,0.5339301666473985,2.967764546207094
2020,1,Kurunegala,179.17777639375535,167.97418225741123,12.44474613476543,0.4139006634695748,0.45017080844986207,0.03061407549152296,0.89468554741096
2020,2,Kurunegala,161.61132772770083,151.50612517335125,11.224672984298225,0.3733221670509889,0.4060364154645813,0.027612695541373636,0.8069712780569439
2020,3,Kurunegala,660.4984698436471,619.198946360653,45.87475045756667,1.5257514653388247,1.65945317624655,0.11285188612561402,3.298056527710989
2020,4,Kurunegala,5433.302572410639,5093.570056099734,377.36862543950457,12.550928942268577,13.650767750347287,0.9283268185811814,27.130023511197045
2020,5,Kurunegala,7915.441768924133,7420.506522077401,549.7649616005198,18.284670486214743,19.886957479167435,1.3524218055372788,39.52404977091946
2020,6,Kurunegala,9440.209513137655,8849.9338769738,655.6673110610725,21.806883975347983,23.717822790289784,1.6129415852102382,47.137648350848
2020,7,Kurunegala,8438.921939172555,7911.254623182386,586.1231414844423,19.4939096794886,21.202162390128795,1.441862928051728,42.13793499766912
2020,8,Kurunegala,7377.908439742865,6916.583975305167,512.4307231962234,17.04296849580602,18.536445053817847,1.2605795790627097,36.83999312868657
2020,9,Kurunegala,7202.24395308232,6751.903404464567,500.2299916915514,16.63718353162016,18.09510112396504,1.2305657795612166,35.962850435146414
2020,10,Kurunegala,7114.411709752048,6669.563119044267,494.12962593921543,16.434291049527232,17.874429159038637,1.21555887981047,35.52427908837634
2020,11,Kurunegala,6850.914979761234,6422.5422627833705,475.82852868220755,15.825613603248447,17.212413264259432,1.1705381805582307,34.20856504806611
2020,12,Kurunegala,6675.250493100689,6257.86169194277,463.62779717753557,15.41982863906259,16.771069334406626,1.1405243810567376,33.331422354525955
2020,1,Puttalam,74.01905903592252,88.75413837123953,35.40842668332516,0.17098402637298105,0.23786109083492196,0.08710472964097987,0.4959498468488828
2020,2,Puttalam,66.7622885422046,80.05275225641209,31.93701230260699,0.15422088653249266,0.21454137604718443,0.07856505026441318,0.4473273128440902
2020,3,Puttalam,272.8545705637928,327.1721179175104,130.5251807150025,0.6302940580023614,0.8768212760189278,0.3210919445589061,1.828207278580195
2020,4,Puttalam,2244.5191137069446,2691.3387253161163,1073.7084679561244,5.184839152663042,7.212787783847191,2.641322831172066,15.038949767682297
2020,5,Puttalam,3269.900784469283,3920.8445833412284,1564.2193199515993,7.553470812124044,10.507863483354493,3.847979527080934,21.90931382255947
2020,6,Puttalam,3899.788463323995,4676.124898108245,1865.5380881979345,9.008511350278429,12.532014726930099,4.5892236969669185,26.129749774175444
2020,7,Puttalam,3486.1525451820758,4180.145889563085,1667.6674684970003,8.053012379370596,11.202790984029066,4.10246197250262,23.35826533590228
2020,8,Puttalam,3047.843607361515,3654.582168227509,1457.9940399016236,7.0405187330051,9.794280210849724,3.5866653381579936,20.421464282012817
2020,9,Puttalam,2975.275902424336,3567.568307079235,1423.2798960944422,6.872887334600216,9.56108306297235,3.5012685443923273,19.93523894196489
2020,10,Puttalam,2938.9920499557466,3524.061376505098,1405.9228241908513,6.789071635397775,9.444484489033663,3.458570147509494,19.69212627194093
2020,11,Puttalam,2830.1404925499787,3393.540584782688,1353.8516084800794,6.537624537790451,9.094688767217603,3.3304749568609946,18.962788261869047
2020,12,Puttalam,2757.5727876128,3306.5267236344134,1319.1374646728977,6.369993139385568,8.861491619340228,3.2450781630953283,18.476562921821124
2020,1,Ratnapura,72.31415022682796,91.1960556669696,4.905259451014781,0.1670456870239726,0.24440542918747857,0.012066938249496359,0.42351805446094754
2020,2,Ratnapura,65.2245276555703,82.25526589569805,4.424351661699605,0.1506686588843674,0.22044411260047078,0.010883905087781025,0.38199667657261915
2020,3,Ratnapura,266.56980867928735,336.17369539980945,18.08213287825056,0.6157762580491538,0.9009455036714894,0.044482046880496375,1.5612038086011395
2020,4,Ratnapura,2192.820261289989,2765.386276254284,148.7447792351835,5.065414803579874,7.4112352203614815,0.36591215691855133,12.842562180859908
2020,5,Ratnapura,3194.5839306086937,4028.719870934951,216.69704986541768,7.3794888797060825,10.79696925410567,0.5330747426689273,18.70953287648068
2020,6,Ratnapura,3809.9631697938557,4804.780423081318,258.43984597797476,8.801014922223807,12.876811533857934,0.6357620211058177,22.313588477187558
2020,7,Ratnapura,3405.8546832321713,4295.155406118842,231.02810198700985,7.867524318266316,11.511016488398498,0.568329130888044,19.946869937552858
2020,8,Ratnapura,2977.6414799282093,3755.1317039340415,201.9812715123733,6.878351818634164,10.063752966543232,0.49687392792043816,17.438978713097832
2020,9,Ratnapura,2906.745254215633,3665.723806221326,197.17219361922153,6.714581537238113,9.824139800673155,0.48504359630328486,17.02376493421455
2020,10,Ratnapura,2871.2971413593446,3621.0198573649686,194.76765467264568,6.632696396540086,9.704333217738117,0.4791284304947082,16.81615804477291
2020,11,Ratnapura,2764.9528027904807,3486.908010795896,187.55403783291808,6.387040974446011,9.344913468933003,0.4613829330689784,16.193337376447992
2020,12,Ratnapura,2694.056577077904,3397.500113083181,182.74495993976635,6.223270693049959,9.105300303062926,0.4495526014518251,15.77812359756471
2020,1,Kegalle,54.80082775068747,56.79687289233731,3.7808230537821617,0.12658991210408804,0.152215619351464,0.009300824712304118,0.2881063561678562
2020,2,Kegalle,49.42819757905142,51.22855202053952,3.410154126940772,0.1141791364076088,0.13729251941504592,0.008388979152274299,0.259860634974929
2020,3,Kegalle,202.01089445351454,209.36886477959632,13.9371516492362,0.46664516618761864,0.5611085576093182,0.034285393057121055,1.062039116854058
2020,4,Kegalle,1661.7545120870227,1722.2816456470518,114.64789907204141,3.8386529229210224,4.615714810334099,0.2820338317172219,8.736401564972343
2020,5,Kegalle,2420.907155339193,2509.0853848320776,167.0234184347296,5.592295528833536,6.7243488313499675,0.4108776093494348,12.727521969532939
2020,6,Kegalle,2887.251454237199,2992.4156365041235,199.19748128456203,6.669550859287931,8.01967390583105,0.49002580396002265,15.179250569079004
2020,7,Kegalle,2581.0115344539463,2675.021346811651,178.06935245460295,5.962136644588616,7.169057209455224,0.43805060703832327,13.569244461082164
2020,8,Kegalle,2256.50467208713,2338.6947661550653,155.68094927338308,5.212525792521271,6.2677019732955745,0.3829751352125224,11.863202901029368
2020,9,Kegalle,2202.77837037077,2283.0115574370875,151.97426000496918,5.088418035556479,6.1184709739313945,0.37385667961222424,11.580745689100098
2020,10,Kegalle,2175.91521951259,2255.1699530780984,150.12091537076225,5.026364157074083,6.0438554742493045,0.36929745181207513,11.439517083135462
2020,11,Kegalle,2095.32576693805,2171.6451400011324,144.56088146814145,4.840202521626896,5.820008975203034,0.355619768411628,11.015831265241559
2020,12,Kegalle,2041.5994652216896,2115.9619312831546,140.85419219972758,4.716094764662103,5.670777975838854,0.34650131281132984,10.733374053312287
2020,1,Galle,89.94581516697909,98.04217510297741,12.82159354965248,0.2077748330357217,0.2627530292759795,0.0315411201321451,0.5020689824438462
2020,2,Galle,81.12759799374581,88.43019715170507,11.56457457419635,0.18740475136555282,0.23699292836656963,0.02844885345252302,0.45284653318464546
2020,3,Galle,331.5649657135699,361.4103709678382,47.26391347715031,0.7659150707983464,0.9685797941938065,0.11626922715378975,1.8507640921459427
2020,4,Galle,2727.474571681042,2972.98478032852,388.7959691085796,6.300466260583207,7.967599211280435,0.9564380840071056,15.224503555870749
2020,5,Galle,3973.4886582588992,4331.157264843296,566.4127503405301,9.178758800578057,11.607501469780033,1.393375365837704,22.179635636195794
2020,6,Galle,4738.909908895543,5165.4769510137285,675.5219974101216,10.946881889548704,13.843478228716794,1.6617841136288989,26.452144231894398
2020,7,Galle,4236.271530021249,4617.59420779121,603.8719158091226,9.785787234349087,12.375152476880443,1.4855249128904413,23.64646462411997
2020,8,Galle,3703.6512127579613,4037.0307395343625,527.9479696915726,8.555434301470891,10.819242381952092,1.2987520054412685,20.673428688864252
2020,9,Galle,3615.469041025629,3940.9109600216393,515.3777799370113,8.351733484769202,10.561641372857995,1.2678293386450477,20.181204196272247
2020,10,Galle,3571.3779551594625,3892.851070265278,509.0926850597306,8.249883076418358,10.432840868310945,1.2523680052469373,19.935091949976243
2020,11,Galle,3439.1046975609647,3748.6714009961943,490.2374004278889,7.9443318513658285,10.046439354669802,1.2059840050526065,19.196755211088238
2020,12,Galle,3350.922525828632,3652.5516214834715,477.66721067332765,7.7406310346641405,9.788838345575705,1.175061338256386,18.70453071849623
2020,1,Matara,59.50173859385393,84.81092131370407,11.229270866323068,0.13744901615180258,0.22729326912072692,0.027624006331154742,0.39236629160368425
2020,2,Matara,53.668234810142735,76.49612510647815,10.128361957860017,0.12397362241142973,0.20500961528536146,0.02491577041633564,0.3538990081131268
2020,3,Matara,219.33974226753992,312.63633739169336,41.39417495821051,0.5066748046380173,0.8378653842097383,0.10182967039719786,1.4463698592449532
2020,4,Matara,1804.3027203018646,2571.766466894967,340.51112538762004,4.167939283897307,6.892334131278513,0.8376573684535452,11.897930783629365
2020,5,Matara,2628.5768049402527,3746.6471709759853,496.0695541534484,6.072012419411984,10.041014418215642,1.220331103217483,17.333357940845108
2020,6,Matara,3134.924933366381,4468.371481763191,591.6284474080405,7.241676596076341,11.975235571125353,1.4554059806237798,20.67231814782547
2020,7,Matara,2802.415217694845,3994.428097951316,528.876639625647,6.473579152875093,10.705067302509528,1.3010365334790919,18.47968298886371
2020,8,Matara,2450.0715891586906,3492.2144070348722,462.3817415544791,5.659665370956575,9.35913461085346,1.1374590842240186,16.156259066034053
2020,9,Matara,2391.7365513215786,3409.0664449626133,451.3726524698486,5.524911433552847,9.136298072499805,1.1103767250758276,15.77158623112848
2020,10,Matara,2362.569032403023,3367.492463926484,445.8681079275334,5.457534464850983,9.024879803322978,1.096835545501732,15.579249813675691
2020,11,Matara,2275.0664756473557,3242.7705208180964,429.3544743005878,5.2554035587453924,8.690624995792499,1.056212006779446,15.002240561317336
2020,12,Matara,2216.731437810244,3159.6225587458375,418.3453852159574,5.120649621341665,8.467788457438845,1.029129647631255,14.617567726411764
2020,1,Hambantota,51.01546854703773,72.5563829662053,10.784024239230956,0.11784573234365715,0.19445110634943022,0.026528699628508155,0.33882553832159557
2020,2,Hambantota,46.01395202281832,65.44301208716554,9.726766960874976,0.10629222917271033,0.17538727239360366,0.023927846723752443,0.3056073482900664
2020,3,Hambantota,188.05702131064885,267.462745051894,39.75287366618469,0.43441171922759886,0.7168001567390759,0.09779206921881435,1.249003945185489
2020,4,Hambantota,1546.9690609410557,2200.16561288699,327.00967619550335,3.5734985307738385,5.896443842537133,0.8044438034409384,10.27438617675191
2020,5,Hambantota,2253.6833458132546,3205.2849180953044,476.4001296272027,5.206008528828619,8.590163580495416,1.1719443188829188,14.968116428206955
2020,6,Hambantota,2687.8149801154964,3822.7255103959524,568.1700613885013,6.208852604066797,10.244904367861153,1.3976983510157133,17.851455322943664
2020,7,Hambantota,2402.728538234992,3417.2633702906883,507.90639652221074,5.550302923322832,9.158265832379044,1.2494497354446388,15.958018491146516
2020,8,Hambantota,2100.6369401721413,2987.6157691966882,444.0480569095098,4.852471331797647,8.006810261447125,1.0923582199973942,13.951639813242165
2020,9,Hambantota,2050.621774929947,2916.4820604062907,433.47548412595,4.736936300088178,7.816171921888859,1.0663496909498373,13.619457912926876
2020,10,Hambantota,2025.6141923088503,2880.915206011092,428.18919773417014,4.679168784233444,7.720852752109727,1.0533454264260587,13.45336696276923
2020,11,Hambantota,1950.59144444556,2774.2146428254964,412.3303385588306,4.5058662366692435,7.434895242772331,1.0143326328547235,12.9550941122963
2020,12,Hambantota,1900.576279203366,2703.0809340350993,401.7577657752708,4.390331204959776,7.244256903214066,0.9883241038071664,12.622912211981008
2020,1,Badulla,89.03727322048348,111.03277617325128,4.354361081900813,0.2056761011393169,0.2975678401443134,0.010711728261476,0.5139556695451063
2020,2,Badulla,80.30812878710272,100.14720988175601,3.927462936616418,0.1855117774982073,0.26839452248310613,0.009661558824076388,0.4635678588053898
2020,3,Badulla,328.2158306951155,409.29729256022034,16.05137026269319,0.758178568905717,1.0969167440613905,0.03948637084622525,1.8945816838133327
2020,4,Badulla,2699.9243732446607,3366.905653959472,132.03959633646286,6.236825302195167,9.023307152611386,0.3248174069876987,15.58494986179425
2020,5,Badulla,3933.3524816813583,4905.036170947747,192.36030426514765,9.086044232683939,13.145496938139962,0.47320634849226323,22.704747519316165
2020,6,Badulla,4691.042218498805,5849.90332504953,229.41506327583292,10.83630752473224,15.677740911132743,0.564361055658549,27.07840949152353
2020,7,Badulla,4193.480985796104,5229.426046434304,205.08186899462257,9.686941077189001,14.014861804443935,0.5045013977267715,24.206304279359706
2020,8,Badulla,3666.240662019907,4571.937842427993,179.29722101944517,8.469015929265987,12.25279341770702,0.44107116370783517,21.162880510680843
2020,9,Badulla,3578.9492176861,4463.0821795130405,175.02823956660126,8.267372692854892,11.961060241094948,0.4305694693338391,20.65900240328368
2020,10,Badulla,3535.303495519196,4408.654348055564,172.89374884017928,8.166551074649345,11.815193652788912,0.425318622146841,20.407063349585098
2020,11,Badulla,3404.366329018486,4245.370853683136,166.49027666091342,7.8640862200327035,11.377593887870807,0.40956608058584704,19.651246188489356
2020,12,Badulla,3317.0748846846786,4136.515190768185,162.22129520806948,7.662442983621609,11.085860711258734,0.3990643862118509,19.147368081092193
2020,1,Moneragala,33.742842607867985,50.630925550301676,4.4449197179195465,0.07794596642417503,0.13569088047480848,0.010934502506082086,0.2245713494050656
2020,2,Moneragala,30.434720783567187,45.66710931987993,4.009143274986257,0.0703042050100402,0.12238785297727821,0.009862492456466192,0.2025545504437846
2020,3,Moneragala,124.3853805937094,186.6394902638571,16.385194254291658,0.2873302291714687,0.5001938339071371,0.04030757786555749,0.8278316409441633
2020,4,Moneragala,1023.202080256232,1535.308360069442,134.78565379926624,2.3635968053918956,4.1146264049861045,0.331572708346195,6.809795918724195
2020,5,Moneragala,1490.6396940299326,2236.6955934280327,196.36086518573995,3.443377693209144,5.994344190387127,0.4830477283569204,9.920769611953192
2020,6,Moneragala,1777.7846683792397,2667.5548422286383,234.18626043234937,4.106682583956044,7.14904697717275,0.5760982006635795,11.831827761792374
2020,7,Moneragala,1589.2217243940956,2384.6173170946,209.34700318515195,3.671102183350361,6.390774409813528,0.5149936278354739,10.576870220999362
2020,8,Moneragala,1389.4111662063283,2084.802816777127,183.0261060319813,3.2095397939366186,5.587271548962701,0.45024422083867405,9.247055563737993
2020,9,Moneragala,1356.3299479633204,2035.16465447291,178.6683416026484,3.1331221797952704,5.454241273987399,0.43952412034251515,9.026887574125183
2020,10,Moneragala,1339.7893388418165,2010.3455733208013,176.48945938798195,3.094913372724596,5.387726136499747,0.43416407009443564,8.91680357931878
2020,11,Moneragala,1290.167511477305,1935.8883298644757,169.95281274398266,2.980286951512575,5.188180724036795,0.4180839193501974,8.586551594899566
2020,12,Moneragala,1257.0862932342973,1886.2501675602584,165.59504831464977,2.9038693373712268,5.055150449061492,0.4073638188540385,8.366383605286757
2020,1,Colombo,356.19325807205104,720.222613344071,19.364249186924177,0.822806426146438,1.9301966037621103,0.047636052999833485,2.8006390829083823
2020,2,Colombo,321.27235041792824,649.6125532122991,17.465793384284545,0.7421391294654144,1.7409616426089616,0.04296585172533999,2.5260666237997165
2020,3,Colombo,1313.0261277950112,2654.938260954614,71.3819381792499,3.0330903552064767,7.115234539358366,0.17559956792095477,10.323924462485799
2020,4,Colombo,10801.036737420134,21839.691598756974,587.192379756436,24.950394863440515,58.53037348466869,1.4444932542008329,84.92526160231004
2020,5,Colombo,15735.360988947663,31816.89309537631,855.444184669415,36.34868388446911,85.2692734956085,2.1043926942867617,123.7223500743644
2020,6,Colombo,18766.495773325503,37945.84631481408,1020.2301483385341,43.35060523638192,101.69486812370172,2.5097661649127945,147.55523952499647
2020,7,Colombo,16776.004037040515,33921.072887303104,912.0181675880758,38.7525693255636,90.9084753379723,2.2435646922666668,131.9046093558026
2020,8,Colombo,14666.781214731509,29656.225255344092,797.3514371086424,33.88026460602979,79.47868368432216,1.9614845352872607,115.32043282563923
2020,9,Colombo,14317.572138190282,28950.124654026375,778.3668790822461,33.07359163921956,77.58633407279068,1.9147825225423258,112.57470823455259
2020,10,Colombo,14142.967599919668,28597.074353367516,768.874600069048,32.67025515581444,76.64015926702494,1.8914315161698585,111.20184593900926
2020,11,Colombo,13619.153985107832,27537.923451390947,740.3977630294538,31.460245705599096,73.80163484972773,1.8213784970524567,107.0832590523793
2020,12,Colombo,13269.944908566606,26831.82285007323,721.4132050030574,30.653572738788863,71.90928523819626,1.7746764843075218,104.33753446129266
2020,1,Gampaha,267.39285723795086,327.2840301374327,24.14896960499584,0.6176775002196664,0.8771212007683196,0.05940646522828976,1.554205166216276
2020,2,Gampaha,241.17787123423008,295.1973605161156,21.78142356529036,0.5571208825510714,0.79112892618319,0.053582301970614275,1.401832110704876
2020,3,Gampaha,985.6834737398971,1206.4587777615163,89.01973109292584,2.276928824339162,3.233309524400864,0.2189885384885975,5.7292268872286245
2020,4,Gampaha,8108.2951709508025,9924.406913873325,732.2819900809033,18.73016184489635,26.59741052918051,1.8014136955990216,47.128986069675896
2020,5,Gampaha,11812.472693276533,14458.253331365408,1066.8162454912867,27.28681192146879,38.74811892805929,2.6243679639085653,68.65929881343666
2020,6,Gampaha,14087.933478399484,17243.37625449571,1272.3192417377215,32.5431263351028,46.212248362048506,3.1299053346747945,81.88528003182611
2020,7,Gampaha,12593.679276187408,15414.43608608065,1137.3691174745097,29.091399127992908,41.31068871069614,2.7979280289872936,73.20001586767636
2020,8,Gampaha,11010.29412156268,13476.401240953108,994.3693366762991,25.433779420809785,36.116755325754326,2.4461485682236956,63.996683314787816
2020,9,Gampaha,10748.144261525473,13155.534544739938,970.6938762792444,24.828213244123837,35.25683257990303,2.387906935646941,62.472952759673824
2020,10,Gampaha,10617.06933150687,12995.101196633354,958.8561460807169,24.525430155780864,34.82687120697739,2.3587861193585633,61.711087482116824
2020,11,Gampaha,10223.84454145106,12513.801152313601,923.342955485135,23.617080890751946,33.536987088200455,2.271423670493432,59.42549164944584
2020,12,Gampaha,9961.694681413854,12192.934456100433,899.6674950880803,23.011514714066,32.677064342349155,2.213182037916677,57.901761094331846
2020,1,Kalutara,109.56866282964063,121.02142117638226,13.372491918766448,0.25310361113646984,0.3243374087527045,0.03289633012016546,0.6103373500093398
2020,2,Kalutara,98.82663706202877,109.1565759630114,12.061463299279536,0.22828953161328644,0.2925396235808706,0.029671199716227656,0.5505003549103846
2020,3,Kalutara,403.90016886220457,446.11818002274237,49.29467609270768,0.9330093900716926,1.1955967224609498,0.12126490318806088,2.2498710157207027
2020,4,Kalutara,3322.5085699223373,3669.796624495591,405.50115200730016,7.6749947965206,9.835054953648186,0.9975328339379583,18.507582584106743
2020,5,Kalutara,4840.356810885888,5346.299253144886,590.7494959408001,11.181224233146402,14.328081998428297,1.4532437600143682,26.962549991589064
2020,6,Kalutara,5772.764647514593,6376.1678176654705,704.5467801122634,13.335086335758708,17.088129751343462,1.7331850790761676,32.156401166178334
2020,7,Kalutara,5160.46917876072,5699.871640503336,629.8181488015098,11.920683802937264,15.275655996548943,1.549352646051714,28.745692445537916
2020,8,Kalutara,4511.650822396966,4983.234989615738,550.6320201845007,10.42191339973699,13.355069772170182,1.3545547696538716,25.131537941561042
2020,9,Kalutara,4404.230564720848,4864.5865374820305,537.5217339896316,10.173772604505157,13.037091920451845,1.3223034656144936,24.533167990571492
2020,10,Kalutara,4350.520435882788,4805.262311415177,530.966590892197,10.04970220688924,12.878102994592675,1.3061778135948046,24.233983015076717
2020,11,Kalutara,4189.3900493686115,4627.289633214616,511.30116159989353,9.677491014041493,12.401136217015171,1.257800857535738,23.3364280885924
2020,12,Kalutara,4081.9697916924933,4508.641181080907,498.1908754050244,9.42935021880966,12.083158365296834,1.22554955349636,22.73805813760285
2020,1,Total,2026.5211344636305,2666.756621611064,286.33158840534423,4.681263820610986,7.146907745917652,0.7043757074771468,12.532547274005784
2020,2,Total,1827.842591869156,2405.309894002135,258.259864051879,4.2223163872177505,6.4462305159257225,0.6353192655676224,11.303866168711096
2020,3,Total,7470.313201552204,9830.396958095684,1055.4968356902882,17.256423495585594,26.345463847696436,2.5965222157981094,46.19840955908014
2020,4,Total,61451.273224470664,80865.47284944137,8682.584342526761,141.95244114852724,216.7194672365029,21.35915748261583,380.03106586764596
2020,5,Total,89524.55129306977,117807.89546058286,12649.118993671382,206.8017134869912,315.7251598343621,31.1168327244316,553.6437060457849
2020,6,Total,106769.84879027004,140501.47141703777,15085.74466755215,246.6383507055238,376.5439433976612,37.110931882178285,660.2932259853633
2020,7,Total,95445.17186238508,125599.0079433289,13485.656379404641,220.47834700210953,336.6053412881215,33.17471469333542,590.2584029835664
2020,8,Total,83444.98788967887,109807.62559574966,11790.124228455346,192.7579220251582,294.2844365966091,29.003705602000156,516.0460642237674
2020,9,Total,81458.20246373414,107193.15831966038,11509.406984920695,188.16844769122585,287.27766429668986,28.313141182904914,503.7592531708206
2020,10,Total,80464.80975076176,105885.92468161574,11369.04836315337,185.87371052425968,283.7742781467302,27.96785897335729,497.6158476443472
2020,11,Total,77484.63161184468,101964.22376748185,10947.972497851395,178.98949902336122,273.26411969685137,26.932012344714433,479.185631064927
2020,12,Total,75497.84618589995,99349.75649139256,10667.255254316744,174.40002468942888,266.2573473969321,26.24144792561919,466.89882001198015
2021,1,Kandy,111.60810955997746,125.00340689626069,8.407432334685533,0.2578147330835479,0.3350091304819787,0.020682283543326404,0.6135061471088532
2021,2,Kandy,100.66613803448944,112.74817092603901,7.583174262657535,0.23253877885967056,0.3021650980817846,0.018654608686137535,0.5533584856275928
2021,3,Kandy,411.4181293583482,460.79687248033343,30.992103508252544,0.9503758788177842,1.234935618247294,0.07624057463030125,2.26155207169538
2021,4,Kandy,3384.3517928334336,3790.5444855895516,254.9430216782583,7.8178526414452305,10.15865922138,0.6271598333285153,18.60367169615375
2021,5,Kandy,4930.452369384886,5522.209328181869,371.41068725581374,11.389344973279085,14.799520999527411,0.9136702906493016,27.102536263455804
2021,6,Kandy,5880.215497797241,6585.963810397105,442.95628790784343,13.583297799911625,17.650383011864243,1.0896724682532946,32.323353280029174
2021,7,Kandy,5256.5231208444275,5887.415360094473,395.9735778022479,12.142568409150625,15.77827316505319,0.9740950013935297,28.894936575597352
2021,8,Kandy,4595.628040704953,5147.199107493086,346.1883902517571,10.61590077402844,13.794493608081472,0.8516234400193223,25.26201782212924
2021,9,Kandy,4486.208325450073,5024.646747790869,337.94580953147715,10.363141231789667,13.466053284079532,0.8313466914474337,24.66054120731664
2021,10,Kandy,4431.498467822633,4963.370567939761,333.8245191713372,10.23676146067028,13.301833122078563,0.8212083171614893,24.35980289991034
2021,11,Kandy,4267.368894940314,4779.542028386438,321.46064809091735,9.857622147312124,12.809172636075655,0.7907931943036566,23.457587977691443
2021,12,Kandy,4157.9491796854345,4656.989668684221,313.2180673706374,9.604862605073352,12.480732312073714,0.7705164457317679,22.856111362878842
2021,1,Matale,41.91456975804376,55.65338793198994,4.742241947862777,0.09682265614108108,0.14915107965773305,0.01166591519174243,0.2576396509905565
2021,2,Matale,37.8052982131375,50.19717342885365,4.277316266699757,0.08733023887234762,0.1345284247893278,0.010522198016081402,0.2323808616777568
2021,3,Matale,154.50861008847502,205.15366531792367,17.481205611729447,0.35691488930437726,0.5498118230520355,0.04300376580485444,0.9497304781612671
2021,4,Matale,1270.9976888395033,1687.607145820048,143.80151318372123,2.9360046612192527,4.522787150797728,0.3537517224319542,7.812543534448935
2021,5,Matale,1851.6377581347567,2458.5702551132026,209.49551193205556,4.277283221291287,6.588968283703383,0.5153589593528567,11.381610464347526
2021,6,Matale,2208.3225282326184,2932.1696739854297,249.85106105700538,5.101225040217348,7.858214726280952,0.6146336102002332,13.574073376698532
2021,7,Matale,1974.0940501729626,2621.165447306663,223.35029723071347,4.560157255899544,7.024723398781857,0.5494417311875551,12.134322385868956
2021,8,Matale,1725.8940488606252,2291.610091317232,195.2687860884672,3.9868152528680434,6.141515044730183,0.4803612137776293,10.608691511375854
2021,9,Matale,1684.8013334115626,2237.04794628587,190.61952927683703,3.891891080180709,5.995288496046131,0.46892404202101906,10.356103618247857
2021,10,Matale,1664.2549756870312,2209.7668737701883,188.29490087102195,3.8444289938370417,5.922175221704105,0.46320545614271397,10.22980967168386
2021,11,Matale,1602.615902513438,2127.9236562231445,181.32101565357672,3.702042734806041,5.702835398678028,0.44604969850779874,9.850927831991866
2021,12,Matale,1561.5231870643754,2073.361511191782,176.67175884194654,3.6071185621187065,5.556608849993976,0.4346125267511885,9.59833993886387
2021,1,Nuwara Eliya,28.14448316358589,50.36923865655518,5.562087165967866,0.06501375610788342,0.1349895595995679,0.01368273442828095,0.21368605013573222
2021,2,Nuwara Eliya,25.385220108332362,45.43107800395171,5.016784502637681,0.058639858450247766,0.12175528905059062,0.012341289876488696,0.19273643737732704
2021,3,Nuwara Eliya,103.74829087753228,185.67484053788965,20.503380141214876,0.2396585519270996,0.49760857264154434,0.05043831514738859,0.7877054397160324
2021,4,Nuwara Eliya,853.4400629899133,1527.3730898502465,168.66211376802556,1.9714465455066998,4.093359880798662,0.4149087998693429,6.479715226174703
2021,5,Nuwara Eliya,1243.3239326972355,2225.135190063114,245.7133800965804,2.8720782845306143,5.963362309369146,0.6044549150375879,9.439895508937346
2021,6,Nuwara Eliya,1482.8279658932404,2653.7675347090926,293.0456512736402,3.425332601213386,7.112096993020369,0.7208923021331549,11.258321896366907
2021,7,Nuwara Eliya,1325.5499717437901,2372.2923775106965,261.9633994638198,3.0620204347281557,6.357743571728668,0.6444299626809968,10.064193969137818
2021,8,Nuwara Eliya,1158.8904832064775,2074.027474093448,229.0271185986768,2.6770370162069637,5.558393630570442,0.5634067117527449,8.798837358530148
2021,9,Nuwara Eliya,1131.2978526539423,2024.6458675674135,223.57409196537495,2.613298039630607,5.426050925080669,0.5499922662348223,8.589341230946097
2021,10,Nuwara Eliya,1117.5015373776748,1999.9550643043963,220.84757864872404,2.581428551342429,5.359879572335783,0.5432850434758612,8.48459316715407
2021,11,Nuwara Eliya,1076.1125915488722,1925.882654515345,212.66803869877134,2.485820086477895,5.161365514101125,0.5231633751989775,8.170348975777996
2021,12,Nuwara Eliya,1048.519960996337,1876.5010479893103,207.2150120654695,2.422081109901539,5.029022808611353,0.509748929681055,7.9608528481939445
2021,1,Batticaloa,72.26993251559252,85.86895790682416,15.175174233160885,0.16694354411101872,0.23012880719028878,0.03733092861357577,0.4344032799148833
2021,2,Batticaloa,65.18464501406382,77.45043262184137,13.687412053439223,0.1505765299824874,0.2075671594265349,0.033671033651460486,0.3918147230604828
2021,3,Batticaloa,266.40681005747825,316.5365507153517,55.93985795753423,0.6153997312327748,0.8483179559171428,0.1376120505755342,1.6013297377254518
2021,4,Batticaloa,2191.47942422282,2603.8498706451674,460.16484218790794,5.062317469954714,6.97831765332905,1.1320055117822534,13.172640635066019
2021,5,Batticaloa,3192.630548188822,3793.3874934132314,670.3856381825778,7.374976566316179,10.166278482347462,1.6491486699291413,19.190403718592783
2021,6,Batticaloa,3807.63350332151,4524.115488149733,799.5233953824172,8.79563339267269,12.124629508241288,1.9668275526407464,22.887090453554723
2021,7,Batticaloa,3403.7721157343763,4044.2595469057173,714.7209511382831,7.86271358734641,10.838615585707323,1.7582135398001764,20.45954271285391
2021,8,Batticaloa,2975.820750642044,3535.7806196927586,624.860115483095,6.874145933983122,9.475892060776594,1.5371558840884139,17.88719387884813
2021,9,Batticaloa,2904.967875626757,3451.5953668429306,609.9824936858785,6.710475792697809,9.250275583139056,1.5005569344672611,17.461308310304126
2021,10,Batticaloa,2869.541438119114,3409.502740418017,602.5436827872702,6.628640722055153,9.137467344320287,1.4822574596566847,17.248365526032124
2021,11,Batticaloa,2763.2621255961844,3283.2248611432765,580.2272500914455,6.383135510127186,8.799042627863981,1.4273590352249559,16.609537173216125
2021,12,Batticaloa,2692.4092505808976,3199.0396082934485,565.349628294229,6.219465368841873,8.573426150226444,1.3907600856038032,16.18365160467212
2021,1,Ampara,52.98912221488153,71.00309744026163,13.439031418350107,0.12240487231637635,0.19028830113990117,0.033060017289141264,0.34575319074541877
2021,2,Ampara,47.79411023303038,64.04200945592223,12.121479318511856,0.1104043946383002,0.17163258534187156,0.029818839123539165,0.3118558191037109
2021,3,Ampara,195.33245051760247,261.7369082111604,49.53995895391803,0.4512179606956617,0.70145491400591,0.12186829902663836,1.2745411737282102
2021,4,Ampara,1606.8172059865547,2153.064513556168,407.51886447996935,3.711747745828941,5.7702128963305315,1.0024964066207247,10.484457048780197
2021,5,Ampara,2340.872399022119,3136.6662457433217,593.6889761871134,5.407415241741096,8.406265538592104,1.460474881420299,15.274155661753499
2021,6,Ampara,2791.7994390467966,3740.8886827839783,708.052498453073,6.4490567041981,10.025581669861063,1.7418091461945595,18.216447520253723
2021,7,Ampara,2495.683756081283,3344.106667676635,632.9520287622931,5.765029476547763,8.962205869373381,1.557061990755241,16.284297336676385
2021,8,Ampara,2181.9050323774745,2923.6569534225364,553.371881932063,5.040200624791966,7.835400635172398,1.361294829552875,14.23689608951724
2021,9,Ampara,2129.954912558963,2854.0460735791426,540.1963609336806,4.920195848011205,7.648843477192103,1.3288830478968543,13.897922373100162
2021,10,Ampara,2103.9798526497075,2819.240633657446,533.6086004344894,4.860193459620824,7.555564898201955,1.3126771570688438,13.728435514891624
2021,11,Ampara,2026.054672921941,2714.824313892356,513.8453189369158,4.680186294449683,7.2757291612315145,1.2640594845848128,13.21997494026601
2021,12,Ampara,1974.1045531034295,2645.213434048962,500.6697979385333,4.560181517668922,7.089172003251218,1.231647702928792,12.881001223848934
2021,1,Trincomalee,33.47809086105732,68.29639677967488,19.788813009556197,0.07733438988904243,0.1830343433695287,0.048680480003508254,0.30904921326207935
2021,2,Trincomalee,30.195925090365414,61.60067160519693,17.848733302736957,0.06975258695874412,0.16508979990192776,0.04390788392473292,0.27875027078540476
2021,3,Trincomalee,123.40943297801519,251.7592665603701,72.94699697640323,0.28507579017921514,0.6747148343817919,0.17944961256195194,1.1392402371229589
2021,4,Trincomalee,1015.1738728750028,2070.987796466023,600.0666533191893,2.3450516463412567,5.550247294528943,1.4761639671652058,9.371462908035404
2021,5,Trincomalee,1478.9438962737672,3017.0937636197546,874.1999158927472,3.416360400392403,8.085811286500943,2.1505317930961585,13.652703479989503
2021,6,Trincomalee,1763.835885169823,3598.2827087644378,1042.5988344446564,4.074460894742292,9.643397659488693,2.5647931327338553,16.28265168696484
2021,7,Trincomalee,1576.7524362403856,3216.6263738191965,932.0142911559603,3.6422981277152915,8.620558681835448,2.2927551562436626,14.5556119657944
2021,8,Trincomalee,1378.5096236905952,2812.2045732807296,814.8334768640785,3.184357230725275,7.536708256392355,2.0044903530856333,12.725555840203263
2021,9,Trincomalee,1345.6879659836761,2745.2473215359505,795.4326797958861,3.1085392014222926,7.357262821716347,1.9567643922978801,12.422566415436519
2021,10,Trincomalee,1329.2771371302167,2711.7686956635607,785.7322812617899,3.070630186770801,7.267540104378343,1.9329014119040036,12.271071703053146
2021,11,Trincomalee,1280.0446505698385,2611.3328180463923,756.6310856595015,2.9569031428163277,6.998371952364332,1.861312470722374,11.816587565903031
2021,12,Trincomalee,1247.2229928629197,2544.3755663016127,737.2302885913092,2.8810851135133446,6.818926517688323,1.813586509934621,11.513598141136287
2021,1,Anuradhapura,165.40929528388668,133.1037658490953,8.913807322338677,0.3820954721057782,0.35671809247557534,0.021927966012953146,0.7607415305943068
2021,2,Anuradhapura,149.192697707035,120.05437704036042,8.03990464367802,0.3446351317032508,0.3217457304681659,0.019778165423447926,0.6861590275948648
2021,3,Anuradhapura,609.7440688896214,490.65701920842963,32.85874071764061,1.4085087991350251,1.3149608114785913,0.08083250216539589,2.804302112779013
2021,4,Anuradhapura,5015.79363052021,4036.1759585416835,270.29809850974044,11.586483286501684,10.81695156889171,0.6649333223339614,23.06836817772736
2021,5,Anuradhapura,7307.198868129347,5880.054597215915,393.7805470044909,16.879629385378788,15.75854632053865,0.9687001456310477,33.606875851548494
2021,6,Anuradhapura,8714.799537800065,7012.741545814097,469.6352995122356,20.131186932318148,18.794147342781777,1.1553028368000995,40.08063711190003
2021,7,Anuradhapura,7790.453475919525,6268.9263837162125,419.8228468285784,17.9959475293741,16.800722708359448,1.0327642031983029,35.829434440931855
2021,8,Anuradhapura,6810.970982277685,5480.743299668628,367.03912503747483,15.73334296906145,14.688392043111923,0.902916247592188,31.32465125976557
2021,9,Anuradhapura,6648.805006509169,5350.24941158128,358.3000982508683,15.358739565036178,14.338668423037829,0.8814182416971359,30.57882622977115
2021,10,Anuradhapura,6567.722018624911,5285.002467537605,353.930584857565,15.171437863023542,14.163806613000782,0.8706692387496099,30.20591371477394
2021,11,Anuradhapura,6324.473054972137,5089.261635406584,340.82204467765524,14.609532756985635,13.639221182889646,0.838422229907032,29.087176169782317
2021,12,Anuradhapura,6162.307079203621,4958.767747319236,332.0830178910487,14.234929352960362,13.289497562815551,0.8169242240119798,28.3413511397879
2021,1,Polonnaruwa,38.02218372726484,63.124485480263765,4.436809415627547,0.08783124440998176,0.16917362108710693,0.010914551162443763,0.26791941665953245
2021,2,Polonnaruwa,34.294518655964346,56.93581043317906,4.001828100369942,0.07922033809527763,0.15258797196091992,0.009844497126910058,0.2416528071831076
2021,3,Polonnaruwa,140.1602066808978,232.694181770384,16.355297453685854,0.3237700774328739,0.6236204071446293,0.0402340317360672,0.9876245163135704
2021,4,Polonnaruwa,1152.9668065532364,1914.157192063292,134.53972080917646,2.6633533231379762,5.129941274729624,0.3309677131905741,8.124262311058175
2021,5,Polonnaruwa,1679.6858811279935,2788.6169762163577,196.00258065507572,3.8800743854056643,7.47349349625984,0.4821663484114862,11.83573423007699
2021,6,Polonnaruwa,2003.247209316874,3325.793970303307,233.75895881943555,4.6275010535219785,8.913127840412864,0.5750470386958114,14.115675932630655
2021,7,Polonnaruwa,1790.7703002527473,2973.039492619481,208.96502384975224,4.136679393583846,7.967745840220211,0.5140539586703905,12.618479192474448
2021,8,Polonnaruwa,1565.6193299461986,2599.243519775566,182.69215240819304,3.6165806521757187,6.965972632998518,0.4494226949241548,11.031975980098393
2021,9,Polonnaruwa,1528.3426792331938,2537.356769304719,178.34233925561702,3.5304715890286777,6.800116141736648,0.4387221545688178,10.769309885334144
2021,10,Polonnaruwa,1509.7043538766916,2506.4133940692955,176.167432679329,3.4874170574551573,6.717187896105714,0.43337188439114926,10.63797683795202
2021,11,Polonnaruwa,1453.7893778071848,2413.583268363026,169.642712950465,3.3582534627345964,6.468403159212911,0.4173210738581439,10.243977695805652
2021,12,Polonnaruwa,1416.51272709418,2351.696517892179,165.29289979788896,3.2721443995875554,6.302546667951042,0.4066205335028068,9.981311601041403
2021,1,Jaffna,48.120880270130826,63.899326949080155,26.717308872365876,0.1111592334240022,0.17125019622353482,0.06572457982602006,0.3481340094735571
2021,2,Jaffna,43.403146910314064,57.63468705211149,24.097964865271173,0.10026126936282548,0.15446096129965878,0.05928099356856709,0.31400322423105137
2021,3,Jaffna,177.38677432910967,235.5504601260209,98.48733466676047,0.40976344870024334,0.631275233137736,0.24227884328023078,1.28331752511821
2021,4,Jaffna,1459.1949281913198,1937.6531201324008,810.1631013943887,3.3707402841219487,5.1929103619548345,1.9930012294301964,10.55665187550698
2021,5,Jaffna,2125.8106519334265,2822.8467375740697,1180.276409596869,4.910622605966214,7.565229256698507,2.903479967608298,15.37933183027302
2021,6,Jaffna,2535.309907565519,3366.617480630947,1407.6354694126878,5.856565886476349,9.022534848090938,3.4627832547552124,18.3418839893225
2021,7,Jaffna,2266.399106055965,3009.533006503735,1258.3328610082906,5.235381934989279,8.06554845743001,3.0954988380803954,16.396429230499685
2021,8,Jaffna,1981.4480111230334,2631.148756726829,1100.124482979771,4.577144905694207,7.051478668027902,2.706306228130237,14.334929801852347
2021,9,Jaffna,1934.270677524866,2568.5023577571424,1073.931042908824,4.46816526508244,6.883586318789142,2.6418703655557074,13.99362194942729
2021,10,Jaffna,1910.6820107257822,2537.1791582722994,1060.8343228733506,4.4136754447765565,6.7996401441697625,2.6096524342684426,13.822968023214761
2021,11,Jaffna,1839.9160103285315,2443.2095598177702,1021.5441627669305,4.2502059838589075,6.547801620311624,2.512998640406649,13.31100624457718
2021,12,Jaffna,1792.738676730364,2380.563160848084,995.3507226959836,4.141226343247141,6.379909271072864,2.4485627778321195,12.969698392152125
2021,1,Mannar,8.847143478215415,15.72200662515536,13.8730671220528,0.020436901434677607,0.04213497775541637,0.03412774512024988,0.09669962431034386
2021,2,Mannar,7.979776470547233,14.180633426610711,12.512962502243697,0.01843328364696411,0.038004097583316715,0.030781887755519488,0.0872192689858003
2021,3,Mannar,32.61299948832348,57.955632265278574,51.13993370482208,0.07533602881802724,0.15532109447094658,0.12580423691386228,0.3564613602028361
2021,4,Mannar,268.2766154717674,476.7467303098581,420.680358906954,0.6197189817397827,1.2776812372304198,1.0348736829111065,2.9322739018813087
2021,5,Mannar,390.83557365528094,694.5427632642162,612.8631416859795,0.9028301751436989,1.8613746055480995,1.5076433285475093,4.271848109239308
2021,6,Mannar,466.1230299208786,828.3339568978909,730.920222685409,1.0767441991172295,2.2199350044863477,1.7980637478061057,5.094742951409683
2021,7,Mannar,416.6831104837926,740.4756845808464,653.3942593562906,0.9625379852175608,1.9844748346766687,1.6073498780164743,4.554362697910704
2021,8,Mannar,364.2941432206346,647.37674338875,571.243940319821,0.8415194708396659,1.7349696722818502,1.4052600931867594,3.9817492363082754
2021,9,Mannar,355.62047314395284,631.9630114033035,557.64289412173,0.821483292962531,1.6936608705608536,1.3718015195394555,3.88694568306284
2021,10,Mannar,351.28363810561194,624.2561454105803,550.8423710226846,0.8114652040239635,1.6730064697003553,1.3550722327158036,3.8395439064401224
2021,11,Mannar,338.2731329905893,601.1355474324108,530.4408017255482,0.7814109372082614,1.611043267118861,1.3048843722448482,3.6973385765719704
2021,12,Mannar,329.59946291390753,585.7218154469643,516.8397555274572,0.7613747593311264,1.5697344653978647,1.2714257985975443,3.6025350233265354
2021,1,Mulalativu,9.574733986262395,16.059086447198688,5.771067319602498,0.02211763550826613,0.043038351678492494,0.014196825606222147,0.07935281279298077
2021,2,Mulalativu,8.636034575844509,14.484666207277241,5.205276405915977,0.019949239870200818,0.038818905435503016,0.012804979958553304,0.07157312526425715
2021,3,Mulalativu,35.29509783171235,59.19820102104613,21.273738354613126,0.08153167599125552,0.15865117873640366,0.052333396352348294,0.2925162510800075
2021,4,Mulalativu,290.3397276422508,486.9681802077013,174.99912960324042,0.6706847708535993,1.3050747229566397,0.4304978588239715,2.406257352634211
2021,5,Mulalativu,422.9779543342975,709.4337601086007,254.94538570714562,0.9770790745122272,1.9012824770910504,0.6271656488395783,3.5055272004428564
2021,6,Mulalativu,504.4570631585695,846.0934369337815,304.0560370151354,1.1652958158962954,2.267530410982535,0.7479778510572331,4.180804077936064
2021,7,Mulalativu,450.9511967647503,756.3514832582596,271.80595493500385,1.0416972645265732,2.0270219751321363,0.6686426491401096,3.7373618887988194
2021,8,Mulalativu,394.25375237551026,661.2565007670046,237.6321837483381,0.9107261679874287,1.7721674220555728,0.5845751720209118,3.2674687620639133
2021,9,Mulalativu,384.86675827133143,645.5122983677902,231.97427461147288,0.8890422116067755,1.729972959625678,0.5706567155442234,3.189671886776677
2021,10,Mulalativu,380.173261219242,637.640197168183,229.1453200430403,0.878200233416449,1.7088757284107308,0.5636974873058792,3.1507734491330592
2021,11,Mulalativu,366.0927700629739,614.0238935693615,220.65845633774254,0.8456742988454696,1.6455840347658892,0.5428198025908467,3.0340781362022056
2021,12,Mulalativu,356.7057759587951,598.2796911701471,215.00054720087735,0.8239903424648165,1.6033895723359946,0.5289013461141583,2.95628126091497
2021,1,Vavuniya,17.38182477506096,34.39205147683804,4.653827267478894,0.04015201523039082,0.09217069795792596,0.01144841507799808,0.1437711282663148
2021,2,Vavuniya,15.677724306917721,31.020281724206846,4.197569692235864,0.036215543148979935,0.08313435502087435,0.010326021442900225,0.1296759196127545
2021,3,Vavuniya,64.07417760218549,126.77854269893236,17.15528482913788,0.14801135026104847,0.3397664944331387,0.042202000679679184,0.5299798453738662
2021,4,Vavuniya,527.0782747967014,1042.888384488824,141.1204680226688,1.2175508147803802,2.7949408704300485,0.3471563513357653,4.359648036546193
2021,5,Vavuniya,767.8676709453399,1519.3194505356096,205.58966340450877,1.7737743198837352,4.0717761274354345,0.5057505719750915,6.351301019294259
2021,6,Vavuniya,915.7835915801721,1811.9890650639954,245.1928209356036,2.1154600965501977,4.856130694371508,0.6031743395015848,7.574765130423288
2021,7,Vavuniya,818.6498648960081,1619.7981891640186,219.186139146751,1.8910811879097789,4.34105914695957,0.5391979023010075,6.7713382371703545
2021,8,Vavuniya,715.7221966201569,1416.1432961050953,191.62818160207206,1.6533182741925625,3.7952640335616556,0.47140532674109725,5.919987634495314
2021,9,Vavuniya,698.6811919387246,1382.4255985787836,187.06560584964177,1.613953553378454,3.70490060419114,0.46018139039011874,5.779035547959711
2021,10,Vavuniya,690.1606895980084,1365.5667498156276,184.78431797342662,1.5942711929713995,3.659718889505882,0.4545694222146295,5.70855950469191
2021,11,Vavuniya,664.5991825758601,1314.9902035261603,177.94045434478122,1.535224111750237,3.5241737454501094,0.4377335176881618,5.4971313748885064
2021,12,Vavuniya,647.5581778944278,1281.2725059998484,173.37787859235092,1.4958593909361282,3.433810316079594,0.4265095813371833,5.356179288352903
2021,1,Killinochchi,10.628177912023663,18.851314823826282,6.205103023305193,0.024551090976774666,0.050521523727854435,0.015264553437330774,0.09033716814195987
2021,2,Killinochchi,9.586199685354673,17.003146703843306,5.596759589647819,0.022144121273169295,0.04556843316630006,0.013768028590533634,0.081480583030003
2021,3,Killinochchi,39.178381322753886,69.4911213113596,22.873713105517176,0.09050206085556149,0.18623620511444375,0.056269334239572255,0.3330076002095775
2021,4,Killinochchi,322.2838655087175,571.6383995107321,188.1606240302251,0.7444757293251375,1.5319909106887621,0.46287513511435374,2.7393417751282536
2021,5,Killinochchi,469.5153889370453,832.7845548643256,274.11955120601175,1.0845805484445747,2.2318626070363927,0.6743340959667888,3.9907772514477564
2021,6,Killinochchi,559.9590990119132,993.205547678847,326.9237612474715,1.2935055187175195,2.66179086777931,0.8042324526687799,4.759528839165609
2021,7,Killinochchi,500.56634009178106,887.859964839818,292.2481855290014,1.1563082456120144,2.379464705770712,0.7189305364013434,4.25470348778407
2021,8,Killinochchi,437.6308552009742,776.2306103928466,255.5042421360961,1.0109272755142507,2.080298035852829,0.6285404356547964,3.719765747021876
2021,9,Killinochchi,427.21107293428435,757.7489291930169,249.42080779952238,0.986857578478197,2.0307671302372854,0.613575187186825,3.6311998959023075
2021,10,Killinochchi,422.00118180093943,748.5080885931021,246.37909063123553,0.9748227299601702,2.0060016774295137,0.6060925629528394,3.586916970342523
2021,11,Killinochchi,406.3715084009047,720.7855667933577,237.253939126375,0.93871818440609,1.9317053190061988,0.5836446902508825,3.454068193663171
2021,12,Killinochchi,395.9517261342148,702.3038855935281,231.17050478980127,0.9146484873700365,1.8821744133906553,0.5686794417829112,3.3655023425436026
2021,1,Kurunegala,193.93494172923974,198.9928089743264,13.254675849252141,0.44798971539454374,0.5333007280511948,0.032606502589160265,1.0138969460348985
2021,2,Kurunegala,174.92171214794163,179.4837100552747,11.955197824815652,0.4040691550617452,0.4810163429481363,0.0294097866490465,0.9144952846589278
2021,3,Kurunegala,714.8974322568051,733.5421193563403,48.86037371881181,1.6514130685132198,1.9658928798749922,0.12019651934827703,3.7375024677364883
2021,4,Kurunegala,5880.791909495474,6034.164295662661,401.9285529582046,13.584629310934545,16.171560312375934,0.9887442402771832,30.744933863587658
2021,5,Kurunegala,8567.361249332884,8790.799972924653,585.5447978110799,19.790604485958962,23.559343927438075,1.4404402026152563,44.79038861601228
2021,6,Kurunegala,10217.709576989548,10484.18975909833,698.3394903321665,23.602909122845855,28.097628554383526,1.7179151462171294,53.4184528234465
2021,7,Kurunegala,9133.955490855564,9372.17112071239,624.269242939287,21.09943718387635,25.117418603509208,1.535702337630646,47.75255812501619
2021,8,Kurunegala,7985.556424145163,8193.821546001673,545.7807702633233,18.446635339775327,21.959441743284486,1.3426206948477752,41.74869777790758
2021,9,Kurunegala,7795.424128332183,7998.730556811157,532.7859900189585,18.007429736447342,21.4365978922539,1.3106535354466378,40.754681164147875
2021,10,Kurunegala,7700.357980425692,7901.185062215898,526.2885998967761,17.78782693478335,21.17517596673861,1.294669955746069,40.25767285726802
2021,11,Kurunegala,7415.159536706225,7608.548578430126,506.7964295302289,17.129018529791377,20.39091019019274,1.246719216644363,38.76664793662847
2021,12,Kurunegala,7225.027240893244,7413.45758923961,493.8016492858641,16.689812926463393,19.868066339162155,1.2147520572432253,37.77263132286877
2021,1,Puttalam,80.11530330323423,105.14374926691899,37.71288003283415,0.18506635063047108,0.28178524803534294,0.09277368488077199,0.5596252835465859
2021,2,Puttalam,72.26086180291712,94.83553855447592,34.01553885314451,0.16692259076473856,0.2541592433259955,0.08367822557873549,0.5047600596694695
2021,3,Puttalam,295.3270004119222,387.58872278785816,139.0200283563298,0.6822053709515403,1.0387377770714599,0.3419892697565712,2.0629324177795714
2021,4,Puttalam,2429.3787560480732,3188.3295733586315,1143.587626878,5.611864926471049,8.544723256601133,2.8132255621198796,16.96981374519206
2021,5,Puttalam,3539.2113400428766,4644.879747026833,1666.0219355681438,8.175578195499044,12.448277722031913,4.098413961497633,24.722269879028588
2021,6,Puttalam,4220.976862270398,5539.632436866887,1986.9511499652024,9.75045655184462,14.846214930803256,4.887899828914397,29.48457131156227
2021,7,Puttalam,3773.273696752325,4952.064426257634,1776.2027027228942,8.71626223949787,13.271532662370461,4.369458648698319,26.35725355056665
2021,8,Puttalam,3298.8654301331735,4329.448499226075,1552.883295469641,7.6203791436076305,11.602921977925881,3.8200929068553164,23.04339402838883
2021,9,Puttalam,3220.3210151300027,4226.366392101644,1515.9098836727449,7.438941544950306,11.326661930832408,3.7291383138349516,22.494741789617663
2021,10,Puttalam,3181.048807628417,4174.825338539429,1497.4231777742966,7.348222745621643,11.188531907285672,3.683661017324769,22.220415670232082
2021,11,Puttalam,3063.2321851236616,4020.2021778527846,1441.9630600789526,7.076066347635658,10.774141836645464,3.547229127794223,21.397437312075343
2021,12,Puttalam,2984.6877701204908,3917.120070728354,1404.9896482820564,6.8946287489783336,10.49788178955199,3.456274534773858,20.84878507330418
2021,1,Ratnapura,78.2699774084714,108.0365984859476,5.224503840865771,0.18080364781356895,0.28953808394233954,0.012852279448529794,0.4831940112044382
2021,2,Ratnapura,70.59645021156241,97.4447751049723,4.71229758195736,0.1630777999887092,0.26115199728132577,0.011592252051615104,0.43582204932165003
2021,3,Ratnapura,288.5246226037769,398.25255912466946,19.25895533495617,0.6664918782147246,1.0673168584541142,0.04737703012399217,1.7811857667928308
2021,4,Ratnapura,2373.421962003941,3276.0509717356454,158.42539588037084,5.482604732229104,8.77981660425153,0.38972647386571224,14.652147810346346
2021,5,Ratnapura,3457.691354927177,4772.675615467449,230.80014026412903,7.98726702988178,12.790770649452764,0.5677683450497573,21.3458060243843
2021,6,Ratnapura,4123.753515618874,5692.045884936098,275.25964353737885,9.5258706210796,15.254682971628746,0.6771387231019518,25.457692315810295
2021,7,Ratnapura,3686.3624653950637,5088.311952220511,246.06388677959958,8.515497295062598,13.63667603195097,0.6053171614778149,22.75749048849138
2021,8,Ratnapura,3222.881422701763,4448.565820009605,215.12662874153168,7.444856086441072,11.922156397625743,0.5292115067041678,19.89622399077098
2021,9,Ratnapura,3146.146150732673,4342.647586199852,210.00456615244758,7.267597608192475,11.638295531015606,0.516611232735021,19.4225043719431
2021,10,Ratnapura,3107.778514748128,4289.688469294976,207.44353485790555,7.178968369068176,11.496365097710537,0.5103110957504475,19.18564456252916
2021,11,Ratnapura,2992.6756067944943,4130.811118580348,199.76044097427945,6.9130806516952825,11.070573797795335,0.49141068479672734,18.47506513428734
2021,12,Ratnapura,2915.9403348254045,4024.892884770596,194.63837838519535,6.735822173446685,10.786712931185198,0.47881041082758047,18.001345515459462
2021,1,Kegalle,59.314249514897284,67.28515731354489,4.026886806575002,0.13701591637941274,0.1803242216003003,0.009906141544174504,0.3272462795238875
2021,2,Kegalle,53.49912701343675,60.68857326319733,3.6320939824009804,0.12358298340103889,0.16264537634536883,0.008934951196706412,0.2951633109431141
2021,3,Kegalle,218.64860605491543,248.0315602930674,14.84421018894314,0.5050782799868547,0.6647245815854206,0.03651675706480012,1.2063196186370753
2021,4,Kegalle,1798.6173897017381,2040.3234467724933,122.1094205170243,4.154806170211015,5.468066837350282,0.30038917447187974,9.923262182033175
2021,5,Kegalle,2620.294199158109,2972.4207730866005,177.89364657281328,6.052879600055233,7.9660876718720885,0.4376183705691207,14.45658564249644
2021,6,Kegalle,3125.046832284881,3545.004268656766,212.16166371111814,7.218858182578076,9.500611440000132,0.5219176927293506,17.241387315307556
2021,7,Kegalle,2793.5848497016323,3168.998977786957,189.65847273319906,6.453181002810771,8.492917260469044,0.46655984292366964,15.412658106203482
2021,8,Kegalle,2442.351450613417,2770.5653011459653,165.81298615308825,5.641831850916994,7.425115007071186,0.4078999459365971,13.474846803924775
2021,9,Kegalle,2384.200225598812,2704.5994606424897,161.86505791134806,5.507502521133255,7.2483265545218725,0.3981880424619162,13.154017118117043
2021,10,Kegalle,2355.124613091509,2671.616540390752,159.89109379047795,5.440337856241387,7.159932328247215,0.39333209072457576,12.993602275213176
2021,11,Kegalle,2267.897775569602,2572.66777963554,153.9692014278677,5.238843861565781,6.894749649423246,0.3787642355125545,12.51235774650158
2021,12,Kegalle,2209.7465505549967,2506.701939132064,150.0212731861275,5.104514531782042,6.717961196873931,0.36905233203787363,12.191528060693846
2021,1,Galle,97.35379450665512,116.14694329511134,13.656049270201455,0.22488726531037334,0.3112738080308984,0.03359388120469558,0.5697549545459673
2021,2,Galle,87.80930484913988,104.75998807010038,12.317220910377777,0.20283949420151312,0.280756768027869,0.030300363439529333,0.5138966256689115
2021,3,Galle,358.87281112257176,428.1495164604103,50.33994632937006,0.8289961936931407,1.1474407041138996,0.12383626797025034,2.1002731657772906
2021,4,Galle,2952.1106510694535,3521.985251095876,414.0996116934617,6.819375603970437,9.438920472936946,1.0186850447659157,17.2769811216733
2021,5,Galle,4300.747039676353,5130.962024389918,603.2760589365465,9.934725661652374,13.75097822536498,1.4840591049839045,25.169762992001257
2021,6,Galle,5129.208741948671,6119.349737920864,719.486360569241,11.84847219390143,16.399857297627914,1.769936447000333,30.018265938529677
2021,7,Galle,4585.172831470305,5470.293290095243,643.1731440592919,10.591749240696405,14.660386017455249,1.582205934385858,26.83434119253751
2021,8,Galle,4008.6856561563864,4782.521194504583,562.307911125942,9.260063865721252,12.817156801272281,1.3832774613698176,23.46049812836335
2021,9,Galle,3913.240759581234,4668.651642254474,548.9196275277054,9.039586154632651,12.51198640124199,1.3503422837181551,22.901914839592795
2021,10,Galle,3865.5183112936584,4611.716866129419,542.225485728587,8.92934729908835,12.359401201226843,1.333874694892324,22.622623195207517
2021,11,Galle,3722.350966430931,4440.912537754257,522.143060331232,8.59863073245545,11.901645601181407,1.2844719284148307,21.78474826205169
2021,12,Galle,3626.9060698557787,4327.0429855041475,508.7547767329953,8.378153021366849,11.596475201151113,1.2515367507631685,21.226164973281133
2021,1,Matara,64.4023295703188,100.47236567612411,11.960094946474257,0.14876938130743642,0.2692659400120126,0.029421833568326675,0.4474571548877757
2021,2,Matara,58.08837569087576,90.62213374709229,10.787536618388541,0.13418414784592297,0.24286731844220735,0.026537340081235813,0.40358880636936617
2021,3,Matara,237.40466586705747,370.3687205315947,44.088193136022745,0.5484047781529028,0.9925881710246738,0.10845695511461595,1.6494499042921924
2021,4,Matara,1952.9059349117256,3046.676735649528,362.6722908769105,4.511212709646086,8.165093651540735,0.8921738355572,13.568480196744021
2021,5,Matara,2845.0676180770242,4438.514507221717,528.3547826354215,6.572106197757925,11.895218879354204,1.299752765283137,19.767077842395267
2021,6,Matara,3393.118814812677,5293.514638661673,630.1328455132611,7.8381044622172835,14.186619231613285,1.5501267999626223,23.574850493793193
2021,7,Matara,3033.223443684426,4732.051418706864,563.2970208123756,7.006746154911023,12.681897802134396,1.3857106711984442,21.074354628243864
2021,8,Matara,2651.8606293660673,4137.097410193344,492.4744977959987,6.125798053835616,11.087421059318164,1.211487264578157,18.424706377731937
2021,9,Matara,2588.721090571637,4038.5950909030266,480.74891451514156,5.979945719220481,10.823434843620111,1.1826423297072484,17.98602289254784
2021,10,Matara,2557.151321174422,3989.3439312578676,474.886122874713,5.9070195519129145,10.691441735771086,1.168219862271794,17.766681149955794
2021,11,Matara,2462.442012982777,3841.590452322392,457.29774795342746,5.688241049990215,10.29546241222401,1.1249524599654315,17.108655922179658
2021,12,Matara,2399.302474188347,3743.088133032074,445.5721646725703,5.542388715375082,10.03147619652596,1.096107525094523,16.669972436995565
2021,1,Hambantota,55.21712635956362,85.95486676241956,11.485870751687978,0.12755156189059197,0.2303590429232844,0.028255242049152425,0.3861658468630288
2021,2,Hambantota,49.80368259882207,77.52791904061368,10.359804991718566,0.11504650680327899,0.20777482302884467,0.025485120279627665,0.3483064501117513
2021,3,Hambantota,203.54548540388154,316.8532343398995,42.34007257484979,0.4701900712829664,0.8491666680309305,0.10415657853413048,1.4235133178480273
2021,4,Hambantota,1674.3781551973557,2606.4549303545455,348.29213955853834,3.8678135385058914,6.985299213350182,0.8567986633140042,11.709911415170078
2021,5,Hambantota,2439.297758590134,3797.1826434457103,507.40523144221595,5.63477782234321,10.176449484434505,1.248216869347851,17.059444176125563
2021,6,Hambantota,2909.184677022498,4528.641705698456,605.1477394075605,6.720216603921971,12.136759771271862,1.4886634389425986,20.34563981413643
2021,7,Hambantota,2600.6183826602314,4048.305685555524,540.9619910893043,6.007428463945135,10.849459237288805,1.3307664980796883,18.187654199313627
2021,8,Hambantota,2273.646379511443,3539.318043158451,472.94761918715193,5.252123136671433,9.48537235566465,1.1634511432003936,15.900946635536474
2021,9,Hambantota,2219.5119419040275,3455.0485659403926,461.6869615874578,5.127072585798303,9.259530156720253,1.1357499255051462,15.522352668023702
2021,10,Hambantota,2192.4447231003196,3412.9138273313633,456.05663278761074,5.064547310361739,9.146609057248055,1.1218993166575224,15.333055684267315
2021,11,Hambantota,2111.2430666891973,3286.5096115042766,439.1656463880697,4.876971484052046,8.807845758831462,1.0803474901146515,14.765164732998159
2021,12,Hambantota,2057.1086290817816,3202.240134286218,427.9049887883756,4.7519209331789165,8.582003559887065,1.052646272419404,14.386570765485384
2021,1,Badulla,96.37042462117898,131.53642852729578,4.637751871045461,0.22261568087492348,0.3525176284531527,0.011408869602771833,0.5865421789308479
2021,2,Badulla,86.92234377596533,118.64070024030596,4.18307031506061,0.20079061412247992,0.31795707664401995,0.0102903529750491,0.529038043741549
2021,3,Badulla,355.2478397800323,484.87938359081573,17.096026505030324,0.8206225098918746,1.2994767480233862,0.04205622520237459,2.162155483117635
2021,4,Badulla,2922.2914054245744,3988.6487591659393,140.63300526611383,6.750493146530767,10.689578674564718,0.34595719295463995,17.786029014050122
2021,5,Badulla,4257.30522885326,5810.815166117595,204.879509126773,9.83437507865103,15.572984645195156,0.5040035924518615,25.911363316298043
2021,6,Badulla,5077.398646217801,6930.164381428306,244.3458681862578,11.72879087276312,18.572840542227862,0.6010908357381941,30.902722250729173
2021,7,Badulla,4538.858038040625,6195.1078690698905,218.42901949512148,10.484762067873845,16.602889089107304,0.5373353879579987,27.624986544939148
2021,8,Badulla,3968.193954989722,5416.205880535707,190.9662535136366,9.166528036026259,14.515431759835694,0.4697769836435459,24.151736779505498
2021,9,Badulla,3873.7131465375855,5287.248597665809,186.41943795378808,8.948277368501824,14.169826241744369,0.45859181736631865,23.57669542761251
2021,10,Badulla,3826.4727423115173,5222.769956230861,184.14603017386383,8.839152034739605,13.997023482698705,0.452999234227705,23.289174751666014
2021,11,Badulla,3684.751529633314,5029.334031926015,177.32580683409114,8.511776033452955,13.47861520556172,0.4362214848118642,22.426612723826537
2021,12,Badulla,3590.2707211811776,4900.376749056117,172.77899127424263,8.29352536592852,13.133009687470393,0.42503631853463686,21.85157137193355
2021,1,Moneragala,36.52191888214465,59.980587259444704,4.73420424964606,0.08436563261775415,0.1607479738553118,0.011646142454129309,0.2567597489271953
2021,2,Moneragala,32.941338599581435,54.100137528126574,4.2700665781121305,0.07609449216503313,0.14498836857537922,0.010504363782155843,0.2315872245225682
2021,3,Moneragala,134.62981862437633,221.10490989756082,17.45157644967567,0.3109948810223094,0.592561158525463,0.04293087806620215,0.9464869176139745
2021,4,Moneragala,1107.473481396798,1818.8231018966906,143.55778180544374,2.5582637420266034,4.8744459130831315,0.3531521432413916,7.785861798351126
2021,5,Moneragala,1613.409475322978,2649.7306489319394,209.1404347931877,3.72697588799608,7.101278139137597,0.5144854695912418,11.342739496724919
2021,6,Moneragala,1924.2038438494633,3160.15368561035,249.4275846823325,4.444910879292261,8.469211877435738,0.613591858318538,13.527714615046538
2021,7,Moneragala,1720.1107677433613,2824.9680509252184,222.9717374048987,3.9734558734871657,7.570914376479586,0.5485104740160508,12.092880723982802
2021,8,Moneragala,1503.843718676544,2469.7888871536047,194.9378220442495,3.473878990142817,6.619034217571661,0.47954704222885375,10.572460249943331
2021,9,Moneragala,1468.037915850912,2410.984389840424,190.2964453289102,3.3911675856156074,6.461438164772336,0.4681292555091191,10.320735005897061
2021,10,Moneragala,1450.1350144380958,2381.582141183833,187.97575697124057,3.349811883352002,6.382640138372673,0.4624203621492518,10.194872383873927
2021,11,Moneragala,1396.4263101996482,2293.375395214062,181.01369189823168,3.225744776561188,6.146246059173686,0.44529368206965,9.817284517804524
2021,12,Moneragala,1360.6205073740161,2234.570897900881,176.3723151828924,3.143033372033978,5.98865000637436,0.43387589534991533,9.565559273758254
2021,1,Colombo,385.5295011405151,853.2211259498091,20.624514414143352,0.8905731476345898,2.2866326175454885,0.05073630545879265,3.227942070638871
2021,2,Colombo,347.7324912247782,769.5719959547295,18.602503197070465,0.8032620547292376,2.062452949158675,0.04576215786479335,2.911477161752706
2021,3,Colombo,1421.1675728317023,3145.2072878149816,76.02762176194018,3.2828970932412327,8.42915553134415,0.18702794953437288,11.899080574119758
2021,4,Colombo,11690.615166937383,25872.67590747803,625.4080694406409,27.005321035625354,69.33877143204113,1.538503850823977,97.88259631849046
2021,5,Colombo,17031.332668030987,37692.297975782734,911.1182544130386,39.34237846315158,101.01535857509774,2.241350905856075,142.5990879441054
2021,6,Colombo,20312.113128716934,44953.04245935561,1086.628828054964,46.920981327336115,120.47415379107304,2.6731069170152115,170.06824203542436
2021,7,Colombo,18157.683563519942,40185.0420496361,971.3741886818102,41.94424903173107,107.69591269302474,2.3895805041572533,152.02974222891308
2021,8,Colombo,15874.74416460944,35132.634597933305,849.2447111706083,36.67065902024781,94.15546072246126,2.089141989479697,132.91526173218878
2021,9,Colombo,15496.774065452071,34296.14329798251,829.0245989998796,35.79754809119429,91.91366403859313,2.0394005135397038,129.75061264332712
2021,10,Colombo,15307.789015873388,33877.897648007114,818.9145429145152,35.360992626667525,90.79276569665907,2.0145297755697076,128.1682880988963
2021,11,Colombo,14740.83386713734,32623.16069808093,788.5843746584222,34.05132623308726,87.43007067085689,1.9399175616597188,123.42131446560388
2021,12,Colombo,14362.863767979972,31786.669398130136,768.3642624876934,33.178215304033735,85.18827398698878,1.8901760857197258,120.25666537674223
2021,1,Gampaha,289.4154578260757,387.72130106090947,25.720634293493024,0.6685497075782347,1.0390930868432373,0.06327276036199284,1.770915554783465
2021,2,Gampaha,261.0413933333231,349.7094088000358,23.199003480405462,0.6030056185999763,0.937221215584096,0.05706954856179744,1.5972963827458697
2021,3,Gampaha,1066.8648249274945,1429.2471490088424,94.81331857209192,2.464457745582512,3.8303823593436976,0.23324076368734611,6.528080868613556
2021,4,Gampaha,8776.098147608353,11757.078276288164,779.9404104879795,20.272786720975294,31.50896978045228,1.9186534098004298,53.70040991122801
2021,5,Gampaha,12785.353460434284,17128.158652749586,1136.2468443772505,29.53416649360319,45.90346518936889,2.7951672371680365,78.23279892014013
2021,6,Gampaha,15248.222258405198,20427.590900993397,1355.1243989532495,35.223393416916004,54.7459436146623,3.333606021424994,93.3029430530033
2021,7,Gampaha,13630.900582318307,18260.913042123615,1211.3914426072595,31.487380345155287,48.93924695289128,2.980022948813858,83.40665024686044
2021,8,Gampaha,11917.107086956055,15964.994749566855,1059.0849414967713,27.528517370868485,42.786185928839174,2.6053489560820573,72.92005225578971
2021,9,Gampaha,11633.36644202853,15584.87582695812,1033.8686333658957,26.8730764810859,41.76746721624776,2.5433168380801034,71.18386053541377
2021,10,Gampaha,11491.496119564767,15394.816365653753,1021.260479300458,26.545356036194608,41.258107859952055,2.5123007790791267,70.3157646752258
2021,11,Gampaha,11065.885152173481,14824.637981740654,983.436017104145,25.56219470152074,39.73002979106495,2.4192526020761966,67.71147709466189
2021,12,Gampaha,10782.144507245956,14444.519059131919,958.2197089732695,24.906753811738156,38.71131107847354,2.357220484074243,65.97528537428595
2021,1,Kalutara,118.59278906620945,143.3696072950567,14.24280124002176,0.2739493427429438,0.38423054755075203,0.035037291050453535,0.6932171813441494
2021,2,Kalutara,106.96604504011043,129.31376344260013,12.846448177274524,0.24709156404265512,0.34656088602616836,0.03160226251609533,0.6252547125849188
2021,3,Kalutara,437.165575381321,528.4997288523658,52.5028751592959,1.0098524791308516,1.4163792733243405,0.1291570728918679,2.5553888253470602
2021,4,Kalutara,3596.1519272724095,4347.472503564808,431.89200230771866,8.307110951999267,11.651226309553685,1.062454325676988,21.02079158722994
2021,5,Kalutara,5239.0108581601935,6333.563239916917,629.1966900739025,12.102115082350046,16.97394948297734,1.5478238575818002,30.623888422909186
2021,6,Kalutara,6248.212239625581,7553.610486310142,750.4001359203619,14.433370273535093,20.24367610331118,1.8459843343640903,36.52303071121037
2021,7,Kalutara,5585.487830137941,6752.427386720121,670.8080113437699,12.902476887618645,18.096505396409924,1.650187707905674,32.64916999193425
2021,8,Kalutara,4883.232490961564,5903.454418031745,586.4682863538371,11.280267054121213,15.82125784032508,1.4427119844304392,28.544236878876735
2021,9,Kalutara,4766.9650507005745,5762.8959795071805,572.5047557263647,11.011689267118326,15.444561225079244,1.4083616990868573,27.86461219128443
2021,10,Kalutara,4708.831330570079,5692.616760244898,565.5229904126286,10.877400373616883,15.256212917456326,1.3911865564150663,27.52479984748828
2021,11,Kalutara,4534.430170178596,5481.77910245805,544.5776944714203,10.474533693112557,14.691167994587577,1.3396611283996938,26.50536281609983
2021,12,Kalutara,4418.162729917606,5341.2206639334845,530.614163843948,10.20595590610967,14.314471379341741,1.305310843056112,25.825738128507524
2021,1,Total,2193.4263614344877,3159.2080631299327,304.96663801859523,5.066814894913667,8.466677609188219,0.7502179295257443,14.283710433627629
2021,2,Total,1978.3845612938508,2849.4817824309184,275.0679480167721,4.570068336588795,7.636611176914862,0.6766671521212593,12.883346665624915
2021,3,Total,8085.571685287913,11645.708154282887,1124.190744068547,18.67767059301508,31.210497853478135,2.7655092304086253,52.653677676901836
2021,4,Total,66512.42878349872,95798.33862020471,9247.664817563873,153.64371048988204,256.73954750214864,22.749255451207127,433.13251344323777
2021,5,Total,96897.83514337058,139562.66208297524,13472.349714821472,223.83399918118607,374.02793438237364,33.141980298460815,631.0039138620205
2021,6,Total,115563.46339557775,166446.90324764952,16067.556006979708,266.9516004437846,446.0777007037007,39.52618777717008,752.5554889246554
2021,7,Total,103306.08078756153,148792.50524780582,14363.330676875798,238.63704661926712,398.76391406411955,35.33379346511446,672.7347541485011
2021,8,Total,90317.55605906711,130085.03789358542,12557.449800765684,208.63355449644502,348.62790155480894,30.89132650988358,588.1527825611375
2021,9,Total,88167.13805766075,126987.7750865953,12258.462900747452,203.66608891319632,340.3272372320754,30.155818735838732,574.1491448811104
2021,10,Total,87091.92905695757,125439.14368310022,12108.969450738337,201.18235612157198,336.1769050707086,29.78806484881631,567.1473260410968
2021,11,Total,83866.30205484804,120793.24947261506,11660.489100710995,193.73115774669898,323.72590858660834,28.684803187749043,546.1418695210564
2021,12,Total,81715.88405344168,117695.98666562492,11361.502200692763,188.7636921634503,315.4252442638748,27.949295413704196,532.1382318410292
2022,1,Kandy,96.97273762816897,112.36585483468244,4.547697192725755,0.2240070239210703,0.3011404909569489,0.011187335094105359,0.5363348499721247
2022,2,Kandy,87.46560648815237,101.34959455677236,4.101844526772248,0.20204555098763197,0.2716169134121499,0.010090537535859732,0.48375300193564164
2022,3,Kandy,357.4681308646228,414.21138644941755,16.7640602398518,0.8257513822972786,1.1100865156844388,0.04123958819003543,1.977077486171753
2022,4,Kandy,2940.5556616071235,3407.329303957576,137.9022295794192,6.792683578312455,9.131642534606302,0.3392394847653713,16.26356559768413
2022,5,Kandy,4283.913291691464,4963.926881226264,200.90121127864953,9.895839703807281,13.303324041686388,0.49421697974547785,23.69338072523915
2022,6,Kandy,5109.1322746449005,5920.138273348854,239.6012226834137,11.80209555442972,15.865970572574929,0.5894190078011978,28.257485134805847
2022,7,Kandy,4567.225799663957,5292.211437507984,214.18762072406395,10.55029159722374,14.183126652521395,0.5269015469811974,25.260319796726336
2022,8,Kandy,3992.995078806957,4626.829316722216,187.2581197004722,9.223818632044068,12.39990256881554,0.4606549744631617,22.084376175322774
2022,9,Kandy,3897.923767406791,4516.6667139431165,182.79959304093717,9.004203902709687,12.10466679336755,0.44968699888070546,21.558557694957944
2022,10,Kandy,3850.388111706708,4461.585412553566,180.57032971116962,8.894396538042495,11.957048905643555,0.44420301108947735,21.29564845477553
2022,11,Kandy,3707.7811446064607,4296.341508384916,173.8825397218671,8.564974444040923,11.514195242471574,0.4277510477157931,20.50692073422829
2022,12,Kandy,3612.7098332062947,4186.178905605816,169.42401306233202,8.34535971470654,11.218959467023584,0.4167830721333368,19.981102253863465
2022,1,Matale,36.418236918170265,50.026960582074466,2.5651446880575484,0.08412612728097331,0.13407225435995956,0.006310255932621569,0.22450863757355444
2022,2,Matale,32.84782153403591,45.1223566034397,2.3136599147185724,0.07587846774362295,0.12092791569721838,0.005691603390207687,0.20249798683104903
2022,3,Matale,134.24761844345113,184.41310959666663,9.455827477545471,0.3101119986043721,0.49422713371906646,0.023261335594761855,0.8276004679182005
2022,4,Matale,1104.329478312751,1516.9940105917285,77.78424039374507,2.551001094902455,4.065543948385832,0.19134923136861284,6.8078942746569
2022,5,Matale,1608.8291720909333,2210.0145527728187,113.31903886654227,3.7163953875300555,5.922839001431154,0.27876483561169396,9.917999224572904
2022,6,Matale,1918.7412274337933,2635.7341781183145,135.1479171923653,4.432292235372062,7.0637675973570815,0.3324638762932186,11.828523709022363
2022,7,Matale,1715.2275505381363,2356.171751336134,120.81328511204373,3.962175641743095,6.314540293580839,0.29720068137562755,10.573916616699561
2022,8,Matale,1499.5744613364222,2059.933671026595,105.62360480236961,3.464017005687135,5.520622238351274,0.25983406781382923,9.24447331185224
2022,9,Matale,1463.8703074950788,2010.8876312402474,103.10875706897986,3.3815404103136317,5.389178851723862,0.25364754238969045,9.024366804427185
2022,10,Matale,1446.018230574407,1986.3646113470736,101.85133320228498,3.34030211262688,5.323457158410157,0.25055427967762106,8.91431355071466
2022,11,Matale,1392.4619998123924,1912.795551667553,98.07906160220037,3.216587219566626,5.126292078469041,0.2412744915414129,8.58415378957708
2022,12,Matale,1356.757845971049,1863.7495118812053,95.56421386881061,3.1341106241931227,4.9948486918416295,0.23508796611727412,8.364047282152027
2022,1,Nuwara Eliya,24.453846519424765,45.27702643907108,3.008610379891226,0.05648838545987122,0.1213424308567105,0.007401181534532417,0.1852319978511141
2022,2,Nuwara Eliya,22.056410586147816,40.83810227837782,2.713648577941105,0.05095030845400147,0.10944611410605255,0.006675575501735119,0.16707199806178913
2022,3,Nuwara Eliya,90.14359109121284,166.9035484420659,11.090563753324517,0.2082316954207017,0.4473015098247366,0.027282786833178318,0.6828159920786165
2022,4,Nuwara Eliya,741.5269341625567,1372.9592429024199,91.23168534317217,1.7129272179155064,3.6795307709784852,0.22442994594420357,5.616887934838195
2022,5,Nuwara Eliya,1080.284631534588,2000.179226808375,132.90978795872414,2.4954574988448988,5.360480327846445,0.32695807837846147,8.182895905069804
2022,6,Nuwara Eliya,1288.3820705430257,2385.4778439565475,158.51247236799452,2.97616258295439,6.3930806218035485,0.3899406820252666,9.759183886783203
2022,7,Nuwara Eliya,1151.7282223462405,2132.4591667970335,141.69964965683772,2.6604921936198163,5.7149905670160495,0.3485811381558208,8.724063898791686
2022,8,Nuwara Eliya,1006.9230919763136,1864.3481474911614,123.88395681905045,2.325992342465285,4.996453035276313,0.30475453377486417,7.627199911516461
2022,9,Nuwara Eliya,982.9487326435441,1819.958905884229,120.93433879954925,2.2706115724065876,4.877489867769734,0.2974984734468912,7.445599913623211
2022,10,Nuwara Eliya,970.9615529771594,1797.7642850807626,119.45952978979864,2.242921187377239,4.818008284016445,0.2938704432829047,7.354799914676587
2022,11,Nuwara Eliya,935.0000139780055,1731.1804226703646,115.03510276054686,2.1598500322891936,4.639563532756577,0.28298635279094536,7.082399917836715
2022,12,Nuwara Eliya,911.0256546452362,1686.791181063432,112.08548474104566,2.104469262230496,4.520600365249998,0.27573029246297237,6.9007999199434655
2022,1,Batticaloa,62.79304641813561,77.18780710489811,8.208463001784155,0.14505193722589327,0.20686332304112692,0.020192818984389023,0.37210807925140926
2022,2,Batticaloa,56.63686539674975,69.62037503579042,7.403711727099432,0.13083115906649193,0.1865826050959183,0.0182131308486646,0.3356268950110749
2022,3,Batticaloa,231.47240640410772,284.5354457984479,30.258647928145507,0.5347012587934888,0.7625549947398402,0.07443627390323795,1.3716925274365672
2022,4,Batticaloa,1904.1067899146415,2340.6067389749983,248.9095692599842,4.398486684702822,6.272826060452995,0.6123175403795612,11.283630285535379
2022,5,Batticaloa,2773.9751682364613,3409.8848903399103,362.6209243729353,6.4078826386262255,9.13849150611096,0.8920474739574209,16.43842161869461
2022,6,Batticaloa,3308.3316808927516,4066.7379939384537,432.473335015569,7.642246182862256,10.898857823755055,1.0638844041382998,19.604988410755613
2022,7,Batticaloa,2957.429362673759,3635.394365999318,386.60251235853997,6.831661827776383,9.742856900878172,0.9510421804020083,17.525560909056566
2022,8,Batticaloa,2585.596028982054,3178.3214690252153,337.99553536758276,5.972726826948545,8.517901536987576,0.8314690170042537,15.322097380940377
2022,9,Batticaloa,2524.0342187681954,3102.647148334139,329.94802262073557,5.8305190453545315,8.315094357535491,0.8116721356470095,14.957285538537034
2022,10,Batticaloa,2493.253313661266,3064.8099879886004,325.92426624731195,5.759415154557525,8.21369076780945,0.8017736949683875,14.774879617335362
2022,11,Batticaloa,2400.9105983404793,2951.298506951986,313.8529971270412,5.546103482166506,7.909479998631323,0.7720783729325214,14.227661853730352
2022,12,Batticaloa,2339.3487881266205,2875.6241862609095,305.805484380194,5.403895700572494,7.7066728191792375,0.7522814915752772,13.86285001132701
2022,1,Ampara,46.040563413801834,63.82485036112972,7.269359183783426,0.10635370148588223,0.17105059896782765,0.017882623592107228,0.29528692404581713
2022,2,Ampara,41.5267826869585,57.567512090430704,6.55667691086348,0.09592686800687414,0.1542809324023543,0.01612942520072416,0.2663372256099526
2022,3,Ampara,169.71815532930867,235.27591897828205,26.79685346178988,0.3920489388107031,0.630539462861796,0.0659202595160031,1.0885086611885022
2022,4,Ampara,1396.1123788126379,1935.394727127198,220.43262701413857,3.2250195950571934,5.186857868700891,0.5422642624547809,8.954141726212866
2022,5,Ampara,2033.9095955155983,2819.5566247769657,321.1346321777266,4.698331165641032,7.5564117544022675,0.7899911951572075,13.044734115200509
2022,6,Ampara,2425.7057626055976,3362.693586673637,382.9954534671776,5.60338031161893,9.012018812285348,0.9421688155292569,15.557567939433536
2022,7,Ampara,2168.420261175529,3006.025305243795,342.3725639107409,5.009050803315472,8.056147818053372,0.8422365072204226,13.907435128589267
2022,8,Ampara,1895.7879052741926,2628.082073693576,299.32655462637626,4.379270061183385,7.043259957498784,0.7363433243808857,12.158873343063055
2022,9,Ampara,1850.6500980057594,2565.508690986586,292.19973189717683,4.275001726393304,6.875563291844051,0.7188113404670551,11.869376358704411
2022,10,Ampara,1828.0811943715428,2534.221999633091,288.63632053257714,4.222867558998264,6.7917149590166845,0.7100453485101397,11.724627866525088
2022,11,Ampara,1760.3744834688935,2440.3619255726067,277.946086438778,4.0664650568131435,6.540169960534586,0.683747372639394,11.290382389987125
2022,12,Ampara,1715.2366762004601,2377.788542865617,270.8192637095786,3.962196722023063,6.372473294879853,0.6662153887255633,11.00088540562848
2022,1,Trincomalee,29.08804865668552,61.39179080651427,10.704044444063872,0.06719339239694355,0.1645299993614583,0.026331949332397124,0.258055341090799
2022,2,Trincomalee,26.23627918053987,55.37298778626776,9.654628322096823,0.060605804907047096,0.14839960726719761,0.023750385672358182,0.23275579784660289
2022,3,Trincomalee,107.22653230307601,226.30699356126826,39.45804618596093,0.2476932896201056,0.6065027427441991,0.0970667936174639,0.9512628259817686
2022,4,Trincomalee,882.0522989718461,1861.6157741622415,324.58440652440737,2.0375408106249644,4.9891302747548085,0.7984776400500422,7.825148725429814
2022,5,Trincomalee,1285.0073259512249,2712.0726409230715,472.866904558351,2.9683669229473293,7.268354677673834,1.1632525852135434,11.399974185834706
2022,6,Trincomalee,1532.5409164806658,3234.5047430804666,563.9562239450904,3.540169517070338,8.668472711455653,1.3873323109049225,13.595974539430912
2022,7,Trincomalee,1369.9900563403648,2891.4329709264166,504.1395049929689,3.1646770301462426,7.749040362082799,1.2401831822827036,12.153900574511745
2022,8,Trincomalee,1197.7431799811682,2527.8972685035283,440.75477122615933,2.766786745756498,6.774764679589458,1.0842567372163519,10.625808162562308
2022,9,Trincomalee,1169.2254852197118,2467.709238301063,430.26061000648883,2.700910870857534,6.613460758646851,1.0584411006159626,10.372812730120348
2022,10,Trincomalee,1154.9666378389836,2437.615223199831,425.0135293966536,2.667972933408052,6.532808798175548,1.045533282315768,10.246315013899368
2022,11,Trincomalee,1112.1900956967993,2347.3331778961337,409.272287567148,2.569159121059606,6.29085291676164,1.006809827415184,9.86682186523643
2022,12,Trincomalee,1083.6724009353427,2287.1451476936686,398.77812634747755,2.503283246160642,6.129548995819034,0.9809941908147948,9.61382643279447
2022,1,Anuradhapura,143.71887720403305,119.64728644364973,4.821602472975969,0.3319906063413164,0.3206547276689813,0.011861142083520881,0.6645064760938186
2022,2,Anuradhapura,129.6287912036376,107.91716032172324,4.348896348174401,0.29944250768040287,0.28921798966221834,0.010698285016509027,0.5993587823591303
2022,3,Anuradhapura,529.7872336148669,441.0527421844342,17.77375029253886,1.2238085096503424,1.1820213490542837,0.043723425719645596,2.449553284424272
2022,4,Anuradhapura,4358.063599922296,3628.1280095118486,146.2080044011242,10.067126915820504,9.723383065491756,0.35967169082676553,20.150181672139027
2022,5,Anuradhapura,6348.992751778165,5285.594830540055,213.00137983558542,14.666173256607562,14.16539414584735,0.5239833943955401,29.355550796850455
2022,6,Anuradhapura,7572.012216612483,6303.7697779232685,254.03227146836122,17.49134822037484,16.89410300483436,0.6249193878121686,35.01037061302137
2022,7,Anuradhapura,6768.877314589948,5635.152588973462,227.08802235467203,15.63610659670278,15.10220893844888,0.5586365349924932,31.296952070144158
2022,8,Anuradhapura,5917.8361201660655,4926.652971209105,198.5365724166575,13.67020143758361,13.203429962840403,0.4883999681449773,27.362031368568996
2022,9,Anuradhapura,5776.935260162111,4809.351709989841,193.80951116864182,13.344720450974478,12.889062582772773,0.4767713974748588,26.710554431222114
2022,10,Anuradhapura,5706.484830160134,4750.701079380208,191.44598054463398,13.18197995766991,12.73187889273896,0.47095711213979957,26.38481596254867
2022,11,Anuradhapura,5495.133540154205,4574.749187551312,184.35538867261056,12.693758477756212,12.26032782263752,0.45351425613462193,25.407600556528358
2022,12,Anuradhapura,5354.23268015025,4457.447926332048,179.6283274245949,12.36827749114708,11.94596044256989,0.4418856854645034,24.756123619181476
2022,1,Polonnaruwa,33.03626646101963,56.742747642676576,2.399931979335198,0.07631377552495534,0.15207056368237323,0.005903832669164587,0.2342881718764932
2022,2,Polonnaruwa,29.79741680797848,51.179733167904345,2.164644530380766,0.06883203282643029,0.13716168488998365,0.005325025544736684,0.21131874326115063
2022,3,Polonnaruwa,121.78074695434684,209.16934425143518,8.84680808068661,0.2813135254645412,0.5605738425938463,0.02176314787848906,0.8636505159368767
2022,4,Polonnaruwa,1001.7761976856245,1720.6403770470454,72.77440796160555,2.314103016653793,4.611316210486082,0.17902504358554966,7.104444270725425
2022,5,Polonnaruwa,1459.4256536603375,2506.694322332359,106.02052449886666,3.37127325995538,6.717940783850723,0.260810490267212,10.350024534073315
2022,6,Polonnaruwa,1740.557803544308,2989.563978742586,126.44347506811125,4.020688526187351,8.012031463030132,0.3110509486675537,12.343770937885038
2022,7,Polonnaruwa,1555.9433733209635,2672.472153680571,113.0320904777087,3.5942291923714254,7.16222537186393,0.2780589425751634,11.03451350681052
2022,8,Polonnaruwa,1360.3168542772785,2336.4660794043293,98.82072856086106,3.1423319333805133,6.261729092803602,0.2430989922597182,9.647160018443834
2022,9,Polonnaruwa,1327.928357746867,2280.8359346566067,96.46785407131675,3.067514506395263,6.112640304879707,0.23731092101543919,9.41746573229041
2022,10,Polonnaruwa,1311.7341094816613,2253.020862282746,95.29141682654459,3.0301057929026376,6.038095910917759,0.2344168853932997,9.302618589213697
2022,11,Polonnaruwa,1263.1513646860444,2169.5756451611633,91.76210509222814,2.9178796524247628,5.814462729031917,0.22573477852688123,8.958077159983562
2022,12,Polonnaruwa,1230.762868155633,2113.945500413441,89.40923060268383,2.8430622254395126,5.6653739411080215,0.2199467072826022,8.728382873830137
2022,1,Jaffna,41.81070278198941,57.43925445130436,14.45176431034456,0.09658272342639554,0.1539372019294957,0.03555134020344762,0.2860712655593388
2022,2,Jaffna,37.71161427395122,51.807954995294104,13.03492467207548,0.08711382897282732,0.1388453193873882,0.032065914693305685,0.2580250630535212
2022,3,Jaffna,154.12572790223547,211.73685954598466,53.273170398917195,0.3560304314541639,0.5674547835832389,0.13105199918133628,1.054537214218739
2022,4,Jaffna,1267.8480755362082,1741.7609217439642,438.2285001166247,2.928729054488641,4.667919270273824,1.0780421102868967,8.674690435049362
2022,5,Jaffna,1847.0492817220027,2537.46353487821,638.4279410040449,4.2666838407778265,6.800402273473603,1.5705327348699505,12.63761884912138
2022,6,Jaffna,2202.8501642197157,3026.260327659897,761.4096216058003,5.088583879347543,8.110377678128524,1.8730676691502688,15.072029226626336
2022,7,Jaffna,1969.2021192615402,2705.2762586673143,680.6497622244633,4.548856895494158,7.250140373228403,1.6743984150721796,13.47339568379474
2022,8,Jaffna,1721.6171733760343,2365.1457715242964,595.0726480730111,3.976935670498639,6.338590667685114,1.4638787142596075,11.77940505244336
2022,9,Jaffna,1680.6262882956523,2308.832776964194,580.9042516903204,3.8822467259629567,6.187671842264041,1.4290244591581882,11.498943027385184
2022,10,Jaffna,1660.1308457554615,2280.676279684143,573.820053498975,3.834902253695116,6.112212429553503,1.4115973316074786,11.358712014856097
2022,11,Jaffna,1598.6445181348893,2196.20678784399,552.567458924939,3.692868836891594,5.8858341914218935,1.35931594895535,10.938018977268836
2022,12,Jaffna,1557.6536330545075,2139.8937932838876,538.3990625422482,3.598179892355912,5.734915366000819,1.3244616938539306,10.65755695221066
2022,1,Mannar,7.687001658340092,14.1325485282031,7.5041351382836075,0.017756973830765615,0.03787523005558432,0.018460172440177676,0.07409237632652761
2022,2,Mannar,6.933374044777335,12.747004554849852,6.768435614922467,0.01601609404343565,0.034161972206997605,0.01665035161270927,0.06682841786314253
2022,3,Mannar,28.33639826995955,52.09645339808201,27.662302078378783,0.06545708000360657,0.1396184951068598,0.06804926311281181,0.2731248382232782
2022,4,Mannar,233.09702087495984,428.5487509581587,227.55186257559996,0.5384541182211573,1.1485106525678654,0.5597775819359759,2.246742352724999
2022,5,Mannar,339.58460267137696,624.3261143929723,331.5062052265287,0.784440432170881,1.6731939865731658,0.8155052648572607,3.2731396836013076
2022,6,Mannar,404.9994795286239,744.5913312800337,395.3649238542754,0.9355487977111214,1.9955047678304905,0.9725977126815175,3.9036512782231294
2022,7,Mannar,362.042705555547,665.6153247988989,353.43005102269063,0.8363186498333137,1.7838490704610492,0.869437925515819,3.4896056458101823
2022,8,Mannar,316.52359769635666,581.9284688083628,308.9937998116779,0.731169510678584,1.5595682964064126,0.7601247475367277,3.0508625546217245
2022,9,Mannar,308.98732156072913,568.0730290748304,301.63680457806646,0.7137607128052844,1.5224357179205457,0.7420265392620435,2.9782229699878737
2022,10,Mannar,305.2191834929153,561.1453092080642,297.9583069612608,0.7050563138686345,1.5038694286776122,0.7329774351247016,2.9419031776709486
2022,11,Mannar,293.91476928947407,540.3621496077656,286.9228141108438,0.6789431170586853,1.448170560948812,0.7058301227126758,2.832943800720173
2022,12,Mannar,286.37849315384653,526.5067098742331,279.5658188772324,0.6615343191853856,1.4110379824629449,0.6877319144379918,2.7603042160863223
2022,1,Mulalativu,8.319181915812058,14.435550368647775,3.1216506542802036,0.019217310225525856,0.038687274987976035,0.007679260609529301,0.06558384582303119
2022,2,Mulalativu,7.503575845634402,13.02030033250583,2.8156064724880254,0.01733326020341547,0.03489440489111562,0.006926391922320543,0.059154057016851634
2022,3,Mulalativu,30.66678823867974,53.213401358936885,11.507261235385846,0.07084028083135019,0.14261191564195083,0.02830786263904918,0.2417600591123502
2022,4,Mulalativu,252.26695750594797,437.7368361787016,94.65946542832027,0.5827366718387398,1.1731347209589202,0.2328622849536679,1.9887336777513278
2022,5,Mulalativu,367.5120952220503,637.7116662855575,137.90350831555486,0.8489529399629362,1.709067265645294,0.33924263045626496,2.897262836064495
2022,6,Mulalativu,438.3067021134704,760.5553694226775,164.46814329511574,1.0124884818821167,2.0382883900527755,0.4045916325059848,3.455368504440877
2022,7,Mulalativu,391.8171561133443,679.8861173625871,147.02362493296172,0.9050976306218254,1.8220947945317336,0.3616781173350858,3.0888705424886447
2022,8,Mulalativu,342.5545494746141,594.4050151796141,128.53855635271424,0.7913010092863585,1.5930054406813656,0.316204848627677,2.700511298595401
2022,9,Mulalativu,334.39848877283754,580.2525148181946,125.47811453479245,0.7724605090652548,1.5550767397127616,0.3086761617555895,2.636213410533606
2022,10,Mulalativu,330.32045842194924,573.176264637485,123.94789362583157,0.7630402589547028,1.5361123892284596,0.30491181831954567,2.604064466502708
2022,11,Mulalativu,318.0863673692846,551.947514095356,119.35723089894894,0.7347795086230473,1.479219337775554,0.29361878801141444,2.507617634410016
2022,12,Mulalativu,309.93030666750803,537.7950137339366,116.29678908102717,0.7159390084019435,1.44129063680695,0.28609010113932687,2.4433197463482204
2022,1,Vavuniya,15.102514862551121,30.91509551352003,2.5173199565852893,0.034886809332493086,0.08285245597623368,0.006192607093199812,0.12393187240192659
2022,2,Vavuniya,13.6218761505363,27.88420379650825,2.27052388241026,0.03146653390773885,0.07472966617464212,0.00558548875072924,0.11178168883311021
2022,3,Vavuniya,55.672015571757065,113.96152855964243,9.279532388981064,0.1286023559707588,0.3054168965398418,0.022827649676893418,0.45684690218749396
2022,4,Vavuniya,457.9615536261825,937.4548080717396,76.33402574233627,1.0578911888764815,2.512378885632262,0.1877817033261472,3.758051777834891
2022,5,Vavuniya,667.175803633876,1365.7198076855022,111.20631102326776,1.5411761063942533,3.6601290845971466,0.2735675251172387,5.474872716108639
2022,6,Vavuniya,795.6952438367617,1628.8012087221232,132.62821026166017,1.8380560132629193,4.365187239375291,0.32626539724368403,6.529508649881894
2022,7,Vavuniya,711.2988372519173,1456.040380852453,118.56083403368359,1.643100314051929,3.902188220684574,0.2916596517228616,5.836948186459365
2022,8,Vavuniya,621.8682590462225,1272.974521144942,103.65435115351188,1.4365156783967736,3.411571716668445,0.25498970383763925,5.103077098902858
2022,9,Vavuniya,607.0618719260743,1242.6656039748243,101.1863904117616,1.4023129241492314,3.3303438186525294,0.24891852041293352,4.981575263214695
2022,10,Vavuniya,599.6586783660002,1227.5111453897655,99.95241004088645,1.3852115470254602,3.289729869644572,0.24588292870058068,4.920824345370613
2022,11,Vavuniya,577.4490976857782,1182.0477696345893,96.25046892826104,1.3339074156541473,3.167888022620699,0.23677615356352216,4.738571591838369
2022,12,Vavuniya,562.64271056563,1151.7388524644716,93.78250818651077,1.299704661406605,3.086660124604784,0.23070497013881647,4.617069756150205
2022,1,Killinochchi,9.23448584687576,16.945490987256647,3.3564266087803856,0.021331662306283007,0.045413915845847815,0.008256809457599748,0.07500238760973058
2022,2,Killinochchi,8.329144097182056,15.284168341447167,3.027365176547013,0.01924032286449055,0.040961571155078404,0.007447318334305652,0.06764921235387461
2022,3,Killinochchi,34.04084978848319,62.465731482436254,12.372709851974752,0.07863436301139617,0.16740816037292916,0.03043686623585789,0.27647938962018326
2022,4,Killinochchi,280.022203180262,513.8470943488707,101.77870098978168,0.6468512893464052,1.3771102128549733,0.2503756044348629,2.2743371066362417
2022,5,Killinochchi,407.9469924119821,748.5919842017495,148.27508136435702,0.9423575524716787,2.006226517660689,0.3647567001563182,3.313340770288686
2022,6,Killinochchi,486.53065628539525,892.7947898580117,176.83761368221357,1.123885816019263,2.392690036819471,0.4350205296582454,3.9515963824969798
2022,7,Killinochchi,434.9261765528544,798.0993990468718,158.08111204491146,1.0046794678370936,2.138906389445616,0.38887953563048216,3.5324653929131924
2022,8,Killinochchi,380.24353487135477,697.7555112399795,138.20580153801583,0.8783625655528295,1.869984770123145,0.3399862717835189,3.0883336074594934
2022,9,Killinochchi,371.1901173744177,681.1422847818847,134.91518721568212,0.8574491711349049,1.8254613232154508,0.331891360550578,3.014801854900934
2022,10,Killinochchi,366.6634086259492,672.8356715528373,133.26988005451526,0.8469924739259427,1.803199599761604,0.32784390493410753,2.978035978621654
2022,11,Killinochchi,353.0832823805438,647.9158318656953,128.33395857101473,0.8156223822990561,1.7364144294000634,0.3157015380846962,2.867738349783816
2022,12,Killinochchi,344.0298648836067,631.3026054076005,125.04334424868101,0.7947089878811316,1.6918909824923694,0.30760662685175527,2.7942065972252563
2022,1,Kurunegala,168.5039043792545,178.87510141952555,7.169638689978045,0.3892440191160778,0.47938527180432844,0.01763731117734599,0.8862666020977522
2022,2,Kurunegala,151.98391375383733,161.33832677055238,6.4667329360586265,0.3510828407713642,0.43238671574508036,0.01590816302270422,0.7993777195391488
2022,3,Kurunegala,621.1516475156831,659.3827268013882,26.429256347370043,1.4348603057612277,1.7671457078277202,0.06501597061453031,3.267021984203478
2022,4,Kurunegala,5109.633100441511,5424.124398927377,217.40874968727542,11.803252462019888,14.53665338912537,0.5348255242306975,26.874731375375955
2022,5,Kurunegala,7443.907775812947,7902.070656827275,316.7293327160889,17.195426962127907,21.177549360297093,0.7791541584815787,39.15213048090658
2022,6,Kurunegala,8877.84296209915,9424.262696358137,377.7415521562941,20.507817242449033,25.2570240262398,0.9292442183044834,46.694085486993316
2022,7,Kurunegala,7936.203496450376,8424.666541366672,337.67592418288746,18.332630076800367,22.578106330862678,0.8306827734899032,41.74141918115295
2022,8,Kurunegala,6938.396062675183,7365.445352568697,295.2204166461547,16.027694904779672,19.739393544884106,0.7262422249495406,36.49333067461332
2022,9,Kurunegala,6773.196156421011,7190.077606078966,288.19135910696053,15.646083121332536,19.269407984291625,0.7089507434031229,35.624441849027285
2022,10,Kurunegala,6690.596203293926,7102.393732834101,284.67683033736347,15.455277229608967,19.034415203995387,0.7003050026299141,35.18999743623427
2022,11,Kurunegala,6442.796343912671,6839.342113099506,274.1332440285723,14.88285955443827,18.32943686310667,0.6743677803102878,33.88666419785523
2022,12,Kurunegala,6277.5964376585,6663.974366609775,267.1041864893781,14.501247770991133,17.859451302514195,0.6570762987638702,33.0177753722692
2022,1,Puttalam,69.60963963869222,94.51396214109332,20.399421824349183,0.16079826756537902,0.25329741853813015,0.050182577687898994,0.46427826379140813
2022,2,Puttalam,62.785165164310605,85.24788742137825,18.399478508236513,0.1450337315295575,0.22846433828929377,0.045262717130261816,0.418760786949113
2022,3,Puttalam,256.6002402367477,348.4044094612851,75.1978686858362,0.5927465549468873,0.9337238173562443,0.18498675696715702,1.7114571292702883
2022,4,Puttalam,2110.8099549262256,2865.996910807859,618.5824676736472,4.875970995879581,7.680871720965063,1.521712870477172,14.078555587321814
2022,5,Puttalam,3075.1081981563443,4175.293268703593,901.1744582403668,7.103499937741155,11.189785960125631,2.2168891672713023,20.510175065138085
2022,6,Puttalam,3667.472582532665,4979.588554374855,1074.7695380789457,8.471861665650456,13.345297325724617,2.6439330636742064,24.461092055049274
2022,7,Puttalam,3278.4775374929154,4451.4222953511,960.7727690605241,7.573283111608634,11.929811751540951,2.3635010118888893,21.86659587503847
2022,8,Puttalam,2866.279279240267,3891.751382280312,839.9761927673192,6.621105135045017,10.429893704511239,2.066341434207605,19.11734027376386
2022,9,Puttalam,2798.034534496451,3799.090635083162,819.9767596061924,6.463459774686802,10.181562902022876,2.017142828631233,18.66216550534091
2022,10,Puttalam,2763.912162124543,3752.7602614845864,809.9770430256291,6.384637094507695,10.057397500778695,1.9925435258430475,18.434578121129434
2022,11,Puttalam,2661.5450450088197,3613.769140688862,779.9778932839394,6.148169053970374,9.684901297046153,1.9187456174784907,17.751815968495013
2022,12,Puttalam,2593.300300265004,3521.1083934917115,759.9784601228126,5.990523693612159,9.436570494557788,1.8695470119021191,17.296641200072063
2022,1,Ratnapura,68.00629464398878,97.1143510702827,2.8260068597244183,0.15709454062761408,0.2602664608683576,0.006951976874922068,0.4243129783708938
2022,2,Ratnapura,61.33901085536241,87.59333625947063,2.548947363673004,0.14169311507588714,0.2347501411753813,0.006270410514635589,0.38271366676590407
2022,3,Ratnapura,250.68987045235076,357.99015688653225,10.417437051533147,0.5790936007449302,0.9594136204559063,0.025626895146771543,1.5641341163476081
2022,4,Ratnapura,2062.1908758221302,2944.8498809841603,85.6945021287022,4.7636609231491205,7.8921976810375485,0.2108084752366074,12.866667079423278
2022,5,Ratnapura,3004.2780751550335,4290.1692737519,124.84300892076693,6.939882353608127,11.49765365365509,0.30711380194508664,18.74464980920831
2022,6,Ratnapura,3582.9983080077996,5116.593359330383,148.89177317802958,8.276726091498016,13.712470203005424,0.36627376201795275,22.355470056521394
2022,7,Ratnapura,3202.9631320560984,4573.895515114098,133.09938190309904,7.398844835049586,12.258039980505782,0.3274244794816236,19.984309295036994
2022,8,Ratnapura,2800.259191223067,3998.826220541051,116.36498834159366,6.468598731725284,10.716854271050016,0.2862578713203204,17.471710874095624
2022,9,Ratnapura,2733.5863533368033,3903.6160724329307,113.59439338107953,6.314584476208014,10.461691074120253,0.2794422077174556,17.055717758045727
2022,10,Ratnapura,2700.2499343936715,3856.0109983788707,112.20909590082245,6.23757734844938,10.334109475655373,0.2760343759160232,16.84772120002078
2022,11,Ratnapura,2600.2406775642767,3713.1957762166912,108.05320346005128,6.006555965173479,9.951364680260731,0.26581088051172613,16.223731525945936
2022,12,Ratnapura,2533.567839678013,3617.985628108571,105.28260849953713,5.85254170965621,9.696201483330968,0.25899521690886135,15.807738409896041
2022,1,Kegalle,51.53626540667161,60.48278528518025,2.1781991334183592,0.11904877308941145,0.16209386456428307,0.005358369868209163,0.28650100752190366
2022,2,Kegalle,46.483690366801824,54.553100453299805,1.9646501987694998,0.10737732474731224,0.14620230921484348,0.004833039488972969,0.25841267345112867
2022,3,Kegalle,189.97682149910315,222.9561496787036,8.029439942797087,0.43884645766292835,0.5975224811389257,0.01975242225928083,1.0561213610611349
2022,4,Kegalle,1562.7614598317182,1834.0515185006125,66.05068548689201,3.60997897221127,4.9152580695816415,0.1624846862977543,8.687721728090667
2022,5,Kegalle,2276.690312965316,2671.9159852453154,96.22514995277574,5.259154622949882,7.160734840457445,0.2367138688838283,12.656603332291155
2022,6,Kegalle,2715.2538264260106,3186.6126286525346,114.76119748029664,6.2722363390440865,8.540121844788791,0.2823125458015297,15.094670729634409
2022,7,Kegalle,2427.2570491534348,2848.6205932353514,102.58890820531172,5.606963783544436,7.634303189870741,0.2523687141850668,13.493635687600245
2022,8,Kegalle,2122.081516745301,2490.467629389774,89.69055255252064,4.902008303681646,6.674453246764594,0.22063875927920076,11.797100309725442
2022,9,Kegalle,2071.5557663466034,2431.17078107097,87.55506320603206,4.785293820260654,6.5155376932702,0.21538545548683885,11.516216969017693
2022,10,Kegalle,2046.2928911472543,2401.522356911568,86.48731853278777,4.726936578550159,6.436079916523002,0.21275880359065788,11.375775298663818
2022,11,Kegalle,1970.5042655492084,2312.577084433362,83.2840845130549,4.551864853418673,6.19770658628141,0.20487884790211505,10.954450287602198
2022,12,Kegalle,1919.9785151505107,2253.2802361145577,81.14859516656631,4.435150369997681,6.038791032787015,0.1996255441097531,10.673566946894448
2022,1,Galle,84.58761651837847,104.4047589888606,7.386747161033518,0.19539739415745422,0.2798047540901464,0.01817139801614245,0.4933735462637431
2022,2,Galle,76.29471293814525,94.16899830367815,6.6625562628929735,0.1762407868871155,0.2523729154538574,0.016389888406716714,0.44500359074768964
2022,3,Galle,311.8131746167676,384.8646017628586,27.229577770084333,0.720288433364733,1.031437132724461,0.06698476131440746,1.8187103274036016
2022,4,Galle,2564.995077366123,3165.9207799269197,223.9922447948693,5.925138628715744,8.484667690204144,0.5510209221953783,14.960827241115267
2022,5,Galle,3736.7823532530715,4612.233764743194,326.3204187021277,8.631967236014594,12.36078648951176,0.8027482300072342,21.795501955533588
2022,6,Galle,4456.60638401731,5500.697792217026,389.1801886607265,10.294760747079986,14.741870083141627,0.9573832641053872,25.994014094327
2022,7,Galle,3983.91087994402,4917.259433161629,347.90130746671576,9.202834132670684,13.178255280873167,0.8558372163681208,23.236926629911974
2022,8,Galle,3483.0195036979358,4299.019487776612,304.1601772190271,8.045775053542231,11.521372227241319,0.7482340359588067,20.315381316742357
2022,9,Galle,3400.090467895604,4196.6618809247875,296.9182682376217,7.854208980838844,11.24705384087843,0.7304189398645493,19.831681761581823
2022,10,Galle,3358.6259499944376,4145.483077498876,293.297313746919,7.758425944487151,11.109894647696985,0.7215113918174206,19.589831984001556
2022,11,Galle,3234.232396290941,3991.94666722114,282.43445027481096,7.471076835432073,10.698417068152654,0.6947887476760348,18.864282651260762
2022,12,Galle,3151.303360488609,3889.589060369316,275.1925412934055,7.279510762728686,10.424098681789767,0.6769736515817776,18.380583096100228
2022,1,Matara,55.95713638272158,90.3148445052357,6.46938185733836,0.12926098504408687,0.24204378327403164,0.015914679369052366,0.38721944768717087
2022,2,Matara,50.47114261970964,81.46044798511453,5.83512873406989,0.11658833945152929,0.2183140006001069,0.014354416685811932,0.3492567567374481
2022,3,Matara,206.27336548924814,332.9253091565551,23.84791743489434,0.47649147428016325,0.8922398285395675,0.05866587688984008,1.4273971797095708
2022,4,Matara,1696.8178708995865,2738.6648436734704,196.1744910269367,3.9196492817780455,7.3396217810449,0.48258924792626434,11.741860310749209
2022,5,Matara,2471.988789613171,3989.791071966589,285.79445734477105,5.710294104006425,10.692640072870455,0.7030543650681368,17.105988541945017
2022,6,Matara,2948.173048242604,4758.352689913103,340.8476284444738,6.810279741440417,12.752385208967112,0.8384851659734056,20.401150116380933
2022,7,Matara,2635.4714037509257,4253.652088266198,304.6952004181713,6.087938942664639,11.39978759655341,0.7495501930287014,18.237276732246748
2022,8,Matara,2304.1173804650057,3718.846538450881,266.3863117727559,5.322511148874164,9.96650872304836,0.6553103269609796,15.9443301988835
2022,9,Matara,2249.257442834886,3630.3025732496694,260.0437805400712,5.195784692948588,9.729210896309112,0.6397077001285753,15.564703289386275
2022,10,Matara,2221.8274740198267,3586.0305906490635,256.8725149237289,5.132421464985801,9.610561982939489,0.6319063867123731,15.374889834637662
2022,11,Matara,2139.5375675746486,3453.214642847247,247.35871807470195,4.9423317810974385,9.25461524283062,0.6085024464637668,14.805449470391824
2022,12,Matara,2084.677629944529,3364.6706776460355,241.01618684201728,4.815605325171863,9.017317416091373,0.5928998196313625,14.425822560894598
2022,1,Hambantota,47.97640537195832,77.26503077612857,6.212867388532605,0.11082549640922372,0.20707028248002457,0.015283653775790208,0.3331794326650385
2022,2,Hambantota,43.27283621784475,69.69002775886104,5.603762742598033,0.09996025166322135,0.18676927439374758,0.013785256346791163,0.3005147824037601
2022,3,Hambantota,176.85420019466986,284.8201134492582,22.902334687139795,0.4085332024496874,0.763317904044012,0.056339743330363894,1.2281908498240632
2022,4,Hambantota,1454.8139393673243,2342.9484332408397,188.39606698756222,3.360620199938519,6.27910180108545,0.463454324789403,10.103176325813372
2022,5,Hambantota,2119.4282608435706,3413.296359580738,274.4625534581168,4.8958792825486475,9.147634243676379,0.6751778815069673,14.718691407731994
2022,6,Hambantota,2527.6980634206266,4070.8066214795567,327.3328367252373,5.838982526501647,10.909761745565213,0.8052387783440837,17.55398305041094
2022,7,Hambantota,2259.5946216361544,3639.0314494953095,292.61387190696695,5.219663575979516,9.75260428464743,0.7198301248911386,15.692097985518084
2022,8,Hambantota,1975.4990447276953,3181.501267252352,255.82395129251896,4.563402793320975,8.526423396236304,0.6293269201795966,13.719153109736876
2022,9,Hambantota,1928.4633531865595,3105.751237079677,249.73290483317328,4.454750345860952,8.323413315373534,0.6143429458896063,13.392506607124092
2022,10,Hambantota,1904.9455074159916,3067.876221993339,246.68738160350043,4.40042412213094,8.22190827494215,0.606850958744611,13.229183355817701
2022,11,Hambantota,1834.3919701042887,2954.2511767343276,237.55081191448193,4.237445450940907,7.917393153647998,0.5843749973096255,12.739213601898529
2022,12,Hambantota,1787.356278563153,2878.501146561652,231.45976545513625,4.128793003480883,7.714383072785228,0.5693910230196351,12.412567099285747
2022,1,Badulla,83.73319769279595,118.23840325917412,2.5086245508630602,0.1934236866703587,0.3168789207345867,0.006171216395123127,0.5164738238000685
2022,2,Badulla,75.52406066409044,106.6464029396472,2.2626809674451125,0.17446058013404894,0.28581235987825454,0.005566195179914976,0.4658391351922184
2022,3,Badulla,308.6635522793262,435.8592120142104,9.24747873651481,0.7130128057652436,1.168102688198084,0.022748797691826427,1.903864291655154
2022,4,Badulla,2539.0860829786066,3585.405698829662,76.07035035117103,5.865288851680582,9.608887272863495,0.1871330618638807,15.661309186407957
2022,5,Badulla,3699.0371451346914,5223.355343978809,110.82217868812694,8.54477580526114,13.99859232186321,0.27262255957279224,22.81599068669714
2022,6,Badulla,4411.590239226326,6229.54097171374,132.17008172880472,10.190773452612815,16.695169804192826,0.3251384010528595,27.211081657858497
2022,7,Badulla,3943.6694285901144,5568.79695350071,118.15129747398176,9.109876380043167,14.924375835381904,0.2906521917859951,24.32490440721106
2022,8,Badulla,3447.837552056303,4868.640134201286,103.29630503553774,7.9645047452500615,13.047955559659448,0.25410891038742284,21.266569215296933
2022,9,Badulla,3365.7461817692483,4752.720131006017,100.83686920135827,7.774873679886964,12.737289951096127,0.24805869823534132,20.760222329218433
2022,10,Badulla,3324.700496625721,4694.760129408382,99.60715128426854,7.680058147205416,12.581957146814467,0.24503359215930057,20.507048886179184
2022,11,Badulla,3201.563441195139,4520.880124615481,95.91799753299935,7.395611549160773,12.115958733969489,0.23595827393117838,19.74752855706144
2022,12,Badulla,3119.4720709080843,4404.960121420212,93.45856169881988,7.205980483797676,11.80529312540617,0.22990806177909687,19.24118167098294
2022,1,Moneragala,31.732734040551364,53.916690178588865,2.560796985196434,0.07330261563367366,0.14449672967861815,0.0062995605835832295,0.22409890589587503
2022,2,Moneragala,28.621681683634552,48.63074016108013,2.3097384572359987,0.06611608468919582,0.13033038363169475,0.005681956604800558,0.20212842492569114
2022,3,Moneragala,116.97556862007167,198.75172065832754,9.439800651312344,0.2702135635123656,0.5326546113643178,0.02322190960222837,0.8260900844789117
2022,4,Moneragala,962.2484939943662,1634.9443404154447,77.65240269816245,2.2227940211269863,4.381650832313391,0.19102491063747967,6.795469764077857
2022,5,Moneragala,1401.8401920267102,2381.8490778894256,113.12697269897187,3.238250843581701,6.383355528743659,0.27829235283947085,9.899898725164832
2022,6,Moneragala,1671.8795366070879,2840.6695394091807,134.91885292593756,3.8620417295623732,7.612994365616603,0.3319003781978065,11.806936473376783
2022,7,Moneragala,1494.5495522628305,2539.370388411185,120.60851683219282,3.452409465727139,6.805512640941974,0.2966969514071944,10.554619058076309
2022,8,Moneragala,1306.6419899050559,2220.0990073536586,105.44458174338256,3.0183429966806794,5.949865339707804,0.25939367108872113,9.227602007477206
2022,9,Moneragala,1275.5314663358877,2167.2395071785713,102.9339964637782,2.9464776872359013,5.80820187923857,0.2532176313008944,9.007897197775366
2022,10,Moneragala,1259.9762045513037,2140.809757091028,101.67870382397604,2.910545032513512,5.7373701490039535,0.2501296114069811,8.898044792924447
2022,11,Moneragala,1213.310419197552,2061.5205068283976,97.91282590456953,2.8027470683463456,5.524874958300105,0.2408655517252411,8.568487578371691
2022,12,Moneragala,1182.199895628384,2008.6610066533106,95.40224062496519,2.7308817589015675,5.383211497830871,0.23468951193741439,8.348782768669853
2022,1,Colombo,334.9743249788415,766.9624657504311,11.156086967905386,0.7737906907011239,2.0554594082111555,0.027443973941047247,2.8566940728533265
2022,2,Colombo,302.13370488287654,691.7700671474474,10.062352951444069,0.6979288582794448,1.853943779955159,0.02475338826055241,2.5766260264951564
2022,3,Colombo,1234.8073156082783,2827.234187472177,41.12439901894533,2.8524048990551227,7.576987622425434,0.10116602158660552,10.530558543067162
2022,4,Colombo,10157.603795681927,23257.008887902775,338.2919312914839,23.464064768025253,62.32878381957944,0.8321981509770503,86.62504673858174
2022,5,Colombo,14797.98341524176,33881.694810504334,492.83654781746725,34.18334168920847,90.80294209215162,1.2123779076309695,126.19866168899105
2022,6,Colombo,17648.549239571505,40408.395009243286,587.772660446309,40.76814874341018,108.294498624772,1.44592074469792,150.50856811288008
2022,7,Colombo,15776.633894101511,36122.428288873234,525.4298215080144,36.4440242953745,96.80810781418027,1.2925573609097152,134.54468947046448
2022,8,Colombo,13793.060440305235,31580.807413253035,459.36828691375104,31.861969617105093,84.63656386751813,1.1300459858078276,117.62857947043106
2022,9,Colombo,13464.654239345586,30828.8834272232,448.4309467491379,31.103351292888306,82.62140758495818,1.1031401290028793,114.82789900684936
2022,10,Colombo,13300.451138865761,30452.921434208285,442.9622766668313,30.72404213077991,81.6138294436782,1.089687200600405,113.42755877505851
2022,11,Colombo,12807.841837426291,29325.03545516354,426.55626641991176,29.586114644454735,78.59109501983829,1.049328415392983,109.226538079686
2022,12,Colombo,12479.435636466642,28573.111469133702,415.6189262552986,28.827496320237945,76.57593873727834,1.0224225585880347,106.42585761610431
2022,1,Gampaha,251.46388885139456,348.5235843810237,13.912649155566365,0.5808815832467213,0.9340432061411437,0.03422511692269326,1.5491499063105585
2022,2,Gampaha,226.8105664149832,314.3546055201389,12.548663944236324,0.5239324084186112,0.8424703427939724,0.03086971330282136,1.397272464515405
2022,3,Gampaha,926.964923609062,1284.7536051692637,51.28584394600934,2.141288973536933,3.443139661853627,0.12616317610718297,5.710591811497744
2022,4,Gampaha,7625.272629581992,10568.46516167163,421.88062586438,17.614379774334402,28.32348663327997,1.037826339626375,46.97569274724076
2022,5,Gampaha,11108.7870898469,15396.541874714634,614.6117362253141,25.661298177546335,41.26273222423522,1.5119448711142727,68.43597527289585
2022,6,Gampaha,13248.69547732739,18362.409239839417,733.005652568761,30.60448655262627,49.211256762769644,1.803193905319152,81.61893722071508
2022,7,Gampaha,11843.456098451952,16414.777444768995,655.258495522949,27.358383587424008,43.99160355198091,1.6119358989864547,72.96192303839139
2022,8,Gampaha,10354.395423292714,14350.97112157156,572.8737887586149,23.91865342780617,38.460602605811786,1.4092695203461927,63.788525553964156
2022,9,Gampaha,10107.8621989286,14009.281332962713,559.2339366453145,23.349161679525068,37.54487397234008,1.3757154841474737,62.26975113601263
2022,10,Gampaha,9984.595586746545,13838.43643865829,552.4140105886644,23.064415805384517,37.08700965560422,1.3589384660481143,61.51036392703686
2022,11,Gampaha,9614.79575020038,13325.901755745022,531.9542324187139,22.210178182962874,35.71341670539667,1.3086074117500361,59.232202300109584
2022,12,Gampaha,9368.262525836266,12984.211967136176,518.3143803054136,21.640686434681776,34.79768807192495,1.2750533755513174,57.71342788215806
2022,1,Kalutara,103.04150356144278,128.87527533062521,7.704129469894876,0.23802587322693286,0.3453857378860756,0.01895215849594139,0.6023637696089498
2022,2,Kalutara,92.93939536914444,116.240444415858,6.948822659120865,0.21469000330272367,0.3115243910344994,0.017094103741437324,0.5433084980786603
2022,3,Kalutara,379.83926803041646,475.0696423952458,28.399536085102675,0.8774287091502622,1.2731866416192585,0.06986285876935255,2.2204782095388733
2022,4,Kalutara,3124.5820638778673,3907.953201937488,233.61639657240048,7.217784567557875,10.473314581192467,0.574696335568105,18.265795484318446
2022,5,Kalutara,4552.009951449619,5693.254810194089,340.3412489347677,10.515142987848622,15.25792289132016,0.8372394723795283,26.61030535154831
2022,6,Kalutara,5428.87294254111,6789.958133595878,405.90188010995143,12.540696497269968,18.197087798036954,0.9985186250704803,31.736302920377398
2022,7,Kalutara,4853.052775580108,6069.772771454151,362.8493918958331,11.210551911590052,16.266991027497124,0.8926095040637492,28.37015244315092
2022,8,Kalutara,4242.88544076529,5306.628984202213,317.228860525083,9.801065368167821,14.22176567766193,0.7803829968917041,24.803214042721454
2022,9,Kalutara,4141.8643588423065,5180.2806750545415,309.67579241734296,9.56770666892573,13.88315220914617,0.7618024493466634,24.212661327418562
2022,10,Kalutara,4091.353817880815,5117.1065204807055,305.8992583634729,9.451027319304684,13.71384547488829,0.7525121755741432,23.917384969767117
2022,11,Kalutara,3939.8221949963413,4927.584056759199,294.56965620186287,9.10098927044155,13.205925272114651,0.7246413542565825,23.031555896812783
2022,12,Kalutara,3838.801113073358,4801.235747611527,287.01658809412277,8.867630571199458,12.867311803598891,0.7060608067115418,22.441003181509892
2022,1,Total,1905.7984217516996,2839.8195171497778,164.9607000546918,4.402394354246426,7.610716305961405,0.40580332213454184,12.418913982342374
2022,2,Total,1718.9554392270227,2561.4058389978377,148.788082402271,3.9707870646144223,6.864567648514206,0.3660186827095866,11.201373395838216
2022,3,Total,7025.296142927833,10468.354298512904,608.0904237310207,16.228434090163294,28.055189520014586,1.4959024423783107,45.77952605255619
2022,4,Total,57790.53449488242,86113.35065239473,5002.190639893742,133.49613468317838,230.78377974841786,12.305388974138605,376.58530340573486
2022,5,Total,84191.4479256192,125453.2033752637,7287.381514180796,194.48224470818036,336.2145850457067,17.926958524884757,548.6237882787718
2022,6,Total,100409.41880876108,149619.51063885196,8691.164726410916,231.94575744823808,400.98028851212325,21.380265226970852,654.3063111873322
2022,7,Total,89759.36880485454,133749.93098419148,7769.325520222934,207.344141939214,358.44981503763313,19.112540779748418,584.9064977565956
2022,8,Total,78474.05266036409,116933.74482381436,6792.499414016719,181.27506164544104,313.3824361278225,16.709548558481128,511.3670463317447
2022,9,Total,76605.62283511732,114149.60804229496,6630.773237492512,176.958988749121,305.9209495533505,16.311702164231576,499.1916404667031
2022,10,Total,75671.40792249393,112757.53965153526,6549.910149230408,174.800952300961,302.1902062661145,16.112778967106802,493.1039375341823
2022,11,Total,72868.76318462381,108581.3344792562,6307.320884444098,168.326842956481,290.99797640440664,15.51600937573248,474.84082873662015
2022,12,Total,71000.33335937704,105797.1976977368,6145.5947079198895,164.01077006016095,283.5364898299347,15.118162981482929,462.6654228715786
