"Data Source","WDI Database Archives",

"Last Updated Date","2025-10-29",

"Country Name","Country Code","Indicator Name","Indicator Code","1960","1961","1962","1963","1964","1965","1966","1967","1968","1969","1970","1971","1972","1973","1974","1975","1976","1977","1978","1979","1980","1981","1982","1983","1984","1985","1986","1987","1988","1989","1990","1991","1992","1993","1994","1995","1996","1997","1998","1999","2000","2001","2002","2003","2004","2005","2006","2007","2008","2009","2010","2011","2012","2013","2014","2015","2016","2017","2018","2019","2020","2021","2022","2023","2024","2025",
"Aruba","ABW","CO2 emissions from transport (% of total fuel combustion)","EN.CO2.TRAN.ZS","","","","","","","","","","","","","","","","","","","","","","","","","","","","","","","","","","","","","","","","","","","","","","","","","","","","","","","","","","","","","","","","","","",
"Andorra","AND","CO2 emissions from transport (% of total fuel combustion)","EN.CO2.TRAN.ZS","","","","","","","","","","","","","","","","","","","","","","","","","","","","","","","","","","","","","","","","","","","","","","","","","","","","","","","","","","","","","","","","","","",
"Africa Eastern and Southern","AFE","CO2 emissions from transport (% of total fuel combustion)","EN.CO2.TRAN.ZS","","","","","","","","","","","","393.715061058484","392.822390792278","373.562395609343","341.314728106908","338.892254435346","298.672781881612","290.430563483932","332.202327663469","290.533169100468","285.631295189928","280.077269287584","283.368600960714","292.797586625786","287.878787879273","279.302815253586","281.873040751859","270.001460493771","287.991853953488","284.540404945753","288.836260545146","289.978588226717","300.454448626055","287.211608727086","296.605307195909","311.893840105173","300.977560542044","296.898379524171","287.672892776717","307.495142037486","300.357283434766","282.580242220171","284.349315068493","286.002644776566","282.222273749623","294.740140665258","305.773049969183","315.444335405081","306.181950893129","318.337836696783","330.878659365092","359.250848940647","357.776840244295","375.164113785558","360.052069869641","","","","","","","","","","","",
"Afghanistan","AFG","CO2 emissions from transport (% of total fuel combustion)","EN.CO2.TRAN.ZS","","","","","","","","","","","","","","","","","","","","","","","","","","","","","","","","","","","","","","","","","","","","","","","","","","","","","","","","","","","","","","","","","","",
"Africa Western and Central","AFW","CO2 emissions from transport (% of total fuel combustion)","EN.CO2.TRAN.ZS","","","","","","","","","","","","932.600732600484","925.260416667","904.971098265427","901.747678864271","903.724928366722","921.048354327377","1000.31567870895","997.357357356865","992.64838806908","993.204922418227","947.670426679864","923.492349234875","909.512302284409","900.023380874474","855.702442303837","870.023255813535","833.881654101405","858.401054249685","868.995443697266","867.820069203724","917.255948410364","922.752646776075","879.290547467984","842.755941498713","890.561605808651","905.313273662309","971.792693287756","882.659059474075","885.445783132976","904.189270644967","947.004797806717","958.334424512243","971.261444557478","992.986425339367","930.108303249098","876.665407379423","844.844579226687","895.228628230616","984.747449614332","927.897715363655","841.214215202369","833.707348477881","824.375904486252","797.384378676803","","","","","","","","","","","",
"Angola","AGO","CO2 emissions from transport (% of total fuel combustion)","EN.CO2.TRAN.ZS","","","","","","","","","","","","5543.83459764059","6211.821862347","5750.32467532212","5095.8152958158","4949.45172098674","5072.91831880327","3795.41584244559","4573.94121697552","3662.00787402126","3330.17618673281","3053.45938375","3459.82800982799","2971.72780632229","2777.20084966336","3255.49645389348","3278.93934000604","3218.50516702389","3402.74632709918","3468.52394915784","2295.81530866136","2766.48160619365","2693.9595147927","2535.07274715206","3263.80328705566","2421.19662094243","2091.82789145899","2147.37951917889","1939.4500039786","2152.33835363908","2002.53808875656","2062.49230722343","2322.36204795856","3385.28853222563","3626.56138129643","3420.0083483339","3512.22521159791","3593.25836468756","3918.95745815779","3433.093873221","3574.88609731906","3516.9259069873","3136.70577769136","2941.63073079249","2507.40932642917","","","","","","","","","","","",
"Albania","ALB","CO2 emissions from transport (% of total fuel combustion)","EN.CO2.TRAN.ZS","","","","","","","","","","","","1655.41443776179","1533.96176350056","1769.18002513214","1788.59502613583","1746.99839949619","1878.07731769106","1819.99229777519","1728.20017762871","1622.20887352287","1878.09297914331","1215.00035474611","1211.54606853893","1209.90700805007","1606.2161274523","1369.63454978737","1276.60902783822","1275.86154653435","1404.86032764322","1230.31216761681","1083.30039274908","1195.66212512871","1596.73038515684","2217.39777869803","2683.12996942639","3014.93953845746","2950.98797739337","3051.47630148937","3801.52390025973","4248.32939825829","4245.42126532958","4256.27661185299","4208.56299311788","4428.03137975169","5012.93364894796","5412.86144716346","4456.31184407032","4891.4120357911","5420.67692319286","5157.01522961854","4814.27419012135","4554.26791831051","4493.70892229367","4375.00000000462","3417.23300970806","","","","","","","","","","","",
"Andorra","AND","CO2 emissions from transport (% of total fuel combustion)","EN.CO2.TRAN.ZS","","","","","","","","","","","","","","","","","","","","","","","","","","","","","","","","","","","","","","","","","","","","","","","","","","","","","","","","","","","","","","","","","","",
"Netherlands Antilles","ANT","CO2 emissions from transport (% of total fuel combustion)","EN.CO2.TRAN.ZS","","","","","","","","","","","","","","","","","","","","","","","","","","","","","","","","","","","","","","","","","","","","","","","","","","","","","","","","","","","","","","","","","","",
"Arab League states","ARB","CO2 emissions from transport (% of total fuel combustion)","EN.CO2.TRAN.ZS","","","","","","","","","","","","2063.4541360427","2123.24864607973","2128.87720374172","2164.71750176083","2157.39528063689","2205.56701212669","2270.91927277143","2395.88002511313","2205.31132691476","2119.03041022622","2232.16810261158","2276.12759856639","2411.89529833115","2539.89788880663","2550.74540336071","2362.74218158449","2359.15509834248","2338.23536317618","2320.1004053351","2423.50371711552","2431.2034301425","2397.08295193072","2315.89551182709","2281.45119418061","2178.56866837552","2169.60355523537","2108.20638609411","2152.64676415251","2163.4009090222","2215.48530877164","2132.79353082848","2136.87381006852","2121.12587031108","2127.34305756878","2114.09036260382","2127.30574371472","2182.87024300557","2161.63730543874","2061.39353971318","2071.77373881459","1941.37545628735","1750.82169245727","1602.07313754115","1410.42444378341","","","","","","","","","","","",
"United Arab Emirates","ARE","CO2 emissions from transport (% of total fuel combustion)","EN.CO2.TRAN.ZS","","","","","","","","","","","","1475.17006803197","1864.74527192292","2117.75990278375","2664.48912706683","2981.51739304696","3044.74296048083","1921.62420038728","1852.07850436236","2024.81174956253","3219.48237653805","3118.70746332808","3156.02777859104","3337.56846751172","2735.95758792305","2346.44986171639","2081.42018440334","2034.26694102747","2045.91260349491","1847.38732960467","1932.08107255503","1742.867598234","1852.07191601948","1875.55519101236","1689.37100661408","1669.26213022056","1582.58845103856","1528.12935944853","1489.34037942438","1487.61937249801","1610.95924412679","1604.20912935679","1749.48247927135","1857.74090025291","1772.18801177299","1821.14622823196","1836.41812806959","1742.98129298874","1580.53672467712","1494.47843189796","1499.47403250893","1405.5337054783","1255.89529030948","1229.47671056082","1199.26466397172","","","","","","","","","","","",
"Argentina","ARG","CO2 emissions from transport (% of total fuel combustion)","EN.CO2.TRAN.ZS","","","","","","","","","","","","2563.22632412345","2706.95742231809","2637.87934930386","2699.01454691568","2634.31329907781","2508.31760717466","2597.58480006572","2682.62817016387","2754.59852332118","2908.58095286743","2954.96916551985","3015.40243276783","2955.67096737498","2856.55987947117","2654.20844708735","2633.66156940888","2568.69942378458","2300.30188112449","2343.8378869396","2536.14385083414","2533.74335476418","2668.68699989283","2935.03354189121","2860.68720270453","2896.9520997959","2783.21617447786","2748.99103887616","2782.49189942325","2622.32238898097","2567.88818473848","2521.07483404719","2488.7369300631","2372.40293866908","2274.14246442826","2327.42364061422","2310.3277224627","2253.15456477648","2249.27937673454","1996.02642514478","2095.73185179796","2155.22404464505","1836.90129336489","1649.27762668983","1377.52715555336","","","","","","","","","","","",
"Armenia","ARM","CO2 emissions from transport (% of total fuel combustion)","EN.CO2.TRAN.ZS","","","","","","","","","","","","","","","","","","","","","","","","","","","","","","","1313.45307918081","1233.07733150925","1523.64298147869","2138.55447154496","527.190136275376","289.359154561991","221.413580246445","168.700740386636","189.474799202917","212.04685914539","1478.62745099177","1461.50692297746","1654.62847358558","1601.09056693796","1562.13872831433","1444.77068101868","1416.34363542004","1926.02209463649","2084.49794735798","2239.35360798715","2610.09350934931","2210.73926349344","1672.31251355926","1587.78625954992","1583.33333333556","","","","","","","","","","","",
"American Samoa","ASM","CO2 emissions from transport (% of total fuel combustion)","EN.CO2.TRAN.ZS","","","","","","","","","","","","","","","","","","","","","","","","","","","","","","","","","","","","","","","","","","","","","","","","","","","","","","","","","","","","","","","","","","",
"Antigua and Barbuda","ATG","CO2 emissions from transport (% of total fuel combustion)","EN.CO2.TRAN.ZS","","","","","","","","","","","","","","","","","","","","","","","","","","","","","","","","","","","","","","","","","","","","","","","","","","","","","","","","","","","","","","","","","","",
"Australia","AUS","CO2 emissions from transport (% of total fuel combustion)","EN.CO2.TRAN.ZS","2164.32598278449","2079.66669350077","2108.47069803046","2154.36929857332","2146.15782926284","2130.05967264563","2093.47462441553","2096.67590446298","2116.4495253555","2168.39121228843","2009.9301162232","2039.69745435281","2028.58104872721","2115.21853882795","2012.1177724596","2011.83281470563","2048.88126513658","2024.72024097968","2189.17107343721","2170.60534020953","2124.6957419504","2155.49942568401","2139.81303294601","2242.1005666524","2267.75592765372","2205.80785827879","2251.37303757548","2188.67395026084","2185.41528514471","2134.12632424716","2118.65096920296","2058.7467717922","2078.13717177071","2084.22382664106","2091.95064430219","2100.14536840701","2100.96220702138","2089.30644950779","1958.34595749588","1959.06492996844","1983.65674195398","1923.99699711002","1925.45786543465","1912.75254814424","1906.55158566635","1885.3766574928","1900.69341196448","1906.2654252223","1929.4043678219","1792.35608177057","1868.47781041379","1839.79623113362","1642.25305021595","1560.68388693858","1410.43662046839","","","","","","","","","","","",
"Austria","AUT","CO2 emissions from transport (% of total fuel combustion)","EN.CO2.TRAN.ZS","1597.06938332251","1650.10653087915","1644.560205543","1588.68345939192","1614.25825378711","1708.88001288383","1783.36091554417","1810.9052408666","1748.96269743798","1824.01220121408","1679.19104584322","1738.66131374386","1831.43315954495","1834.93267029638","1798.69445779839","1869.57898119117","1749.22261325969","1915.13438279816","1950.73932644281","1966.11199862799","1885.73670972349","1870.88336526057","1924.04577540222","2005.27664757163","1895.72754754796","1871.40538869135","1976.17608059961","1977.04644636511","2191.35380956725","2267.86272302488","2154.84159719412","2214.46935784068","2411.19319872872","2424.03725020033","2418.22577248781","2315.56904165033","2406.94472511607","2304.80235412981","2580.74668123702","2577.80217386178","2671.06234062546","2694.33131520863","2886.44958175551","2872.62045401786","2872.34734004657","2926.8974551394","2873.57527966993","3003.48270034073","2839.69074213539","2836.64878523255","2700.25805776451","2573.71932928754","2355.74666506816","2301.87963812666","2087.56169792963","","","","","","","","","","","",
"Azerbaijan","AZE","CO2 emissions from transport (% of total fuel combustion)","EN.CO2.TRAN.ZS","","","","","","","","","","","","","","","","","","","","","","","","","","","","","","","972.059232878028","786.334029992067","811.365822410647","858.835735383676","866.177557428444","904.428047410593","865.63694057233","1029.10886605696","950.147605976089","531.587531862616","752.604399805458","876.945257027023","1003.76240585596","990.718459217811","1198.77794992806","1293.67286851602","1440.708421881","1269.82608829869","1480.26219972533","1455.16887348726","1761.80768944213","1748.15953804677","1549.27157345106","1608.99830219922","1395.84280610332","","","","","","","","","","","",
"Burundi","BDI","CO2 emissions from transport (% of total fuel combustion)","EN.CO2.TRAN.ZS","","","","","","","","","","","","","","","","","","","","","","","","","","","","","","","","","","","","","","","","","","","","","","","","","","","","","","","","","","","","","","","","","","",
"Belgium","BEL","CO2 emissions from transport (% of total fuel combustion)","EN.CO2.TRAN.ZS","716.132460637017","740.872841186918","697.496466568768","634.096983012693","673.221497924969","710.82349176814","695.480241093314","753.824253110963","776.547969368463","771.605122048611","832.874284340364","882.617067257502","869.678226278331","854.873136305569","852.300317447023","1031.74169113787","1016.9549843565","1076.79495016314","1059.29926947145","1092.25305124861","1123.5657101021","1193.11919043534","1278.43601272101","1420.90728901137","1396.14174788909","1442.69705627014","1567.63878755726","1613.15658333251","1714.56575994773","1730.19213852872","1688.979712829","1641.9693938714","1746.06823064126","1834.58036631157","1801.01059582113","1800.13941567071","1771.07734170171","1828.38920001274","1829.35861601543","1904.26732085057","1888.51735104192","1934.43219269996","2059.60177002865","2023.8953646742","2118.23827250999","2114.59858667658","2128.9361818168","2204.41049858214","2288.13234643721","2292.15827783665","2101.95358871952","2205.37891512763","1857.04264001499","1703.93399923335","1631.83379120513","","","","","","","","","","","",
"Benin","BEN","CO2 emissions from transport (% of total fuel combustion)","EN.CO2.TRAN.ZS","","","","","","","","","","","","7333.33333332299","7040","6809.756097568","6935.71428571052","6913.04347826847","5721.42857144172","6203.03030303943","6323.68421052953","6260.52631579006","5933.33333334367","5340","5933.33333334367","5686.11111111455","6605.68990043812","6817.02127659333","6946.34146342141","6922.2222222291","6726.42857142571","6039.28571429415","5785.99999999115","5785","5085.71428570586","5085.71428570586","4916.8831168889","4854.54545455864","4878.09523810062","5208.60569716569","5508.9256198289","5638.9238020439","5760.20377583563","5087.09503966779","5162.08900887169","5344.37432076115","5129.08833221713","5109.833536728","5382.71095118619","5692.75296820739","5673.77384403777","5631.95962849124","5850.12698413077","5577.0132852234","4874.93409680894","4524.96721683816","3852.96167247853","","","","","","","","","","","",
"Burkina Faso","BFA","CO2 emissions from transport (% of total fuel combustion)","EN.CO2.TRAN.ZS","","","","","","","","","","","","","","","","","","","","","","","","","","","","","","","","","","","","","","","","","","","","","","","","","","","","","","","","","","","","","","","","","","",
"Bangladesh","BGD","CO2 emissions from transport (% of total fuel combustion)","EN.CO2.TRAN.ZS","","","","","","","","","","","","743.643329851548","745.428973277944","572.487880782664","1100.93833236119","1233.14550427517","1214.94582536263","1150.8771929723","1118.47875951259","1298.33050367593","1304.63019251092","1128.08163265815","1224.33363149636","1468.86461186813","1425.81993583109","1501.51515151038","1328.18627804105","1292.45093798371","1301.00243686558","1325.69958127086","1242.39042035837","1445.64640404136","1524.96975953294","1465.16003104646","1384.572807501","1362.84347287874","1481.59144041102","1502.47847424615","1505.47491014092","1336.94494651396","1225.69720006763","1299.70227249289","1245.2419312748","1208.06654941313","1280.70898456066","1339.50284891556","1278.90592695361","1254.86544253847","1292.23747201229","1209.69940498446","1243.23694050256","1277.97021285549","1054.81249340071","892.725107161917","809.185803756639","","","","","","","","","","","",
"Bulgaria","BGR","CO2 emissions from transport (% of total fuel combustion)","EN.CO2.TRAN.ZS","","","","","","","","","","","","713.458056343113","657.959927141156","626.842549053868","602.54950904366","558.778278630977","553.426976869141","517.225321815746","453.299918245047","428.972460629087","431.709303560177","435.280057127687","426.577474788921","433.985078714131","429.69279074651","400.836508384195","395.054053712877","392.551425114761","733.554693969995","783.357942388193","765.529575514428","569.410296858208","624.523719726787","699.57156689749","668.166277333095","703.157371750195","688.39383153256","741.40685907692","982.708466262238","1166.05016703893","1142.52005045159","1104.68234741105","1220.39838262651","1220.90765161418","1326.46764188882","1453.31546837801","1515.58108585361","1387.11411797778","1521.94653841885","1583.77635499723","1471.44100376216","1293.34739299941","1297.16157094429","1208.92136322271","1112.12912414396","","","","","","","","","","","",
"Bahrain","BHR","CO2 emissions from transport (% of total fuel combustion)","EN.CO2.TRAN.ZS","","","","","","","","","","","","542.137511638353","581.50537634456","471.046468631176","473.349995193197","610.13060245705","733.346046817244","826.230158730022","885.919519897065","766.915396863306","766.96091478027","806.837706966041","835.154719936099","890.007083954228","865.59621713317","823.678617259118","730.430738500705","744.027497959355","755.259248702464","780.468047885079","809.174459763648","846.473687529625","821.062119814165","815.483053419364","815.201445688253","840.163348969356","814.692060145903","836.869793908277","820.395258860376","852.147099841451","874.901392220477","882.915714457457","938.565741539136","983.286590576272","1070.69903802367","1105.11959069999","1056.49555628437","1117.37190416877","1140.50828004055","1060.3530593578","1052.34885372666","933.481768521026","847.225999014239","758.420589670768","652.745031999283","","","","","","","","","","","",
"Bahamas, The","BHS","CO2 emissions from transport (% of total fuel combustion)","EN.CO2.TRAN.ZS","","","","","","","","","","","","","","","","","","","","","","","","","","","","","","","","","","","","","","","","","","","","","","","","","","","","","","","","","","","","","","","","","","",
"Bosnia and Herzegovina","BIH","CO2 emissions from transport (% of total fuel combustion)","EN.CO2.TRAN.ZS","","","","","","","","","","","","","","","","","","","","","","","","","","","","","","","813.375246264767","771.806970292384","593.642582718948","570.085540932245","2826.65264394299","2700.76070640569","2227.40901553575","1128.65307642221","1176.42298323747","1154.00406825628","1362.53719126008","1408.17045578826","1278.66529136226","1258.16921622234","1402.02823754087","1293.85633390897","1458.56795700462","1465.18481654869","1476.135951571","1447.87799533359","1395.58662939502","1168.83554970234","1032.19477899881","852.210567285386","783.024976877243","","","","","","","","","","","",
"Belarus","BLR","CO2 emissions from transport (% of total fuel combustion)","EN.CO2.TRAN.ZS","","","","","","","","","","","","","","","","","","","","","","","","","","","","","","","957.783654550179","1060.31833553384","1113.06634678263","1084.99596186826","906.697556260035","1007.10000237344","1066.35051277687","1118.85615459726","1220.44226579863","1121.93480730571","1049.91502013531","1015.43742471509","1085.54973791542","1103.38958985287","1072.2384801994","1181.75617162151","1322.65984580262","1385.64463031497","1510.51653089776","1489.28509336296","1481.46250594692","1544.62364428867","1396.41581504596","1390.59561736632","1169.17987114349","","","","","","","","","","","",
"Belize","BLZ","CO2 emissions from transport (% of total fuel combustion)","EN.CO2.TRAN.ZS","","","","","","","","","","","","","","","","","","","","","","","","","","","","","","","","","","","","","","","","","","","","","","","","","","","","","","","","","","","","","","","","","","",
"Bermuda","BMU","CO2 emissions from transport (% of total fuel combustion)","EN.CO2.TRAN.ZS","","","","","","","","","","","","","","","","","","","","","","","","","","","","","","","","","","","","","","","","","","","","","","","","","","","","","","","","","","","","","","","","","","",
"Bolivia","BOL","CO2 emissions from transport (% of total fuel combustion)","EN.CO2.TRAN.ZS","","","","","","","","","","","","3953.00848996196","3883.8523272618","3959.31869772057","4057.96175979272","4160.87151230467","4202.76478704793","4549.99739847055","4713.1586989598","4724.48847394466","4444.5353973647","3954.22658297006","3026.39689071744","3171.96185320321","3332.28535271562","3580.90782811156","3718.11809109299","4040.02289886454","4157.47091243713","3990.40821134136","3827.20406162782","3995.14215489431","3766.83627904829","4161.38838576106","3991.3270565381","3926.07661713715","4316.85574312752","4064.52042372365","3936.37090292574","4180.01969078108","3673.60792234783","3724.89524424539","3611.10048811541","3550.25436133415","3543.96236577437","3448.36131108413","3530.46549979773","3611.1461199534","3700.69745109235","3487.26502464756","3323.05122918047","3167.27244968941","2643.1788671279","2683.06298236194","2320.49180327503","","","","","","","","","","","",
"Brazil","BRA","CO2 emissions from transport (% of total fuel combustion)","EN.CO2.TRAN.ZS","","","","","","","","","","","","4212.44019881774","4361.99095406236","4368.50400345231","4463.64742578845","4468.48965700665","4369.77279561127","4137.13076865507","4053.25983372063","3987.4123732583","3816.50650733361","4091.90821081527","4090.3522654988","4038.01487152089","3965.61011790284","3920.9207175719","3886.16879506653","3721.56135123412","3659.62634399928","3771.15694194421","3909.02433191441","3941.32932608191","3882.85229532631","3894.36814135804","3923.71326131833","4015.76232451979","4058.34492167825","4026.89832568582","4118.34688082229","3900.33410318835","3771.86705998937","3765.86783890458","3830.8083902549","3826.24553418372","3868.33622077705","3873.32642180116","3909.67950180015","3880.71076007608","3811.86085230738","3800.21475204496","3753.6142799195","3734.03052305495","3318.29684128261","2995.59079576532","2550.88231586804","","","","","","","","","","","",
"Barbados","BRB","CO2 emissions from transport (% of total fuel combustion)","EN.CO2.TRAN.ZS","","","","","","","","","","","","","","","","","","","","","","","","","","","","","","","","","","","","","","","","","","","","","","","","","","","","","","","","","","","","","","","","","","",
"Brunei","BRN","CO2 emissions from transport (% of total fuel combustion)","EN.CO2.TRAN.ZS","","","","","","","","","","","","1760","1353.84615383269","1031.2020460322","780.70175438732","631.205673760224","673.513513514844","761.336987970578","809.090909091174","908.16326529851","1113.64068441354","1066.36437102123","1184.2121291089","1255.85170761471","1246.54261535933","1360.12610632152","1376.36312105005","1441.82812956638","1467.61109601888","1513.23115469406","1497.79334927715","1567.73948109515","1610.11330258367","1561.56523083809","1541.24474902375","1531.35178251999","1576.32761516843","1515.96388350076","1679.90893271133","1706.66109317658","1616.89554144414","1720.22189967759","1781.51430648659","1548.22794690552","1740.66098029833","1739.85970375991","1262.68904963479","1457.36366396388","1384.90216738009","1258.88490865477","1400.18768093364","1406.19592247185","1328.8079866172","1262.04379561212","1148.50746268522","","","","","","","","","","","",
"Bhutan","BTN","CO2 emissions from transport (% of total fuel combustion)","EN.CO2.TRAN.ZS","","","","","","","","","","","","","","","","","","","","","","","","","","","","","","","","","","","","","","","","","","","","","","","","","","","","","","","","","","","","","","","","","","",
"Botswana","BWA","CO2 emissions from transport (% of total fuel combustion)","EN.CO2.TRAN.ZS","","","","","","","","","","","","","","","","","","","","","","1599.30910770198","1653.55552187097","1878.64749450547","2015.26175687924","1938.32192952509","1938.4053982502","2068.25181770404","1876.82974989567","1972.88274823606","2042.38894520455","2287.05978839414","2167.45365101089","2165.82582086907","2198.44720496689","2462.55727290425","2722.17465753969","2783.94860379094","2481.66494052171","2600.252284193","2668.43933656034","3016.7852057778","2765.54009989832","3047.95736123431","3247.32841069281","3103.8170548282","3452.49979502744","3520.65429914583","3986.19699689542","3424.0973942281","4486.07474882844","4064.84847450783","3026.24353897322","2655.6708642061","1830.95930232232","","","","","","","","","","","",
"Central African Republic","CAF","CO2 emissions from transport (% of total fuel combustion)","EN.CO2.TRAN.ZS","","","","","","","","","","","","","","","","","","","","","","","","","","","","","","","","","","","","","","","","","","","","","","","","","","","","","","","","","","","","","","","","","","",
"Canada","CAN","CO2 emissions from transport (% of total fuel combustion)","EN.CO2.TRAN.ZS","2381.9040834456","2342.0069000579","2296.85696959958","2279.47168109549","2256.62815934532","2219.62905403762","2262.73470818073","2247.67404748868","2201.69037826946","2194.99485384315","2154.12429761546","2174.71250937039","2210.17791435698","2296.17202652548","2361.47033513379","2457.76102729643","2486.07157460335","2440.71168916381","2553.77448552654","2694.22490950552","2708.57862795671","2816.19219210856","2549.74015152797","2536.03258579546","2510.52888310454","2557.66516492643","2611.52779661648","2643.47080522267","2613.55261309861","2562.95435722033","2623.07012077673","2583.58409332095","2595.12023795939","2648.78634908641","2682.29932936092","2690.42943903184","2671.89999662157","2665.268772203","2682.59702969251","2693.35194554538","2561.42777227769","2561.69112425738","2575.39729026565","2520.54762302812","2633.75299623218","2644.25900950644","2703.13141960627","2673.89960815202","2701.06624410182","2660.82851015681","2676.09669604562","2499.96372250163","2220.62276392838","2065.97298474865","1812.22602740012","","","","","","","","","","","",
"Central Europe and the Baltics","CEB","CO2 emissions from transport (% of total fuel combustion)","EN.CO2.TRAN.ZS","1044.6930498799","1012.21579532784","1002.63124166265","1014.80238693459","961.821901328523","869.094337296957","880.807610380217","873.002945170341","864.676276119381","820.469308000998","801.639606506737","618.921889102867","614.181098521754","607.307470354459","581.3307490313","578.824786193263","546.985452324972","529.101102164332","502.909647025283","479.488523280895","448.572425058423","432.830438070647","413.259196422895","407.848453165342","400.873661423358","381.983802827196","397.132319308544","405.094069827238","426.101311853006","488.258342163353","589.263141996048","574.632635584617","612.34992230987","599.923169119491","633.306906965247","635.749393023578","708.406412311054","772.762253061818","851.991896051265","925.766997391129","903.814376632124","940.312858260363","983.853609080012","1003.95742374963","1080.97916439658","1147.57801403177","1195.01425795698","1278.74704726467","1360.48567657532","1419.51702019375","1384.13968618806","1371.3073814145","1295.77519192379","1176.53433051568","1119.63297407945","","","","","","","","","","","",
"Switzerland","CHE","CO2 emissions from transport (% of total fuel combustion)","EN.CO2.TRAN.ZS","1888.78579427435","2193.17285144565","1940.62792352044","1785.13609621419","2090.31257967509","2044.6811623534","2190.73285919513","2153.52134530761","2068.79961155988","2030.43215034463","1988.94612242361","2101.00298622028","2152.69548691076","2051.32598165376","2192.19604262777","2181.44720741704","2076.3696865558","2181.51602378441","2154.1599298487","2237.42417002943","2340.83063949413","2557.01172626411","2767.04183456041","2585.26734878109","2681.05570758613","2497.71341745204","2642.71970425288","2804.88298978368","2971.267023664","3074.61366059577","3150.42005232446","3053.48415089873","3108.9885208777","3048.11739623857","3203.73772695548","3075.54482017391","3020.18153234192","3202.86145499336","3113.52920922549","3092.33750759332","3497.98860899611","3329.80203095419","3443.57172183594","3361.55774560989","3356.22282927124","3338.2534374335","3393.40075262352","3624.73364557832","3586.56445680987","3455.34043435214","3329.0819576683","3456.21983104864","2954.64963912429","2672.23324393625","2555.48489665889","","","","","","","","","","","",
"Channel Islands","CHI","CO2 emissions from transport (% of total fuel combustion)","EN.CO2.TRAN.ZS","","","","","","","","","","","","","","","","","","","","","","","","","","","","","","","","","","","","","","","","","","","","","","","","","","","","","","","","","","","","","","","","","","",
"Chile","CHL","CO2 emissions from transport (% of total fuel combustion)","EN.CO2.TRAN.ZS","","","","","","","","","","","","2521.46508551871","2489.01138114811","2414.31765892827","2356.1118933476","2354.1389842889","2292.1781109016","2309.22741629656","2463.32425523931","2499.99437240924","2594.29034502302","2764.04783700517","3027.84676613766","2934.11554895133","2751.83096210889","2802.95616717883","2793.8381196627","2941.89755138926","2775.94610542761","2458.04103683384","2715.13835196864","2950.03404189922","3093.46928084982","3243.40118869632","3183.64321004156","3240.32157252955","3038.70471915638","2797.45447690366","2896.7714273727","2782.42161646813","3061.98317368178","3018.49136705269","3062.85627243883","2942.71017868664","2780.90633013775","2997.44671701826","2888.45157690059","2773.45380905693","2753.48820400314","2691.84058279658","2608.76666876594","2312.03327716656","2030.77569662352","1941.04377515863","1771.42857143298","","","","","","","","","","","",
"China","CHN","CO2 emissions from transport (% of total fuel combustion)","EN.CO2.TRAN.ZS","","","","","","","","","","","","508.014696094867","525.281203396443","548.546258598713","589.229573885915","566.135523586524","552.757212977892","541.864547622008","520.329044193105","530.002594221278","511.970103590001","520.245687846879","525.560487187596","530.027283466296","519.596106408624","529.096403187048","542.864773189257","530.492138855053","521.914750756217","521.415148860432","453.140025864867","460.660528094557","481.780988181079","497.118013385534","443.442266379204","431.58231451882","561.355686486855","501.82836556117","483.406109402395","548.760687083392","736.863375979784","724.637615638068","726.90320641661","705.886371936998","702.736922188726","670.632759864852","663.999900968733","659.142462298591","686.312379025487","632.320487685205","648.907046194456","611.113136319501","570.101026709422","545.176619920661","490.125630573694","","","","","","","","","","","",
"Cote d'Ivoire","CIV","CO2 emissions from transport (% of total fuel combustion)","EN.CO2.TRAN.ZS","","","","","","","","","","","","3223.97759104467","3185.41071811617","2952.05146846237","2972.30321814741","2923.657982162","3076.04810310212","3353.15703424399","3117.96959480763","3591.11513642132","4041.86864842035","4436.14742745202","4179.49610628756","2988.35637170425","3106.86097685098","3431.70264567009","3288.92789418516","3149.39650565058","3184.42758529124","3740.92644843229","3890.12398832604","3775.31192584315","3663.95524673827","3320.64501149753","3146.54400596585","3361.11671030133","2877.23894096273","2569.19519259857","2232.33133136887","1894.84310064286","1822.6477298084","1798.93170927455","1972.69253735256","1799.38025251408","1893.23707640087","1875.18137473803","2016.985467305","2060.13958624573","2177.63037491947","2228.0276207889","2022.89222491394","2087.83989990371","2113.261826513","1973.77912186156","1774.01069518476","","","","","","","","","","","",
"Cameroon","CMR","CO2 emissions from transport (% of total fuel combustion)","EN.CO2.TRAN.ZS","","","","","","","","","","","","6750.68493151535","7079.56254271626","7033.92405062987","6852.1341463439","6487.10407238524","6617.47311827066","6662.70893058853","6347.12430426921","6345.44229356264","6294.63255306738","6047.58620689253","6158.72900334988","6530.50527902366","6504.04279612265","6450.86627243534","6327.7243293177","6460.53572773731","6617.32644864789","5952.79812833496","5872.75706504087","5711.78359932034","6112.98601799725","6175.17456569051","6104.87916096518","6140.69268292299","6290.57377047991","6284.04669260646","6225.37313432071","6061.66666665966","5916.12903226621","6090.77490775856","6311.3590263678","6255.70469799303","6370.764119592","6392.83276451038","5336.01286173303","4566.77865846441","4543.71539336009","4383.54116120121","4441.40503514096","4373.03627298947","3808.7399975074","3407.55323772901","3067.05298013259","","","","","","","","","","","",
"China and India","CNI","CO2 emissions from transport (% of total fuel combustion)","EN.CO2.TRAN.ZS","","","","","","","","","","","","","","","","","","","","","","","","","","","","","","","","","","","","","","","","","","","","","","","","","","","","","","","","","","","","","","","","","","",
"Congo, Dem. Rep.","COD","CO2 emissions from transport (% of total fuel combustion)","EN.CO2.TRAN.ZS","","","","","","","","","","","","1432.3366555973","1474.38867439726","1654.5341135307","1766.57654612955","1913.29664477377","1735.49125758051","1452.88311688913","1609.35064934577","1686.2420382142","1666.66193310181","1533.14141521379","1670.78409206963","1450.2031488141","1520.66332979066","1465.86908744774","1608.23266218626","1507.30581902764","1443.65158460353","1519.99999999209","1674.12094368673","2393.80660239673","2515.09625127124","2597.79355397452","2985.23334952987","3130.82706767002","3127.49999999517","3113.65217390821","2846.2903404722","2810.63871210468","7073.52588940015","6914.46441808029","6784.98023715623","6646.79682019919","6733.80626722248","6666.8692862854","6655.61700233112","6695.57815104018","6847.1133550462","6655.52843368786","6735.40398988071","6825.60601876986","6399.5385222339","6065.65818802205","5516.52360515039","","","","","","","","","","","",
"Congo","COG","CO2 emissions from transport (% of total fuel combustion)","EN.CO2.TRAN.ZS","","","","","","","","","","","","5336.72111312868","5481.96721312291","5295.38461538462","5562.69746646374","5639.89071038448","6139.29729729648","5242.41071428571","6096.76470588605","6088.06588148382","6495.97049690049","6588.19550143778","7240.41666666667","7205.03326537303","7108.70116693079","6939.76190476342","7153.79593485255","7047.12121212468","7083.75207297276","6849.94219979202","6935.3672234994","6908.73704674174","6731.97871728939","6961.53461466493","6635.46686234095","6712.53311923088","6663.56633561918","6766.09634237899","8128.49963045297","7174.58202984001","7524.6359133641","7632.89375068251","7481.51773049773","6998.78690843082","8012.55394516862","7563.30261788443","7597.23815167756","7696.09903900025","7600.45964059727","6798.18693629391","6771.49694959093","6265.86398201797","5047.61010612277","4870.83585705571","4361.36363636849","","","","","","","","","","","",
"Colombia","COL","CO2 emissions from transport (% of total fuel combustion)","EN.CO2.TRAN.ZS","","","","","","","","","","","","2224.25670035903","2290.08101995239","2355.06221779549","2478.67409421013","2914.78625215897","2930.3570410458","2952.7540614647","2969.20743232784","3064.6401089094","3007.88113574225","3037.25207719607","3126.86298429831","3112.89424730753","3174.26827644967","3143.82050551796","3148.4713017319","3059.49210911478","3271.63428930155","3211.09069763528","3189.12501963081","3188.09467111864","3229.41162289788","3064.29647039243","2846.59879836407","3258.18129517005","3337.70783259148","3240.37445913656","3140.80567159628","3187.85822361689","2976.4864766378","3100.30565098819","2859.28419529532","2976.08243216381","3385.23561276427","3319.8956830922","3469.21205904891","3488.53671284488","3506.43936891395","2944.81722277384","3006.32161387365","3173.15941224863","2975.23469547071","2597.52224525755","2348.4","","","","","","","","","","","",
"Comoros","COM","CO2 emissions from transport (% of total fuel combustion)","EN.CO2.TRAN.ZS","","","","","","","","","","","","","","","","","","","","","","","","","","","","","","","","","","","","","","","","","","","","","","","","","","","","","","","","","","","","","","","","","","",
"Cape Verde","CPV","CO2 emissions from transport (% of total fuel combustion)","EN.CO2.TRAN.ZS","","","","","","","","","","","","","","","","","","","","","","","","","","","","","","","","","","","","","","","","","","","","","","","","","","","","","","","","","","","","","","","","","","",
"Costa Rica","CRI","CO2 emissions from transport (% of total fuel combustion)","EN.CO2.TRAN.ZS","","","","","","","","","","","","4702.96212973634","4764.03955648297","4535.42658994388","5070.69133398258","5000.91688258682","5266.66666666222","4533.15026696465","4699.22346850947","4826.7790826018","5393.95174991123","5121.86509290446","5468.23529411941","5513.51279934164","5518.65357643674","5354.46153846416","5577.14928943669","5495.62653563001","5932.46753246255","5596.11744463206","5361.92012966659","5313.60679149891","5529.95787480656","5763.97321467393","5198.43462716709","5188.03030302148","5567.61893149836","5828.30450662727","5788.49505507409","5990.2557832588","5870.32081279214","5750.45189414382","6210.87619152446","5991.98816806325","6433.43448318855","6211.48940732071","5905.28660250504","5685.14190366755","5815.54608933473","5839.4293554531","5798.8524159064","5494.47259326702","4872.28070174467","4394.10939691554","3911.29707112778","","","","","","","","","","","",
"Czechoslovakia","CSK","CO2 emissions from transport (% of total fuel combustion)","EN.CO2.TRAN.ZS","","","","","","","","","","","","","","","","","","","","","","","","","","","","","","","","","","","","","","","","","","","","","","","","","","","","","","","","","","","","","","","","","","",
"Caribbean small states","CSS","CO2 emissions from transport (% of total fuel combustion)","EN.CO2.TRAN.ZS","","","","","","","","","","","","1849.09410288939","1738.40802092598","1743.4567824556","1626.49556642703","1487.66092263779","1538.27343314394","1418.90509856712","1458.92951214883","1499.30937562039","1504.24781837507","1514.60608070231","1718.94110993472","1738.9259150914","1760.23035472514","1829.48842325021","1865.4252525294","1861.90655318245","1568.8035042247","1381.39645468878","1354.00955117842","1353.81861379441","1258.77592683812","1243.27428442748","1249.79530034869","1369.35229447619","1422.90146966343","1452.76404346466","1456.79341715517","1469.36767209838","1461.62944311283","1322.5790712012","1375.05351060512","1249.18784759211","1326.33003724987","1285.83577826835","1257.02946123437","1218.20795885732","1345.08027291403","1432.8121384617","1393.933007563","1294.66297524389","1174.31694817351","1085.9883929757","987.859128823809","","","","","","","","","","","",
"Cuba","CUB","CO2 emissions from transport (% of total fuel combustion)","EN.CO2.TRAN.ZS","","","","","","","","","","","","1759.64773428643","1757.50271613378","1796.44517166019","1628.01775794425","1680.58408760419","1619.37884442144","1543.43878801396","1501.19472743472","1577.23882636692","1541.5108428094","1613.65235966723","1538.28853924569","1423.38742169579","1452.0334823552","1537.82337727884","1553.65243253073","1466.94355231518","1458.1054820616","1376.17735609525","1313.98670775315","1247.18744555913","1084.67367906305","880.41165851956","791.008986010509","778.84599891958","799.390799292435","921.990476271429","845.969192117625","777.014134280255","706.605960642851","740.810685592365","700.776463408461","661.703800217197","699.566023518624","657.146359258277","619.030298881169","606.067774570573","618.031926123322","395.949077045154","342.206140006793","347.079839163488","308.339995004189","275.961414925215","243.870967742375","","","","","","","","","","","",
"Curacao","CUW","CO2 emissions from transport (% of total fuel combustion)","EN.CO2.TRAN.ZS","","","","","","","","","","","","661.612680911075","675.832742744915","562.051282051228","566.572237960049","734.838076553556","802.952029517532","810.200364294223","1159.87055016898","1080.61002178525","1144.17531718362","1146.26865671384","1185.18518518863","1276.24633430403","1214.94768311238","1578.66666667367","1357.57575757139","1551.51515150988","1831.21387282635","1974.23728814124","2165.41353384209","2355.0724637722","2454.54545454075","2381.46551723193","2817.49049428789","2817.49049428789","2810.15037594655","1482.54341598784","1495.97822555112","1579.05857015297","1575.06862586927","1589.64042574284","1662.40669851067","1660.8133855795","1624.65095985784","1573.4978418983","1654.97990659288","1584.10368216922","1632.38051375174","1675.33994709209","2311.85256192338","1854.83865684473","1514.64444423097","1575.35274784173","1307.99999999895","","","","","","","","","","","",
"Cayman Islands","CYM","CO2 emissions from transport (% of total fuel combustion)","EN.CO2.TRAN.ZS","","","","","","","","","","","","","","","","","","","","","","","","","","","","","","","","","","","","","","","","","","","","","","","","","","","","","","","","","","","","","","","","","","",
"Cyprus","CYP","CO2 emissions from transport (% of total fuel combustion)","EN.CO2.TRAN.ZS","","","","","","","","","","","","3002.40216970487","2669.83145002601","2844.78517076944","2734.05149762838","2328.72087151762","2128.97700236937","2116.22175685122","2241.18417398433","2155.85666967134","2107.04579467369","2142.49709369443","2218.67704279423","2365.93009240024","2436.05204697004","2537.08685226715","2433.0809551575","2243.4263377487","2307.94520547314","2374.39425333703","2624.90573218664","2319.1351184324","2435.40181081685","2381.23632312657","2365.27845752808","2561.13547591852","2505.28298702646","2547.82930030093","2525.74799567543","2476.16621509246","2443.29384066572","2573.15108156193","2484.0823988727","2383.72068343734","2528.16583354298","2548.90225289334","2493.56649654109","2555.14739693496","2542.60064989049","2439.85655395499","2578.5605519975","2468.47342905445","2140.96793215476","2070.28469751324","1731.77083332889","","","","","","","","","","","",
"Czech Republic","CZE","CO2 emissions from transport (% of total fuel combustion)","EN.CO2.TRAN.ZS","","","","","","","","","","","","316.284261020535","334.272319855142","365.504666330793","346.635005225748","371.128106469156","385.377716820485","382.697835024655","384.790052827058","372.220134088902","340.016260641073","380.125789083374","317.227258356992","319.420264616472","333.839412951098","327.30125132644","323.422449240894","326.498493678695","337.730396357185","370.130995688377","407.961899096265","402.206178772831","539.871664796486","554.880962996116","626.699081571736","526.319613256352","719.792243985162","751.679264511079","814.173615304778","951.663993748656","873.175603207066","937.140365105094","1010.35574011757","1111.13572176022","1157.64746939279","1285.69815969342","1302.3683061516","1350.56836803341","1396.07115778304","1354.88094325494","1244.39090238844","1188.87203838322","1064.67132022561","1024.1676762401","970.564474366919","","","","","","","","","","","",
"Germany","DEU","CO2 emissions from transport (% of total fuel combustion)","EN.CO2.TRAN.ZS","857.338101449811","885.720350764162","885.180201275386","875.273325215858","888.906887472218","884.204117463535","940.849214370125","932.356241645695","918.869016834166","891.459394031379","842.988641484333","896.13927915806","910.005728684737","890.817273567715","875.419866083994","956.065251410569","917.122306263582","982.405271228003","1022.926716766","1008.14690194225","1075.20275733275","1074.1235736109","1121.77312290353","1138.62556793068","1147.72955124146","1139.28368037244","1188.38806453594","1243.98946359227","1296.56906685998","1360.02744570336","1477.98695936202","1559.70020849755","1655.89566014007","1714.25865003791","1711.92212062339","1735.51242942654","1688.21025232001","1758.19198515435","1805.26521320096","1928.75208893475","1888.60415235615","1803.85031882645","1806.94525733932","1762.20457843673","1793.04916627703","1747.10107638071","1696.05442064855","1706.75105309883","1692.13372391725","1704.33349605272","1631.52960580061","1631.51475400604","1393.30630381976","1297.14319171213","1217.83151520281","","","","","","","","","","","",
"Djibouti","DJI","CO2 emissions from transport (% of total fuel combustion)","EN.CO2.TRAN.ZS","","","","","","","","","","","","","","","","","","","","","","","","","","","","","","","","","","","","","","","","","","","","","","","","","","","","","","","","","","","","","","","","","","",
"Dominica","DMA","CO2 emissions from transport (% of total fuel combustion)","EN.CO2.TRAN.ZS","","","","","","","","","","","","","","","","","","","","","","","","","","","","","","","","","","","","","","","","","","","","","","","","","","","","","","","","","","","","","","","","","","",
"Denmark","DNK","CO2 emissions from transport (% of total fuel combustion)","EN.CO2.TRAN.ZS","948.503792622507","997.243925124909","927.342054622131","920.324484776056","985.967657764725","1058.03841795097","1081.47567506806","1126.19811057198","1142.64071696639","1087.97334111755","1077.56981192008","1183.6658573476","1176.32463313579","1252.92585279628","1390.00808988899","1444.93365853245","1336.57420064392","1329.82384956824","1372.86800327733","1296.24090016886","1252.30443602563","1451.81106991502","1408.02887397214","1489.05336970245","1536.98656095863","1555.83160963281","1605.69882298027","1626.07287449484","1738.46595365791","1991.97360299641","1781.15749006675","1586.78403404935","1748.71612881748","1718.28981670499","1672.75249025861","1782.07220465466","1467.5307604663","1716.6494750667","1841.4053233527","1954.51684748265","2098.69936920377","2041.7535709079","2084.09457430022","1961.9970367095","2242.58609280487","2443.28700518309","2131.64388193701","2431.13902366933","2539.62042881317","2357.91735082838","2310.61661154441","2409.02873815973","2159.17071543508","1886.84968971541","1876.32570269075","","","","","","","","","","","",
"Dominican Republic","DOM","CO2 emissions from transport (% of total fuel combustion)","EN.CO2.TRAN.ZS","","","","","","","","","","","","3585.40729634444","2870.75803904025","2981.6841429012","2940.36448697842","2955.27467209758","2977.90992706366","2851.27180130568","2701.97600846239","2761.88681596097","2488.16340138304","2214.62502484982","2251.40734237247","2271.33466400718","2449.24049119571","2782.98321832092","2615.23514596914","2864.51204692734","2495.29736661901","3154.47523503759","2781.79654611443","2661.3185328391","2443.45905906159","2662.54948048747","2669.87106186292","2808.82340198953","2902.59380975301","2916.85772086226","2792.92523838863","2844.21157147178","3016.677129614","2754.26949654907","2802.18689563175","2642.425904644","3320.67795587423","2986.20232493649","2726.02789060613","2673.43177753899","2489.90016474078","2481.51047833339","2551.83739823259","2475.03450945968","2315.66494436014","1878.3646520982","1500.46728972069","","","","","","","","","","","",
"Algeria","DZA","CO2 emissions from transport (% of total fuel combustion)","EN.CO2.TRAN.ZS","","","","","","","","","","","","2678.87716950482","2379.72412247404","2356.44844595429","2413.10871871127","2370.16698534083","2276.03314620409","2254.20234614482","2124.03912903547","1853.28624960699","1974.99627578726","1863.57804000714","1638.8193987194","1602.02132427922","1758.3313637478","2521.05526044295","2289.38282986119","2328.88138508353","2226.13313908134","2273.93667375152","2654.60953490719","2652.26298625561","2627.33829564574","2575.23429993419","2450.65257284576","2359.17989463652","2363.54332497222","2325.74267598336","2324.26836442893","2329.67532344423","2363.83938013539","2330.8543492204","2447.29859498226","2610.55008387639","2584.28362584348","2678.08761750582","2724.2012513518","2793.85053623042","2840.00011124848","2706.02847088254","2769.02557958437","2544.64414635653","2276.01621858948","2134.15548695692","2010.97372488664","","","","","","","","","","","",
"East Asia & Pacific","EAP","CO2 emissions from transport (% of total fuel combustion)","EN.CO2.TRAN.ZS","","","","","","","","","","","","721.270153367134","733.586713288078","758.117781749407","786.071793130346","750.842595938076","736.383349371246","708.928814382564","684.665979170839","701.038281029436","702.241086894243","716.247987234353","717.013749487867","719.905335631743","701.126304547515","713.705738938827","725.257495895874","722.207747159839","724.639846389913","741.006990479114","715.247280903195","711.034125350227","736.226045087257","760.099892407687","733.129688903807","733.584452680852","868.309426774203","835.062327340908","796.028023361733","861.993509440085","1016.71136008318","999.236907977682","995.205302446847","950.772464807308","929.23933415696","872.827683124104","832.638961306827","827.803736180335","850.288162202","802.133561656007","824.582424127108","765.761563438024","717.081907228698","676.034545941638","616.284364733244","","","","","","","","","","","",
"Early-demographic dividend","EAR","CO2 emissions from transport (% of total fuel combustion)","EN.CO2.TRAN.ZS","2040.78711986084","2104.44850699802","2047.70642202701","1970.92163627528","1987.67985611915","2057.91701947242","2034.05504587294","1890.60175794244","1833.36469111785","1654.27594070375","1672.5505647449","1597.38346108939","1588.24310383236","1562.1237699683","1551.69866092886","1561.33786424186","1523.79357960943","1546.73486610584","1622.50342032906","1569.52164518797","1527.96280616333","1530.77741848609","1467.64476431803","1465.10918900669","1466.99352383972","1445.88365268905","1411.72190154566","1401.41786203757","1401.55397632079","1389.94298307745","1368.56969858332","1350.74267361117","1350.53825435412","1375.60524250585","1374.66548483553","1353.68130418714","1373.39636604348","1339.00878314452","1321.12348143933","1318.8129123445","1333.67003785182","1297.59716805816","1295.53031427573","1290.88094537261","1287.01536806993","1286.97475062582","1268.49191695602","1284.60024235961","1299.67079274933","1307.22053229522","1328.98026695168","1318.19362261471","1359.57282784649","1339.35152365743","1218.02671509624","","","","","","","","","","","",
"East Asia & Pacific (all income levels)","EAS","CO2 emissions from transport (% of total fuel combustion)","EN.CO2.TRAN.ZS","1552.84578023211","1497.64900729196","1531.70643048521","1508.95194756232","1503.13918820122","1482.62474544048","1415.02828784278","1367.20423471999","1389.31751288367","1360.66530779839","1332.38060703709","1038.51307749917","1035.52480808646","1042.31198927867","1061.41406594523","1063.51897055151","1062.60935975776","1051.06131954148","1059.60658743615","1088.30791883097","1102.93182392026","1103.26251841932","1096.34062354775","1107.26999975897","1079.16747235604","1095.68301213265","1115.99528671984","1121.12489600392","1112.87842365585","1143.4107459563","1140.76138844478","1143.49928776546","1167.95430625405","1179.98694781785","1163.93495702415","1158.15167750397","1246.95041753481","1223.11695362614","1190.5235197232","1241.4982436698","1321.99081725211","1297.72624160166","1277.67859050126","1218.08457079437","1171.69653054261","1104.3915590931","1057.21128551234","1033.76453715946","1043.28639894136","981.553090910307","986.601285114256","903.27511523584","829.763504062146","772.61885525103","699.184585681659","","","","","","","","","","","",
"Europe & Central Asia","ECA","CO2 emissions from transport (% of total fuel combustion)","EN.CO2.TRAN.ZS","2896.89842781036","2982.68514418175","2901.54772743964","2792.70870879733","2817.26880195811","2725.12910131179","2710.44340231542","2537.4851565899","2467.03792561843","2240.46485727916","2259.96869778861","1085.97515424677","1066.20104922971","1074.29400326679","1034.79553950968","1071.62597142017","1062.44227947725","1071.5615911587","988.625807443357","916.795595599579","869.637930845692","817.271630268902","863.028966711682","855.378431473238","860.660927868182","824.388310183508","852.575177984873","917.475892991257","1023.97846769612","1097.67713908227","1003.106213225","1036.97005712326","1001.75253225229","975.091894205359","960.616053847139","974.755359798185","1012.0411821","1033.97697241993","1108.46044969418","1079.91181436761","1073.68897322192","1096.37006546576","1122.55699986767","1108.6922452225","1176.72058264449","1185.98807666516","1191.42563169064","1229.67243138997","1270.61653442057","1226.8198145559","1218.43696903962","1114.33392259921","1008.9479519033","975.751403875752","892.830559496187","","","","","","","","","","","",
"Europe & Central Asia (all income levels)","ECS","CO2 emissions from transport (% of total fuel combustion)","EN.CO2.TRAN.ZS","1106.97499539639","1140.28833793588","1120.58306168963","1113.98566142901","1121.7896439062","1116.24223639675","1158.13339125261","1167.25528222912","1170.87747912312","1135.70218949785","1107.71730931971","1090.44783022518","1115.9337418453","1124.71706346183","1119.46524459687","1188.45786395392","1171.59212835785","1213.25735936434","1231.4723775244","1220.61174755375","1251.7250494137","1279.66023849057","1319.96959982304","1350.25945864835","1380.72648775886","1370.09029427915","1420.93941331001","1462.29473677649","1554.5143248038","1616.88512134734","1393.36012742881","1411.34392513357","1464.84647146703","1486.84390953433","1520.13895517784","1529.97106265578","1552.37420206113","1606.81785156847","1684.98184894561","1720.0838950725","1716.39752006879","1709.12210371628","1735.50880079241","1716.6944345349","1772.68727390865","1783.20884963244","1789.46838001139","1827.64013317406","1831.19506167743","1793.05891522759","1756.64753176274","1652.10992512568","1445.49768169839","1358.56600764919","1274.57329402994","","","","","","","","","","","",
"Ecuador","ECU","CO2 emissions from transport (% of total fuel combustion)","EN.CO2.TRAN.ZS","","","","","","","","","","","","4597.19011102462","4514.4925176909","4518.62031336981","3747.54386863499","3918.98563561126","3763.61586737469","3902.75347659432","3979.46901360787","3121.21082948525","3354.416092392","3394.85960412297","3497.74181749565","3818.35155414882","4236.87687142316","4314.09514593644","4352.83522894802","4306.34659196275","4923.73747679266","4870.82379438531","5040.35864058209","5022.06544930102","4783.17254307994","5061.77659616088","5029.96060177672","4322.53288867693","4496.76878026602","4530.19838947867","4186.41212993868","4206.36336371598","4303.8074422491","4148.87244853649","4070.46575836392","4133.19655013441","3846.10504302518","3757.34428240014","3677.1036654396","3705.44372471847","3706.10964690736","3352.12028105576","3501.618711714","3470.8756125964","2951.40776930247","2750.32991851542","2375.36793183463","","","","","","","","","","","",
"European Community","EEC","CO2 emissions from transport (% of total fuel combustion)","EN.CO2.TRAN.ZS","","","","","","","","","","","","","","","","","","","","","","","","","","","","","","","","","","","","","","","","","","","","","","","","","","","","","","","","","","","","","","","","","","",
"EASTERN EUROPE","EER","CO2 emissions from transport (% of total fuel combustion)","EN.CO2.TRAN.ZS","","","","","","","","","","","","","","","","","","","","","","","","","","","","","","","","","","","","","","","","","","","","","","","","","","","","","","","","","","","","","","","","","","",
"Egypt","EGY","CO2 emissions from transport (% of total fuel combustion)","EN.CO2.TRAN.ZS","","","","","","","","","","","","1737.74227503874","1784.61605596605","1888.56018753791","1909.30761467753","1580.15462583829","1535.68489352377","1637.00285162072","1665.16713024765","1617.05104412025","1747.54327144916","1691.52202132423","1571.30143464318","1589.98840081703","1613.91272691768","1656.92780365628","1628.7931513609","1583.90113269015","1681.2422865807","1716.41172501364","1808.20268843851","1926.7363886629","1930.2515383736","1961.65153124674","2290.44508490436","2283.16484606094","2292.49011666847","2276.43908677891","2397.43868438357","2437.7416713479","2567.76998781423","2232.5040329572","2239.97095342466","2278.85772337479","2141.52841677299","1857.42079508067","1915.20043095857","1976.037005622","2006.24250748562","1999.47795844135","2075.07065066537","1997.76384754258","1875.46928603435","1526.89733206229","1285.27154152927","","","","","","","","","","","",
"Euro area","EMU","CO2 emissions from transport (% of total fuel combustion)","EN.CO2.TRAN.ZS","1121.12963338617","1159.63181883561","1151.43284089451","1148.44739625435","1149.87256701914","1162.45657296937","1211.82769399906","1211.22562324482","1208.65605815162","1167.68914059223","1100.63369707379","1146.88003627095","1170.78147094061","1178.96680144181","1166.28625798643","1275.32174775022","1258.53844377504","1330.39145054661","1361.01550194907","1367.69896549372","1411.83724091388","1458.07938672412","1524.23169444314","1558.97684897917","1586.09488215073","1595.55199147307","1660.53110542735","1716.08752217331","1819.59170184732","1847.65748900112","1926.08311241686","1936.94027381882","2046.37022293827","2114.8612961073","2128.8880820819","2121.92243913365","2119.48904351163","2170.22745742588","2223.82820487886","2292.01072976092","2312.38715469579","2278.8861185448","2296.46663360458","2268.68112443774","2299.23067045916","2291.54416722315","2319.12666560888","2355.01509695375","2335.05232214954","2299.06236731181","2247.4369750408","2173.70804341735","1877.24606101053","1749.91473992329","1660.52353524573","","","","","","","","","","","",
"Eritrea","ERI","CO2 emissions from transport (% of total fuel combustion)","EN.CO2.TRAN.ZS","","","","","","","","","","","","","","","","","","","","","","","","","","","","","","","","","2233.72093023372","2966.66666665634","3601.40845070131","3778.57142857921","3978.823529403","4010.12658227848","3475.54061952791","2971.50537633375","2918.03278689754","3325.9837177873","3591.34697356992","3580.18220584939","3356.38998682841","2752.75862069379","2482.30769230769","2170.94837935663","2275.64784053341","2057.50591015659","2447.61904762905","2352.94117648294","2157.23905724088","2009.09090909273","1730.35714286","","","","","","","","","","","",
"Spain","ESP","CO2 emissions from transport (% of total fuel combustion)","EN.CO2.TRAN.ZS","2760.49897582314","2899.83695241205","3100.48307651219","3106.57528951528","2711.20290821331","2650.25881612139","2601.73130795023","2422.18229393359","2399.30348035706","1932.34067159899","1894.05334813584","1901.1216582204","1925.71276715572","2059.73291966513","2064.69040565216","2066.13061476238","2047.63278003761","2108.01914478663","2240.30375014597","2373.86417841374","2145.54109285692","1982.99609352852","2042.53024893163","2023.49143716496","2207.81527510921","2252.27225703978","2267.96861060019","2385.66363911183","2779.52229495626","2686.40241630609","2762.62801716287","2770.02739928954","2768.36450855446","2909.67856103657","2883.16257588165","2784.70825808926","3113.78546965657","2875.25260652849","3065.61452506573","2965.71608820597","2868.05829457781","2983.86527470211","2863.5040962269","2951.40563393017","2917.24096396379","2896.05865744626","3074.78726838384","3039.23680792725","3130.17012875354","3060.90388329516","3132.89713134461","2761.2892286997","2216.07876258517","2256.48467578807","2012.53071253052","","","","","","","","","","","",
"Estonia","EST","CO2 emissions from transport (% of total fuel combustion)","EN.CO2.TRAN.ZS","","","","","","","","","","","","","","","","","","","","","","","","","","","","","","","577.162877325984","595.678973652481","403.67318012884","569.916206363652","700.560454931659","773.598046494316","797.551161114533","843.229984727767","919.648893283519","983.801168090905","1006.45789641879","1161.31675944232","1265.09430289471","1072.29568814204","1087.58848710886","1128.36999463005","1314.90793772069","1116.00620423661","1179.16150093339","1211.42428597132","1013.54866431564","1000.82128594259","962.053840492571","761.664899263605","722.260273975891","","","","","","","","","","","",
"Ethiopia","ETH","CO2 emissions from transport (% of total fuel combustion)","EN.CO2.TRAN.ZS","","","","","","","","","","","","3668.84108257316","3753.69191166385","3850.42865532001","3983.71777475093","3869.07847884706","4063.05084745505","4322.22940457353","4588.50232558218","4629.23351159025","4121.84385825432","3913.14646663233","4114.07407407885","3899.83800046494","3935.3301127313","4074.49589624937","4043.69796990421","4079.86417656857","4068.71991793047","3998.6863710924","3741.95216549113","3712.28526808037","4641.42959739962","4300.11672216742","4196.06477503744","4171.88395900846","4154.22598358807","4136.6849917144","4288.5372562217","4416.02743731659","4422.79981800858","4386.02040442068","4403.75747318679","4231.15539663684","4334.81969610173","4343.29082102171","4359.09447485288","4231.77413179839","4026.72910179543","3852.0670471543","4028.4050976682","3540.33189689478","3252.48781029624","3043.52941176118","2672.07009857409","","","","","","","","","","","",
"European Union","EUU","CO2 emissions from transport (% of total fuel combustion)","EN.CO2.TRAN.ZS","1096.1496858896","1127.18887452936","1111.24004531423","1106.59957369026","1108.23557902116","1101.54732243492","1140.57928125597","1147.60031295269","1149.8382249774","1113.3802282324","1077.89592198844","1056.97134853998","1079.97160485559","1088.5895563303","1078.68387216091","1146.41109755544","1129.97318904555","1168.67966457749","1187.93916305037","1180.68337390179","1209.96631456053","1238.10479878937","1275.29932203621","1304.85936002823","1331.51649375659","1324.89832007788","1374.03805502723","1412.08676280273","1502.26770831174","1567.24967407017","1657.11156141555","1667.96212136275","1769.22152003245","1816.43415618135","1841.20062260879","1839.13630043992","1843.91199075297","1914.46374287123","1986.78396494867","2070.21626400593","2082.70722784733","2053.3121757481","2084.15230794615","2062.55342878623","2108.05077835863","2122.54207408732","2146.39532370914","2196.2987410223","2194.40553660786","2165.42651610056","2111.57442736306","2039.05023504389","1771.79471758822","1647.30153722827","1566.66932118269","","","","","","","","","","","",
"Fragile and conflict affected situations","FCS","CO2 emissions from transport (% of total fuel combustion)","EN.CO2.TRAN.ZS","","","","","","","","","","","","2237.82230813888","2383.48401969958","2385.94615489097","2432.01134836717","2510.60597905016","2525.43897623584","2618.70324845008","2672.9353267104","2561.37709362087","2632.10238750897","2791.67306356959","2847.8148989766","2705.19654768799","2626.78411343298","2630.2695616704","2525.71740696759","2451.58672326824","2435.76250012035","2486.9719010533","2478.67381791025","2419.90181691513","2410.20981148028","2227.66739190049","2143.36878362652","2181.90275517958","2182.38591554509","2009.64728455218","2257.21432052823","2427.06340653152","2400.98005094238","2348.09786290913","2367.81223212333","2239.34743252699","2389.7881637189","2443.61668741227","2428.8381655427","2485.83839904056","2342.77821912749","2314.51965606914","2347.14032186562","2391.79716533875","2208.60553210774","2004.40209796813","1738.48701834448","","","","","","","","","","","",
"Finland","FIN","CO2 emissions from transport (% of total fuel combustion)","EN.CO2.TRAN.ZS","1801.54820548976","2004.04662410734","1880.07542426259","1710.11239172124","1718.8356893357","1605.36912750957","1612.82287390447","1624.91915113535","1456.33074934277","1350.11796873855","1339.03106601175","1392.9382689213","1344.3452012604","1320.06485985912","1393.43535494698","1497.92092352589","1326.00584797686","1345.05511810869","1249.26506161858","1357.39124940659","1330.78555208294","1621.65627994079","1714.50611658246","1812.88980583593","1810.03586019672","1723.77905148266","1815.76846842772","1801.77669088345","1850.25760498043","1955.6823881816","1905.10457494408","1843.78912083683","1927.87696149974","1844.99934203957","1710.51725199789","1808.11157624835","1582.41050569709","1726.84817486195","1852.7578173434","1928.52550883062","1915.5703639312","1753.98575309528","1711.86275054761","1536.67302070861","1674.48852907241","2052.35824960262","1720.85064738406","1823.30172596837","1990.5988118166","1871.18439228682","1690.26056973498","1803.83750795221","1722.23381830593","1571.351876906","1360.44198894536","","","","","","","","","","","",
"Fiji","FJI","CO2 emissions from transport (% of total fuel combustion)","EN.CO2.TRAN.ZS","","","","","","","","","","","","","","","","","","","","","","","","","","","","","","","","","","","","","","","","","","","","","","","","","","","","","","","","","","","","","","","","","","",
"France","FRA","CO2 emissions from transport (% of total fuel combustion)","EN.CO2.TRAN.ZS","1196.79524904403","1211.89350114276","1129.56025328948","1154.58463933445","1141.94504740018","1188.72474560663","1239.89124143431","1211.52106267106","1239.61032143001","1234.28202502721","1192.78015104481","1247.51238838902","1310.15421101477","1321.52885515633","1364.4432277115","1518.99520875925","1516.12896501593","1578.34911732193","1618.00165971307","1601.89029189187","1701.44654866518","1933.32739656374","2033.83846436342","2138.09619971459","2248.27796206068","2303.8726022925","2487.34748760152","2618.03415778525","2791.30870451154","2734.05228764785","2868.61594682218","2784.5310216404","2932.14291625327","3120.27216816323","3190.84118230881","3137.79360275698","2997.40810897326","3128.77278617214","3051.19176559873","3110.91847766772","3201.09442460477","3205.76624893107","3256.68463546619","3171.04324364417","3171.0724403942","3105.56471734527","3188.16572409921","3237.71726794589","3122.44629269784","3062.20592039541","3010.02687615478","3128.42472193412","2725.54946281121","2482.58986003599","2417.63161579313","","","","","","","","","","","",
"Faeroe Islands","FRO","CO2 emissions from transport (% of total fuel combustion)","EN.CO2.TRAN.ZS","","","","","","","","","","","","","","","","","","","","","","","","","","","","","","","","","","","","","","","","","","","","","","","","","","","","","","","","","","","","","","","","","","",
"Micronesia","FSM","CO2 emissions from transport (% of total fuel combustion)","EN.CO2.TRAN.ZS","","","","","","","","","","","","","","","","","","","","","","","","","","","","","","","","","","","","","","","","","","","","","","","","","","","","","","","","","","","","","","","","","","",
"Gabon","GAB","CO2 emissions from transport (% of total fuel combustion)","EN.CO2.TRAN.ZS","","","","","","","","","","","","0","0","579.125683060102","631.038961039562","464.491228070331","602.829354554133","2871.39139487249","2789.50618285333","1723.85509227782","1639.97093022719","2432.83490530676","2355.83202715673","2068.35650538046","1398.67549670334","1673.48548887264","2766.27958550743","2087.88553521075","2022.25492944644","3200.69532237847","3103.88278387772","3252.17774642749","2952.12121211694","2879.71311474934","2367.57744009073","2300.55673533854","2188.1230646357","2221.07843137536","2234.01878361824","2273.27949776716","1932.77643397841","2140.96544757517","2437.91719949632","2189.39393939948","2236.59225389547","1866.95153284976","1814.57040346052","1900.05109453389","1900.40503704338","1685.29581356541","1922.76359857062","1844.71802838744","1608.19854081925","1570.6932674591","1355.58739255312","","","","","","","","","","","",
"United Kingdom","GBR","CO2 emissions from transport (% of total fuel combustion)","EN.CO2.TRAN.ZS","912.909343621448","933.836881892514","898.805618242448","873.384670307496","886.70885080168","870.436950344231","896.09709066406","930.930444459222","955.153989719483","954.264563738279","1023.79330932138","1055.06249960938","1124.70584160719","1139.78748310258","1180.34987578653","1199.28646408758","1230.56969553096","1241.01686396245","1305.40387859133","1262.80432708159","1389.77597334033","1385.99794959795","1451.92257607314","1515.79862834834","1640.22045054685","1577.86249933069","1633.69755887354","1681.38318346273","1795.14497490413","1923.59481439397","1863.79943034567","1814.08660002585","1878.34184122692","1957.13773161888","1990.90699062466","2009.27709392885","2010.21137350854","2114.35408203532","2085.86444375532","2158.14573059954","2092.46719000938","2020.2817879298","2101.86934693614","2077.11745200209","2098.85486280362","2125.16097158251","2146.89050707072","2205.20947668805","2150.23394339009","2156.2413688986","2060.01863437137","2107.4391984714","1742.98652610999","1655.95981046397","1621.7830521786","","","","","","","","","","","",
"Georgia","GEO","CO2 emissions from transport (% of total fuel combustion)","EN.CO2.TRAN.ZS","","","","","","","","","","","","","","","","","","","","","","","","","","","","","","","991.305035969148","990.108638353154","1047.97678196327","1123.24183763601","1266.44218870591","1135.58268042177","3555.81414006633","3077.4084433667","2272.94421499795","2280.85254931419","1833.92908685761","2996.90871842926","3780.84558017215","3616.94175993639","3295.29717160925","3251.74263708017","3040.74303319223","3342.04236292833","3299.90487941727","3429.52813072818","3740.50431690194","3071.95973823229","2587.64253867107","2720.18343039595","2406.99481864824","","","","","","","","","","","",
"Ghana","GHA","CO2 emissions from transport (% of total fuel combustion)","EN.CO2.TRAN.ZS","","","","","","","","","","","","4765.64576947275","4572.84023233181","4630.32967031606","4573.93831209024","4643.53688864788","4745.95744681537","4748.36149472325","4721.426601717","4540.93621112182","5003.77768391944","4746.26678182091","5053.83998717257","5715.44715448001","4725.55248619812","5277.88410420082","5307.50582568659","5127.37847943262","5232.84518829069","5359.38746899177","5498.86393352716","5720.21822849343","5837.19255834076","5816.36420526397","5620.06914241081","5615.74291065491","5598.88170719158","5709.38346883377","4500.85954960508","4663.838039106","5173.69833205815","4720.35965612733","4480.00841983041","4353.57359131315","5455.93526732634","4970.66093968828","4156.54417021749","4066.18505068591","4303.93952972989","4554.06941759679","4122.47087219409","4191.4158663179","3729.40305176247","3433.33333333231","3156.52173912972","","","","","","","","","","","",
"Gibraltar","GIB","CO2 emissions from transport (% of total fuel combustion)","EN.CO2.TRAN.ZS","","","","","","","","","","","","2717.14285714843","2111.11111110411","2111.11111110411","2111.11111110411","2106.66666665966","2111.11111110411","2116.66666665966","2116.66666665966","2379.54545454545","2822.22222221289","2844.44444443511","3200","2121.21212120512","2385","2822.22222221289","3185.71428571429","3431.79487180241","4091.59663866432","3182.35294117647","3631.74603174046","4203.33333333333","4576.78571427872","4572.84482757921","4683.28108672202","4625.00000000329","4466.03970741589","4533.52941176471","4796.41577061502","4649.17763157895","4570.1357465981","4623.07692307978","4674.99999999556","4676.82926828824","4810.19677996627","4732.48337029361","4774.4444444454","4623.40425532201","4517.79781680021","4557.44680850681","4557.44680850681","4519.56521738174","4423.40425532425","4536","4116.66666666444","","","","","","","","","","","",
"Guinea","GIN","CO2 emissions from transport (% of total fuel combustion)","EN.CO2.TRAN.ZS","","","","","","","","","","","","","","","","","","","","","","","","","","","","","","","","","","","","","","","","","","","","","","","","","","","","","","","","","","","","","","","","","","",
"Guadeloupe","GLP","CO2 emissions from transport (% of total fuel combustion)","EN.CO2.TRAN.ZS","","","","","","","","","","","","","","","","","","","","","","","","","","","","","","","","","","","","","","","","","","","","","","","","","","","","","","","","","","","","","","","","","","",
"Gambia, The","GMB","CO2 emissions from transport (% of total fuel combustion)","EN.CO2.TRAN.ZS","","","","","","","","","","","","","","","","","","","","","","","","","","","","","","","","","","","","","","","","","","","","","","","","","","","","","","","","","","","","","","","","","","",
"Guinea-Bissau","GNB","CO2 emissions from transport (% of total fuel combustion)","EN.CO2.TRAN.ZS","","","","","","","","","","","","","","","","","","","","","","","","","","","","","","","","","","","","","","","","","","","","","","","","","","","","","","","","","","","","","","","","","","",
"Equatorial Guinea","GNQ","CO2 emissions from transport (% of total fuel combustion)","EN.CO2.TRAN.ZS","","","","","","","","","","","","","","","","","","","","","","","","","","","","","","","","","","","","","","","","","","","","","","","","","","","","","","","","","","","","","","","","","","",
"Greece","GRC","CO2 emissions from transport (% of total fuel combustion)","EN.CO2.TRAN.ZS","2806.39546649714","2859.93395392838","2725.37293195693","2658.24660712071","2052.24159808254","1921.38613677013","1855.41428987943","1764.93343862748","1683.37807189023","1637.52888302798","1837.15774132398","1709.97814852276","1718.19215572368","1609.27098316731","1377.77782000763","1315.10245251165","1642.11523373968","1735.84643678879","1750.90999906829","1739.44208862533","1852.8425243063","1900.64977379536","1883.1709522378","1927.40081384267","1956.0822766615","1883.29526768569","1925.70351148819","1807.85240862577","1848.36643018749","1813.59734065549","1895.29649719515","2013.29930960553","2005.42271547421","2034.77108943946","2003.76424421172","1950.61493970861","2003.4151692026","2042.3588755165","2134.552586385","2149.29982889274","1929.11097274655","1952.61299144537","1972.58867939914","1986.71460999915","2033.56638046384","2034.1458647093","2105.15505644411","2076.29700676416","2090.68369543883","2304.2879872641","2204.84861346613","1904.26725771299","1489.42836664975","1537.95906518633","1413.75227686305","","","","","","","","","","","",
"Grenada","GRD","CO2 emissions from transport (% of total fuel combustion)","EN.CO2.TRAN.ZS","","","","","","","","","","","","","","","","","","","","","","","","","","","","","","","","","","","","","","","","","","","","","","","","","","","","","","","","","","","","","","","","","","",
"Greenland","GRL","CO2 emissions from transport (% of total fuel combustion)","EN.CO2.TRAN.ZS","","","","","","","","","","","","","","","","","","","","","","","","","","","","","","","","","","","","","","","","","","","","","","","","","","","","","","","","","","","","","","","","","","",
"Guatemala","GTM","CO2 emissions from transport (% of total fuel combustion)","EN.CO2.TRAN.ZS","","","","","","","","","","","","2627.84712293564","2881.49221816165","3159.90737298316","3293.5276214017","3344.56797016079","2959.45201449119","3145.83730309419","2968.26940295422","2790.55744539748","2813.59293552707","3035.90438505816","3213.50634803922","3563.39283378614","3453.37498819991","3495.02076903767","4596.95318903876","4577.0077872818","4674.68354631566","4585.02867746295","4671.77853300045","4639.86264631728","3935.10922264403","3942.95831760825","3930.43142885807","4121.10381735877","4203.97740032181","4259.21362264315","3981.27364967039","4243.40926139535","3991.85062840785","4057.69338941699","4047.3371239424","4495.65448889292","4108.71689177536","4277.26818470061","4355.62799538345","4296.93339280039","4337.26784605062","4203.74758280985","4609.045817205","4202.0375633792","3668.19336910376","3164.89361701908","2277.88104089338","","","","","","","","","","","",
"French Guiana","GUF","CO2 emissions from transport (% of total fuel combustion)","EN.CO2.TRAN.ZS","","","","","","","","","","","","","","","","","","","","","","","","","","","","","","","","","","","","","","","","","","","","","","","","","","","","","","","","","","","","","","","","","","",
"Guam","GUM","CO2 emissions from transport (% of total fuel combustion)","EN.CO2.TRAN.ZS","","","","","","","","","","","","","","","","","","","","","","","","","","","","","","","","","","","","","","","","","","","","","","","","","","","","","","","","","","","","","","","","","","",
"Guyana","GUY","CO2 emissions from transport (% of total fuel combustion)","EN.CO2.TRAN.ZS","","","","","","","","","","","","","","","","","","","","","","","","","","","","","","","","","","","","","","","","","","","","","","","","","","","","","","","","","","","","","","","","","","",
"High income","HIC","CO2 emissions from transport (% of total fuel combustion)","EN.CO2.TRAN.ZS","1683.68961509273","1704.35347605454","1697.56014577594","1684.1523554644","1690.85827911099","1661.41653230296","1673.66395069353","1683.89624967588","1711.59999402494","1698.97942154054","1671.40887224366","1688.37886822857","1712.06096840684","1715.55595528146","1724.49181586766","1820.19952224829","1800.67855891721","1823.20551740764","1884.67421210762","1853.50654810405","1863.27155481053","1899.21905718013","1947.16491517522","1994.68265124777","1997.73120651893","1999.07850684775","2044.61359632086","2072.64888373196","2107.94291254742","2127.02551303984","2147.99853257285","2121.83960144707","2176.22781007791","2195.00010077885","2229.87248509295","2241.42463477774","2233.97860661145","2242.16889564289","2288.30572572913","2330.58327489982","2319.78404748754","2294.18321292494","2324.02639233561","2311.89081173038","2321.09811456062","2328.9682952186","2348.73158834815","2340.49413665082","2310.69370842178","2231.89917817622","2209.57395714715","2088.81054457889","1898.58361264561","1744.31243137353","1598.71359769701","","","","","","","","","","","",
"Hong Kong SAR, China","HKG","CO2 emissions from transport (% of total fuel combustion)","EN.CO2.TRAN.ZS","","","","","","","","","","","","1226.86276200899","1378.07883726398","1404.26164756308","1100.71930989174","1171.86192085917","1131.48334094565","1021.82073625404","1087.21473054728","1715.26753319895","1503.33598429784","1638.90223430316","1627.9241476752","1441.25953621857","1270.38859269812","1119.21602918173","1262.95874504901","1096.15643544294","1196.40545060932","1114.16277334384","1212.16193820433","1373.75769041864","1389.60869629238","1474.15591336883","1922.49954975046","1831.34517134973","1783.56043391281","1950.90989350623","2524.92726737268","3058.08810139844","2549.40170290418","2166.86716984024","1770.04468139111","1609.61899408889","1139.8763511619","1277.99346154188","1098.62242074892","1045.92256776519","1065.61607133318","1266.16053497266","1281.63122446727","1103.25807440615","980.526635349054","918.892508148143","781.163954945193","","","","","","","","","","","",
"Honduras","HND","CO2 emissions from transport (% of total fuel combustion)","EN.CO2.TRAN.ZS","","","","","","","","","","","","3544.40154440429","3650.01499248948","3688.46614172358","3527.74193548871","3447.71018454664","3352.95175306295","3220.70466822187","3443.87648149336","3410.32221271737","3205.54621849699","3449.34782608213","3548.25252766694","3641.97402597634","3588.026736406","4049.69338431317","4503.8655462213","4353.54983202991","4164.63533273036","4134.87832502943","4201.01356525929","4244.58113339844","4196.18819137998","4523.34630350734","4564.94949494404","3860.02917324202","3797.47257052199","4055.44461249634","3768.42549325176","4329.92400859573","4184.29543129564","3789.20720370133","3607.79195930669","3277.68439259386","2911.44119653442","2810.60237306515","3113.97901572423","3505.64106916592","3355.40780564365","3451.55442327435","3419.06773749113","3060.40328811193","2768.00443230418","2546.15384614757","2253.94285714","","","","","","","","","","","",
"Heavily indebted poor countries (HIPC)","HPC","CO2 emissions from transport (% of total fuel combustion)","EN.CO2.TRAN.ZS","","","","","","","","","","","","3404.1529152545","3465.05693388263","3402.25512659189","3417.58215784916","3516.49651524648","3372.1527581844","3485.2373816332","3679.67415461364","3772.81193712259","3845.84015671427","3838.52268798671","3870.71501774229","3725.06598900255","3725.51401534226","3908.6110974373","3920.476021242","3881.07616664524","4000.22262333873","3958.74789722217","4325.82721499516","4259.27399438079","4346.02956372243","4307.66987445519","4322.46174121521","4259.40336173096","4344.69488476245","4195.06102969312","4111.33768666558","3940.54803524592","4093.91977052529","4063.61221274598","4084.30426756093","4089.37135427694","4095.80680934496","4006.55856879542","4008.59009809473","4076.22271885736","4186.6761851172","4088.68903970617","4137.77107475754","3970.18669388003","3513.00121285907","3258.72993282334","2904.82938801566","","","","","","","","","","","",
"Croatia","HRV","CO2 emissions from transport (% of total fuel combustion)","EN.CO2.TRAN.ZS","","","","","","","","","","","","","","","","","","","","","","","","","","","","","","","1567.95258218301","1721.66949629066","1719.79626608149","1735.91840415598","1939.04756605622","1947.45080246923","2082.29035678182","2112.39437741262","2038.60610538912","2188.05843125411","2276.76938876822","2192.09932510484","2207.75856406125","2238.01325770239","2375.83749395195","2419.40737274662","2568.21294992285","2571.82682815132","2662.42289803238","2659.70893071886","2671.0556330275","2536.74731694311","2349.54452153656","2288.7842504028","2085.73315720404","","","","","","","","","","","",
"Haiti","HTI","CO2 emissions from transport (% of total fuel combustion)","EN.CO2.TRAN.ZS","","","","","","","","","","","","3266.0028449459","3941.58730157368","4246.84684684768","3829.75609755181","4292.68292681476","3878.44611527995","3986.44067795671","3987.5","4196.92307691584","4277.10206239341","5200.00000000654","3956.58073268963","3500.54054054135","3396.60339659975","3311.39240505899","3819.62236208303","3706.4197530825","3669.76506640323","3864.98363722295","4031.48021047496","3961.34831459425","4446.74996280903","5161.19402984768","5152.63157894095","4944.44444445823","4713.96226414887","4028.96905328857","4354.1984732777","4308.21256039344","4535.6922602473","4557.61589404159","4204.62427745682","4287.19512195927","5261.37566137698","5157.07070707333","5178.18368042444","5098.663869938","5110.04893096317","4879.09493304807","4340.28130694408","4108.72712913198","3229.46859902613","2695.85253456645","2416.30434782826","","","","","","","","","","","",
"Hungary","HUN","CO2 emissions from transport (% of total fuel combustion)","EN.CO2.TRAN.ZS","","","","","","836.948682376354","948.383602799122","1018.37419785242","1022.4541759245","1065.45365458994","1022.93967451093","1040.86241878387","945.243132238426","927.299369985579","963.844252394075","953.684540486526","891.238521997163","926.036672593588","914.929528674106","905.523359562043","896.061595089775","872.612894527321","849.394824486456","836.395344579899","831.03697682417","848.481929786561","909.017380102135","935.948121460606","999.614565528883","1058.3295894949","1118.91773187533","1025.77985007403","1100.77513104373","1095.39092410748","1081.27011271897","1116.27162209431","1096.16099727428","1192.94841511806","1322.58612857447","1394.50078813181","1470.7075366695","1504.36090072639","1627.76268242114","1625.70416116585","1748.71368064064","1902.93660156231","2050.4329618708","2178.59048099783","2199.55480098304","2278.52799536883","2043.14371359565","1946.74760478285","1791.36082910161","1576.24945880038","1548.11320754301","","","","","","","","","","","",
"IBRD only","IBD","CO2 emissions from transport (% of total fuel combustion)","EN.CO2.TRAN.ZS","950.469585316231","925.167037866595","919.078517618361","928.991956189427","896.063960646271","860.492120541794","866.64380167753","840.392933075646","829.938358084295","768.047413942571","764.674459518495","1008.32100608528","1017.01104303985","1026.03009213836","1037.78276280489","1015.71681308205","996.866428746051","968.604702671079","952.835775671529","949.980844098282","950.080234690662","968.514696163702","944.513845285693","923.504291993269","898.633488664158","901.981750819783","900.689059254024","888.171297600537","883.310110794006","904.009706226733","856.389820950556","857.079474040662","863.423171750302","860.628343313995","859.294565597979","849.246289138976","906.873870156296","897.251634899979","915.059451832247","939.423966213539","986.032973657155","965.871311693647","964.217050537353","936.032282218787","937.283484145765","910.809850602225","888.853907708685","888.413917224957","912.626361636621","904.177982558714","913.006965544272","886.879804435758","930.014767436128","922.88219723572","871.936544706122","","","","","","","","","","","",
"IDA & IBRD total","IBT","CO2 emissions from transport (% of total fuel combustion)","EN.CO2.TRAN.ZS","950.469585316231","925.167037866595","919.078517618361","928.991956189427","896.063960646271","860.492120541794","866.64380167753","840.392933075646","829.938358084295","768.047413942571","764.674459518495","1040.07092772285","1049.84431061208","1058.82511350528","1069.42885847541","1047.35427809773","1030.87684154459","1006.03381929365","993.182927123598","989.657144609204","994.993244323151","1013.10385132693","990.153342657838","969.198480013144","941.958681608254","944.527699987646","942.028297029325","926.325870213938","923.620876540554","943.418040369926","875.133243044785","877.300335625119","886.003462655118","881.427194279475","880.030956411119","874.833474107108","935.906623404966","929.488138438918","944.669942664505","968.343483799546","1013.72064258619","994.970523854331","993.729210277686","966.455965530091","967.738244468019","939.958999471835","915.253842331823","915.322105171099","939.74574683423","934.158354546891","944.787839706986","915.728589252278","959.070057184482","952.013823062298","883.350261068129","","","","","","","","","","","",
"IDA total","IDA","CO2 emissions from transport (% of total fuel combustion)","EN.CO2.TRAN.ZS","","","","","","","","","","","","2017.64474138877","2090.46061320756","2079.8501578102","2044.08651584734","2063.51487626003","2119.44515971137","2220.91473667852","2323.27578477297","2284.91435802916","2363.84188380184","2318.2956230319","2278.8029917686","2240.98714778652","2190.01463327717","2101.0252313231","2067.00398541047","1939.03804977918","1987.91886588797","1993.66488377748","1331.76470713782","1360.29864181061","1426.18256408987","1387.81350409268","1397.87363797963","1529.48459671197","1657.45404999358","1702.81766035087","1619.55161682669","1598.36423312376","1627.23153640776","1624.53827671486","1632.40596926811","1667.87364969927","1697.66179762895","1654.3447982436","1582.87909365224","1600.12746019727","1643.05232957005","1734.48261251121","1785.79930003591","1739.89921606248","1788.56812602994","1820.04853566098","1705.68973249383","","","","","","","","","","","",
"IDA blend","IDB","CO2 emissions from transport (% of total fuel combustion)","EN.CO2.TRAN.ZS","","","","","","","","","","","","1957.7689052273","2003.93734142735","1974.15041591927","1936.6031378537","1994.28018627707","2108.51771056042","2275.49877135382","2406.94110440268","2398.78176466551","2450.96545806472","2387.12221397864","2347.46465847903","2355.37557894891","2314.53185390818","2062.89690950576","2026.20984174863","1885.19563063707","1941.43519301031","1877.91162202937","1040.23562473214","1116.82909631591","1206.59734578594","1171.20007326786","1161.42859121262","1301.59439847256","1466.73767150132","1549.15077900264","1437.41205051629","1458.10520592857","1486.36384838306","1514.41562108791","1509.43007794215","1584.01796346545","1571.23715220838","1489.41337864654","1382.34897004952","1392.25058360141","1475.20833197005","1533.35516604595","1615.24740637173","1504.08822340323","1533.90640313812","1553.83255028066","1406.12342852096","","","","","","","","","","","",
"Indonesia","IDN","CO2 emissions from transport (% of total fuel combustion)","EN.CO2.TRAN.ZS","","","","","","","","","","","","2855.22284122423","2736.36542735823","2560.48260303129","2676.60041378266","2730.69608451238","2813.27455264694","2537.38473161664","2473.40354237355","2355.58567382745","2331.90817472027","2373.81701416676","2428.90369998595","2354.06381973509","2350.76337602004","2210.69715355063","2109.62053050501","2223.50597151619","2213.55935350533","2302.16485671887","2090.72674597198","2150.47410742107","2161.63285992784","2123.51507877171","2216.72391956186","2126.86593262358","2225.66326779877","2249.63280040069","2148.21583788217","1977.00697335336","2172.94015053297","2156.15910414919","2151.26270231364","2000.15733794942","2000.09439482721","1974.7949898986","1767.13187018627","1783.9829286014","1975.97406489708","2056.29559944109","2250.99093751037","2279.06215456973","2177.51824037688","2111.39666528786","1755.975534326","","","","","","","","","","","",
"IDA only","IDX","CO2 emissions from transport (% of total fuel combustion)","EN.CO2.TRAN.ZS","","","","","","","","","","","","2080.3741961521","2176.15408864548","2189.37993089373","2149.97348199696","2139.67839416303","2134.92492682002","2170.03471359287","2235.14518001939","2166.45726824844","2265.64654140701","2238.040673942","2197.48021813689","2105.59074460698","2045.4037715972","2169.72806868351","2139.14626528072","2035.45839475224","2072.12437401117","2190.16199225854","1987.49218921627","1938.35105682682","1999.8891818794","1993.14432990256","2025.94288270648","2074.60391329552","2097.47371769672","2048.92524059582","2022.14684715078","1911.42967671236","1926.09723826105","1849.72955331749","1877.6045166671","1827.90920196069","1931.56014228844","1933.54024090436","1912.54607342014","1929.63072445011","1899.29098322888","2025.53328866038","2033.62562062918","2091.05109371563","2169.82754694672","2193.87200988134","2068.03083640082","","","","","","","","","","","",
"Isle of Man","IMN","CO2 emissions from transport (% of total fuel combustion)","EN.CO2.TRAN.ZS","","","","","","","","","","","","","","","","","","","","","","","","","","","","","","","","","","","","","","","","","","","","","","","","","","","","","","","","","","","","","","","","","","",
"Isle of Man","IMN","CO2 emissions from transport (% of total fuel combustion)","EN.CO2.TRAN.ZS","","","","","","","","","","","","","","","","","","","","","","","","","","","","","","","","","","","","","","","","","","","","","","","","","","","","","","","","","","","","","","","","","","",
"India","IND","CO2 emissions from transport (% of total fuel combustion)","EN.CO2.TRAN.ZS","","","","","","","","","","","","2132.03093032977","2058.19898698222","1996.4802224814","1977.52586248732","1919.95261726307","1769.84504410958","1786.93977169089","1875.38232617659","1823.25268741026","1811.66390280089","1664.74918962352","1398.16672190418","1361.09761143847","1253.87504223903","1270.53840076689","1192.0069501109","1172.5930602198","1155.78622722611","1166.92753677863","1104.4701674354","1081.1707258863","1063.88370632457","1023.71268060654","1002.24976320253","1029.36246720527","977.534736747826","948.756900087154","966.622244285613","943.657560023082","924.591555828257","908.011378117893","905.024414976175","902.616272809886","901.936136909739","901.804940586463","888.998460904633","946.255778621294","1010.23354286182","941.396981970831","967.742249084881","958.058195663935","851.094062000376","781.564451978762","654.280649807739","","","","","","","","","","","",
"Ireland","IRL","CO2 emissions from transport (% of total fuel combustion)","EN.CO2.TRAN.ZS","898.786717760485","916.507081437711","967.140730256702","972.030637799445","1005.85188310152","1083.88603862587","1055.02490530843","1070.64596034029","1026.28175391531","1128.21158274699","1195.97408982762","1166.06831016915","1258.81252921869","1425.64738033542","1354.78564736378","1446.92980338483","1428.93208284944","1486.6548929691","1778.09357968936","1559.35136619525","1564.48102940268","1580.62344353673","1531.10926022193","1470.01482496364","1444.75828112826","1503.59983571475","1426.7019916887","1297.42585713534","1377.78851412528","1412.40606730515","1447.44996475192","1472.28461237081","1584.65776919467","1584.9187578186","1598.55646241347","1605.10254331704","1808.83333547648","1848.2240669821","2040.92908721126","2173.99698257002","2245.01206775917","2227.81592273759","2315.03672920209","2368.65812689596","2480.97074054907","2545.55287616226","2697.32713393687","2869.35595665537","2727.792046434","2592.36645946788","2468.45866885791","2410.4536240551","2025.44863776998","1972.45433499784","1831.54164205578","","","","","","","","","","","",
"Iran","IRN","CO2 emissions from transport (% of total fuel combustion)","EN.CO2.TRAN.ZS","","","","","","","","","","","","1683.0795234812","1670.87124900335","1729.89775031466","1796.50716735004","1921.08850332374","2022.41814864789","2086.14746275259","2180.75613390052","2113.25510739308","2125.28751389517","2097.28554156147","2030.06627687613","2091.77431039582","2085.8851772188","2133.75128408262","2173.88343115389","2140.86142010935","2089.56202481763","1994.87177263194","2005.74128297518","1945.53426278327","1877.05890003443","2095.09294909183","2096.36697456456","2006.53479512589","2100.00660444988","2042.94545201993","2102.29091492978","2105.00213824788","2164.46794912948","2169.58474383295","2230.7153371411","2259.95501966453","2215.98915741277","2223.86995893678","2186.26670779245","2030.22247549366","2081.58941972683","2072.02054384142","1956.53110964401","1834.95345668429","1657.3994097755","1530.79063175624","1420.97682029889","","","","","","","","","","","",
"Iraq","IRQ","CO2 emissions from transport (% of total fuel combustion)","EN.CO2.TRAN.ZS","","","","","","","","","","","","2097.95055836944","2116.78166055034","2189.7593626781","2351.81953335501","2487.05881205136","2535.1299671179","2799.42372576793","2813.86067607653","2821.19223248009","3247.28990767174","3857.48858607927","4306.73162358996","3847.37261115063","3819.69827848449","3631.9550552646","3350.37136083028","3434.6284953628","3224.6724939842","3330.43287314443","3613.48002811724","3766.99467504928","3124.17331811114","2493.98099696329","2246.69443230796","2301.68950398035","2215.00924721703","1902.82740142115","2712.10229355259","3486.93356431542","3281.73887536096","3223.89815461875","3257.44662013223","2796.78864639793","3124.1019199693","3291.8715336634","3386.08456334931","3696.89952804507","3038.74781120477","2356.82502727101","2296.49874987069","2406.83989435896","1991.10825219309","1697.61230705021","1173.3035524359","","","","","","","","","","","",
"Severely Indebted","ISD","CO2 emissions from transport (% of total fuel combustion)","EN.CO2.TRAN.ZS","","","","","","","","","","","","","","","","","","","","","","","","","","","","","","","","","","","","","","","","","","","","","","","","","","","","","","","","","","","","","","","","","","",
"Iceland","ISL","CO2 emissions from transport (% of total fuel combustion)","EN.CO2.TRAN.ZS","2014.85411140862","2147.7345537831","1920.3776553901","1944.35695536889","1914.14728682894","2057.14285714243","1877.333333323","1983.09859155688","1712.75167785706","1856.45933014358","1919.03770529663","1931.42857142443","1880.76957493995","2005.68501552019","1840.96385542165","2077.01863353417","2273.09927553274","2213.49693250583","2289.87012987275","2394.78772592943","2353.33990148421","2873.4303368592","2748.71794871795","2656.60377359877","2712.08791208684","2689.11610998346","2696.10859727748","2924.08477841443","2841.40995616906","2892.21055188209","2910.97726586192","3039.14993309342","2956.85890257873","2894.24443138221","2858.80144320063","2761.420722137","2709.66459021756","2481.58202486443","2589.83658885408","2695.26542324165","2589.13913642396","2705.70164485414","2582.50768334393","2594.3199401049","2626.83420135325","2677.44665694699","3536.55803033783","3710.16290855248","3808.97175180907","3593.73401610343","3627.84974093661","3507.02413643276","3010.37283777832","2593.59605910827","2291.17647058686","","","","","","","","","","","",
"Israel","ISR","CO2 emissions from transport (% of total fuel combustion)","EN.CO2.TRAN.ZS","","","","","","","","","","","","2013.02858102446","1912.59255265269","1932.76881757863","1931.72014954151","1910.73769631834","1916.19292989208","1846.16978652293","1916.75618070485","1909.57582926663","1929.62702322269","1829.84296912485","1872.66907973214","1905.8728974768","1764.75306469166","1803.13789463886","1752.50503014834","1747.61050609504","1713.98664320482","1683.27191032178","2019.34670821333","2055.44604005042","2072.51712715315","1977.30214100784","1984.21219736824","2025.32475570326","2035.34452963013","2055.82863403627","1934.72544922429","2009.1081824084","1966.64059740192","1886.87581082721","1859.90962290225","1860.27340976485","1826.5202478908","1841.97245465769","1782.16250661016","1811.12102867931","1976.25465914013","1876.91210996749","1842.56407106642","1729.21354131672","1552.76558180033","1489.18444356301","1487.33961972581","","","","","","","","","","","",
"Italy","ITA","CO2 emissions from transport (% of total fuel combustion)","EN.CO2.TRAN.ZS","1693.95321870801","1648.77074901171","1629.61627161087","1683.13311416225","1695.21498877688","1664.37999063901","1625.30612919072","1591.43292378811","1586.8917854947","1574.50355861023","1488.86421056986","1472.61111125389","1485.62268640563","1490.67473431946","1384.19964973995","1535.95700741787","1486.26870235843","1625.78259270046","1676.51264038292","1756.96898963826","1772.98241781508","1823.850033102","1913.98508174753","1946.93147316175","1988.84736138926","2061.9479582903","2130.8560239956","2143.35596564659","2188.55676129291","2164.56289758023","2180.43911464898","2228.80397040834","2356.39738487404","2421.24895720081","2441.59451546478","2355.43027188125","2411.2648578663","2427.31629695771","2433.39342989082","2461.99274338718","2451.8199456838","2492.00794858736","2499.02337904527","2421.09009157132","2419.06558122555","2389.20156106602","2446.79348804283","2504.34963127233","2434.01624355022","2435.1167389855","2325.84484278725","2260.22270826876","1953.04189944793","1939.20167505887","1878.42732476635","","","","","","","","","","","",
"Jamaica","JAM","CO2 emissions from transport (% of total fuel combustion)","EN.CO2.TRAN.ZS","","","","","","","","","","","","2583.70941112024","2189.75703490705","1818.42570992301","1797.09028669107","1420.44126836887","1602.07037172529","1274.14369256868","1206.74717369022","1231.7487684802","1182.21736061353","1254.21495115537","1547.84138856087","1445.52498663319","1400.2635483758","1560.29314036709","1628.53410157298","1782.77185500394","1917.13985100931","1411.90603173999","1327.86520351704","1270.38961040273","1205.54239572256","1276.04749431306","1267.26395843385","1472.55256838049","1625.7575886557","1679.07634367722","1730.18510122028","1755.42337110397","1752.92302029788","1703.77228166622","1848.84663077296","1784.6931275464","1832.79840330313","1912.37852590037","1675.34669203818","1614.64728447886","1885.92317822427","2269.58074551846","2300.54854086066","2036.28685055399","1606.10321247286","1485.91154142978","1383.26359832958","","","","","","","","","","","",
"Jordan","JOR","CO2 emissions from transport (% of total fuel combustion)","EN.CO2.TRAN.ZS","","","","","","","","","","","","3432.94490229183","3746.63142411088","3688.70676178091","4003.06801279734","4222.15119284101","4077.33926004622","4033.87642753889","4150.24530193301","4181.47140994525","3425.32077195385","2803.00454251888","3274.80653437008","3209.90683934088","2872.12801863509","2842.77525646801","3105.21844183995","2968.44298626411","3127.33965091914","3100.40652791928","2607.82453871533","2409.05344704493","2201.40776777399","2240.87536054776","2116.85279436446","2175.05810310272","2149.1390054854","2154.84688372595","2102.59180034118","2144.70483799578","2210.33758412923","2304.91579201774","2207.36372620652","2271.08400317588","2322.25008709113","2380.37484791677","2289.9887026078","2340.48015398649","2206.42998565142","2225.51027555184","2320.28902959107","2137.57659384158","2116.9541962135","2053.66287559512","1664.37163002782","","","","","","","","","","","",
"Japan","JPN","CO2 emissions from transport (% of total fuel combustion)","EN.CO2.TRAN.ZS","1309.00012015544","1274.12302784081","1317.59449358248","1288.79484800659","1293.22474725295","1268.58395098349","1208.33497689074","1169.91841761656","1198.15917248068","1174.11112359834","1179.86932311093","1223.37188140033","1213.77880321185","1168.5101551236","1203.86362084068","1310.35679774417","1334.99751993037","1359.63684399977","1462.32787108404","1499.77152289206","1601.73538467696","1610.65920506514","1601.94391705172","1634.02304307541","1571.55327004231","1627.71963601967","1684.84685523702","1735.379903651","1698.63150264722","1767.43643028018","1728.44776645777","1822.28483625861","1851.2029266585","1897.19839488749","1891.98979174679","1936.87507963554","1961.40985000021","1981.13573031425","2022.2321680921","1974.99395535587","1938.18265833276","1982.76030225553","1886.1340588247","1847.86053796253","1825.5732432542","1773.72091019951","1769.4611628084","1679.83273615186","1737.63852871547","1699.36585901593","1629.26251544524","1462.68407391303","1251.48637592531","1138.52143482124","999.608793312699","","","","","","","","","","","",
"Kazakhstan","KAZ","CO2 emissions from transport (% of total fuel combustion)","EN.CO2.TRAN.ZS","","","","","","","","","","","","","","","","","","","","","","","","","","","","","","","540.048778436664","652.379949237531","555.645072798426","540.674145037918","415.446326748197","479.047633064164","493.721594568264","499.711177694709","551.12051232751","447.282592115088","738.51953631537","661.188535978606","673.638104640653","567.015439651892","558.707926142216","538.860033961069","537.864826628137","572.808568523329","539.905065383975","515.518778017509","493.474330151011","454.668867162178","437.516076358979","358.851346658331","348.079932049277","","","","","","","","","","","",
"Kenya","KEN","CO2 emissions from transport (% of total fuel combustion)","EN.CO2.TRAN.ZS","","","","","","","","","","","","4239.44387824592","4063.95507148333","4166.20441705627","4117.48472115896","3867.25275275208","3577.22311273594","3822.42907801491","3831.59938332682","3536.86746988121","3867.54370249101","3741.63042726658","3892.29900105644","4321.20634920276","4306.68022232076","4494.39185635444","4418.7145578343","4170.20599327262","4104.11292594732","4126.22342137216","4326.19315342841","4607.7993661343","4246.83112590303","3992.58840754019","3855.94144926483","3966.50457353297","3821.89976165081","3917.40547372129","3630.95575997289","3398.69001675268","3073.33656959514","3315.64094016029","3576.92846534811","3743.68599618967","3602.9632573774","3389.87086430906","3363.00006608142","3447.3604859461","3361.56810015643","3329.81947142784","3724.87040273158","3243.14407522966","3295.01663628684","3236.92307691419","3013.84615384903","","","","","","","","","","","",
"Kyrgyz Republic","KGZ","CO2 emissions from transport (% of total fuel combustion)","EN.CO2.TRAN.ZS","","","","","","","","","","","","","","","","","","","","","","","","","","","","","","","2289.49146739624","1962.7228483291","1759.13928656977","1396.51290268362","686.159495645765","2187.36600228217","1856.50565594974","2040.03115263966","1867.63572116949","2130.96469540576","1657.37487232677","2047.14291826959","1434.50815674008","1571.0771264326","1996.19078347718","1970.4968745282","2075.91096784115","2642.19787740141","2546.62898705614","2969.11423401242","2825.66075185294","3107.29395761512","2874.32631547519","2884.00900901027","1581.81818181594","","","","","","","","","","","",
"Cambodia","KHM","CO2 emissions from transport (% of total fuel combustion)","EN.CO2.TRAN.ZS","","","","","","","","","","","","","","","","","","","","","","","","","","","","","","","","","","","","6917.85714286975","6638.62745096817","6350.76135292512","6420.42325633573","6181.96594500115","5834.82880756956","6064.15816705172","5191.87348912701","4940.17978851279","5006.57554160588","4895.96627026203","4689.34218513042","4704.73476209176","4639.08615803986","4970.25704179999","5350.80708299186","5166.52738756422","4729.34853698606","4454.63320462757","3625.57377049476","","","","","","","","","","","",
"Kiribati","KIR","CO2 emissions from transport (% of total fuel combustion)","EN.CO2.TRAN.ZS","","","","","","","","","","","","","","","","","","","","","","","","","","","","","","","","","","","","","","","","","","","","","","","","","","","","","","","","","","","","","","","","","","",
"St. Kitts and Nevis","KNA","CO2 emissions from transport (% of total fuel combustion)","EN.CO2.TRAN.ZS","","","","","","","","","","","","","","","","","","","","","","","","","","","","","","","","","","","","","","","","","","","","","","","","","","","","","","","","","","","","","","","","","","",
"Korea","KOR","CO2 emissions from transport (% of total fuel combustion)","EN.CO2.TRAN.ZS","","","","","","","","","","","","1092.75483824403","973.595958518699","985.409721190469","882.59733943529","824.777551569744","817.060000005866","1073.59239373572","1146.12982466762","1252.19508480167","1028.89195168338","754.825075140184","856.261061902929","1033.74966092902","1044.96657384559","1100.71162955813","1230.4931147538","1424.04128783204","1428.458321806","1537.887059066","1679.40508951473","1703.72943592352","1751.91806306453","1799.82146500628","1747.98832291583","1798.43604302356","1773.41522781968","1717.09636636235","1676.72285643434","1680.59456673431","1600.183664061","1612.44778345158","1751.41854703682","1782.44053313671","1711.56736500585","1663.40661321854","1636.01140499989","1639.81028574172","1521.94127953068","1415.09434766427","1313.91702996773","1182.6113209506","1063.60373064064","1032.04605102995","927.864954825625","","","","","","","","","","","",
"Kosovo","XKX","CO2 emissions from transport (% of total fuel combustion)","EN.CO2.TRAN.ZS","","","","","","","","","","","","","","","","","","","","","","","","","","","","","","","","","","","","","","","","","11.3502935420744","11.2654320987654","11.3178294573643","11.2094395280236","11.5328467153285","12.1804511278195","12.8166915052161","13.0681818181818","12.9287598944591","12.2473246135553","11.0218140068886","11.6009280742459","12.4231242312423","11.5523465703971","","","","","","","","","","","","",
"Kuwait","KWT","CO2 emissions from transport (% of total fuel combustion)","EN.CO2.TRAN.ZS","","","","","","","","","","","","1205.92919854667","1219.67113057513","1181.80104478875","1157.54150812632","1177.52707769972","1132.64756335555","1185.18888749158","1327.56145523019","1107.17675390597","1766.14394851344","2243.47948417323","2519.94070942621","2390.13480322412","1929.18454821854","2160.91475255544","2024.46977467537","1845.60122639202","1812.55992305003","1901.30140785828","924.875770970905","2172.36147335313","1780.74480579488","1466.17930493719","1336.03452162397","1416.49003677016","1484.65166449222","1497.44989207843","1298.81051269638","1215.47266443332","1134.18544814163","1069.74080074316","1096.04585834271","1146.21118743389","1154.83525483508","1092.26071884357","1214.19778310003","1250.19984928648","1301.29725602372","1246.51265416724","1355.52503293314","1135.41355643921","1013.99681628252","993.162901306183","870.097583644646","","","","","","","","","","","",
"Latin America & Caribbean","LAC","CO2 emissions from transport (% of total fuel combustion)","EN.CO2.TRAN.ZS","","","","","","","","","","","","3006.65347574619","3077.00959204226","3079.43273145234","3118.61741605527","3204.25218662396","3191.28757876395","3125.06039101705","3108.56302260174","3110.45422983352","3061.47519655909","3172.54924667184","3124.2589560685","3011.17763591101","2993.74274845197","2960.23198976422","2975.14897529773","2916.72065863057","2918.40830546918","2948.85678571974","3112.34711822052","3097.96613917652","3095.97046203959","3144.13155213007","3104.83875979142","3143.58655060177","3136.14354693164","3096.66769645994","3075.12529771623","3080.43473156039","3032.92248842313","3019.51450268262","3020.9461404144","3039.15701417396","3099.11101382474","3100.57148518046","3134.16050051975","3173.8404067696","3181.13210582397","3017.54078694455","3054.50811812233","2939.08157557112","2653.4191053919","2381.40231474965","2127.85313572892","","","","","","","","","","","",
"Lao PDR","LAO","CO2 emissions from transport (% of total fuel combustion)","EN.CO2.TRAN.ZS","","","","","","","","","","","","","","","","","","","","","","","","","","","","","","","","","","","","","","","","","","","","","","","","","","","","","","","","","","","","","","","","","","",
"Lebanon","LBN","CO2 emissions from transport (% of total fuel combustion)","EN.CO2.TRAN.ZS","","","","","","","","","","","","2427.72645712352","2463.27378479032","2239.94025907743","2454.44033235621","2309.18835144647","2596.05592246965","2389.23907291775","2253.6855701125","2148.60888175838","2475.74788033262","2824.19933935852","2926.54800875414","3233.70352922293","3217.15426435894","3058.53668032641","2594.78004398734","2584.68708074997","2406.76853864467","2978.46037867037","2978.46037867037","2960.55099804098","4129.27357224053","3308.53530867216","2831.25114253477","2901.13375388402","2876.16204570925","2423.16219001668","2649.99787573333","2403.8953694081","2530.35763725535","2183.29228919329","2196.5958255124","2339.61780381378","2338.00095107326","2471.45907766573","2534.68968785225","2272.13592196992","2505.0878013458","2225.7148417625","2324.21581479852","2188.05767910504","1781.34413423525","1596.65697674744","1391.23826553518","","","","","","","","","","","",
"Liberia","LBR","CO2 emissions from transport (% of total fuel combustion)","EN.CO2.TRAN.ZS","","","","","","","","","","","","","","","","","","","","","","","","","","","","","","","","","","","","","","","","","","","","","","","","","","","","","","","","","","","","","","","","","","",
"Libya","LBY","CO2 emissions from transport (% of total fuel combustion)","EN.CO2.TRAN.ZS","","","","","","","","","","","","1571.45636944824","2139.21184634899","2516.9550172957","2718.69528763188","2664.20607458695","2812.48137320702","2683.84970319586","2768.30486828352","2699.2088867165","2334.39626014537","2663.07186746612","2594.78992787615","2488.70087036553","2432.18034912369","2420.23502825329","2241.66466942175","2260.5100785576","2098.12232168825","2014.66905248757","2094.72325378151","2118.18094217697","2165.40803862311","2427.53304432992","2479.1370068039","2519.64619871798","2628.71281303487","2531.74699126876","2443.75097093984","2739.37909094743","2625.57345851205","2634.53529559876","2529.71532774705","2465.86519308036","2509.03149938735","2546.16286772277","2608.12526131702","2589.1952448809","2691.71505679292","2819.51609497681","3116.65164906986","3106.0549016316","2663.41510545387","2484.92571500426","2240.73068893712","","","","","","","","","","","",
"St. Lucia","LCA","CO2 emissions from transport (% of total fuel combustion)","EN.CO2.TRAN.ZS","","","","","","","","","","","","","","","","","","","","","","","","","","","","","","","","","","","","","","","","","","","","","","","","","","","","","","","","","","","","","","","","","","",
"Latin America & Caribbean (all income levels)","LCN","CO2 emissions from transport (% of total fuel combustion)","EN.CO2.TRAN.ZS","","","","","","","","","","","","2861.16946800299","2938.32180002078","2937.63141199135","2990.4223341062","3097.33461490219","3086.97442177112","3036.70797258374","3046.65750174977","3041.85270015459","3003.61893120926","3111.80629993938","3081.0967271076","2980.55886700625","2954.87594495056","2929.37680627378","2942.35159614572","2894.41354091737","2878.3150025983","2884.71950935716","3050.74745256601","3050.06242599157","3051.12997938492","3109.86828542381","3076.93667349179","3110.53260157691","3088.82484084541","3029.28814777501","3016.25253879441","3019.55035139051","2988.79863679683","2967.61093920609","2967.11219358716","2971.96874562414","3014.154319756","3021.9170954076","3040.37968230015","3077.06045288927","3064.56457067696","2910.15161798974","2948.30080395831","2826.12055048949","2549.33568839191","2300.9034625245","2070.01246545326","","","","","","","","","","","",
"Least developed countries: UN classification","LDC","CO2 emissions from transport (% of total fuel combustion)","EN.CO2.TRAN.ZS","","","","","","","","","","","","2943.19108049462","3170.50452931863","3080.72669252113","3092.75663246193","3010.68111204031","2914.75014978031","2861.49141130295","3106.25083217264","3113.61953999003","3142.53420266151","3114.63965893797","3226.62519313098","3219.04139752194","3163.85085428915","3172.34493895596","3177.08562274809","3003.98121370523","3136.96414232637","3107.67461644248","3350.94671770604","3438.9964427137","3425.31009395297","3185.53769841866","3252.2542145817","3110.89087807367","3156.56565372411","2998.91326046623","3095.12505533466","2871.55425888479","2932.86098264755","2886.1144337953","2935.83938769478","2979.6767280299","3035.43935483863","3021.22273304962","2985.20913936004","3005.16805890226","3005.94867559332","2982.23668383021","3026.95276802859","2950.98902282543","2583.04725120944","2393.00539242874","2155.77655310365","","","","","","","","","","","",
"Low income","LIC","CO2 emissions from transport (% of total fuel combustion)","EN.CO2.TRAN.ZS","","","","","","","","","","","","777.275796501041","818.73228896578","844.838791254733","849.140194225902","873.775955505302","815.950096373132","817.742344965132","895.044387520161","908.353685361148","944.279155150142","904.240246623386","853.211475692382","840.835675378281","767.078913783914","793.686603556159","774.02765875261","807.611908610281","828.580573542003","899.073444161766","1009.90497545942","985.887215632346","1039.06007151806","1059.52227015762","1059.69528906656","1202.4049897334","1346.11310159883","1309.94031763288","1467.23705160832","1288.9234964335","1332.8209991723","1302.24331977516","1399.43577201319","1408.56546543478","1483.23076310804","1493.87294202735","1506.45221299764","1715.71170863187","1687.26860519119","1723.95909922743","1807.46428430125","2019.61614309968","1880.78488964968","2050.25246318147","1809.5631431807","","","","","","","","","","","",
"Liechtenstein","LIE","CO2 emissions from transport (% of total fuel combustion)","EN.CO2.TRAN.ZS","","","","","","","","","","","","","","","","","","","","","","","","","","","","","","","","","","","","","","","","","","","","","","","","","","","","","","","","","","","","","","","","","","",
"Other low-income","LIO","CO2 emissions from transport (% of total fuel combustion)","EN.CO2.TRAN.ZS","","","","","","","","","","","","","","","","","","","","","","","","","","","","","","","","","","","","","","","","","","","","","","","","","","","","","","","","","","","","","","","","","","",
"Low income, excluding China and India","LIX","CO2 emissions from transport (% of total fuel combustion)","EN.CO2.TRAN.ZS","","","","","","","","","","","","","","","","","","","","","","","","","","","","","","","","","","","","","","","","","","","","","","","","","","","","","","","","","","","","","","","","","","",
"Sri Lanka","LKA","CO2 emissions from transport (% of total fuel combustion)","EN.CO2.TRAN.ZS","","","","","","","","","","","","4348.99832052601","4428.21963518555","4077.35200187014","4442.11187875679","4391.68600431601","4698.17222257933","4749.09802043555","4841.89872112128","5004.7705103573","5075.35786930217","4903.31444794581","4610.4490714438","4151.87497737149","5391.36522315807","6191.27594403089","6290.31252950959","5600.44362068657","5935.71130409666","5922.92285963409","6005.95087630328","5811.0457691047","5044.82544854965","5497.46090132748","5721.40303185101","6010.31654065363","5626.40717008527","5204.90937368199","5232.56168303288","5262.5411968054","4339.18528811569","4451.16725506978","4298.63347673842","4205.33222532582","4211.76698937971","4183.65131106861","4509.46643290753","4506.49226334071","4390.113572855","3969.0602768773","4627.89098741442","3998.37933940031","3210.17809946841","3652.11062590637","2720.60931899385","","","","","","","","","","","",
"Lower middle income","LMC","CO2 emissions from transport (% of total fuel combustion)","EN.CO2.TRAN.ZS","","","","","","","","","","","","2373.11159533861","2344.00580239234","2294.35557262676","2281.92463994488","2218.86937439759","2163.51288156236","2177.07310012385","2270.89204591456","2200.302969802","2239.13331263703","2132.24585184787","1983.43205034487","1931.30949364316","1854.98222999831","1854.29549147672","1784.26140528367","1744.85074632668","1758.93578713946","1763.26095599214","1280.59411420446","1358.49715176266","1328.94242291791","1353.50428983634","1414.95230812937","1466.90380876023","1534.25807869546","1577.48725353187","1572.48717519105","1528.38524579017","1550.34785816774","1538.60312982942","1547.9516348057","1530.56708761407","1545.14400742094","1511.77508120898","1451.46241807509","1496.18594618834","1553.45796082836","1494.39589837108","1540.11823395997","1463.56199164378","1322.9165843599","1206.2306250108","1046.19445464477","","","","","","","","","","","",
"Low & middle income","LMY","CO2 emissions from transport (% of total fuel combustion)","EN.CO2.TRAN.ZS","2896.89842781036","2982.68514418175","2901.54772743964","2792.70870879733","2817.26880195811","2725.12910131179","2710.44340231542","2537.4851565899","2467.03792561843","2240.46485727916","2259.96869778861","1495.22132830842","1509.21696073877","1529.51865312808","1551.35422260762","1515.74036139863","1498.63722904821","1457.88178098208","1443.96721697044","1441.22640586993","1452.81675170716","1471.7404885801","1441.92573809719","1404.18878248715","1364.30525974255","1370.55693836716","1363.08042477567","1341.01313393293","1335.82565265168","1356.87958240978","1228.9159164603","1238.20456710451","1246.26117507914","1245.43618332195","1239.61548417272","1236.16837947856","1312.31693157175","1307.14589684281","1321.57905727048","1352.22052235915","1411.11805118321","1396.42540208259","1393.38110579064","1350.42727469547","1343.90238699234","1303.29799170065","1268.01260104972","1268.31655082801","1295.46948302581","1219.22977028373","1235.13438649219","1147.37773949269","1049.09142362846","969.968836909372","871.00304080159","","","","","","","","","","","",
"Low-income Africa","LSA","CO2 emissions from transport (% of total fuel combustion)","EN.CO2.TRAN.ZS","","","","","","","","","","","","","","","","","","","","","","","","","","","","","","","","","","","","","","","","","","","","","","","","","","","","","","","","","","","","","","","","","","",
"Lesotho","LSO","CO2 emissions from transport (% of total fuel combustion)","EN.CO2.TRAN.ZS","","","","","","","","","","","","","","","","","","","","","","","","","","","","","","","","","","","","","","","","","","","","","","","","","","","","","","","","","","","","","","","","","","",
"Late-demographic dividend","LTE","CO2 emissions from transport (% of total fuel combustion)","EN.CO2.TRAN.ZS","843.173395749517","819.135715961141","813.64038190317","823.020828792184","783.899053621676","742.230377173471","734.831193523868","718.273898263101","707.083105022695","665.910326085652","656.761335319373","688.946354789262","706.750000994629","731.97777402136","744.224249402206","719.272398962773","707.887172665128","669.149515006819","647.232720689115","653.297269124005","647.180008912296","657.031970785731","655.139031751882","644.844425935823","619.912049595871","628.685531060539","639.116049160197","626.614058879718","622.015266500901","647.528437247179","713.993676121261","702.572205279274","719.750466394459","697.173831135546","675.60410725041","666.119672752253","734.786167944217","720.286590032928","741.879711490516","769.434613171043","833.075418293215","820.290241051056","821.870618758889","800.059912400397","803.912668488863","768.205847780909","748.952799912621","743.308722678233","767.258283769486","752.588241536288","762.578270530741","735.801105477733","775.372012399876","780.422730672304","734.120962350441","","","","","","","","","","","",
"Lithuania","LTU","CO2 emissions from transport (% of total fuel combustion)","EN.CO2.TRAN.ZS","","","","","","","","","","","","","","","","","","","","","","","","","","","","","","","1508.33734893831","1563.45809516088","1840.63402150822","1761.90405514308","1467.17374444289","1919.25184503396","2034.33720498156","2349.47687058644","2342.5443741541","2502.25040265923","2585.06268121588","2648.46282491618","2731.60353437557","2769.04216893351","2879.01625259008","2872.83478862253","3033.42747436272","3444.83029559165","3456.11626466189","3016.6909083864","2887.83534278553","2912.01614257012","2609.10870323609","2592.73066170399","2631.61978661871","","","","","","","","","","","",
"Luxembourg","LUX","CO2 emissions from transport (% of total fuel combustion)","EN.CO2.TRAN.ZS","202.832038629743","171.685582278367","188.368662433515","227.45887942077","200.699891985443","201.557584535728","222.485983689993","222.539545686446","228.168115842071","221.998343002724","251.333499502272","295.810671588682","335.763105426974","353.037325588575","382.701680287865","600.625710075305","589.119142260476","639.118334464622","674.67487254448","820.71424319994","917.276484181042","1220.14179194964","1309.97210308547","1372.19025211515","1281.27812780533","1347.89526277932","1445.03831235504","1715.68761015625","1717.10190369845","1864.64531397259","2185.89009366056","2510.22964989321","2820.05701231067","2768.86333821382","3047.63635569444","3633.78746418054","3692.88330568666","4166.18756861951","4768.42898334762","5062.8966936133","5341.90241285649","5211.23750566172","5039.10861652071","5291.26772470994","5405.24265703425","5575.94296943406","5425.52320765366","5502.90363747356","5617.10109570569","5154.05232972138","5157.7221279966","5282.51503156111","4491.49996293646","4311.156601838","3808.21621621541","","","","","","","","","","","",
"Latvia","LVA","CO2 emissions from transport (% of total fuel combustion)","EN.CO2.TRAN.ZS","","","","","","","","","","","","","","","","","","","","","","","","","","","","","","","1457.26656369654","1448.02441047835","1581.52920080949","1733.75726379749","1850.81379728033","2015.36334214844","1944.62831996948","2088.18784182914","2158.60828526123","2299.40752444235","2763.99709158058","3086.85935041321","3192.20430416398","3271.4686978051","3420.7327921712","3526.53391121806","3672.55107962519","3995.02246081315","3974.82337021771","3636.62087319947","3299.20449399578","3094.38648961643","2733.34843540214","2595.31515277139","2442.85714286","","","","","","","","","","","",
"Macao SAR, China","MAC","CO2 emissions from transport (% of total fuel combustion)","EN.CO2.TRAN.ZS","","","","","","","","","","","","","","","","","","","","","","","","","","","","","","","","","","","","","","","","","","","","","","","","","","","","","","","","","","","","","","","","","","",
"St. Martin (French part)","MAF","CO2 emissions from transport (% of total fuel combustion)","EN.CO2.TRAN.ZS","","","","","","","","","","","","","","","","","","","","","","","","","","","","","","","","","","","","","","","","","","","","","","","","","","","","","","","","","","","","","","","","","","",
"Morocco","MAR","CO2 emissions from transport (% of total fuel combustion)","EN.CO2.TRAN.ZS","","","","","","","","","","","","2322.35375673796","2260.99917012364","2112.54062600445","1943.79939210557","1969.59705359788","1886.0820240472","1915.63875072965","1837.06052581999","1906.55373094058","1672.77919261104","1630.91029766795","1684.29385551394","1543.27125299161","1454.41126135696","1418.44481175825","1456.45654082498","1489.87769258125","1488.8099300946","1582.12285670711","1749.44665557453","1854.14386157298","1909.80700104886","2016.59874562808","1989.39472328959","2024.85928350964","2193.84321693039","2241.62563179379","2328.05979770538","2352.16851510978","2439.73027223484","2352.14990471114","2380.35003716038","2498.49719396811","2370.45264451535","2290.04893226154","2301.95941756742","2382.67970894117","2505.78091398931","2525.86867965808","2454.50523121463","2290.42375621715","1976.81342317364","1946.62604571492","1644.21012991607","","","","","","","","","","","",
"Monaco","MCO","CO2 emissions from transport (% of total fuel combustion)","EN.CO2.TRAN.ZS","","","","","","","","","","","","","","","","","","","","","","","","","","","","","","","","","","","","","","","","","","","","","","","","","","","","","","","","","","","","","","","","","","",
"Moldova","MDA","CO2 emissions from transport (% of total fuel combustion)","EN.CO2.TRAN.ZS","","","","","","","","","","","","","","","","","","","","","","","","","","","","","","","705.459380024691","822.080140622251","987.161241049282","746.091203083119","823.989952174241","932.675550181179","1154.69752638172","1203.33692119889","1040.00901851213","829.844779351184","894.833622251963","850.373663913722","1152.83692044802","1255.88830376546","1366.6061420558","1278.95585813708","1341.98325411567","1499.40695945719","1727.9203971746","1561.38347484297","1663.21828872138","1708.16093485789","1425.51710852217","1641.19402984955","1407.31034482517","","","","","","","","","","","",
"Madagascar","MDG","CO2 emissions from transport (% of total fuel combustion)","EN.CO2.TRAN.ZS","","","","","","","","","","","","","","","","","","","","","","","","","","","","","","","","","","","","","","","","","","","","","","","","","","","","","","","","","","","","","","","","","","",
"Maldives","MDV","CO2 emissions from transport (% of total fuel combustion)","EN.CO2.TRAN.ZS","","","","","","","","","","","","","","","","","","","","","","","","","","","","","","","","","","","","","","","","","","","","","","","","","","","","","","","","","","","","","","","","","","",
"Middle East & North Africa (all income levels)","MEA","CO2 emissions from transport (% of total fuel combustion)","EN.CO2.TRAN.ZS","","","","","","","","","","","","1883.90132082759","1915.31762192962","1935.28749475734","1975.69866712864","2013.23308672303","2099.04922143262","2158.98239987703","2271.47332669374","2131.55517052067","2078.65233813041","2158.42147955875","2178.06203100651","2294.55552191649","2380.6142218338","2391.96658116285","2269.86293936131","2264.57889725815","2228.88385449275","2196.26299480068","2280.21622364835","2268.03925791062","2231.01527265144","2230.8013716959","2200.41599228778","2109.32127474104","2126.24410785601","2069.64489822066","2110.24628724328","2125.66901931003","2180.59757455704","2109.43565448448","2126.20455792623","2124.36945183074","2116.7131652183","2109.8050419128","2105.81562354984","2100.95203552065","2106.48883408045","2032.47530832045","2013.19751459845","1880.27385205401","1703.87286040577","1559.45599890596","1403.39097724258","","","","","","","","","","","",
"Mexico","MEX","CO2 emissions from transport (% of total fuel combustion)","EN.CO2.TRAN.ZS","","","","","","","","","","","","2835.80271615214","2777.7096926918","2735.13643454327","2736.25721590824","2792.2418426183","2810.17072722821","2809.68810057815","2760.97374059086","2884.9098534363","2903.81859655157","3018.896978082","2871.77572805135","2634.44434248355","2665.91776563358","2582.21346366946","2570.52103162448","2534.05121533632","2588.04287503882","2699.38004945727","2866.27666093185","2847.68646784383","2834.18863952679","2855.13929134075","2790.27451933989","2723.07153495695","2675.46733030753","2655.39886310364","2561.08409775197","2690.3132894005","2647.60821629405","2693.7983323219","2687.84305744473","2752.10791907708","2846.17196054267","2886.35823731991","2958.6074754856","3049.30558571491","3197.37567002274","2988.12843844318","2943.60127889849","2713.08931314546","2360.22511733972","2182.62580886981","2000.26455026359","","","","","","","","","","","",
"Marshall Islands","MHL","CO2 emissions from transport (% of total fuel combustion)","EN.CO2.TRAN.ZS","","","","","","","","","","","","","","","","","","","","","","","","","","","","","","","","","","","","","","","","","","","","","","","","","","","","","","","","","","","","","","","","","","",
"Middle income","MIC","CO2 emissions from transport (% of total fuel combustion)","EN.CO2.TRAN.ZS","2896.89842781036","2982.68514418175","2901.54772743964","2792.70870879733","2817.26880195811","2725.12910131179","2710.44340231542","2537.4851565899","2467.03792561843","2240.46485727916","2259.96869778861","1527.99170179548","1539.56302189151","1558.6149888445","1581.20628728054","1540.9948249547","1525.83642954926","1482.49497585644","1464.5250455186","1461.87610813755","1473.416833564","1494.99935870091","1466.12459920219","1427.5858010127","1388.45599933605","1393.95380907766","1385.90816660738","1360.17626416767","1353.44303955306","1371.97345452942","1233.4261613649","1243.23904538802","1250.03893613123","1248.57296503033","1242.44430079821","1236.57313084459","1311.68790046966","1306.97922109493","1319.48138783813","1353.05772932518","1412.17428012118","1397.73003474763","1393.24597243263","1349.65811790564","1342.08996078282","1300.72192307535","1264.98252942586","1263.39924083792","1291.05876113282","1213.71483532715","1229.40290031543","1140.38605171932","1043.15829961137","962.875153337701","864.633252077643","","","","","","","","","","","",
"North Macedonia","MKD","CO2 emissions from transport (% of total fuel combustion)","EN.CO2.TRAN.ZS","","","","","","","","","","","","","","","","","","","","","","","","","","","","","","","796.061251227694","822.903842745193","827.8571303545","1495.70583401069","994.289040557992","942.756723721097","1513.90185691249","1504.93108450812","933.978548942368","1085.51605245794","1026.34715927554","970.623023384407","1086.32464168899","1001.25486603605","1055.15475342135","1023.4303940063","1023.69322742789","1112.01716372855","1164.88261358875","1264.95473235804","1353.88764051968","1229.0388745594","1082.80683239613","1254.1700218919","1227.45625840883","","","","","","","","","","","",
"Mali","MLI","CO2 emissions from transport (% of total fuel combustion)","EN.CO2.TRAN.ZS","","","","","","","","","","","","","","","","","","","","","","","","","","","","","","","","","","","","","","","","","","","","","","","","","","","","","","","","","","","","","","","","","","",
"Malta","MLT","CO2 emissions from transport (% of total fuel combustion)","EN.CO2.TRAN.ZS","","","","","","","","","","","","2738.46153846362","2337.52571261581","2703.79746836766","2658.90410958926","2574.99999999869","2293.5764531742","2175.54112554788","1940.51600572603","2006.12870275557","2403.0303030225","2131.66877370783","2143.26550387215","2668.29896907535","1993.43814081154","1076.65667166597","2147.95490676813","2049.04796969728","1878.67077113423","1732.39158258273","1737.84948675539","2050.45871560605","2170.73517377261","1875.9600190125","2098.85618815913","2578.92186661926","2076.40929535486","2701.55306298397","2433.54787957559","2210.72588065853","1915.60420977591","1562.73386228623","1145.25109170725","1277.94707297649","1552.14384822759","1096.4675332969","1237.29763152808","1132.57139918386","1855.80953505373","1567.26100966019","1775.43641749961","1658.86478781037","1365.96397360408","1453.22431684115","1315.38461538769","","","","","","","","","","","",
"Myanmar","MMR","CO2 emissions from transport (% of total fuel combustion)","EN.CO2.TRAN.ZS","","","","","","","","","","","","3032.25186700723","3014.84051186254","3333.58164791184","3451.59496635062","3093.41736738756","3069.95159660001","3207.66369046904","3171.75824984127","3370.07060556501","3319.48319035054","3305.65095220475","3344.06448549579","3261.40920275183","3250.94162686135","2918.08685020617","3050.89762208859","2414.20429163602","2585.13557146366","2625.33168585629","3009.86355793476","2877.21421968155","2240.60384144642","3006.79613554817","2942.34349857772","3568.01987480207","3629.73582815604","3006.43898775619","3355.47843948075","3085.13024619748","3366.93858092021","3074.37401166197","3795.59326213398","3369.81227203274","3756.0988425608","3872.53205163745","3572.79422702049","3833.14692521036","2399.6671487198","2557.42711516232","2432.13135090141","2318.50468635589","1852.8388248609","1892.13100076979","2086.50306748124","","","","","","","","","","","",
"Middle East & North Africa","MNA","CO2 emissions from transport (% of total fuel combustion)","EN.CO2.TRAN.ZS","","","","","","","","","","","","1976.52591147836","2010.13115464455","2072.19647889598","2099.99650258028","2106.94472907237","2178.16112881151","2224.4437502541","2267.92903350359","2167.85328717031","2237.76926584484","2257.19790317576","2210.56690096986","2169.26347412707","2167.62706732973","2285.3521896841","2243.45083649127","2230.22599090699","2187.82466759426","2208.6993103145","2315.15052461969","2270.26412486051","2225.27944480131","2248.25609679409","2225.26608334544","2178.92514737891","2219.11886680353","2123.94542480263","2273.03894583057","2331.00016709637","2397.56578304653","2304.18114406433","2331.88242991806","2317.4494134963","2314.52019831616","2295.47668997655","2280.62905024547","2225.20933350017","2230.76307937622","2176.45844760734","2178.22335935876","2048.51855044271","1861.38042222746","1666.9550861542","1487.86643945523","","","","","","","","","","","",
"Montenegro","MNE","CO2 emissions from transport (% of total fuel combustion)","EN.CO2.TRAN.ZS","","","","","","","","","","","","","","","","","","","","","","","","","","","","","","","","","","","","","","","","","","","","","","2021.74658674555","1693.87608639876","2406.67088553723","1893.12499018936","3010.39907308806","2229.63649960972","2047.38582676945","1886.95652173298","1517.62114537216","1335.13513513171","","","","","","","","","","","",
"Mongolia","MNG","CO2 emissions from transport (% of total fuel combustion)","EN.CO2.TRAN.ZS","","","","","","","","","","","","","","","","","","","","","","","","","","946.280077270622","910.94866071619","874.840243942359","1297.11800295957","976.61231459154","1068.42997501534","601.159893462401","618.867097540694","743.668590666001","579.337273110686","722.162358937694","895.072664368663","850.633539634513","826.622975491887","851.817103418033","963.636811792096","925.574269484548","970.091694121309","962.951099317488","1088.13878527445","901.479613241004","970.850017539579","1113.35451030766","1150.49634494281","938.908155226182","877.086321567926","904.915269066999","803.557081836754","658.360128610675","634.030837006784","","","","","","","","","","","",
"Northern Mariana Islands","MNP","CO2 emissions from transport (% of total fuel combustion)","EN.CO2.TRAN.ZS","","","","","","","","","","","","","","","","","","","","","","","","","","","","","","","","","","","","","","","","","","","","","","","","","","","","","","","","","","","","","","","","","","",
"Mozambique","MOZ","CO2 emissions from transport (% of total fuel combustion)","EN.CO2.TRAN.ZS","","","","","","","","","","","","945.152756951898","940.699075933925","967.707382871586","669.400891471311","638.64468864506","699.02543175416","966.621098194812","1077.79714901656","850.063661828541","1106.85425684366","1142.96007645468","1151.753155686","1193.8919288531","1215.38822426333","713.288590603859","607.694112126566","668.463523340282","662.699944841625","734.246575341757","5004.62962963063","4917.77777778267","5663.88888888825","5903.80782479969","5800.00000000659","5641.8764302104","6591.7431192727","6135.83333333701","6424.13793102921","6500.86956521492","5712.87878787454","5720.61068703618","5894.16058393621","5990.36144578747","5947.92899409651","6105.38079470638","6141.94122547908","6206.80203044353","6173.11370606934","5788.49885845024","5908.74809834221","5517.75196972464","5075.2789195548","4538.9830508383","3240.31007751974","","","","","","","","","","","",
"Mauritania","MRT","CO2 emissions from transport (% of total fuel combustion)","EN.CO2.TRAN.ZS","","","","","","","","","","","","","","","","","","","","","","","","","","","","","","","","","","","","","","","","","","","","","","","","","","","","","","","","","","","","","","","","","","",
"Martinique","MTQ","CO2 emissions from transport (% of total fuel combustion)","EN.CO2.TRAN.ZS","","","","","","","","","","","","","","","","","","","","","","","","","","","","","","","","","","","","","","","","","","","","","","","","","","","","","","","","","","","","","","","","","","",
"Mauritius","MUS","CO2 emissions from transport (% of total fuel combustion)","EN.CO2.TRAN.ZS","","","","","","","","","","","","3500","3844.82758620058","3614.10984849439","3331.08974358974","3488.09523809524","3280.18707482931","3000.00000000557","2916.66666667367","2757.37704919008","2947.36842105694","2900.18148819378","3037.73584906632","2749.04371585675","2587.49999999377","2757.37704919008","2857.98245613172","3021.14197530201","2880.08739075922","2907.97029703818","2656.82158920012","2521.45161290323","2652.96090678034","2573.96199859789","2547.54966887536","2440.98671727229","2345.74922360106","2288.03389310121","2074.29851971543","2259.01759530274","2162.42283950444","2052.51821887352","2091.75354183121","2062.14693055113","2097.8365797921","2034.06145871088","1845.53820411989","1713.83348742769","1694.83206094928","1781.10521109651","1759.91856258048","1789.88095238205","1804.35856638277","1663.18537858423","1453.78787879283","","","","","","","","","","","",
"Malawi","MWI","CO2 emissions from transport (% of total fuel combustion)","EN.CO2.TRAN.ZS","","","","","","","","","","","","","","","","","","","","","","","","","","","","","","","","","","","","","","","","","","","","","","","","","","","","","","","","","","","","","","","","","","",
"Malaysia","MYS","CO2 emissions from transport (% of total fuel combustion)","EN.CO2.TRAN.ZS","","","","","","","","","","","","2836.95948482394","2960.02478156278","3196.46744945438","2872.81889336862","2836.80718690838","2766.07345376674","2636.27258554472","2324.8675278673","2336.27368642077","2380.89563867626","2390.46183362299","2422.79715764018","2532.07639600157","2565.55003617489","2460.59943603747","2664.26853903482","2706.55032382023","2802.34741597819","2634.43192031587","2584.32211053098","2301.5182758416","2341.39589505526","2247.85656955923","2312.02594667406","2237.52914004122","2256.19200970351","2427.93526608391","2258.68356321142","2523.08406968397","2469.88020402079","2560.46754783611","2496.94058128807","2536.15756917656","2470.67865670943","2307.4463900515","2123.85537890085","2066.02648854321","2034.42608449275","2094.92864133058","1941.70917335244","1843.69264425738","1607.54979641564","1814.32663328246","1693.56067477331","","","","","","","","","","","",
"Mayotte","MYT","CO2 emissions from transport (% of total fuel combustion)","EN.CO2.TRAN.ZS","","","","","","","","","","","","","","","","","","","","","","","","","","","","","","","","","","","","","","","","","","","","","","","","","","","","","","","","","","","","","","","","","","",
"North America","NAC","CO2 emissions from transport (% of total fuel combustion)","EN.CO2.TRAN.ZS","2104.74834815214","2132.56679521019","2138.16576940397","2126.80191462893","2132.25531382329","2081.5444565901","2069.9415599975","2086.43063727719","2129.13113609673","2150.45190966145","2160.24956597155","2222.59600634497","2238.31482781354","2262.18724257995","2284.22178052998","2408.90126003933","2378.29088369696","2361.7392799413","2449.77995881852","2400.13201742165","2390.79589685713","2419.13176875435","2491.78111437653","2535.93757520691","2503.36205953288","2512.30465627799","2574.53556043667","2576.56225046702","2576.19774684902","2561.64787898894","2630.53698274009","2569.60844553703","2589.18150033859","2576.25852891193","2628.85218640787","2654.54723920125","2639.70321648446","2600.35657251511","2652.96492207875","2710.7954039607","2686.55805401679","2673.64124965294","2734.14220286075","2731.65387738375","2737.46342927424","2759.19035890259","2805.57530222266","2765.89546263524","2706.20589516429","2617.8367063977","2620.8754670347","2493.47387200361","2335.75185461039","2110.04897894826","1894.83145204425","","","","","","","","","","","",
"Namibia","NAM","CO2 emissions from transport (% of total fuel combustion)","EN.CO2.TRAN.ZS","","","","","","","","","","","","","","","","","","","","","","","","","","","","","","","","3791.71670881055","3704.87108186447","3312.10239907783","3112.72886623106","3113.41265754944","4838.63272582744","4858.31346966315","4919.76042424852","5127.82817295506","5271.37674148487","5023.24897101701","5069.0717712717","5024.67406852054","5080.4155140997","5490.84463277885","4965.78429337924","4869.73756277654","4574.29684202407","4701.53678003605","4797.17911701504","4564.69013067624","3805.79451464917","3534.69811513285","3159.6100278505","","","","","","","","","","","",
"New Caledonia","NCL","CO2 emissions from transport (% of total fuel combustion)","EN.CO2.TRAN.ZS","","","","","","","","","","","","","","","","","","","","","","","","","","","","","","","","","","","","","","","","","","","","","","","","","","","","","","","","","","","","","","","","","","",
"Niger","NER","CO2 emissions from transport (% of total fuel combustion)","EN.CO2.TRAN.ZS","","","","","","","","","","","","","","","","","","","","","","","","","","","","","","","","","","","","","","","","","3500.00000000769","3656.25","3492.53731342567","3472.60273971754","3376.62337662728","3561.64383562054","3650.68493150356","3981.25","3869.04761904","3948.59813083831","3823.52941176118","3626.81159420435","3617.36530388616","3998.14758578958","3373.46938775572","","","","","","","","","","","",
"Nigeria","NGA","CO2 emissions from transport (% of total fuel combustion)","EN.CO2.TRAN.ZS","","","","","","","","","","","","4594.17781741118","4450.45579635321","4292.34415922121","4308.89883706007","4340.69028771832","4542.78061760329","4856.80696499402","4921.23483530859","4751.73663545334","4656.73136832788","4309.96438719619","4141.60686393716","4195.89224858731","4187.25971491355","3790.42257397678","3803.93038319121","3618.45344917907","3803.18668965869","3750.60186351152","3683.28837806113","4089.1909012271","4159.50415446886","3913.25001142838","3723.67991140431","3914.7659221406","4034.60480820558","4629.02954847314","4176.60744235959","4407.2145817885","4482.41082551387","4782.56858308324","4738.20777131878","4771.1139682995","4732.78706627935","4492.28510974402","4193.26681436093","3950.53987222111","4280.6067374558","4520.08279017247","4097.70191045433","3293.34459130848","2809.34238105845","2523.11500340742","2017.17087766362","","","","","","","","","","","",
"Nicaragua","NIC","CO2 emissions from transport (% of total fuel combustion)","EN.CO2.TRAN.ZS","","","","","","","","","","","","4120.27119572061","4203.19439034438","4369.79858465342","4255.94839943189","4329.37527691789","4197.46630727351","3783.67283539138","3861.61994338074","4276.00820232067","4326.70144140604","4190.25832555319","4038.41642227617","3949.12160740451","4175.70305842224","4024.75138120853","3795.86322968443","3862.03703704493","3788.54166665967","3739.19504644159","3584.62223805231","3953.63062353101","3856.85266328306","4039.1608391499","3756.15171655779","3931.38552616925","3908.76578239278","3822.82296650934","3550.97639068038","3689.31253445731","3643.66811147563","3518.03011018101","3547.26809588687","3418.73417721747","3153.06772437193","3190.78859770997","3130.82274579921","3157.4773777028","3195.37488557553","3095.30115039451","3163.53683991805","2981.21684045227","2816.38931178","2634.02863738048","2372.90748898965","","","","","","","","","","","",
"Netherlands","NLD","CO2 emissions from transport (% of total fuel combustion)","EN.CO2.TRAN.ZS","963.706472257918","1008.55604171376","1040.672421248","1024.08779537747","1112.50604734051","1174.53935513604","1237.51876812656","1317.67687262732","1286.23244715915","1251.44379244953","1149.06604685671","1181.48045414446","1130.28832422323","1140.26655151307","1119.44604592497","1270.84297735589","1369.50999935122","1440.70116307837","1353.24853372837","1217.74279384552","1306.3180285114","1342.59770390348","1392.07214461266","1459.60012915386","1435.5336217807","1402.46332978498","1402.7009128124","1396.56056231391","1485.19063587197","1525.31299019214","1566.45347830939","1494.72900820479","1568.65375772375","1548.34131062989","1572.15761896968","1580.90514893512","1554.74497684252","1624.20773306405","1658.7147938035","1753.30311515092","1747.10420228843","1708.99539029041","1742.72080112533","1733.66234927532","1742.27305923954","1790.69450589753","1887.31032344056","1835.968748125","1845.26219368968","1716.10815970724","1640.05133695624","1689.87405803497","1454.02018218389","1327.51485814167","1131.62329782652","","","","","","","","","","","",
"High income: nonOECD","NOC","CO2 emissions from transport (% of total fuel combustion)","EN.CO2.TRAN.ZS","","","","","","","","","","","","432.773058885275","447.616900661906","447.24029720618","452.620941050025","476.830331106246","483.692118193423","510.474374037191","556.24298594943","549.439164937244","509.234671706929","549.059711090919","575.693792530989","632.759706248685","676.922397412878","649.006277907711","592.749654839646","591.269712563515","575.392514157074","555.650374864089","438.43792385372","440.79816251702","454.023414908323","440.948423528901","448.866391439359","428.134577258456","421.530950931957","421.19206474055","444.570333431383","441.35467588822","420.492455555599","423.258971538741","425.268311443378","425.206205171788","432.825996810325","433.888131493491","435.060003771866","444.12648021668","454.508437718714","367.555437758127","363.591771090438","291.291023675516","125.110560601774","37.5938293020324","","","","","","","","","","","","",
"Norway","NOR","CO2 emissions from transport (% of total fuel combustion)","EN.CO2.TRAN.ZS","2426.43419552211","2558.23700055944","2579.10435187936","2506.4004319936","2585.01150085676","2596.06595834785","2548.08786347599","2620.45931835451","2616.26713552066","2510.06102909201","2481.78317673451","2621.43996001675","2619.57367726759","2548.32747788031","2651.99996960483","2988.68042509526","2643.90562137043","2748.80860032044","2755.46401467335","2855.06813493779","2747.13969923032","2822.22246865501","2995.4774974783","3067.84326825348","3113.0077547321","3085.43955182098","2986.34129034237","3258.60958106432","3297.4275754218","3433.66865858144","3216.59844184563","3443.734501489","3171.01760844703","3173.49531202904","2973.75087000524","3218.41865616042","3272.20410007194","3157.29156200163","3118.01736064554","3048.86005658916","3310.32679869129","3261.06504615119","3303.17004148521","3150.88323705139","3199.02990988556","3317.12942289329","3376.38756170578","3467.22191111389","3447.04222121803","3174.51001161214","3131.84485200082","2991.28819502856","2637.43367422987","2577.92026021659","2266.44010195229","","","","","","","","","","","",
"Nepal","NPL","CO2 emissions from transport (% of total fuel combustion)","EN.CO2.TRAN.ZS","","","","","","","","","","","","2810.5263157938","2053.84615385546","1597.43589744003","1443.24324325438","1963.81048386968","2966.66666665634","2762.06896552175","3092.85714284543","2175.55555554177","2752.94117647229","3034.09090908827","2982.66666665967","2211.19043026397","2374.00194741455","3398.18181817654","2864.27249166939","2825.94594594487","2776.43465383461","3854.355716884","3410.41879469006","3165.74982062355","3430.20050125406","3299.99999999378","3071.91358023822","3144.94514107296","3121.84282825324","3132.78388279145","3111.69724770532","2285.01291990321","2383.45983554943","1993.4056987716","2632.31188287568","2400.54067042463","2768.87396393174","2434.66586351426","3101.57902547176","3101.41866030829","4043.94519519596","4277.31037537622","3969.24591145143","3588.88640096909","3044.4645841993","3128.26776192962","2508.76897133708","","","","","","","","","","","",
"Nauru","NRU","CO2 emissions from transport (% of total fuel combustion)","EN.CO2.TRAN.ZS","","","","","","","","","","","","","","","","","","","","","","","","","","","","","","","","","","","","","","","","","","","","","","","","","","","","","","","","","","","","","","","","","","",
"New Zealand","NZL","CO2 emissions from transport (% of total fuel combustion)","EN.CO2.TRAN.ZS","2710.34986607102","2828.86291440658","2966.91004276102","2803.8097289079","2940.37311566434","3086.35068256855","3182.61019556552","3249.42194475557","3406.92818883177","3148.89505656124","3122.19298974053","3309.27060090603","3218.40217081933","3019.90686570675","3172.27007296578","3534.13285368251","3219.44510566473","3140.27055110417","3281.76218850174","3643.39793126703","3639.48832118372","3635.27558843654","3333.65370897118","3328.12210828883","3408.86524856188","3371.95391428209","3692.32242847273","3559.54576623431","3558.6359568052","3753.32089228646","3506.95282770954","3449.0644554368","3341.23916749886","3544.58740709751","3737.80212242932","3937.80405133663","3813.90426843298","3580.77939388497","3716.05594212648","3613.9211838928","3653.88456486418","3426.27455729239","3572.74350515423","3542.41082167767","3675.22895456037","3573.88427700055","3604.52108761001","3769.07881515441","3677.05167405264","3729.0997015541","3741.66534232783","3657.82471673441","3028.50372408499","2876.84013929657","2561.71574903759","","","","","","","","","","","",
"High income: OECD","OEC","CO2 emissions from transport (% of total fuel combustion)","EN.CO2.TRAN.ZS","497.619170296676","503.368136520504","501.143888488943","496.858406928238","498.825969078265","490.837955515339","493.800044295792","496.35963662387","504.336458421703","500.189433149896","491.660239660102","498.10471053017","504.831002311288","506.114256103451","508.634387572532","537.181077281458","531.120665290704","536.76562140977","553.210062325513","543.649965646687","547.970486202959","557.490425251879","571.920799692943","584.102664636049","583.377082985097","584.850901781648","600.191794260991","609.424214516463","620.739994424317","627.232497683152","636.881250201067","634.936442998955","650.379972574624","656.923013758427","666.195180657686","670.966740540405","668.439844541054","669.787554224505","684.96054789062","698.792336269649","689.373536096547","689.139430251121","698.063756301313","694.320618601604","697.485420322833","701.288403068736","707.973391274884","704.318048565231","694.659244176611","576.568829995096","563.541972577475","459.829980405374","193.467922897937","56.2221180134666","","","","","","","","","","","","",
"OECD members","OED","CO2 emissions from transport (% of total fuel combustion)","EN.CO2.TRAN.ZS","1687.4187212227","1708.13821277772","1701.38554884006","1687.80818373179","1694.77774446867","1664.99154282952","1677.64975515744","1687.31063074224","1714.64497559706","1701.19432103852","1673.83687629613","1708.22148543239","1731.34495029234","1736.09761641272","1746.84390467979","1844.69074955543","1825.54222266958","1848.64576633633","1907.23687209144","1878.77110607638","1894.52757127659","1931.12116581177","1974.24168320934","2008.60422096678","2006.2277205617","2008.32801477742","2061.20920297759","2089.02928607538","2129.94299499912","2152.10162708661","2212.05892523152","2181.95625752943","2232.65768204288","2257.60578848694","2287.78072282123","2304.41639332572","2294.60722707629","2298.61260319245","2341.31699827158","2391.90450687029","2382.01706335629","2362.59248920255","2394.9284043791","2384.13148711707","2397.42295348291","2408.34830076599","2435.14969676508","2426.95405285319","2400.10039594793","2320.39944158462","2297.92429610214","2172.61608154744","1965.15421860065","1801.32453869562","1651.96221634626","","","","","","","","","","","",
"Oman","OMN","CO2 emissions from transport (% of total fuel combustion)","EN.CO2.TRAN.ZS","","","","","","","","","","","","3114.00000000885","3080.7692307827","3375.86206895748","3581.81818181909","3102.01486697935","2695.33817952994","4077.81244777235","2918.32751181779","2750.3440524213","2526.91579471291","2442.27427638972","2418.62483442879","2104.38958140969","1939.79460782484","1939.89125122588","1869.13913187773","1764.17515107731","1733.19073082487","1769.67038810516","1469.78240949841","1135.00843701883","1296.98333410301","1468.20321969843","1513.84039822566","1324.35078664734","1350.76634501544","1433.8033550671","1448.62715484586","1291.05204804297","1145.46689117547","1112.00918800074","1011.7157615038","1081.12979255762","1141.35955659058","1281.98450352393","1113.83890020999","1469.43489981647","1654.32083706022","1504.4315189862","1519.2069447417","1465.26996620767","1370.12742872741","1368.23233766102","1184.72454090305","","","","","","","","","","","",
"Other small states","OSS","CO2 emissions from transport (% of total fuel combustion)","EN.CO2.TRAN.ZS","1430.76923077546","1509.56521739743","1350.00000000284","1366.9291338488","1345.73643411576","1461.42857142529","1322.66666665967","1397.18309859673","1206.71140939901","1305.26315789689","1362.12121212212","1189.17575628171","1177.7421882146","1257.40415263337","1219.55476044335","1052.47971422523","1221.86676110985","1974.83978460818","2019.38591863472","1538.58643505451","1530.23681755889","1641.09574618998","1659.65376857471","1645.95540253887","1479.88065958937","1489.9814506458","1671.64873361332","1599.86750122101","1554.38547485108","1748.58420617518","1440.55088756371","1623.82155745868","1586.10453416421","1630.46253068675","1633.23707874136","1727.63319431288","1918.15665155289","1955.86997845767","1897.92703604406","1931.06422434599","1951.98201254977","2062.42688119282","1995.55772996947","2018.91069364935","2091.32438913518","2063.63649940785","2024.26298085765","2037.69519492655","2142.20411970349","2139.68473114727","2014.07211333369","1809.60031827271","1399.03169918862","1192.90684489006","1085.04326328366","","","","","","","","","","","",
"Pakistan","PAK","CO2 emissions from transport (% of total fuel combustion)","EN.CO2.TRAN.ZS","","","","","","","","","","","","1758.15366944111","1633.31156716567","1706.39035262676","1682.74726109719","1694.20625790587","1916.69543161873","1889.0107294782","2137.25406145219","2317.83690882347","2417.80349115393","2463.16657509825","2506.07314326714","2401.32154531651","2454.45441548897","2353.63979779576","2353.3515216279","2328.82038326405","2306.97780449112","2213.80138435724","2158.33592389735","2193.59879008258","2230.4138061691","2323.75124314213","2358.97294761651","2263.43964901494","2511.42013672231","2473.02387458614","2595.60656154911","2497.67822245419","2478.38262331958","2437.68491047203","2400.13620955257","2460.64265056446","2373.59628239228","2172.50458127067","2038.26646023002","2206.92817373459","2242.00620312569","2106.40157060866","2220.50824284308","2187.78649690155","1940.57765026206","1839.29780034665","1649.07225496378","","","","","","","","","","","",
"Panama","PAN","CO2 emissions from transport (% of total fuel combustion)","EN.CO2.TRAN.ZS","","","","","","","","","","","","2799.68878241767","2719.31222069298","2698.21896100979","2764.291359436","2718.08528058358","2876.21624241351","2942.78423221598","3303.47178443015","3046.14535595828","3160.24686207574","3588.07346390955","3080.77671174147","2763.45213978918","3426.82394518833","3675.7309144951","3761.877864092","3539.16754194174","4331.41993860637","4261.83051532672","4389.75990896959","3940.05116963546","3583.47473654474","3841.98410585699","3868.34496719614","3751.06770329146","3892.97820823479","3949.33778890473","3538.69211439461","4344.08664905151","4208.31175712807","3374.55211470015","4105.58640741788","4262.87901329874","4278.50162103203","3773.07206785684","3790.2033136223","3621.9350653701","4232.58380476862","3563.90759200168","3362.94457556654","3061.26499914646","2641.26926668267","2425.81804501108","2077.62039659845","","","","","","","","","","","",
"Peru","PER","CO2 emissions from transport (% of total fuel combustion)","EN.CO2.TRAN.ZS","","","","","","","","","","","","3014.6265277612","3231.90389776962","3384.56097561286","3039.31930152282","3095.86420100832","2944.76450731071","2819.12168365781","2660.9096398835","2609.27119625187","2657.20988175639","2874.36246428811","2828.81296905795","3063.60712104971","2977.6800327273","2877.35278521525","2845.0201021331","3034.46172296762","3046.27475555826","3084.89816433787","3300.29846655699","3039.5984404064","3151.69461433951","3108.2863900959","3429.59208347183","3286.32630934713","3130.71755283557","3262.93368603237","3376.95346484506","3247.19450521098","3253.370549617","3287.18240322113","3086.90000998849","3328.25818269512","3257.79527628827","3111.02236647564","3410.87747607285","3235.87273151776","3463.24515347187","3328.98278871604","3338.91990947896","3066.02855948499","2840.9654378849","2777.70769414564","2297.17514124552","","","","","","","","","","","",
"Philippines","PHL","CO2 emissions from transport (% of total fuel combustion)","EN.CO2.TRAN.ZS","","","","","","","","","","","","3442.17556642581","3385.33438853442","3202.00146785623","3180.67967207396","3004.58691481569","3065.12096993195","2816.70559216097","2803.40509112822","2711.13651860977","2788.49521988314","2845.78309070329","2878.66654765477","2738.0303961876","2928.0342044069","2862.38403758466","3246.5421602352","2798.77230409718","2828.18955188757","2897.02892380877","3199.61443320505","3308.00406666315","3445.15443872808","3407.02425208365","3458.85075075422","3431.19854442159","3587.76755250873","3480.87808763318","3486.46110739533","3598.49034819184","3208.79271547044","3489.12486570851","3566.54979343828","3317.42985151673","3362.80881516704","3131.61624249735","3168.65220395666","2855.86269955554","2776.44791087741","2738.35358781903","2585.71497058013","2420.47640329772","2132.68879841637","1853.62043958081","1586.54268101249","","","","","","","","","","","",
"Palau","PLW","CO2 emissions from transport (% of total fuel combustion)","EN.CO2.TRAN.ZS","","","","","","","","","","","","","","","","","","","","","","","","","","","","","","","","","","","","","","","","","","","","","","","","","","","","","","","","","","","","","","","","","","",
"Papua New Guinea","PNG","CO2 emissions from transport (% of total fuel combustion)","EN.CO2.TRAN.ZS","","","","","","","","","","","","","","","","","","","","","","","","","","","","","","","","","","","","","","","","","","","","","","","","","","","","","","","","","","","","","","","","","","",
"Poland","POL","CO2 emissions from transport (% of total fuel combustion)","EN.CO2.TRAN.ZS","1207.14780991208","1169.74824979237","1158.80109062249","1172.89297140814","1111.73367002525","1054.09233167159","1045.80050308159","1018.97529303816","1006.44381883821","935.73283308638","917.069586166331","870.771365876833","867.37633438324","840.980555498646","812.254424186207","811.973159649128","739.488641078556","725.367879875581","679.815229265678","638.45783656276","600.588384710383","600.324969595091","542.324920315696","568.659450689985","541.177472425497","509.212463497249","516.603599972599","504.98796930831","495.047804869886","512.695423110735","522.377168845168","542.276172461136","565.804496448276","548.56515437884","575.356988937277","595.356664620722","644.428152441514","704.304755706407","803.578939951629","901.95073655345","828.242933781244","826.448313103635","817.647311480612","861.131106856454","964.381044207453","1038.35893846586","1106.90954938367","1229.99624622228","1307.28137751458","1289.47715284343","1285.13364162677","1259.47846761034","1082.5563514862","960.344752406411","893.076261470735","","","","","","","","","","","",
"Pre-demographic dividend","PRE","CO2 emissions from transport (% of total fuel combustion)","EN.CO2.TRAN.ZS","","","","","","","","","","","","2302.28013029636","2366.30532972851","2324.35254804356","2332.21367868058","2354.96588324939","2325.51426676489","2495.06307428523","2606.73937361122","2566.70184697307","2711.99085822763","2790.84948375462","2917.94336118904","2780.29953734225","2771.24037175796","2666.22627999851","2561.8319883399","2520.64090872931","2518.46970254604","2531.72387871069","2723.03650177211","2807.67392624196","2566.65666713614","2168.8277861554","2015.04073813049","2101.49761911433","2091.71956861169","1994.77274216623","2362.35188229933","2639.68001414496","2641.79980869281","2653.28052546089","2740.33353523131","2660.91488575927","2707.62400086637","2693.76205310526","2675.84133856636","2738.86335774793","2670.34400266101","2526.63426770329","2540.00163036176","2466.84098941886","2450.1661136132","2342.33329314322","1971.79360694825","","","","","","","","","","","",
"Puerto Rico","PRI","CO2 emissions from transport (% of total fuel combustion)","EN.CO2.TRAN.ZS","","","","","","","","","","","","","","","","","","","","","","","","","","","","","","","","","","","","","","","","","","","","","","","","","","","","","","","","","","","","","","","","","","",
"Dem. People's Rep. Korea","PRK","CO2 emissions from transport (% of total fuel combustion)","EN.CO2.TRAN.ZS","","","","","","","","","","","","228.777696464475","233.482405222259","245.250419672985","292.850293806245","318.465631195146","283.003071147715","287.435347023701","387.193692252638","430.536199012094","458.747124103997","427.031562716528","386.346089430997","370.928963124997","295.202850781516","316.930453850426","251.615922786203","282.90899137376","293.902400444875","336.409244104431","358.610333919164","336.217730320946","309.555549222535","309.092673748987","227.766619277151","295.060746954617","271.279242755877","155.983302411453","317.310044302982","122.204911033646","217.982967214639","193.561913823047","202.991943824701","193.718341434433","191.667907784481","154.061188078067","116.583078301901","167.882388828331","154.733571468889","157.446996562886","167.204844759943","222.392317189847","195.481089032813","269.098358670853","202.063492063519","","","","","","","","","","","",
"Portugal","PRT","CO2 emissions from transport (% of total fuel combustion)","EN.CO2.TRAN.ZS","2553.62167795303","2426.96116332518","2775.63708311716","2594.22933767173","2330.21269568885","2294.43581415969","2671.51869159684","2610.75181293907","2573.76915219172","2571.7429781519","2460.17569012257","2404.87386713892","2593.34475683876","2600.11874670443","2529.96236548844","2629.87078374902","2475.52284077841","2655.74011299881","2581.73806468859","2540.87146981514","2538.61627275711","2505.17612065007","2609.42496849054","2483.00306514811","2495.62413301908","2455.76651608394","2301.45949279479","2468.10829572854","2600.52576487626","2149.18098481972","2253.88605159868","2317.06980465834","2285.16380358411","2456.35989760464","2500.78136261468","2423.15393086558","2676.65914344519","2661.25050777472","2641.80630981207","2467.25921384944","2697.94622855619","2738.55990305177","2652.29260187583","3017.4254282575","3021.54491101506","2747.74823688984","2994.32717011065","3100.45921386669","3226.35726286739","2994.48432101737","3258.27138710541","2911.20049617002","2420.66772465591","2311.03584511363","2091.73090399098","","","","","","","","","","","",
"Paraguay","PRY","CO2 emissions from transport (% of total fuel combustion)","EN.CO2.TRAN.ZS","","","","","","","","","","","","6089.47368420622","5895.23809524574","6190.8853118698","6135.41383989875","6087.06004140559","6244.87179486556","5461.60714285843","5203.62281602463","6125.53897181204","7136.38344226634","7183.20610686545","7047.32824428204","7116.12903226064","7243.93627955231","7455.69373688379","7322.94287577834","7404.93788818996","7253.01140413538","7571.75283733218","7466.42975340484","7227.86153145097","7225.9523809468","7763.10300448147","7446.6312360741","7473.19665109076","7632.95194508137","7712.35948880776","7701.23753093593","7688.09119572743","7594.31894934549","7801.18863767307","7831.56082750739","8082.57353802396","7968.42521817582","7820.23322832687","7927.82019311479","8191.30564231957","8211.70080698189","7774.62646903019","7741.65332138402","7414.83666991364","6354.37449023803","6064.90872210462","5304.62427746162","","","","","","","","","","","",
"West Bank and Gaza","PSE","CO2 emissions from transport (% of total fuel combustion)","EN.CO2.TRAN.ZS","","","","","","","","","","","","","","","","","","","","","","","","","","","","","","","","","","","","","","","","","","","","","","","","","","","","","","","","","","","","","","","","","","",
"Pacific island small states","PSS","CO2 emissions from transport (% of total fuel combustion)","EN.CO2.TRAN.ZS","","","","","","","","","","","","","","","","","","","","","","","","","","","","","","","","","","","","","","","","","","","","","","","","","","","","","","","","","","","","","","","","","","",
"Post-demographic dividend","PST","CO2 emissions from transport (% of total fuel combustion)","EN.CO2.TRAN.ZS","1199.55475019156","1216.39879084222","1211.94364904084","1201.450962554","1207.89222921364","1186.91706519971","1196.64793114127","1205.16993007233","1225.83335706857","1218.92906382807","1198.29502418987","1211.33420299732","1228.39838203605","1231.53826402172","1240.12555939328","1312.38603542217","1300.61826937385","1317.96869042548","1365.25493154672","1344.31648362897","1358.14633329383","1380.74165787606","1416.63343072794","1447.23145431157","1447.24757460525","1451.48186153903","1492.63642538004","1513.83122964922","1542.52001229716","1555.50259532583","1519.91759648074","1505.79354170101","1538.2929318034","1560.75758289015","1595.22653572755","1612.13373000628","1613.3705039351","1623.65431343651","1656.30020464754","1686.9450676299","1686.91470644972","1662.92345027141","1687.50383927701","1675.92847128077","1685.59757335372","1692.31710291006","1710.41999851931","1703.59824858118","1681.79797379798","1725.37031156511","1715.25811723685","1696.25657693336","1756.58662291796","1726.75377863542","1633.51127621316","","","","","","","","","","","",
"French Polynesia","PYF","CO2 emissions from transport (% of total fuel combustion)","EN.CO2.TRAN.ZS","","","","","","","","","","","","","","","","","","","","","","","","","","","","","","","","","","","","","","","","","","","","","","","","","","","","","","","","","","","","","","","","","","",
"Qatar","QAT","CO2 emissions from transport (% of total fuel combustion)","EN.CO2.TRAN.ZS","","","","","","","","","","","","914.944346571846","973.940949941511","850.174754670807","1159.0939597294","808.816492115092","1613.08185686939","1716.82209787751","1931.17122370587","1310.01531753969","1301.86873722336","1214.68752411853","1273.28124189624","1238.81279217813","1022.62536459516","1003.28173738381","930.215615810634","929.047525284947","973.806903358575","1062.98013382969","1014.05156948886","931.251021787947","940.269592129322","941.656318056649","955.797051563637","1009.11126115509","1027.28233433959","1057.10407893212","1043.93536226288","879.431628995317","979.423666269024","1005.52088059903","954.20753984535","1048.44099677644","1053.36929399247","1231.06520784117","1273.74709640206","1188.28831006546","1557.8952577563","1776.10160641237","1546.68863935025","1325.67121808398","1044.81057660686","1049.05333513968","1039.96907614858","","","","","","","","","","","",
"Reunion","REU","CO2 emissions from transport (% of total fuel combustion)","EN.CO2.TRAN.ZS","","","","","","","","","","","","","","","","","","","","","","","","","","","","","","","","","","","","","","","","","","","","","","","","","","","","","","","","","","","","","","","","","","",
"Romania","ROU","CO2 emissions from transport (% of total fuel combustion)","EN.CO2.TRAN.ZS","","","","","","","","","","","","7.2481465329263","7.25152129817444","6.77047021457898","5.64074901749249","6.15351782030305","5.85744070888715","5.08369112065211","4.51416771825169","4.27484333034915","3.88519228600429","2.50727557644952","3.49107395862851","2.94907666480134","2.88736420811892","2.44753245267913","2.21666666666667","2.93852914703235","2.67299654264926","5.58306120299168","6.969282870893","7.36126029359112","8.4180790960452","7.26164562472791","7.88536845852617","6.93759564699881","9.48796426503433","10.5768360047089","11.4531509121061","11.2223965246772","10.9577922077922","12.6422942206655","12.9564452265728","12.8041237113402","13.7372013651877","13.0153248435139","13.1347041544272","14.3814878892734","16.4054794520548","19.1687104685685","18.4858212948101","17.3547589616811","19.5013357079252","21.4700755374782","","","","","","","","","","","","",
"Romania","ROU","CO2 emissions from transport (% of total fuel combustion)","EN.CO2.TRAN.ZS","","","","","","","","","","","","635.220399524391","635.511478944655","593.830298100334","494.59789785455","539.812619155888","514.083713189803","446.117520439752","396.299461867209","375.219951296408","341.610052783515","220.45548059766","306.934418092875","259.47261386521","253.995461568775","215.357673301974","195.002701642667","258.6012934322","235.320591546221","491.359149873601","612.559802257729","644.341686819577","735.334641604485","635.618741910105","692.07000413361","610.11293589296","832.985760538346","927.782296996337","1006.43884340556","984.266987332035","963.585959621258","1110.1585889975","1140.11511767819","1127.93978282595","1206.98582093729","1138.84663161975","1150.53831516412","1258.6378608996","1438.21876462213","1584.00376395273","1529.32605044841","1368.43214811456","1342.17184722095","1383.6383548524","1279.48943662113","","","","","","","","","","","",
"Russia","RUS","CO2 emissions from transport (% of total fuel combustion)","EN.CO2.TRAN.ZS","","","","","","","","","","","","","","","","","","","","","","","","","","","","","","","1223.65587528182","1213.14727206594","1266.66926702293","1157.52112713515","1148.76388896343","1092.02359140876","1056.7285433955","1042.49427483688","1236.14770931402","1214.85975664075","1133.99279235333","1172.23249719189","1197.88975493885","1227.40231581885","1320.40659557021","1316.21206726121","1315.74751091404","1327.28507089036","1393.67302765367","1319.3276670621","1328.99530396973","1235.95068084616","1065.40985039144","1031.81266693475","925.951415627056","","","","","","","","","","","",
"Rwanda","RWA","CO2 emissions from transport (% of total fuel combustion)","EN.CO2.TRAN.ZS","","","","","","","","","","","","","","","","","","","","","","","","","","","","","","","","","","","","","","","","","","","","","","","","","","","","","","","","","","","","","","","","","","",
"South Asia","SAS","CO2 emissions from transport (% of total fuel combustion)","EN.CO2.TRAN.ZS","","","","","","","","","","","","2111.26434791952","2043.64175052951","1981.42237207165","1966.97240551649","1913.33690728878","1798.91933919646","1813.42450139755","1917.34396730702","1890.08947566191","1887.2055663807","1753.83712116721","1524.15780619008","1479.7991458536","1391.96081791791","1406.53292098599","1327.53510698868","1311.76067118817","1296.11765240721","1295.56173010641","1247.18874624845","1202.66615002379","1198.83510285178","1178.44684233583","1163.73835477207","1178.78632943748","1168.81343073349","1134.09288201079","1162.36164329551","1131.53107986311","1113.48523670219","1083.5177117113","1075.39689800077","1079.64755499699","1076.43831475155","1056.54705606684","1030.41393203712","1093.90604094497","1140.7190615443","1053.46139838466","1098.474324901","1069.12063774598","953.861091407342","865.101625486706","739.893579065577","","","","","","","","","","","",
"Saudi Arabia","SAU","CO2 emissions from transport (% of total fuel combustion)","EN.CO2.TRAN.ZS","","","","","","","","","","","","2317.85915936129","2426.98648628446","2193.57387655372","2156.70349974609","2371.69261267451","2433.78727829812","2799.1430889283","3114.80315115362","2687.21160064701","1747.59599768576","1972.43758150671","2069.51088890784","2672.90090653294","3489.55154287416","3281.10455514648","2949.15532801062","3012.91059377302","2977.57301796779","2822.6703377775","2872.21591938023","2872.22250218613","2797.73640351894","2786.75576888866","2782.70131317653","2470.00525540813","2445.51132443663","2452.88500694513","2303.00383615557","2251.45531312959","2272.68075165287","2293.91696972081","2273.0058700465","2245.98903028218","2225.70946318432","2212.62262924539","2254.51336550178","2395.5115287817","2373.07815947081","2219.36072443523","2091.86925074266","2015.05640687362","1819.04262505521","1717.82098477806","1477.34854616489","","","","","","","","","","","",
"Sudan","SDN","CO2 emissions from transport (% of total fuel combustion)","EN.CO2.TRAN.ZS","","","","","","","","","","","","5661.24782074332","5649.3733467488","4809.38709058797","5236.96934950408","5934.92600063728","4395.90947320773","4421.76467108975","5925.46851882606","5972.19863174327","5479.89542676984","5563.64856939303","6171.40217390982","6093.10817941705","5957.11711712192","6045.49174444075","5785.9049930618","5862.73477811081","6389.91346135202","6246.26172479037","6576.32995359239","5801.26849893831","6176.15396591966","5770.98036935201","5682.85349034391","5660.28819146803","5643.42134705485","5407.17015096916","5638.08999151987","4158.34912450201","4259.85543771616","5008.89781091434","4568.02947370704","4363.31406955194","4426.02516477442","4402.84291428966","4286.91671705196","4363.40700440896","4726.07247474982","4393.92438028381","4810.36347752227","4883.81107669465","4326.88737663728","3941.73249431321","3375.56221889546","","","","","","","","","","","",
"Senegal","SEN","CO2 emissions from transport (% of total fuel combustion)","EN.CO2.TRAN.ZS","","","","","","","","","","","","3143.87616853917","3327.2","3289.13043478509","3027.21088434703","2985.09316769963","3164.28571427781","3125.05854800423","3180.94183359979","3132.65306121462","3133.78411666894","3014","3093.97668394128","3440.42987049101","3347.5490196084","3141.23446302615","3111.68275500355","2786.69386989176","2442.95037811756","2944.65579709933","3049.05752925427","3126.46824343455","3023.7516793631","2982.30088494957","2829.89492377353","2802.24957554669","2903.37837837102","2847.26005702022","2841.13501914422","2753.50369046617","2936.10371163198","2686.48763128373","2880.48570097216","3277.48264496665","3028.50338784001","2802.83567238973","3099.31797393924","3620.6298240996","3771.08478385366","3044.3285559212","3149.2169713313","3027.94739428703","2591.8045705339","2524.16666666","2214.64968152395","","","","","","","","","","","",
"Singapore","SGP","CO2 emissions from transport (% of total fuel combustion)","EN.CO2.TRAN.ZS","","","","","","","","","","","","2235.03080490645","1975.65948402872","1956.33639877084","1821.77298618577","1955.22703517841","1980.71963116977","2127.07147830553","1951.21970497385","2072.2485379997","2004.96581807611","1991.0196803642","2062.8316000595","1989.99996571806","2052.67282072635","1826.33335959368","1833.95396387866","1841.69632038011","1572.38041821247","1710.41989787848","1242.07258901567","1430.26631238813","1339.52744288819","1153.79653671311","1195.2122171204","1309.01766886241","1180.90698186712","1174.2642972781","1207.8856476667","1189.48128279275","1106.29167077383","1127.39269114504","1142.06227270201","1213.15850943416","1190.70488034332","1273.73183809258","1305.46144931974","1322.33991746948","1357.64281339646","1352.45763682036","1279.29060950659","1244.78803619069","1112.08008477575","1005.65858393385","865.313327449966","","","","","","","","","","","",
"Solomon Islands","SLB","CO2 emissions from transport (% of total fuel combustion)","EN.CO2.TRAN.ZS","","","","","","","","","","","","","","","","","","","","","","","","","","","","","","","","","","","","","","","","","","","","","","","","","","","","","","","","","","","","","","","","","","",
"Sierra Leone","SLE","CO2 emissions from transport (% of total fuel combustion)","EN.CO2.TRAN.ZS","","","","","","","","","","","","","","","","","","","","","","","","","","","","","","","","","","","","","","","","","","","","","","","","","","","","","","","","","","","","","","","","","","",
"El Salvador","SLV","CO2 emissions from transport (% of total fuel combustion)","EN.CO2.TRAN.ZS","","","","","","","","","","","","3769.19007882623","3636.32951243723","3433.77006051074","3534.26274696447","3430.73076826639","3862.51884715178","4081.53483476401","4559.73371309421","4791.24519208211","4615.83333333191","4646.57985355112","4887.53795191968","4915.03833196796","4992.03614100706","5054.64774048208","5023.14955865144","4543.8571659846","4699.34466846181","5012.80301552259","5206.50697479997","4378.76115631958","4444.14152615121","4340.60479482744","4019.4822835441","4100.96894198689","4651.93422878349","3870.8845225825","3893.49168889357","4473.05436355757","4318.53640166639","4088.0569226266","3963.41300600481","4030.72586894552","4253.37533208479","4339.79838510929","4010.34639822254","3980.6581367279","4191.5245485517","4162.43682665238","4296.04568543517","4129.72988635403","3254.20226937701","3150.22011268342","2743.3673469381","","","","","","","","","","","",
"San Marino","SMR","CO2 emissions from transport (% of total fuel combustion)","EN.CO2.TRAN.ZS","","","","","","","","","","","","","","","","","","","","","","","","","","","","","","","","","","","","","","","","","","","","","","","","","","","","","","","","","","","","","","","","","","",
"Somalia","SOM","CO2 emissions from transport (% of total fuel combustion)","EN.CO2.TRAN.ZS","","","","","","","","","","","","","","","","","","","","","","","","","","","","","","","","","","","","","","","","","","","","","","","","","","","","","","","","","","","","","","","","","","",
"Serbia","SRB","CO2 emissions from transport (% of total fuel combustion)","EN.CO2.TRAN.ZS","","","","","","","","","","","","","","","","","","","","","","","","","","","","","","","641.506801469299","543.25868952168","418.689857710996","562.095774687369","599.556826292384","544.97272075624","789.746628449035","996.090267360504","774.89038514827","575.154299802313","482.026761686823","730.352871220541","820.953167806877","838.40326389898","982.372325692637","1170.14480533946","1204.06593288108","982.881367547727","1246.91741431976","1173.68324431471","1177.75107455401","926.264470770193","802.597476587355","807.611216426888","882.44555235007","","","","","","","","","","","",
"Sub-Saharan Africa","SSA","CO2 emissions from transport (% of total fuel combustion)","EN.CO2.TRAN.ZS","","","","","","","","","","","","1978.34100104894","1988.86135058184","1905.1829421678","1773.67202278204","1777.22885787203","1637.03222919203","1676.76617532843","1926.2781655933","1746.60681679497","1753.75005659309","1716.08104251117","1752.6944271133","1796.05273687725","1728.23503263184","1673.23782626497","1680.85595367834","1594.40753899313","1690.51638670024","1677.74854725809","1664.04005577163","1712.83685096987","1814.31460656755","1706.46814384975","1681.77919396003","1760.27109507874","1751.58454097348","1809.90359187315","1702.31846255656","1826.13404258721","1854.31812700058","1848.4229809914","1863.33802495012","1857.90908667467","1836.24327884948","1870.78008411293","1855.81691061466","1854.93921487455","1858.16649100422","1830.2477414729","1897.8571718885","1847.33226837578","1633.47098084103","1527.57352334309","1302.32154040557","","","","","","","","","","","",
"South Sudan","SSD","CO2 emissions from transport (% of total fuel combustion)","EN.CO2.TRAN.ZS","","","","","","","","","","","","","","","","","","","","","","","","","","","","","","","","","","","","","","","","","","","","","","","","","","","","","4378.47222222001","4244.89795918572","3712.50000000263","","","","","","","","","","","",
"Sub-Saharan Africa (all income levels)","SSF","CO2 emissions from transport (% of total fuel combustion)","EN.CO2.TRAN.ZS","","","","","","","","","","","","1978.66448414237","1989.27158488613","1905.57262702048","1774.09159996757","1777.67493602074","1637.49270099259","1677.20301705082","1926.69230522973","1747.01545171151","1754.1595981059","1716.4704556393","1753.07850522564","1796.41543562781","1728.5758187266","1673.60593369615","1681.35015070558","1594.98067649235","1691.06605791074","1678.37247334053","1664.64348651795","1713.39272888157","1814.92114283669","1707.14401523813","1682.47178310199","1760.84312564008","1752.1054197706","1810.34455423569","1702.72270024366","1826.71058733132","1854.85842559155","1848.87691660058","1863.8032021958","1858.34968813847","1836.69882713633","1871.20417855436","1856.14381131173","1855.15508591789","1858.3571457207","1830.44873646068","1898.00335100362","1847.45822857948","1633.60554757495","1527.66704140075","1302.46752649023","","","","","","","","","","","",
"Small states","SST","CO2 emissions from transport (% of total fuel combustion)","EN.CO2.TRAN.ZS","1430.76923077546","1509.56521739743","1350.00000000284","1366.9291338488","1345.73643411576","1461.42857142529","1322.66666665967","1397.18309859673","1206.71140939901","1305.26315789689","1362.12121212212","1706.27045142664","1619.55538133311","1595.09821967117","1482.21136483446","1322.35557660005","1432.68352319064","1508.48839605481","1576.65544235023","1443.58416742128","1450.9271901797","1505.03224695543","1594.95208393427","1599.07465430667","1521.34290310605","1533.89511563351","1600.54832558218","1586.370201311","1462.86812199016","1454.99271725215","1204.29046837068","1286.70717603617","1262.23941365777","1311.17332930703","1324.16758036176","1425.26869358619","1485.98076263824","1523.64963578077","1507.62941882357","1503.31664413454","1513.28287207966","1502.76580794616","1477.69623738986","1432.151453592","1485.62863741043","1498.72395150412","1463.48745310588","1441.16240461766","1585.51044615981","1648.65604171137","1585.43823509629","1445.44610571367","1266.9747948301","1157.51131113143","1068.84173661812","","","","","","","","","","","",
"Sao Tome and Principe","STP","CO2 emissions from transport (% of total fuel combustion)","EN.CO2.TRAN.ZS","","","","","","","","","","","","","","","","","","","","","","","","","","","","","","","","","","","","","","","","","","","","","","","","","","","","","","","","","","","","","","","","","","",
"Suriname","SUR","CO2 emissions from transport (% of total fuel combustion)","EN.CO2.TRAN.ZS","","","","","","","","","","","","","","","","","","","","","","","","","","","","","","","","","","","","","","","","","1132.19178082329","1147.65100671349","2269.44444443963","2184.99999999666","1969.85294117706","1727.2727272697","2013.99999999666","2230.43478260609","2288.02816901366","2328.16901408197","2179.41176470824","1815.08379888368","1956.71641791149","1793.90862944335","1919.09547738839","","","","","","","","","","","",
"Slovak Republic","SVK","CO2 emissions from transport (% of total fuel combustion)","EN.CO2.TRAN.ZS","","","","","","","","","","","","971.734377067882","1004.32569974672","1062.08710879686","1025.17603215835","862.425008110209","856.071508231538","833.530699665623","810.79816677522","846.935608999448","656.870852456152","694.215062846209","663.672425181891","547.017191698434","543.000097874646","544.817067900855","592.338553465057","593.535127054831","606.715138261407","619.313160907737","655.777161522811","622.220228480193","700.822201331696","602.70732925468","734.13025524263","818.660733734235","759.091744580031","885.541609261182","933.798231083009","969.286756041762","973.738998018484","1259.54397064321","1466.69912729334","1326.77242478779","1443.02572143913","1542.27236696834","1477.23137930763","1647.93942342668","1818.99758133833","1612.74905629028","1724.41053430575","1721.14342251398","1446.56719259169","1320.29858223953","1177.70201159236","","","","","","","","","","","",
"Slovenia","SVN","CO2 emissions from transport (% of total fuel combustion)","EN.CO2.TRAN.ZS","","","","","","","","","","","","","","","","","","","","","","","","","","","1410.74985794211","1542.96524363205","1653.74752039014","1636.83996295591","1737.08963206007","1742.67719925296","1843.07009489464","2086.34533922903","2329.3140596433","2437.20914242537","2615.57858773864","2649.30303516283","2238.58967759069","2202.87061116031","2226.39872511967","2198.63327248291","2234.06597695134","2281.96715087027","2347.28436903363","2470.61305998804","2550.4628071594","2891.68814266165","3194.35754460289","2816.39845951859","2827.24164445768","2890.75478562483","2626.96360023634","2420.04572497868","2367.55485893743","","","","","","","","","","","",
"Sweden","SWE","CO2 emissions from transport (% of total fuel combustion)","EN.CO2.TRAN.ZS","1456.6257272082","1609.36997754617","1580.18762741703","1539.15899282156","1605.94985635951","1558.06470404857","1480.91650690134","1539.10019217391","1481.73070051385","1400.32404687447","1397.32895000451","1500.89831666006","1530.53232371637","1600.22789354846","1735.47109881952","1735.18972982522","1709.96928910141","1840.34859078477","2022.71777653585","1925.19656986262","2028.85872747427","2198.5805973158","2419.28149020986","2712.97337153281","2891.00834996637","2764.57978765602","2872.43087090681","3010.76112419828","3315.45762000639","3585.1845423021","3377.73647896612","3269.35059350414","3240.24092539146","3111.92373565319","3111.9807618474","3166.54795293162","2855.62043026763","3207.43280322575","3198.15843830806","3332.03051526261","3620.52283500221","3661.08008117579","3586.53708750314","3553.62499106713","3732.7006236045","4039.53379396378","4236.8710039865","4445.95313811836","4497.98322224723","4353.43841359584","3928.45949905977","3967.6998397113","3583.69102058741","3396.76421313036","3037.35970069193","","","","","","","","","","","",
"Swaziland","SWZ","CO2 emissions from transport (% of total fuel combustion)","EN.CO2.TRAN.ZS","","","","","","","","","","","","","","","","","","","","","","","","","","","","","","","","","","","","","","","","","","","","","","","","","","","","","","","","","","","","","","","","","","",
"Sint Maarten (Dutch part)","SXM","CO2 emissions from transport (% of total fuel combustion)","EN.CO2.TRAN.ZS","","","","","","","","","","","","","","","","","","","","","","","","","","","","","","","","","","","","","","","","","","","","","","","","","","","","","","","","","","","","","","","","","","",
"SUB-SAHARAN AFRICA (excl. Nigeria)","SXN","CO2 emissions from transport (% of total fuel combustion)","EN.CO2.TRAN.ZS","","","","","","","","","","","","","","","","","","","","","","","","","","","","","","","","","","","","","","","","","","","","","","","","","","","","","","","","","","","","","","","","","","",
"Seychelles","SYC","CO2 emissions from transport (% of total fuel combustion)","EN.CO2.TRAN.ZS","","","","","","","","","","","","","","","","","","","","","","","","","","","","","","","","","","","","","","","","","","","","","","","","","","","","","","","","","","","","","","","","","","",
"Syrian Arab Republic","SYR","CO2 emissions from transport (% of total fuel combustion)","EN.CO2.TRAN.ZS","","","","","","","","","","","","2336.10204314877","2794.36164375657","3080.57746713308","2440.10599164715","2681.00847862721","2962.00425155915","3041.87778563369","3053.15626016214","2384.46285392559","2612.77941052114","2409.00914665602","2158.11068155209","2017.3238270637","1938.77339256785","2268.67145252666","2132.77268414701","2106.26100867197","2033.82251386836","2515.35880334839","2365.48767570443","2279.56130846921","2264.13873493973","2368.44018487524","2277.00363890777","2148.170960515","2295.98654254669","2308.08862235142","2181.20580003958","1943.30792576782","2027.74312062176","1859.41885172815","1948.1714361707","1764.52349633114","2148.45449858577","2251.92636749671","2258.59935224458","2224.60578935325","2170.63605436986","1888.17100041266","1829.10453623074","1806.08238837654","1553.03013938151","1584.60335018923","1366.59412404827","","","","","","","","","","","",
"Turks and Caicos Islands","TCA","CO2 emissions from transport (% of total fuel combustion)","EN.CO2.TRAN.ZS","","","","","","","","","","","","","","","","","","","","","","","","","","","","","","","","","","","","","","","","","","","","","","","","","","","","","","","","","","","","","","","","","","",
"Chad","TCD","CO2 emissions from transport (% of total fuel combustion)","EN.CO2.TRAN.ZS","","","","","","","","","","","","","","","","","","","","","","","","","","","","","","","","","","","","","","","","","","","","","","","","","","","","","","","","","","","","","","","","","","",
"East Asia & Pacific (IDA & IBRD)","TEA","CO2 emissions from transport (% of total fuel combustion)","EN.CO2.TRAN.ZS","","","","","","","","","","","","538.664894364617","547.193734139552","564.584611394051","582.951780345483","551.851500916088","543.111883235795","520.147880388107","497.026793506383","508.444885881037","509.810243303425","522.201721657551","524.744092577339","527.763551209189","516.295242591285","527.999944341019","540.294561898307","534.792436906803","534.916201869892","546.445610216605","525.016073331306","518.222531962395","537.055428081171","552.190794628401","532.792641013067","527.816960069072","638.037465598862","603.969027920425","567.025462978604","618.844742542126","744.261556168631","724.070655356791","720.678275863629","689.391879791134","676.229440837084","629.865900651891","599.817908911011","590.410722885431","612.79245848611","605.582188173586","616.980880321363","596.535441594596","645.333236911437","656.216262138404","617.808900745667","","","","","","","","","","","",
"Europe & Central Asia (IDA & IBRD)","TEC","CO2 emissions from transport (% of total fuel combustion)","EN.CO2.TRAN.ZS","950.469585316231","925.167037866595","919.078517618361","928.991956189427","896.063960646271","860.492120541794","866.64380167753","840.392933075646","829.938358084294","768.047413942571","764.674459518495","648.911917091876","644.705838565882","633.466360577377","605.541838134697","618.421777972324","585.814206988887","578.772263430699","534.399541102397","497.675924302003","469.870761423715","447.827831983662","446.82936124388","452.272544013238","442.985507245881","420.353767250772","430.356853303835","448.872126608632","471.499164305446","522.617042982608","715.875269680504","728.57986963888","716.799678388828","684.692039427017","675.481572474013","675.503950797788","693.138275728572","707.279888799772","778.816449896064","770.723448381029","758.989423213617","769.831315285402","785.980651495591","786.146499090375","840.41349281434","849.933811590214","857.504662193637","892.004919400525","923.035375775265","943.201936485122","948.170491798342","909.595554087799","929.661104852965","952.725249029276","901.261229501672","","","","","","","","","","","",
"Togo","TGO","CO2 emissions from transport (% of total fuel combustion)","EN.CO2.TRAN.ZS","","","","","","","","","","","","5426.47058822848","5191.66666665633","5933.33333334367","5933.33333334367","6733.06451613032","6262.96296296148","6282.35294116401","6020.58823528401","6512.19512195895","7688.28828829373","7663.88888888545","7451.16279069044","6743.33333333701","4711.764705881","6886.78160920482","7552.08333333701","7655.76923077647","7320.94117647717","7456.86274510097","6587.3865698672","5476.92307692724","6494.59459458571","6052","4849.56165985416","6012.7949183277","6223.4042553236","5798.48484848078","5163.91419336033","4713.76146787932","4021.87033407373","3280.40123456893","4938.00396563656","5682.64386990184","5518.7453323389","5624.08588436123","5763.07116105679","6388.81398252318","7017.27272726909","7017.74181028526","6480.11326156509","6256.90453676185","5441.3580246958","5020.95808382827","4407.55813953954","","","","","","","","","","","",
"Thailand","THA","CO2 emissions from transport (% of total fuel combustion)","EN.CO2.TRAN.ZS","","","","","","","","","","","","3116.90130862609","3042.61599058846","3071.51425245733","2822.23144656249","2916.27999684521","3045.89442823143","2943.35991171815","2769.12720029942","2810.8496390092","2531.58797065944","2752.17612087932","2780.99536095752","3000.49632672129","3202.20972185409","3057.37682587898","3134.46076667849","3146.81510701708","3152.26743496872","3258.23482651011","3008.99239300154","2802.11750129219","2718.44153837782","2835.68235171476","2815.54431572945","2964.3830977941","2879.10430022548","2795.66042695847","2658.74498456679","2633.57876568433","2558.04712208728","2498.16168334648","2474.17091827173","2518.32138759554","2473.55524073377","2401.41743061616","2225.08900742724","2311.81889484724","2148.71553596788","2241.45735628482","2104.03202063684","2123.80516994201","1827.63734658439","1640.16973125703","1408.84937582512","","","","","","","","","","","",
"Tajikistan","TJK","CO2 emissions from transport (% of total fuel combustion)","EN.CO2.TRAN.ZS","","","","","","","","","","","","","","","","","","","","","","","","","","","","","","","589.112872341527","638.167146592562","437.536841574994","515.257044112479","598.877901675235","652.658936425608","562.637182636927","499.48387096742","378.608695652304","211.067193675984","163.505686381284","378.313064473524","513.461538460846","425.837320573517","464.792863885822","458.886656032169","564.066638163173","755.517281771274","766.681857339459","853.656894940222","965.790143228459","941.181955452989","1907.58430792131","1581.45802487619","1908.15450643798","","","","","","","","","","","",
"Turkmenistan","TKM","CO2 emissions from transport (% of total fuel combustion)","EN.CO2.TRAN.ZS","","","","","","","","","","","","","","","","","","","","","","","","","","","","","","","1768.90379317098","1918.83854437064","2037.34570110281","2204.14165542368","1043.37588989737","959.604168215744","1204.0742235382","699.61775563781","816.763404178576","902.379066447345","1393.1756743265","1398.97819863306","1464.92111012662","1474.72666205981","1408.24093778917","1423.67806761751","1382.67410257627","1300.29155785332","1332.67551413168","1073.25944434562","1083.19219516982","1186.79778870942","1064.33021880556","1069.60762178117","1000.47761194433","","","","","","","","","","","",
"Latin America & Caribbean (IDA & IBRD)","TLA","CO2 emissions from transport (% of total fuel combustion)","EN.CO2.TRAN.ZS","","","","","","","","","","","","2115.46724740316","2167.67774253461","2167.70657496415","2210.66629727059","2279.37988110384","2271.71188841779","2237.51627859446","2241.28241097044","2233.68913966787","2202.0555276007","2279.30856215178","2259.20669147845","2191.32114740959","2174.87468922162","2143.5893968359","2150.81458518049","2117.42785369136","2108.2250703051","2113.62539697732","2240.72811753454","2223.34362466915","2214.75872302185","2255.18999056739","2234.1516383505","2258.23859903755","2244.94452559855","2196.60491660176","2186.3206207131","2189.94633247529","2172.3515820629","2143.09993041113","2142.03979400811","2137.78670575697","2167.70952542314","2178.70274075263","2187.54479010762","2218.7862429782","2199.97152891817","2225.86999076409","2263.429502974","2266.69612632762","2336.83922565445","2267.24072337715","2105.30500064568","","","","","","","","","","","",
"Timor-Leste","TLS","CO2 emissions from transport (% of total fuel combustion)","EN.CO2.TRAN.ZS","","","","","","","","","","","","","","","","","","","","","","","","","","","","","","","","","","","","","","","","","","","","","","","","","","","","","","","","","","","","","","","","","","",
"Middle East & North Africa (IDA & IBRD)","TMN","CO2 emissions from transport (% of total fuel combustion)","EN.CO2.TRAN.ZS","","","","","","","","","","","","1413.86840341488","1436.90987125393","1481.94886937812","1499.21194525805","1503.22541234634","1549.17192007231","1585.45578695526","1617.57845043661","1547.46690635548","1594.52275961381","1605.33392116022","1571.17166586276","1541.15496901205","1542.71829236342","1634.01775643045","1598.34004594865","1588.5455509216","1557.65484290529","1574.77520691323","1665.40845610236","1619.22851924293","1587.93429123261","1602.5707496285","1583.60907968178","1552.57954630402","1579.15960837997","1508.42491825195","1623.17536464908","1663.74916608544","1718.22924066968","1636.72854612573","1664.00496316622","1649.93666160129","1642.7668917031","1630.93304164372","1627.06595161269","1586.83505610751","1593.247917766","1635.09546527986","1647.93474890399","1619.95268611343","1677.16035151295","1613.5928301889","1487.86643945523","","","","","","","","","","","",
"Timor-Leste","TLS","CO2 emissions from transport (% of total fuel combustion)","EN.CO2.TRAN.ZS","","","","","","","","","","","","","","","","","","","","","","","","","","","","","","","","","","","","","","","","","","","","","","","","","","","","","","","","","","","","","","","","","","",
"Tonga","TON","CO2 emissions from transport (% of total fuel combustion)","EN.CO2.TRAN.ZS","","","","","","","","","","","","","","","","","","","","","","","","","","","","","","","","","","","","","","","","","","","","","","","","","","","","","","","","","","","","","","","","","","",
"South Asia (IDA & IBRD)","TSA","CO2 emissions from transport (% of total fuel combustion)","EN.CO2.TRAN.ZS","","","","","","","","","","","","1491.47580420827","1446.43195115129","1405.92216952408","1398.50769448136","1360.96034681064","1282.35578011716","1293.92382284031","1371.2458628732","1353.0930650643","1351.20760540589","1259.76956953376","1056.53878872592","1025.17125307053","961.639813642491","971.686442367641","916.844945291041","904.115003088649","892.055752235393","896.9549499026","866.788557715176","828.903221798391","826.195446487891","809.805518785997","798.415454295521","807.143656304674","848.049545289417","822.865653697484","842.639713537702","819.347353517695","809.84352619247","784.059906144989","777.718993600689","782.107974508785","784.31133552277","775.838898811199","753.009926823754","806.132071484031","845.289235881888","817.625039090697","852.640710193629","863.483980733019","863.948734239917","838.304820660322","739.893579065577","","","","","","","","","","","",
"Sub-Saharan Africa (IDA & IBRD)","TSS","CO2 emissions from transport (% of total fuel combustion)","EN.CO2.TRAN.ZS","","","","","","","","","","","","1406.04345628578","1411.06968186152","1351.2364998798","1256.84984188651","1258.9906364123","1159.05383962864","1188.95423166316","1365.59407869819","1239.952401069","1244.033977949","1218.33133459686","1244.57233441439","1277.77564564529","1230.07142520191","1190.2120956529","1196.54917836315","1134.57525416869","1204.14945466791","1198.83732143475","1193.27129001848","1225.21648901644","1296.59836585557","1217.49557622252","1199.667891626","1268.8384504724","1263.83644377267","1301.96143959095","1222.09742553744","1307.09844855339","1330.86958000114","1280.52664452078","1296.17986774094","1299.98768431492","1282.10389679283","1296.97426657985","1283.64160908223","1283.59509228571","1283.13859059654","1354.16495701885","1421.24915328479","1445.27100661631","1469.20815832657","1480.16644497928","1302.46752649023","","","","","","","","","","","",
"Trinidad and Tobago","TTO","CO2 emissions from transport (% of total fuel combustion)","EN.CO2.TRAN.ZS","","","","","","","","","","","","1164.68360915642","1299.66464444383","1692.53957434261","1447.2419704895","1645.61068344835","1511.45019544959","1618.07214006895","1786.66571081539","1843.41611605244","1858.92664370724","1777.52781088317","1891.96372224178","2016.54756279631","2069.52679192025","2056.76338836845","2057.94867844069","1960.74713766421","1411.96106315254","1403.0697928143","1391.49827994244","1471.97362223197","1350.67902313973","1258.27577992387","1281.72779164401","1325.59266983515","1299.89209316132","1314.21621690694","1286.18986319954","1290.78823827969","1252.66723341533","1084.12019928429","1013.59789789899","873.347226739817","1004.73969356602","944.580684933849","1022.72107636297","993.69083623896","1081.35594156166","1119.31023596981","1074.23861299398","1043.63778472067","958.716632757068","909.150326788237","785.868160279151","","","","","","","","","","","",
"Tunisia","TUN","CO2 emissions from transport (% of total fuel combustion)","EN.CO2.TRAN.ZS","","","","","","","","","","","","2129.02057035634","2107.84049702269","2247.07885120861","2199.51776469746","2300.01337152357","2378.3871314265","2215.11262698724","2191.29959806271","1996.61564470438","1988.36580086691","2066.03758056086","2131.42285070203","1990.23055425351","2035.78913088706","2072.63903838235","1973.78047779486","1963.85756460733","1870.87660090023","1815.06983583256","1818.45612242805","1817.29560576978","1768.51848458461","1908.61636305674","1981.59317013173","2016.02724767404","1988.31934862798","2009.00618658469","1979.21029317343","2005.88089490791","2017.22917058254","1972.10018935101","2024.15506547208","2108.79474634112","2044.58448667489","2075.77063651416","2002.06927129482","2032.48681272409","1957.52446783987","2260.13425566618","2442.19770051907","2284.89866257974","1895.56379968879","1662.79069767675","1442.66293482649","","","","","","","","","","","",
"Turkey","TUR","CO2 emissions from transport (% of total fuel combustion)","EN.CO2.TRAN.ZS","2896.89842781036","2982.68514418175","2934.57525037542","2824.49776744691","2849.32815447609","2950.99236630353","2914.73870501653","2712.41035701916","2630.73430640194","2373.95235546784","2398.48440639669","2362.62321696197","2228.27409868312","2330.85509789092","2308.76238750297","2440.77194501371","2353.49317314721","2467.58143729988","2369.82832373891","2297.73990342606","2081.06708953345","2106.44762203279","2069.80052513512","2017.20210620638","1933.47144001809","1841.16192092391","1901.105600592","1965.70578116692","2087.60762155764","1911.39551040091","1948.39529220586","1825.5442775489","1794.4975769348","2050.19519743411","2013.19274561748","2058.90580724261","1954.36870570436","1732.7897841511","1592.62831700692","1676.66146690625","1538.20401069206","1623.49140261172","1621.81177940498","1542.95620754593","1537.36867996235","1522.87741851249","1552.09038054029","1595.76294601956","1506.57871567387","1452.22454968318","1376.768220999","1243.65157573108","1182.09579908397","1305.20849675221","1130.49721598035","","","","","","","","","","","",
"Tuvalu","TUV","CO2 emissions from transport (% of total fuel combustion)","EN.CO2.TRAN.ZS","","","","","","","","","","","","","","","","","","","","","","","","","","","","","","","","","","","","","","","","","","","","","","","","","","","","","","","","","","","","","","","","","","",
"Taiwan, China","TWN","CO2 emissions from transport (% of total fuel combustion)","EN.CO2.TRAN.ZS","","","","","","","","","","","","","","","","","","","","","","","","","","","","","","","","","","","","","","","","","","","","","","","","","","","","","","","","","","","","","","","","","","",
"Tanzania","TZA","CO2 emissions from transport (% of total fuel combustion)","EN.CO2.TRAN.ZS","","","","","","","","","","","","4401.6917293155","4540.99546227283","4231.34629616306","4425.40880503769","4658.30179754036","4724.55500438294","4495.38329601029","3906.6697236174","4075.20860078203","4051.57654805649","4037.57195185586","4008.96140897229","4024.66753324561","3996.04316547304","3853.23663712406","3658.26072661632","3773.05605787542","3734.10689169867","3632.46951219366","3692.97195082318","3504.79094076268","3672.36746018886","3701.86749667094","3520.8734247951","3189.47695543342","3835.88447653633","3697.08723036053","5160.38515405635","4560.44910320905","4821.01924631582","5581.05033504782","6157.53365965092","6210.69762110945","4895.42435651634","4734.40664684701","4594.22709594051","4808.63373771346","5070.83073229877","4791.95023668619","4658.24054639708","4703.36158606025","4149.27477870447","3823.16498856512","3281.48505303643","","","","","","","","","","","",
"Uganda","UGA","CO2 emissions from transport (% of total fuel combustion)","EN.CO2.TRAN.ZS","","","","","","","","","","","","","","","","","","","","","","","","","","","","","","","","","","","","","","","","","","","","","","","","","","","","","","","","","","","","","","","","","","",
"Ukraine","UKR","CO2 emissions from transport (% of total fuel combustion)","EN.CO2.TRAN.ZS","","","","","","","","","","","","","","","","","","","","","","","","","","","","","","","707.376038991582","899.985331808978","644.351699489089","640.560660980441","698.380559432466","748.917545867674","780.240806525887","979.944679825031","974.691649959641","825.119871260385","812.249918144855","849.314740041336","877.629060517109","781.407997166217","898.114642496867","914.580579803072","883.354145518547","1086.96031160908","1165.22171726981","1109.82828757667","1054.06022985143","955.114690273562","796.355045700315","768.89352233771","650.388940559214","","","","","","","","","","","",
"Upper middle income","UMC","CO2 emissions from transport (% of total fuel combustion)","EN.CO2.TRAN.ZS","2896.89842781036","2982.68514418175","2901.54772743964","2792.70870879733","2817.26880195811","2725.12910131179","2710.44340231542","2537.4851565899","2467.03792561843","2240.46485727916","2259.96869778861","1343.45495098383","1365.43492223285","1403.86683207985","1446.34546990022","1414.50771768509","1407.75615287162","1355.36928111156","1324.22102637243","1328.04863526715","1326.4454186729","1365.47940488971","1360.04013665745","1320.40072440509","1290.24341647806","1292.21906303686","1297.87863950992","1273.9496438367","1261.62026239795","1282.41553005768","1216.85825207297","1218.69831819199","1237.63146568103","1229.10297864593","1203.03480623779","1180.3891666483","1259.58303095344","1237.44295365936","1255.05786843967","1309.23697739854","1367.00949569928","1366.84158397331","1358.34702956895","1308.63223818712","1297.50105836275","1255.85845350813","1227.73190063674","1213.93592861785","1233.57101009476","1148.73060339738","1144.28546270021","1068.65232281576","967.392233980469","912.329373133692","813.160804514544","","","","","","","","","","","",
"Uruguay","URY","CO2 emissions from transport (% of total fuel combustion)","EN.CO2.TRAN.ZS","","","","","","","","","","","","2973.76605815673","2918.94868394918","3044.38682914421","2880.37378840584","2749.66496917596","2857.14285714811","2920.12283821064","2833.04728250799","2831.77850849426","2734.11276444582","3035.80079957363","3084.0001172449","3657.58608293933","3699.41062558555","3828.90365447923","3938.08383626168","3662.29463307466","2922.04194405709","2839.41658063149","3704.44444443978","3426.92156090774","3377.28815812061","4044.51207719491","4924.18053029304","4389.49946579493","3973.27901526743","4265.12666544911","4404.16735955622","3808.51212686627","4208.58139823944","4736.2400426013","4678.74457356327","4585.74938575248","3788.3059146703","3935.14954636954","3470.77320309537","4066.01210836104","3157.15059167562","3110.26833502308","4283.10600976367","3551.5201448913","2816.73017580087","3172.29254570379","3154.54545454413","","","","","","","","","","","",
"United States","USA","CO2 emissions from transport (% of total fuel combustion)","EN.CO2.TRAN.ZS","2086.35115241107","2118.42426082467","2151.39473410731","2140.15575302712","2147.37713851311","2094.83944522011","2079.16371983464","2097.95425597377","2147.77965697525","2171.47488172371","2185.31880529213","2251.73094182303","2266.04087187382","2285.18870589815","2305.88388913788","2434.47251588192","2398.56824242101","2384.30129830312","2471.33942655","2404.38106908144","2391.44502860782","2413.93793266866","2517.59140354748","2567.42837387751","2533.81318170561","2539.51175051281","2603.26701860649","2602.73372442602","2604.88904149056","2593.39768976519","2631.19792937687","2600.32106395074","2620.84341631202","2601.99308863808","2656.84647226841","2684.39913780532","2669.71273643791","2626.97431472353","2683.34214242828","2746.1986931661","2698.07469228621","2717.18519378836","2783.1699718453","2786.15010913561","2781.43008879792","2804.6093246244","2850.32771767818","2809.66551795688","2740.80783118437","2648.4959010968","2615.47420326095","2527.81635066138","2348.02115412591","2151.48995086854","1903.68532188282","","","","","","","","","","","",
"Uzbekistan","UZB","CO2 emissions from transport (% of total fuel combustion)","EN.CO2.TRAN.ZS","","","","","","","","","","","","","","","","","","","","","","","","","","","","","","","437.202939191251","590.098446589609","528.227747144518","479.357999721803","495.836646605183","669.259744785026","853.168910110614","850.329424600674","797.813439522257","804.369660657728","798.496410987624","782.813918064022","757.241799339378","825.429988558146","748.428615327511","720.749300277173","703.794966480476","700.430060253125","723.993635921585","733.676846125512","684.732872474211","597.337220193484","507.957770199355","465.774761108103","390.091930541695","","","","","","","","","","","",
"St. Vincent and the Grenadines","VCT","CO2 emissions from transport (% of total fuel combustion)","EN.CO2.TRAN.ZS","","","","","","","","","","","","","","","","","","","","","","","","","","","","","","","","","","","","","","","","","","","","","","","","","","","","","","","","","","","","","","","","","","",
"Venezuela","VEN","CO2 emissions from transport (% of total fuel combustion)","EN.CO2.TRAN.ZS","","","","","","","","","","","","2245.03994330611","2361.58752072248","2272.85693211147","2617.73267666482","2968.49866759373","3117.47948789436","3167.07290650721","3226.90252276819","2933.63918010581","2799.78946750255","2869.954198222","2870.30796408906","2840.56067914525","2737.16369718624","2783.61606057201","2812.31807238122","2895.26783627301","2962.92846784405","2612.95193836172","2629.09177670199","2816.71311781868","2720.41511413224","2755.05390459451","2777.74541824002","2724.86112500088","2645.37908687482","2370.03531179379","2390.64192401454","2634.78310867573","2546.36827439225","2595.57074216759","2549.56892741447","2627.82113824772","2639.53918997085","2690.13135727727","2660.04161413606","2908.45134627914","2470.55053971036","2415.95527141328","2329.45352070477","2256.6764393247","2183.26563790551","1846.87640993778","1843.24149945576","","","","","","","","","","","",
"British Virgin Islands","VGB","CO2 emissions from transport (% of total fuel combustion)","EN.CO2.TRAN.ZS","","","","","","","","","","","","","","","","","","","","","","","","","","","","","","","","","","","","","","","","","","","","","","","","","","","","","","","","","","","","","","","","","","",
"Virgin Islands","VIR","CO2 emissions from transport (% of total fuel combustion)","EN.CO2.TRAN.ZS","","","","","","","","","","","","","","","","","","","","","","","","","","","","","","","","","","","","","","","","","","","","","","","","","","","","","","","","","","","","","","","","","","",
"Vietnam","VNM","CO2 emissions from transport (% of total fuel combustion)","EN.CO2.TRAN.ZS","","","","","","","","","","","","1534.62292417584","1623.42397453516","1417.18742537246","1408.28439633085","1198.93233345037","574.883543785143","341.067193675466","372.770459216949","419.782736488824","1186.17354370918","948.27131885229","925.08199915787","970.492769813818","951.376471049443","1469.64413085838","1489.97448064491","1534.38716836125","1690.36097184005","1817.91408940514","2136.41416172706","2055.5923620774","2201.01758281618","2907.76366587393","2891.15182206536","2346.20972433594","2296.01995912755","2137.99763885739","2034.15264724841","2166.53287736708","2128.06731748321","2057.58237701998","2154.82388292537","2302.48798497376","2301.02005102297","2159.28017946444","2098.21451977771","2213.00279297497","2097.06797510668","2135.68554293606","2016.86737774814","1915.82734753769","1657.51238627942","1455.87007729866","1269.98115972045","","","","","","","","","","","",
"Vanuatu","VUT","CO2 emissions from transport (% of total fuel combustion)","EN.CO2.TRAN.ZS","","","","","","","","","","","","","","","","","","","","","","","","","","","","","","","","","","","","","","","","","","","","","","","","","","","","","","","","","","","","","","","","","","",
"West Bank and Gaza","PSE","CO2 emissions from transport (% of total fuel combustion)","EN.CO2.TRAN.ZS","","","","","","","","","","","","","","","","","","","","","","","","","","","","","","","","","","","","","","","","","","","","","","","","","","","","","","","","","","","","","","","","","","",
"World","WLD","CO2 emissions from transport (% of total fuel combustion)","EN.CO2.TRAN.ZS","1687.4187212227","1708.13821277772","1701.38554884006","1687.80818373179","1694.77774446867","1664.99154282952","1677.64975515744","1687.31063074224","1714.64497559706","1701.19432103852","1673.83687629613","1654.27516783874","1675.79893973402","1682.04659387108","1711.28602899016","1776.30796459862","1757.20939579081","1762.9412898222","1803.67819890835","1777.54423134318","1784.40946355949","1813.34000924237","1835.22449321786","1855.31711433468","1843.06091233066","1843.23168377542","1868.74141097739","1876.83888059457","1897.94986233842","1913.21437978372","1766.66347559391","1773.00699801318","1812.26759695659","1823.39868080109","1846.68119932785","1844.22973366381","1875.79020098058","1878.33656403699","1909.61574211067","1949.69469436053","1942.13115548204","1938.31025808287","1945.5589821829","1906.50707277011","1891.31250512528","1860.65458310146","1835.37002885146","1818.8293769458","1804.50931883707","1707.780399379","1679.1163384528","1577.84141630386","1408.25610052557","1309.74371168063","1165.59650959362","","","","","","","","","","","",
"Samoa","WSM","CO2 emissions from transport (% of total fuel combustion)","EN.CO2.TRAN.ZS","","","","","","","","","","","","","","","","","","","","","","","","","","","","","","","","","","","","","","","","","","","","","","","","","","","","","","","","","","","","","","","","","","",
"Kosovo","XKX","CO2 emissions from transport (% of total fuel combustion)","EN.CO2.TRAN.ZS","","","","","","","","","","","","","","","","","","","","","","","","","","","","","","","","","","","","","","","","","942.274157479674","936.542403964356","940.621102788259","934.379278588129","958.539541091514","1015.56124683719","1068.48353799396","1086.62762323317","1075.74171728375","1018.46985770938","917.010291095896","917.577321269664","857.579950797024","739.350180504622","793.37837837946","","","","","","","","","","","",
"Yemen","YEM","CO2 emissions from transport (% of total fuel combustion)","EN.CO2.TRAN.ZS","","","","","","","","","","","","4885.9243697484","5640.8045976925","5972.62739599166","6037.73889154374","5189.72749794428","6239.70438328836","5977.76024240546","5882.29542208123","5949.80988593213","5937.98449613476","5973.53426919205","5461.60781700227","5574.89927478707","5417.14601769032","5310.61745505853","5673.72536473484","5481.22738457905","5384.60311387559","5416.30017699109","5619.10563084833","5609.09243328629","5470.19035070338","5035.15800115068","4857.62994046584","3736.86694021937","3462.82754081326","3236.37188059467","3222.68373304764","3186.89203293246","2934.23840692258","2957.62110179065","2584.27791075162","2651.59564718972","2586.71551887155","2639.13511466969","2453.91652552468","2180.88293453286","2200.26794704449","2773.18623285223","2599.48365820957","2674.90667261199","2189.49319500708","2261.46913497206","1973.89878163424","","","","","","","","","","","",
"Yemen, PDR","YMD","CO2 emissions from transport (% of total fuel combustion)","EN.CO2.TRAN.ZS","","","","","","","","","","","","","","","","","","","","","","","","","","","","","","","","","","","","","","","","","","","","","","","","","","","","","","","","","","","","","","","","","","",
"Serbia and Montenegro","YUG","CO2 emissions from transport (% of total fuel combustion)","EN.CO2.TRAN.ZS","","","","","","","","","","","","","","","","","","","","","","","","","","","","","","","","","","","","","","","","","","","","","","","","","","","","","","","","","","","","","","","","","","",
"South Africa","ZAF","CO2 emissions from transport (% of total fuel combustion)","EN.CO2.TRAN.ZS","","","","","","","","","","","","1612.90916832588","1566.74671014726","1501.26159574372","1356.56142270042","1369.21797585475","1209.67633789192","1169.88508371911","1328.96821167159","1128.57583227176","1086.73048803373","1070.8696704271","1082.95593770344","1110.5377630298","1106.98010668306","1044.3930397504","1045.92411956411","1032.40280486053","1081.41338013084","1071.82037134784","1063.9410202105","1086.04860307119","1119.85725779722","1094.04144216046","1109.48932749299","1183.99019064643","1113.28700907235","1085.78512723141","1053.4414296307","1133.47181650788","1101.82603691731","1044.83396768623","1032.62412449641","1016.49825584502","1008.90835421453","1065.46342112756","1090.28515423149","1134.62389389678","1056.36341641702","1004.81748445546","1004.12959168925","1037.71134747045","869.197248514998","849.558785595162","686.809794912935","","","","","","","","","","","",
"Congo, Dem. Rep.","COD","CO2 emissions from transport (% of total fuel combustion)","EN.CO2.TRAN.ZS","","","","","","","","","","","","","","","","","","","","","","","","","","","","","","","","29.4478527607362","31.2056737588652","32.1167883211679","37.1900826446281","39.4736842105263","39.1304347826087","39.1304347826087","35.4330708661417","35.2","92.9411764705882","91.5492957746479","89.6103896103896","87.2340425531915","88.1188118811881","86.71875","86.9565217391304","88.0794701986755","89.9408284023669","88.8888888888889","89.6739130434783","92.2077922077922","91.8032786885246","92.0152091254753","","","","","","","","","","","","",
"Zambia","ZMB","CO2 emissions from transport (% of total fuel combustion)","EN.CO2.TRAN.ZS","","","","","","","","","","","","1648.9527731451","1610.4040403938","1567.04883643717","1472.68627428567","1509.03632163692","1580.56324505277","1580.82023239227","1540.08827436562","1556.81156987661","2340.20476882998","2495.57498675778","2289.58033917863","2452.21887340987","2501.06918885041","2413.50995123419","2287.70855656385","2475.05214181687","2544.82925987889","2110.43331802273","2665.84735577385","3144.3064182214","3036.46672232839","2457.42948685448","3521.13229099765","3536.58536584976","3418.79574184897","3024.01289456997","3037.53315649453","3606.96709482193","3892.22816399154","3874.5127250133","3887.33688738487","3891.75786413329","4133.16007390957","4082.45684905676","4508.49695290553","3035.07922736058","3015.89151125843","3114.15463062666","3322.6118170972","2950.76496534109","2347.7646214301","2187.90697673888","2001.25391849696","","","","","","","","","","","",
"Zimbabwe","ZWE","CO2 emissions from transport (% of total fuel combustion)","EN.CO2.TRAN.ZS","","","","","","","","","","","","2545.32551151156","2943.23144105368","2522.18726592664","2237.72845952111","2656.74295812146","2069.58304854128","2223.86329215867","2112.88541122741","2039.01660280408","2082.88304761256","2221.01387440323","1989.432989682","2193.94358055147","1952.77373228666","1739.76039188599","1726.05635118506","1292.30891750978","1345.92288254556","1306.00689258301","1146.49999999738","789.813558903438","1089.25945720688","1053.33832684321","1004.83095518605","1282.19973090886","1313.99937264033","1423.82987314013","1387.3062976104","1809.72027733371","1299.2695644158","1209.36071735296","1230.12033648198","1252.21026699236","1122.36490981086","1137.45941084314","1184.48059042026","1139.40744734993","1212.8221953394","1218.55830566272","1104.97690404536","1534.99082818884","1514.25819409595","1558.08480152396","1269.97389033926","","","","","","","","","","","",
