latitude,longitude,brightness,scan,track,acq_date,year_month,month_name,acq_time,satellite,instrument,confidence,version,bright_t31,frp,daynight,type,nearest_district
7.46435,81.5326,312.95,1.45,1.15,1/03/2001,2001-03,March,528,Terra,MODIS,47.5,6.03,295.9,8.5,D,0,Ampara
7.246866667,81.8389,317.4333333,1.1,1.033333333,1/06/2001,2001-06,June,509.6666667,Terra,MODIS,9.333333333,6.03,297.6666667,9.766666667,D,0.666666667,Ampara
7.289066667,81.60516667,322.7,1,1,1/07/2001,2001-07,July,517,Terra,MODIS,60.33333333,6.03,303.1666667,9.1,D,0,Ampara
7.212225,81.780175,322.2375,1.0625,1.0125,1/08/2001,2001-08,August,657.625,Terra,MODIS,60.5,6.03,294.7125,9.7875,D,0,Ampara
7.323686957,81.76043043,330.3434783,1.530434783,1.191304348,1/09/2001,2001-09,September,505.5652174,Terra,MODIS,70.39130435,6.03,301.6391304,23.76521739,D,0,Ampara
7.1097,81.71445,317.3,2.7,1.5,1/10/2001,2001-10,October,481.5,Terra,MODIS,36,6.03,297.45,26.5,D,0,Ampara
7.3923,81.3717,316.1,1.4,1.2,1/03/2002,2002-03,March,524,Terra,MODIS,58,6.03,294.7,11.6,D,0,Ampara
7.4526,81.3673,325.8,1,1,1/04/2002,2002-04,April,506,Terra,MODIS,71,6.03,302.6,11.1,D,0,Ampara
7.29975,81.67045,317.875,1.175,1.075,1/05/2002,2002-05,May,501,Terra,MODIS,31.75,6.03,300.7,9.2,D,1,Ampara
7.319236364,81.44314545,319.5787879,1.478787879,1.151515152,1/07/2002,2002-07,July,791.8787879,Terra,MODIS,57.90909091,6.03,291.8878788,16.44545455,D,0,Ampara
7.287413699,81.66868493,329.1876712,1.435616438,1.154794521,1/08/2002,2002-08,August,610.4520548,Terra,MODIS,66.06849315,6.03,300.5643836,21.95068493,D,0.02739726,Ampara
7.306256818,81.57046818,331.7454545,1.240909091,1.068181818,1/09/2002,2002-09,September,708.8863636,Terra,MODIS,66.61363636,6.03,304.3681818,23.47727273,D,0,Ampara
7.1353,81.8143,319.6,2.6,1.6,1/10/2002,2002-10,October,536,Terra,MODIS,0,6.03,297,32.8,D,0,Ampara
7.23408,81.7419,317.78,1.12,1.04,1/03/2003,2003-03,March,854.6,Terra,MODIS,58.4,6.03,299.4,9.1,N,0,Ampara
7.437533333,81.4728,321.1,1.266666667,1.1,1/04/2003,2003-04,April,715,Terra,MODIS,68.33333333,6.03,304.2666667,11.03333333,D,0,Ampara
7.4779,81.50736667,320.4666667,1.183333333,1.066666667,1/05/2003,2003-05,May,645.1666667,Terra,MODIS,61.66666667,6.03,296.95,10.03333333,D,0,Ampara
7.310742857,81.5869,321.2428571,1.4,1.128571429,1/06/2003,2003-06,June,655.1428571,Aqua,MODIS,58.57142857,6.03,297.4857143,14.67142857,D,0,Ampara
7.316263636,81.60149091,321.1454545,1.3,1.118181818,1/07/2003,2003-07,July,640.0909091,Aqua,MODIS,55.72727273,6.03,297.3090909,19.39090909,D,0,Ampara
7.285384,81.525896,325.304,1.7,1.248,1/08/2003,2003-08,August,711.92,Aqua,MODIS,65.32,6.03,297.188,31.148,D,0,Ampara
7.252486207,81.68889483,329.5551724,1.35862069,1.132758621,1/09/2003,2003-09,September,707.362069,Terra,MODIS,69.15517241,6.03,302.4689655,21.31896552,D,0.034482759,Ampara
7.065571429,81.77664286,320.5428571,1.771428571,1.285714286,1/10/2003,2003-10,October,721,Terra,MODIS,54.71428571,6.03,298.4142857,16.18571429,D,0,Ampara
7.4971,81.4712,314.7,1.1,1,1/02/2004,2004-02,February,809,Aqua,MODIS,55,6.03,298.7,6.1,D,0,Ampara
7.225966667,81.62153333,314.3333333,1.3,1.133333333,1/03/2004,2004-03,March,497.6666667,Terra,MODIS,47,6.03,297.8666667,8.066666667,D,0,Ampara
7.2128,81.75863333,316.5666667,1.633333333,1.233333333,1/04/2004,2004-04,April,577,Terra,MODIS,44,6.03,292.0333333,11.96666667,D,0,Ampara
7.3012,81.6392,324.2,1.43,1.18,1/05/2004,2004-05,May,620.2,Terra,MODIS,42.3,6.03,299.57,18.8,D,0,Ampara
7.357008163,81.40001837,326.0489796,1.26122449,1.093877551,1/06/2004,2004-06,June,732.4897959,Aqua,MODIS,67.28571429,6.03,300.8571429,20.56122449,D,0,Ampara
7.214092,81.597192,325.528,1.364,1.148,1/07/2004,2004-07,July,715.88,Terra,MODIS,57.28,6.03,294.516,28.42,D,0,Ampara
7.216430769,81.61566731,326.9788462,1.455769231,1.167307692,1/08/2004,2004-08,August,768.9038462,Terra,MODIS,65.34615385,6.03,299.1653846,24.06538462,D,0.038461538,Ampara
7.224259091,81.75734545,330.6272727,1.568181818,1.213636364,1/09/2004,2004-09,September,691.4090909,Terra,MODIS,58.54545455,6.03,295.2318182,30.29090909,D,0.090909091,Ampara
7.245966667,81.79096667,324.6666667,1.1,1.066666667,1/02/2005,2005-02,February,576.6666667,Terra,MODIS,66.66666667,6.03,302.1666667,12.23333333,D,0,Ampara
7.310825,81.786725,327.9125,1.075,1.0375,1/03/2005,2005-03,March,640,Terra,MODIS,61.375,6.03,306.675,12.125,D,0,Ampara
7.2024,81.8397,318.1,1.5,1.2,1/05/2005,2005-05,May,522,Terra,MODIS,0,6.03,300.4,13.8,D,0,Ampara
7.332266667,81.53936364,320.2818182,1.363636364,1.106060606,1/06/2005,2005-06,June,738.2727273,Aqua,MODIS,53.39393939,6.03,299.4454545,12.92121212,D,0.121212121,Ampara
7.347092,81.441848,321.44,1.536,1.184,1/07/2005,2005-07,July,764.72,Terra,MODIS,58.4,6.03,297.704,19.24,D,0,Ampara
7.218155882,81.67751471,325.7382353,1.492647059,1.188235294,1/08/2005,2005-08,August,710.6470588,Aqua,MODIS,65.54411765,6.03,297.1397059,21.17058824,D,0,Ampara
7.255371429,81.66306786,333.475,1.332142857,1.125,1/09/2005,2005-09,September,744.1071429,Aqua,MODIS,71.82142857,6.03,302.3,32.15357143,D,0.142857143,Ampara
7.1471,81.73595,318.425,2.825,1.55,1/10/2005,2005-10,October,651.75,Aqua,MODIS,26.25,6.03,295.3,33.8,D,0,Ampara
7.247116667,81.82011667,325.2333333,1.15,1.083333333,1/03/2006,2006-03,March,758.8333333,Aqua,MODIS,52.83333333,6.03,302.9333333,11.01666667,D,0,Ampara
7.285733333,81.65745,328.4166667,1.016666667,1,1/04/2006,2006-04,April,706.3333333,Aqua,MODIS,76.83333333,6.03,305.1333333,15.46666667,D,0,Ampara
7.31028125,81.5672375,324.9,1.4875,1.18125,1/06/2006,2006-06,June,715.125,Aqua,MODIS,60.5,6.03,300.34375,21.44375,D,0,Ampara
7.2535375,81.48005833,320.5458333,1.404166667,1.145833333,1/07/2006,2006-07,July,706.0416667,Terra,MODIS,57.54166667,6.03,294.25,16.46666667,D,0,Ampara
7.225572222,81.60551111,325.5888889,1.480555556,1.177777778,1/08/2006,2006-08,August,742.25,Terra,MODIS,62.36111111,6.03,297.7805556,24.51666667,D,0,Ampara
7.266258333,81.789125,325.85,1.425,1.166666667,1/09/2006,2006-09,September,622,Aqua,MODIS,57.91666667,6.03,298.6666667,17.26666667,D,0,Ampara
7.2038,81.45495,320.3,1.25,1.1,1/10/2006,2006-10,October,753,Aqua,MODIS,71,6.03,302.6,9.9,D,0,Ampara
7.2097,81.7846,321.5,1.1,1.1,1/02/2007,2007-02,February,812,Aqua,MODIS,52,6.03,297.7,6.1,D,0,Ampara
7.391159259,81.55967407,322.962963,1.614814815,1.225925926,1/03/2007,2007-03,March,717.1851852,Aqua,MODIS,54.25925926,6.03,304.6518519,20.71481481,D,0,Ampara
7.443266667,81.50113333,322.6,1.433333333,1.133333333,1/04/2007,2007-04,April,768.6666667,Aqua,MODIS,56,6.03,301.4666667,13.83333333,D,0,Ampara
7.2726,81.72346667,313.8666667,1.166666667,1.1,1/05/2007,2007-05,May,595.6666667,Terra,MODIS,16.33333333,6.03,290.4666667,8.2,D,0.666666667,Ampara
7.23886,81.64010667,322.6466667,1.226666667,1.086666667,1/06/2007,2007-06,June,658.6666667,Aqua,MODIS,55.53333333,6.03,300.1666667,13.47333333,D,0,Ampara
7.272253333,81.47478,326.7633333,1.273333333,1.106666667,1/07/2007,2007-07,July,683.9333333,Terra,MODIS,68.53333333,6.03,298.5866667,22.29666667,D,0,Ampara
7.2888,81.61473684,323.8684211,1.642105263,1.205263158,1/08/2007,2007-08,August,638.7894737,Aqua,MODIS,59.52631579,6.03,299.8736842,16.97894737,D,0,Ampara
7.198816667,81.58596667,330.0833333,1.15,1.033333333,1/09/2007,2007-09,September,745.6666667,Aqua,MODIS,70.33333333,6.03,299.6333333,21.33333333,D,0,Ampara
7.3888,81.7802,321.8,1.3,1.1,1/10/2007,2007-10,October,452,Terra,MODIS,30,6.03,294.2,13.9,D,0,Ampara
7.1455,81.7856,317.2,1.8,1.3,1/04/2008,2008-04,April,446,Terra,MODIS,26,6.03,295.1,14.1,D,0,Ampara
7.398125,81.533925,317.925,1.475,1.175,1/05/2008,2008-05,May,798.25,Aqua,MODIS,53.5,6.03,293.775,11.65,D,0,Ampara
7.317516667,81.57136667,317.2,1.716666667,1.216666667,1/06/2008,2008-06,June,752,Aqua,MODIS,49.66666667,6.03,296.6333333,12.51666667,D,0,Ampara
7.37011,81.35088,320.54,1.3,1.12,1/07/2008,2008-07,July,576.6,Aqua,MODIS,68,6.03,300.19,11.27,D,0,Ampara
7.270509524,81.74983175,326.6825397,1.253968254,1.114285714,1/08/2008,2008-08,August,669.2380952,Terra,MODIS,61.98412698,6.03,298.8825397,15.96984127,D,0.031746032,Ampara
7.211833333,81.52608,325.4733333,1.56,1.193333333,1/09/2008,2008-09,September,724.4666667,Aqua,MODIS,60.2,6.03,301.1066667,22.46,D,0,Ampara
7.04835,81.7148,318.45,2.45,1.4,1/10/2008,2008-10,October,466.5,Terra,MODIS,25,6.03,296.8,33.15,D,1,Ampara
7.240976923,81.79269231,321.6,1.330769231,1.123076923,1/02/2009,2009-02,February,654.6153846,Aqua,MODIS,57.84615385,6.03,302.1153846,14.05384615,D,0,Ampara
7.364783333,81.71645,324.7333333,1.033333333,1,1/03/2009,2009-03,March,651.1666667,Terra,MODIS,63,6.03,306.4666667,8.9,D,0,Ampara
7.449083333,81.42256667,323.0166667,1.183333333,1.083333333,1/05/2009,2009-05,May,867,Terra,MODIS,73.5,6.03,294.5666667,18.25,N,0,Ampara
7.354509091,81.45558788,320.0818182,1.227272727,1.075757576,1/06/2009,2009-06,June,772.5151515,Terra,MODIS,55.66666667,6.03,298.0969697,10.85757576,D,0,Ampara
7.284151163,81.6380093,324.5,1.488372093,1.174418605,1/07/2009,2009-07,July,681.6511628,Terra,MODIS,56.1627907,6.03,296.4674419,21.93488372,D,0,Ampara
7.252508696,81.69858478,324.9565217,1.334782609,1.12826087,1/08/2009,2009-08,August,767.8043478,Terra,MODIS,63.04347826,6.03,296.0913043,18.7826087,D,0,Ampara
7.218288889,81.60733889,327.7944444,1.65,1.205555556,1/09/2009,2009-09,September,674,Terra,MODIS,62.55555556,6.03,301.5277778,29.3,D,0,Ampara
7.0793,81.79425,333.25,1,1,1/10/2009,2009-10,October,802,Aqua,MODIS,65.5,6.03,302.8,17.2,D,0,Ampara
7.318718182,81.74871818,326.1681818,1.368181818,1.145454545,1/03/2010,2010-03,March,741.4545455,Aqua,MODIS,56.77272727,6.03,302.8318182,16.93636364,D,0,Ampara
7.0353,81.80113333,320.2666667,1.716666667,1.283333333,1/04/2010,2010-04,April,609.8333333,Aqua,MODIS,39.16666667,6.03,298.55,20.51666667,D,0,Ampara
7.265585714,81.79082857,316.7428571,1.428571429,1.185714286,1/05/2010,2010-05,May,562.8571429,Terra,MODIS,27.57142857,6.03,295.5,11.02857143,D,0.571428571,Ampara
6.996975,81.78655,319,1.25,1.1,1/06/2010,2010-06,June,570.25,Aqua,MODIS,43,6.03,298.15,11.35,D,0,Ampara
7.24084375,81.65050625,321.14375,1.45,1.1375,1/07/2010,2010-07,July,763.3125,Terra,MODIS,46.375,6.03,297.8625,12.9125,D,0.125,Ampara
7.285274138,81.69843966,328.3068966,1.279310345,1.106896552,1/08/2010,2010-08,August,665.7931034,Aqua,MODIS,61.20689655,6.03,299.0827586,20.13103448,D,0.068965517,Ampara
7.28854,81.643276,326.692,1.348,1.14,1/09/2010,2010-09,September,669.6,Terra,MODIS,58.12,6.03,301.08,16.972,D,0.08,Ampara
7.0427,81.724375,323.575,1.525,1.2,1/10/2010,2010-10,October,614.25,Terra,MODIS,41.75,6.03,302.475,17.975,D,0,Ampara
7.3078,81.7724,319.8,1.1,1.1,1/03/2011,2011-03,March,458,Terra,MODIS,49,6.03,296.6,9.2,D,0,Ampara
7.3796,81.3709,338,1,1,1/04/2011,2011-04,April,806,Aqua,MODIS,83,6.03,303.6,33,D,0,Ampara
7.06908,81.78636,318.98,1.42,1.16,1/05/2011,2011-05,May,667.8,Aqua,MODIS,48.2,6.03,296.06,15.62,D,0,Ampara
7.323465,81.477225,322.515,1.325,1.12,1/06/2011,2011-06,June,702.25,Terra,MODIS,61.85,6.03,298.555,15.535,D,0,Ampara
7.319157143,81.51705714,319.9,1.214285714,1.09047619,1/07/2011,2011-07,July,670.2380952,Terra,MODIS,59.9047619,6.03,292.8857143,13.23809524,D,0,Ampara
7.215327907,81.6568093,325.9395349,1.662790698,1.230232558,1/08/2011,2011-08,August,694.1162791,Aqua,MODIS,62.44186047,6.03,298.2790698,24.35116279,D,0,Ampara
7.284902857,81.72042857,327.5742857,1.557142857,1.205714286,1/09/2011,2011-09,September,650.9142857,Terra,MODIS,59.25714286,6.03,296.2742857,27.92571429,D,0.057142857,Ampara
7.2725,81.4949,322.7333333,1.066666667,1,1/10/2011,2011-10,October,793.3333333,Aqua,MODIS,72,6.03,295.1333333,13.73333333,D,0,Ampara
7.02125,81.7984,320.5,1,1,1/11/2011,2011-11,November,804.5,Aqua,MODIS,60,6.03,301.3,8.55,D,0,Ampara
7.2756375,81.69625,320.025,1.4,1.125,1/03/2012,2012-03,March,717.125,Aqua,MODIS,48.375,6.03,298.15,13.45,D,0,Ampara
7.115433333,81.81163333,315.1,1.533333333,1.166666667,1/04/2012,2012-04,April,617.3333333,Terra,MODIS,33,6.03,295.2333333,14.76666667,D,0.666666667,Ampara
7.349313333,81.44646,321.56,1.14,1.04,1/05/2012,2012-05,May,684.8666667,Terra,MODIS,50.33333333,6.03,295.9733333,12.80666667,D,0.133333333,Ampara
7.337022222,81.47666111,322.5611111,1.25,1.077777778,1/06/2012,2012-06,June,763.0555556,Aqua,MODIS,61.44444444,6.03,297.05,14.47222222,D,0,Ampara
7.207861538,81.66501538,327.1576923,1.523076923,1.169230769,1/07/2012,2012-07,July,698.8461538,Aqua,MODIS,58.57692308,6.03,304.1,21.43461538,D,0,Ampara
7.284927692,81.69210923,327.8646154,1.698461538,1.241538462,1/08/2012,2012-08,August,673.9384615,Terra,MODIS,57.89230769,6.03,298.2,28.89384615,D,0.061538462,Ampara
7.20598,81.59502,318.96,1.36,1.12,1/09/2012,2012-09,September,642.6,Aqua,MODIS,52.4,6.03,292.56,11.86,D,0,Ampara
7.346925,81.52005,321.35,1.075,1.05,1/10/2012,2012-10,October,647.5,Aqua,MODIS,49,6.03,299.725,8.825,D,0,Ampara
7.4346,81.4445,314.9,1.1,1,1/03/2013,2013-03,March,800,Aqua,MODIS,57,6.03,299.3,7.1,D,0,Ampara
7.266338462,81.48375385,315.5153846,1.269230769,1.092307692,1/06/2013,2013-06,June,758,Aqua,MODIS,55.46153846,6.03,293.6307692,9.238461538,D,0.153846154,Ampara
7.226064286,81.67481429,319.2,1.428571429,1.135714286,1/07/2013,2013-07,July,844.6428571,Terra,MODIS,40.64285714,6.03,298.5357143,13.85714286,D,0.142857143,Ampara
7.267460377,81.75516038,327.8132075,1.401886792,1.164150943,1/08/2013,2013-08,August,630.6415094,Terra,MODIS,61.71698113,6.03,300.8792453,18.49811321,D,0,Ampara
7.355057143,81.44711429,321.9428571,1.442857143,1.157142857,1/09/2013,2013-09,September,661.2857143,Terra,MODIS,59.42857143,6.03,298.0285714,18.94285714,D,0,Ampara
7.34833,81.51089,325.99,1.15,1.07,1/10/2013,2013-10,October,600.4,Terra,MODIS,64.2,6.03,298.98,16.54,D,0,Ampara
6.99,81.7991,320,1,1,1/11/2013,2013-11,November,800,Aqua,MODIS,72,6.03,292.5,11.7,D,0,Ampara
7.234725,81.8117,321.775,1.125,1.05,1/03/2014,2014-03,March,642.25,Terra,MODIS,63.25,6.03,300.5,10.425,D,0,Ampara
7.408075,81.6573,325.35,1.275,1.1,1/04/2014,2014-04,April,587.75,Aqua,MODIS,41,6.03,302.075,14.775,D,0,Ampara
7.2072,81.761,320.7,1,1,1/05/2014,2014-05,May,511,Terra,MODIS,62,6.03,306.1,10.3,D,0,Ampara
7.329465,81.42958,320.65,1.715,1.23,1/06/2014,2014-06,June,779.65,Aqua,MODIS,61.7,6.03,299.12,18.225,D,0,Ampara
7.273425532,81.54214255,323.9148936,1.438297872,1.161702128,1/07/2014,2014-07,July,717,Terra,MODIS,61.82978723,6.03,298.8276596,18.39574468,D,0,Ampara
7.257072727,81.68023409,326.4340909,1.238636364,1.1,1/08/2014,2014-08,August,732.4090909,Aqua,MODIS,63.06818182,6.03,294.5568182,18.19090909,D,0,Ampara
7.205775,81.526675,326.6,1.725,1.25,1/09/2014,2014-09,September,712.125,Aqua,MODIS,46.625,6.03,298.9375,28.05,D,0,Ampara
6.89015,81.80375,311.55,3.9,1.8,1/10/2014,2014-10,October,428,Terra,MODIS,24.5,6.03,290.8,42.3,D,0,Ampara
7.0416,81.8149,320.9,1,1,1/11/2014,2014-11,November,505,Terra,MODIS,71,6.03,299.8,8.8,D,0,Ampara
7.1699,81.7513,315.95,1.3,1.1,1/01/2015,2015-01,January,779.5,Aqua,MODIS,68.5,6.03,298.7,10.35,D,0,Ampara
7.3186,81.7374,326.3,1.1,1,1/04/2015,2015-04,April,812,Aqua,MODIS,48,6.03,306.5,13.4,D,0,Ampara
7.2084,81.726325,319.95,1.2,1.075,1/05/2015,2015-05,May,575.5,Aqua,MODIS,53,6.03,297.35,11.5,D,0,Ampara
7.20405,81.6023,317.6,1.1,1,1/06/2015,2015-06,June,656,Terra,MODIS,55,6.03,299.05,7.55,D,0,Ampara
7.263147059,81.54068824,320.2,1.164705882,1.070588235,1/07/2015,2015-07,July,792.4117647,Terra,MODIS,64.70588235,6.03,297.5764706,11.63529412,D,0,Ampara
7.260657692,81.70447308,327.3641026,1.430769231,1.15,1/08/2015,2015-08,August,667.3589744,Terra,MODIS,61.6025641,6.03,299.6012821,21.32307692,D,0,Ampara
7.221006667,81.54844,322.14,1.246666667,1.086666667,1/09/2015,2015-09,September,779.6,Aqua,MODIS,64.06666667,6.03,296.5133333,16.98666667,D,0,Ampara
6.8898,81.7817,314.2,3.4,1.7,1/10/2015,2015-10,October,542,Terra,MODIS,41,6.03,293.6,33.7,D,0,Ampara
7.1285,81.8183,321.5,1,1,1/02/2016,2016-02,February,759,Aqua,MODIS,66,6.03,306.3,7.3,D,0,Ampara
7.277111111,81.7248,325.9,1.388888889,1.177777778,1/03/2016,2016-03,March,581.4444444,Terra,MODIS,61.44444444,6.03,305.7111111,17.74444444,D,0,Ampara
7.194585714,81.79914286,317.7857143,2.685714286,1.542857143,1/04/2016,2016-04,April,586.1428571,Terra,MODIS,36.14285714,6.03,297.1714286,29.82857143,D,0,Ampara
7.2417,81.6741,322.4,1,1,1/05/2016,2016-05,May,806,Aqua,MODIS,72,6.03,303.8,6.3,D,0,Ampara
7.2888625,81.423275,318.2875,1.0875,1,1/06/2016,2016-06,June,760.625,Aqua,MODIS,51.25,6.03,294.675,8.4875,D,0,Ampara
7.322877778,81.49335556,320.0722222,1.344444444,1.144444444,1/07/2016,2016-07,July,759.7777778,Aqua,MODIS,63.33333333,6.03,296.2111111,14.51111111,D,0,Ampara
7.249438462,81.72721538,326.0269231,1.480769231,1.180769231,1/08/2016,2016-08,August,700.1153846,Terra,MODIS,65.80769231,6.03,299.2346154,18.98846154,D,0,Ampara
7.289739394,81.6220303,325.4666667,1.372727273,1.136363636,1/09/2016,2016-09,September,699.1515152,Aqua,MODIS,58.84848485,6.03,299.0606061,16.81212121,D,0,Ampara
7.33044,81.56689,318.5,1.8,1.27,1/10/2016,2016-10,October,1084.8,Aqua,MODIS,58.8,6.03,297.79,19.7,D,0,Ampara
7.318683333,81.80431667,327.15,1.683333333,1.25,1/03/2017,2017-03,March,774.3333333,Aqua,MODIS,48,6.03,306.5,20.06666667,D,0.333333333,Ampara
7.091566667,81.69626667,317.8,1.066666667,1.033333333,1/04/2017,2017-04,April,709.3333333,Terra,MODIS,49,6.03,296.6333333,9.133333333,D,0,Ampara
7.3757,81.51293333,316.5,1.533333333,1.166666667,1/05/2017,2017-05,May,699.6666667,Aqua,MODIS,34,6.03,292.5333333,14.56666667,D,0,Ampara
7.300844444,81.50845556,320,1.188888889,1.077777778,1/06/2017,2017-06,June,633.4444444,Aqua,MODIS,53.88888889,6.03,299,10.76666667,D,0,Ampara
7.151966667,81.65615,319.5666667,2.15,1.433333333,1/07/2017,2017-07,July,622.6666667,Terra,MODIS,40.66666667,6.03,297.9666667,23.85,D,0,Ampara
7.179269231,81.70344615,324.2461538,1.638461538,1.207692308,1/08/2017,2017-08,August,661.3846154,Aqua,MODIS,51.46153846,6.03,299.4384615,19.8,D,0,Ampara
7.25406,81.4581,322.58,1.42,1.16,1/09/2017,2017-09,September,691.6,Aqua,MODIS,61.6,6.03,294.76,20.5,D,0,Ampara
7.085675,81.7282,321.35,3.025,1.625,1/10/2017,2017-10,October,684.25,Aqua,MODIS,39.25,6.03,293.75,42.775,D,0,Ampara
7.3237,81.64293333,322.6333333,1.033333333,1.033333333,1/03/2018,2018-03,March,611.3333333,Terra,MODIS,64.33333333,6.03,303.4333333,10.43333333,D,0,Ampara
7.3674,81.51904,316.6,1.28,1.12,1/06/2018,2018-06,June,601.2,Terra,MODIS,47,6.03,294.74,11.32,D,0.4,Ampara
7.171207692,81.64791538,324.2769231,1.346153846,1.123076923,1/07/2018,2018-07,July,685.5384615,Aqua,MODIS,58.76923077,6.03,299.0769231,17.75384615,D,0,Ampara
7.312876087,81.59213043,321.7,1.206521739,1.069565217,1/08/2018,2018-08,August,735.673913,Aqua,MODIS,60.45652174,6.03,291.0608696,14.61304348,D,0.043478261,Ampara
7.21340625,81.62885,326.50625,1.46875,1.16875,1/09/2018,2018-09,September,687.4375,Terra,MODIS,54.4375,6.03,301.4125,17.98125,D,0.125,Ampara
6.90435,81.80985,312.375,3,1.65,1/10/2018,2018-10,October,509.25,Terra,MODIS,8.25,6.03,292.85,31.225,D,0,Ampara
6.9975,81.7956,314.9,1.3,1.1,1/11/2018,2018-11,November,817,Aqua,MODIS,56,6.03,300.1,8.6,D,0,Ampara
7.285733333,81.66299333,323.6866667,1.22,1.086666667,1/03/2019,2019-03,March,740.1333333,Terra,MODIS,56.73333333,6.03,306.18,11.54,D,0,Ampara
7.25556,81.6771,321.36,1.6,1.22,1/04/2019,2019-04,April,805,Aqua,MODIS,38.2,6.03,299.96,16.48,D,0,Ampara
7.348807692,81.7555,320.3076923,1.476923077,1.184615385,1/05/2019,2019-05,May,589.4615385,Terra,MODIS,33.30769231,6.03,301.7461538,14.35384615,D,0,Ampara
7.3511,81.54430667,320.7733333,1.206666667,1.086666667,1/06/2019,2019-06,June,783.2666667,Terra,MODIS,54.4,6.03,299.3933333,12.42666667,D,0,Ampara
7.309053333,81.57692,318.72,1.393333333,1.153333333,1/07/2019,2019-07,July,698.2666667,Terra,MODIS,49.73333333,6.03,293.9,13.5,D,0,Ampara
7.29065,81.69442,323.45,1.495,1.17,1/08/2019,2019-08,August,696.6,Terra,MODIS,52.8,6.03,292.485,19.46,D,0,Ampara
7.2698375,81.578275,323.0625,1.0375,1.0125,1/09/2019,2019-09,September,688.125,Terra,MODIS,39,6.03,299.3375,9.0125,D,0.25,Ampara
6.99685,81.8167,315.3,3.4,1.7,1/10/2019,2019-10,October,541,Terra,MODIS,0,6.03,290.9,52.7,D,0,Ampara
7.30548125,81.7636,321.5375,1.38125,1.11875,1/02/2020,2020-02,February,826.375,Terra,MODIS,57.0625,6.03,300.18125,14.9625,N,0,Ampara
7.329466667,81.56471111,317.7555556,1.122222222,1.044444444,1/03/2020,2020-03,March,1028.555556,Terra,MODIS,64.11111111,6.03,299.9,10.36666667,N,0,Ampara
7.20008,81.6443,319.62,1.42,1.14,1/04/2020,2020-04,April,734.2,Aqua,MODIS,48.2,6.03,299.3,13.44,D,0,Ampara
7.30728,81.78758,316.62,1.36,1.14,1/05/2020,2020-05,May,646.8,Terra,MODIS,44.4,6.03,297.06,10.32,D,0,Ampara
7.26048,81.76986,317.94,1.5,1.22,1/06/2020,2020-06,June,475.6,Terra,MODIS,22.8,6.03,297.6,13.18,D,0.4,Ampara
7.1657,81.77486,323.4,1.18,1.06,1/07/2020,2020-07,July,872.4,Terra,MODIS,62.8,6.03,297.68,13.9,N,0,Ampara
7.269545,81.59799,325.83,1.16,1.07,1/08/2020,2020-08,August,696.8,Terra,MODIS,63.05,6.03,299.54,14.005,D,0,Ampara
7.35545,81.45215,318,1.25,1.1,1/09/2020,2020-09,September,635,Aqua,MODIS,61.5,6.03,294.55,9.9,D,0,Ampara
7.39665,81.35955,319.15,1.05,1,1/10/2020,2020-10,October,808,Aqua,MODIS,60.5,6.03,291.1,9.65,D,0,Ampara
7.30582,81.7648,323.54,1.16,1.1,1/03/2021,2021-03,March,525.6,Terra,MODIS,46.8,6.03,300.6,11.78,D,0,Ampara
7.2635,81.6398,305.4,1.3,1.1,1/04/2021,2021-04,April,1710,Terra,MODIS,29,6.03,281.5,9.6,N,0,Ampara
7.2066,81.7626,317.3,1.1,1,1/05/2021,2021-05,May,811,Aqua,MODIS,63,6.03,297.1,7.2,D,0,Ampara
7.377666667,81.41086667,319.2833333,1.183333333,1.066666667,1/06/2021,2021-06,June,674.3333333,Aqua,MODIS,55.16666667,6.03,301.85,9.983333333,D,0.333333333,Ampara
7.2582,81.778,322.025,1.375,1.15,1/07/2021,2021-07,July,693.25,Terra,MODIS,52,6.03,297,16.2,D,0.5,Ampara
7.233823077,81.74564231,320.8730769,1.230769231,1.096153846,1/08/2021,2021-08,August,679.2692308,Terra,MODIS,54.5,6.03,290.3038462,11.93846154,D,0,Ampara
7.196025,81.491025,322.1,1.3375,1.1125,1/09/2021,2021-09,September,741,Aqua,MODIS,54.375,6.03,297.8,14.8375,D,0,Ampara
7.22866,81.7549,320.52,1.76,1.24,1/10/2021,2021-10,October,716.8,Terra,MODIS,53,6.03,296.7,23.4,D,0,Ampara
7.25965,81.6697,316.3,1.75,1.3,1/04/2022,2022-04,April,469.5,Terra,MODIS,41,6.03,296,16.55,D,0,Ampara
7.1745,81.6047,315.4,2,1.3,1/05/2022,2022-05,May,462.5,Terra,MODIS,51.5,6.03,291.45,15.45,D,0,Ampara
7.261033333,81.51751111,314.5,1.033333333,1,1/06/2022,2022-06,June,850.3333333,Terra,MODIS,61.44444444,6.03,291.0777778,7.388888889,D,0,Ampara
7.339176923,81.49687692,323.2769231,1.092307692,1.038461538,1/07/2022,2022-07,July,792.5384615,Aqua,MODIS,63.38461538,6.03,296.4153846,14.43846154,D,0,Ampara
7.2769375,81.7587125,322.425,1.19375,1.0875,1/08/2022,2022-08,August,611.875,Terra,MODIS,58.875,6.03,295.625,11.675,D,0,Ampara
7.1755,81.66011111,324.9,1.288888889,1.088888889,1/09/2022,2022-09,September,783.1111111,Aqua,MODIS,60.11111111,6.03,298.6555556,19.56666667,D,0,Ampara
7.3044,81.7642,325.5,1,1,1/04/2023,2023-04,April,445,Terra,MODIS,64,61.03,303.2,7.2,D,0,Ampara
7.2648,81.79843333,317.1,1.366666667,1.166666667,1/06/2023,2023-06,June,832.6666667,Aqua,MODIS,21.33333333,61.03,296.8333333,11.56666667,D,1.333333333,Ampara
7.306386667,81.49287333,320.9866667,1.626666667,1.2,1/07/2023,2023-07,July,716.6,Aqua,MODIS,61.66666667,61.03,299.2866667,16.98,D,0,Ampara
7.283387179,81.71201538,325.9,1.11025641,1.056410256,1/08/2023,2023-08,August,741.3333333,Terra,MODIS,69.53846154,61.03,300.7717949,12.27692308,D,0,Ampara
7.42735,81.2564,319.35,1,1,1/10/2023,2023-10,October,826,Aqua,MODIS,68.5,61.03,296.7,10,D,0,Ampara
7.31035,81.75565,315.1,1,1,1/02/2024,2024-02,February,1227,Terra,MODIS,69.5,61.03,299.15,8.3,N,0,Ampara
7.3547,81.617,322.65,1.1,1.05,1/03/2024,2024-03,March,638.75,Terra,MODIS,72.25,61.03,304.675,10.025,D,0,Ampara
7.3205,81.7333,319.6,1.1,1.1,1/04/2024,2024-04,April,419,Terra,MODIS,39,61.03,302.9,10,D,0,Ampara
7.4712,81.50705,321,1,1,1/06/2024,2024-06,June,634,Terra,MODIS,63.5,61.03,303.1,9.65,D,0,Ampara
7.366009677,81.43149677,322.9193548,1.135483871,1.05483871,1/07/2024,2024-07,July,837.6129032,Terra,MODIS,64,61.03,301.0225806,12.51612903,D,0,Ampara
7.336865217,81.70001739,326.1086957,1.160869565,1.065217391,1/08/2024,2024-08,August,739.2608696,Aqua,MODIS,69.7826087,61.03,297.7826087,14.25652174,D,0,Ampara
7.369016667,81.43061667,323.225,1.175,1.058333333,1/09/2024,2024-09,September,706.3333333,Terra,MODIS,66.33333333,61.03,300.3416667,12.20833333,D,0,Ampara
7.23625,81.5651,315.6,1,1,1/10/2024,2024-10,October,633,Terra,MODIS,67.5,61.03,295.8,6.15,D,0,Ampara
7.195,81.7387,321.25,1.2,1.1,1/02/2025,2025-02,February,909,Aqua,MODIS,58.5,61.03,303.7,11.05,D,0,Ampara
7.2527,81.70815,306.75,1,1,1/03/2025,2025-03,March,1554.5,Terra,MODIS,68.5,61.03,294.8,4.95,N,0,Ampara
7.220666667,81.74726667,324.0666667,1.1,1,1/04/2025,2025-04,April,859,Aqua,MODIS,63.33333333,61.03,296.8666667,15.96666667,D,0,Ampara
7.2453,81.7287,316.15,1,1,1/05/2025,2025-05,May,401.5,Terra,MODIS,66,61.03,297.75,8.1,D,0,Ampara
7.224847059,81.60941765,321.3235294,1.317647059,1.129411765,1/07/2025,2025-07,July,759.7058824,Aqua,MODIS,56.05882353,61.03,297.3294118,13.00588235,D,0,Ampara
7.310785,81.652285,322.44,1.33,1.105,1/08/2025,2025-08,August,762.8,Terra,MODIS,62.75,61.03,303.45,12.17,D,0,Ampara
7.30263,81.47636,318.2,1.54,1.21,1/09/2025,2025-09,September,905,Aqua,MODIS,64.7,61.03,290.76,19.34,D,0,Ampara
7.3732,81.7953,330.9,1.5,1.2,1/10/2025,2025-10,October,940,Aqua,MODIS,83,61.03,296,33.3,D,2,Ampara
8.076,80.1743,317.4,2.5,1.5,1/08/2001,2001-08,August,549,Terra,MODIS,33,6.03,292.6,34.5,D,0,Anuradhapura
7.9315,80.3629,324.5,1,1,1/09/2001,2001-09,September,523,Terra,MODIS,57,6.03,302.6,10.6,D,0,Anuradhapura
8.25275,80.34645,331.6,1.35,1.2,1/10/2001,2001-10,October,504,Terra,MODIS,74.5,6.03,299.3,30.5,D,0,Anuradhapura
8.353033333,80.47203333,323.5333333,1.033333333,1,1/06/2002,2002-06,June,514,Terra,MODIS,69.66666667,6.03,298.0333333,12.93333333,D,0,Anuradhapura
8.382040741,80.4119,323.0111111,1.340740741,1.144444444,1/07/2002,2002-07,July,770.2962963,Aqua,MODIS,64.55555556,6.03,296.7592593,19.8037037,D,0,Anuradhapura
8.295506838,80.54332051,329.5547009,1.469230769,1.164102564,1/08/2002,2002-08,August,783.7435897,Aqua,MODIS,62.63247863,6.03,298.5017094,27.3,D,0,Anuradhapura
8.233767742,80.44304516,323.4790323,1.474193548,1.174193548,1/09/2002,2002-09,September,786.1290323,Terra,MODIS,63.9516129,6.03,294,20.32096774,D,0,Anuradhapura
8.3567,80.31856667,317.4666667,1.266666667,1.133333333,1/02/2003,2003-02,February,793.3333333,Aqua,MODIS,38,6.03,302,10.33333333,D,0,Anuradhapura
8.234733333,80.25146667,316.9166667,1.316666667,1.133333333,1/03/2003,2003-03,March,805.5,Aqua,MODIS,52.16666667,6.03,298.2666667,8.366666667,D,0,Anuradhapura
8.419825,80.52665,318.15,1.05,1.05,1/06/2003,2003-06,June,780.5,Aqua,MODIS,64.75,6.03,291.625,9.625,D,0,Anuradhapura
8.36742,80.27538,321.52,1.34,1.14,1/07/2003,2003-07,July,783.6,Aqua,MODIS,66.4,6.03,292.9,18.64,D,0,Anuradhapura
8.348540426,80.33404681,321.9446809,1.795744681,1.270212766,1/08/2003,2003-08,August,772.8297872,Aqua,MODIS,62.25531915,6.03,293.1723404,30.22553191,D,0,Anuradhapura
8.277305333,80.44417067,326.2313333,1.508666667,1.181333333,1/09/2003,2003-09,September,776.34,Aqua,MODIS,59.22666667,6.03,295.9926667,25.21733333,D,0,Anuradhapura
8.3007,80.6219,312.2,1.2,1.1,1/10/2003,2003-10,October,814,Aqua,MODIS,35,6.03,284.6,7.1,D,0,Anuradhapura
8.195352174,80.34761087,327.9217391,1.245652174,1.113043478,1/02/2004,2004-02,February,805.7391304,Aqua,MODIS,67.60869565,6.03,305.8782609,23.00434783,D,0,Anuradhapura
8.124889474,80.29806316,326.6736842,1.5,1.2,1/03/2004,2004-03,March,945.5263158,Aqua,MODIS,68.63157895,6.03,303.9842105,25.82631579,D,0,Anuradhapura
8.38715,80.6736,322.35,1.05,1.05,1/06/2004,2004-06,June,784,Aqua,MODIS,53,6.03,298.1,12.05,D,0,Anuradhapura
8.301510526,80.39885789,326.0684211,1.315789474,1.157894737,1/07/2004,2004-07,July,763.6842105,Aqua,MODIS,69,6.03,294.7421053,24.1,D,0,Anuradhapura
8.264709346,80.48190514,331.1728972,1.673831776,1.263084112,1/08/2004,2004-08,August,777.9065421,Aqua,MODIS,66.51869159,6.03,294.8154206,43.73691589,D,0,Anuradhapura
8.214027778,80.36510556,327.625,1.369444444,1.15,1/09/2004,2004-09,September,776.0833333,Aqua,MODIS,65.80555556,6.03,294.5888889,24.70833333,D,0,Anuradhapura
8.3133,80.40885,322.65,1,1,1/10/2004,2004-10,October,804,Aqua,MODIS,60,6.03,299.45,10.6,D,0,Anuradhapura
8.4873,80.4161,318.5,1.2,1.1,1/02/2005,2005-02,February,814,Aqua,MODIS,51.5,6.03,302.45,7.3,D,0,Anuradhapura
8.066130769,80.31241731,326.4211538,1.390384615,1.157692308,1/03/2005,2005-03,March,797.6730769,Aqua,MODIS,66.86538462,6.03,300.1288462,26.59423077,D,0,Anuradhapura
8.346875,80.507225,320.2,1.25,1.15,1/07/2005,2005-07,July,753,Aqua,MODIS,54.25,6.03,298.15,10.3,D,0,Anuradhapura
8.305618605,80.31620543,327.6844961,1.434883721,1.184496124,1/08/2005,2005-08,August,788.2170543,Aqua,MODIS,62.69767442,6.03,298.6387597,24.89379845,D,0,Anuradhapura
8.218607317,80.46447927,327.295122,1.714634146,1.248780488,1/09/2005,2005-09,September,772.5609756,Aqua,MODIS,63.01219512,6.03,298.3829268,28.55121951,D,0,Anuradhapura
8.241030769,80.49606154,324.2076923,1.076923077,1.030769231,1/10/2005,2005-10,October,764,Aqua,MODIS,54.38461538,6.03,291.7923077,11.67692308,D,0,Anuradhapura
8.3254,80.2774,322,1,1,1/03/2006,2006-03,March,809,Aqua,MODIS,57.5,6.03,300.05,10.85,D,0,Anuradhapura
8.455833333,80.48863333,319.4,1.166666667,1.066666667,1/06/2006,2006-06,June,810,Aqua,MODIS,60.66666667,6.03,296.1333333,7.9,D,0,Anuradhapura
8.349411111,80.31714444,319.5,1.455555556,1.177777778,1/07/2006,2006-07,July,704.2222222,Terra,MODIS,59.33333333,6.03,291.0333333,17.3,D,0,Anuradhapura
8.311478761,80.46570885,326.1548673,1.801769912,1.284955752,1/08/2006,2006-08,August,807.8938053,Aqua,MODIS,64.18584071,6.03,295.4380531,34.10530973,D,0,Anuradhapura
8.214644444,80.55390556,320.7944444,1.411111111,1.161111111,1/09/2006,2006-09,September,767.7222222,Terra,MODIS,50.88888889,6.03,294.5277778,17.53333333,D,0,Anuradhapura
8.25932,80.44296,323.36,1.22,1.12,1/10/2006,2006-10,October,716,Aqua,MODIS,58.4,6.03,298.1,16.06,D,0,Anuradhapura
8.0015,80.3085,323.6,1.2,1.1,1/02/2007,2007-02,February,759,Aqua,MODIS,72,6.03,299,18.9,D,0,Anuradhapura
8.2101625,80.329525,322.9,1.25,1.1125,1/03/2007,2007-03,March,809.5,Aqua,MODIS,65.25,6.03,303.98125,14.9375,D,0,Anuradhapura
8.2461,80.7381,319.1,1,1,1/04/2007,2007-04,April,806,Aqua,MODIS,42,6.03,300.1,8.8,D,0,Anuradhapura
8.2702,80.2038,313.7,2.3,1.5,1/05/2007,2007-05,May,836,Aqua,MODIS,58,6.03,294.9,15.1,D,0,Anuradhapura
8.2729,80.252725,323.8,1.2,1.1,1/06/2007,2007-06,June,788.5,Aqua,MODIS,64.5,6.03,302.05,11.425,D,0,Anuradhapura
8.2547,80.5975,325.2666667,1.6,1.266666667,1/07/2007,2007-07,July,751,Aqua,MODIS,59.33333333,6.03,293.2666667,25.76666667,D,0,Anuradhapura
8.330292208,80.43848312,330.0883117,1.551948052,1.197402597,1/08/2007,2007-08,August,809.8701299,Aqua,MODIS,67.66233766,6.03,293.2025974,38.22077922,D,0,Anuradhapura
8.3284125,80.42579063,324.321875,1.2375,1.096875,1/09/2007,2007-09,September,780.46875,Aqua,MODIS,63.5625,6.03,289.70625,19.503125,D,0,Anuradhapura
8.264928571,80.56605714,327.8,1,1,1/10/2007,2007-10,October,808.4285714,Aqua,MODIS,56.57142857,6.03,301.2142857,14.08571429,D,0,Anuradhapura
8.014,80.2609,309.5,1.2,1.1,1/03/2008,2008-03,March,523,Terra,MODIS,32,6.03,291.7,6.8,D,0,Anuradhapura
8.45905,80.303,315.2,1.1,1.1,1/06/2008,2008-06,June,661.5,Terra,MODIS,51,6.03,289.3,9.3,D,0,Anuradhapura
8.383491667,80.48731667,331.3333333,1.241666667,1.125,1/07/2008,2008-07,July,799.9166667,Aqua,MODIS,75.75,6.03,296.4416667,33.80833333,D,0,Anuradhapura
8.267073394,80.4526367,332.7155963,1.253211009,1.100917431,1/08/2008,2008-08,August,794.3486239,Aqua,MODIS,70.05504587,6.03,297.640367,34.01100917,D,0,Anuradhapura
8.270732,80.43766533,326.5586667,1.506666667,1.190666667,1/09/2008,2008-09,September,790.5066667,Aqua,MODIS,64.26666667,6.03,300.964,23.24666667,D,0,Anuradhapura
8.274423404,80.4972383,331.5510638,1.112765957,1.059574468,1/10/2008,2008-10,October,811.1276596,Aqua,MODIS,66.19148936,6.03,304.6446809,19.0212766,D,0,Anuradhapura
8.200393333,80.34578,321.84,1.326666667,1.14,1/02/2009,2009-02,February,799.1333333,Aqua,MODIS,61.13333333,6.03,302.9333333,18.36666667,D,0,Anuradhapura
8.3134,80.39171538,323.5769231,1.553846154,1.2,1/03/2009,2009-03,March,801.5384615,Aqua,MODIS,66.38461538,6.03,307.4307692,18.5,D,0,Anuradhapura
8.397211111,80.43645556,318.7888889,1.3,1.122222222,1/06/2009,2009-06,June,691.3333333,Aqua,MODIS,57.55555556,6.03,291.7222222,12.4,D,0,Anuradhapura
8.344390164,80.35634262,326.9163934,1.621311475,1.201639344,1/07/2009,2009-07,July,798.9672131,Aqua,MODIS,63.54098361,6.03,294.6704918,33.04098361,D,0,Anuradhapura
8.316186316,80.36880737,326.0136842,1.314736842,1.142105263,1/08/2009,2009-08,August,807.7368421,Aqua,MODIS,61.95789474,6.03,288.3778947,27.56210526,D,0,Anuradhapura
8.31436,80.49084,329.97,1.115,1.0475,1/09/2009,2009-09,September,811.25,Aqua,MODIS,64.675,6.03,301.915,19.85,D,0,Anuradhapura
8.18858,80.42164,319.28,1.26,1.12,1/10/2009,2009-10,October,673.4,Aqua,MODIS,32,6.03,298.92,9.7,D,0,Anuradhapura
8.148822222,80.29884444,328.0666667,1.1,1.066666667,1/02/2010,2010-02,February,810.6666667,Aqua,MODIS,71.11111111,6.03,305.1888889,21.38888889,D,0,Anuradhapura
8.156970175,80.34576491,327.9298246,1.243859649,1.1,1/03/2010,2010-03,March,803.4912281,Aqua,MODIS,65.31578947,6.03,304.5298246,19.11052632,D,0,Anuradhapura
8.2491,80.171775,322.85,1.25,1.1,1/07/2010,2010-07,July,783,Aqua,MODIS,65.25,6.03,294.175,13.6,D,0,Anuradhapura
8.344365217,80.36543043,329.4521739,1.334782609,1.12173913,1/08/2010,2010-08,August,771.0869565,Aqua,MODIS,65.17391304,6.03,292.5,31.93043478,D,0,Anuradhapura
8.2706,80.33118182,326.0545455,1.363636364,1.15,1/09/2010,2010-09,September,784.9090909,Aqua,MODIS,64.31818182,6.03,296.1,22.30909091,D,0,Anuradhapura
8.213258333,80.62294167,322.2,1.025,1.008333333,1/10/2010,2010-10,October,806.5,Aqua,MODIS,56.33333333,6.03,300.575,10.48333333,D,0,Anuradhapura
8.0541,80.6534,320.3,1.2,1.1,1/04/2011,2011-04,April,818,Aqua,MODIS,50,6.03,304.9,9.2,D,0,Anuradhapura
8.286135714,80.32417857,324.8785714,1.428571429,1.164285714,1/07/2011,2011-07,July,804.7142857,Aqua,MODIS,61.57142857,6.03,291.6642857,34.24285714,D,0,Anuradhapura
8.331702222,80.37090444,325.2777778,1.637777778,1.226666667,1/08/2011,2011-08,August,797.7111111,Aqua,MODIS,63.02222222,6.03,296.34,26.71555556,D,0,Anuradhapura
8.300563636,80.40614394,328.8666667,1.277272727,1.116666667,1/09/2011,2011-09,September,776.6666667,Aqua,MODIS,65.48484848,6.03,299.8,21.23787879,D,0,Anuradhapura
8.217814286,80.43978571,324.3285714,1.685714286,1.242857143,1/10/2011,2011-10,October,722,Aqua,MODIS,54.71428571,6.03,298.0142857,23.52857143,D,0,Anuradhapura
8.289442857,80.31225714,322.1285714,1.257142857,1.128571429,1/03/2012,2012-03,March,807.8571429,Aqua,MODIS,58.28571429,6.03,300.9428571,13.55714286,D,0,Anuradhapura
8.501,80.2769,318.7,1.2,1.1,1/05/2012,2012-05,May,523,Terra,MODIS,65,6.03,299,8.4,D,0,Anuradhapura
8.266116667,80.42881667,321.3333333,1.033333333,1.016666667,1/06/2012,2012-06,June,1006.333333,Aqua,MODIS,62.83333333,6.03,297.6166667,11.81666667,D,0,Anuradhapura
8.336430645,80.4792371,327.9645161,1.337096774,1.125806452,1/07/2012,2012-07,July,799.0806452,Aqua,MODIS,64.62903226,6.03,300.9435484,22.06774194,D,0,Anuradhapura
8.340538217,80.3983586,331.9216561,1.408280255,1.164968153,1/08/2012,2012-08,August,794.6496815,Aqua,MODIS,67.92356688,6.03,296.8859873,34.74649682,D,0,Anuradhapura
8.294407692,80.35229615,326.85,1.715384615,1.242307692,1/09/2012,2012-09,September,818.1153846,Aqua,MODIS,61.57692308,6.03,298.1307692,30.71923077,D,0,Anuradhapura
8.321,80.3735,328.65,1.425,1.175,1/10/2012,2012-10,October,804.25,Aqua,MODIS,58,6.03,303.875,19.55,D,0,Anuradhapura
7.9656,80.2257,334.4,1.2,1.1,1/03/2013,2013-03,March,800,Aqua,MODIS,86,6.03,300,34.5,D,0,Anuradhapura
8.332295833,80.3382375,327.1833333,1.158333333,1.070833333,1/07/2013,2013-07,July,781,Aqua,MODIS,65.20833333,6.03,293.8375,21.85,D,0,Anuradhapura
8.316940984,80.50383607,327.247541,1.778688525,1.285245902,1/08/2013,2013-08,August,790.3934426,Aqua,MODIS,62.13114754,6.03,295.2557377,38.5147541,D,0,Anuradhapura
8.200285,80.372445,326.015,1.485,1.205,1/09/2013,2013-09,September,807.1,Aqua,MODIS,59.85,6.03,298.2,24.5,D,0,Anuradhapura
8.249141176,80.54491765,322.2941176,1.3,1.117647059,1/10/2013,2013-10,October,780.7647059,Aqua,MODIS,46.82352941,6.03,296.8058824,15.70588235,D,0,Anuradhapura
8.1331125,80.3518,323.2625,1.0875,1.0625,1/02/2014,2014-02,February,812.75,Aqua,MODIS,68,6.03,299.3375,14.475,D,0,Anuradhapura
8.064595,80.33950333,328.94,1.608333333,1.236666667,1/03/2014,2014-03,March,785.1833333,Aqua,MODIS,68.91666667,6.03,302.5166667,38.625,D,0,Anuradhapura
8.347883333,80.35765,328.6666667,1.15,1.083333333,1/04/2014,2014-04,April,817.3333333,Aqua,MODIS,64.66666667,6.03,302.9666667,16.11666667,D,0,Anuradhapura
8.4024,80.7286,322.6,1,1,1/06/2014,2014-06,June,806,Aqua,MODIS,0,6.03,305.6,6.8,D,0,Anuradhapura
8.314296296,80.57537407,325.2925926,1.362962963,1.137037037,1/07/2014,2014-07,July,801,Aqua,MODIS,59.74074074,6.03,298.9703704,19.66666667,D,0,Anuradhapura
8.379857447,80.43644043,329.7340426,1.327659574,1.138297872,1/08/2014,2014-08,August,786.4680851,Aqua,MODIS,60.95744681,6.03,293.4787234,31.78085106,D,0,Anuradhapura
8.265525714,80.33657143,326.2828571,1.34,1.125714286,1/09/2014,2014-09,September,806.6285714,Aqua,MODIS,59.2,6.03,298.5171429,20.22857143,D,0,Anuradhapura
8.0272,80.195,318.4,1,1,1/10/2014,2014-10,October,806,Aqua,MODIS,70,6.03,299.1,8.6,D,0,Anuradhapura
7.980925,80.397475,323.275,1.275,1.125,1/03/2015,2015-03,March,780,Aqua,MODIS,64.25,6.03,303.375,14.525,D,0,Anuradhapura
8.297,80.3307,308.8,1,1,1/07/2015,2015-07,July,812,Aqua,MODIS,55,6.03,282.3,5.3,D,0,Anuradhapura
8.32962,80.412888,323.596,1.14,1.068,1/08/2015,2015-08,August,740,Terra,MODIS,66.24,6.03,296.18,14.652,D,0,Anuradhapura
8.291363636,80.42355455,323.2181818,1.218181818,1.081818182,1/09/2015,2015-09,September,791.3636364,Aqua,MODIS,61.90909091,6.03,296.6909091,14.64545455,D,0,Anuradhapura
8.1236,80.47435,321.35,1,1,1/10/2015,2015-10,October,805,Aqua,MODIS,53.5,6.03,298.4,9.55,D,0,Anuradhapura
8.2125,80.34355,320.25,1.05,1.025,1/02/2016,2016-02,February,806,Aqua,MODIS,67.25,6.03,300.925,9.825,D,0,Anuradhapura
8.225985714,80.362,327.6,1.35,1.135714286,1/03/2016,2016-03,March,809.6428571,Aqua,MODIS,60.28571429,6.03,305.0785714,19.13571429,D,0,Anuradhapura
8.214392857,80.47986071,325.65,1.217857143,1.092857143,1/08/2016,2016-08,August,781.6071429,Aqua,MODIS,59.92857143,6.03,295.6035714,21.275,D,0,Anuradhapura
8.309849057,80.44629245,325.3867925,1.450943396,1.173584906,1/09/2016,2016-09,September,781.3396226,Aqua,MODIS,60.96226415,6.03,299.7188679,19.91320755,D,0,Anuradhapura
8.2721,80.48403182,327.4659091,1.084090909,1.05,1/10/2016,2016-10,October,783.5,Terra,MODIS,58.90909091,6.03,305.6272727,12.89772727,D,0,Anuradhapura
8.4663,80.2394,318.1,1,1,1/01/2017,2017-01,January,805,Aqua,MODIS,45,6.03,297.3,9.5,D,0,Anuradhapura
8.42025,80.333375,323.7,1.125,1.1,1/04/2017,2017-04,April,773.75,Aqua,MODIS,60,6.03,306.125,9.85,D,0,Anuradhapura
8.0982,80.1928,320.5,1.9,1.4,1/05/2017,2017-05,May,747,Aqua,MODIS,56,6.03,299.55,27.7,D,0,Anuradhapura
8.355877778,80.2529,322.5777778,1.022222222,1.022222222,1/06/2017,2017-06,June,711.6666667,Aqua,MODIS,62.77777778,6.03,298.9666667,10.52222222,D,0,Anuradhapura
8.259308824,80.40978235,321.6029412,1.464705882,1.191176471,1/07/2017,2017-07,July,772.4411765,Terra,MODIS,51,6.03,296.5529412,14.64117647,D,0,Anuradhapura
8.300907143,80.33872143,331.6571429,1.314285714,1.128571429,1/08/2017,2017-08,August,751.9285714,Aqua,MODIS,68.85714286,6.03,294.8571429,35.44285714,D,0,Anuradhapura
8.5114,80.4735,316.9,1,1,1/09/2017,2017-09,September,805,Aqua,MODIS,62,6.03,295.5,8,D,0,Anuradhapura
8.36475,80.4626,314.45,1.1,1.1,1/10/2017,2017-10,October,759,Aqua,MODIS,51.5,6.03,294.9,6.35,D,0,Anuradhapura
8.3436,80.2618,316.4,1,1,1/01/2018,2018-01,January,812,Aqua,MODIS,64,6.03,302.6,6.3,D,0,Anuradhapura
8.2939,80.32930833,321.8083333,1.125,1.058333333,1/02/2018,2018-02,February,745.8333333,Aqua,MODIS,65.41666667,6.03,302.5666667,11.85,D,0,Anuradhapura
8.1986,80.29665909,328.8545455,1.2,1.109090909,1/03/2018,2018-03,March,803.4090909,Aqua,MODIS,69.72727273,6.03,307.2636364,18.33636364,D,0,Anuradhapura
8.1664,80.7332,320.4,1.2,1.1,1/04/2018,2018-04,April,818,Aqua,MODIS,59,6.03,303.3,8.2,D,0,Anuradhapura
8.351631034,80.4027,321.2517241,1.393103448,1.168965517,1/07/2018,2018-07,July,781.4827586,Aqua,MODIS,61.24137931,6.03,295.9103448,15.55862069,D,0,Anuradhapura
8.336522727,80.42079545,324.6318182,1.195454545,1.072727273,1/08/2018,2018-08,August,742.1818182,Terra,MODIS,65.77272727,6.03,293.7863636,17.63181818,D,0,Anuradhapura
8.239641379,80.41093448,330.437931,1.25862069,1.103448276,1/09/2018,2018-09,September,777.7931034,Terra,MODIS,66.55172414,6.03,299.737931,32.63793103,D,0,Anuradhapura
8.085,80.5056,314.2,1.1,1.1,1/12/2018,2018-12,December,818,Aqua,MODIS,63,6.03,298,8.3,D,0,Anuradhapura
8.0365,80.2192,315.9,1,1,1/01/2019,2019-01,January,812,Aqua,MODIS,43,6.03,297.9,7.1,D,0,Anuradhapura
8.4286,80.3323,319.7,1.4,1.2,1/02/2019,2019-02,February,824,Aqua,MODIS,57,6.03,303,10,D,0,Anuradhapura
8.239215789,80.46989474,326.4842105,1.226315789,1.1,1/03/2019,2019-03,March,771.7894737,Aqua,MODIS,63.36842105,6.03,308.7631579,14.96315789,D,0,Anuradhapura
8.20724,80.62862,325.08,1,1,1/04/2019,2019-04,April,750.6,Terra,MODIS,42,6.03,305.8,9.28,D,0,Anuradhapura
8.3935,80.317675,322.35,1.325,1.15,1/05/2019,2019-05,May,801.75,Aqua,MODIS,56.75,6.03,302.1,12.1,D,0,Anuradhapura
8.39616,80.3842,327.34,1.12,1.08,1/06/2019,2019-06,June,692.8,Terra,MODIS,56.2,6.03,302.02,18.12,D,0,Anuradhapura
8.336047059,80.34564706,322.7941176,1.294117647,1.123529412,1/07/2019,2019-07,July,807.6470588,Aqua,MODIS,64,6.03,293.4529412,16.03529412,D,0,Anuradhapura
8.386344444,80.42492222,319.4555556,2.966666667,1.611111111,1/08/2019,2019-08,August,727,Terra,MODIS,60,6.03,293.7666667,40.37777778,D,0,Anuradhapura
8.1290125,80.461125,329.0125,1,1,1/09/2019,2019-09,September,809.5,Aqua,MODIS,62.25,6.03,303.75,16.7375,D,0,Anuradhapura
8.3829,80.28655,316.35,1,1,1/01/2020,2020-01,January,812,Aqua,MODIS,60,6.03,303.15,5.75,D,0,Anuradhapura
8.131833333,80.34643333,318.1666667,1.688888889,1.255555556,1/02/2020,2020-02,February,776.7777778,Aqua,MODIS,58.44444444,6.03,301.1888889,15.53333333,D,0,Anuradhapura
8.18045,80.350225,323.375,1.5875,1.1875,1/03/2020,2020-03,March,800.875,Aqua,MODIS,55,6.03,298.5125,19.5125,D,0,Anuradhapura
8.42365,80.45395,324.65,1,1,1/04/2020,2020-04,April,514,Terra,MODIS,61,6.03,306.8,7.75,D,0,Anuradhapura
8.4689,80.2928,320,1,1,1/07/2020,2020-07,July,806,Aqua,MODIS,57,6.03,295.9,6.9,D,0,Anuradhapura
8.4161125,80.3935625,330.2125,1.4875,1.2125,1/08/2020,2020-08,August,736.875,Aqua,MODIS,63.75,6.03,298.6625,37.825,D,0,Anuradhapura
8.207233333,80.52688333,323.8166667,1.266666667,1.116666667,1/09/2020,2020-09,September,782.5,Aqua,MODIS,47.16666667,6.03,296.9666667,17.05,D,0,Anuradhapura
8.246488889,80.48117222,327.9277778,1.055555556,1.027777778,1/10/2020,2020-10,October,784.2777778,Aqua,MODIS,64.83333333,6.03,303.9222222,15.01666667,D,0,Anuradhapura
8.2888,80.5477,317.4,1.9,1.3,1/11/2020,2020-11,November,830,Aqua,MODIS,51,6.03,297.2,10.3,D,0,Anuradhapura
7.926,80.3316,315.1,1.2,1.1,1/12/2020,2020-12,December,759,Aqua,MODIS,69,6.03,291.5,11.8,D,0,Anuradhapura
8.46265,80.32655,318.6,1,1,1/02/2021,2021-02,February,812,Aqua,MODIS,67,6.03,299.9,8.2,D,0,Anuradhapura
7.9944,80.299825,323.9125,1.2875,1.125,1/03/2021,2021-03,March,763.25,Aqua,MODIS,61,6.03,300.0625,16.7375,D,0,Anuradhapura
8.37018,80.34166,324.06,1.1,1.06,1/04/2021,2021-04,April,789,Aqua,MODIS,65,6.03,300.1,14.58,D,0,Anuradhapura
8.46555,80.41175,321.15,1.2,1.1,1/06/2021,2021-06,June,759,Aqua,MODIS,69.5,6.03,291.6,14.4,D,0,Anuradhapura
8.3983,80.25476667,325,1.433333333,1.2,1/07/2021,2021-07,July,792,Aqua,MODIS,73.33333333,6.03,299.8666667,20.06666667,D,0,Anuradhapura
8.202557143,80.53338571,320.1285714,1.057142857,1.028571429,1/08/2021,2021-08,August,715.1428571,Aqua,MODIS,50.14285714,6.03,292.9,10.84285714,D,0,Anuradhapura
8.349295,80.400905,322.545,1.315,1.12,1/09/2021,2021-09,September,776,Aqua,MODIS,57.35,6.03,297.64,16.635,D,0,Anuradhapura
8.2266,80.234,304.7,1.2,1.1,1/01/2022,2022-01,January,800,Aqua,MODIS,32,6.03,288.5,3.9,D,0,Anuradhapura
8.1951,80.2977,322.15,1.2,1.075,1/02/2022,2022-02,February,804.5,Aqua,MODIS,64.75,6.03,303.3,14.35,D,0,Anuradhapura
8.2896,80.1326,320.9,1.3,1.1,1/03/2022,2022-03,March,759,Aqua,MODIS,59,6.03,304.3,13.3,D,0,Anuradhapura
8.387115385,80.31200769,323.5076923,1.207692308,1.092307692,1/07/2022,2022-07,July,674.7692308,Aqua,MODIS,71.76923077,6.03,291.0615385,18.82307692,D,0,Anuradhapura
8.295633333,80.28816667,317.5,1.466666667,1.166666667,1/08/2022,2022-08,August,771.3333333,Aqua,MODIS,47.66666667,6.03,292.9666667,11.56666667,D,0,Anuradhapura
8.319,80.3388,323.54,1.08,1.03,1/09/2022,2022-09,September,806.3,Aqua,MODIS,64.4,6.03,298.48,12.68,D,0,Anuradhapura
8.37255,80.4804,317.15,1,1,1/10/2022,2022-10,October,817,Aqua,MODIS,24,6.03,291.9,6.75,D,0,Anuradhapura
8.4609,80.3315,316.4,1.7,1.3,1/02/2023,2023-02,February,759,Aqua,MODIS,65,61.03,301.8,13.9,D,0,Anuradhapura
8.353666667,80.24116667,321,1,1,1/03/2023,2023-03,March,817,Aqua,MODIS,68.33333333,61.03,300.2,10.26666667,D,0,Anuradhapura
7.9721,80.5752,306.2,1,1,1/04/2023,2023-04,April,1646,Terra,MODIS,65,61.03,294.3,4.9,N,0,Anuradhapura
8.4359625,80.3060875,325.675,1.925,1.3625,1/06/2023,2023-06,June,810.875,Aqua,MODIS,74.75,61.03,298.0875,41.3875,D,0,Anuradhapura
8.343766667,80.43953333,322.8333333,1.241666667,1.091666667,1/07/2023,2023-07,July,830.3333333,Terra,MODIS,62.66666667,61.03,299.0583333,17.31666667,D,0,Anuradhapura
8.28503125,80.41829583,329.5854167,1.185416667,1.072916667,1/08/2023,2023-08,August,803,Aqua,MODIS,63.39583333,61.03,303.2770833,18.22291667,D,0,Anuradhapura
8.343038462,80.46778462,324.0461538,2.1,1.330769231,1/09/2023,2023-09,September,734.3846154,Aqua,MODIS,56.61538462,61.03,295.3307692,32.58461538,D,0.153846154,Anuradhapura
8.23194,80.27416,319.46,1.1,1.06,1/10/2023,2023-10,October,821,Aqua,MODIS,53.4,61.03,293.6,10.62,D,0,Anuradhapura
8.2971,80.5664,315.2,1,1,1/02/2024,2024-02,February,831,Aqua,MODIS,58,61.03,300.4,8,D,0,Anuradhapura
8.128254545,80.5,324.6090909,1.3,1.090909091,1/03/2024,2024-03,March,842.0909091,Aqua,MODIS,56.90909091,61.03,308.2545455,13.60909091,D,0,Anuradhapura
8.16085,80.3761,325.85,1,1,1/04/2024,2024-04,April,836,Aqua,MODIS,49,61.03,305.4,10.05,D,0,Anuradhapura
8.35165,80.4463,317.5,1.05,1,1/07/2024,2024-07,July,639.5,Terra,MODIS,62.5,61.03,298.75,7.35,D,0,Anuradhapura
8.36174,80.57088,322.28,1.4,1.16,1/08/2024,2024-08,August,833.6,Aqua,MODIS,47.8,61.03,296.48,17.44,D,0,Anuradhapura
8.386575,80.3731,323.5458333,1.070833333,1.016666667,1/09/2024,2024-09,September,832.8333333,Aqua,MODIS,61.625,61.03,298.6666667,13.69166667,D,0,Anuradhapura
8.3057,80.3206,319.6571429,1.014285714,1,1/02/2025,2025-02,February,909.7142857,Aqua,MODIS,61.14285714,61.03,303.3,9.057142857,D,0,Anuradhapura
8.26405,80.2275,315.8,1,1,1/03/2025,2025-03,March,908,Aqua,MODIS,57.5,61.03,297,6.95,D,0,Anuradhapura
8.318,80.4124,314.75,1.1,1.05,1/06/2025,2025-06,June,910.5,Aqua,MODIS,56,61.03,298.55,5.75,D,0,Anuradhapura
8.402341176,80.34208235,319.9941176,1.194117647,1.064705882,1/07/2025,2025-07,July,948.4705882,Aqua,MODIS,56.94117647,61.03,296.6764706,11.68823529,D,0,Anuradhapura
8.25712,80.45586333,321.9833333,1.19,1.063333333,1/08/2025,2025-08,August,882.4666667,Aqua,MODIS,61.36666667,61.03,300.66,12.15666667,D,0,Anuradhapura
8.277192308,80.41551154,319.8038462,1.1,1.038461538,1/09/2025,2025-09,September,928.8846154,Aqua,MODIS,62.23076923,61.03,293.5307692,13.25384615,D,0,Anuradhapura
7.4413,81.1256,320.7,1.05,1.05,1/05/2001,2001-05,May,520,Terra,MODIS,70.5,6.03,302.7,9.8,D,0,Badulla
7.1775,81.1311,312.9,1.5,1.2,1/06/2001,2001-06,June,501,Terra,MODIS,45,6.03,294.4,8.7,D,0,Badulla
7.3548,81.1908,317.7,1,1,1/07/2001,2001-07,July,519,Terra,MODIS,59,6.03,299.1,5.8,D,0,Badulla
7.081854545,81.06960909,321.1,1.354545455,1.145454545,1/08/2001,2001-08,August,507.5454545,Terra,MODIS,67.36363636,6.03,295.8909091,15.81818182,D,0,Badulla
6.8332,81.03595,301.4,1.45,1.2,1/09/2001,2001-09,September,1683,Terra,MODIS,34.5,6.03,284.4,9.35,N,0,Badulla
7.0616,81.174,322.8,1,1,1/10/2001,2001-10,October,510,Terra,MODIS,70,6.03,298.6,13.4,D,0,Badulla
6.94938,81.1275,310.94,1.36,1.16,1/06/2002,2002-06,June,986,Terra,MODIS,52.2,6.03,296.06,9.52,D,0,Badulla
7.152814286,81.14302857,319.6107143,1.321428571,1.135714286,1/07/2002,2002-07,July,881.6785714,Terra,MODIS,66,6.03,293.9678571,15.81428571,D,0,Badulla
7.223805263,81.16441228,327.1192982,1.805263158,1.263157895,1/08/2002,2002-08,August,784.8947368,Terra,MODIS,71.66666667,6.03,299.6175439,36.20175439,D,0,Badulla
7.23207,81.142385,327.665,1.35,1.125,1/09/2002,2002-09,September,792.35,Terra,MODIS,69.05,6.03,300.635,24.00833333,D,0,Badulla
7.089666667,81.03553333,322.1333333,1,1,1/10/2002,2002-10,October,508,Terra,MODIS,70,6.03,300.9,11.46666667,D,0,Badulla
6.586,81.0303,320.4,1.4,1.2,1/02/2003,2003-02,February,750,Aqua,MODIS,69,6.03,302,13.2,D,0,Badulla
6.853366667,81.11036667,313.0666667,1.133333333,1.066666667,1/05/2003,2003-05,May,474.3333333,Terra,MODIS,56.33333333,6.03,296.2666667,7.4,D,0,Badulla
7.214583333,81.11013333,318.0333333,1.283333333,1.116666667,1/06/2003,2003-06,June,683.8333333,Aqua,MODIS,55.33333333,6.03,293.55,12.5,D,0,Badulla
7.103742857,81.16197143,323.8142857,1.1,1.028571429,1/07/2003,2003-07,July,719.5714286,Aqua,MODIS,70.85714286,6.03,302.2857143,10.71428571,D,0,Badulla
7.082054545,81.12029773,323.9931818,1.888636364,1.293181818,1/08/2003,2003-08,August,780.8863636,Terra,MODIS,69.20454545,6.03,295.9409091,45.575,D,0,Badulla
7.125568085,81.0984234,328.3212766,1.293617021,1.121276596,1/09/2003,2003-09,September,788.3829787,Terra,MODIS,70.78723404,6.03,300.9744681,23,D,0,Badulla
6.7987,81.00723333,317.8333333,3,1.6,1/10/2003,2003-10,October,533.6666667,Terra,MODIS,61,6.03,292.4666667,57.8,D,0,Badulla
6.6303,81.0362,326.6,1.5,1.2,1/12/2003,2003-12,December,821,Aqua,MODIS,79,6.03,299.2,32.4,D,0,Badulla
6.8595,81.0475,310.3,1.3,1.1,1/03/2004,2004-03,March,750,Aqua,MODIS,26,6.03,296.2,6,D,0,Badulla
7.4596,81.2115,317.3,1.3,1.1,1/05/2004,2004-05,May,751,Aqua,MODIS,63,6.03,298.6,7.2,D,0,Badulla
7.197791489,81.17112128,320.0276596,1.385106383,1.136170213,1/06/2004,2004-06,June,902.5319149,Aqua,MODIS,66.5106383,6.03,299.6787234,14.23404255,D,0,Badulla
7.001529167,81.1332375,321.725,1.441666667,1.179166667,1/07/2004,2004-07,July,679.625,Terra,MODIS,64.16666667,6.03,296.0875,20.22083333,D,0,Badulla
7.185049296,81.13256761,331.7591549,1.661971831,1.238028169,1/08/2004,2004-08,August,742.6056338,Terra,MODIS,74.22535211,6.03,297.5830986,54.55352113,D,0,Badulla
6.8935375,81.0563625,325.7125,2.0375,1.3625,1/09/2004,2004-09,September,714.125,Terra,MODIS,71.375,6.03,296.3125,35.4625,D,0,Badulla
6.9504,81.1798,316,1,1,1/02/2005,2005-02,February,802,Aqua,MODIS,61,6.03,303.3,7.3,D,0,Badulla
6.8667,81.0131,313.3,1,1,1/03/2005,2005-03,March,504,Terra,MODIS,50,6.03,301.3,5.4,D,0,Badulla
7.211184615,81.21665769,321.4,1.438461538,1.134615385,1/06/2005,2005-06,June,800.2307692,Terra,MODIS,69.69230769,6.03,299.5769231,19.21153846,D,0,Badulla
7.0965,81.13451579,317.9157895,1.210526316,1.1,1/07/2005,2005-07,July,686.8947368,Terra,MODIS,55.94736842,6.03,297.5578947,10.28421053,D,0,Badulla
7.208519444,81.16234722,327.2138889,1.538888889,1.188888889,1/08/2005,2005-08,August,756.1944444,Aqua,MODIS,70.72222222,6.03,300.3388889,30.28888889,D,0,Badulla
7.178814286,81.10247143,323.4904762,1.60952381,1.2,1/09/2005,2005-09,September,1017.47619,Aqua,MODIS,67.0952381,6.03,298.8809524,22.67619048,D,0,Badulla
7.101866667,80.96026667,321.0333333,1.1,1.033333333,1/10/2005,2005-10,October,514,Terra,MODIS,58.66666667,6.03,301.7333333,9.633333333,D,0,Badulla
6.939466667,81.11526667,323.9333333,1,1,1/03/2006,2006-03,March,605.6666667,Terra,MODIS,76,6.03,298.5,16.46666667,D,0,Badulla
7.16455,81.08165,310.55,1,1,1/05/2006,2006-05,May,1408.5,Aqua,MODIS,39.5,6.03,294.9,6.55,N,0,Badulla
7.209625,81.2686375,321.775,1.1125,1.0375,1/06/2006,2006-06,June,784.5,Aqua,MODIS,71.25,6.03,295.4,13.225,D,0,Badulla
7.203867742,81.1732,320.5709677,1.406451613,1.151612903,1/07/2006,2006-07,July,759.9032258,Aqua,MODIS,66.51612903,6.03,294.9483871,19.1483871,D,0,Badulla
7.028077778,81.10113704,321.5296296,1.455555556,1.166666667,1/08/2006,2006-08,August,730.5555556,Aqua,MODIS,63.07407407,6.03,297.6333333,19.07037037,D,0,Badulla
7.053825,81.0591,317.725,1.65,1.25,1/09/2006,2006-09,September,761,Aqua,MODIS,63,6.03,293.05,21.4,D,0,Badulla
7.17795,81.21265,308.85,1,1,1/10/2006,2006-10,October,1260,Aqua,MODIS,50,6.03,292.95,4.85,N,0,Badulla
6.82132,81.05266,313.68,2.02,1.36,1/03/2007,2007-03,March,897.8,Terra,MODIS,59,6.03,299.94,17.8,N,0,Badulla
6.6459,80.9849,310.6,2,1.4,1/06/2007,2007-06,June,446,Terra,MODIS,43,6.03,293.2,10.6,D,0,Badulla
7.083536364,81.15409091,315.5363636,1.3,1.136363636,1/07/2007,2007-07,July,840.4545455,Aqua,MODIS,51.81818182,6.03,293.2545455,12.86363636,D,0,Badulla
7.0368,81.10431818,331.1636364,1.386363636,1.140909091,1/08/2007,2007-08,August,840.1363636,Aqua,MODIS,70.95454545,6.03,298.0136364,56.51363636,D,0,Badulla
7.164736364,81.14025455,323.7909091,1.436363636,1.163636364,1/09/2007,2007-09,September,735.9090909,Aqua,MODIS,69.36363636,6.03,297.1272727,19.62727273,D,0,Badulla
7.15542,81.1413,318.94,1.84,1.3,1/10/2007,2007-10,October,583,Terra,MODIS,60.6,6.03,294.18,26.3,D,0,Badulla
7.1191,81.04,319.65,1.3,1.1,1/02/2008,2008-02,February,752,Aqua,MODIS,73.5,6.03,296.9,20.4,D,0,Badulla
7.300014286,81.08987143,316.8571429,1.071428571,1.028571429,1/06/2008,2008-06,June,726.8571429,Terra,MODIS,59.71428571,6.03,292.7428571,8.7,D,0,Badulla
7.0762,81.08036923,319.5769231,1.530769231,1.207692308,1/07/2008,2008-07,July,910.1538462,Aqua,MODIS,71.30769231,6.03,295.7307692,21.33846154,D,0,Badulla
6.821814286,81.07295238,331.7142857,2.347619048,1.404761905,1/08/2008,2008-08,August,729.6666667,Aqua,MODIS,77.23809524,6.03,293.1238095,144.0619048,D,0,Badulla
7.088797297,81.07778378,322.7,1.289189189,1.118918919,1/09/2008,2008-09,September,814.8648649,Aqua,MODIS,62.40540541,6.03,301.427027,16.97297297,D,0,Badulla
6.98955,81.1829,312.1,1.2,1.1,1/10/2008,2008-10,October,459,Terra,MODIS,35,6.03,290.4,10.3,D,0,Badulla
6.8447,81.1119,307.3,1.3,1.1,1/12/2008,2008-12,December,756,Aqua,MODIS,42,6.03,295.4,6.3,D,0,Badulla
6.9862,81.2106,313.3,1.1,1,1/01/2009,2009-01,January,802,Aqua,MODIS,64,6.03,298.7,9.4,D,0,Badulla
6.96315,81.11963333,315.4,1.266666667,1.1,1/02/2009,2009-02,February,909,Terra,MODIS,59,6.03,298.5,10.36666667,N,0,Badulla
7.0908,81.11078,318.34,1.34,1.1,1/03/2009,2009-03,March,792.2,Aqua,MODIS,56.6,6.03,302.56,11.86,D,0,Badulla
7.201,81.2598,315.4,2.1,1.4,1/05/2009,2009-05,May,834,Aqua,MODIS,55,6.03,294.5,16.9,D,0,Badulla
7.22337,81.1812125,319.76,1.2,1.0725,1/06/2009,2009-06,June,747.9,Terra,MODIS,62.875,6.03,295.9575,12.365,D,0,Badulla
7.166587879,81.09860303,324.0575758,1.357575758,1.13030303,1/07/2009,2009-07,July,698.8484848,Terra,MODIS,66.18181818,6.03,297.2515152,19.74242424,D,0,Badulla
7.226835,81.119075,320.975,1.205,1.065,1/08/2009,2009-08,August,866.9,Aqua,MODIS,59.65,6.03,294.035,12.855,D,0,Badulla
7.139110256,81.11865641,328.1307692,1.338461538,1.117948718,1/09/2009,2009-09,September,736.5384615,Terra,MODIS,69.71794872,6.03,299.4820513,26.7025641,D,0,Badulla
7.083175,81.0176,322.275,1.275,1.1,1/10/2009,2009-10,October,636.5,Terra,MODIS,64.5,6.03,302.2,15.225,D,0,Badulla
6.7669,81.0067,318.3666667,1.033333333,1.033333333,1/02/2010,2010-02,February,603.6666667,Aqua,MODIS,62,6.03,304.5,9.1,D,0,Badulla
6.8398,81.09055,319.55,1.7,1.3,1/03/2010,2010-03,March,749,Aqua,MODIS,69.5,6.03,297.9,24.45,D,0,Badulla
7.219328571,81.22608571,323.0285714,1.1,1,1/07/2010,2010-07,July,800,Aqua,MODIS,72.42857143,6.03,299.7,13.62857143,D,0,Badulla
6.97385,81.06515,312,1.15,1.075,1/08/2010,2010-08,August,1039.5,Terra,MODIS,46.5,6.03,295.1,6.85,D,0,Badulla
7.02826,81.14252,329.23,1.53,1.17,1/09/2010,2010-09,September,682,Aqua,MODIS,74.1,6.03,296.42,41.8,D,0,Badulla
7.212642857,81.18111429,322.3,1.614285714,1.214285714,1/10/2010,2010-10,October,717.5714286,Aqua,MODIS,63.42857143,6.03,300.2714286,22.11428571,D,0,Badulla
6.7991,81.142,318,1,1,1/02/2011,2011-02,February,812,Aqua,MODIS,72,6.03,300.7,10.2,D,0,Badulla
6.8532,80.9479,315.7,1,1,1/03/2011,2011-03,March,511,Terra,MODIS,67,6.03,300.4,9.3,D,0,Badulla
6.807666667,81.04433333,315.7666667,2.7,1.566666667,1/04/2011,2011-04,April,461.6666667,Terra,MODIS,59,6.03,300.2333333,30.33333333,D,0,Badulla
7.193079167,81.182425,321.575,1.333333333,1.133333333,1/06/2011,2011-06,June,713.875,Aqua,MODIS,62.75,6.03,300.4416667,17.64583333,D,0,Badulla
7.0332,81.12588,314.6,1.5,1.2,1/07/2011,2011-07,July,963.8,Aqua,MODIS,62,6.03,289.46,15,D,0,Badulla
7.072152381,81.05608571,319.1285714,1.580952381,1.228571429,1/08/2011,2011-08,August,903.2380952,Terra,MODIS,56.95238095,6.03,296.0380952,18.07142857,D,0,Badulla
7.239044737,81.13302632,324.8631579,1.4,1.128947368,1/09/2011,2011-09,September,765.6052632,Aqua,MODIS,61.52631579,6.03,296.1315789,23.16315789,D,0,Badulla
7.2727,81.1489,322.2,1,1,1/10/2011,2011-10,October,811,Aqua,MODIS,50,6.03,298.5,8.3,D,0,Badulla
6.6439,81.0364,319.85,1.05,1.05,1/02/2012,2012-02,February,785,Aqua,MODIS,71,6.03,300,10.5,D,0,Badulla
6.7208,81.1074,322,1,1,1/03/2012,2012-03,March,811,Aqua,MODIS,61,6.03,300.5,10.4,D,0,Badulla
7.188675,81.1717,318.175,1.025,1,1/05/2012,2012-05,May,808.25,Aqua,MODIS,64.75,6.03,290.2,9.475,D,0,Badulla
7.270138462,81.20004615,322.6423077,1.353846154,1.126923077,1/06/2012,2012-06,June,788.8846154,Aqua,MODIS,69.30769231,6.03,295.3384615,17.45384615,D,0,Badulla
7.166445161,81.13306452,322.9709677,1.232258065,1.083870968,1/07/2012,2012-07,July,819.1290323,Aqua,MODIS,68.41935484,6.03,302.5225806,14.87096774,D,0,Badulla
6.869227273,81.09631818,320.8727273,1.909090909,1.281818182,1/08/2012,2012-08,August,841.5454545,Aqua,MODIS,61.09090909,6.03,295.8,24.26363636,D,0,Badulla
7.215747059,81.15862941,324.5647059,1.464705882,1.164705882,1/09/2012,2012-09,September,733.3529412,Terra,MODIS,57.52941176,6.03,298.2235294,18.87647059,D,0,Badulla
6.971516667,81.04616667,323.3666667,1.616666667,1.25,1/10/2012,2012-10,October,720.8333333,Terra,MODIS,65,6.03,299.2166667,25.66666667,D,0,Badulla
6.8223,81.0845,314.4,1,1,1/05/2013,2013-05,May,806,Aqua,MODIS,62,6.03,296.2,7,D,0,Badulla
7.24298,81.28384,316.46,1.34,1.12,1/06/2013,2013-06,June,673,Aqua,MODIS,57.4,6.03,296.84,10.42,D,0,Badulla
7.277571429,81.17032857,319.6857143,1.142857143,1.071428571,1/07/2013,2013-07,July,684.5714286,Terra,MODIS,63.71428571,6.03,298.2428571,11.45714286,D,0,Badulla
7.1841625,81.09003125,321.1625,1.50625,1.18125,1/08/2013,2013-08,August,794.8125,Terra,MODIS,67.5625,6.03,299.225,17.05,D,0,Badulla
7.143990476,81.06376667,321.1095238,1.433333333,1.185714286,1/09/2013,2013-09,September,785.5238095,Aqua,MODIS,56.80952381,6.03,299.5428571,17.8952381,D,0,Badulla
7.037371429,81.06907143,315.9642857,1.064285714,1.028571429,1/10/2013,2013-10,October,933.6428571,Aqua,MODIS,55.07142857,6.03,296.7928571,8.435714286,D,0,Badulla
6.7096,81.0204,314.9,1.1,1.1,1/03/2014,2014-03,March,517,Terra,MODIS,58,6.03,302.7,7.8,D,0,Badulla
7.253915,81.214265,322.785,1.26,1.09,1/06/2014,2014-06,June,704.45,Aqua,MODIS,66.6,6.03,300.29,15.495,D,0,Badulla
7.136709756,81.1210122,318.397561,1.37804878,1.134146341,1/07/2014,2014-07,July,905.5853659,Aqua,MODIS,65.70731707,6.03,296.5902439,15.43658537,D,0,Badulla
7.153225,81.12380417,321.175,1.208333333,1.0875,1/08/2014,2014-08,August,820.5,Aqua,MODIS,65.04166667,6.03,292.5541667,13.73333333,D,0,Badulla
7.229884,81.128684,328.78,1.352,1.132,1/09/2014,2014-09,September,802,Aqua,MODIS,71.4,6.03,300.344,30.156,D,0,Badulla
7.32075,81.23135,323.95,1.1,1,1/10/2014,2014-10,October,759,Aqua,MODIS,46,6.03,299.9,13.05,D,0,Badulla
7.3194875,81.132525,319.2,1.35,1.1625,1/07/2015,2015-07,July,650.125,Terra,MODIS,55,6.03,299.725,12.5625,D,0,Badulla
7.191583333,81.0958,321.5,1.116666667,1.05,1/08/2015,2015-08,August,940.8333333,Aqua,MODIS,62,6.03,298.6,13.83333333,N,0,Badulla
7.172694444,81.11798889,321.7944444,1.361111111,1.138888889,1/09/2015,2015-09,September,764.4444444,Terra,MODIS,59,6.03,295.6833333,15.71111111,D,0,Badulla
6.92035,81.0751,315.75,1.7,1.3,1/03/2016,2016-03,March,747,Aqua,MODIS,64.5,6.03,297.55,18.4,D,0,Badulla
7.184333333,81.205,314.2666667,1.066666667,1,1/05/2016,2016-05,May,1073,Aqua,MODIS,48,6.03,292.4666667,8.766666667,D,0,Badulla
7.08434,81.15804,317.9266667,1.146666667,1.046666667,1/06/2016,2016-06,June,714.7333333,Terra,MODIS,63.93333333,6.03,294.8866667,10.82666667,D,0,Badulla
7.151976923,81.11288077,316.3423077,1.180769231,1.069230769,1/07/2016,2016-07,July,892.8846154,Aqua,MODIS,61.73076923,6.03,296.7346154,11.94615385,D,0,Badulla
6.989757143,81.09992143,318.5928571,1.121428571,1.057142857,1/08/2016,2016-08,August,1008.428571,Terra,MODIS,63.28571429,6.03,297.8642857,11.49285714,N,0,Badulla
7.117134091,81.087875,322.4431818,1.602272727,1.204545455,1/09/2016,2016-09,September,947.6363636,Aqua,MODIS,67.02272727,6.03,296.9272727,28.06363636,D,0,Badulla
6.960572727,81.05344545,322.8818182,1.409090909,1.172727273,1/10/2016,2016-10,October,759.1818182,Aqua,MODIS,56.63636364,6.03,303.9454545,15.8,D,0,Badulla
6.84962,81.06074,311.84,1.42,1.18,1/01/2017,2017-01,January,1848.8,Terra,MODIS,76.8,6.03,290.48,21.94,N,0,Badulla
7.207122222,81.21172222,323.2111111,1.033333333,1.022222222,1/06/2017,2017-06,June,678.3333333,Terra,MODIS,68.88888889,6.03,301.4888889,11.58888889,D,0,Badulla
7.2657,81.10851364,320.7454545,1.486363636,1.172727273,1/07/2017,2017-07,July,921.1363636,Aqua,MODIS,65.95454545,6.03,296.5272727,19.10454545,D,0,Badulla
7.3238,81.22823333,323.7333333,1.066666667,1,1/08/2017,2017-08,August,774.3333333,Aqua,MODIS,69.33333333,6.03,300.7333333,12.1,D,0,Badulla
7.128892857,81.09140714,319.9,1.614285714,1.228571429,1/09/2017,2017-09,September,832.3571429,Aqua,MODIS,59,6.03,299.2857143,17.87142857,D,0,Badulla
7.0211,81.19205,314.4,1,1,1/01/2018,2018-01,January,811,Aqua,MODIS,58,6.03,294.95,8.4,D,0,Badulla
7.101,81.1655,309.3,1.3,1.1,1/04/2018,2018-04,April,754,Aqua,MODIS,19,6.03,289.5,8.1,D,0,Badulla
7.095633333,81.1242,310.65,1.333333333,1.133333333,1/06/2018,2018-06,June,1032,Terra,MODIS,57.5,6.03,288.8333333,11.16666667,D,0,Badulla
7.13415,81.142275,315.25,1.325,1.125,1/07/2018,2018-07,July,646,Aqua,MODIS,59.75,6.03,286.625,13.8,D,0,Badulla
7.151046429,81.10696786,315.7071429,1.110714286,1.035714286,1/08/2018,2018-08,August,864,Aqua,MODIS,60.07142857,6.03,289.4285714,10.65,D,0,Badulla
7.208654545,81.14352727,320.4909091,1.263636364,1.090909091,1/09/2018,2018-09,September,1025.636364,Aqua,MODIS,58.72727273,6.03,299.1909091,14.45454545,D,0,Badulla
6.8636,81.1633,312.3,1.1,1,1/01/2019,2019-01,January,759,Aqua,MODIS,40,6.03,299.2,6.2,D,0,Badulla
6.8493,80.9462,314.6,1,1,1/03/2019,2019-03,March,805,Aqua,MODIS,40,6.03,303.2,5.7,D,0,Badulla
7.339833333,81.15116667,321.6666667,1.766666667,1.266666667,1/04/2019,2019-04,April,794.3333333,Aqua,MODIS,61,6.03,301.0666667,21.8,D,0,Badulla
7.0697,81.11445,301.2,2.3,1.5,1/05/2019,2019-05,May,1635,Terra,MODIS,38,6.03,286.55,13,N,0,Badulla
7.17379434,81.18800755,326.1849057,1.128301887,1.054716981,1/06/2019,2019-06,June,782.8113208,Aqua,MODIS,72.30188679,6.03,300.8886792,17.64528302,D,0,Badulla
7.232762963,81.12943704,320.0222222,1.362962963,1.137037037,1/07/2019,2019-07,July,770.8518519,Aqua,MODIS,59.2962963,6.03,297.4259259,13.1962963,D,0,Badulla
7.05633,81.09446,318.49,1.67,1.26,1/08/2019,2019-08,August,903.5,Aqua,MODIS,65.2,6.03,291.71,20.54,D,0,Badulla
7.213459091,81.08890455,329.05,1.181818182,1.068181818,1/09/2019,2019-09,September,710.0909091,Aqua,MODIS,65.5,6.03,303.6772727,19.20454545,D,0,Badulla
6.611,81.0033,317.7,1,1,1/01/2020,2020-01,January,811,Aqua,MODIS,53,6.03,304.8,6.1,D,0,Badulla
6.7434,81.0392,302.7,1.2,1.1,1/02/2020,2020-02,February,1712,Terra,MODIS,51,6.03,291,6.4,N,0,Badulla
6.942466667,81.00856667,311.1333333,1.666666667,1.233333333,1/03/2020,2020-03,March,1200,Aqua,MODIS,29.66666667,6.03,294.1333333,16.8,D,0,Badulla
7.3862,81.2079,318.5,1.3,1.1,1/04/2020,2020-04,April,753,Aqua,MODIS,54,6.03,297.95,12.75,D,0,Badulla
7.23055,81.23355,322.05,1.025,1,1/05/2020,2020-05,May,798,Aqua,MODIS,65.5,6.03,300.025,11.525,D,0,Badulla
6.79845,81.0449,315.55,1.35,1.15,1/06/2020,2020-06,June,820,Aqua,MODIS,53.5,6.03,297.85,10.5,D,0,Badulla
7.2839,80.9529,307.9,1.4,1.2,1/07/2020,2020-07,July,753,Aqua,MODIS,45,6.03,285.4,7.1,D,0,Badulla
7.340055556,81.15603333,327.0888889,1.033333333,1.011111111,1/08/2020,2020-08,August,933.8888889,Aqua,MODIS,73.77777778,6.03,304.3222222,14.95555556,D,0,Badulla
7.22825,81.12815,315.75,2.15,1.35,1/09/2020,2020-09,September,744,Aqua,MODIS,47.5,6.03,291.5,20.6,D,0,Badulla
6.99599,81.03445,318.99,1.3,1.12,1/10/2020,2020-10,October,1058.7,Terra,MODIS,65.2,6.03,298.45,14.2,D,0,Badulla
7.0487,81.1372,306.8,1.7,1.3,1/11/2020,2020-11,November,529,Terra,MODIS,49,6.03,275.5,15.4,D,0,Badulla
6.8486,81.0598,306.1,1.4,1.2,1/03/2021,2021-03,March,2029,Aqua,MODIS,67,6.03,288.6,11.8,N,0,Badulla
6.9522,81.0824,314.2,1,1,1/04/2021,2021-04,April,811,Aqua,MODIS,40,6.03,300.6,5.3,D,0,Badulla
6.9203,81.0406,312.6,1.1,1,1/05/2021,2021-05,May,515,Terra,MODIS,61,6.03,297.8,6.7,D,0,Badulla
7.218,81.1195,321.85,1,1,1/06/2021,2021-06,June,808,Aqua,MODIS,73,6.03,300.5,10.85,D,0,Badulla
7.340325,81.15285,318.525,1.625,1.25,1/07/2021,2021-07,July,674,Aqua,MODIS,55.75,6.03,301.275,14.375,D,0,Badulla
7.25115,81.15076667,319.9333333,1.35,1.15,1/08/2021,2021-08,August,957,Aqua,MODIS,69.33333333,6.03,296.6333333,14.88333333,D,0,Badulla
7.117391667,81.12381667,324.2333333,1.766666667,1.283333333,1/09/2021,2021-09,September,733.0833333,Aqua,MODIS,65.33333333,6.03,297.3,41.60833333,D,0,Badulla
7.27275,81.18895,318.85,1,1,1/10/2021,2021-10,October,811,Aqua,MODIS,56.5,6.03,291.55,9.85,D,0,Badulla
6.863075,81.0329,314.25,2.55,1.45,1/02/2022,2022-02,February,693.5,Aqua,MODIS,59.25,6.03,296.4,44.95,D,0,Badulla
6.789725,81.120925,322.85,1.2,1.1,1/03/2022,2022-03,March,758,Aqua,MODIS,61.75,6.03,300.2,16.2,D,0,Badulla
7.36605,81.1668,325.75,1.1,1,1/05/2022,2022-05,May,803,Aqua,MODIS,78.5,6.03,301.5,14.35,D,0,Badulla
7.176555556,81.11483333,321.7555556,1.077777778,1.033333333,1/06/2022,2022-06,June,719.4444444,Aqua,MODIS,68.88888889,6.03,298.4444444,13.34444444,D,0,Badulla
7.180352941,81.07503824,316.9205882,1.608823529,1.226470588,1/07/2022,2022-07,July,1012.705882,Aqua,MODIS,63.26470588,6.03,293.7176471,18.92941176,D,0,Badulla
7.054833333,80.9814,331.2,1,1,1/08/2022,2022-08,August,694.6666667,Terra,MODIS,82,6.03,297.2666667,28.76666667,D,0,Badulla
7.077635,81.103825,316.015,1.3,1.12,1/09/2022,2022-09,September,1083.45,Aqua,MODIS,65.2,6.03,292.32,16.63,D,0,Badulla
7.301166667,81.1819,323.6166667,1.033333333,1.016666667,1/10/2022,2022-10,October,694,Terra,MODIS,64.66666667,6.03,300.3666667,11.26666667,D,0,Badulla
7.29455,81.1943,318.0833333,1.083333333,1.033333333,1/06/2023,2023-06,June,753.1666667,Aqua,MODIS,54,61.03,293.2833333,10,D,0,Badulla
7.246911111,81.19473889,318.1222222,1.377777778,1.161111111,1/07/2023,2023-07,July,875.5555556,Aqua,MODIS,65.72222222,61.03,297.6722222,12.29444444,D,0,Badulla
7.1347,81.08874375,315.65,1.48125,1.1875,1/08/2023,2023-08,August,1125.5,Aqua,MODIS,62.6875,61.03,297.95,13.94375,D,0,Badulla
6.70005,81.0342,317.65,1.2,1.1,1/09/2023,2023-09,September,815,Aqua,MODIS,60,61.03,295.4,11,D,0,Badulla
7.3442,81.2517,314.7,1,1,1/10/2023,2023-10,October,826,Aqua,MODIS,63,61.03,297.6,6.4,D,0,Badulla
6.8188,81.1257,313.6,1.1,1.1,1/02/2024,2024-02,February,824,Aqua,MODIS,63,61.03,297,8.5,D,0,Badulla
6.9218,81.1531,311.3,1.7,1.3,1/03/2024,2024-03,March,815,Aqua,MODIS,37,61.03,300.8,10.2,D,0,Badulla
7.39135,81.21995,326.2,1,1,1/06/2024,2024-06,June,840,Aqua,MODIS,62,61.03,301.3,14.65,D,0,Badulla
7.224305556,81.16661667,319.2888889,1.383333333,1.138888889,1/07/2024,2024-07,July,1204.277778,Terra,MODIS,65.33333333,61.03,295.6722222,17.44444444,D,0,Badulla
7.169944444,81.02078889,317.3333333,1.111111111,1.055555556,1/08/2024,2024-08,August,700.7777778,Aqua,MODIS,62.77777778,61.03,294.8888889,9.866666667,D,0,Badulla
7.108617391,81.09834783,318.7913043,1.434782609,1.152173913,1/09/2024,2024-09,September,867.1304348,Aqua,MODIS,58.56521739,61.03,294.4478261,16.93913043,D,0,Badulla
6.819466667,81.04136667,319.9333333,1.166666667,1.033333333,1/02/2025,2025-02,February,889,Aqua,MODIS,67,61.03,298.6,15.26666667,D,0,Badulla
7.383933333,81.1437,321.9333333,1.133333333,1.066666667,1/06/2025,2025-06,June,538.6666667,Aqua,MODIS,74.33333333,61.03,299.7,14.43333333,D,0,Badulla
7.158736842,81.13821579,317.1631579,1.405263158,1.157894737,1/07/2025,2025-07,July,1148,Aqua,MODIS,63.57894737,61.03,296.5,15.21578947,D,0,Badulla
7.138386667,81.05979333,318.9466667,1.153333333,1.06,1/08/2025,2025-08,August,853.7333333,Aqua,MODIS,59.86666667,61.03,298.48,12.19333333,D,0,Badulla
7.060729412,81.11022941,312.2176471,1.341176471,1.147058824,1/09/2025,2025-09,September,1314,Aqua,MODIS,61.82352941,61.03,291.4705882,11.92352941,D,0,Badulla
7.2649,81.1548,322.9,1,1,1/10/2025,2025-10,October,922,Aqua,MODIS,56,61.03,306.6,8.5,D,0,Badulla
7.1529,81.2488,311.3,1.5,1.2,1/11/2025,2025-11,November,914,Aqua,MODIS,34,61.03,293,10.7,D,0,Badulla
7.598066667,81.46921667,319.1166667,1.016666667,1.016666667,1/03/2001,2001-03,March,522,Terra,MODIS,57.83333333,6.03,301.1333333,8.216666667,D,0,Batticaloa
7.701385714,81.4057,325.5857143,1.3,1.128571429,1/07/2001,2001-07,July,501.5714286,Terra,MODIS,59.42857143,6.03,303.6857143,11.8,D,0,Batticaloa
7.7249,81.41625,315.95,1.05,1,1/08/2001,2001-08,August,1110,Terra,MODIS,66.5,6.03,295.25,9.45,D,0,Batticaloa
7.54145,81.4636,331.75,1,1,1/09/2001,2001-09,September,517,Terra,MODIS,75.5,6.03,309.55,13.9,D,0,Batticaloa
7.6483,81.3982,308.4,2.4,1.5,1/02/2002,2002-02,February,537,Terra,MODIS,43,6.03,293.6,13.8,D,0,Batticaloa
7.63508,81.39006,321.82,1.38,1.16,1/04/2002,2002-04,April,521.6,Terra,MODIS,64.8,6.03,299.5,15.5,D,0,Batticaloa
7.696083333,81.40969167,321.8333333,1.35,1.141666667,1/05/2002,2002-05,May,513.5833333,Terra,MODIS,61.66666667,6.03,300.0916667,12.05833333,D,0,Batticaloa
7.651066667,81.37377778,321.8888889,1.566666667,1.222222222,1/06/2002,2002-06,June,512.6666667,Terra,MODIS,67.44444444,6.03,302.7888889,17.25555556,D,0,Batticaloa
7.64928,81.39774,327.256,1.86,1.292,1/07/2002,2002-07,July,642.04,Terra,MODIS,68.04,6.03,297.028,32.464,D,0,Batticaloa
7.59705,81.39371667,327.75,1.85,1.283333333,1/08/2002,2002-08,August,606.6666667,Terra,MODIS,70.16666667,6.03,298.8666667,33.83333333,D,0,Batticaloa
7.738705263,81.47998421,332.3921053,1.147368421,1.063157895,1/09/2002,2002-09,September,609.9210526,Terra,MODIS,65.65789474,6.03,305.7473684,17.26052632,D,0,Batticaloa
8.0529,81.4593,339.7,1,1,1/10/2002,2002-10,October,803,Aqua,MODIS,67,6.03,305.2,24.6,D,0,Batticaloa
7.83565,81.38835,320.5,1,1,1/04/2003,2003-04,April,656.5,Terra,MODIS,62,6.03,300.95,6.6,D,0,Batticaloa
7.7092625,81.4459625,324.5,1.7,1.25,1/05/2003,2003-05,May,680.875,Aqua,MODIS,67.875,6.03,301.5,19.275,D,0,Batticaloa
7.656063636,81.41047273,324.9954545,1.25,1.095454545,1/06/2003,2003-06,June,765.8181818,Aqua,MODIS,56.45454545,6.03,301.2227273,13.49545455,D,0,Batticaloa
7.63286,81.34662,320.06,1.22,1.06,1/07/2003,2003-07,July,739.2,Aqua,MODIS,59,6.03,292.8,11.08,D,0,Batticaloa
7.662575,81.432325,325.2875,1.1625,1.0625,1/08/2003,2003-08,August,596.25,Terra,MODIS,67.125,6.03,299.2875,14.1,D,0,Batticaloa
7.702825,81.336525,327.825,1.825,1.35,1/09/2003,2003-09,September,520.5,Terra,MODIS,59,6.03,303.475,30.025,D,0,Batticaloa
7.6348,81.347,314.8,2.1,1.4,1/03/2004,2004-03,March,738,Aqua,MODIS,62,6.03,301.4,17.4,D,0,Batticaloa
7.63684,81.39400667,321.4666667,1.326666667,1.126666667,1/04/2004,2004-04,April,625.2666667,Terra,MODIS,60,6.03,295.4066667,13.26666667,D,0,Batticaloa
7.631614286,81.42254286,318.7285714,2.142857143,1.385714286,1/05/2004,2004-05,May,679.8571429,Aqua,MODIS,49.57142857,6.03,293.8428571,20.07142857,D,0,Batticaloa
7.704289189,81.41522162,328.6756757,1.454054054,1.159459459,1/06/2004,2004-06,June,671.7297297,Aqua,MODIS,71.91891892,6.03,302.4567568,24.22162162,D,0,Batticaloa
7.829075,81.470775,328.65,1.075,1.025,1/07/2004,2004-07,July,557.25,Terra,MODIS,53.25,6.03,301.475,15.875,D,0,Batticaloa
7.767823077,81.51338462,330.8230769,1.323076923,1.092307692,1/08/2004,2004-08,August,671.3076923,Terra,MODIS,57.61538462,6.03,298.6384615,23.36153846,D,0,Batticaloa
7.80575,81.53195,329.95,1.2,1.1,1/09/2004,2004-09,September,663,Aqua,MODIS,70.5,6.03,301.45,18.6,D,0,Batticaloa
7.61795,81.34585,319.6,1,1,1/02/2005,2005-02,February,802,Aqua,MODIS,66.5,6.03,304.7,8.65,D,0,Batticaloa
7.58298,81.39748,327.9,1.16,1.04,1/03/2005,2005-03,March,762.8,Aqua,MODIS,70,6.03,301.94,19.06,D,0,Batticaloa
7.6801,81.49153333,316.4,2.033333333,1.333333333,1/04/2005,2005-04,April,626,Aqua,MODIS,36,6.03,294.3,21.1,D,0,Batticaloa
7.5621,81.46946667,317.8333333,1.666666667,1.233333333,1/05/2005,2005-05,May,772.6666667,Aqua,MODIS,58,6.03,296.2333333,15.26666667,D,0,Batticaloa
7.6794775,81.37941,327.54,1.1325,1.045,1/06/2005,2005-06,June,790.825,Aqua,MODIS,70.45,6.03,302.48,16.56,D,0,Batticaloa
7.705484,81.434724,326.828,1.676,1.208,1/07/2005,2005-07,July,683.44,Terra,MODIS,68.92,6.03,300.212,25.82,D,0,Batticaloa
7.649078947,81.46117368,326.9421053,1.621052632,1.189473684,1/08/2005,2005-08,August,743.4210526,Terra,MODIS,62.05263158,6.03,300.5631579,21.4,D,0,Batticaloa
7.877766667,81.4941,332,1.066666667,1.033333333,1/09/2005,2005-09,September,622.5,Terra,MODIS,71.33333333,6.03,307.5833333,14.9,D,0,Batticaloa
7.5503,81.5617,323.7,1.1,1,1/10/2005,2005-10,October,807,Aqua,MODIS,37,6.03,300.3,8.2,D,0,Batticaloa
7.5671,81.41315,315.4,1.25,1.1,1/02/2006,2006-02,February,750,Aqua,MODIS,61.5,6.03,301.05,8.55,D,0,Batticaloa
7.6577,81.3923,322.1,1.533333333,1.2,1/03/2006,2006-03,March,789.3333333,Aqua,MODIS,65.33333333,6.03,302.8333333,16.56666667,D,0,Batticaloa
7.58165,81.59175,323.15,1.55,1.25,1/04/2006,2006-04,April,671.5,Terra,MODIS,51.5,6.03,301.15,21.95,D,0,Batticaloa
7.797309091,81.4571,323.3545455,1.245454545,1.081818182,1/05/2006,2006-05,May,703.1818182,Terra,MODIS,52,6.03,298.3363636,12.42727273,D,0,Batticaloa
7.657719231,81.409,328.1307692,1.280769231,1.111538462,1/06/2006,2006-06,June,732,Terra,MODIS,68.46153846,6.03,300.0115385,25.88846154,D,0,Batticaloa
7.651508333,81.380325,322.8166667,1.583333333,1.204166667,1/07/2006,2006-07,July,761.8333333,Aqua,MODIS,70.20833333,6.03,295.9916667,19.20416667,D,0,Batticaloa
7.738783333,81.38790833,321.8583333,1.65,1.208333333,1/08/2006,2006-08,August,786.9166667,Terra,MODIS,50.41666667,6.03,294.0666667,17.21666667,D,0,Batticaloa
7.5663,81.7313,315.5,2.5,1.5,1/10/2006,2006-10,October,534,Terra,MODIS,0,6.03,292.4,29,D,0,Batticaloa
7.5553,81.542075,321.65,1.55,1.2,1/03/2007,2007-03,March,731,Aqua,MODIS,49,6.03,304.825,16.725,D,0,Batticaloa
7.538433333,81.53666667,322.9666667,1.1,1.066666667,1/04/2007,2007-04,April,493.6666667,Terra,MODIS,62.66666667,6.03,301.6,11.96666667,D,0,Batticaloa
7.769766667,81.44206667,322.7333333,1.233333333,1.077777778,1/05/2007,2007-05,May,732.5555556,Aqua,MODIS,59.55555556,6.03,304.4666667,9.888888889,D,0,Batticaloa
7.607615,81.428505,319.415,1.245,1.085,1/06/2007,2007-06,June,1008.7,Terra,MODIS,60.55,6.03,297.93,13.32,D,0,Batticaloa
7.729472414,81.38796207,323.0724138,1.420689655,1.148275862,1/07/2007,2007-07,July,656.4137931,Aqua,MODIS,58.72413793,6.03,296.2758621,15.7137931,D,0,Batticaloa
7.680936842,81.37865263,329.0789474,1.510526316,1.178947368,1/08/2007,2007-08,August,762.2105263,Terra,MODIS,72.21052632,6.03,294.4842105,37.51578947,N,0,Batticaloa
7.868657143,81.39861429,329.5,1.385714286,1.1,1/09/2007,2007-09,September,727.8571429,Aqua,MODIS,69.28571429,6.03,303.5,19.04285714,D,0,Batticaloa
7.66014,81.40162,328.9,1.11,1.04,1/10/2007,2007-10,October,596.3,Terra,MODIS,61.2,6.03,299.66,18.14,D,0,Batticaloa
7.5311,81.4149,329.1,1.1,1,1/12/2007,2007-12,December,758,Aqua,MODIS,78,6.03,300,24.4,D,0,Batticaloa
7.5121,81.405,316.6,1.1,1,1/01/2008,2008-01,January,758,Aqua,MODIS,66,6.03,299.7,7.2,D,0,Batticaloa
7.5313,81.5524,316.7666667,1.033333333,1,1/04/2008,2008-04,April,776.3333333,Aqua,MODIS,44,6.03,291.1333333,6.6,D,0,Batticaloa
7.687441176,81.42655882,321.0823529,1.394117647,1.141176471,1/05/2008,2008-05,May,713.8823529,Aqua,MODIS,60.05882353,6.03,298.7823529,12.94705882,D,0,Batticaloa
7.701066667,81.39251667,321.1666667,1.441666667,1.141666667,1/06/2008,2008-06,June,737.75,Aqua,MODIS,56.83333333,6.03,293.075,18.175,D,0,Batticaloa
7.6991625,81.42848125,326.475,1.36875,1.125,1/07/2008,2008-07,July,757.75,Aqua,MODIS,57.375,6.03,300.725,19.025,D,0,Batticaloa
7.753411765,81.40511765,327.0058824,1.258823529,1.117647059,1/08/2008,2008-08,August,692.7647059,Aqua,MODIS,64.94117647,6.03,302.4470588,18.58823529,D,0,Batticaloa
7.7245,81.417,324.2142857,1.514285714,1.142857143,1/10/2008,2008-10,October,770.8571429,Aqua,MODIS,69,6.03,299.1428571,20,D,0,Batticaloa
7.6328,81.33576667,318.6333333,1.066666667,1,1/11/2008,2008-11,November,811.6666667,Aqua,MODIS,70,6.03,299.1666667,9.5,D,0,Batticaloa
7.6679,81.3626,313.1,2.4,1.5,1/02/2009,2009-02,February,536,Terra,MODIS,51,6.03,299.1,16.1,D,0,Batticaloa
7.65235,81.55741667,323.5833333,1.033333333,1.016666667,1/03/2009,2009-03,March,651.1666667,Terra,MODIS,60.66666667,6.03,306.8,9.066666667,D,0,Batticaloa
7.62225,81.39325,324.35,1.1,1.05,1/04/2009,2009-04,April,661,Aqua,MODIS,66,6.03,304.3,13.65,D,0,Batticaloa
7.6347125,81.3673375,323.03125,1.4625,1.13125,1/05/2009,2009-05,May,825.1875,Aqua,MODIS,61.3125,6.03,290.4625,21.10625,D,0,Batticaloa
7.682689474,81.38190789,325.6263158,1.531578947,1.186842105,1/06/2009,2009-06,June,721.2894737,Aqua,MODIS,65.10526316,6.03,297.0473684,25.31842105,D,0,Batticaloa
7.70066875,81.44818125,325.4,1.28125,1.1,1/07/2009,2009-07,July,686.25,Terra,MODIS,60.8125,6.03,293.11875,17.54375,D,0,Batticaloa
7.729275,81.5085,332.2416667,1.075,1.033333333,1/08/2009,2009-08,August,635.6666667,Terra,MODIS,74.75,6.03,306.7083333,14.975,D,0,Batticaloa
7.662,81.5007,330.5666667,1.1,1.033333333,1/09/2009,2009-09,September,713.6666667,Aqua,MODIS,67.33333333,6.03,304.1666667,13.76666667,D,0,Batticaloa
7.6155,81.3007,320.8,1.6,1.2,1/10/2009,2009-10,October,750,Aqua,MODIS,54,6.03,298.7,17.6,D,0,Batticaloa
7.721866667,81.61096667,326.7333333,1.066666667,1,1/04/2010,2010-04,April,811,Aqua,MODIS,54,6.03,301.5666667,9.1,D,0,Batticaloa
7.7341,81.37611667,325.6166667,1.733333333,1.266666667,1/06/2010,2010-06,June,692.8333333,Aqua,MODIS,68.5,6.03,294.4833333,29.56666667,D,0,Batticaloa
7.743375,81.4296,327.375,1.125,1.025,1/07/2010,2010-07,July,731,Aqua,MODIS,66.25,6.03,300.625,13.175,D,0,Batticaloa
7.660830769,81.47226154,326.3307692,1.469230769,1.184615385,1/08/2010,2010-08,August,633.1538462,Terra,MODIS,62.46153846,6.03,299.0461538,18.30769231,D,0,Batticaloa
7.62185,81.3266,323.25,1.05,1,1/10/2010,2010-10,October,634.5,Terra,MODIS,74,6.03,302.45,10.55,D,0,Batticaloa
7.772,81.53095,319.45,2.2,1.45,1/04/2011,2011-04,April,590.5,Terra,MODIS,47,6.03,297.25,29,D,0,Batticaloa
7.6215,81.3338,319.8,1.3,1.1,1/05/2011,2011-05,May,753,Aqua,MODIS,71,6.03,297.7,13.3,D,0,Batticaloa
7.641084375,81.35131875,325.775,2.003125,1.30625,1/06/2011,2011-06,June,626.875,Terra,MODIS,66.6875,6.03,299.546875,30.965625,D,0,Batticaloa
7.563657143,81.3222,323.8857143,1.328571429,1.142857143,1/07/2011,2011-07,July,803.4285714,Terra,MODIS,62.14285714,6.03,292.1428571,23.42857143,D,0,Batticaloa
7.752966667,81.35253333,327.2666667,1.033333333,1,1/08/2011,2011-08,August,610.3333333,Terra,MODIS,65,6.03,304,12.03333333,D,0,Batticaloa
7.78985,81.48865,325.95,1.15,1.05,1/09/2011,2011-09,September,663.5,Terra,MODIS,74.5,6.03,302.5,11.2,D,0,Batticaloa
7.7626,81.6492,313,3.3,1.7,1/10/2011,2011-10,October,541,Terra,MODIS,0,6.03,288.9,26.3,D,0,Batticaloa
7.623533333,81.44025,324.2666667,1.2,1.083333333,1/05/2012,2012-05,May,705.6666667,Aqua,MODIS,61.83333333,6.03,297.65,12.18333333,D,0,Batticaloa
7.681047619,81.43158095,325.347619,1.271428571,1.095238095,1/06/2012,2012-06,June,776.4761905,Aqua,MODIS,57.9047619,6.03,299.2285714,15.24761905,D,0.095238095,Batticaloa
7.693836842,81.42855263,325.9368421,1.263157895,1.094736842,1/07/2012,2012-07,July,867.7368421,Aqua,MODIS,61.10526316,6.03,300.6578947,16.94736842,D,0,Batticaloa
7.760515,81.533065,326.26,1.39,1.145,1/08/2012,2012-08,August,673.2,Terra,MODIS,58.8,6.03,298.805,17.305,D,0,Batticaloa
7.6772,81.3059,314.9,2.1,1.4,1/09/2012,2012-09,September,740,Aqua,MODIS,47,6.03,285.7,24.6,D,0,Batticaloa
7.7309,81.4104,329.25,1.1,1,1/10/2012,2012-10,October,811,Aqua,MODIS,62.5,6.03,307.45,11.5,D,0,Batticaloa
7.61375,81.38475,316.95,1.15,1.05,1/05/2013,2013-05,May,780,Aqua,MODIS,56,6.03,294.2,7.65,D,0,Batticaloa
7.658822222,81.33907778,320.7666667,1.2,1.055555556,1/06/2013,2013-06,June,912.3333333,Aqua,MODIS,61.33333333,6.03,298.4888889,10.32222222,D,0,Batticaloa
7.600066667,81.50751667,332.2,1.183333333,1.066666667,1/07/2013,2013-07,July,809.3333333,Aqua,MODIS,73.33333333,6.03,305,20.18333333,D,0,Batticaloa
7.730786364,81.45565909,328.75,1.368181818,1.122727273,1/08/2013,2013-08,August,704.5,Terra,MODIS,62.95454545,6.03,299.5818182,21.77272727,D,0.090909091,Batticaloa
7.6552,81.3712,329.2333333,1.166666667,1.066666667,1/09/2013,2013-09,September,715.6666667,Aqua,MODIS,65,6.03,310.1,12.1,D,0,Batticaloa
7.662166667,81.45866667,326.2333333,1.166666667,1.066666667,1/10/2013,2013-10,October,614.6666667,Aqua,MODIS,68.33333333,6.03,296.4333333,13.6,D,0,Batticaloa
7.5156,81.7331,322.4,1.2,1.1,1/11/2013,2013-11,November,517,Terra,MODIS,30,6.03,303.1,13,D,0,Batticaloa
7.6513,81.7475,306,1.5,1.2,1/12/2013,2013-12,December,523,Terra,MODIS,0,6.03,288.6,4.8,D,0,Batticaloa
8.0517,81.4396,326.7,1,1,1/04/2014,2014-04,April,505,Terra,MODIS,55,6.03,299.2,12,D,0,Batticaloa
7.69915,81.369,324.3,1,1,1/05/2014,2014-05,May,806,Aqua,MODIS,76,6.03,300.05,11.85,D,0,Batticaloa
7.572,81.39375,327.2,1.35,1.15,1/06/2014,2014-06,June,818,Aqua,MODIS,78,6.03,301.85,20.4,D,0,Batticaloa
7.701828571,81.41981429,327.0571429,1.514285714,1.207142857,1/07/2014,2014-07,July,671.2857143,Terra,MODIS,64.35714286,6.03,300.3285714,20.05,D,0,Batticaloa
7.775194737,81.48141053,325.4526316,1.178947368,1.078947368,1/08/2014,2014-08,August,784.6315789,Terra,MODIS,64.57894737,6.03,293.8842105,13.4,D,0,Batticaloa
8.0547,81.4617,320.5,1.2,1.1,1/11/2014,2014-11,November,753,Aqua,MODIS,0,6.03,302.6,9.4,D,0,Batticaloa
7.55225,81.2831,316.7,1,1,1/07/2015,2015-07,July,506,Terra,MODIS,67,6.03,283.9,9.95,D,0,Batticaloa
7.770720588,81.48960588,331.8352941,1.570588235,1.194117647,1/08/2015,2015-08,August,704.9705882,Aqua,MODIS,67.88235294,6.03,302.9176471,27.03529412,D,0.058823529,Batticaloa
7.778433333,81.4623,325.2666667,1.266666667,1.1,1/09/2015,2015-09,September,713.3333333,Terra,MODIS,68.33333333,6.03,291.2333333,16,D,0,Batticaloa
7.8114,81.3755,317.3,2.3,1.5,1/10/2015,2015-10,October,536,Terra,MODIS,63,6.03,297,32,D,0,Batticaloa
7.8604,81.3968,317.5,1.8,1.3,1/03/2016,2016-03,March,529,Terra,MODIS,17,6.03,297.2,16.1,D,0,Batticaloa
7.6723,81.6248,317.5,1.9,1.3,1/04/2016,2016-04,April,529,Terra,MODIS,52,6.03,298.2,23.6,D,0,Batticaloa
7.5146,81.7242,318,1.5,1.2,1/05/2016,2016-05,May,524,Terra,MODIS,41,6.03,291.4,10.6,D,0,Batticaloa
7.5991,81.4359,324.6666667,1.033333333,1,1/07/2016,2016-07,July,611.6666667,Terra,MODIS,63.66666667,6.03,302.5333333,8.233333333,D,0,Batticaloa
7.67259,81.52691,328.22,1.09,1.05,1/08/2016,2016-08,August,583.6,Terra,MODIS,74.8,6.03,301.22,15.01,D,0,Batticaloa
7.70295,81.42663333,332.2333333,1,1,1/09/2016,2016-09,September,655,Terra,MODIS,70.66666667,6.03,310.2833333,12.48333333,D,0,Batticaloa
7.56385,81.2874,340.15,1.1,1.05,1/10/2016,2016-10,October,632,Terra,MODIS,85,6.03,307.2,29.6,D,0,Batticaloa
7.7775,81.6269,310.9,2.4,1.5,1/03/2017,2017-03,March,535,Terra,MODIS,0,6.03,293.5,22.1,D,0,Batticaloa
7.5775,81.6465,313.4,4.3,1.9,1/05/2017,2017-05,May,548,Terra,MODIS,22,6.03,290.5,46,D,0,Batticaloa
7.6655,81.6159,322.7,1,1,1/06/2017,2017-06,June,759,Aqua,MODIS,19,6.03,301.7,10.1,D,0,Batticaloa
7.559725,81.372225,329.975,1.275,1.1,1/07/2017,2017-07,July,753,Aqua,MODIS,79,6.03,303.1,19.175,D,0,Batticaloa
7.600733333,81.58333333,326.1333333,1,1,1/08/2017,2017-08,August,593.6666667,Terra,MODIS,75,6.03,300.7,12.3,D,0,Batticaloa
7.6926,81.547,314.9,3.35,1.7,1/10/2017,2017-10,October,494.5,Terra,MODIS,8.5,6.03,294.2,34.75,D,0,Batticaloa
7.755866667,81.56476667,320.8,1.066666667,1.033333333,1/02/2018,2018-02,February,786.3333333,Aqua,MODIS,55.66666667,6.03,302.1666667,9.566666667,D,0,Batticaloa
7.6691,81.6799,313.4,3.5,1.75,1/06/2018,2018-06,June,543,Terra,MODIS,0,6.03,291.6,30.75,D,0,Batticaloa
7.64294,81.58864,322.52,1.26,1.12,1/07/2018,2018-07,July,686.8,Terra,MODIS,60,6.03,297.07,12.18,D,0,Batticaloa
7.726941667,81.43505,324.9916667,1.416666667,1.125,1/08/2018,2018-08,August,670.25,Aqua,MODIS,61.5,6.03,296.85,18.25833333,D,0,Batticaloa
7.721125,81.415725,319.25,1.6,1.2,1/09/2018,2018-09,September,654.75,Aqua,MODIS,50.25,6.03,296.475,16.3,D,0,Batticaloa
7.7103,81.4474,312.4,2.4,1.5,1/10/2018,2018-10,October,441,Terra,MODIS,20,6.03,288,17.6,D,0,Batticaloa
7.57385,81.68285,321.25,1.7,1.25,1/04/2019,2019-04,April,638,Aqua,MODIS,35,6.03,301.7,17.7,D,0,Batticaloa
7.622566667,81.50996667,320.2,2.1,1.4,1/05/2019,2019-05,May,794.3333333,Aqua,MODIS,36.33333333,6.03,298.3,20.03333333,D,0,Batticaloa
7.59064,81.41278,320.08,1.34,1.1,1/06/2019,2019-06,June,624.2,Terra,MODIS,44.2,6.03,291.64,12.62,D,0,Batticaloa
7.668916667,81.5089,324.2166667,1.033333333,1,1/07/2019,2019-07,July,691.6666667,Terra,MODIS,47,6.03,295.2166667,10.51666667,D,0,Batticaloa
7.675455556,81.52242222,330.1666667,1.433333333,1.188888889,1/08/2019,2019-08,August,706.6666667,Aqua,MODIS,68.44444444,6.03,301.2111111,22.78888889,D,0,Batticaloa
8.0064,81.4255,321.5,1.7,1.3,1/02/2020,2020-02,February,824,Aqua,MODIS,49,6.03,299.3,18.9,D,0,Batticaloa
7.80546,81.56398,321.1,1.26,1.1,1/05/2020,2020-05,May,515.8,Terra,MODIS,29,6.03,300.92,12.86,D,0,Batticaloa
7.5324,81.284,326.9,1,1,1/06/2020,2020-06,June,805,Aqua,MODIS,77,6.03,302.9,10.9,D,0,Batticaloa
7.7652,81.5788,312.5,1.4,1.2,1/07/2020,2020-07,July,523,Terra,MODIS,24,6.03,287.6,11,D,0,Batticaloa
7.9127,81.4835,322.7,1.666666667,1.3,1/08/2020,2020-08,August,450,Terra,MODIS,52.66666667,6.03,287.1,25,D,0,Batticaloa
7.806,81.6136,321.7,1.7,1.3,1/03/2021,2021-03,March,824,Aqua,MODIS,47,6.03,303.5,15,D,0,Batticaloa
7.65435,81.58045,324.65,1.35,1.15,1/06/2021,2021-06,June,668.5,Aqua,MODIS,49.5,6.03,302.2,18.85,D,0,Batticaloa
7.7002,81.4176,325.2,1.1,1,1/07/2021,2021-07,July,759,Aqua,MODIS,76,6.03,303.5,9.8,D,0,Batticaloa
7.5862,81.43423333,319.6,1.266666667,1.1,1/08/2021,2021-08,August,712,Aqua,MODIS,62.33333333,6.03,290.9666667,11,D,0,Batticaloa
7.9292,81.3973,333.1,1,1,1/09/2021,2021-09,September,507,Terra,MODIS,82,6.03,303.3,17.1,D,0,Batticaloa
7.75815,81.5983,317.9,1.7,1.25,1/04/2022,2022-04,April,666.5,Terra,MODIS,34,6.03,298.95,17.45,D,1,Batticaloa
7.53485,81.25895,321.65,1.4,1.2,1/05/2022,2022-05,May,823,Aqua,MODIS,55,6.03,295.3,12.75,D,0,Batticaloa
7.5368,81.2645,315,2.3,1.5,1/06/2022,2022-06,June,524,Terra,MODIS,57,6.03,291.4,16.3,D,0,Batticaloa
7.683857143,81.34608571,328.5,1.3,1.142857143,1/07/2022,2022-07,July,720.2857143,Aqua,MODIS,78.14285714,6.03,302.6285714,23.1,D,0,Batticaloa
7.5175,81.7265,315.6,1.7,1.3,1/05/2023,2023-05,May,502,Terra,MODIS,28,61.03,298.3,11.6,D,0,Batticaloa
7.5138,81.7286,315,3.05,1.7,1/06/2023,2023-06,June,682.5,Terra,MODIS,16,61.03,294.75,30.85,D,0,Batticaloa
7.8574,81.3864,318.6,3.5,1.8,1/07/2023,2023-07,July,856,Aqua,MODIS,67,61.03,299.9,38.7,D,0,Batticaloa
7.829557895,81.46865789,324.9263158,1.163157895,1.078947368,1/08/2023,2023-08,August,606.2631579,Terra,MODIS,57.78947368,61.03,294.3210526,20.2,D,0,Batticaloa
7.660433333,81.3552,326.4,1.333333333,1.166666667,1/09/2023,2023-09,September,446,Terra,MODIS,64,61.03,301.8,13.63333333,D,0,Batticaloa
7.65963,81.4935,324.85,1.03,1.02,1/07/2024,2024-07,July,713.9,Aqua,MODIS,66.6,61.03,298.24,11.26,D,0,Batticaloa
7.70308,81.49111,323.49,1.35,1.11,1/08/2024,2024-08,August,760,Aqua,MODIS,59.2,61.03,296.32,18.45,D,0,Batticaloa
7.588,81.4528,320.2,1,1,1/09/2024,2024-09,September,848,Aqua,MODIS,60,61.03,301.9,6.9,D,0,Batticaloa
7.5159,81.6764,320.2,1.2,1.1,1/02/2025,2025-02,February,909,Aqua,MODIS,56,61.03,303.3,8.2,D,0,Batticaloa
7.8351,81.5421,322.3,1,1,1/07/2025,2025-07,July,914.5,Aqua,MODIS,59,61.03,300.65,7.15,D,0,Batticaloa
7.758757143,81.48091429,324.9142857,1.114285714,1.057142857,1/08/2025,2025-08,August,761.5714286,Aqua,MODIS,63.42857143,61.03,304.4142857,11.81428571,D,0,Batticaloa
7.904025,81.4526,322.375,1.425,1.15,1/09/2025,2025-09,September,368,Terra,MODIS,53,61.03,301.2,14.05,D,0,Batticaloa
6.96,79.9575,313.9,1,1,1/10/2002,2002-10,October,809,Aqua,MODIS,52,6.03,297.1,4.6,D,2,Colombo
6.9589,79.9511,315.7,1.3,1.1,1/11/2002,2002-11,November,821,Aqua,MODIS,66,6.03,298.3,9.9,D,2,Colombo
6.9625,79.9567,311.1,1.5,1.2,1/02/2003,2003-02,February,530,Terra,MODIS,46,6.03,291.3,8.8,D,2,Colombo
6.9601,79.9591,316.9,1,1,1/10/2003,2003-10,October,511,Terra,MODIS,65,6.03,297.8,7.2,D,2,Colombo
6.9574,79.954,316.2,1.1,1,1/11/2003,2003-11,November,802,Aqua,MODIS,69,6.03,302.7,7.1,D,2,Colombo
6.9858,79.92753333,316,1.033333333,1,1/02/2004,2004-02,February,1115.666667,Terra,MODIS,66.33333333,6.03,300.1333333,9.133333333,D,1.333333333,Colombo
7.04135,79.87035,320.85,1.1,1,1/01/2005,2005-01,January,802,Aqua,MODIS,42,6.03,302.9,9.85,D,0,Colombo
6.95905,79.95365,313.6,1.1,1,1/12/2005,2005-12,December,801.5,Aqua,MODIS,51.5,6.03,295.95,6.1,D,2,Colombo
6.9624,79.9593,321.8,1,1,1/03/2006,2006-03,March,510,Terra,MODIS,61,6.03,300.4,12.4,D,2,Colombo
7.0409,79.873,315.2,1.6,1.2,1/01/2007,2007-01,January,753,Aqua,MODIS,53,6.03,297.7,10.8,D,0,Colombo
6.9624,79.9567,312.4,1,1,1/08/2007,2007-08,August,517,Terra,MODIS,28,6.03,291.7,7.3,D,2,Colombo
7.0369,79.8742,315.3,1.3,1.1,1/01/2008,2008-01,January,758,Aqua,MODIS,0,6.03,298,7.1,D,0,Colombo
6.9237,79.8789,316.15,1.35,1.15,1/02/2008,2008-02,February,784.5,Aqua,MODIS,21.5,6.03,296.95,10.4,D,1,Colombo
7.0336,79.8915,314.8,1.1,1.1,1/12/2008,2008-12,December,2014,Aqua,MODIS,90,6.03,293.4,14.6,N,0,Colombo
6.9608,79.9591,318.1,1,1,1/03/2009,2009-03,March,518,Terra,MODIS,69,6.03,300.4,8.1,D,2,Colombo
6.9593,79.9561,313,1.1,1,1/10/2009,2009-10,October,808,Aqua,MODIS,40,6.03,297.2,4.2,D,2,Colombo
6.9617,79.9603,315.4,1.1,1.1,1/12/2009,2009-12,December,505,Terra,MODIS,64,6.03,291.1,10,D,2,Colombo
6.9613,79.9568,317,1.1,1.1,1/03/2011,2011-03,March,505,Terra,MODIS,66,6.03,296.6,6.4,D,2,Colombo
7.0167,79.8922,300.1,1,1,1/09/2011,2011-09,September,2022,Aqua,MODIS,18,6.03,288.8,4.9,N,2,Colombo
7.0598,79.8683,326.2,1.6,1.2,1/02/2014,2014-02,February,830,Aqua,MODIS,60,6.03,303.5,23.3,D,0,Colombo
6.9574,79.9548,317,1,1,1/04/2014,2014-04,April,517,Terra,MODIS,65,6.03,298.6,6.9,D,2,Colombo
6.9585,79.9553,321.7,1.1,1,1/02/2015,2015-02,February,818,Aqua,MODIS,56,6.03,298.9,9.7,D,2,Colombo
6.95845,79.958,317.55,1.05,1,1/01/2016,2016-01,January,661.5,Aqua,MODIS,71.5,6.03,299.6,7,D,2,Colombo
6.9646,79.8909,321.1,1.4,1.2,1/02/2018,2018-02,February,529,Terra,MODIS,57,6.03,304.8,10.9,D,2,Colombo
7.0382125,79.87555,315.3875,1.25,1.0625,1/01/2019,2019-01,January,1362.875,Terra,MODIS,63.75,6.03,295.7375,12.5,N,0,Colombo
6.20915,80.3381,317.8,1,1,1/03/2001,2001-03,March,522,Terra,MODIS,63,6.03,303.6,8.05,D,0,Galle
6.284,80.3232,323.6,1,1,1/12/2003,2003-12,December,808,Aqua,MODIS,81,6.03,287.6,18.3,D,0,Galle
6.0636,80.2474,311.9,1.1,1,1/01/2004,2004-01,January,802,Aqua,MODIS,51,6.03,292.8,4.7,D,0,Galle
6.2545,80.1927,315.8,1,1,1/09/2004,2004-09,September,809,Aqua,MODIS,62,6.03,295.2,7.9,D,0,Galle
6.3031,80.3257,315.4,1.65,1.25,1/02/2005,2005-02,February,817,Aqua,MODIS,57,6.03,302.45,11.05,D,0,Galle
6.31605,80.3406,313.55,1.1,1,1/01/2007,2007-01,January,817,Aqua,MODIS,60,6.03,298.55,6.6,D,0,Galle
6.09515,80.38855,323.4,1,1,1/02/2009,2009-02,February,816,Aqua,MODIS,65,6.03,298.8,15.2,D,0,Galle
6.2573,80.4132,301.9,1.1,1,1/09/2011,2011-09,September,2022,Aqua,MODIS,45,6.03,291,4.4,N,0,Galle
6.3366,80.1762,311.8,1.1,1,1/11/2011,2011-11,November,804,Aqua,MODIS,23,6.03,292.4,6.7,D,0,Galle
6.343433333,80.3243,324.3666667,1.1,1,1/01/2012,2012-01,January,817,Aqua,MODIS,77.33333333,6.03,296.4,16.4,D,0,Galle
6.2105,80.0872,320.4,1.1,1,1/03/2012,2012-03,March,817,Aqua,MODIS,66,6.03,301.6,9.2,D,0,Galle
6.2903,80.267,321.25,1.3,1.1,1/05/2012,2012-05,May,785.5,Aqua,MODIS,69.5,6.03,297.95,20.7,D,0,Galle
6.2749,80.45555,318.2,2.1,1.4,1/03/2016,2016-03,March,536,Terra,MODIS,69,6.03,299.85,28.8,D,0,Galle
6.288,80.4365,306.1,1,1,1/10/2016,2016-10,October,1700,Terra,MODIS,64,6.03,293.5,6.4,N,0,Galle
6.3136,80.2857,334,1.1,1,1/02/2017,2017-02,February,817,Aqua,MODIS,84,6.03,301.7,28.7,D,0,Galle
6.2116,80.1056,313.6,3.5,1.8,1/03/2020,2020-03,March,548,Terra,MODIS,40,6.03,294.7,42.5,D,0,Galle
6.0264,80.3063,321.1,1,1,1/04/2020,2020-04,April,811,Aqua,MODIS,49,6.03,303.2,8.7,D,0,Galle
7.1693,79.8833,314.6,1.4,1.2,1/04/2001,2001-04,April,540,Terra,MODIS,0,6.03,297.1,10.9,D,2,Gampaha
7.4933,79.824,316.5,1,1,1/08/2001,2001-08,August,518,Terra,MODIS,60,6.03,298.3,5.6,D,0,Gampaha
7.3901,79.914,323.8,1.4,1.2,1/03/2002,2002-03,March,500,Terra,MODIS,75,6.03,308.5,12.2,D,0,Gampaha
7.054,80.2233,313.9,1.5,1.2,1/02/2003,2003-02,February,750,Aqua,MODIS,59,6.03,301.3,9.5,D,0,Gampaha
7.396,79.90165,310.35,1.1,1.05,1/09/2003,2003-09,September,1230.5,Terra,MODIS,62.5,6.03,294.15,6.3,N,0,Gampaha
7.1703,79.8829,315.4,1.6,1.2,1/10/2003,2003-10,October,750,Aqua,MODIS,38,6.03,298.6,13,D,2,Gampaha
7.5058,79.8614,322,1,1,1/01/2004,2004-01,January,809,Aqua,MODIS,74,6.03,301.6,10.8,D,0,Gampaha
7.414566667,79.941,322.9333333,1.133333333,1.066666667,1/02/2004,2004-02,February,772.3333333,Aqua,MODIS,69.66666667,6.03,304.6333333,11.93333333,D,0,Gampaha
7.4259,79.8908,326.4666667,1.133333333,1.033333333,1/03/2004,2004-03,March,795.6666667,Aqua,MODIS,73.33333333,6.03,302.2666667,10.73333333,D,0,Gampaha
7.5135,79.8019,332.2,1.1,1,1/04/2004,2004-04,April,815,Aqua,MODIS,0,6.03,302,20.6,D,0,Gampaha
7.5132,79.802,309.9,1,1,1/10/2004,2004-10,October,510,Terra,MODIS,0,6.03,291.6,2.9,D,0,Gampaha
7.5095,79.9218,312.6,1,1,1/12/2004,2004-12,December,809,Aqua,MODIS,61,6.03,300.7,5.8,D,0,Gampaha
7.1634,79.9437,319.6,1.233333333,1.133333333,1/03/2005,2005-03,March,590,Terra,MODIS,41,6.03,303.4333333,10.26666667,D,1.333333333,Gampaha
7.1696,79.8817,313.9,2.1,1.4,1/04/2005,2005-04,April,744,Aqua,MODIS,19,6.03,291.3,18.7,D,2,Gampaha
7.1701,79.8783,316,1.6,1.3,1/05/2005,2005-05,May,749,Aqua,MODIS,39,6.03,298,12.7,D,2,Gampaha
7.1099,79.9169,318.7,1.1,1,1/02/2006,2006-02,February,802,Aqua,MODIS,49,6.03,303.5,6.9,D,0,Gampaha
7.1709,79.8888,316.2,1.4,1.2,1/09/2006,2006-09,September,529,Terra,MODIS,48,6.03,295,12.3,D,2,Gampaha
7.1683,79.8884,316.1,1,1,1/10/2006,2006-10,October,516,Terra,MODIS,31,6.03,297.5,6.9,D,2,Gampaha
7.1694,79.8854,316.1,1.1,1.1,1/11/2006,2006-11,November,522,Terra,MODIS,25,6.03,299.7,8,D,2,Gampaha
7.2645,79.8525,314.7,1.1,1,1/01/2007,2007-01,January,817,Aqua,MODIS,50,6.03,302.7,5.9,D,0,Gampaha
7.3433,80.0259,336.35,1.1,1,1/03/2007,2007-03,March,818,Aqua,MODIS,85,6.03,311.4,25.2,D,0,Gampaha
7.1701,79.888,312.1,1.3,1.1,1/11/2007,2007-11,November,758,Aqua,MODIS,36,6.03,295.4,7.2,D,2,Gampaha
7.1127,79.901,321.2,1.1,1,1/02/2008,2008-02,February,817,Aqua,MODIS,64,6.03,305.2,8.2,D,0,Gampaha
7.1731,79.8845,316.3,1.6,1.2,1/04/2008,2008-04,April,753,Aqua,MODIS,45,6.03,297.8,13.9,D,2,Gampaha
7.1693,79.8907,313.8,1.2,1.1,1/06/2008,2008-06,June,524,Terra,MODIS,49,6.03,296.4,8.2,D,2,Gampaha
7.5492,79.8751,313.6,1.3,1.1,1/07/2008,2008-07,July,800,Aqua,MODIS,39,6.03,297.3,7.4,D,0,Gampaha
7.1697,79.8882,315.7,1.4,1.2,1/09/2008,2008-09,September,530,Terra,MODIS,58,6.03,298.2,11.5,D,2,Gampaha
6.966666667,80.2298,315.7333333,1.1,1,1/01/2009,2009-01,January,611,Aqua,MODIS,69.33333333,6.03,299.3666667,7.5,D,0,Gampaha
7.01925,80.10945,318.25,1.05,1,1/02/2009,2009-02,February,667,Terra,MODIS,62.5,6.03,301.15,7.55,D,0,Gampaha
6.952675,80.1571,316.8,1,1,1/03/2009,2009-03,March,516.5,Terra,MODIS,62.75,6.03,300.65,7.25,D,0.5,Gampaha
7.1656,79.8849,313.5,1.6,1.2,1/09/2009,2009-09,September,756,Aqua,MODIS,21,6.03,295.1,13.3,D,2,Gampaha
7.0358,80.10213333,313.6666667,1.2,1.1,1/10/2009,2009-10,October,620,Terra,MODIS,57.66666667,6.03,298.3,7.966666667,D,0.666666667,Gampaha
6.9694,80.2107,316.15,1.25,1.1,1/02/2010,2010-02,February,668,Terra,MODIS,64,6.03,302.8,8.85,D,1,Gampaha
7.03575,80.03655,328.45,1.15,1.05,1/03/2010,2010-03,March,820,Aqua,MODIS,68,6.03,302.3,17.8,D,0,Gampaha
7.1677,79.8892,316.5,1.1,1,1/06/2010,2010-06,June,806,Aqua,MODIS,46,6.03,297.4,6.6,D,2,Gampaha
7.465,79.8456,317.6,1,1,1/09/2010,2010-09,September,511,Terra,MODIS,55,6.03,297.9,5.5,D,0,Gampaha
6.9707,80.2121,314.4,1,1,1/03/2011,2011-03,March,517,Terra,MODIS,62,6.03,298,5.9,D,0,Gampaha
7.349,79.8559,314.7,1.6,1.3,1/08/2011,2011-08,August,753,Aqua,MODIS,55,6.03,294.9,11.3,D,0,Gampaha
7.4674,79.8233,302.7,1,1,1/10/2011,2011-10,October,1705,Terra,MODIS,45,6.03,290.7,3.8,N,0,Gampaha
7.119433333,80.15536667,319.6333333,1.433333333,1.166666667,1/01/2012,2012-01,January,825,Aqua,MODIS,68.33333333,6.03,297.8666667,18.33333333,D,0,Gampaha
7.12775,80.06725,315.8,1.75,1.25,1/02/2012,2012-02,February,676,Terra,MODIS,61.5,6.03,301.1,16.85,D,0,Gampaha
6.9711,80.2102,315.3,1,1,1/03/2012,2012-03,March,517,Terra,MODIS,53,6.03,302.5,6.4,D,0,Gampaha
7.1685,79.8907,319.7,1,1,1/04/2012,2012-04,April,511,Terra,MODIS,37,6.03,302.6,7.3,D,2,Gampaha
7.1713,79.8884,318.5,1,1,1/05/2013,2013-05,May,517,Terra,MODIS,49,6.03,298.4,7.3,D,2,Gampaha
7.1675,79.8927,315.2,1,1,1/07/2013,2013-07,July,517,Terra,MODIS,44,6.03,299.2,6.5,D,2,Gampaha
6.988,80.24375,308.65,2.6,1.5,1/12/2013,2013-12,December,741,Aqua,MODIS,53.5,6.03,291.15,21.3,D,0,Gampaha
7.3246,79.9856,317.8,1.2,1.1,1/01/2014,2014-01,January,800,Aqua,MODIS,59,6.03,300.2,8.9,D,0,Gampaha
7.31565,79.97465,320.2,1.2,1.05,1/02/2014,2014-02,February,815,Aqua,MODIS,68.5,6.03,305,9.05,D,0,Gampaha
7.318066667,79.88856667,319.9333333,1.6,1.2,1/03/2014,2014-03,March,721.6666667,Aqua,MODIS,62.33333333,6.03,299.6666667,13.73333333,D,0,Gampaha
7.1725,79.8846,319,1.1,1,1/10/2014,2014-10,October,805,Aqua,MODIS,31,6.03,299.5,8.4,D,2,Gampaha
7.1079,80.1895,312.5,1,1,1/12/2014,2014-12,December,812,Aqua,MODIS,60,6.03,297.6,5.3,D,0,Gampaha
7.3326,80.0197,312.9,1,1,1/01/2015,2015-01,January,511,Terra,MODIS,60,6.03,299.2,5.1,D,0,Gampaha
7.3465,80.0284,316.5,1,1,1/03/2015,2015-03,March,517,Terra,MODIS,58,6.03,299.3,5.1,D,0,Gampaha
7.169833333,79.88256667,314.8666667,1.833333333,1.333333333,1/04/2015,2015-04,April,679.3333333,Aqua,MODIS,42.66666667,6.03,295.1666667,14.03333333,D,2,Gampaha
7.1672,79.883,317,1.6,1.2,1/05/2015,2015-05,May,754,Aqua,MODIS,47,6.03,300.4,13.8,D,2,Gampaha
6.9662,80.212,312.4,1,1,1/09/2015,2015-09,September,805,Aqua,MODIS,43,6.03,294.4,4.8,D,0,Gampaha
7.06855,80.04875,314.1,1.3,1.15,1/10/2015,2015-10,October,632,Aqua,MODIS,48.5,6.03,295.4,8.95,D,1,Gampaha
6.90195,80.2043,319.7,1,1,1/02/2016,2016-02,February,805,Aqua,MODIS,65,6.03,299.95,8.45,D,0,Gampaha
7.1717,79.8832,318.9,1.4,1.2,1/04/2016,2016-04,April,529,Terra,MODIS,44,6.03,300.6,12.9,D,2,Gampaha
7.3422,79.96835,321.15,1.6,1.2,1/09/2016,2016-09,September,752,Aqua,MODIS,66.5,6.03,297.6,21.75,D,0,Gampaha
7.1715,79.8901,315.9,1.1,1.1,1/11/2016,2016-11,November,523,Terra,MODIS,47,6.03,297,8.1,D,2,Gampaha
7.13965,80.08385,329.25,1.05,1,1/02/2017,2017-02,February,814,Aqua,MODIS,75.5,6.03,305.45,18.3,D,0,Gampaha
7.233766667,80.0542,316.4,1.4,1.133333333,1/03/2017,2017-03,March,721.6666667,Aqua,MODIS,58,6.03,297.5666667,10.33333333,D,0,Gampaha
6.9682,80.21,316.6,1,1,1/05/2017,2017-05,May,517,Terra,MODIS,51,6.03,299.2,7,D,0,Gampaha
7.2196,80.0198,317.3,1.25,1.1,1/03/2018,2018-03,March,671,Terra,MODIS,61,6.03,301.4,8.8,D,0,Gampaha
6.9695,80.2114,316.8,1,1,1/04/2018,2018-04,April,518,Terra,MODIS,68,6.03,301.9,7.7,D,0,Gampaha
7.1706,79.8886,311,1.5,1.2,1/09/2018,2018-09,September,530,Terra,MODIS,39,6.03,284.4,8.6,D,2,Gampaha
7.1683,79.88765,316.6,1.4,1.2,1/10/2018,2018-10,October,638.5,Aqua,MODIS,55,6.03,297.95,12.05,D,2,Gampaha
7.391766667,79.86783333,326.4,1.2,1.066666667,1/03/2019,2019-03,March,809.1666667,Aqua,MODIS,61.33333333,6.03,304.15,13.61666667,D,0,Gampaha
7.0672,80.04455,318,1.55,1.2,1/04/2019,2019-04,April,779.5,Aqua,MODIS,32,6.03,301,14.8,D,1,Gampaha
7.119,79.8793,314.2,1.4,1.2,1/02/2020,2020-02,February,2004,Aqua,MODIS,89,6.03,294,18.9,N,0,Gampaha
7.220675,80.0487,324.925,1.175,1.075,1/03/2020,2020-03,March,573.5,Terra,MODIS,69.5,6.03,304.15,17.125,D,0,Gampaha
6.9685,80.20775,316.5,1.1,1.05,1/04/2020,2020-04,April,520,Terra,MODIS,57.5,6.03,300.55,7.3,D,0,Gampaha
7.1679,79.8858,315.65,1.35,1.15,1/05/2020,2020-05,May,644,Terra,MODIS,24,6.03,294.85,10.7,D,2,Gampaha
7.1726,79.8917,317.3,1.1,1.1,1/10/2020,2020-10,October,523,Terra,MODIS,59,6.03,297.8,8.8,D,2,Gampaha
7.1699,79.8867,315.7,1.1,1.1,1/06/2021,2021-06,June,521,Terra,MODIS,56,6.03,298.6,7.9,D,2,Gampaha
7.0399,79.8923,300.5,1.2,1.1,1/09/2021,2021-09,September,2029,Aqua,MODIS,28,6.03,287.1,5,N,2,Gampaha
7.169266667,79.8869,317.7,1.033333333,1,1/10/2021,2021-10,October,610,Terra,MODIS,47.66666667,6.03,296.9666667,8.333333333,D,2,Gampaha
7.1621,79.8826,316.3,1.3,1.1,1/11/2021,2021-11,November,759,Aqua,MODIS,20,6.03,297.2,8.8,D,2,Gampaha
7.3764,80.0145,320.2,1,1,1/03/2022,2022-03,March,508,Terra,MODIS,66,6.03,302.7,8.1,D,0,Gampaha
7.221466667,79.9205,316.2666667,1.533333333,1.2,1/04/2022,2022-04,April,520,Terra,MODIS,42,6.03,296.3666667,12.96666667,D,1.333333333,Gampaha
7.1683,79.8865,319.5,1.3,1.1,1/05/2022,2022-05,May,800,Aqua,MODIS,41,6.03,300.9,11.4,D,2,Gampaha
6.9678,80.2097,319.2,1,1,1/09/2022,2022-09,September,812,Aqua,MODIS,66,6.03,298.4,9.4,D,0,Gampaha
6.9661,80.2063,317.7,1.2,1.1,1/02/2023,2023-02,February,808,Aqua,MODIS,55,61.03,301.4,10.8,D,0,Gampaha
7.2171,79.911175,318.25,1.5,1.175,1/03/2023,2023-03,March,742.75,Aqua,MODIS,35.75,61.03,300.1,12.75,D,1.5,Gampaha
7.0671,80.0477,310.05,1.4,1.15,1/04/2023,2023-04,April,654,Aqua,MODIS,37,61.03,287.5,6.35,D,1,Gampaha
7.1701,79.8839,319.5,1,1,1/05/2023,2023-05,May,454,Terra,MODIS,50,61.03,300.2,7.5,D,2,Gampaha
7.0871,79.93995,320.8,1,1,1/08/2023,2023-08,August,834,Aqua,MODIS,58,61.03,302.15,7.5,D,0,Gampaha
7.1631,79.88,315.1,1.8,1.3,1/10/2023,2023-10,October,811,Aqua,MODIS,41,61.03,295.6,14.4,D,2,Gampaha
7.170033333,79.88653333,314.1666667,1.666666667,1.266666667,1/11/2023,2023-11,November,588.3333333,Terra,MODIS,45,61.03,295.4666667,13.1,D,2,Gampaha
7.1677,79.88765,315.35,1,1,1/11/2024,2024-11,November,426,Terra,MODIS,60.5,61.03,300.35,6.8,D,2,Gampaha
6.2607,81.2855,315.5,1.3,1.1,1/04/2001,2001-04,April,1657,Terra,MODIS,91,6.03,289,18.4,N,0,Hambantota
6.40585,81.3579,325.45,1,1,1/05/2001,2001-05,May,514,Terra,MODIS,66,6.03,305.5,11.75,D,0,Hambantota
6.428733333,80.85373333,335.4666667,1.333333333,1.133333333,1/07/2001,2001-07,July,505,Terra,MODIS,79.83333333,6.03,304.3833333,33.66666667,D,0,Hambantota
6.391090909,80.95415455,321.3909091,1.518181818,1.190909091,1/08/2001,2001-08,August,854.4545455,Terra,MODIS,65.45454545,6.03,297.1818182,21.50909091,D,0,Hambantota
6.4224,80.92246667,323.4666667,1.2,1.133333333,1/09/2001,2001-09,September,1282.666667,Terra,MODIS,87.66666667,6.03,292.3333333,20.13333333,D,0,Hambantota
6.38225,80.8519,322.8,1,1,1/11/2001,2001-11,November,510,Terra,MODIS,73.5,6.03,298.45,13,D,0,Hambantota
6.4205,80.9057,325.2166667,1.833333333,1.283333333,1/03/2002,2002-03,March,488.5,Terra,MODIS,66.33333333,6.03,302.2833333,21.56666667,D,0,Hambantota
6.3861,80.8318,307.3,1.05,1.05,1/06/2002,2002-06,June,1678,Terra,MODIS,54.5,6.03,292.85,6.9,N,0,Hambantota
6.429663636,80.86388182,323.4545455,1.827272727,1.263636364,1/07/2002,2002-07,July,796.4545455,Terra,MODIS,66.45454545,6.03,294.3454545,26.93636364,N,0,Hambantota
6.365307759,81.08858448,333.0017241,1.972413793,1.337931034,1/08/2002,2002-08,August,775.3965517,Aqua,MODIS,72.72413793,6.03,299.7008621,53.49482759,D,0,Hambantota
6.371641379,81.02553448,326.8862069,1.317241379,1.131034483,1/09/2002,2002-09,September,1048.62069,Aqua,MODIS,65.93103448,6.03,298.937931,34.65862069,D,0,Hambantota
6.350225,80.848875,325.3,1.125,1.075,1/10/2002,2002-10,October,812,Aqua,MODIS,70.25,6.03,301.15,12.6,D,0,Hambantota
6.3734,80.9296,321.1,1.2,1.1,1/11/2002,2002-11,November,756,Aqua,MODIS,73,6.03,276.1,19.2,D,0,Hambantota
6.424375,81.070725,315.65,1.1,1.05,1/06/2003,2003-06,June,1092.75,Aqua,MODIS,66.75,6.03,293.725,8.75,D,0,Hambantota
6.436707692,80.96666154,324.7230769,1.192307692,1.107692308,1/07/2003,2003-07,July,689.7692308,Aqua,MODIS,62.46153846,6.03,298.8153846,15.86923077,D,0,Hambantota
6.352675789,81.05718947,326.8526316,1.878947368,1.322105263,1/08/2003,2003-08,August,789.6210526,Aqua,MODIS,64.14736842,6.03,297.2031579,38.90421053,D,0,Hambantota
6.399774,81.04037,331.138,1.382,1.148,1/09/2003,2003-09,September,800.64,Terra,MODIS,70.66,6.03,299.696,29.986,D,0,Hambantota
6.2103,80.9921,322,1.433333333,1.2,1/12/2003,2003-12,December,773.3333333,Aqua,MODIS,69.66666667,6.03,296.9,20.33333333,D,0,Hambantota
6.2665375,81.050325,321.2625,1.55,1.2125,1/01/2004,2004-01,January,651.625,Terra,MODIS,61.25,6.03,299.1,18.025,D,0,Hambantota
6.4387,80.97145,324.575,1.175,1.1,1/02/2004,2004-02,February,800,Aqua,MODIS,74,6.03,302.15,13.825,D,0,Hambantota
6.2619,81.0622,328.8,1,1,1/03/2004,2004-03,March,505,Terra,MODIS,72,6.03,299.6,16.7,D,0,Hambantota
6.44971,80.95374,325.28,1.53,1.23,1/06/2004,2004-06,June,621.6,Aqua,MODIS,75.6,6.03,301.05,25.48,D,0,Hambantota
6.394758824,80.99616471,323.4176471,1.641176471,1.241176471,1/07/2004,2004-07,July,811.7647059,Aqua,MODIS,69.41176471,6.03,296.9058824,21.67647059,N,0,Hambantota
6.368626344,81.04415,329.2709677,1.855376344,1.3,1/08/2004,2004-08,August,800.5322581,Aqua,MODIS,68.98387097,6.03,296.7801075,48.59784946,D,0,Hambantota
6.327316667,81.040875,323.5666667,1.716666667,1.266666667,1/09/2004,2004-09,September,763.8333333,Aqua,MODIS,63.83333333,6.03,295.175,19.93333333,D,0,Hambantota
6.2946,80.9571,324.9,1.2,1.1,1/10/2004,2004-10,October,777,Aqua,MODIS,64,6.03,297.85,18,D,0,Hambantota
6.3702,80.8987,315.3,1.2,1.1,1/01/2005,2005-01,January,458,Terra,MODIS,66,6.03,295.3,8.6,D,0,Hambantota
6.2869,81.11806667,318.3333333,1.166666667,1.1,1/02/2005,2005-02,February,613.6666667,Terra,MODIS,59.33333333,6.03,299.7333333,12.23333333,D,0,Hambantota
6.238133333,81.142,314.7333333,1,1,1/03/2005,2005-03,March,1404,Aqua,MODIS,71,6.03,298.0666667,9.933333333,D,0,Hambantota
6.52125,81.0659,322.35,1,1,1/06/2005,2005-06,June,659,Terra,MODIS,71.5,6.03,305.9,7.65,D,0,Hambantota
6.455875,80.98745625,327.4125,1.25,1.1125,1/07/2005,2005-07,July,702.25,Aqua,MODIS,71.5625,6.03,298.575,23.53125,D,0,Hambantota
6.35560625,81.04353409,336.0880682,1.461363636,1.178977273,1/08/2005,2005-08,August,779.8068182,Terra,MODIS,73.66477273,6.03,300.4869318,48.37102273,D,0,Hambantota
6.323726667,80.96774,321.94,1.626666667,1.226666667,1/09/2005,2005-09,September,777,Terra,MODIS,63.53333333,6.03,297.56,18.80666667,D,0,Hambantota
6.2775,81.00425714,328.4428571,1.157142857,1.071428571,1/10/2005,2005-10,October,675.7142857,Aqua,MODIS,62.85714286,6.03,300.3428571,18.21428571,D,0,Hambantota
6.163,81.09225,318.6,1.05,1.05,1/01/2006,2006-01,January,632.5,Terra,MODIS,68.5,6.03,301.75,11.7,D,0,Hambantota
6.194966667,81.08286667,320.0333333,1.3,1.133333333,1/02/2006,2006-02,February,605.6666667,Terra,MODIS,64.5,6.03,297.4333333,16.2,D,0,Hambantota
6.216425,81.051175,327.075,1.075,1.05,1/03/2006,2006-03,March,587.75,Terra,MODIS,58,6.03,296.65,19.475,D,0,Hambantota
6.20586,81.03086,323.51,1.19,1.09,1/04/2006,2006-04,April,625.7,Aqua,MODIS,63.4,6.03,302.38,13.13,D,0.3,Hambantota
6.173533333,81.07926667,324.2,1.2,1.1,1/05/2006,2006-05,May,691.6666667,Aqua,MODIS,66.33333333,6.03,298.3,13.96666667,D,0,Hambantota
6.287425,81.062205,325.25,1.43,1.17,1/06/2006,2006-06,June,657.15,Terra,MODIS,65.2,6.03,300.81,19.2,D,0,Hambantota
6.311590476,81.03754286,326.9571429,1.152380952,1.076190476,1/07/2006,2006-07,July,674.6190476,Terra,MODIS,73.28571429,6.03,297.8095238,17.62857143,D,0,Hambantota
6.343615,81.0589775,329.09,1.4975,1.1925,1/08/2006,2006-08,August,747.2,Aqua,MODIS,73.7,6.03,301.8825,29.07,D,0,Hambantota
6.3646125,81.1811875,326.325,1.7625,1.2875,1/09/2006,2006-09,September,777,Aqua,MODIS,67.25,6.03,293.7375,42.3125,D,0,Hambantota
6.3071,81.03955294,325.8705882,2.088235294,1.417647059,1/10/2006,2006-10,October,775.6470588,Aqua,MODIS,71.94117647,6.03,300.5411765,41.81764706,D,0,Hambantota
6.1778,81.1209,314.9,1.8,1.3,1/01/2007,2007-01,January,530,Terra,MODIS,58,6.03,300.5,17.2,D,0,Hambantota
6.1738,81.11136667,319.1,1.666666667,1.216666667,1/02/2007,2007-02,February,856.6666667,Terra,MODIS,59.66666667,6.03,299.15,26.35,D,0,Hambantota
6.2184875,81.077425,326.2625,1.6,1.2125,1/03/2007,2007-03,March,894.875,Aqua,MODIS,61.25,6.03,301.25,31.4125,D,0,Hambantota
6.29175,80.98065,319.55,1.35,1.15,1/04/2007,2007-04,April,517.5,Terra,MODIS,67,6.03,295.8,14.05,D,0,Hambantota
6.1653,81.1074,322.25,1.05,1.05,1/05/2007,2007-05,May,785,Aqua,MODIS,37,6.03,301.9,9.8,D,0,Hambantota
6.42656,81.00228,325.2,1.12,1.06,1/07/2007,2007-07,July,740.6,Aqua,MODIS,73.6,6.03,294.5,16.2,D,0,Hambantota
6.371211111,81.06182,327.9555556,1.515555556,1.2,1/08/2007,2007-08,August,793.4888889,Aqua,MODIS,68.48888889,6.03,296.1311111,29.18444444,D,0,Hambantota
6.363236364,81.16754545,325.4727273,1.536363636,1.236363636,1/09/2007,2007-09,September,726.9090909,Aqua,MODIS,67.63636364,6.03,297.2727273,23.08181818,D,0,Hambantota
6.27425,80.940875,319.625,1,1,1/10/2007,2007-10,October,735.25,Terra,MODIS,63,6.03,298.9,8.175,D,0,Hambantota
6.294075,80.991025,325.425,1.075,1.05,1/02/2008,2008-02,February,810.5,Aqua,MODIS,63,6.03,302.75,15.5,D,0,Hambantota
6.4402,80.955,311.4,1.3,1.1,1/03/2008,2008-03,March,523,Terra,MODIS,37,6.03,295.8,6,D,0,Hambantota
6.42165,81.0988,316.05,1,1,1/06/2008,2008-06,June,809,Aqua,MODIS,69,6.03,291.85,6.7,D,0,Hambantota
6.368776923,80.99381154,320.0269231,1.503846154,1.203846154,1/07/2008,2008-07,July,840.5384615,Aqua,MODIS,61.76923077,6.03,295.4076923,21.08846154,D,0,Hambantota
6.353542675,81.05865223,330.1942675,1.486624204,1.203821656,1/08/2008,2008-08,August,778.6815287,Terra,MODIS,68.61146497,6.03,294.1605096,37.03121019,D,0,Hambantota
6.317073529,81.07951471,326.6735294,1.305882353,1.108823529,1/09/2008,2008-09,September,746.3823529,Aqua,MODIS,63.29411765,6.03,302.4176471,16.96764706,D,0,Hambantota
6.140025,80.944775,323.075,1,1,1/10/2008,2008-10,October,807,Aqua,MODIS,69,6.03,299.525,9.05,D,0,Hambantota
6.316371429,80.95492857,320.9,1.285714286,1.142857143,1/02/2009,2009-02,February,799,Aqua,MODIS,60.42857143,6.03,301.8714286,11.85714286,D,0,Hambantota
6.156,81.02653333,319.3666667,1.866666667,1.333333333,1/03/2009,2009-03,March,667.3333333,Aqua,MODIS,39,6.03,301.7666667,16.43333333,D,0,Hambantota
6.50115,81.07595,323.45,1.5,1.2,1/06/2009,2009-06,June,828,Aqua,MODIS,67,6.03,300.35,16.25,D,0,Hambantota
6.39422,81.11275111,338.6288889,1.388888889,1.155555556,1/07/2009,2009-07,July,801.4444444,Aqua,MODIS,74.93333333,6.03,296.4777778,66.87777778,D,0,Hambantota
6.369315476,81.08988214,337.7690476,1.511904762,1.170238095,1/08/2009,2009-08,August,799.5119048,Aqua,MODIS,73.01190476,6.03,296.0666667,62.30357143,D,0,Hambantota
6.354097222,81.05732222,331.3111111,1.166666667,1.069444444,1/09/2009,2009-09,September,786.3055556,Aqua,MODIS,69.69444444,6.03,303.9888889,21.12777778,D,0,Hambantota
6.2502125,81.1522125,325.2125,1.15,1.075,1/10/2009,2009-10,October,734,Aqua,MODIS,64.75,6.03,301.3,13.3125,D,0,Hambantota
6.14385,80.8984,316.7,1,1,1/01/2010,2010-01,January,807,Aqua,MODIS,66,6.03,296.9,7.7,D,0,Hambantota
6.289825,80.964,324.35,1.225,1.125,1/02/2010,2010-02,February,779.5,Aqua,MODIS,76,6.03,305.4,14.95,D,0,Hambantota
6.2256,81.13165,325.35,1.15,1.1,1/03/2010,2010-03,March,810,Aqua,MODIS,28,6.03,304.7,12.25,D,0,Hambantota
6.267910526,81.15361053,321.4263158,1.678947368,1.263157895,1/04/2010,2010-04,April,610.8947368,Terra,MODIS,55.47368421,6.03,297.6368421,18.98947368,D,0,Hambantota
6.5249,81.1389,318.7,1,1,1/05/2010,2010-05,May,813,Aqua,MODIS,71,6.03,293.6,10.9,D,0,Hambantota
6.2183,81.1582,316,1.2,1.1,1/06/2010,2010-06,June,818,Aqua,MODIS,65,6.03,286.3,12.1,D,0,Hambantota
6.29310625,81.13175625,323.5375,1.30625,1.11875,1/07/2010,2010-07,July,616.25,Terra,MODIS,67.75,6.03,300.50625,15.825,D,0,Hambantota
6.354040278,81.07982778,325.5777778,1.583333333,1.223611111,1/08/2010,2010-08,August,796,Aqua,MODIS,68.36111111,6.03,294.0305556,32.93611111,D,0,Hambantota
6.365122727,81.05602273,324.5113636,2.036363636,1.363636364,1/09/2010,2010-09,September,765.4318182,Aqua,MODIS,66.18181818,6.03,295.4272727,36.96590909,D,0,Hambantota
6.289166667,80.9883,312.3666667,1.166666667,1.066666667,1/10/2010,2010-10,October,1057,Aqua,MODIS,61,6.03,295.5666667,7.5,D,0,Hambantota
6.153925,80.999975,316.525,1.2,1.1,1/03/2011,2011-03,March,948.25,Terra,MODIS,48,6.03,299.875,10.35,D,0,Hambantota
6.2864,81.1292,315.3,1.4,1.2,1/04/2011,2011-04,April,523,Terra,MODIS,49,6.03,297.6,10.8,D,0,Hambantota
6.33425,81.201,320.25,1.1,1.05,1/05/2011,2011-05,May,814,Aqua,MODIS,67.5,6.03,300.1,9.55,D,0,Hambantota
6.396733333,80.95203333,321.9666667,1.3,1.166666667,1/06/2011,2011-06,June,773.6666667,Aqua,MODIS,71.33333333,6.03,301.6333333,13.56666667,D,0,Hambantota
6.341318182,81.13325455,320.0545455,1.290909091,1.136363636,1/07/2011,2011-07,July,772.8181818,Aqua,MODIS,60.81818182,6.03,291.1636364,14.38181818,D,0,Hambantota
6.374334118,81.06394235,330.5305882,1.857647059,1.303529412,1/08/2011,2011-08,August,758.0705882,Terra,MODIS,71.2,6.03,296.56,53.18352941,D,0,Hambantota
6.370713889,81.11266667,325.6333333,1.602777778,1.225,1/09/2011,2011-09,September,765.1388889,Aqua,MODIS,64.63888889,6.03,299.7527778,23.93888889,D,0,Hambantota
6.1771,80.98382222,319.2,1.144444444,1.066666667,1/10/2011,2011-10,October,734.7777778,Terra,MODIS,51,6.03,290.6222222,9.777777778,D,0,Hambantota
6.240666667,80.96193333,316.9833333,1.016666667,1.016666667,1/02/2012,2012-02,February,699.3333333,Terra,MODIS,64.66666667,6.03,295.6333333,8.766666667,D,0,Hambantota
6.266,81.07528889,319.8666667,1.177777778,1.066666667,1/03/2012,2012-03,March,629.4444444,Terra,MODIS,51.77777778,6.03,299.9444444,10.06666667,D,0,Hambantota
6.2279,81.2689,316.3,1.1,1.05,1/04/2012,2012-04,April,661.5,Aqua,MODIS,40,6.03,288.65,7.85,D,0,Hambantota
6.363126,81.069144,330.514,1.756,1.296,1/07/2012,2012-07,July,764.44,Aqua,MODIS,70.98,6.03,302.246,48.148,D,0,Hambantota
6.378571324,81.06988529,334.0419118,1.394117647,1.138970588,1/08/2012,2012-08,August,790.3235294,Aqua,MODIS,70.625,6.03,299.0580882,39.56176471,D,0,Hambantota
6.412261905,81.06832381,329.8809524,2.133333333,1.357142857,1/09/2012,2012-09,September,820.5714286,Aqua,MODIS,72.33333333,6.03,295.7714286,45.6,D,0,Hambantota
6.378016667,81.04153333,326.4,2.033333333,1.333333333,1/10/2012,2012-10,October,727,Aqua,MODIS,66.33333333,6.03,301.5166667,31.95,D,0,Hambantota
6.4508,81.0658,320.9,1,1,1/02/2013,2013-02,February,811,Aqua,MODIS,62,6.03,300.5,11.8,D,0,Hambantota
6.22218,81.18784,323.66,1.24,1.1,1/04/2013,2013-04,April,816.8,Aqua,MODIS,37.6,6.03,301.74,11.68,D,0,Hambantota
6.23605,81.1313,318.05,1,1,1/06/2013,2013-06,June,811,Aqua,MODIS,64,6.03,298.45,8.4,D,0,Hambantota
6.308157143,81.08077143,321.0285714,1.057142857,1.028571429,1/07/2013,2013-07,July,809.2857143,Aqua,MODIS,56.28571429,6.03,299.3285714,10.67142857,D,0,Hambantota
6.362593617,81.08167021,326.4670213,1.65212766,1.241489362,1/08/2013,2013-08,August,786.4255319,Aqua,MODIS,68.22340426,6.03,295.5414894,30.63191489,D,0,Hambantota
6.389783333,81.09652778,325.6444444,1.605555556,1.222222222,1/09/2013,2013-09,September,776.4444444,Aqua,MODIS,69.72222222,6.03,300.4222222,26.82777778,D,0,Hambantota
6.354116667,81.151025,324.2833333,1.466666667,1.175,1/10/2013,2013-10,October,860.6666667,Aqua,MODIS,53.33333333,6.03,303.7416667,18.10833333,D,0,Hambantota
6.299,80.9162,316.35,2.05,1.4,1/02/2014,2014-02,February,785.5,Aqua,MODIS,65.5,6.03,300.95,18.55,D,0,Hambantota
6.3574,81.09812,325.38,1.24,1.1,1/03/2014,2014-03,March,752.8,Aqua,MODIS,43.2,6.03,300.54,17.06,D,0,Hambantota
6.2289,81.2106,319.35,1.45,1.2,1/04/2014,2014-04,April,674,Terra,MODIS,72.5,6.03,292.3,12.15,D,0,Hambantota
6.2803,81.0293,322.325,1.15,1.1,1/06/2014,2014-06,June,653,Terra,MODIS,66.75,6.03,299.625,12.475,D,0,Hambantota
6.324317857,81.095675,335.7142857,1.228571429,1.103571429,1/07/2014,2014-07,July,920.7857143,Terra,MODIS,77.03571429,6.03,304.225,59.49642857,D,0,Hambantota
6.381409524,81.11690833,330.3238095,1.792857143,1.280952381,1/08/2014,2014-08,August,776.9880952,Aqua,MODIS,66.04761905,6.03,290.1214286,49.83571429,D,0,Hambantota
6.37992,81.01356,327.16,1.24,1.1,1/09/2014,2014-09,September,560.8,Terra,MODIS,73.2,6.03,301.28,16.68,D,0,Hambantota
6.2299,80.9663,317.9,1,1,1/11/2014,2014-11,November,811,Aqua,MODIS,57,6.03,297.3,8.2,D,0,Hambantota
6.1414,81.0754,316.4,1.2,1.1,1/01/2015,2015-01,January,459,Terra,MODIS,29,6.03,300.8,7.6,D,0,Hambantota
6.2412,80.9648,315.5,1.8,1.3,1/03/2015,2015-03,March,530,Terra,MODIS,54,6.03,298.9,12.7,D,0,Hambantota
6.2242,80.9618,321.2,1.4,1.2,1/04/2015,2015-04,April,753,Aqua,MODIS,56,6.03,300.1,15.4,D,0,Hambantota
6.2441,80.9733,317,1,1,1/06/2015,2015-06,June,812,Aqua,MODIS,61,6.03,293,6.9,D,0,Hambantota
6.374545,81.1381975,340.15,1.53,1.215,1/08/2015,2015-08,August,760.775,Aqua,MODIS,77.95,6.03,293.4025,92.0075,D,0,Hambantota
6.3747,81.09043333,320.55,1.966666667,1.333333333,1/09/2015,2015-09,September,763.8333333,Aqua,MODIS,57.66666667,6.03,291.7,22.41666667,D,0,Hambantota
6.341225,81.213425,319.575,1,1,1/10/2015,2015-10,October,805,Aqua,MODIS,63.5,6.03,298.475,8.375,D,0,Hambantota
6.4696,81.0262,316.5,1.1,1.1,1/01/2016,2016-01,January,518,Terra,MODIS,64,6.03,298.1,9.8,D,0,Hambantota
6.5183,81.00425,324.85,1,1,1/02/2016,2016-02,February,808,Aqua,MODIS,66.5,6.03,302.7,13.4,D,0,Hambantota
6.275316667,81.15510556,325.5555556,1.361111111,1.138888889,1/03/2016,2016-03,March,695.7777778,Aqua,MODIS,62.61111111,6.03,303.6055556,19.83888889,D,0,Hambantota
6.179942857,81.10607143,324.4714286,1.285714286,1.114285714,1/04/2016,2016-04,April,653.7142857,Terra,MODIS,53.57142857,6.03,299.4571429,13.2,D,0,Hambantota
6.4371,80.9515,313.8,1.1,1.1,1/05/2016,2016-05,May,518,Terra,MODIS,27,6.03,295.4,5.8,D,0,Hambantota
6.291333333,80.863,324.7166667,1.166666667,1.1,1/07/2016,2016-07,July,643.8333333,Terra,MODIS,69.83333333,6.03,300.9166667,16.76666667,D,0,Hambantota
6.378639394,81.0903197,337.5833333,1.3,1.132575758,1/08/2016,2016-08,August,772.0606061,Aqua,MODIS,75.66666667,6.03,301.794697,55.35681818,D,0,Hambantota
6.324464706,81.00758824,321.2,1.317647059,1.117647059,1/09/2016,2016-09,September,881.1176471,Aqua,MODIS,63.11764706,6.03,297.8058824,13.10588235,D,0.117647059,Hambantota
6.337194118,80.96243529,340.4411765,1.123529412,1.047058824,1/10/2016,2016-10,October,737.9411765,Terra,MODIS,74.17647059,6.03,306.6823529,76.58235294,D,0,Hambantota
6.23195,81.1986,326.625,1,1,1/11/2016,2016-11,November,736,Terra,MODIS,49.25,6.03,297.65,12.975,D,0,Hambantota
6.2892,81.0698,308.4,1.4,1.2,1/12/2016,2016-12,December,752,Aqua,MODIS,47,6.03,282.5,7.4,D,0,Hambantota
6.3737,80.99415,318.5,1.2,1.1,1/01/2017,2017-01,January,781.5,Aqua,MODIS,67,6.03,303.4,11.05,D,0,Hambantota
6.373575,80.8762,322.425,1.725,1.25,1/02/2017,2017-02,February,660.25,Aqua,MODIS,61.75,6.03,299.625,26.475,D,0,Hambantota
6.27022,81.02336,316.56,1.74,1.28,1/03/2017,2017-03,March,673,Aqua,MODIS,34.8,6.03,296.98,17.66,D,0,Hambantota
6.300166667,80.90658333,316.3166667,2.45,1.466666667,1/04/2017,2017-04,April,900.1666667,Aqua,MODIS,62.5,6.03,299.1666667,25.66666667,D,0,Hambantota
6.42775,81.31275,323.15,1,1,1/06/2017,2017-06,June,811,Aqua,MODIS,72.5,6.03,304.45,9.1,D,0,Hambantota
6.34665,81.08655,322.91,1.64,1.22,1/07/2017,2017-07,July,791,Aqua,MODIS,70.3,6.03,298.72,18.25,D,0,Hambantota
6.331189189,81.11892162,331.3216216,1.416216216,1.178378378,1/08/2017,2017-08,August,814.2432432,Aqua,MODIS,65.48648649,6.03,295.2567568,45.82702703,D,0,Hambantota
6.40936,80.99756,317.44,1.66,1.24,1/09/2017,2017-09,September,1285.4,Aqua,MODIS,59,6.03,295.82,30.26,D,0,Hambantota
6.41531,81.12708,324.79,1.66,1.25,1/10/2017,2017-10,October,742.8,Aqua,MODIS,67.5,6.03,296.88,24.64,D,0,Hambantota
6.1989,80.9584,313.6,2.4,1.5,1/11/2017,2017-11,November,740,Aqua,MODIS,32,6.03,293.2,29.7,D,0,Hambantota
6.2161,81.1439,317.1,1,1,1/05/2018,2018-05,May,811,Aqua,MODIS,63,6.03,291.3,8.2,D,0,Hambantota
6.3932,81.3843,319.5,1.2,1.1,1/06/2018,2018-06,June,818,Aqua,MODIS,68,6.03,298.2,12.2,D,0,Hambantota
6.28956,80.97028,314.26,1.22,1.12,1/07/2018,2018-07,July,1016.6,Terra,MODIS,38.4,6.03,295.44,9.04,D,0,Hambantota
6.363239286,81.0569,332.0303571,1.45,1.171428571,1/08/2018,2018-08,August,769.8928571,Terra,MODIS,70.28571429,6.03,290.9589286,54.34642857,D,0,Hambantota
6.350395,81.02519,326.845,1.23,1.1,1/09/2018,2018-09,September,757.5,Terra,MODIS,60.1,6.03,300.6,17.415,D,0,Hambantota
6.2674,81.0937,315.7,1.1,1.1,1/12/2018,2018-12,December,759,Aqua,MODIS,51,6.03,298,9.3,D,0,Hambantota
6.353125,80.96455,314.525,1.675,1.225,1/01/2019,2019-01,January,670.5,Terra,MODIS,53.25,6.03,299.575,14.775,D,0,Hambantota
6.265075,81.078875,318.85,1.35,1.15,1/02/2019,2019-02,February,727.5,Terra,MODIS,64.25,6.03,299.4,10.525,D,0,Hambantota
6.385216667,81.15581667,324.8,1.2,1.1,1/03/2019,2019-03,March,720.3333333,Aqua,MODIS,69.5,6.03,306.1833333,16.4,D,0,Hambantota
6.147166667,81.00426667,315.8,1,1,1/04/2019,2019-04,April,891.6666667,Terra,MODIS,63.66666667,6.03,294.5,6.933333333,N,0,Hambantota
6.462842857,81.04274286,319.6857143,1.428571429,1.2,1/05/2019,2019-05,May,684.8571429,Aqua,MODIS,69.57142857,6.03,295.7714286,19.08571429,D,0,Hambantota
6.4781,80.9074,322.8,1,1,1/06/2019,2019-06,June,505,Terra,MODIS,76,6.03,284.8,14.9,D,0,Hambantota
6.225166667,80.91653333,317.7,1.166666667,1.1,1/07/2019,2019-07,July,778.3333333,Aqua,MODIS,55,6.03,292.6333333,9.833333333,D,0,Hambantota
6.38772,81.04472,323.14,2.02,1.38,1/08/2019,2019-08,August,773.2,Aqua,MODIS,63.8,6.03,292.7,34.22,D,0,Hambantota
6.4434,81.0111,323.5,1,1,1/09/2019,2019-09,September,811,Aqua,MODIS,60.5,6.03,305.25,8.5,D,0,Hambantota
6.4094,80.8466,331,1.2,1.1,1/10/2019,2019-10,October,817,Aqua,MODIS,84,6.03,294,28,D,0,Hambantota
6.35995,80.76705,312.15,2.5,1.5,1/11/2019,2019-11,November,740,Aqua,MODIS,50,6.03,292.15,24.7,D,0,Hambantota
6.2334,80.8659,319.9,1,1,1/12/2019,2019-12,December,811,Aqua,MODIS,74,6.03,297.1,12.4,D,0,Hambantota
6.44885,80.9828,318.05,1.25,1.15,1/01/2020,2020-01,January,791,Aqua,MODIS,64.5,6.03,302.75,12.6,D,0,Hambantota
6.275146154,81.0387,321.2461538,1.361538462,1.146153846,1/03/2020,2020-03,March,792.1538462,Aqua,MODIS,55.92307692,6.03,300.3923077,15,D,0,Hambantota
6.218116667,80.98473333,328.3333333,1.566666667,1.2,1/04/2020,2020-04,April,746,Terra,MODIS,76.66666667,6.03,301.4,32,D,0,Hambantota
6.416,81.19835,327,1.05,1.05,1/06/2020,2020-06,June,514,Terra,MODIS,77,6.03,298.2,18.6,D,0,Hambantota
6.25876,81.18038,317.84,2.52,1.5,1/07/2020,2020-07,July,773.4,Aqua,MODIS,62.6,6.03,286.66,33.2,D,0,Hambantota
6.426666667,81.10705556,320.8888889,1.333333333,1.122222222,1/08/2020,2020-08,August,675.2222222,Aqua,MODIS,66,6.03,295.3222222,15.96666667,D,0,Hambantota
6.2892875,81.0237375,321.025,1.275,1.1125,1/09/2020,2020-09,September,612.875,Aqua,MODIS,65.125,6.03,290.475,16.25,D,0,Hambantota
6.4106625,81.0587875,328.04375,1.40625,1.1625,1/10/2020,2020-10,October,796.8125,Aqua,MODIS,69.375,6.03,300.275,37.15,D,0,Hambantota
6.465533333,81.17966667,328.2,1.3,1.166666667,1/12/2020,2020-12,December,753,Aqua,MODIS,81,6.03,297.9,33.06666667,D,0,Hambantota
6.1767,81.1229,311.9,1.1,1.1,1/01/2021,2021-01,January,517,Terra,MODIS,39,6.03,295.6,6,D,0,Hambantota
6.428466667,81.09836667,320.5666667,1.4,1.2,1/02/2021,2021-02,February,676,Terra,MODIS,70,6.03,303.7666667,14.76666667,D,0,Hambantota
6.101666667,80.94576667,322.1,1.133333333,1.066666667,1/03/2021,2021-03,March,815,Aqua,MODIS,50.33333333,6.03,299.5333333,10.7,D,0,Hambantota
6.43714,81.1373,322.34,1,1,1/06/2021,2021-06,June,811,Aqua,MODIS,61.4,6.03,303.82,8.72,D,0,Hambantota
6.378257895,81.13534211,333.8631579,1.442105263,1.178947368,1/07/2021,2021-07,July,778.7368421,Aqua,MODIS,76.26315789,6.03,299.5,61.61578947,D,0,Hambantota
6.387504,81.074878,326.35,1.526,1.214,1/08/2021,2021-08,August,797.76,Aqua,MODIS,66.36,6.03,290.116,33.592,D,0,Hambantota
6.390481481,81.03365185,326.0555556,1.7,1.233333333,1/09/2021,2021-09,September,722.2962963,Aqua,MODIS,65.96296296,6.03,298.6925926,26.02222222,D,0,Hambantota
6.4388,80.9094,310.7,3,1.6,1/10/2021,2021-10,October,537,Terra,MODIS,42,6.03,292.4,20.1,D,0,Hambantota
6.2268,81.0841,317.9,1.1,1.1,1/02/2022,2022-02,February,509,Terra,MODIS,66,6.03,299,8.4,D,0,Hambantota
6.4368,81.0292,323.1,1,1,1/03/2022,2022-03,March,811,Aqua,MODIS,66,6.03,303.3,8.4,D,0,Hambantota
6.1447,81.0874,318.55,1.6,1.25,1/04/2022,2022-04,April,637,Aqua,MODIS,57.5,6.03,297.5,14.7,D,0,Hambantota
6.16815,81.0911,315.85,1,1,1/05/2022,2022-05,May,635,Terra,MODIS,30,6.03,297.55,5.75,D,0,Hambantota
6.4488,81.0582,315.5,1,1,1/06/2022,2022-06,June,812,Aqua,MODIS,46,6.03,297.1,4.3,D,0,Hambantota
6.3305,81.309,324.7,1,1,1/07/2022,2022-07,July,808.5,Aqua,MODIS,54,6.03,303.4,10.6,D,0,Hambantota
6.32533,81.0267,319.49,1.35,1.13,1/08/2022,2022-08,August,853.3,Terra,MODIS,62.5,6.03,292.45,15.22,D,0,Hambantota
6.374842308,81.048,327.3538462,1.707692308,1.265384615,1/09/2022,2022-09,September,775.0769231,Aqua,MODIS,63.15384615,6.03,298.4384615,37.71538462,D,0,Hambantota
6.400233333,80.89728333,313.1666667,1.45,1.2,1/10/2022,2022-10,October,960,Terra,MODIS,56.83333333,6.03,292.5166667,13.26666667,N,0,Hambantota
6.2982,81.039,312.1,1.1,1,1/11/2022,2022-11,November,806,Aqua,MODIS,43,6.03,289.4,6.5,D,0,Hambantota
6.27175,81.06585,317.85,1.1,1,1/01/2023,2023-01,January,626.5,Aqua,MODIS,33,61.03,299.35,9.95,D,0,Hambantota
6.513,81.011,319.7,1.1,1,1/02/2023,2023-02,February,810,Aqua,MODIS,71,61.03,304.4,10,D,0,Hambantota
6.1791,81.003,325.7,1,1,1/03/2023,2023-03,March,818,Aqua,MODIS,76,61.03,304.5,11.5,D,0,Hambantota
6.39082,80.99708,319.18,1,1,1/06/2023,2023-06,June,1145,Aqua,MODIS,73.2,61.03,286.06,14.88,D,0,Hambantota
6.402331034,81.12023448,331.6172414,1.503448276,1.193103448,1/07/2023,2023-07,July,792.1724138,Terra,MODIS,77.03448276,61.03,302.1137931,31.74827586,D,0,Hambantota
6.370196429,81.10436071,334.225,1.519642857,1.192857143,1/08/2023,2023-08,August,851.4285714,Aqua,MODIS,75.875,61.03,300.55,51.19107143,D,0,Hambantota
6.3261,81.3452,321.9,1,1,1/09/2023,2023-09,September,825,Aqua,MODIS,74,61.03,299.3,10.6,D,0,Hambantota
6.232466667,81.06896667,317.9666667,1.066666667,1.033333333,1/02/2024,2024-02,February,829.3333333,Aqua,MODIS,22,61.03,301.3333333,8.1,D,0,Hambantota
6.199114286,81.08608571,319.6857143,1.728571429,1.271428571,1/03/2024,2024-03,March,831.7142857,Aqua,MODIS,44.28571429,61.03,301.1857143,16.4,D,0,Hambantota
6.2111,81.0154,320.6,1,1,1/04/2024,2024-04,April,836,Aqua,MODIS,60,61.03,300.2,5.9,D,0,Hambantota
6.4463,81.30195,316.2,1.05,1,1/05/2024,2024-05,May,833.5,Aqua,MODIS,58,61.03,297.35,7.85,D,0,Hambantota
6.3689,80.937,304.8,1,1,1/06/2024,2024-06,June,1617,Terra,MODIS,58,61.03,292.2,4.1,N,0,Hambantota
6.38868,81.19098,323.2,1.62,1.2,1/07/2024,2024-07,July,832.8,Aqua,MODIS,74.8,61.03,299.08,20.94,D,0,Hambantota
6.352475,81.1325,319.575,1.1,1.05,1/08/2024,2024-08,August,734.75,Terra,MODIS,52.25,61.03,297.6,11.125,D,0,Hambantota
6.45044,81.0894,322.78,1.08,1.04,1/09/2024,2024-09,September,848,Aqua,MODIS,58.4,61.03,292.96,16.78,D,0,Hambantota
6.2702,81.204,327.5,1,1,1/03/2025,2025-03,March,907,Aqua,MODIS,80,61.03,298.4,17.5,D,0,Hambantota
6.312285714,81.19242857,321.6857143,1.385714286,1.157142857,1/07/2025,2025-07,July,912.2857143,Aqua,MODIS,62.71428571,61.03,299.3285714,16.24285714,D,0,Hambantota
6.306908,80.99926,323.736,1.212,1.068,1/08/2025,2025-08,August,832.36,Aqua,MODIS,69.76,61.03,292.844,22.276,D,0,Hambantota
6.321246154,81.09736154,317.0769231,1.053846154,1.030769231,1/09/2025,2025-09,September,836.6153846,Aqua,MODIS,62.69230769,61.03,294.7538462,7.861538462,D,0,Hambantota
6.311433333,81.1587,318.3666667,1.133333333,1.066666667,1/10/2025,2025-10,October,554.6666667,Terra,MODIS,70.33333333,61.03,299.4,9.533333333,D,0,Hambantota
9.6173,80.27785,332.9,1.4,1.2,1/08/2001,2001-08,August,505,Terra,MODIS,22,6.03,298.8,36.1,D,0,Jaffna
9.5948,80.1939,311.4,1.4,1.2,1/09/2001,2001-09,September,505,Terra,MODIS,22,6.03,299.4,10.7,D,3,Jaffna
9.6488,80.3084,323.4,1.8,1.3,1/05/2002,2002-05,May,536,Terra,MODIS,48,6.03,297.2,24.6,D,0,Jaffna
9.654166667,80.21883333,322.1,1.466666667,1.166666667,1/06/2002,2002-06,June,490.3333333,Terra,MODIS,28.33333333,6.03,295.5666667,15.4,D,0,Jaffna
9.71985,80.1886,327.7,1.45,1.2,1/08/2002,2002-08,August,676,Terra,MODIS,73.5,6.03,299.7,21.15,D,0,Jaffna
9.6535,80.124,317.15,3,1.7,1/10/2002,2002-10,October,548,Terra,MODIS,0,6.03,292.65,46.05,D,0,Jaffna
9.6556,80.1209,325,1.2,1.1,1/07/2003,2003-07,July,815,Aqua,MODIS,61,6.03,301.6,9.5,D,0,Jaffna
9.3695,80.0758,318.2,1.8,1.3,1/03/2004,2004-03,March,827,Aqua,MODIS,26,6.03,301.4,18,D,0,Jaffna
9.5202,80.2138,317.8,2.4,1.5,1/10/2004,2004-10,October,540,Terra,MODIS,36,6.03,296.8,40.7,D,0,Jaffna
9.3709,80.07075,314,2.45,1.5,1/07/2005,2005-07,July,737.5,Aqua,MODIS,0,6.03,295.9,23.5,D,0,Jaffna
9.5133,80.1851,324.6,1.3,1.15,1/08/2005,2005-08,August,782,Aqua,MODIS,52.5,6.03,303.9,13.95,D,0,Jaffna
9.6495,80.26175,329.2,1,1,1/09/2005,2005-09,September,661.5,Aqua,MODIS,65.5,6.03,302.1,11.3,D,0,Jaffna
9.5364,80.1895,312.4,1,1,1/03/2006,2006-03,March,516,Terra,MODIS,20,6.03,294,8.3,D,0,Jaffna
9.526733333,80.19513333,315.2666667,3.1,1.7,1/05/2006,2006-05,May,546,Terra,MODIS,0,6.03,295.2333333,35.1,D,0,Jaffna
9.7949,80.0705,309.8,1,1,1/07/2006,2006-07,July,1700,Terra,MODIS,68,6.03,295.1,6.2,N,0,Jaffna
9.494025,80.15275,317.7,1.55,1.225,1/08/2006,2006-08,August,713.25,Aqua,MODIS,29.75,6.03,295.625,13.675,D,0.75,Jaffna
9.649,80.3075,323.1,1.8,1.3,1/06/2007,2007-06,June,747,Aqua,MODIS,57,6.03,292.4,19.9,D,0,Jaffna
9.51685,80.18855,333.9,1.4,1.2,1/08/2007,2007-08,August,753,Aqua,MODIS,40.5,6.03,298.3,29.45,D,0,Jaffna
9.3705,80.0718,315.4,2.15,1.4,1/09/2007,2007-09,September,744,Aqua,MODIS,19.5,6.03,296.05,20.4,D,0,Jaffna
9.5263,80.18155,323.25,1.65,1.25,1/06/2008,2008-06,June,603,Terra,MODIS,60,6.03,295.5,23.25,D,0,Jaffna
9.3695,80.0781,317.3,1.4,1.2,1/07/2008,2008-07,July,754,Aqua,MODIS,39,6.03,298.5,12.4,D,0,Jaffna
9.5533,80.09413333,323.2666667,1.633333333,1.266666667,1/08/2008,2008-08,August,599.6666667,Aqua,MODIS,16,6.03,295.4333333,23.73333333,D,0,Jaffna
9.545633333,80.12796667,322.2666667,1.4,1.166666667,1/09/2008,2008-09,September,699,Aqua,MODIS,28,6.03,303.3,13.56666667,D,0.666666667,Jaffna
9.719,80.18975,326.65,2.2,1.4,1/10/2008,2008-10,October,778.5,Aqua,MODIS,68,6.03,303.75,35.35,D,0,Jaffna
9.7728,80.2657,326.8,1,1,1/06/2009,2009-06,June,816,Aqua,MODIS,70,6.03,295.6,11.7,D,0,Jaffna
9.51285,80.2051,329.65,1.2,1.1,1/08/2009,2009-08,August,821.5,Aqua,MODIS,74,6.03,300.65,15.9,D,0,Jaffna
9.6491,80.1271,316.8,3.4,1.7,1/09/2009,2009-09,September,440,Terra,MODIS,0,6.03,292.8,36.1,D,0,Jaffna
9.50285,80.18335,319.85,2.05,1.4,1/03/2010,2010-03,March,787.5,Aqua,MODIS,31,6.03,299.95,22,D,0,Jaffna
9.50775,80.1167,319.7,2.1,1.4,1/04/2010,2010-04,April,525.5,Terra,MODIS,15,6.03,293.35,26.75,D,0,Jaffna
9.36765,80.0732,312.4,1.45,1.2,1/07/2010,2010-07,July,789.5,Aqua,MODIS,18.5,6.03,289.3,8.95,D,0,Jaffna
9.5944,80.0682,312.7,1.7,1.3,1/08/2010,2010-08,August,534,Terra,MODIS,35,6.03,296.7,13.2,D,3,Jaffna
9.62795,80.15805,324.25,1.1,1.1,1/04/2011,2011-04,April,818,Aqua,MODIS,17,6.03,299.9,13,D,0,Jaffna
9.6327,80.1516,323.2,1,1,1/07/2011,2011-07,July,805,Aqua,MODIS,0,6.03,303.4,9.7,D,0,Jaffna
9.50275,80.117,319.5,1.85,1.35,1/04/2012,2012-04,April,683,Aqua,MODIS,12.5,6.03,298.85,23.05,D,0,Jaffna
9.3676,80.0739,319,1.4,1.2,1/05/2012,2012-05,May,825,Aqua,MODIS,29,6.03,300.9,12.2,D,0,Jaffna
9.3729,80.0624,316.7,1.4,1.2,1/08/2012,2012-08,August,753,Aqua,MODIS,0,6.03,294.6,11.7,D,0,Jaffna
9.3708,80.0741,312.9,2.5,1.5,1/09/2012,2012-09,September,741,Aqua,MODIS,0,6.03,291.5,23.9,D,0,Jaffna
9.6683,80.2648,321.3,1,1,1/04/2013,2013-04,April,517,Terra,MODIS,74,6.03,302.5,9.3,D,0,Jaffna
9.6304,80.2145,326.5,2.5,1.45,1/04/2014,2014-04,April,680,Aqua,MODIS,40,6.03,301.85,44.15,D,0,Jaffna
9.6473,80.1305,313.9,3.4,1.7,1/08/2014,2014-08,August,440,Terra,MODIS,0,6.03,288.9,25,D,0,Jaffna
9.5935,80.072,316.7,1.1,1.1,1/04/2015,2015-04,April,819,Aqua,MODIS,66,6.03,303.8,10.3,D,3,Jaffna
9.6471,80.29735,328.3,1.7,1.3,1/07/2015,2015-07,July,623.5,Terra,MODIS,75.5,6.03,294.65,31,D,0,Jaffna
9.61565,80.113,312.95,2.65,1.55,1/09/2015,2015-09,September,446.5,Terra,MODIS,2.5,6.03,292.55,22.45,D,1.5,Jaffna
9.6365,80.1574,317.3,2.3,1.5,1/10/2015,2015-10,October,541,Terra,MODIS,0,6.03,295.8,25.7,D,0,Jaffna
9.7964,80.09865,317.4,1,1,1/02/2016,2016-02,February,661.5,Terra,MODIS,54,6.03,302.5,6.5,D,0,Jaffna
9.782,80.0934,328.9,1,1,1/03/2016,2016-03,March,813,Aqua,MODIS,67,6.03,310.6,9.8,D,0,Jaffna
9.808,80.0145,312.7,1.3,1.1,1/04/2016,2016-04,April,529,Terra,MODIS,37,6.03,292,9.3,D,0,Jaffna
9.8017,80.0974,322.7,1.4,1.2,1/05/2016,2016-05,May,529,Terra,MODIS,38,6.03,300.1,15.2,D,0,Jaffna
9.7967,80.0456,316.4,1.2,1.1,1/06/2016,2016-06,June,800,Aqua,MODIS,60,6.03,300,6.9,D,0,Jaffna
9.4793,80.06835,312.3,1.6,1.25,1/08/2016,2016-08,August,827,Aqua,MODIS,32.5,6.03,294.5,10.5,D,1.5,Jaffna
9.6428,80.2408,323.8,1,1,1/03/2017,2017-03,March,510,Terra,MODIS,56,6.03,308.3,7.6,D,0,Jaffna
9.3706,80.0724,316.6,1.4,1.2,1/04/2017,2017-04,April,824,Aqua,MODIS,21,6.03,299.8,9.8,D,0,Jaffna
9.5304,80.133175,317.825,2.125,1.375,1/05/2017,2017-05,May,632,Terra,MODIS,6.75,6.03,297.575,21.8,D,0,Jaffna
9.7959,80.2555,325.3,1,1,1/06/2017,2017-06,June,806,Aqua,MODIS,0,6.03,302,8.1,D,0,Jaffna
9.6477,80.1256,314.2,1.8,1.3,1/10/2017,2017-10,October,830,Aqua,MODIS,0,6.03,290,13.9,D,0,Jaffna
9.6904,80.2691,315.3,1.2,1.1,1/01/2018,2018-01,January,818,Aqua,MODIS,30,6.03,298.4,6.5,D,0,Jaffna
9.3711,80.0731,318.3,1.8,1.3,1/07/2018,2018-07,July,831,Aqua,MODIS,0,6.03,298.3,18,D,0,Jaffna
9.3741,80.0677,317.6,1.9,1.3,1/09/2018,2018-09,September,747,Aqua,MODIS,0,6.03,297.9,18.9,D,0,Jaffna
9.6653,80.2783,321.3,1,1,1/10/2018,2018-10,October,517,Terra,MODIS,74,6.03,295.9,11.8,D,0,Jaffna
9.61095,79.98665,312.75,4.45,1.95,1/04/2019,2019-04,April,576.5,Terra,MODIS,16.5,6.03,295.1,56.05,D,1.5,Jaffna
9.641166667,80.2168,327,1.166666667,1.1,1/05/2019,2019-05,May,792.6666667,Aqua,MODIS,65,6.03,304.4,17.73333333,D,1,Jaffna
9.6188,80.1793,314.6,2.3,1.5,1/10/2019,2019-10,October,541,Terra,MODIS,0,6.03,295.4,25.7,D,0,Jaffna
9.7862,80.2331,318.9,1,1,1/02/2020,2020-02,February,511,Terra,MODIS,52,6.03,304.1,7.6,D,0,Jaffna
9.69095,80.14995,325.45,1.05,1.05,1/04/2020,2020-04,April,815,Aqua,MODIS,67,6.03,309.6,12.5,D,1.5,Jaffna
9.5937,80.0672,311.1,1.7,1.3,1/07/2020,2020-07,July,535,Terra,MODIS,34,6.03,292.6,11.6,D,3,Jaffna
9.6566,80.2961,322.9,1,1,1/09/2020,2020-09,September,806,Aqua,MODIS,76,6.03,298,11,D,0,Jaffna
9.622,80.2765,322.8,1.9,1.4,1/02/2021,2021-02,February,451,Terra,MODIS,51,6.03,301.5,29.6,D,0,Jaffna
9.6365,80.259,319.6,1,1,1/04/2021,2021-04,April,812,Aqua,MODIS,67,6.03,293.7,8.2,D,0,Jaffna
9.731,80.2129,317.4,1.3,1.1,1/05/2021,2021-05,May,526,Terra,MODIS,59,6.03,296.1,11.5,D,0,Jaffna
9.7233,80.2296,322.7,1,1,1/06/2021,2021-06,June,806,Aqua,MODIS,76,6.03,302,9,D,0,Jaffna
9.51125,80.0935,312.7,2.95,1.6,1/07/2021,2021-07,July,589,Terra,MODIS,0,6.03,292.7,21.75,D,0,Jaffna
9.64696,80.21098,323.36,1.64,1.22,1/09/2021,2021-09,September,602.8,Aqua,MODIS,23.8,6.03,294.54,17.9,D,0,Jaffna
9.64,80.2994,321,1,1,1/04/2022,2022-04,April,808,Aqua,MODIS,51,6.03,301.8,7,D,0,Jaffna
9.3727,80.0726,313.4,1.9,1.4,1/08/2022,2022-08,August,751,Aqua,MODIS,0,6.03,295.6,15,D,0,Jaffna
9.4373,80.13955,314.4,2.65,1.55,1/10/2022,2022-10,October,842.5,Aqua,MODIS,15.5,6.03,290.8,25.55,D,0,Jaffna
9.6346,80.2997,305.6,1.4,1.2,1/07/2023,2023-07,July,1651,Terra,MODIS,33,61.03,286.3,8,N,0,Jaffna
9.3938,80.0769,317.4,1.5,1.2,1/08/2023,2023-08,August,505,Terra,MODIS,36,61.03,299.1,13.9,D,0,Jaffna
9.5885,80.1935,312.7,1.3,1.1,1/09/2023,2023-09,September,841,Aqua,MODIS,16,61.03,297.4,8.6,D,3,Jaffna
9.6294,80.2705,336.6,1.1,1,1/02/2024,2024-02,February,829,Aqua,MODIS,83,61.03,305.3,31.2,D,0,Jaffna
9.6747,80.2622,324,1,1,1/03/2024,2024-03,March,832,Aqua,MODIS,77,61.03,305.7,9,D,0,Jaffna
9.5224,80.1738,330,1.1,1,1/04/2024,2024-04,April,847,Aqua,MODIS,0,61.03,303.7,15.6,D,0,Jaffna
9.7462,80.29,321.7,1.1,1,1/08/2024,2024-08,August,434,Terra,MODIS,51,61.03,299.1,10.4,D,0,Jaffna
9.7148,79.9578,313.8,4,1.9,1/10/2024,2024-10,October,814,Aqua,MODIS,0,61.03,291.9,49.2,D,0,Jaffna
9.644,80.3018,318.5,1.1,1,1/04/2025,2025-04,April,904,Aqua,MODIS,40,61.03,303.6,7.6,D,0,Jaffna
9.6432,80.3061,326.9,1,1,1/07/2025,2025-07,July,921,Aqua,MODIS,76,61.03,297.6,14.4,D,0,Jaffna
9.6483,79.8976,322.2,1,1,1/08/2025,2025-08,August,923,Aqua,MODIS,75,61.03,303,6.3,D,0,Jaffna
6.7345,80.0462,320.7,1,1,1/02/2004,2004-02,February,809,Aqua,MODIS,73,6.03,307.2,6.7,D,0,Kalutara
6.4521,80.1612,320,1,1,1/02/2005,2005-02,February,808,Aqua,MODIS,70,6.03,300.8,10.3,D,0,Kalutara
6.7518,79.9446,321.8,1.1,1,1/03/2007,2007-03,March,818,Aqua,MODIS,71,6.03,302.1,9.8,D,0,Kalutara
6.3878,80.0189,313.2,1.1,1,1/02/2009,2009-02,February,822,Aqua,MODIS,0,6.03,299.2,4.3,D,0,Kalutara
6.4209,80.1545,314.6,1.1,1,1/04/2011,2011-04,April,806,Aqua,MODIS,57,6.03,298.8,7.1,D,0,Kalutara
6.6364,80.0632,314.7,1,1,1/02/2014,2014-02,February,517,Terra,MODIS,63,6.03,302.8,6.3,D,0,Kalutara
6.4764,80.1533,318.9,2.85,1.6,1/03/2014,2014-03,March,842,Aqua,MODIS,70.5,6.03,294.2,44.9,D,0,Kalutara
6.5967,79.9918,318.4,1.3,1.1,1/01/2017,2017-01,January,759,Aqua,MODIS,71,6.03,304.6,12.8,D,0,Kalutara
6.3807,80.0454,322.1,1.1,1,1/02/2017,2017-02,February,817,Aqua,MODIS,70,6.03,302.1,12.5,D,0,Kalutara
6.6779,79.96545,315.25,1.1,1.05,1/01/2018,2018-01,January,667,Terra,MODIS,38,6.03,293.4,9.45,D,0,Kalutara
6.3892,80.1811,323.95,1.2,1.1,1/09/2018,2018-09,September,525,Terra,MODIS,67.5,6.03,295.75,25.5,D,0,Kalutara
6.715766667,80.12163333,316.6,1.5,1.2,1/04/2019,2019-04,April,530,Terra,MODIS,53.33333333,6.03,300.2666667,11.76666667,D,0,Kalutara
6.4583,80.0499,316.9,1.2,1.1,1/02/2020,2020-02,February,524,Terra,MODIS,66,6.03,300.5,10.2,D,0,Kalutara
6.72,80.1236,316,1.5,1.2,1/03/2020,2020-03,March,530,Terra,MODIS,53,6.03,301.6,10.3,D,0,Kalutara
6.7182,80.1241,316.4,1.2,1.1,1/04/2020,2020-04,April,523,Terra,MODIS,46,6.03,299.4,7.6,D,0,Kalutara
6.7162,80.1213,315,1.5,1.2,1/05/2020,2020-05,May,529,Terra,MODIS,63,6.03,294.8,10.2,D,0,Kalutara
6.7177,80.1191,318.3,1.5,1.2,1/03/2021,2021-03,March,528,Terra,MODIS,73,6.03,296.2,17.1,D,0,Kalutara
6.7134,80.1188,316.8,1,1,1/04/2021,2021-04,April,516,Terra,MODIS,68,6.03,298.4,7.7,D,0,Kalutara
6.7115,80.086,314.8,1.1,1.1,1/01/2022,2022-01,January,458,Terra,MODIS,63,6.03,300,6.6,D,0,Kalutara
6.7151,80.1197,318.4,1,1,1/09/2022,2022-09,September,812,Aqua,MODIS,65,6.03,300.7,7.9,D,0,Kalutara
7.0646,80.5368,314.2,1.2,1.1,1/03/2001,2001-03,March,534,Terra,MODIS,61,6.03,301.5,7.7,D,0,Kandy
7.2384,80.4958,301.6,1.2,1.1,1/07/2001,2001-07,July,1701,Terra,MODIS,43,6.03,286.9,5.8,N,0,Kandy
7.2386,80.8616,330.4,1,1,1/09/2001,2001-09,September,518,Terra,MODIS,78,6.03,306.5,17.6,D,0,Kandy
7.28495,80.86705,316.5,3.35,1.7,1/08/2002,2002-08,August,732.5,Aqua,MODIS,54,6.03,293,42.2,D,0,Kandy
7.233066667,80.8459,321.6666667,2,1.333333333,1/09/2002,2002-09,September,823.6666667,Aqua,MODIS,53.66666667,6.03,302.7333333,25.66666667,D,0,Kandy
7.2463,80.9009,324.3,1,1,1/10/2002,2002-10,October,803,Aqua,MODIS,74,6.03,296,15.5,D,0,Kandy
7.1912,80.6139,321.3,1.4,1.2,1/03/2003,2003-03,March,820,Aqua,MODIS,70,6.03,305,15.1,D,0,Kandy
7.1914,80.80065,319.35,1.8,1.3,1/08/2003,2003-08,August,743,Aqua,MODIS,55,6.03,300.65,17.8,D,0,Kandy
7.23715,80.8339,326.1166667,1.033333333,1,1/09/2003,2003-09,September,702.6666667,Terra,MODIS,67,6.03,299.6,15.76666667,D,0,Kandy
7.1952,80.6546,311.9,1,1,1/01/2004,2004-01,January,808,Aqua,MODIS,60,6.03,295.6,4.5,D,0,Kandy
7.15565,80.58515,322.9,1,1,1/02/2004,2004-02,February,806,Aqua,MODIS,72.5,6.03,304.2,11.75,D,0,Kandy
7.2855,80.9307,315.7,1.1,1,1/07/2004,2004-07,July,757,Aqua,MODIS,58,6.03,296.8,9.5,D,0,Kandy
7.20255,80.76355,326.85,1.1,1.1,1/08/2004,2004-08,August,757,Aqua,MODIS,71,6.03,300.25,17.45,D,0,Kandy
7.3193,80.9368,316,1,1,1/08/2005,2005-08,August,510,Terra,MODIS,54,6.03,298.3,7.7,D,0,Kandy
7.2292,80.83133333,322.7333333,1.266666667,1.1,1/09/2005,2005-09,September,781.6666667,Aqua,MODIS,48,6.03,300.1666667,13.43333333,D,0,Kandy
7.2191,80.6393,307.5,1.3,1.1,1/01/2006,2006-01,January,457,Terra,MODIS,38,6.03,297.1,5.7,D,0,Kandy
7.28105,80.93425,315.1,1.1,1,1/07/2006,2006-07,July,758,Aqua,MODIS,56,6.03,297.9,7.8,D,0,Kandy
7.2863,80.9288,316.5,1.3,1.1,1/10/2006,2006-10,October,522,Terra,MODIS,43,6.03,294.1,14,D,0,Kandy
7.2607,80.6149,315.2,1.4,1.2,1/02/2007,2007-02,February,753,Aqua,MODIS,41,6.03,299.1,11.5,D,0,Kandy
7.3544,80.74798,313.66,1.2,1.08,1/03/2007,2007-03,March,1507.8,Aqua,MODIS,68.2,6.03,297.26,14.22,D,0,Kandy
7.1798,80.8272,312.7,1.2,1.1,1/07/2007,2007-07,July,459,Terra,MODIS,56,6.03,293.9,8.6,D,0,Kandy
7.3738,80.9258,313.6,3,1.7,1/09/2007,2007-09,September,734,Aqua,MODIS,36,6.03,294.1,31.3,D,0,Kandy
7.3903,80.8285,306.7,1,1,1/06/2008,2008-06,June,1700,Terra,MODIS,69,6.03,279.8,9.8,N,0,Kandy
7.25435,80.7878,310.95,1.25,1.1,1/07/2008,2008-07,July,1117.5,Terra,MODIS,67,6.03,291.95,9.75,D,0,Kandy
7.266214286,80.88375714,311.2285714,1.442857143,1.171428571,1/08/2008,2008-08,August,1434.714286,Aqua,MODIS,57.71428571,6.03,290.3,13.45714286,N,0,Kandy
7.2786,80.83705,327.05,1.35,1.15,1/09/2008,2008-09,September,777.5,Aqua,MODIS,74,6.03,293.65,34.7,D,0,Kandy
7.2858,80.6953,312.5,3.2,1.7,1/10/2008,2008-10,October,736,Aqua,MODIS,32,6.03,296.8,23.1,D,0,Kandy
7.19905,80.56315,319.15,1.05,1.05,1/01/2009,2009-01,January,806,Aqua,MODIS,64.5,6.03,297.1,13.95,D,0,Kandy
7.14246,80.59261,321.61,1.42,1.19,1/02/2009,2009-02,February,906.4,Terra,MODIS,68.7,6.03,303.46,20.83,N,0.2,Kandy
7.1957,80.69632,326.32,1.22,1.08,1/03/2009,2009-03,March,681.4,Terra,MODIS,47.6,6.03,304.66,17.46,D,0,Kandy
7.2296,80.8711,320.1,1.1,1.1,1/07/2009,2009-07,July,803,Aqua,MODIS,68,6.03,300.5,11.5,D,0,Kandy
7.22695,80.8159,324.6,1,1,1/08/2009,2009-08,August,815,Aqua,MODIS,73.5,6.03,289.35,17.7,D,0,Kandy
7.2313,80.7687,305.1,1.1,1.1,1/09/2009,2009-09,September,1653,Terra,MODIS,61,6.03,293.3,6.1,N,0,Kandy
7.2114,80.8118,330,1.6,1.2,1/10/2009,2009-10,October,452,Terra,MODIS,69,6.03,303.3,36.1,D,0,Kandy
7.2268,80.63445,325.55,1.1,1,1/02/2010,2010-02,February,505,Terra,MODIS,77,6.03,303.85,16.95,D,0,Kandy
7.162475,80.6115,316.875,2.4,1.425,1/03/2010,2010-03,March,676,Terra,MODIS,57.5,6.03,301.1,26.425,D,0,Kandy
7.2305,80.8718,311,1.8,1.3,1/09/2010,2010-09,September,747,Aqua,MODIS,33,6.03,290.3,11.5,D,0,Kandy
7.2029,80.6435,313.6,1.3,1.1,1/02/2011,2011-02,February,458,Terra,MODIS,58,6.03,300.4,8.9,D,0,Kandy
7.2073,80.7239,316.7,1,1,1/06/2011,2011-06,June,511,Terra,MODIS,56,6.03,301.3,6.9,D,0,Kandy
7.250266667,80.80526667,308.1666667,1.033333333,1,1/07/2011,2011-07,July,1810.666667,Aqua,MODIS,73.66666667,6.03,285.5333333,8.9,N,0,Kandy
7.2701,80.82895,321.7,1.025,1.025,1/08/2011,2011-08,August,793.5,Aqua,MODIS,68.5,6.03,299.775,11.05,D,0,Kandy
7.2743,80.89586667,325.7,1.033333333,1,1/09/2011,2011-09,September,610.3333333,Terra,MODIS,68.33333333,6.03,304.3333333,11.46666667,D,0,Kandy
7.1187,80.6206,315.6,1.1,1.05,1/01/2012,2012-01,January,814,Aqua,MODIS,67.5,6.03,295.95,8.95,D,0,Kandy
7.171866667,80.5853,322,1.266666667,1.133333333,1/02/2012,2012-02,February,772.3333333,Aqua,MODIS,74.33333333,6.03,300.4333333,19.16666667,D,0,Kandy
7.1048,80.5315,318,1.4,1.2,1/02/2014,2014-02,February,824,Aqua,MODIS,68,6.03,303.4,13.3,D,0,Kandy
7.28815,80.55595,318.05,1.9,1.35,1/03/2014,2014-03,March,795,Aqua,MODIS,61,6.03,303.6,18.9,D,0,Kandy
7.2564,80.6552,325,1,1,1/04/2014,2014-04,April,812,Aqua,MODIS,72,6.03,308.1,10.8,D,0,Kandy
7.226,80.8692,312.2,3.1,1.7,1/08/2014,2014-08,August,735,Aqua,MODIS,24,6.03,293.3,29.2,D,0,Kandy
7.382033333,80.97636667,314.6666667,1.433333333,1.166666667,1/09/2014,2014-09,September,1500.333333,Terra,MODIS,55.66666667,6.03,294.7666667,14.03333333,N,0,Kandy
7.2917,80.8668,315.1,1,1,1/10/2014,2014-10,October,811,Aqua,MODIS,0,6.03,268.4,14.2,D,0,Kandy
7.2134,80.66,332.5,1.05,1,1/03/2015,2015-03,March,664.5,Aqua,MODIS,82,6.03,301.25,28.5,D,0,Kandy
7.147475,80.559725,312.7,2.15,1.35,1/02/2016,2016-02,February,773,Aqua,MODIS,45.5,6.03,296.225,16.6,D,0,Kandy
7.0899,80.6033,325.9,1.15,1.1,1/03/2016,2016-03,March,800,Aqua,MODIS,67,6.03,306.75,17.1,D,0,Kandy
7.2764,80.9209,318.2,1.4,1.2,1/08/2016,2016-08,August,753,Aqua,MODIS,58,6.03,296.1,14.1,D,0,Kandy
7.340854545,80.90604545,322.5090909,1.609090909,1.236363636,1/09/2016,2016-09,September,848.9090909,Terra,MODIS,56.54545455,6.03,296.7545455,31.21818182,D,0,Kandy
7.191,80.75355,310.85,1.3,1.15,1/10/2016,2016-10,October,1267.5,Aqua,MODIS,44.5,6.03,296.65,8.7,D,0,Kandy
7.1987,80.63593333,315.6,1,1,1/01/2017,2017-01,January,711,Terra,MODIS,60.66666667,6.03,298.6333333,8.6,D,0,Kandy
7.2093,80.6647,317.15,1,1,1/02/2017,2017-02,February,661,Terra,MODIS,62.5,6.03,301.15,8.75,D,0,Kandy
7.272533333,80.897,324.4333333,1.433333333,1.166666667,1/07/2017,2017-07,July,525.3333333,Terra,MODIS,77.33333333,6.03,291.8,37.46666667,D,0,Kandy
7.1452,80.6391,318.6,1.2,1.1,1/02/2018,2018-02,February,759,Aqua,MODIS,70,6.03,300.8,12.4,D,0,Kandy
7.2162375,80.820525,313.2125,1.45,1.1625,1/09/2018,2018-09,September,1194.875,Aqua,MODIS,59.625,6.03,294.8625,13.3875,D,0,Kandy
7.18945,80.6518,325.3,1.1,1.1,1/02/2019,2019-02,February,817,Aqua,MODIS,77,6.03,296.9,19.2,D,0,Kandy
7.1453,80.65585714,320.7857143,1.342857143,1.171428571,1/03/2019,2019-03,March,780.8571429,Aqua,MODIS,50.14285714,6.03,304.2142857,15.88571429,D,0,Kandy
7.3045,80.866,314.2,1.1,1,1/05/2019,2019-05,May,505,Terra,MODIS,28,6.03,297.5,6.7,D,0,Kandy
7.3581,80.8545,304.2,1.1,1,1/06/2019,2019-06,June,2023,Aqua,MODIS,50,6.03,291,8,N,0,Kandy
7.24689,80.86982,317.16,1.69,1.26,1/07/2019,2019-07,July,933.3,Terra,MODIS,63.6,6.03,291.66,24.63,D,0,Kandy
7.20164,80.59542,316.42,2.58,1.46,1/02/2020,2020-02,February,792.2,Aqua,MODIS,59.8,6.03,299.58,25.92,D,0,Kandy
7.1615,80.6070625,325.1375,1.25,1.1125,1/03/2020,2020-03,March,920.625,Aqua,MODIS,73,6.03,302.2875,19.6375,D,0,Kandy
7.3663,80.9876,314.8,2,1.4,1/04/2020,2020-04,April,830,Aqua,MODIS,0,6.03,292,12.8,D,0,Kandy
7.2505,80.8471,315.25,1.35,1.15,1/10/2020,2020-10,October,638,Aqua,MODIS,55.5,6.03,297.4,10.85,D,0,Kandy
7.188133333,80.64553333,314.0333333,1.5,1.166666667,1/03/2021,2021-03,March,783.6666667,Aqua,MODIS,58,6.03,296.7666667,12.56666667,D,0,Kandy
7.2453,80.847575,310.5,1.4,1.175,1/09/2021,2021-09,September,1245,Terra,MODIS,52.25,6.03,293.275,9.9,N,0,Kandy
7.259266667,80.89933333,309.7666667,1.066666667,1.033333333,1/10/2021,2021-10,October,1091.666667,Aqua,MODIS,37,6.03,288,7.666666667,D,0,Kandy
7.17195,80.6523,315.3,1.533333333,1.166666667,1/02/2022,2022-02,February,738.6666667,Aqua,MODIS,55.83333333,6.03,300,13.81666667,D,0,Kandy
7.20778,80.56006,321.32,1.04,1.02,1/03/2023,2023-03,March,1149,Aqua,MODIS,83.6,61.03,298.14,15,D,0,Kandy
7.23295,80.72475,314.55,1.7,1.25,1/04/2023,2023-04,April,786,Aqua,MODIS,40.5,61.03,293.8,14.3,D,0,Kandy
7.23145,80.8452,310.3,1.3,1.1,1/06/2023,2023-06,June,1225,Aqua,MODIS,60,61.03,290,9.95,D,0,Kandy
7.286783333,80.88075,310.1,1.516666667,1.183333333,1/07/2023,2023-07,July,1222,Terra,MODIS,32.66666667,61.03,293.35,11.58333333,N,0,Kandy
7.28095,80.8346125,311.35,1.4375,1.175,1/08/2023,2023-08,August,1175.875,Aqua,MODIS,54.625,61.03,291.6375,13.3625,D,0,Kandy
7.11055,80.59905,316.95,1,1,1/02/2024,2024-02,February,834,Aqua,MODIS,62.5,61.03,300.75,7.95,D,0,Kandy
7.371,80.6967,322.6,1,1,1/03/2024,2024-03,March,841,Aqua,MODIS,67,61.03,302.9,13.3,D,0,Kandy
7.2574,80.88636667,327.4333333,1,1,1/09/2024,2024-09,September,962.3333333,Terra,MODIS,81.33333333,61.03,296.7,27.3,N,0,Kandy
7.1794,80.6232,311.5,1.3,1.1,1/03/2025,2025-03,March,424,Terra,MODIS,62,61.03,299.4,9.7,D,0,Kandy
7.282,80.921,324.5,1.6,1.2,1/06/2025,2025-06,June,1535,Terra,MODIS,100,61.03,292,42.2,N,0,Kandy
7.3941,80.9192,323.1,1.2,1.1,1/07/2025,2025-07,July,907,Aqua,MODIS,77,61.03,298.8,20.4,D,0,Kandy
7.24592,80.87516,317.14,1.66,1.2,1/08/2025,2025-08,August,791.8,Aqua,MODIS,59.8,61.03,296.6,18.46,D,0,Kandy
7.0566,80.4396,315,1,1,1/01/2002,2002-01,January,513,Terra,MODIS,67,6.03,296.4,9.1,D,0,Kegalle
7.073,80.3238,312.6,1.1,1.1,1/12/2003,2003-12,December,815,Aqua,MODIS,49,6.03,299.7,4.9,D,0,Kegalle
7.3614,80.3988,321.8,1.2,1.1,1/02/2004,2004-02,February,756,Aqua,MODIS,71,6.03,303.9,12.8,D,0,Kegalle
7.214733333,80.41276667,319.8333333,1.6,1.2,1/03/2004,2004-03,March,765.6666667,Aqua,MODIS,63,6.03,302.9333333,14.66666667,D,0,Kegalle
7.0281,80.44025,323.5,1,1,1/01/2005,2005-01,January,802,Aqua,MODIS,77.5,6.03,300.7,16.9,D,0,Kegalle
6.9914,80.4505,305.4,1,1,1/02/2005,2005-02,February,1659,Terra,MODIS,64,6.03,292.5,6.3,N,0,Kegalle
7.0604,80.3139,309.9,1.5,1.2,1/12/2006,2006-12,December,529,Terra,MODIS,62,6.03,299.1,9.8,D,0,Kegalle
7.2225,80.178,323.1,1,1,1/02/2007,2007-02,February,812,Aqua,MODIS,73,6.03,300.5,10.4,D,0,Kegalle
7.131325,80.42815,319.2875,1.6375,1.2375,1/03/2007,2007-03,March,722.125,Aqua,MODIS,62.5,6.03,301.825,16.9875,D,0,Kegalle
7.04145,80.42255,306.5,1.575,1.2,1/01/2009,2009-01,January,1361,Terra,MODIS,60.5,6.03,292.95,11.825,N,0,Kegalle
7.122,80.2302,314,1.2,1.1,1/07/2012,2012-07,July,759,Aqua,MODIS,52,6.03,295.3,9.2,D,0,Kegalle
7.0777,80.3217,315.9,1,1,1/02/2014,2014-02,February,806,Aqua,MODIS,62,6.03,305.2,4.6,D,0,Kegalle
7.0722,80.508,324.9,1.5,1.2,1/03/2014,2014-03,March,754,Aqua,MODIS,75,6.03,306.3,23.7,D,0,Kegalle
7.0546,80.4239,315.9,1,1,1/01/2017,2017-01,January,811,Aqua,MODIS,66,6.03,301.2,9,D,0,Kegalle
7.298,80.4592,311,1,1,1/01/2018,2018-01,January,811,Aqua,MODIS,52,6.03,298.8,4.6,D,0,Kegalle
7.0344,80.3935,301.6,1.1,1,1/01/2019,2019-01,January,2010,Aqua,MODIS,42,6.03,283.3,6.6,N,0,Kegalle
7.0013,80.4987,313.5,1.2,1.1,1/01/2020,2020-01,January,759,Aqua,MODIS,62,6.03,298.3,8.9,D,0,Kegalle
7.0995,80.5009,311.1,1.2,1.1,1/02/2020,2020-02,February,759,Aqua,MODIS,50,6.03,299.8,6,D,0,Kegalle
7.32795,80.11155,321.05,1.3,1.15,1/03/2020,2020-03,March,609,Terra,MODIS,69.5,6.03,298.4,11.5,D,0,Kegalle
7.07945,80.4548,314.45,1,1,1/02/2024,2024-02,February,834,Aqua,MODIS,53.5,61.03,299.05,7.5,D,0,Kegalle
7.09075,80.41395,307.55,1.9,1.3,1/06/2025,2025-06,June,426,Terra,MODIS,44,61.03,292.5,12.15,D,0,Kegalle
7.2919,80.3801,310.2,1.3,1.1,1/12/2025,2025-12,December,951,Aqua,MODIS,57,61.03,296.6,6.3,D,0,Kegalle
9.4809,80.4585,308.8,1,1,1/05/2001,2001-05,May,1716,Terra,MODIS,63,6.03,297.6,5.8,N,0,Kilinochchi
9.57695,80.4073,326.55,1,1,1/07/2001,2001-07,July,518,Terra,MODIS,79,6.03,300.15,9.6,D,0,Kilinochchi
9.43232,80.3346,327.98,1.54,1.18,1/08/2001,2001-08,August,529,Terra,MODIS,51,6.03,300.66,22,D,0,Kilinochchi
9.2103,80.4865,329.5,1.9,1.4,1/09/2001,2001-09,September,542,Terra,MODIS,77,6.03,288.2,56.5,D,0,Kilinochchi
9.097,80.2938,317,1.9,1.3,1/10/2001,2001-10,October,540,Terra,MODIS,43,6.03,295.3,22.6,D,0,Kilinochchi
9.0931,80.4712,313.6,1.5,1.2,1/05/2002,2002-05,May,530,Terra,MODIS,46,6.03,296,11.1,D,0,Kilinochchi
9.5091,80.37445,325.2875,1.425,1.1875,1/07/2002,2002-07,July,720.375,Terra,MODIS,52.375,6.03,299.825,18.6875,D,0,Kilinochchi
9.1354,80.4408,304.9,1,1,1/08/2002,2002-08,August,1708,Terra,MODIS,62,6.03,290.9,4.5,N,0,Kilinochchi
9.51735,80.45575,330.05,1.2,1.1,1/09/2002,2002-09,September,812.5,Aqua,MODIS,63,6.03,303.8,15.95,D,0,Kilinochchi
9.4336,80.46156667,334.4333333,1,1,1/10/2002,2002-10,October,615.3333333,Terra,MODIS,76,6.03,301.1,24.23333333,D,0,Kilinochchi
9.07,80.297,320.6,1,1,1/03/2003,2003-03,March,802,Aqua,MODIS,38,6.03,299.7,10.7,D,0,Kilinochchi
9.1402,80.4751,320.6,1.4,1.2,1/04/2003,2003-04,April,459,Terra,MODIS,59,6.03,303,12.1,D,0,Kilinochchi
9.45945,80.4852,321.65,1.85,1.35,1/05/2003,2003-05,May,785.5,Aqua,MODIS,54.5,6.03,296.25,19.4,D,0,Kilinochchi
9.352790909,80.38648182,322.6363636,1.136363636,1.072727273,1/06/2003,2003-06,June,635.5454545,Aqua,MODIS,51.45454545,6.03,297.6,11.06363636,D,0,Kilinochchi
9.38315,80.4746,316.5,1.05,1.05,1/08/2003,2003-08,August,665,Aqua,MODIS,42.5,6.03,290.1,10.3,D,0,Kilinochchi
9.388366667,80.34203333,318.9,1.733333333,1.233333333,1/09/2003,2003-09,September,683.6666667,Aqua,MODIS,46.66666667,6.03,294.5333333,15.5,D,0,Kilinochchi
9.417042857,80.38571429,323.6428571,1.614285714,1.228571429,1/10/2003,2003-10,October,631.7142857,Terra,MODIS,62.28571429,6.03,297.8428571,16.92857143,D,0,Kilinochchi
9.4096,80.5926,312.8,1.1,1,1/01/2004,2004-01,January,756,Aqua,MODIS,53,6.03,296.9,7.8,D,0,Kilinochchi
9.25145,80.53625,332.2,1,1,1/02/2004,2004-02,February,809,Aqua,MODIS,79,6.03,302.45,30.25,D,0,Kilinochchi
9.47385,80.3604,327.35,1.15,1.1,1/05/2004,2004-05,May,523,Terra,MODIS,34,6.03,298.3,17.8,D,0,Kilinochchi
9.40365,80.4811,323.75,1.6,1.25,1/06/2004,2004-06,June,784,Aqua,MODIS,63,6.03,298.75,21.55,D,0,Kilinochchi
9.39465,80.43763333,324.7666667,1.116666667,1.05,1/07/2004,2004-07,July,743.6666667,Aqua,MODIS,55.33333333,6.03,297.75,13.91666667,D,0,Kilinochchi
9.39335,80.2655,325.1,1,1,1/08/2004,2004-08,August,804,Aqua,MODIS,53,6.03,299.75,13.75,D,0,Kilinochchi
9.3858,80.4935,324.2,1.5,1.2,1/09/2004,2004-09,September,528,Terra,MODIS,77,6.03,297.4,18,D,0,Kilinochchi
9.38455,80.3223,318.15,1.7,1.25,1/10/2004,2004-10,October,672,Aqua,MODIS,33.5,6.03,298.75,22.95,D,0,Kilinochchi
9.348,80.581,316.8,1.5,1.2,1/02/2005,2005-02,February,821,Aqua,MODIS,60,6.03,305,11.2,D,0,Kilinochchi
9.3602,80.282,324.5,1,1,1/03/2005,2005-03,March,809,Aqua,MODIS,47,6.03,306.2,10.8,D,0,Kilinochchi
9.57195,80.4265,323.7,1.3,1.15,1/04/2005,2005-04,April,671.5,Terra,MODIS,0,6.03,303,17.05,D,0,Kilinochchi
9.41935,80.349375,319.175,1.225,1.1,1/05/2005,2005-05,May,652,Terra,MODIS,49.25,6.03,299.025,9.675,D,0,Kilinochchi
9.46265,80.2662,323.1,1.25,1.1,1/06/2005,2005-06,June,665,Aqua,MODIS,67,6.03,298.5,12.25,D,0,Kilinochchi
9.516633333,80.38103333,329.4333333,1.033333333,1.033333333,1/07/2005,2005-07,July,788.6666667,Aqua,MODIS,78.33333333,6.03,301.6333333,15.43333333,D,0,Kilinochchi
9.351775,80.2522,323.425,1.15,1.125,1/08/2005,2005-08,August,579,Aqua,MODIS,69.75,6.03,294.75,18.375,D,0,Kilinochchi
9.335154545,80.25472727,319.9,1.454545455,1.163636364,1/09/2005,2005-09,September,1064,Aqua,MODIS,49.72727273,6.03,298.9454545,15.97272727,D,0,Kilinochchi
9.3734,80.2407,320.8333333,1.166666667,1.1,1/10/2005,2005-10,October,716.6666667,Terra,MODIS,53.33333333,6.03,296.8666667,12.7,D,0,Kilinochchi
9.3039,80.3947,324.2,1,1,1/02/2006,2006-02,February,809,Aqua,MODIS,29,6.03,294.4,15,D,0,Kilinochchi
9.46855,80.5278,323.95,1.2,1.1,1/04/2006,2006-04,April,627.5,Terra,MODIS,63.5,6.03,307.35,14.6,D,1.5,Kilinochchi
9.28515,80.38095,317.7,1.2,1.1,1/05/2006,2006-05,May,665.5,Terra,MODIS,47.5,6.03,294.5,11.55,D,0,Kilinochchi
9.42468,80.37,315.64,1.26,1.12,1/06/2006,2006-06,June,1030.2,Aqua,MODIS,55.4,6.03,291.42,10.44,N,0,Kilinochchi
9.339375,80.3063,320.275,1.1,1.075,1/07/2006,2006-07,July,647.5,Terra,MODIS,48.75,6.03,293,10.35,D,0,Kilinochchi
9.271757143,80.38975714,328.8,1.071428571,1.042857143,1/08/2006,2006-08,August,720.1428571,Aqua,MODIS,70.71428571,6.03,295.7714286,18.3,D,0,Kilinochchi
9.376733333,80.3049,323.8666667,1,1,1/09/2006,2006-09,September,612.6666667,Terra,MODIS,43.33333333,6.03,303.3,7.966666667,D,0,Kilinochchi
9.1461,80.22185,319.1,2.4,1.5,1/10/2006,2006-10,October,741,Aqua,MODIS,57.5,6.03,298,26.3,D,0,Kilinochchi
9.364725,80.3849,324.45,1.875,1.35,1/03/2007,2007-03,March,783,Aqua,MODIS,66.25,6.03,308.025,23.95,D,0,Kilinochchi
9.534066667,80.40263333,325.2666667,1.5,1.2,1/04/2007,2007-04,April,702.3333333,Aqua,MODIS,63.33333333,6.03,301.1333333,20.66666667,D,0,Kilinochchi
9.5856,80.3714,320.8,1,1,1/05/2007,2007-05,May,806,Aqua,MODIS,73,6.03,290.1,7,D,0,Kilinochchi
9.5011125,80.3736875,331.65,1.2875,1.1125,1/06/2007,2007-06,June,761,Aqua,MODIS,57.75,6.03,300.725,25.225,D,0.25,Kilinochchi
9.30245,80.3268,318.875,1.7,1.25,1/07/2007,2007-07,July,738.5,Terra,MODIS,55.5,6.03,295.85,15.15,D,0,Kilinochchi
9.5812,80.3584,328.2,1.5,1.2,1/08/2007,2007-08,August,824,Aqua,MODIS,67,6.03,302.1,15.5,D,0,Kilinochchi
9.5724,80.3915,320.5,1.4,1.2,1/09/2007,2007-09,September,529,Terra,MODIS,69,6.03,291,13.6,D,0,Kilinochchi
9.3358,80.1008,316.6,1.9,1.3,1/10/2007,2007-10,October,747,Aqua,MODIS,0,6.03,298.8,17.2,D,0,Kilinochchi
9.386,80.2731,312,1,1,1/01/2008,2008-01,January,517,Terra,MODIS,52,6.03,299.3,5.4,D,0,Kilinochchi
9.5656,80.3821,321.5,1,1,1/02/2008,2008-02,February,805,Aqua,MODIS,33,6.03,306,7,D,0,Kilinochchi
9.579325,80.311,321.15,1,1,1/05/2008,2008-05,May,661.5,Terra,MODIS,63.5,6.03,301.45,6.675,D,0,Kilinochchi
9.4999,80.2248,329.4,1,1,1/06/2008,2008-06,June,806,Aqua,MODIS,82,6.03,303,10.9,D,0,Kilinochchi
9.5906,80.3781,325.7,1.4,1.2,1/07/2008,2008-07,July,754,Aqua,MODIS,53,6.03,300.6,12.6,D,0,Kilinochchi
9.47166,80.35874,326.36,1.32,1.14,1/08/2008,2008-08,August,786,Aqua,MODIS,46.4,6.03,299.62,15.48,D,0,Kilinochchi
9.421225,80.435575,323.175,1.225,1.1,1/09/2008,2008-09,September,744,Aqua,MODIS,48.5,6.03,299.825,10.825,D,0,Kilinochchi
9.436333333,80.35943333,321.8,1.8,1.3,1/10/2008,2008-10,October,671.6666667,Aqua,MODIS,30.33333333,6.03,301.3,21.13333333,D,0,Kilinochchi
9.251,80.4094,314.6,1.2,1.1,1/02/2009,2009-02,February,822,Aqua,MODIS,61,6.03,301.6,8.2,D,0,Kilinochchi
9.4475,80.5245,321.2666667,1,1,1/04/2009,2009-04,April,611,Terra,MODIS,57.33333333,6.03,297.6333333,8.733333333,D,0,Kilinochchi
9.1428,80.4711,319.1,1,1,1/05/2009,2009-05,May,816,Aqua,MODIS,52,6.03,298.1,8.4,D,0,Kilinochchi
9.239328571,80.41827143,320.3428571,1.342857143,1.171428571,1/06/2009,2009-06,June,715.7142857,Aqua,MODIS,55.42857143,6.03,295.7285714,14.05714286,D,0,Kilinochchi
9.330523077,80.30206923,328.6230769,1.253846154,1.146153846,1/07/2009,2009-07,July,724.5384615,Terra,MODIS,68.30769231,6.03,297.1538462,23.87692308,D,0,Kilinochchi
9.2356,80.32776923,317.9692308,1.207692308,1.1,1/08/2009,2009-08,August,852.1538462,Terra,MODIS,59.38461538,6.03,288.5923077,13.01538462,D,0,Kilinochchi
9.3061,80.20588,319.96,1.44,1.18,1/09/2009,2009-09,September,618,Terra,MODIS,51.4,6.03,297.42,14.6,D,0,Kilinochchi
9.355483333,80.35094167,325.725,1.55,1.233333333,1/10/2009,2009-10,October,698,Aqua,MODIS,57.5,6.03,301.325,23.175,D,0,Kilinochchi
9.13815,80.34205,321.5,1.1,1.05,1/02/2010,2010-02,February,814,Aqua,MODIS,61,6.03,304,10.75,D,0,Kilinochchi
9.291325,80.295675,326.975,1.675,1.25,1/03/2010,2010-03,March,777,Aqua,MODIS,57,6.03,303.625,34.15,D,0,Kilinochchi
9.30945,80.3938,323.15,1.2,1.1,1/04/2010,2010-04,April,668,Aqua,MODIS,33.5,6.03,303.7,12.75,D,0,Kilinochchi
9.3597,80.41295,314.55,1.3,1.15,1/06/2010,2010-06,June,787,Aqua,MODIS,54.5,6.03,289.1,8.25,D,0,Kilinochchi
9.22606,80.28712,319,1.2,1.12,1/07/2010,2010-07,July,731.6,Aqua,MODIS,42.8,6.03,298.44,9.74,D,0,Kilinochchi
9.427175,80.3621,319.35,1.2,1.1,1/08/2010,2010-08,August,944,Terra,MODIS,34,6.03,299.225,9.8,D,0,Kilinochchi
9.3095,80.4388,323.4,1.65,1.25,1/09/2010,2010-09,September,626,Terra,MODIS,59.5,6.03,294.95,20.55,D,0,Kilinochchi
9.356566667,80.2869,322.3,1.066666667,1.066666667,1/10/2010,2010-10,October,804,Aqua,MODIS,65,6.03,299.7666667,13.03333333,D,0,Kilinochchi
9.4251,80.5236,325.7,1.1,1,1/05/2011,2011-05,May,800,Aqua,MODIS,36,6.03,310.5,8.8,D,0,Kilinochchi
9.2276,80.51916667,332.4333333,1.066666667,1.033333333,1/06/2011,2011-06,June,714.6666667,Aqua,MODIS,66.33333333,6.03,300.1,26.63333333,D,0,Kilinochchi
9.0561,80.3027,323.1,1,1,1/07/2011,2011-07,July,805,Aqua,MODIS,43,6.03,298.9,8.3,D,0,Kilinochchi
9.292685714,80.36968571,326.3142857,1.285714286,1.1,1/08/2011,2011-08,August,731.4285714,Aqua,MODIS,51.85714286,6.03,297.5714286,19.44285714,D,0,Kilinochchi
9.282946667,80.35654667,324.9533333,1.166666667,1.073333333,1/09/2011,2011-09,September,690.3333333,Terra,MODIS,66,6.03,298.2933333,13.78,D,0,Kilinochchi
9.5837,80.3728,315,1,1,1/01/2012,2012-01,January,510,Terra,MODIS,63,6.03,299,7.4,D,0,Kilinochchi
9.3809,80.4361,324.1,1,1,1/02/2012,2012-02,February,806,Aqua,MODIS,77,6.03,307.6,11.2,D,0,Kilinochchi
9.4013,80.39464,326.18,1.26,1.1,1/03/2012,2012-03,March,699.8,Terra,MODIS,64.4,6.03,306.98,14.46,D,0,Kilinochchi
9.33455,80.50975,313.65,1.1,1.05,1/05/2012,2012-05,May,1262,Aqua,MODIS,55.5,6.03,298.95,7.35,D,0,Kilinochchi
9.114,80.4608,321.8,1.2,1.1,1/06/2012,2012-06,June,818,Aqua,MODIS,45,6.03,299.4,11.7,D,0,Kilinochchi
9.202871429,80.39082857,326.4714286,1.028571429,1.014285714,1/07/2012,2012-07,July,890.5714286,Terra,MODIS,57.14285714,6.03,304.1142857,14.65714286,N,0,Kilinochchi
9.436153846,80.40432308,330.2769231,1.092307692,1.046153846,1/08/2012,2012-08,August,709.0769231,Aqua,MODIS,75.69230769,6.03,300.8461538,15.63846154,D,0,Kilinochchi
9.330828571,80.32677143,325.3,1.357142857,1.128571429,1/09/2012,2012-09,September,720.4285714,Aqua,MODIS,48.28571429,6.03,300.3142857,15.28571429,D,0,Kilinochchi
9.43685,80.3385,318.8,2.85,1.55,1/10/2012,2012-10,October,480.5,Terra,MODIS,22.5,6.03,294.55,32.55,D,0,Kilinochchi
9.3544,80.2841,319.1,1.9,1.3,1/04/2013,2013-04,April,831,Aqua,MODIS,36,6.03,300.1,21.4,D,0,Kilinochchi
9.1269,80.4582,315.2,1.1,1.1,1/05/2013,2013-05,May,504,Terra,MODIS,50,6.03,298,6.6,D,0,Kilinochchi
9.152633333,80.34073333,316.3333333,2.4,1.466666667,1/06/2013,2013-06,June,662.3333333,Terra,MODIS,62.66666667,6.03,295,28.86666667,D,0,Kilinochchi
9.186042857,80.29947143,331.5,1.228571429,1.1,1/07/2013,2013-07,July,684.4285714,Aqua,MODIS,62.14285714,6.03,299.9142857,35.27142857,D,0,Kilinochchi
9.40779,80.38072,322.22,1.51,1.2,1/08/2013,2013-08,August,630.5,Aqua,MODIS,56.2,6.03,294.5,19.55,D,0,Kilinochchi
9.32792,80.29394,322.4,1.08,1.04,1/09/2013,2013-09,September,679.6,Aqua,MODIS,57.2,6.03,298.96,11.18,D,0,Kilinochchi
9.328828571,80.44785714,319.3857143,1.528571429,1.214285714,1/10/2013,2013-10,October,864.7142857,Aqua,MODIS,60.71428571,6.03,297.2857143,19.02857143,D,0,Kilinochchi
9.5105,80.481,319.6,1.65,1.25,1/02/2014,2014-02,February,623,Terra,MODIS,34.5,6.03,297,19.7,D,0,Kilinochchi
9.27045,80.2937,324.3,1.475,1.2,1/03/2014,2014-03,March,712.5,Aqua,MODIS,65,6.03,307.125,16.05,D,0,Kilinochchi
9.373366667,80.42516667,319.4666667,1.933333333,1.333333333,1/04/2014,2014-04,April,771.6666667,Aqua,MODIS,48,6.03,293.4666667,16.26666667,D,0,Kilinochchi
9.42745,80.49215,319.8,1,1,1/05/2014,2014-05,May,665,Aqua,MODIS,69,6.03,297.25,7.4,D,0,Kilinochchi
9.451433333,80.3975,328.9666667,1.066666667,1.033333333,1/06/2014,2014-06,June,713.6666667,Terra,MODIS,76,6.03,303.3666667,13,D,0,Kilinochchi
9.206,80.3139,317.2,1.2,1.1,1/07/2014,2014-07,July,818,Aqua,MODIS,20,6.03,290.7,7.7,D,0,Kilinochchi
9.4195,80.3288,329.2,1.4,1.2,1/08/2014,2014-08,August,529,Terra,MODIS,80.5,6.03,296.9,19.8,D,0,Kilinochchi
9.1486,80.4982,323.3,1.5,1.2,1/09/2014,2014-09,September,824,Aqua,MODIS,53,6.03,300.4,15.5,D,0,Kilinochchi
9.39635,80.47265,320.35,1,1,1/02/2015,2015-02,February,813,Aqua,MODIS,72,6.03,306.45,7.3,D,0,Kilinochchi
9.6098,80.3042,313.8,1,1,1/03/2015,2015-03,March,517,Terra,MODIS,35,6.03,293.1,4.5,D,0,Kilinochchi
9.359,80.2953,319.2,1.4,1.2,1/04/2015,2015-04,April,529,Terra,MODIS,56,6.03,303.3,16.8,D,0,Kilinochchi
9.55445,80.41465,318,1,1,1/06/2015,2015-06,June,511,Terra,MODIS,57,6.03,300.95,7.3,D,1.5,Kilinochchi
9.5572,80.4458,324.8,1.8,1.3,1/07/2015,2015-07,July,748,Aqua,MODIS,73,6.03,297.7,23,D,0,Kilinochchi
9.3499,80.364,322.55,1.45,1.15,1/08/2015,2015-08,August,821,Aqua,MODIS,49,6.03,285.9,31.85,D,0,Kilinochchi
9.171875,80.294325,320.875,1,1,1/09/2015,2015-09,September,735.25,Aqua,MODIS,58.75,6.03,298.6,8.125,D,0,Kilinochchi
9.371333333,80.38123333,316.2,1.266666667,1.1,1/02/2016,2016-02,February,690.3333333,Terra,MODIS,39.33333333,6.03,300.5333333,8.8,D,0,Kilinochchi
9.2737,80.44314286,326.7571429,1.285714286,1.142857143,1/03/2016,2016-03,March,677,Aqua,MODIS,64.14285714,6.03,303.7714286,28.4,D,0.857142857,Kilinochchi
9.332075,80.3887,320.9,1.775,1.3,1/04/2016,2016-04,April,788,Aqua,MODIS,34.75,6.03,300.775,17.925,D,0,Kilinochchi
9.4949,80.5445,314.5,1,1,1/05/2016,2016-05,May,511,Terra,MODIS,52,6.03,294.9,7.5,D,3,Kilinochchi
9.37515,80.36805,320.1,1.1,1.05,1/07/2016,2016-07,July,667.5,Terra,MODIS,42.5,6.03,299.2,8.1,D,0,Kilinochchi
9.34145,80.38765,319.75,1.25,1.1,1/08/2016,2016-08,August,814.5,Aqua,MODIS,63,6.03,292.5,12.45,D,0,Kilinochchi
9.26194,80.36374,321.9,1.52,1.18,1/09/2016,2016-09,September,740.6,Terra,MODIS,37.4,6.03,302.24,14.28,D,0,Kilinochchi
9.237375,80.322275,319.6,1.15,1.075,1/10/2016,2016-10,October,649.5,Terra,MODIS,42.5,6.03,301.25,9.125,D,0,Kilinochchi
9.581,80.4148,308.3,1,1,1/02/2017,2017-02,February,1706,Terra,MODIS,60,6.03,294.9,7.2,N,0,Kilinochchi
9.334533333,80.2663,323.4666667,1.1,1.066666667,1/05/2017,2017-05,May,705.3333333,Terra,MODIS,68.33333333,6.03,301.9666667,10.9,D,0,Kilinochchi
9.342325,80.389125,321.3375,1.3,1.125,1/06/2017,2017-06,June,815.5,Aqua,MODIS,51.75,6.03,296.1125,12.5875,D,0,Kilinochchi
9.130166667,80.35323333,327.9666667,1.1,1.066666667,1/07/2017,2017-07,July,786.3333333,Aqua,MODIS,72.33333333,6.03,300.1333333,14.25,D,0,Kilinochchi
9.44965,80.35921667,322.9333333,1.15,1.083333333,1/08/2017,2017-08,August,641.6666667,Terra,MODIS,51.16666667,6.03,297.45,12.68333333,D,0,Kilinochchi
9.26165,80.3353,316.35,1.25,1.15,1/09/2017,2017-09,September,644,Aqua,MODIS,55.5,6.03,299.9,8.7,D,1,Kilinochchi
9.607,80.3126,311.9,1,1,1/12/2017,2017-12,December,516,Terra,MODIS,48,6.03,294.5,5.4,D,0,Kilinochchi
9.595333333,80.3472,319.3,1.133333333,1.066666667,1/01/2018,2018-01,January,814,Aqua,MODIS,66.33333333,6.03,301.2,9.166666667,D,0,Kilinochchi
9.4101,80.3909,321.3,1,1,1/02/2018,2018-02,February,806,Aqua,MODIS,58.5,6.03,307.4,6.95,D,0,Kilinochchi
9.39426,80.37834,329.14,1.28,1.14,1/03/2018,2018-03,March,793,Aqua,MODIS,51.2,6.03,309.54,19.4,D,0,Kilinochchi
9.432018182,80.46841818,332.6727273,1.209090909,1.090909091,1/04/2018,2018-04,April,760.8181818,Terra,MODIS,63.54545455,6.03,308.9545455,18.16363636,D,0,Kilinochchi
9.3908,80.27865,321.55,1,1,1/06/2018,2018-06,June,665,Terra,MODIS,49,6.03,294.45,8.65,D,0,Kilinochchi
9.278175,80.21775,322.325,1.25,1.125,1/07/2018,2018-07,July,672.75,Terra,MODIS,50.75,6.03,299,11.55,D,0,Kilinochchi
9.311885714,80.39212857,325.7714286,1.2,1.1,1/08/2018,2018-08,August,687.4285714,Terra,MODIS,66.14285714,6.03,293.2428571,18.4,D,0,Kilinochchi
9.318733333,80.30723333,328.1333333,1,1,1/09/2018,2018-09,September,612,Terra,MODIS,66.16666667,6.03,303.2666667,16.61666667,D,0,Kilinochchi
9.5674,80.4784,310.1,1.2,1.1,1/10/2018,2018-10,October,523,Terra,MODIS,0,6.03,291.1,7.4,D,0,Kilinochchi
9.2664,80.1422,313.6,1.2,1.1,1/01/2019,2019-01,January,800,Aqua,MODIS,52,6.03,298.5,6.2,D,0,Kilinochchi
9.5797,80.4091,324,1,1,1/02/2019,2019-02,February,510,Terra,MODIS,73,6.03,304.2,10.1,D,0,Kilinochchi
9.386344444,80.46292222,325.3666667,1.377777778,1.188888889,1/03/2019,2019-03,March,680.5555556,Terra,MODIS,61.88888889,6.03,307.2666667,15.74444444,D,0.333333333,Kilinochchi
9.34615,80.3163125,323.6375,2.15,1.3875,1/04/2019,2019-04,April,600.75,Terra,MODIS,36.625,6.03,302,30.2125,D,0,Kilinochchi
9.2239,80.46406667,321.7666667,1.566666667,1.233333333,1/05/2019,2019-05,May,570,Terra,MODIS,63.66666667,6.03,296.5333333,17.06666667,D,0,Kilinochchi
9.418083333,80.47531667,321.9,1.2,1.1,1/06/2019,2019-06,June,570.1666667,Terra,MODIS,38.16666667,6.03,292.2,15.16666667,D,0,Kilinochchi
9.2803,80.15045,320.55,1.25,1.15,1/07/2019,2019-07,July,673.5,Terra,MODIS,64,6.03,295.35,10.2,D,0,Kilinochchi
9.3559,80.402925,325.425,1.15,1.075,1/08/2019,2019-08,August,816.5,Aqua,MODIS,65.25,6.03,293.875,12.875,D,0,Kilinochchi
9.386123077,80.39609231,325.2307692,1.184615385,1.092307692,1/09/2019,2019-09,September,702.8461538,Aqua,MODIS,61.84615385,6.03,295.5461538,13.05384615,D,0,Kilinochchi
9.414666667,80.2468,316.2333333,1.966666667,1.366666667,1/10/2019,2019-10,October,534.3333333,Terra,MODIS,21.33333333,6.03,294.8666667,21.33333333,D,0,Kilinochchi
9.5504,80.4209,312.8,1.2,1.1,1/12/2019,2019-12,December,818,Aqua,MODIS,53,6.03,293.1,8.1,D,0,Kilinochchi
9.25932,80.35382,318.8,1.22,1.12,1/02/2020,2020-02,February,668.4,Terra,MODIS,52.8,6.03,302.44,10.62,D,0,Kilinochchi
9.1659375,80.2719625,318.2125,1.875,1.2875,1/03/2020,2020-03,March,738.25,Terra,MODIS,50.25,6.03,296.4375,20.4875,D,0,Kilinochchi
9.438614286,80.37725714,325.8,1.228571429,1.114285714,1/04/2020,2020-04,April,641.2857143,Aqua,MODIS,42.57142857,6.03,304.5857143,18.18571429,D,0.857142857,Kilinochchi
9.5092,80.2383,320.9,2.5,1.5,1/05/2020,2020-05,May,446,Terra,MODIS,0,6.03,295.9,31.4,D,0,Kilinochchi
9.2496,80.2607,318.2,1.1,1.1,1/06/2020,2020-06,June,818,Aqua,MODIS,69,6.03,299.4,9.4,D,0,Kilinochchi
9.3171,80.1968,324.45,1.9,1.3,1/07/2020,2020-07,July,747,Aqua,MODIS,44.5,6.03,293.85,30.8,D,0,Kilinochchi
9.287242857,80.45818571,327.0571429,1.2,1.1,1/08/2020,2020-08,August,591.5714286,Terra,MODIS,68.71428571,6.03,297.5285714,16.91428571,D,0,Kilinochchi
9.4309,80.6139,318.5,1.1,1.1,1/09/2020,2020-09,September,504,Terra,MODIS,53,6.03,297.3,7.9,D,0,Kilinochchi
9.3301,80.317,330.1,1,1,1/10/2020,2020-10,October,806,Aqua,MODIS,83,6.03,299.1,18.6,D,0,Kilinochchi
9.4864,80.33965,316.25,1.1,1.05,1/02/2021,2021-02,February,590,Terra,MODIS,32.5,6.03,298.925,9.625,D,0,Kilinochchi
9.463,80.3664,323.76,1.18,1.1,1/03/2021,2021-03,March,698,Terra,MODIS,65.2,6.03,302.02,15.06,D,0,Kilinochchi
9.3851,80.4116,318.55,1.6,1.25,1/04/2021,2021-04,April,637,Aqua,MODIS,46,6.03,299.15,16.3,D,0,Kilinochchi
9.5006,80.2234,314.1,4,1.9,1/05/2021,2021-05,May,551,Terra,MODIS,0,6.03,291.3,53.4,D,0,Kilinochchi
9.271825,80.392425,330.05,1.025,1,1/06/2021,2021-06,June,795.25,Aqua,MODIS,78.25,6.03,302.375,21.125,D,0,Kilinochchi
9.3012,80.43726667,324.3666667,1.166666667,1.066666667,1/07/2021,2021-07,July,714.3333333,Aqua,MODIS,49.66666667,6.03,296.2666667,19.8,D,0,Kilinochchi
9.26716,80.41224,318.98,1,1,1/08/2021,2021-08,August,747.4,Aqua,MODIS,49,6.03,292.38,8.76,D,0,Kilinochchi
9.3159875,80.3163625,319.675,2.1125,1.3875,1/09/2021,2021-09,September,633,Aqua,MODIS,49.375,6.03,296.9125,21.6375,D,0,Kilinochchi
9.5526,80.4349,316.2,1.4,1.2,1/02/2022,2022-02,February,824,Aqua,MODIS,60,6.03,297.4,9.4,D,0,Kilinochchi
9.3724,80.583,322.5,1.5,1.2,1/03/2022,2022-03,March,752,Aqua,MODIS,71,6.03,301.5,18.9,D,0,Kilinochchi
9.5468,80.3895,321.75,1.35,1.15,1/05/2022,2022-05,May,635,Aqua,MODIS,31,6.03,292.15,15.95,D,0,Kilinochchi
9.21554,80.43062,320.64,1.5,1.18,1/06/2022,2022-06,June,714,Aqua,MODIS,48,6.03,295.86,21.72,D,0,Kilinochchi
9.2567,80.53155,315.7,1.4,1.15,1/07/2022,2022-07,July,793,Aqua,MODIS,45.5,6.03,286.9,11.5,D,0,Kilinochchi
9.447866667,80.43383333,315.2,1.4,1.133333333,1/08/2022,2022-08,August,584,Aqua,MODIS,43.66666667,6.03,295.3,11.63333333,D,2,Kilinochchi
9.378742857,80.3769,321.4142857,1.4,1.171428571,1/09/2022,2022-09,September,472.5714286,Terra,MODIS,54.42857143,6.03,299.4285714,14.15714286,D,0,Kilinochchi
9.38505,80.38725,315.95,1.15,1.05,1/03/2023,2023-03,March,642,Aqua,MODIS,42,61.03,301.35,8.45,D,1.5,Kilinochchi
9.3498,80.2079,314.9,2.9,1.6,1/06/2023,2023-06,June,751,Aqua,MODIS,21,61.03,294.6,27.3,D,0,Kilinochchi
9.233885714,80.39972857,322.0285714,1.257142857,1.114285714,1/07/2023,2023-07,July,718.5714286,Terra,MODIS,44.57142857,61.03,302.4142857,12.75714286,D,0,Kilinochchi
9.367270588,80.41077647,326.8705882,1.382352941,1.141176471,1/08/2023,2023-08,August,661.1764706,Terra,MODIS,62.70588235,61.03,303.1058824,15.87647059,D,0,Kilinochchi
9.309625,80.306975,342.2,1.075,1,1/09/2023,2023-09,September,830.5,Aqua,MODIS,65,61.03,299.975,50.1,D,0,Kilinochchi
9.4216,80.2154,317.5,1.9,1.4,1/10/2023,2023-10,October,507,Terra,MODIS,53,61.03,296.1,18.5,D,0,Kilinochchi
9.3136,80.2187,319.9,1,1,1/02/2024,2024-02,February,835,Aqua,MODIS,72,61.03,301.5,9.5,D,0,Kilinochchi
9.27455,80.4312,314.9,1.25,1.1,1/03/2024,2024-03,March,446.5,Terra,MODIS,34.5,61.03,300.1,8.55,D,0,Kilinochchi
9.0779,80.4906,328.7,1.1,1.1,1/04/2024,2024-04,April,848,Aqua,MODIS,71,61.03,299.5,20.5,D,0,Kilinochchi
9.5456,80.4324,330.8,1,1,1/05/2024,2024-05,May,840,Aqua,MODIS,0,61.03,308.4,13.7,D,0,Kilinochchi
9.13185,80.24295,318.85,1,1,1/07/2024,2024-07,July,851,Aqua,MODIS,61.5,61.03,301.95,8.45,D,0,Kilinochchi
9.242666667,80.46133333,323.9,1.1,1.033333333,1/08/2024,2024-08,August,842.3333333,Aqua,MODIS,64.66666667,61.03,298.7666667,11.73333333,D,0,Kilinochchi
9.41235,80.455625,321.35,1.35,1.15,1/09/2024,2024-09,September,763.75,Terra,MODIS,59.5,61.03,295.325,11.8,D,0,Kilinochchi
9.5414,80.4092,329.3,1,1,1/10/2024,2024-10,October,418,Terra,MODIS,54,61.03,296.1,16.1,D,0,Kilinochchi
9.3604,80.2906,317.3,1.9,1.3,1/03/2025,2025-03,March,350,Terra,MODIS,48,61.03,299.7,19.4,D,0,Kilinochchi
9.37315,80.25225,323.2,1,1,1/05/2025,2025-05,May,915,Aqua,MODIS,76,61.03,300.8,13.8,D,0,Kilinochchi
9.46228,80.38494,319.06,1.2,1.08,1/07/2025,2025-07,July,687.8,Aqua,MODIS,61.8,61.03,296.34,11.32,D,0.6,Kilinochchi
9.372485714,80.37892857,322.0857143,1.028571429,1,1/08/2025,2025-08,August,920.2857143,Aqua,MODIS,65.85714286,61.03,298.7428571,8.914285714,D,0,Kilinochchi
9.149666667,80.24363333,315.2,1,1,1/09/2025,2025-09,September,358.6666667,Terra,MODIS,47.33333333,61.03,295.3333333,7.033333333,D,0,Kilinochchi
7.751,80.4757,316.9,1.5,1.2,1/04/2001,2001-04,April,539,Terra,MODIS,63,6.03,298.9,9.7,D,0,Kurunegala
7.8358,80.3722,326.2,1,1,1/09/2001,2001-09,September,517,Terra,MODIS,58,6.03,306.3,7.3,D,0,Kurunegala
7.8764,80.2559,317.7,1,1,1/08/2002,2002-08,August,804,Aqua,MODIS,43,6.03,288.2,9.3,D,0,Kurunegala
7.858014286,80.34108571,322.4571429,2.314285714,1.428571429,1/09/2002,2002-09,September,748.1428571,Aqua,MODIS,57.57142857,6.03,298.0571429,30.67142857,D,0,Kurunegala
7.5328,79.9256,310,1,1,1/08/2003,2003-08,August,808,Aqua,MODIS,35,6.03,282.7,5.1,D,0,Kurunegala
7.79395,80.3269125,318.825,1.65,1.225,1/09/2003,2003-09,September,910.625,Aqua,MODIS,58.625,6.03,293.9875,20.5,D,0,Kurunegala
7.841927273,80.30185455,326.1454545,1.772727273,1.272727273,1/02/2004,2004-02,February,794.7272727,Terra,MODIS,72.27272727,6.03,302.6636364,30.04545455,D,0,Kurunegala
7.811254545,80.34710909,327.4818182,1.463636364,1.218181818,1/03/2004,2004-03,March,746.3636364,Aqua,MODIS,63.81818182,6.03,302.8181818,23.48181818,D,0,Kurunegala
7.7703,80.2636,330,1.2,1.1,1/07/2004,2004-07,July,757,Aqua,MODIS,75,6.03,298.9,25.6,D,0,Kurunegala
7.815516667,80.34528333,329.25,1.25,1.116666667,1/08/2004,2004-08,August,753.1666667,Aqua,MODIS,73.66666667,6.03,296.3333333,23.75,D,0,Kurunegala
7.8671,80.38335,329.9,1.65,1.25,1/09/2004,2004-09,September,789.5,Aqua,MODIS,54,6.03,296.25,38.75,D,0,Kurunegala
7.874125,80.43155,332.475,2.2,1.4,1/02/2005,2005-02,February,773,Aqua,MODIS,77.25,6.03,300.1,128.475,D,0,Kurunegala
7.796570588,80.25685294,332.5117647,1.058823529,1.029411765,1/03/2005,2005-03,March,790.8235294,Terra,MODIS,74.70588235,6.03,301.9,25.91176471,D,0,Kurunegala
7.8403,80.3042,321.6,1.225,1.125,1/08/2005,2005-08,August,783,Aqua,MODIS,60.25,6.03,298.4,12.275,D,0,Kurunegala
7.7738,80.2294,355.9,1,1,1/09/2005,2005-09,September,808,Aqua,MODIS,84,6.03,300.95,65.5,D,0,Kurunegala
7.7941,80.2672,331.1,1.4,1.2,1/10/2005,2005-10,October,820,Aqua,MODIS,79,6.03,301.2,22.8,D,0,Kurunegala
7.8788,80.4866,315.9,1,1,1/08/2006,2006-08,August,805,Aqua,MODIS,58,6.03,287.1,8.6,D,0,Kurunegala
7.8223,80.23246667,318.2333333,2.4,1.466666667,1/02/2007,2007-02,February,832,Aqua,MODIS,66,6.03,298.7,30.33333333,D,0,Kurunegala
7.81682,80.2941,319.18,1.5,1.18,1/03/2007,2007-03,March,796.6,Aqua,MODIS,62.2,6.03,302.48,12.54,D,0,Kurunegala
7.859825,80.349625,322.65,1.45,1.175,1/08/2007,2007-08,August,805.5,Aqua,MODIS,65,6.03,297,17.05,D,0,Kurunegala
7.8008,80.2737,322,1.1,1.1,1/07/2008,2008-07,July,818,Aqua,MODIS,74,6.03,292.4,13.9,D,0,Kurunegala
7.83045,80.20295,317.35,1.25,1.1,1/08/2008,2008-08,August,780,Aqua,MODIS,54.5,6.03,296,10.05,D,0,Kurunegala
7.8571,80.4427,318.1,1,1,1/09/2008,2008-09,September,813,Aqua,MODIS,46,6.03,295.2,8.9,D,0,Kurunegala
7.897,80.3896,322.8,1,1,1/10/2008,2008-10,October,807,Aqua,MODIS,50,6.03,299.3,11.2,D,0,Kurunegala
7.4066,80.18645,327.3,1.2,1.1,1/02/2009,2009-02,February,804,Aqua,MODIS,78.5,6.03,306,18.4,D,0,Kurunegala
7.638666667,80.3087,321.5333333,2.066666667,1.366666667,1/03/2009,2009-03,March,672,Aqua,MODIS,70,6.03,308.8,20.9,D,0,Kurunegala
7.7689,80.4077,319.3,1.2,1.1,1/07/2009,2009-07,July,803,Aqua,MODIS,40,6.03,300.1,11.1,D,0,Kurunegala
7.7427,80.18076667,317.2666667,1,1,1/08/2009,2009-08,August,815,Aqua,MODIS,42,6.03,293.6666667,8.033333333,D,0,Kurunegala
7.804355556,80.30113333,324.5666667,1.611111111,1.222222222,1/02/2010,2010-02,February,823.3333333,Aqua,MODIS,72.77777778,6.03,304.4222222,21.52222222,D,0,Kurunegala
7.767568182,80.25332727,329.0863636,1.368181818,1.15,1/03/2010,2010-03,March,791,Aqua,MODIS,68.81818182,6.03,306.5454545,22.84545455,D,0,Kurunegala
7.7491,80.2428,313.85,1,1,1/10/2010,2010-10,October,806,Aqua,MODIS,44.5,6.03,296.5,4.35,D,0,Kurunegala
7.7081,80.1615,315.9,1,1,1/06/2011,2011-06,June,811,Aqua,MODIS,20,6.03,297.9,4.6,D,0,Kurunegala
7.6528,80.31955,318.5,1.3,1.15,1/02/2012,2012-02,February,756,Aqua,MODIS,67,6.03,301.85,13.05,D,0,Kurunegala
7.7844,80.2423,323,1.4,1.2,1/03/2012,2012-03,March,824,Aqua,MODIS,74,6.03,298.2,16.2,D,0,Kurunegala
7.87435,80.30005,318.4,1.45,1.2,1/07/2012,2012-07,July,753,Aqua,MODIS,41,6.03,298.8,12.25,D,0,Kurunegala
7.8056,80.2912,328.3857143,1.014285714,1.014285714,1/08/2012,2012-08,August,769,Aqua,MODIS,71,6.03,299.0857143,17.44285714,D,0,Kurunegala
7.79665,80.19145,316.1,1.05,1.05,1/03/2013,2013-03,March,815,Aqua,MODIS,58,6.03,294.45,6.6,D,0,Kurunegala
7.8704,80.29675,328.4,1.05,1.05,1/08/2013,2013-08,August,811.5,Aqua,MODIS,69,6.03,301.65,13.2,D,0,Kurunegala
7.69035,80.2906,324.95,1.25,1.1,1/02/2014,2014-02,February,780,Aqua,MODIS,71.5,6.03,303,15.7,D,0,Kurunegala
7.80477931,80.30952069,328.7896552,1.296551724,1.120689655,1/03/2014,2014-03,March,764.3793103,Aqua,MODIS,71.51724138,6.03,302.1103448,24.91724138,D,0,Kurunegala
7.6838,80.1479,316.4,1,1,1/08/2014,2014-08,August,812,Aqua,MODIS,33,6.03,297.6,5.1,D,0,Kurunegala
7.8117,80.314625,323.5,1.35,1.15,1/09/2014,2014-09,September,766,Aqua,MODIS,65,6.03,295.225,21.5,D,0,Kurunegala
7.8914,80.3171,319,1.5,1.2,1/03/2015,2015-03,March,754,Aqua,MODIS,70,6.03,300,11.9,D,0,Kurunegala
7.79855,80.354325,319.05,1.2,1.1,1/08/2015,2015-08,August,782.5,Aqua,MODIS,51,6.03,298.6,11.15,D,0,Kurunegala
7.6483,80.0934,314.8,2,1.4,1/09/2015,2015-09,September,747,Aqua,MODIS,33,6.03,294.1,15.7,D,0,Kurunegala
7.7039,80.07915,317.8,1.2,1.1,1/10/2015,2015-10,October,523,Terra,MODIS,54,6.03,296.15,10.8,D,0,Kurunegala
7.7167,80.1016,319.9,1,1,1/02/2016,2016-02,February,805,Aqua,MODIS,68,6.03,304.7,9.1,D,0,Kurunegala
7.849,80.2158,321,1,1,1/03/2016,2016-03,March,812,Aqua,MODIS,42,6.03,299.2,7.8,D,0,Kurunegala
7.836,80.2321,317.9,1,1,1/08/2016,2016-08,August,811,Aqua,MODIS,64,6.03,292.3,7.9,D,0,Kurunegala
7.6011,80.179825,317.125,1.175,1.075,1/09/2016,2016-09,September,727.5,Aqua,MODIS,46,6.03,293.85,8.45,D,0,Kurunegala
7.5612,80.2507,322.65,1,1,1/10/2016,2016-10,October,661,Terra,MODIS,65,6.03,299.5,10.7,D,0,Kurunegala
7.8674,80.3865,319.9,1,1,1/03/2017,2017-03,March,809,Aqua,MODIS,66,6.03,300.3,9.15,D,0,Kurunegala
7.8893,80.3057,325.6,1,1,1/08/2017,2017-08,August,511,Terra,MODIS,56,6.03,301.9,11.1,D,0,Kurunegala
7.6941,80.23596,322.08,1,1,1/02/2018,2018-02,February,806,Aqua,MODIS,65.2,6.03,307.06,8.56,D,0,Kurunegala
7.83995,80.3604,335.75,1.05,1.05,1/03/2018,2018-03,March,812,Aqua,MODIS,82.5,6.03,306.2,32.2,D,0,Kurunegala
7.735485714,80.2582,317.9857143,1.285714286,1.114285714,1/09/2018,2018-09,September,935.8571429,Terra,MODIS,60,6.03,291.3285714,13.92857143,N,0,Kurunegala
7.7863,80.251675,322.825,1.2,1.1,1/03/2019,2019-03,March,741.25,Aqua,MODIS,60.5,6.03,305.425,9.3,D,0,Kurunegala
7.4289,80.3309,319.3,1.2,1.1,1/02/2020,2020-02,February,524,Terra,MODIS,69,6.03,305.2,7.5,D,0,Kurunegala
7.650933333,80.17783333,325.7833333,1,1,1/03/2020,2020-03,March,710.6666667,Aqua,MODIS,66,6.03,305.25,10.06666667,D,0,Kurunegala
7.7271,80.482,325.9,1.8,1.3,1/04/2020,2020-04,April,830,Aqua,MODIS,74,6.03,299.5,34,D,0,Kurunegala
7.8135,80.1641,318.3,1,1,1/10/2020,2020-10,October,805,Aqua,MODIS,48,6.03,299.9,8.5,D,0,Kurunegala
7.7445,80.1441,315.3,1,1,1/11/2020,2020-11,November,805,Aqua,MODIS,59,6.03,296.6,6.9,D,0,Kurunegala
7.71622,80.36372,325.14,1.04,1.02,1/02/2021,2021-02,February,797,Aqua,MODIS,69.8,6.03,304.72,14.48,D,0,Kurunegala
7.761977778,80.2938,321.2,1.2,1.077777778,1/03/2021,2021-03,March,800.2222222,Aqua,MODIS,63.66666667,6.03,300.1,11,D,0,Kurunegala
7.8951,80.3937,321,1,1,1/04/2021,2021-04,April,811,Aqua,MODIS,48,6.03,306,6,D,0,Kurunegala
7.5813,80.0732,310.5,1.1,1.1,1/06/2021,2021-06,June,520,Terra,MODIS,43,6.03,294.3,4.7,D,0,Kurunegala
7.7425,80.3429,313.7,1.2,1.1,1/08/2021,2021-08,August,759,Aqua,MODIS,32,6.03,293.1,5.6,D,0,Kurunegala
7.7993,80.2824,321.4,1,1,1/09/2021,2021-09,September,811,Aqua,MODIS,67,6.03,297.2,9.5,D,0,Kurunegala
7.7322,80.21195,321.125,1.05,1,1/01/2022,2022-01,January,738,Terra,MODIS,72.5,6.03,301.5,11.45,D,0,Kurunegala
7.817866667,80.2338,323.35,1.083333333,1.016666667,1/02/2022,2022-02,February,765.1666667,Terra,MODIS,70.16666667,6.03,302.4166667,12.73333333,D,0,Kurunegala
7.7112,80.28275,323.2,1.05,1,1/03/2022,2022-03,March,808,Aqua,MODIS,74,6.03,295.6,12.45,D,0,Kurunegala
7.7805,80.28335,320,1,1,1/09/2022,2022-09,September,812,Aqua,MODIS,62,6.03,299.45,8.15,D,0,Kurunegala
7.5864,80.17958,317.38,1.42,1.14,1/02/2023,2023-02,February,793.2,Aqua,MODIS,64,61.03,298.42,12.34,D,0,Kurunegala
7.7275,80.18465,323.25,1,1,1/03/2023,2023-03,March,816.5,Aqua,MODIS,71,61.03,300.75,10.55,D,0,Kurunegala
7.77685,80.2909,321.1,1.725,1.225,1/08/2023,2023-08,August,633,Aqua,MODIS,48,61.03,300.375,16.525,D,0,Kurunegala
7.7636,80.1464,312.8,1.1,1,1/01/2024,2024-01,January,842,Aqua,MODIS,25,61.03,300.4,5.8,D,0,Kurunegala
7.6974,80.1061,315.6,1.4,1.2,1/02/2024,2024-02,February,453,Terra,MODIS,68,61.03,298.8,13.1,D,0,Kurunegala
7.79626,80.2749,324.04,1.14,1.06,1/03/2024,2024-03,March,837.6,Aqua,MODIS,68,61.03,308.08,10.32,D,0,Kurunegala
7.6954,80.1038,316.1,1.3,1.1,1/05/2024,2024-05,May,831,Aqua,MODIS,72,61.03,292.4,11.4,D,0,Kurunegala
7.6941,80.103,312.8,1.4,1.2,1/11/2024,2024-11,November,842,Aqua,MODIS,64,61.03,295.6,9.5,D,0,Kurunegala
7.8011,80.266875,317.025,1.2,1.1,1/02/2025,2025-02,February,774.75,Terra,MODIS,62,61.03,301.425,9.85,D,0,Kurunegala
7.7652,80.1411,316.8,1,1,1/03/2025,2025-03,March,909,Aqua,MODIS,47.5,61.03,291.85,8.2,D,0,Kurunegala
7.7351,80.4762,314.9,1.2,1.1,1/04/2025,2025-04,April,901,Aqua,MODIS,23,61.03,295.1,9.7,D,0,Kurunegala
7.8414,80.2067,314.2,1.2,1.1,1/07/2025,2025-07,July,910,Aqua,MODIS,52,61.03,297.4,7.4,D,0,Kurunegala
7.76032,80.27752,319.02,1,1,1/08/2025,2025-08,August,811.8,Aqua,MODIS,60.2,61.03,301.44,6.84,D,0,Kurunegala
7.8039,80.2259,316.2,1.1,1,1/09/2025,2025-09,September,920,Aqua,MODIS,65,61.03,297.6,6.8,D,0,Kurunegala
7.7971,80.2612,325.1,1.1,1,1/10/2025,2025-10,October,937,Aqua,MODIS,80,61.03,297.1,18.1,D,0,Kurunegala
9.0137,80.0879,322,1.2,1.1,1/07/2001,2001-07,July,512,Terra,MODIS,57,6.03,295.8,10.9,D,0,Mannar
8.561966667,79.97943333,319.0666667,1.266666667,1.133333333,1/08/2001,2001-08,August,532.6666667,Terra,MODIS,62.33333333,6.03,295.6333333,12.53333333,D,0,Mannar
8.7691,80.1618,323.8,1,1,1/09/2001,2001-09,September,517,Terra,MODIS,59,6.03,304.5,9.1,D,0,Mannar
9.0405,79.8711,317.1,1,1,1/03/2002,2002-03,March,512,Terra,MODIS,46,6.03,301.6,5.6,D,0,Mannar
9.0743,79.842,321.1,1,1,1/06/2002,2002-06,June,512,Terra,MODIS,51,6.03,296.2,9.8,D,0,Mannar
8.8148,80.0598,323.5,1,1,1/07/2002,2002-07,July,512,Terra,MODIS,59,6.03,302.2,8.2,D,0,Mannar
8.892766667,80.02543333,326.2,1.033333333,1,1/08/2002,2002-08,August,613.3333333,Aqua,MODIS,60.66666667,6.03,300.2,10.7,D,0,Mannar
8.8367,80.074175,325.175,1.2,1.125,1/09/2002,2002-09,September,586.25,Terra,MODIS,64.75,6.03,300.325,17.05,D,0,Mannar
9.0101,80.1908,315.5,1,1,1/03/2003,2003-03,March,809,Aqua,MODIS,57,6.03,289.4,8.7,D,0,Mannar
9.031566667,80.035,317.6666667,1.066666667,1.033333333,1/07/2003,2003-07,July,611.3333333,Terra,MODIS,54.33333333,6.03,296.0333333,9.766666667,D,1,Mannar
8.85895,79.9851,324.15,1.15,1.05,1/08/2003,2003-08,August,814,Aqua,MODIS,67.5,6.03,300.95,8.8,D,0,Mannar
8.7752,79.9913,326.6,1,1,1/09/2003,2003-09,September,808,Aqua,MODIS,57,6.03,308.5,9.4,D,0,Mannar
8.755,79.9625,337.5,1,1,1/02/2004,2004-02,February,803,Aqua,MODIS,57,6.03,312,27.8,D,0,Mannar
8.9795,80.1436,317.8,1,1,1/03/2004,2004-03,March,809,Aqua,MODIS,50,6.03,305.2,6.7,D,0,Mannar
8.9902,80.115,318.3,1,1,1/05/2004,2004-05,May,810,Aqua,MODIS,47,6.03,294.6,8.6,D,0,Mannar
8.957175,80.04835,327.375,1,1,1/07/2004,2004-07,July,514.5,Terra,MODIS,70.25,6.03,296.725,16.725,D,0,Mannar
8.921233333,80.15556667,320.4333333,1.533333333,1.233333333,1/08/2004,2004-08,August,824,Aqua,MODIS,56,6.03,292.7,17.46666667,D,0,Mannar
9.128325,80.14555,325.4,1,1,1/09/2004,2004-09,September,663,Terra,MODIS,64.5,6.03,293.575,15.2,D,0,Mannar
8.651425,79.9822,315.1,1.25,1.1,1/08/2005,2005-08,August,630,Terra,MODIS,56,6.03,285.425,13.225,D,0,Mannar
8.87675,80.0539,322.5,1.05,1.05,1/10/2005,2005-10,October,516,Terra,MODIS,54,6.03,299.25,11.85,D,0,Mannar
9.0582,79.84785,327.15,1,1,1/04/2006,2006-04,April,809,Aqua,MODIS,64,6.03,303.5,11.6,D,0,Mannar
8.8589,79.9797,316.45,1.45,1.2,1/05/2006,2006-05,May,627.5,Terra,MODIS,62,6.03,293.2,9.85,D,0,Mannar
8.7866,79.98886,324.46,1,1,1/06/2006,2006-06,June,747.6,Aqua,MODIS,67.8,6.03,301.34,10.2,D,0,Mannar
8.96025,79.83365,318.3,1,1,1/07/2006,2006-07,July,516,Terra,MODIS,62,6.03,299.6,7.65,D,1.5,Mannar
8.5235,79.9183,317.7,1,1,1/08/2006,2006-08,August,805,Aqua,MODIS,68,6.03,275,13.3,D,0,Mannar
8.8342,80.01095,343.45,1.05,1.05,1/09/2006,2006-09,September,667,Aqua,MODIS,84.5,6.03,297.15,43.4,D,0,Mannar
8.81055,79.9868,321.55,1.6,1.25,1/10/2006,2006-10,October,643.5,Aqua,MODIS,51,6.03,298.45,20.5,D,0,Mannar
8.910233333,79.97463333,316.2666667,3.266666667,1.6,1/05/2007,2007-05,May,756.6666667,Aqua,MODIS,22.33333333,6.03,297.4,24.9,D,0,Mannar
8.8752,80.05625,326.2,1.65,1.25,1/07/2007,2007-07,July,496.5,Terra,MODIS,74.5,6.03,298.4,25.45,D,0,Mannar
8.7921,80.0636,321.6,1.4,1.2,1/08/2007,2007-08,August,459,Terra,MODIS,43,6.03,300.8,10.9,D,0,Mannar
8.9529,80.13645,316.05,1,1,1/11/2007,2007-11,November,811,Aqua,MODIS,55.5,6.03,298.5,8.7,D,0,Mannar
8.79,80.0125,321.3,1,1,1/05/2008,2008-05,May,711.6666667,Terra,MODIS,69,6.03,297.3666667,10.4,D,0,Mannar
8.9767,80.0968,315.6,1.2,1.1,1/06/2008,2008-06,June,800,Aqua,MODIS,53,6.03,289.2,10.2,D,0,Mannar
8.8923,80.0278,315.9,1.2,1.1,1/07/2008,2008-07,July,800,Aqua,MODIS,0,6.03,292.8,7.2,D,0,Mannar
8.7338,80.00766667,321.9333333,1.466666667,1.2,1/08/2008,2008-08,August,679,Aqua,MODIS,51,6.03,293.1,18.06666667,D,0,Mannar
8.784957143,79.99631429,320.2142857,1.514285714,1.185714286,1/09/2008,2008-09,September,836.8571429,Terra,MODIS,49,6.03,295.1857143,18.5,D,0,Mannar
8.764,79.9895,328.25,1,1,1/10/2008,2008-10,October,807,Aqua,MODIS,79.5,6.03,302.1,14.35,D,0,Mannar
9.1136,80.1405,315.7,1.4,1.2,1/03/2009,2009-03,March,759,Aqua,MODIS,25,6.03,299.1,17.3,D,0,Mannar
8.9087,79.9995,322.3,1.7,1.3,1/05/2009,2009-05,May,835,Aqua,MODIS,75,6.03,302.5,20.8,D,0,Mannar
8.8573,80.15475,318.05,1.5,1.2,1/06/2009,2009-06,June,786.5,Aqua,MODIS,46,6.03,297.65,11.6,D,0,Mannar
8.905625,79.9974,323.2,2.175,1.425,1/07/2009,2009-07,July,813,Aqua,MODIS,67.5,6.03,295.975,39.525,D,0,Mannar
8.8744,80.02626,317.9,1.38,1.16,1/08/2009,2009-08,August,1476.4,Aqua,MODIS,62,6.03,294.84,16.42,N,0,Mannar
8.92825,80.00655,324.9,1.6,1.25,1/09/2009,2009-09,September,681,Terra,MODIS,73.5,6.03,298.25,15.85,D,0,Mannar
8.880033333,80.01876667,323.6,1.9,1.333333333,1/10/2009,2009-10,October,608.6666667,Terra,MODIS,38,6.03,301.2666667,25.3,D,0,Mannar
9.039,79.8236,321,1.5,1.2,1/03/2010,2010-03,March,756,Aqua,MODIS,0,6.03,298,14.1,D,0,Mannar
8.7604,79.96875,319.25,1.1,1.05,1/06/2010,2010-06,June,655.5,Terra,MODIS,39.5,6.03,292.55,7.5,D,0,Mannar
8.70942,79.9794,323.78,1.24,1.12,1/07/2010,2010-07,July,574.4,Terra,MODIS,52,6.03,298.88,12.92,D,0,Mannar
8.771166667,79.98143333,317.0666667,1.433333333,1.166666667,1/08/2010,2010-08,August,1118.333333,Aqua,MODIS,36.33333333,6.03,293.9666667,12.43333333,D,0,Mannar
8.731233333,80.01133333,317.3,2.6,1.466666667,1/09/2010,2010-09,September,1163,Aqua,MODIS,61.33333333,6.03,294.7666667,31.03333333,N,0,Mannar
8.5649,79.9732,316.2,1,1,1/10/2010,2010-10,October,812,Aqua,MODIS,38,6.03,299.5,6.4,D,0,Mannar
9.0776,79.71735,312.75,1.1,1,1/03/2011,2011-03,March,510,Terra,MODIS,55.5,6.03,300.95,7.05,D,3,Mannar
8.97275,79.99845,316.85,1.2,1.1,1/05/2011,2011-05,May,504,Terra,MODIS,20,6.03,294.55,7.95,D,0,Mannar
8.64828,80.02736,318.72,1.92,1.28,1/06/2011,2011-06,June,602,Terra,MODIS,56,6.03,298.14,19.8,D,0,Mannar
8.674566667,79.98606667,315.4333333,1.466666667,1.2,1/07/2011,2011-07,July,595.3333333,Terra,MODIS,44.66666667,6.03,294.9333333,10.3,D,0,Mannar
8.8434,80.023075,326.8,1.175,1.1,1/08/2011,2011-08,August,725.75,Terra,MODIS,66,6.03,299,16,D,0,Mannar
8.7012,80.015725,328.275,1.1,1.05,1/09/2011,2011-09,September,799.5,Aqua,MODIS,60,6.03,303.5,20.875,D,0,Mannar
8.8259,80.017,329.1,1,1,1/10/2011,2011-10,October,510,Terra,MODIS,79,6.03,302,11.7,D,0,Mannar
8.9741,80.09785,321.3,1,1,1/02/2012,2012-02,February,812,Aqua,MODIS,73,6.03,296.2,12.9,D,0,Mannar
8.9782,80.1057,325.1333333,1.066666667,1.033333333,1/03/2012,2012-03,March,512,Terra,MODIS,72.66666667,6.03,302.6333333,16.46666667,D,0,Mannar
8.93595,79.9544,344.35,1.4,1.2,1/04/2012,2012-04,April,825,Aqua,MODIS,78.5,6.03,302.95,58.75,D,0,Mannar
8.5845,79.9521,323.8,1.1,1.1,1/05/2012,2012-05,May,522,Terra,MODIS,74,6.03,299.2,14.7,D,0,Mannar
8.638415385,79.96715385,315.6076923,1.753846154,1.261538462,1/06/2012,2012-06,June,893.2307692,Terra,MODIS,55.07692308,6.03,288.5923077,22.34615385,D,0,Mannar
8.72498,79.98796,324.7666667,1.166666667,1.073333333,1/07/2012,2012-07,July,852.8666667,Terra,MODIS,67.86666667,6.03,297.9066667,16.85333333,D,0,Mannar
8.682775,80.011975,333.1375,1.625,1.275,1/08/2012,2012-08,August,828.5,Aqua,MODIS,80.125,6.03,298.55,57.0625,D,0,Mannar
8.7238,79.99801429,323.7714286,1.628571429,1.214285714,1/09/2012,2012-09,September,703.4285714,Terra,MODIS,44.71428571,6.03,296.3714286,27.2,D,0,Mannar
8.7478,79.97745,313,1.3,1.15,1/10/2012,2012-10,October,1390.5,Aqua,MODIS,59,6.03,299.65,8.2,D,0,Mannar
8.8114,79.9573,319.1,1.3,1.1,1/02/2013,2013-02,February,824,Aqua,MODIS,69,6.03,302.8,13,D,0,Mannar
8.5868,79.9543,321.2,1,1,1/04/2013,2013-04,April,517,Terra,MODIS,33,6.03,300.5,8.7,D,0,Mannar
8.9713,80.0939,332.6,1,1,1/05/2013,2013-05,May,812,Aqua,MODIS,84,6.03,301.9,24.8,D,0,Mannar
8.9646,80.0908,312.8,1.5,1.2,1/06/2013,2013-06,June,754,Aqua,MODIS,14,6.03,294.1,8.7,D,0,Mannar
9.0198,80.217775,351.775,1.075,1.05,1/07/2013,2013-07,July,733.5,Aqua,MODIS,80.75,6.03,302.475,85.35,D,0,Mannar
8.7498,79.990075,322.775,1.7,1.275,1/08/2013,2013-08,August,745.75,Terra,MODIS,50.25,6.03,292.05,25.7,D,0,Mannar
8.690366667,79.99763333,316.6,1.516666667,1.2,1/09/2013,2013-09,September,848,Aqua,MODIS,50.83333333,6.03,291.5833333,20.75,D,0,Mannar
9.0833,80.0933,320.8,1,1,1/10/2013,2013-10,October,812,Aqua,MODIS,65,6.03,301.7,6.8,D,0,Mannar
9.0422,79.8481,319.6,1.1,1,1/01/2014,2014-01,January,818,Aqua,MODIS,69,6.03,304.2,8.2,D,0,Mannar
8.83945,80.05655,317.3,1.15,1.1,1/02/2014,2014-02,February,1045.5,Aqua,MODIS,62,6.03,299.475,13.75,D,0,Mannar
8.9715,80.105,333.5,1.1,1.1,1/03/2014,2014-03,March,819,Aqua,MODIS,79,6.03,310.3,22.6,D,0,Mannar
9.0748,80.1187,324.66,1,1,1/06/2014,2014-06,June,631.4,Terra,MODIS,68,6.03,299.3,11.92,D,0,Mannar
8.8429,80.0009,325.95,1,1,1/08/2014,2014-08,August,517,Terra,MODIS,74,6.03,301.05,8.95,D,0,Mannar
8.77144,80.01767,322.83,1.4,1.18,1/09/2014,2014-09,September,732,Terra,MODIS,48.9,6.03,300.73,15.73,D,0,Mannar
8.7534,80.002675,322.45,1.15,1.075,1/10/2014,2014-10,October,803,Aqua,MODIS,69.75,6.03,294,17.375,D,0,Mannar
8.744,80.0008,314.8,1.5,1.2,1/11/2014,2014-11,November,754,Aqua,MODIS,63,6.03,299.4,13.4,D,0,Mannar
8.94495,80.11465,311.1,1.2,1.1,1/01/2015,2015-01,January,1262.5,Aqua,MODIS,64.5,6.03,292.15,10.45,D,0,Mannar
8.8291,80.04213333,312.6666667,1,1,1/02/2015,2015-02,February,611.6666667,Terra,MODIS,56.33333333,6.03,301.8,4.733333333,D,0,Mannar
9.0795,79.7071,313.7,1.1,1,1/03/2015,2015-03,March,510,Terra,MODIS,56,6.03,300.7,8.8,D,3,Mannar
9.0602,80.1316,311,1,1,1/05/2015,2015-05,May,812,Aqua,MODIS,54,6.03,292.6,4.3,D,0,Mannar
8.8343,80.0476,317.6,1.8,1.3,1/06/2015,2015-06,June,831,Aqua,MODIS,46,6.03,297.1,16.5,D,0,Mannar
9.034675,80.034825,324.5,1.025,1.025,1/07/2015,2015-07,July,810.5,Aqua,MODIS,51.75,6.03,295.425,12.75,D,0,Mannar
9.0446,80.10115,313.3,1,1,1/08/2015,2015-08,August,1259.5,Terra,MODIS,50.5,6.03,284.8,7.75,N,0,Mannar
8.85295,80.0587,318.25,1,1,1/09/2015,2015-09,September,809,Aqua,MODIS,44,6.03,299.1,7.3,D,0,Mannar
9.0561,80.1353,317.5,1,1,1/02/2016,2016-02,February,812,Aqua,MODIS,72,6.03,290.3,12.1,D,0,Mannar
8.95175,80.09685,327.45,1.2,1.1,1/03/2016,2016-03,March,670.5,Terra,MODIS,71.5,6.03,305.3,16.55,D,0,Mannar
8.8699,80.0437,325.5333333,1,1,1/04/2016,2016-04,April,615.6666667,Aqua,MODIS,47.66666667,6.03,303.5,11.83333333,D,0,Mannar
8.740166667,79.99346667,321.6,1.7,1.266666667,1/05/2016,2016-05,May,502,Terra,MODIS,56.33333333,6.03,298.4,20.56666667,D,0,Mannar
8.7515,80.0064,317.6,1,1,1/06/2016,2016-06,June,812,Aqua,MODIS,51,6.03,297.6,8.3,D,0,Mannar
9.1007,80.1602,324.1,1.2,1.1,1/07/2016,2016-07,July,759,Aqua,MODIS,61,6.03,299.1,15.7,D,0,Mannar
8.963066667,80.05046667,330.0333333,2.066666667,1.366666667,1/08/2016,2016-08,August,794.3333333,Aqua,MODIS,76,6.03,295.5666667,36.1,D,0,Mannar
8.7154,80.02473333,318.9333333,1.333333333,1.133333333,1/09/2016,2016-09,September,672.3333333,Terra,MODIS,38.33333333,6.03,297.0333333,12.86666667,D,0,Mannar
8.820685714,80.04495714,324.5142857,1.242857143,1.114285714,1/10/2016,2016-10,October,650,Terra,MODIS,62.14285714,6.03,301.2285714,15.95714286,D,0,Mannar
9.144,80.1105,311.8,1.9,1.3,1/03/2017,2017-03,March,748,Aqua,MODIS,33,6.03,291.5,18.6,D,0,Mannar
8.9523,80.08156667,331.1666667,1.166666667,1.066666667,1/04/2017,2017-04,April,694.3333333,Aqua,MODIS,73.66666667,6.03,305.0333333,22.8,D,0,Mannar
8.78095,80.04055,315.15,1.05,1.05,1/05/2017,2017-05,May,664.5,Terra,MODIS,56.5,6.03,292.85,7.25,D,0,Mannar
8.96125,80.0297,319.1,1.15,1.05,1/06/2017,2017-06,June,670.5,Aqua,MODIS,64,6.03,291.9,10.7,D,0,Mannar
8.850666667,80.0603,328.6333333,1.2,1.1,1/07/2017,2017-07,July,695.6666667,Aqua,MODIS,53.83333333,6.03,303.2,15.91666667,D,0,Mannar
8.5147,79.8987,316.6,1,1,1/08/2017,2017-08,August,517,Terra,MODIS,48,6.03,294.3,6.3,D,0,Mannar
8.88965,79.9729,325.8,1.6,1.25,1/04/2018,2018-04,April,792.5,Aqua,MODIS,76.5,6.03,299.65,20.95,D,0,Mannar
8.9547,80.0604,318.9,1.1,1.1,1/07/2018,2018-07,July,512,Terra,MODIS,63.66666667,6.03,291.4333333,10.5,D,0,Mannar
8.843,80.0614,323.8666667,1.4,1.2,1/08/2018,2018-08,August,825,Aqua,MODIS,60.66666667,6.03,294.9333333,18.86666667,D,0,Mannar
8.9909,80.14656,320.76,1.64,1.24,1/09/2018,2018-09,September,667.6,Aqua,MODIS,55.8,6.03,298.86,17.56,D,0,Mannar
9.025266667,80.04976667,322.9333333,1.966666667,1.3,1/03/2019,2019-03,March,570,Terra,MODIS,61.33333333,6.03,298.6666667,24.56666667,D,0,Mannar
9.0943,79.7488,355.7,1.7,1.3,1/04/2019,2019-04,April,831,Aqua,MODIS,67.5,6.03,309.6,146.65,D,0,Mannar
8.835266667,79.97816667,323.9333333,1.533333333,1.166666667,1/05/2019,2019-05,May,589.6666667,Terra,MODIS,65,6.03,302.8333333,13.33333333,D,0,Mannar
8.8012,80.08135,323.15,1.2,1.1,1/06/2019,2019-06,June,800,Aqua,MODIS,51.5,6.03,298.35,10.05,D,0,Mannar
8.981533333,80.0772,323.3,1.233333333,1.1,1/07/2019,2019-07,July,676.3333333,Terra,MODIS,65.33333333,6.03,294.7,13.9,D,0,Mannar
9.0683,79.832,327.1,1.2,1.1,1/01/2020,2020-01,January,1654,Terra,MODIS,100,6.03,296.8,31.2,N,0,Mannar
9.03272,79.87337,318.84,1.69,1.26,1/02/2020,2020-02,February,750.8,Terra,MODIS,60.7,6.03,298.67,17.94,D,0,Mannar
9.03825,80.10275,323.3,1.2,1.1,1/03/2020,2020-03,March,670.5,Aqua,MODIS,61.5,6.03,302.55,14.6,D,0,Mannar
8.92035,80.07005,332.1,1,1,1/04/2020,2020-04,April,511,Terra,MODIS,67,6.03,312.1,15.25,D,0,Mannar
9.0259,80.0817,324.8,1,1,1/06/2020,2020-06,June,516,Terra,MODIS,70,6.03,301.9,9.5,D,0,Mannar
8.8103,80.0633,333.1,1.1,1.1,1/07/2020,2020-07,July,818,Aqua,MODIS,80,6.03,296.2,24.1,D,0,Mannar
8.80218,80.0182,316.2,1.2,1.08,1/08/2020,2020-08,August,872.8,Terra,MODIS,52.6,6.03,295.8,9.94,D,0,Mannar
9.062072727,79.82137273,322.8909091,1.390909091,1.136363636,1/10/2020,2020-10,October,640.1818182,Terra,MODIS,61.63636364,6.03,293.6090909,15.99090909,D,0,Mannar
9.0224,79.8605,329.4,1.3,1.1,1/02/2021,2021-02,February,528,Terra,MODIS,72,6.03,299.7,30.2,D,0,Mannar
8.984,80.0496,315.7,2.3,1.5,1/03/2021,2021-03,March,540,Terra,MODIS,63,6.03,297.1,26,D,0,Mannar
8.6985,80.0188,319.5,1.1,1,1/04/2021,2021-04,April,818,Aqua,MODIS,73,6.03,295,12.9,D,0,Mannar
9.0694,80.12266667,317.7666667,1.333333333,1.166666667,1/06/2021,2021-06,June,716.6666667,Terra,MODIS,48.33333333,6.03,296.3666667,10.13333333,D,0,Mannar
9.0069,80.07885,321.9,1,1,1/07/2021,2021-07,July,812,Aqua,MODIS,47,6.03,295.75,8.3,D,0,Mannar
8.897166667,80.06953333,317.8666667,1,1,1/08/2021,2021-08,August,805.3333333,Aqua,MODIS,41.66666667,6.03,289.0333333,7.066666667,D,0,Mannar
9.04965,80.1148,323,1.35,1.15,1/09/2021,2021-09,September,756,Aqua,MODIS,51.5,6.03,301.75,11.6,D,0,Mannar
8.819366667,80.0267,324.8666667,1.233333333,1.1,1/10/2021,2021-10,October,722,Terra,MODIS,55,6.03,299.4666667,18.06666667,D,0,Mannar
8.817,79.96262,320.7,1.28,1.1,1/01/2022,2022-01,January,692.2,Terra,MODIS,57.2,6.03,299.42,16.98,D,0,Mannar
8.88258,80.04928,314.3,1.34,1.14,1/02/2022,2022-02,February,1083.8,Terra,MODIS,62.4,6.03,299.3,12.14,D,0,Mannar
8.8894,80.055875,318.925,1.25,1.125,1/03/2022,2022-03,March,647.5,Terra,MODIS,51,6.03,301.325,9.325,D,0,Mannar
9.0296,80.1082,322.8,1.5,1.2,1/05/2022,2022-05,May,447,Terra,MODIS,68,6.03,293.7,22,D,0,Mannar
9.0766,80.1032,331,1.4,1.2,1/06/2022,2022-06,June,757,Aqua,MODIS,81,6.03,303.6,28.1,D,0,Mannar
9.0239,80.1149,313.8,3.3,1.7,1/08/2022,2022-08,August,426,Terra,MODIS,59,6.03,289.8,35.7,D,0,Mannar
9.074,80.1144,323.7,1.2,1.1,1/09/2022,2022-09,September,450,Terra,MODIS,32,6.03,302,8.1,D,0,Mannar
9.0083,79.8682,321.1,1.2,1.1,1/05/2023,2023-05,May,502,Terra,MODIS,0,61.03,300.3,9.5,D,0,Mannar
8.68,80.0069,320.9,1.2,1.1,1/06/2023,2023-06,June,501,Terra,MODIS,72,61.03,297.7,15.4,D,0,Mannar
8.862354545,80.08194545,323.7818182,1.354545455,1.163636364,1/07/2023,2023-07,July,675.6363636,Aqua,MODIS,64.36363636,61.03,298.9636364,18.28181818,D,0,Mannar
8.93745,80.09043333,317,1.316666667,1.116666667,1/08/2023,2023-08,August,858.6666667,Aqua,MODIS,50.5,61.03,292.2666667,13,D,0,Mannar
8.7938,80.01002,324.56,1.28,1.1,1/09/2023,2023-09,September,822.2,Aqua,MODIS,69.6,61.03,299.98,13.4,D,0,Mannar
8.5656,79.9714,315.5,1.9,1.3,1/03/2024,2024-03,March,458,Terra,MODIS,63,61.03,299.1,17.6,D,0,Mannar
8.7438,80.01485,324.85,1.3,1.1,1/04/2024,2024-04,April,1222,Terra,MODIS,85,61.03,294.3,32.6,N,0,Mannar
8.70655,79.9901,338.35,1,1,1/05/2024,2024-05,May,839,Aqua,MODIS,87.5,61.03,303.75,32.7,D,0,Mannar
8.7088,79.9916,312.8,1.1,1.1,1/06/2024,2024-06,June,836,Aqua,MODIS,66,61.03,286.8,8.8,D,0,Mannar
8.942,80.1017,318.6,1,1,1/07/2024,2024-07,July,433,Terra,MODIS,59,61.03,295.6,9.95,D,0,Mannar
9.1215,80.125,321.45,1,1,1/08/2024,2024-08,August,636,Aqua,MODIS,65.5,61.03,295.75,8.85,D,0,Mannar
9.07215,80.13885,314.45,1,1,1/10/2024,2024-10,October,422,Terra,MODIS,55,61.03,294.15,7.65,D,0,Mannar
8.913175,80.0598,322.85,1,1,1/08/2025,2025-08,August,927.75,Aqua,MODIS,42.25,61.03,304.375,10.325,D,0,Mannar
8.5513,79.99,314.3,1,1,1/09/2025,2025-09,September,358,Terra,MODIS,47,61.03,297.5,5.3,D,0,Mannar
9.015566667,80.08583333,312.4333333,1.666666667,1.266666667,1/10/2025,2025-10,October,794.3333333,Terra,MODIS,41,61.03,294.5666667,11.7,N,0,Mannar
7.59245,80.6217,314.6,1.05,1,1/03/2001,2001-03,March,524.5,Terra,MODIS,50,6.03,301.25,5.95,D,0,Matale
7.4023,80.9308,321,1,1,1/07/2001,2001-07,July,519,Terra,MODIS,59,6.03,302.5,9.4,D,0,Matale
7.4823,80.9177,309.9,1.1,1,1/08/2001,2001-08,August,1701,Terra,MODIS,79,6.03,294.7,7.4,N,0,Matale
7.60355,80.7831,315.75,2,1.3,1/09/2001,2001-09,September,535.5,Terra,MODIS,44.5,6.03,295.35,17.75,D,0,Matale
7.6462,80.8192,324,1,1,1/10/2001,2001-10,October,516,Terra,MODIS,34,6.03,305.5,9.2,D,0,Matale
7.6794,80.8232,315.1,2.3,1.5,1/07/2002,2002-07,July,740,Aqua,MODIS,49,6.03,294.3,22,D,0,Matale
7.540685714,80.81835714,323.6428571,1.642857143,1.257142857,1/08/2002,2002-08,August,779,Aqua,MODIS,65.57142857,6.03,296.4428571,29.28571429,D,0,Matale
7.562266667,80.85826,329.48,1.353333333,1.126666667,1/09/2002,2002-09,September,805.4666667,Aqua,MODIS,73.13333333,6.03,294.5933333,38.36,D,0,Matale
7.4637,81.0979,318.6,1.6,1.2,1/05/2003,2003-05,May,820,Aqua,MODIS,49,6.03,301.1,16.2,D,0,Matale
7.5206,81.00685,318.65,1.3,1.15,1/06/2003,2003-06,June,668.5,Terra,MODIS,56.5,6.03,299.6,10.55,D,0,Matale
7.744466667,80.7248,318.6333333,1.433333333,1.166666667,1/07/2003,2003-07,July,780.3333333,Aqua,MODIS,59.33333333,6.03,297.9666667,11.76666667,D,0,Matale
7.63,80.70704444,322.2444444,1.388888889,1.177777778,1/08/2003,2003-08,August,756.1111111,Aqua,MODIS,53.77777778,6.03,299.8666667,20.65555556,D,0,Matale
7.607746341,80.7965878,327.8121951,1.290243902,1.141463415,1/09/2003,2003-09,September,827.097561,Aqua,MODIS,69.73170732,6.03,299.8414634,28.2,D,0,Matale
7.5699,80.8301,320.3,1.4,1.2,1/10/2003,2003-10,October,750,Aqua,MODIS,71,6.03,298.9,15.7,D,0,Matale
7.426833333,80.69896667,320.6,1.1,1.066666667,1/02/2004,2004-02,February,676.6666667,Aqua,MODIS,56.66666667,6.03,301.5666667,14.4,D,0,Matale
7.3978,80.6904,317.6,1.5,1.2,1/03/2004,2004-03,March,821,Aqua,MODIS,45,6.03,302,12.7,D,0,Matale
7.564283333,80.90669167,324.9083333,1.05,1.008333333,1/06/2004,2004-06,June,917.4166667,Terra,MODIS,53.58333333,6.03,303.3333333,15.45,D,0,Matale
7.44655,80.9835,323.8,1.2,1.1,1/07/2004,2004-07,July,458,Terra,MODIS,57.5,6.03,303.5,13.9,D,0,Matale
7.720373333,80.66344667,328.9,1.886666667,1.32,1/08/2004,2004-08,August,722.4,Terra,MODIS,66.86666667,6.03,297.3933333,44.94666667,D,0,Matale
7.678414286,80.77465714,323.5857143,1.5,1.214285714,1/09/2004,2004-09,September,757.7142857,Aqua,MODIS,56.85714286,6.03,292.1428571,24.47142857,D,0,Matale
7.8798,80.5278,314.9,1,1,1/10/2004,2004-10,October,803,Aqua,MODIS,54,6.03,296.7,5.4,D,0,Matale
7.5377,80.96775,325.05,1.15,1.05,1/07/2005,2005-07,July,665,Terra,MODIS,58.5,6.03,301.4,17.2,D,0,Matale
7.5854,80.790475,313.175,1.2875,1.125,1/08/2005,2005-08,August,1393.5,Aqua,MODIS,64.125,6.03,292.0125,12.75,D,0,Matale
7.586233333,80.77261111,325.5666667,2.055555556,1.355555556,1/09/2005,2005-09,September,770.2222222,Aqua,MODIS,69,6.03,298.7777778,44.27777778,D,0,Matale
7.597533333,80.8159,325.5666667,1,1,1/10/2005,2005-10,October,708,Terra,MODIS,65.66666667,6.03,298.3666667,13.3,D,0,Matale
7.512866667,81.04003333,324.7666667,1.5,1.2,1/06/2006,2006-06,June,822,Aqua,MODIS,41.66666667,6.03,303.3333333,22.43333333,D,0,Matale
7.548666667,80.9416,324.2666667,1.483333333,1.183333333,1/07/2006,2006-07,July,689.5,Aqua,MODIS,48.16666667,6.03,296.6666667,30.16666667,D,0,Matale
7.554544444,80.8422,317.1,1.511111111,1.188888889,1/08/2006,2006-08,August,890.5555556,Terra,MODIS,54.66666667,6.03,295.6111111,17.77777778,D,0,Matale
7.6731,80.7246,321.5,1.325,1.125,1/09/2006,2006-09,September,724.5,Aqua,MODIS,65.25,6.03,293.725,17.625,D,0,Matale
7.697133333,80.6942,319.4666667,1.566666667,1.233333333,1/10/2006,2006-10,October,595,Aqua,MODIS,63.66666667,6.03,295.4333333,22.83333333,D,0,Matale
7.5906,80.5414,311.8,1.8,1.3,1/12/2006,2006-12,December,829,Aqua,MODIS,40,6.03,298.4,15,D,0,Matale
7.5419,80.7089,306,1.1,1,1/03/2007,2007-03,March,2011,Aqua,MODIS,66,6.03,294.1,7.2,N,0,Matale
7.5974,80.636,317.5,1.1,1.1,1/05/2007,2007-05,May,759,Aqua,MODIS,59,6.03,298.9,10.1,D,0,Matale
7.5304,80.8959,318.8,1.1,1.1,1/07/2007,2007-07,July,759,Aqua,MODIS,58,6.03,302.1,8.7,D,0,Matale
7.60998,80.7612,317.46,1.72,1.3,1/08/2007,2007-08,August,689,Aqua,MODIS,54,6.03,295.3,16.92,D,0,Matale
7.6389,80.78845,319.9,1.1,1.1,1/09/2007,2007-09,September,759,Aqua,MODIS,58,6.03,299,11.35,D,0,Matale
7.73176,80.74198,320.48,1.44,1.18,1/07/2008,2008-07,July,723,Aqua,MODIS,67,6.03,298.3,15.42,D,0,Matale
7.482225,80.9888,322.2,1.275,1.1,1/08/2008,2008-08,August,770.25,Aqua,MODIS,64.25,6.03,300.525,15.2,D,0,Matale
7.627207143,80.73271429,322.0357143,1.328571429,1.142857143,1/09/2008,2008-09,September,976.2142857,Aqua,MODIS,69.35714286,6.03,298.85,27.05714286,D,0.142857143,Matale
7.8816,80.5596,322.1,1,1,1/10/2008,2008-10,October,517,Terra,MODIS,50,6.03,305.2,7.2,D,0,Matale
7.621133333,80.83843333,319.2666667,1.1,1.066666667,1/06/2009,2009-06,June,1110.666667,Aqua,MODIS,63,6.03,296.7333333,13.73333333,D,0,Matale
7.53733125,80.9004125,315.95625,1.33125,1.13125,1/07/2009,2009-07,July,1110.125,Aqua,MODIS,54.875,6.03,290.125,12.66875,D,0,Matale
7.6227,80.8182,329.5,1.5,1.2,1/08/2009,2009-08,August,827,Aqua,MODIS,80,6.03,304,31.2,D,0,Matale
7.570788889,80.78914444,324.3444444,1.777777778,1.244444444,1/09/2009,2009-09,September,749.6666667,Aqua,MODIS,69.77777778,6.03,298.3222222,24.44444444,D,0,Matale
7.5037,80.86995,316.25,1.05,1,1/10/2009,2009-10,October,1108.5,Terra,MODIS,75,6.03,298.75,10.8,N,0,Matale
7.5445,80.5304,319.3,1,1,1/03/2010,2010-03,March,511,Terra,MODIS,69,6.03,300.1,8,D,0,Matale
7.634233333,80.86626667,317.2666667,1.4,1.166666667,1/07/2010,2010-07,July,686,Aqua,MODIS,51,6.03,292.2333333,16.56666667,D,0,Matale
7.53275,80.89765,317.75,1.1,1.05,1/08/2010,2010-08,August,484,Terra,MODIS,51.5,6.03,289.9,10.6,D,0,Matale
7.6269,80.7683,333,1.8,1.3,1/09/2010,2010-09,September,747,Aqua,MODIS,85,6.03,292.95,62.75,D,0,Matale
7.7542,80.7217,315.6,1.1,1.1,1/10/2010,2010-10,October,800,Aqua,MODIS,63,6.03,297.7,9,D,0,Matale
7.57935,80.7269,317.45,1.05,1,1/03/2011,2011-03,March,655.5,Terra,MODIS,63,6.03,301.9,8.7,D,0,Matale
7.6813,80.8235,316.8,1.1,1.1,1/05/2011,2011-05,May,759,Aqua,MODIS,60,6.03,299.2,8.5,D,0,Matale
7.4714,81.1019,321.3,1.3,1.1,1/06/2011,2011-06,June,523,Terra,MODIS,71,6.03,302.6,15.9,D,0,Matale
7.5348,80.892,322.9,1.133333333,1.066666667,1/08/2011,2011-08,August,932.8333333,Aqua,MODIS,64,6.03,301.6333333,15.01666667,D,0,Matale
7.583581818,80.86629091,325.3272727,1.690909091,1.227272727,1/09/2011,2011-09,September,732.2727273,Terra,MODIS,56.36363636,6.03,296.8272727,25.8,D,0,Matale
7.5137,80.7494,303.1,1,1,1/10/2011,2011-10,October,2016,Aqua,MODIS,41,6.03,286.4,6.8,N,0,Matale
7.6714,80.8346,305.4,1.4,1.2,1/06/2012,2012-06,June,1647,Terra,MODIS,60.5,6.03,294.45,6.7,N,0,Matale
7.58561,80.83905,321.68,1.86,1.3,1/07/2012,2012-07,July,889,Aqua,MODIS,67.7,6.03,299.98,38.52,N,0,Matale
7.5404,80.8400375,319.1875,1.3625,1.15,1/08/2012,2012-08,August,1045.875,Terra,MODIS,67.75,6.03,290.375,19.9625,N,0,Matale
7.534075,80.8249,321.375,2.05,1.35,1/09/2012,2012-09,September,709.75,Aqua,MODIS,45.75,6.03,298.375,26.625,D,0,Matale
7.7004,80.6715,333.2,1,1,1/10/2012,2012-10,October,811,Aqua,MODIS,78,6.03,307.2,18.7,D,0,Matale
7.543,80.9413,321.1,1.5,1.2,1/07/2013,2013-07,July,824,Aqua,MODIS,65,6.03,301.6,14.5,D,0,Matale
7.690066667,80.78536667,323.7666667,1.333333333,1.133333333,1/08/2013,2013-08,August,680.3333333,Aqua,MODIS,71.66666667,6.03,295.5333333,24.9,D,0,Matale
7.548742857,80.81258571,318.8428571,2.385714286,1.442857143,1/09/2013,2013-09,September,746.1428571,Aqua,MODIS,56.14285714,6.03,296.1571429,37.7,D,0,Matale
7.576044444,80.87292222,333.0444444,1.277777778,1.1,1/10/2013,2013-10,October,752.3333333,Terra,MODIS,76.33333333,6.03,300.2,37.52222222,D,0,Matale
7.43525,80.65275,319,1.9,1.35,1/03/2014,2014-03,March,795,Aqua,MODIS,62,6.03,304.85,21.05,D,0,Matale
7.6683,80.8240625,323.2875,1.2125,1.0875,1/05/2014,2014-05,May,631,Terra,MODIS,70.25,6.03,301.85,16.3875,D,0,Matale
7.60885,80.8802,323.7142857,1.385714286,1.157142857,1/07/2014,2014-07,July,901.4285714,Aqua,MODIS,64.57142857,6.03,300.0285714,22.40714286,N,0,Matale
7.6008,80.824925,319.9,1.125,1.075,1/08/2014,2014-08,August,784,Aqua,MODIS,61.25,6.03,295.05,11.375,D,0,Matale
7.4833,80.90260769,326.2923077,1.5,1.215384615,1/09/2014,2014-09,September,687.3076923,Aqua,MODIS,69.69230769,6.03,296.5230769,27.52307692,D,0,Matale
7.453,80.87865,349.65,1.1,1.1,1/10/2014,2014-10,October,759,Aqua,MODIS,94.5,6.03,294.25,65.85,D,0,Matale
7.5609,80.8323,313,1.4,1.2,1/11/2014,2014-11,November,753,Aqua,MODIS,54,6.03,299.8,10,D,0,Matale
7.5565,80.8814,320.9,2.3,1.5,1/06/2015,2015-06,June,742,Aqua,MODIS,69,6.03,299.8,37.5,D,0,Matale
7.63625,80.82771667,321.6166667,1.216666667,1.116666667,1/07/2015,2015-07,July,789.5,Aqua,MODIS,67.83333333,6.03,297.6166667,15.23333333,D,0,Matale
7.5789,80.87055,309.6,2,1.35,1/08/2015,2015-08,August,1045,Terra,MODIS,54.5,6.03,294.05,18.25,N,0,Matale
7.6643,80.8188,315.8,1.4,1.2,1/10/2015,2015-10,October,753,Aqua,MODIS,33,6.03,297,9.5,D,0,Matale
7.7696,80.6167,323.9,1,1,1/04/2016,2016-04,April,806,Aqua,MODIS,45,6.03,303.4,10.7,D,0,Matale
7.6786,80.8363,316.2,1.3,1.1,1/06/2016,2016-06,June,524,Terra,MODIS,41,6.03,296.6,9.8,D,0,Matale
7.573,80.9045,320.3,1.05,1,1/07/2016,2016-07,July,1083,Terra,MODIS,59,6.03,297.25,12.25,N,0,Matale
7.617430769,80.83309231,318.3461538,1.476923077,1.192307692,1/08/2016,2016-08,August,825.8461538,Aqua,MODIS,52.23076923,6.03,293.9846154,18.12307692,D,0,Matale
7.552413043,80.87347826,323.6217391,1.586956522,1.22173913,1/09/2016,2016-09,September,835.173913,Aqua,MODIS,57.7826087,6.03,301.2,20.59130435,D,0,Matale
7.6233875,80.7661375,320.69375,1.9625,1.28125,1/10/2016,2016-10,October,1209.625,Aqua,MODIS,64.4375,6.03,297.275,46.93125,D,0,Matale
7.6908,80.7491,318.3,1.15,1.05,1/04/2017,2017-04,April,514,Terra,MODIS,52.5,6.03,301.1,11.8,D,0,Matale
7.7731,80.6327,352.2,1,1,1/05/2017,2017-05,May,805,Aqua,MODIS,96,6.03,295.1,62.3,D,0,Matale
7.58578,80.86402,320.58,1.04,1,1/06/2017,2017-06,June,932,Aqua,MODIS,66,6.03,298.26,11.82,D,0,Matale
7.653225,80.77815,313.2,1.525,1.2,1/07/2017,2017-07,July,804.5,Terra,MODIS,58.75,6.03,292.65,12.35,D,0,Matale
7.676254545,80.74535455,323.1727273,1.618181818,1.2,1/08/2017,2017-08,August,686.5454545,Aqua,MODIS,60.90909091,6.03,296.4181818,23.15454545,D,0,Matale
7.666733333,80.75646667,317.9666667,1.583333333,1.2,1/09/2017,2017-09,September,494.5,Terra,MODIS,53.66666667,6.03,298.3,15.91666667,D,0,Matale
7.670066667,80.7345,321.5333333,1.283333333,1.083333333,1/10/2017,2017-10,October,540.6666667,Terra,MODIS,59.66666667,6.03,296.5,15.66666667,D,0,Matale
7.8113,80.5206,315.3,1.4,1.2,1/03/2018,2018-03,March,754,Aqua,MODIS,52,6.03,297.5,10,D,0,Matale
7.6673,80.822,313,1.2,1.1,1/06/2018,2018-06,June,779.5,Aqua,MODIS,43.5,6.03,291,8.4,D,0,Matale
7.68005,80.6602,308.3,1.1,1,1/07/2018,2018-07,July,1270.5,Terra,MODIS,48.5,6.03,292.65,5.8,D,0,Matale
7.577718182,80.85950909,315.8909091,1.272727273,1.090909091,1/08/2018,2018-08,August,960.9090909,Terra,MODIS,62.90909091,6.03,292.8,13.43636364,D,0,Matale
7.55312,80.91452,322.66,2,1.36,1/09/2018,2018-09,September,687.8,Aqua,MODIS,47.4,6.03,302.5,23.16,D,0,Matale
7.62408,80.68542,326.22,1.02,1,1/03/2019,2019-03,March,630.2,Terra,MODIS,63.2,6.03,306.48,15.96,D,0,Matale
7.5986,80.8152,322.5,1.5,1.2,1/04/2019,2019-04,April,676.5,Terra,MODIS,61.5,6.03,301.85,16.35,D,0,Matale
7.64226,80.81616,321.08,1.64,1.22,1/05/2019,2019-05,May,665.8,Aqua,MODIS,59,6.03,299.58,17.82,D,0,Matale
7.66065,80.8138,319.95,2.25,1.35,1/06/2019,2019-06,June,679.5,Aqua,MODIS,63.5,6.03,301.1,32.9,D,0,Matale
7.610833333,80.86476667,316.1666667,1.166666667,1.066666667,1/07/2019,2019-07,July,987.6666667,Aqua,MODIS,63.33333333,6.03,297.3333333,9.566666667,D,0,Matale
7.603466667,80.8684,318.1,2.4,1.466666667,1/08/2019,2019-08,August,659.6666667,Terra,MODIS,61.33333333,6.03,287.2333333,41.96666667,D,0,Matale
7.62274,80.82822,327.02,1.02,1,1/09/2019,2019-09,September,989.4,Aqua,MODIS,64,6.03,301.98,17.72,D,0,Matale
7.5307,80.9225,319.4,1.6,1.2,1/03/2020,2020-03,March,453,Terra,MODIS,45,6.03,300.7,13.2,D,0,Matale
7.46805,80.80315,321,1,1,1/04/2020,2020-04,April,661.5,Terra,MODIS,49.5,6.03,305.1,8.4,D,0,Matale
7.463933333,81.0955,325,1.133333333,1.066666667,1/06/2020,2020-06,June,815.6666667,Aqua,MODIS,15.66666667,6.03,298.2666667,16.3,D,0,Matale
7.558583333,80.90775,312.1833333,1.333333333,1.133333333,1/08/2020,2020-08,August,1413.666667,Aqua,MODIS,51.83333333,6.03,297.55,8.183333333,D,0,Matale
7.76945,80.6175,322.7,1,1,1/09/2020,2020-09,September,511,Terra,MODIS,68.5,6.03,297.3,11.55,D,0,Matale
7.57098,80.84664,338.88,1.48,1.24,1/10/2020,2020-10,October,584.2,Aqua,MODIS,84.2,6.03,301.28,67.16,D,0,Matale
7.57795,80.80255,317.35,1.2,1.1,1/04/2021,2021-04,April,640,Aqua,MODIS,35,6.03,298.3,11.3,D,0,Matale
7.70775,80.6157,313.75,1.2,1.1,1/08/2021,2021-08,August,779,Aqua,MODIS,54.5,6.03,292.1,8.9,D,0,Matale
7.4175,80.9084,314.2,2.3,1.5,1/09/2021,2021-09,September,741,Aqua,MODIS,16,6.03,294.5,22.5,D,0,Matale
7.4365,80.67885,319.1,1,1,1/02/2022,2022-02,February,812,Aqua,MODIS,62.5,6.03,304.5,9.8,D,0,Matale
7.6121,80.5418,311.3,1.2,1.1,1/03/2022,2022-03,March,514,Terra,MODIS,18,6.03,295.9,6,D,0,Matale
7.5427,80.9483,319.4,1,1,1/06/2022,2022-06,June,809,Aqua,MODIS,56,6.03,298.7,6.6,D,0,Matale
7.52472,80.9216,310.31,1.19,1.1,1/07/2022,2022-07,July,1463.7,Aqua,MODIS,58.2,6.03,287.03,9.23,N,0,Matale
7.7115,80.7202,314.4,1.1,1.1,1/08/2022,2022-08,August,804,Aqua,MODIS,59,6.03,292.7,8.2,D,0,Matale
7.559566667,80.82803333,319.1333333,1.233333333,1.133333333,1/09/2022,2022-09,September,1196.333333,Aqua,MODIS,74.66666667,6.03,298.8666667,15.9,D,0,Matale
7.8529,80.6041,311.2,1.5,1.2,1/11/2022,2022-11,November,511,Terra,MODIS,46,6.03,296,7.9,D,0,Matale
7.759,80.5405,314.3,1,1,1/12/2022,2022-12,December,820,Aqua,MODIS,64,6.03,289.1,9.5,D,0,Matale
7.5394,80.8345,310.35,1.3,1.15,1/03/2023,2023-03,March,651.5,Terra,MODIS,24,61.03,295,6.5,D,0,Matale
7.526,80.8811,322.4,1,1,1/06/2023,2023-06,June,819,Aqua,MODIS,70,61.03,299.2,12.1,D,0,Matale
7.569111111,80.86783333,320.7222222,1.477777778,1.222222222,1/07/2023,2023-07,July,900.1111111,Aqua,MODIS,64.66666667,61.03,298.0333333,19.21111111,D,0,Matale
7.6201,80.75078889,319.2666667,1.388888889,1.155555556,1/08/2023,2023-08,August,877.3333333,Aqua,MODIS,57.77777778,61.03,296.5777778,15.92222222,D,0,Matale
7.689433333,80.70513333,308.5666667,1.133333333,1.066666667,1/09/2023,2023-09,September,1359.333333,Terra,MODIS,56.33333333,61.03,282.2666667,8.933333333,N,0,Matale
7.5764,80.72786667,317.1,1.266666667,1.1,1/03/2024,2024-03,March,576.6666667,Terra,MODIS,56.33333333,61.03,301.1,11.66666667,D,0,Matale
7.5925,80.89948333,315.1333333,1.15,1.066666667,1/07/2024,2024-07,July,898.3333333,Terra,MODIS,44.5,61.03,292.8,8.9,D,0,Matale
7.683285714,80.75914286,311.4428571,1.185714286,1.085714286,1/09/2024,2024-09,September,1558.285714,Aqua,MODIS,74.28571429,61.03,294.1571429,9.085714286,D,0,Matale
7.5676,80.8376,312.9,1,1,1/10/2024,2024-10,October,636.5,Aqua,MODIS,47.5,61.03,284.8,6.45,D,0,Matale
7.7504,80.6117,309.3,1.1,1,1/02/2025,2025-02,February,418,Terra,MODIS,42,61.03,299.1,5.2,D,0,Matale
7.679,80.7556,311.6,1.8,1.3,1/03/2025,2025-03,March,430,Terra,MODIS,39,61.03,289.7,16.1,D,0,Matale
7.56646,80.85452,314.22,1.02,1.02,1/07/2025,2025-07,July,1040.2,Aqua,MODIS,52.6,61.03,297.3,7.48,D,0,Matale
7.6056875,80.749075,326.475,1.05,1.0125,1/08/2025,2025-08,August,1074.875,Aqua,MODIS,76.125,61.03,300.725,21.275,D,0,Matale
7.539783333,80.8649,313.45,1.983333333,1.366666667,1/09/2025,2025-09,September,763,Aqua,MODIS,51.66666667,61.03,293.95,16.25,D,0,Matale
7.6948,80.6985,315,1,1,1/10/2025,2025-10,October,922,Aqua,MODIS,49,61.03,296.1,7.8,D,0,Matale
6.2016,80.6977,326.3,1,1,1/09/2001,2001-09,September,511,Terra,MODIS,72,6.03,300.9,11.6,D,0,Matara
6.13905,80.54185,315.05,1.05,1,1/02/2002,2002-02,February,507,Terra,MODIS,52,6.03,303.6,6.2,D,0,Matara
6.3025,80.5049,313.4,1.1,1,1/03/2002,2002-03,March,506,Terra,MODIS,40,6.03,298.3,6.9,D,0,Matara
6.2674,80.5589,320.7,1.1,1,1/06/2002,2002-06,June,519,Terra,MODIS,71,6.03,297.6,14.5,D,0,Matara
6.20245,80.7576,319.05,1.1,1.05,1/08/2002,2002-08,August,783,Aqua,MODIS,57.5,6.03,298.25,8.05,D,0,Matara
6.2463,80.7286,316.9,1.4,1.2,1/09/2003,2003-09,September,749,Aqua,MODIS,70,6.03,293.5,16.9,D,0,Matara
6.3253,80.7311,313.55,2.4,1.5,1/12/2003,2003-12,December,738,Aqua,MODIS,60.5,6.03,297.8,27.3,D,0,Matara
5.9732,80.5424,314.8,1,1,1/01/2004,2004-01,January,808,Aqua,MODIS,42,6.03,298.1,5.8,D,0,Matara
6.2966,80.7531,324.3,1.2,1.1,1/07/2004,2004-07,July,757,Aqua,MODIS,73,6.03,299.7,16.5,D,0,Matara
6.21984,80.7444,321.04,1.22,1.1,1/08/2004,2004-08,August,710.2,Terra,MODIS,60,6.03,293.8,16.36,D,0,Matara
6.2993,80.4771,316,1.5,1.2,1/02/2005,2005-02,February,750,Aqua,MODIS,60,6.03,302.3,13.6,D,0,Matara
6.22585,80.49485,317.35,1,1,1/03/2005,2005-03,March,802,Aqua,MODIS,36.5,6.03,301.8,6.05,D,0,Matara
6.1373,80.5296,313.3,1.2,1.1,1/01/2006,2006-01,January,755,Aqua,MODIS,57,6.03,300.9,6.9,D,0,Matara
6.2928,80.7505,320.8,1.4,1.2,1/08/2006,2006-08,August,752,Aqua,MODIS,67,6.03,299.7,17.9,D,0,Matara
6.3106,80.7418,315.1,1.4,1.2,1/10/2006,2006-10,October,753,Aqua,MODIS,42,6.03,297,9.9,D,0,Matara
6.0539,80.49393333,325.7,1.2,1.066666667,1/03/2007,2007-03,March,594,Terra,MODIS,76,6.03,301.1666667,22.63333333,D,0,Matara
6.3387,80.7295,317.3,1.4,1.2,1/08/2007,2007-08,August,752,Aqua,MODIS,48,6.03,297.1,13.4,D,0,Matara
5.9588,80.5191,318.6,1,1,1/01/2009,2009-01,January,815,Aqua,MODIS,53,6.03,302.8,7.1,D,0,Matara
6.1129,80.7705,319.6,1,1,1/02/2009,2009-02,February,810,Aqua,MODIS,62,6.03,304.1,6.3,D,0,Matara
6.115825,80.695075,322.875,1.05,1.05,1/03/2009,2009-03,March,819,Aqua,MODIS,64.5,6.03,302.75,9.7,D,0.5,Matara
6.1339,80.7466,325.7,1,1,1/09/2009,2009-09,September,814,Aqua,MODIS,74,6.03,302.4,15.5,D,0,Matara
6.0738,80.7981,323.1333333,1,1,1/02/2010,2010-02,February,813,Aqua,MODIS,74.33333333,6.03,303.5,11.7,D,0,Matara
6.0114,80.5803,318.2,1.2,1.1,1/02/2012,2012-02,February,759,Aqua,MODIS,69,6.03,304.7,9.8,D,0,Matara
6.061,80.7426,315.6,1.9,1.3,1/04/2012,2012-04,April,747,Aqua,MODIS,64,6.03,299.1,15.4,D,0,Matara
5.9743,80.5357,316.9,1,1,1/05/2012,2012-05,May,811,Aqua,MODIS,67,6.03,302.3,5.8,D,0,Matara
6.0588,80.813,320.9,1.4,1.2,1/05/2014,2014-05,May,824,Aqua,MODIS,60,6.03,297,16.9,D,0,Matara
6.279875,80.735125,315.875,2.35,1.45,1/08/2014,2014-08,August,743.75,Aqua,MODIS,39,6.03,292.225,27.5,D,0,Matara
6.23845,80.7019,315.25,1.15,1.05,1/03/2015,2015-03,March,638,Terra,MODIS,55,6.03,299.45,7.15,D,0,Matara
6.3116,80.7525,313.4,1.4,1.2,1/10/2015,2015-10,October,753,Aqua,MODIS,54,6.03,296,8.4,D,0,Matara
6.2392,80.7683,316.5,1,1,1/01/2016,2016-01,January,805,Aqua,MODIS,63,6.03,300.4,7.6,D,0,Matara
6.03995,80.7008,321.1,1.1,1.05,1/03/2016,2016-03,March,635,Terra,MODIS,69,6.03,302.1,9.15,D,0,Matara
6.1704,80.73265,316.25,1.4,1.15,1/08/2016,2016-08,August,638,Aqua,MODIS,66.5,6.03,295.1,13.05,D,0,Matara
6.2896,80.7197,316.7,1.5,1.2,1/09/2016,2016-09,September,752,Aqua,MODIS,59,6.03,298,12.5,D,0,Matara
6.0411,80.7916,322.6,1.1,1.1,1/04/2017,2017-04,April,818,Aqua,MODIS,57,6.03,298.2,14.4,D,0,Matara
6.0451,80.7974,319.1,1,1,1/04/2018,2018-04,April,806,Aqua,MODIS,49,6.03,302.1,5.8,D,0,Matara
6.003,80.5743,317.3,1.5,1.2,1/08/2018,2018-08,August,454,Terra,MODIS,56,6.03,296.3,14.7,D,0,Matara
6.1758,80.63043333,319.7666667,1.366666667,1.133333333,1/09/2018,2018-09,September,770.3333333,Aqua,MODIS,61.66666667,6.03,297.6666667,14.46666667,D,0,Matara
6.016266667,80.68146667,316.3,1.233333333,1.1,1/02/2019,2019-02,February,719.3333333,Aqua,MODIS,38.33333333,6.03,297.2333333,7.766666667,D,0,Matara
6.0478,80.62543333,319.5666667,1.483333333,1.2,1/03/2020,2020-03,March,596.1666667,Aqua,MODIS,54,6.03,299.1833333,14.08333333,D,0,Matara
6.0445,80.7748,332.1,1.1,1.1,1/04/2020,2020-04,April,817,Aqua,MODIS,84,6.03,300.7,20.6,D,0,Matara
6.0238,80.5912,314,2.1,1.4,1/03/2021,2021-03,March,535,Terra,MODIS,26,6.03,301.4,16.2,D,0,Matara
6.1414,80.7842,314.9,1.1,1,1/08/2025,2025-08,August,915,Aqua,MODIS,62,61.03,295.5,6.7,D,0,Matara
6.8416,81.27214,314.38,1.3,1.12,1/03/2001,2001-03,March,1004.2,Terra,MODIS,59.8,6.03,298.72,11.7,D,0,Monaragala
6.8266,81.7907,319.8,2,1.4,1/04/2001,2001-04,April,540,Terra,MODIS,59,6.03,299.6,19.9,D,0,Monaragala
6.5232,81.42915,314.7,1.7,1.25,1/05/2001,2001-05,May,482.5,Terra,MODIS,42,6.03,292.4,11.65,D,0,Monaragala
6.843383333,81.38086667,320.4,1.05,1.033333333,1/07/2001,2001-07,July,717,Terra,MODIS,68.33333333,6.03,297.6166667,10.66666667,D,0,Monaragala
6.724480645,81.3685,319.2870968,1.522580645,1.177419355,1/08/2001,2001-08,August,1092.645161,Terra,MODIS,71.48387097,6.03,293.5258065,28.25806452,N,0,Monaragala
6.791529412,81.28986471,333.1176471,1.352941176,1.123529412,1/09/2001,2001-09,September,516.1176471,Terra,MODIS,75.23529412,6.03,303.1411765,30.71764706,D,0,Monaragala
6.832,81.8149,314,1.2,1.1,1/10/2001,2001-10,October,522,Terra,MODIS,0,6.03,293.3,10.8,D,0,Monaragala
6.8666,81.1895,312.4,1,1,1/03/2002,2002-03,March,506,Terra,MODIS,53,6.03,296.2,4.7,D,0,Monaragala
6.776833333,81.56426667,322.4,1,1,1/05/2002,2002-05,May,507,Terra,MODIS,61.33333333,6.03,302.4,8.6,D,0,Monaragala
6.9060625,81.517825,321.675,1.5,1.1875,1/06/2002,2002-06,June,492.875,Terra,MODIS,68.875,6.03,299.9875,15.7375,D,0,Monaragala
6.786733962,81.39624906,324.0132075,1.477358491,1.166037736,1/07/2002,2002-07,July,825.2075472,Terra,MODIS,66.73584906,6.03,295.090566,27.80566038,D,0,Monaragala
6.792732813,81.45861563,327.5875,1.75625,1.2640625,1/08/2002,2002-08,August,775.515625,Terra,MODIS,66.265625,6.03,297.5234375,40.790625,D,0,Monaragala
6.812846875,81.42150625,328.4385417,1.698958333,1.222916667,1/09/2002,2002-09,September,879.0833333,Terra,MODIS,69.29166667,6.03,299.8104167,53.434375,N,0,Monaragala
6.820333333,81.39813333,322,1.766666667,1.266666667,1/10/2002,2002-10,October,589.3333333,Terra,MODIS,55.33333333,6.03,298.1333333,24.66666667,D,0,Monaragala
6.7963,81.2023,312.6,1,1,1/02/2003,2003-02,February,512,Terra,MODIS,62,6.03,297.8,5.8,D,0,Monaragala
6.6432,81.2082,304.1,1.2,1.1,1/03/2003,2003-03,March,1712,Terra,MODIS,59,6.03,294,6.2,N,0,Monaragala
6.9516,81.6031,323.8,1.3,1.1,1/04/2003,2003-04,April,814,Aqua,MODIS,52,6.03,302.6,13.2,D,0,Monaragala
6.9733,81.34265,312.8,1.8,1.3,1/05/2003,2003-05,May,447,Terra,MODIS,58,6.03,297.35,12.25,D,0,Monaragala
6.782534783,81.42528696,318.0086957,1.417391304,1.143478261,1/06/2003,2003-06,June,819.3043478,Aqua,MODIS,56,6.03,295.3956522,12.6173913,D,0,Monaragala
6.818188889,81.51198889,318.6222222,1.955555556,1.3,1/07/2003,2003-07,July,532.6666667,Terra,MODIS,61,6.03,297.0555556,18.82222222,D,0,Monaragala
6.725853846,81.46126538,336.4326923,1.455769231,1.161538462,1/08/2003,2003-08,August,824.2115385,Aqua,MODIS,76.11538462,6.03,294.4903846,105.7269231,D,0,Monaragala
6.734631008,81.46029845,334.9403101,1.707751938,1.242635659,1/09/2003,2003-09,September,858.5736434,Aqua,MODIS,73.01550388,6.03,298.6139535,77.97906977,D,0,Monaragala
6.830383333,81.3644,329.525,1.083333333,1.033333333,1/10/2003,2003-10,October,644.6666667,Terra,MODIS,67.58333333,6.03,301.6416667,28.475,D,0,Monaragala
7.0208,81.3142,311.1,1.1,1,1/12/2003,2003-12,December,756,Aqua,MODIS,50,6.03,296.6,6,D,0,Monaragala
6.7039,81.2447,313,1.4,1.2,1/01/2004,2004-01,January,524,Terra,MODIS,51,6.03,298.1,9.1,D,0,Monaragala
6.728425,81.348725,316.475,1.075,1,1/02/2004,2004-02,February,1005,Aqua,MODIS,63,6.03,299.825,8.425,D,0,Monaragala
6.7236,81.369,330.7,1.1,1.1,1/04/2004,2004-04,April,459,Terra,MODIS,83,6.03,304.5,24.1,D,0,Monaragala
6.8023,81.53965714,320.0571429,1.442857143,1.185714286,1/05/2004,2004-05,May,705.8571429,Aqua,MODIS,68.71428571,6.03,297.0857143,15.37142857,D,0,Monaragala
6.798448611,81.45768333,322.3180556,1.336111111,1.118055556,1/06/2004,2004-06,June,892.6388889,Aqua,MODIS,67.95833333,6.03,299.6902778,17.76388889,D,0,Monaragala
6.809360606,81.37904545,322.7424242,1.245454545,1.109090909,1/07/2004,2004-07,July,860.5151515,Terra,MODIS,67.93939394,6.03,298.4181818,18.12121212,D,0,Monaragala
6.837168085,81.49593404,326.6042553,1.74893617,1.242553191,1/08/2004,2004-08,August,811.8297872,Aqua,MODIS,67.0212766,6.03,296.5382979,41.21276596,D,0,Monaragala
6.744995833,81.5029125,327.4541667,1.595833333,1.208333333,1/09/2004,2004-09,September,781.6666667,Aqua,MODIS,66.83333333,6.03,293.55,35.65833333,D,0,Monaragala
6.6321,81.2144,320.5,1.9,1.3,1/10/2004,2004-10,October,446,Terra,MODIS,73,6.03,299.5,15.3,D,0,Monaragala
6.719883333,81.28465,322.0833333,1.516666667,1.166666667,1/02/2005,2005-02,February,918.8333333,Aqua,MODIS,72.5,6.03,300.2666667,20.26666667,D,0,Monaragala
6.8461,81.38824286,322.0571429,1.114285714,1.028571429,1/03/2005,2005-03,March,811.2857143,Terra,MODIS,71.28571429,6.03,298.7,16.97142857,D,0,Monaragala
6.8108,81.7686,319.4,1,1,1/05/2005,2005-05,May,801,Aqua,MODIS,46,6.03,302.6,8.8,D,0,Monaragala
6.924395652,81.42335217,320.6478261,1.482608696,1.143478261,1/06/2005,2005-06,June,796.3043478,Aqua,MODIS,63.04347826,6.03,298.7565217,16.13913043,D,0,Monaragala
6.783214286,81.457675,323.525,1.435714286,1.135714286,1/07/2005,2005-07,July,736.1785714,Terra,MODIS,64.28571429,6.03,298.475,17.82142857,D,0,Monaragala
6.853254412,81.44989412,326.3102941,1.419117647,1.160294118,1/08/2005,2005-08,August,851.9264706,Terra,MODIS,70.05882353,6.03,297.4279412,31.64852941,D,0,Monaragala
6.741224528,81.47541509,329.2188679,1.469811321,1.147169811,1/09/2005,2005-09,September,781.1698113,Aqua,MODIS,66.58490566,6.03,299.4811321,31.46037736,D,0,Monaragala
6.7834,81.33,323.2,1.325,1.15,1/10/2005,2005-10,October,593.25,Terra,MODIS,63.5,6.03,302.5,12.325,D,0,Monaragala
6.7193,81.4192,319.2,2.2,1.4,1/01/2006,2006-01,January,737,Aqua,MODIS,74,6.03,297.2,37.8,D,0,Monaragala
6.8073,81.40165,317.3,1.075,1,1/03/2006,2006-03,March,767.5,Aqua,MODIS,66.75,6.03,295.625,8.475,D,0,Monaragala
6.8246,81.7792,319.1,1.5,1.2,1/04/2006,2006-04,April,744,Aqua,MODIS,60,6.03,299.7,13.8,D,0,Monaragala
6.7805,81.53996667,318.3,1.133333333,1.033333333,1/05/2006,2006-05,May,709.3333333,Terra,MODIS,48.66666667,6.03,296.8,7.8,D,0,Monaragala
6.856415625,81.41948125,322.478125,1.246875,1.096875,1/06/2006,2006-06,June,771.03125,Terra,MODIS,66.03125,6.03,299.696875,13.453125,D,0,Monaragala
6.832596667,81.39485667,319.03,1.356666667,1.126666667,1/07/2006,2006-07,July,914.1666667,Terra,MODIS,63.23333333,6.03,294.06,15.62,N,0,Monaragala
6.793301681,81.48444958,330.3092437,1.486554622,1.168907563,1/08/2006,2006-08,August,859.1848739,Terra,MODIS,67.59663866,6.03,297.6352941,42.0605042,D,0,Monaragala
6.784823077,81.40702308,317.3153846,1.269230769,1.115384615,1/09/2006,2006-09,September,929.3076923,Aqua,MODIS,56.38461538,6.03,289.2615385,14.87692308,D,0,Monaragala
6.7367,81.2811375,336.025,1.25,1.0875,1/10/2006,2006-10,October,611.5,Aqua,MODIS,77,6.03,303.9125,35.3625,D,0,Monaragala
6.668475,81.321525,320.975,1.15,1.05,1/02/2007,2007-02,February,705.5,Aqua,MODIS,68.75,6.03,299.625,12.7,D,0,Monaragala
6.784082353,81.49472353,325.5,1.494117647,1.176470588,1/03/2007,2007-03,March,681.2941176,Terra,MODIS,66.82352941,6.03,303.4647059,24.80588235,D,0,Monaragala
6.95815,81.5976,320.2,1.4,1.15,1/04/2007,2007-04,April,603,Aqua,MODIS,62,6.03,302.35,12.25,D,0,Monaragala
6.7708,81.5965,320,1.1,1,1/05/2007,2007-05,May,811,Aqua,MODIS,68,6.03,301.3,8.6,D,0,Monaragala
6.734366667,81.49353333,319.2333333,1.266666667,1.1,1/06/2007,2007-06,June,689.6666667,Aqua,MODIS,66.5,6.03,296.65,12.33333333,D,0,Monaragala
6.778495652,81.5064087,317.9652174,1.182608696,1.052173913,1/07/2007,2007-07,July,960.6521739,Aqua,MODIS,66.34782609,6.03,291.0391304,11.06521739,D,0,Monaragala
6.783134615,81.35662692,322.1038462,1.407692308,1.138461538,1/08/2007,2007-08,August,746.5384615,Terra,MODIS,64.38461538,6.03,296.2384615,16.61153846,D,0,Monaragala
6.753863889,81.41746667,328.5027778,1.530555556,1.188888889,1/09/2007,2007-09,September,714.75,Aqua,MODIS,68.83333333,6.03,296.2111111,36.425,D,0,Monaragala
6.77195,81.455425,317.7,1.925,1.3,1/10/2007,2007-10,October,821.25,Aqua,MODIS,45.75,6.03,289.625,19.075,D,0,Monaragala
6.9917,81.2451,308,1.8,1.3,1/12/2007,2007-12,December,529,Terra,MODIS,51,6.03,290.9,12.6,D,0,Monaragala
6.83905,81.53245,313.2,1.05,1,1/04/2008,2008-04,April,782,Aqua,MODIS,51,6.03,287.65,6.45,D,0,Monaragala
6.79423,81.48648,317.58,1.2,1.06,1/05/2008,2008-05,May,669.4,Aqua,MODIS,65.7,6.03,294.15,11.19,D,0,Monaragala
6.79746,81.52331,327.22,1.3,1.11,1/06/2008,2008-06,June,638.4,Aqua,MODIS,79.3,6.03,298.06,24.62,D,0,Monaragala
6.75885,81.47793214,319.5,1.475,1.171428571,1/07/2008,2008-07,July,770.7142857,Terra,MODIS,63.92857143,6.03,295.475,16.91785714,D,0,Monaragala
6.778359016,81.43329508,326.3393443,1.306557377,1.108196721,1/08/2008,2008-08,August,749.6721311,Terra,MODIS,68.73770492,6.03,299.657377,21.01967213,D,0,Monaragala
6.850238235,81.41721471,322.9823529,1.438235294,1.161764706,1/09/2008,2008-09,September,789.2647059,Terra,MODIS,59.82352941,6.03,298.1264706,21.40882353,N,0,Monaragala
6.75255,81.3593,325.4,1.5,1.25,1/10/2008,2008-10,October,639,Terra,MODIS,64.5,6.03,296.55,23.25,D,0,Monaragala
6.8447,81.1814,313,1.3,1.1,1/12/2008,2008-12,December,756,Aqua,MODIS,65,6.03,297,11.5,D,0,Monaragala
6.848533333,81.26706667,314.8666667,1.033333333,1,1/02/2009,2009-02,February,609,Terra,MODIS,57.66666667,6.03,300.0333333,7.1,D,0,Monaragala
6.759625,81.48868333,325.9,1.191666667,1.058333333,1/03/2009,2009-03,March,711.1666667,Aqua,MODIS,70.75,6.03,305.975,15.08333333,D,0,Monaragala
6.5286,81.1999,322.5,1,1,1/04/2009,2009-04,April,810,Aqua,MODIS,76,6.03,302.1,10.6,D,0,Monaragala
6.8106,81.55355,322.15,1.15,1.05,1/05/2009,2009-05,May,816,Aqua,MODIS,62,6.03,295,14.75,D,0,Monaragala
6.749453086,81.49429877,324.4654321,1.574074074,1.202469136,1/06/2009,2009-06,June,852.3580247,Aqua,MODIS,68.82716049,6.03,297.1901235,26.42345679,D,0,Monaragala
6.811223529,81.38397353,321.1294118,1.488235294,1.167647059,1/07/2009,2009-07,July,872.7352941,Terra,MODIS,65.61764706,6.03,295.8705882,18.06176471,D,0,Monaragala
6.832653333,81.45580889,323.0977778,1.557777778,1.188888889,1/08/2009,2009-08,August,719.3555556,Terra,MODIS,56.4,6.03,295.7933333,20.44666667,D,0,Monaragala
6.754211765,81.30607059,326.6058824,1.888235294,1.264705882,1/09/2009,2009-09,September,840.2352941,Aqua,MODIS,67.64705882,6.03,297.6882353,44.61764706,D,0,Monaragala
6.711728571,81.24577143,333.5,1.171428571,1.085714286,1/10/2009,2009-10,October,775.8571429,Aqua,MODIS,79.57142857,6.03,305.5571429,23.62857143,D,0.285714286,Monaragala
6.6609,81.4967,309.9,1.1,1,1/12/2009,2009-12,December,814,Aqua,MODIS,39,6.03,293.3,5.1,D,0,Monaragala
6.816466667,81.378,328.9,1.066666667,1.033333333,1/03/2010,2010-03,March,712.3333333,Terra,MODIS,65,6.03,304.0333333,20,D,0,Monaragala
6.8853,81.42296667,320.1166667,1.05,1.016666667,1/06/2010,2010-06,June,598.6666667,Terra,MODIS,71.5,6.03,292.55,12.15,D,0,Monaragala
6.826134783,81.50499565,320.9782609,1.108695652,1.02173913,1/07/2010,2010-07,July,680.826087,Terra,MODIS,68.91304348,6.03,294.8347826,10.96956522,D,0,Monaragala
6.759873913,81.3911087,325.4173913,1.160869565,1.073913043,1/08/2010,2010-08,August,926.173913,Terra,MODIS,70,6.03,295.6434783,19.5826087,D,0,Monaragala
6.731109677,81.38356129,323.7870968,1.329032258,1.112903226,1/09/2010,2010-09,September,664.7741935,Terra,MODIS,64.25806452,6.03,299.4387097,16.69032258,D,0,Monaragala
6.766963636,81.36317273,321.2090909,1.181818182,1.054545455,1/10/2010,2010-10,October,729,Aqua,MODIS,54.54545455,6.03,301.3181818,10.66363636,D,0,Monaragala
6.6641,81.35075,316.85,1.25,1.1,1/12/2010,2010-12,December,664,Aqua,MODIS,69,6.03,296.5,12,D,0,Monaragala
6.9941,81.3036,319.1,1.1,1,1/01/2011,2011-01,January,812,Aqua,MODIS,53,6.03,294.1,13.5,D,0,Monaragala
6.9962,81.3031,312.5,1.1,1,1/02/2011,2011-02,February,800,Aqua,MODIS,42,6.03,294.6,6.9,D,0,Monaragala
7.1051,81.3333,313.4,1.4,1.2,1/04/2011,2011-04,April,523,Terra,MODIS,63,6.03,296.7,9.4,D,0,Monaragala
6.951705556,81.44747778,320.1,1.522222222,1.188888889,1/06/2011,2011-06,June,706.6666667,Aqua,MODIS,66.05555556,6.03,299.4388889,16.86111111,D,0,Monaragala
6.8525875,81.613625,327,1.625,1.2125,1/07/2011,2011-07,July,744.125,Aqua,MODIS,69.625,6.03,296.6625,42.1125,D,0,Monaragala
6.79207037,81.45606481,327.8592593,1.907407407,1.3,1/08/2011,2011-08,August,739.5925926,Aqua,MODIS,66.01851852,6.03,297.7296296,39.18333333,D,0,Monaragala
6.770644444,81.37266667,323.7944444,1.357407407,1.127777778,1/09/2011,2011-09,September,859.9074074,Terra,MODIS,60.03703704,6.03,299.1481481,20.95185185,N,0,Monaragala
6.759475,81.36505,318.725,2.425,1.425,1/10/2011,2011-10,October,604.5,Aqua,MODIS,49,6.03,296.175,27.475,D,0,Monaragala
7.06875,81.3048,318.4,1,1,1/01/2012,2012-01,January,805,Aqua,MODIS,70,6.03,301.6,10.45,D,0,Monaragala
6.7369,81.30573077,318.6461538,1.8,1.269230769,1/03/2012,2012-03,March,574.5384615,Terra,MODIS,61.53846154,6.03,298.5692308,22.45384615,D,0,Monaragala
7.1029,81.4311,315,1,1,1/04/2012,2012-04,April,505,Terra,MODIS,52,6.03,293.8,6.6,D,0,Monaragala
6.95794,81.51672,317.64,1.02,1,1/05/2012,2012-05,May,688.6,Aqua,MODIS,55.8,6.03,296.46,7.16,D,0,Monaragala
6.919458333,81.48706667,320.6194444,1.469444444,1.166666667,1/06/2012,2012-06,June,757.5555556,Terra,MODIS,56.91666667,6.03,295.5194444,15.09444444,D,0,Monaragala
6.78384,81.44700857,329.8228571,1.205714286,1.08,1/07/2012,2012-07,July,802.8857143,Terra,MODIS,69.45714286,6.03,302.9171429,26.58285714,D,0,Monaragala
6.795365116,81.46704884,329.2906977,1.237209302,1.093023256,1/08/2012,2012-08,August,700.8139535,Aqua,MODIS,61.25581395,6.03,299.2209302,24.57209302,D,0,Monaragala
6.815138462,81.38851538,324.5384615,1.2,1.061538462,1/09/2012,2012-09,September,723.4615385,Terra,MODIS,53,6.03,295.7846154,17.83846154,D,0,Monaragala
6.69826,81.25114,326.34,1.5,1.2,1/10/2012,2012-10,October,662.8,Aqua,MODIS,63.6,6.03,302.4,19.94,D,0,Monaragala
6.8701,81.1855,310.3,1.1,1.1,1/01/2013,2013-01,January,517,Terra,MODIS,59,6.03,298.7,7.1,D,0,Monaragala
6.82275,81.79185,314.75,3.3,1.7,1/03/2013,2013-03,March,626.5,Terra,MODIS,23,6.03,295.5,39.25,D,0,Monaragala
6.991528571,81.42155714,314.3857143,1.228571429,1.1,1/06/2013,2013-06,June,882.2857143,Aqua,MODIS,61.14285714,6.03,293.5142857,8.457142857,D,0,Monaragala
6.791285714,81.33170714,319.4,1.221428571,1.071428571,1/07/2013,2013-07,July,690.5,Terra,MODIS,63.57142857,6.03,294.9071429,11.07142857,D,0,Monaragala
6.785655882,81.46199706,323.1588235,1.685294118,1.223529412,1/08/2013,2013-08,August,735.9117647,Aqua,MODIS,62,6.03,295.0411765,29.20588235,D,0,Monaragala
6.765211111,81.33192667,327.4466667,1.42,1.14,1/09/2013,2013-09,September,774.9333333,Terra,MODIS,66.35555556,6.03,300.78,22.88888889,D,0,Monaragala
6.775035135,81.37669459,326.5243243,1.745945946,1.227027027,1/10/2013,2013-10,October,739.4594595,Aqua,MODIS,70.83783784,6.03,300.6891892,29.89189189,D,0,Monaragala
6.8372,81.75495,315.15,1.9,1.35,1/11/2013,2013-11,November,526,Terra,MODIS,43,6.03,298.25,22.35,D,0,Monaragala
6.6507,81.2108,312.7,1,1,1/01/2014,2014-01,January,505,Terra,MODIS,63,6.03,299.1,4.9,D,0,Monaragala
6.992,81.319,310.1,1,1,1/02/2014,2014-02,February,806,Aqua,MODIS,13,6.03,295.1,4.5,D,0,Monaragala
6.86785,81.71,313.6,1.75,1.3,1/04/2014,2014-04,April,525.25,Terra,MODIS,46.25,6.03,294.9,15.275,D,0,Monaragala
6.779153846,81.40989231,324.1307692,1.438461538,1.146153846,1/06/2014,2014-06,June,718.7692308,Aqua,MODIS,67.38461538,6.03,298.8769231,18.33076923,D,0,Monaragala
6.788878378,81.37320811,322.2324324,1.554054054,1.186486486,1/07/2014,2014-07,July,930.9459459,Aqua,MODIS,62.32432432,6.03,298.9891892,19.23783784,D,0,Monaragala
6.775062162,81.44433784,324.0135135,1.478378378,1.167567568,1/08/2014,2014-08,August,759.1351351,Aqua,MODIS,66.37837838,6.03,293.9432432,21.92972973,D,0,Monaragala
6.694683333,81.2857125,321.4416667,1.745833333,1.229166667,1/09/2014,2014-09,September,972.5416667,Aqua,MODIS,62.41666667,6.03,297.975,27.54583333,D,0,Monaragala
6.65055,81.18735,314.5,1.15,1.05,1/02/2015,2015-02,February,629.5,Terra,MODIS,68,6.03,293.15,9,D,0,Monaragala
6.8983,81.7022,312.3,1.2,1.1,1/04/2015,2015-04,April,517,Terra,MODIS,36,6.03,295.7,6.9,D,0,Monaragala
6.794852,81.530008,324.708,1.328,1.112,1/07/2015,2015-07,July,699.28,Terra,MODIS,66.88,6.03,297.564,16.564,D,0,Monaragala
6.786205128,81.53525641,326.425641,1.292307692,1.092307692,1/08/2015,2015-08,August,788.974359,Terra,MODIS,67.51282051,6.03,299.925641,17.65897436,N,0,Monaragala
6.905063636,81.42907273,321.3545455,1.1,1.018181818,1/09/2015,2015-09,September,735,Aqua,MODIS,60.63636364,6.03,296.8090909,10.22727273,D,0,Monaragala
6.841166667,81.30866667,321.7916667,1.483333333,1.175,1/03/2016,2016-03,March,873.8333333,Terra,MODIS,63.08333333,6.03,303.15,18,D,0,Monaragala
6.828133333,81.78883333,320.5666667,1.933333333,1.366666667,1/04/2016,2016-04,April,502,Terra,MODIS,36,6.03,299.7666667,22.6,D,0,Monaragala
7.017866667,81.3511,324.9,1.1,1,1/06/2016,2016-06,June,776.3333333,Aqua,MODIS,76,6.03,300.2,16.03333333,D,0,Monaragala
6.923545455,81.45428636,322.5590909,1.265909091,1.084090909,1/07/2016,2016-07,July,872.1818182,Aqua,MODIS,68.11363636,6.03,299.6954545,14.55909091,N,0,Monaragala
6.750969048,81.37796905,323.1190476,1.514285714,1.176190476,1/08/2016,2016-08,August,771.3571429,Aqua,MODIS,61,6.03,297.2428571,19.25952381,D,0.047619048,Monaragala
6.777825926,81.3572,323.7333333,1.451851852,1.148148148,1/09/2016,2016-09,September,942.8148148,Terra,MODIS,68.96296296,6.03,299.3925926,20.71111111,D,0,Monaragala
6.790323529,81.33517647,324.9823529,1.405882353,1.158823529,1/10/2016,2016-10,October,684.7058824,Terra,MODIS,63.47058824,6.03,305.0294118,17.21764706,D,0,Monaragala
6.7805,81.2865,319.3,1.1,1.1,1/11/2016,2016-11,November,517,Terra,MODIS,73,6.03,296.4,13.7,D,0,Monaragala
6.7864,81.2136,312.1,1.7,1.3,1/01/2017,2017-01,January,746,Aqua,MODIS,51,6.03,301.6,8.6,D,0,Monaragala
6.7441,81.3706,316.4,1.3,1.1,1/02/2017,2017-02,February,753,Aqua,MODIS,41,6.03,298.9,12,D,0,Monaragala
6.818533333,81.78153333,320.6,2.1,1.366666667,1/03/2017,2017-03,March,662.3333333,Aqua,MODIS,47.66666667,6.03,303.1333333,21.83333333,D,0,Monaragala
6.8663,81.1929,316.4,1.3,1.1,1/04/2017,2017-04,April,753,Aqua,MODIS,65,6.03,299,12.9,D,0,Monaragala
6.7809,81.51176667,321.0222222,1.166666667,1.055555556,1/06/2017,2017-06,June,665.7777778,Terra,MODIS,60.88888889,6.03,299.1222222,9.588888889,D,0,Monaragala
6.94798,81.39059,318.39,1.48,1.19,1/07/2017,2017-07,July,694,Aqua,MODIS,59.9,6.03,294.52,13.91,D,0,Monaragala
6.679954167,81.343525,327.6875,1.529166667,1.191666667,1/08/2017,2017-08,August,679.7916667,Terra,MODIS,67.75,6.03,296.0791667,33.63333333,D,0,Monaragala
6.7486,81.39727895,323.5842105,1.431578947,1.173684211,1/09/2017,2017-09,September,610.3157895,Terra,MODIS,60.42105263,6.03,300.0315789,16.33684211,D,0,Monaragala
6.857016667,81.42146667,322.4666667,1.95,1.35,1/10/2017,2017-10,October,700.8333333,Aqua,MODIS,64,6.03,297.0833333,28.41666667,D,0,Monaragala
6.8219,81.2862,311.1,1.9,1.35,1/01/2018,2018-01,January,782,Aqua,MODIS,58.5,6.03,297.15,14.9,D,0,Monaragala
6.7806,81.22105,331.5,1.1,1,1/02/2018,2018-02,February,759,Aqua,MODIS,72,6.03,300.45,29.95,D,0,Monaragala
6.821811111,81.53855556,316.2777778,1.833333333,1.322222222,1/06/2018,2018-06,June,543,Terra,MODIS,66,6.03,291.0444444,18.04444444,D,0,Monaragala
6.76245,81.35100625,322.74375,1.30625,1.10625,1/07/2018,2018-07,July,836.5625,Terra,MODIS,60.3125,6.03,288.6,25.775,D,0,Monaragala
6.82685625,81.44259375,325.75625,1.05,1.00625,1/08/2018,2018-08,August,752,Aqua,MODIS,65.0625,6.03,293.625,17.35625,D,0,Monaragala
6.815947059,81.41260588,326.7352941,1.352941176,1.105882353,1/09/2018,2018-09,September,780.8235294,Terra,MODIS,65.94117647,6.03,298.5647059,28.22941176,D,0,Monaragala
6.8822,81.23,313.8333333,1.066666667,1,1/01/2019,2019-01,January,774.3333333,Aqua,MODIS,61.66666667,6.03,299.2333333,8,D,0,Monaragala
6.804042857,81.35288571,324.7571429,1.1,1.042857143,1/03/2019,2019-03,March,753.8571429,Terra,MODIS,63.42857143,6.03,301.7857143,17.42857143,D,0,Monaragala
6.8247,81.78925,316,3,1.65,1/04/2019,2019-04,April,539,Terra,MODIS,23,6.03,293.95,38.1,D,0,Monaragala
6.9665,81.438625,314.5,1.525,1.175,1/05/2019,2019-05,May,723.25,Aqua,MODIS,57,6.03,289.575,12.1,D,0,Monaragala
6.819744444,81.39082222,323.4222222,1.188888889,1.066666667,1/06/2019,2019-06,June,679,Terra,MODIS,69.22222222,6.03,297.2777778,15.04444444,D,0,Monaragala
6.792858333,81.37924167,321.5541667,1.454166667,1.175,1/07/2019,2019-07,July,819.9583333,Aqua,MODIS,63.29166667,6.03,293.0833333,30.15,D,0,Monaragala
6.779466667,81.32591667,321.8111111,1.588888889,1.222222222,1/08/2019,2019-08,August,861.0555556,Aqua,MODIS,60.22222222,6.03,295.0888889,27.16666667,D,0,Monaragala
6.765146154,81.30016923,323.5846154,1.461538462,1.192307692,1/09/2019,2019-09,September,724.7692308,Terra,MODIS,61.92307692,6.03,300.2,17.99230769,N,0,Monaragala
6.7618,81.765,313.85,1.25,1.1,1/10/2019,2019-10,October,641,Terra,MODIS,38,6.03,292.55,9.4,D,0,Monaragala
6.7122,81.1138,325.3,1,1,1/11/2019,2019-11,November,805,Aqua,MODIS,80,6.03,299.6,16.7,D,0,Monaragala
6.64995,81.241,318.85,1.15,1.05,1/02/2020,2020-02,February,779,Aqua,MODIS,68,6.03,302.45,9.3,D,0,Monaragala
6.9227,81.30599,322.41,1.14,1.06,1/03/2020,2020-03,March,766.6,Aqua,MODIS,65.5,6.03,300.06,13.76,D,0,Monaragala
7.0274,81.3011,319.1333333,1.033333333,1,1/04/2020,2020-04,April,807,Aqua,MODIS,44.66666667,6.03,301.2,6.966666667,D,0,Monaragala
6.6216,81.253,320.4,1.1,1.1,1/05/2020,2020-05,May,517,Terra,MODIS,76,6.03,292.7,14.7,D,0,Monaragala
6.79195,81.35125,316.85,1.35,1.15,1/06/2020,2020-06,June,638,Aqua,MODIS,65,6.03,291.05,13.05,D,0,Monaragala
6.7538,81.339,309.3333333,1.466666667,1.2,1/07/2020,2020-07,July,874.6666667,Terra,MODIS,42.33333333,6.03,286.6,9.533333333,D,0,Monaragala
6.845475,81.5852375,319.75,1.4375,1.15,1/08/2020,2020-08,August,625.5,Aqua,MODIS,56,6.03,292.625,14.6375,D,0,Monaragala
6.7014,81.43885,318.05,1.55,1.25,1/09/2020,2020-09,September,1267,Aqua,MODIS,70.5,6.03,294.35,19.6,N,0,Monaragala
6.7349,81.2155,314.3,1.633333333,1.266666667,1/10/2020,2020-10,October,991.6666667,Aqua,MODIS,50.33333333,6.03,292.3,12.8,D,0,Monaragala
6.8062,81.76025,318.25,2.1,1.4,1/11/2020,2020-11,November,475.5,Terra,MODIS,23,6.03,296.95,23.6,D,0,Monaragala
6.8281,81.1742,314.8,1.1,1.1,1/02/2021,2021-02,February,516,Terra,MODIS,68,6.03,293.2,10.5,D,0,Monaragala
6.7549,81.5571,314.55,1.3,1.1,1/05/2021,2021-05,May,753,Aqua,MODIS,53,6.03,290.05,11.75,D,0,Monaragala
6.7828,81.22114,327.18,1.02,1,1/06/2021,2021-06,June,566.2,Terra,MODIS,76,6.03,300.52,18.32,D,0,Monaragala
6.78455,81.50846667,321.95,1.483333333,1.133333333,1/07/2021,2021-07,July,722.1666667,Aqua,MODIS,67.5,6.03,297.85,15.46666667,D,0,Monaragala
6.808733333,81.58656667,314.0666667,1.2,1.066666667,1/08/2021,2021-08,August,813,Aqua,MODIS,30.33333333,6.03,280.9666667,9.133333333,D,0,Monaragala
6.77284,81.31986667,324.5,1.64,1.24,1/09/2021,2021-09,September,693.2666667,Aqua,MODIS,61.6,6.03,296.6733333,28.49333333,D,0,Monaragala
6.8401,81.49096667,316.3,1.9,1.266666667,1/10/2021,2021-10,October,596.6666667,Aqua,MODIS,46,6.03,297.6333333,19.76666667,D,0,Monaragala
6.77176,81.43582,311.54,1.56,1.18,1/03/2022,2022-03,March,571.6,Aqua,MODIS,47.4,6.03,292.32,12.14,D,0,Monaragala
6.926966667,81.54016667,318.0666667,1.3,1.133333333,1/05/2022,2022-05,May,671.3333333,Terra,MODIS,68.66666667,6.03,295.9666667,11.93333333,D,0,Monaragala
6.9135,81.4217,319.8,1.058823529,1.023529412,1/06/2022,2022-06,June,746.8235294,Aqua,MODIS,62.58823529,6.03,296.9470588,9.370588235,D,0,Monaragala
6.732705263,81.37034211,326.2842105,1.510526316,1.2,1/07/2022,2022-07,July,634,Aqua,MODIS,70.68421053,6.03,300.5894737,26.62631579,D,0.105263158,Monaragala
6.7532,81.49481667,328.6333333,1.55,1.216666667,1/08/2022,2022-08,August,829,Terra,MODIS,70.66666667,6.03,293.5666667,41.53333333,N,0,Monaragala
6.7304,81.45135556,320.5666667,1.377777778,1.155555556,1/09/2022,2022-09,September,666.7777778,Terra,MODIS,70.44444444,6.03,299.6555556,15.34444444,D,0,Monaragala
6.7688,81.3229,326.94,1.44,1.2,1/10/2022,2022-10,October,542.6,Aqua,MODIS,69,6.03,298,28.66,D,0,Monaragala
6.9243,81.5284,309.9,1,1,1/11/2022,2022-11,November,809,Aqua,MODIS,63,6.03,284.1,5.8,D,0,Monaragala
6.9235,81.5279,317.3,1.1,1.1,1/12/2022,2022-12,December,820,Aqua,MODIS,72,6.03,297.1,9.8,D,0,Monaragala
6.625966667,81.22593333,319.7666667,1.2,1.1,1/02/2023,2023-02,February,458,Terra,MODIS,71,61.03,293.8,14.36666667,D,0,Monaragala
6.686066667,81.1902,314.1333333,1.366666667,1.166666667,1/03/2023,2023-03,March,487,Terra,MODIS,61,61.03,295.4666667,11.93333333,D,0,Monaragala
6.7148,81.1996,318.15,1.05,1,1/04/2023,2023-04,April,450,Terra,MODIS,71,61.03,290,11.2,D,0,Monaragala
6.7787,81.4407,314.8,1,1,1/06/2023,2023-06,June,818,Aqua,MODIS,71,61.03,286.7,6.5,D,0,Monaragala
6.756927273,81.45390909,320.6363636,1.709090909,1.245454545,1/07/2023,2023-07,July,901.2727273,Aqua,MODIS,71.27272727,61.03,297.2818182,25.54545455,N,0,Monaragala
6.722621053,81.35583947,322.4710526,1.265789474,1.107894737,1/08/2023,2023-08,August,921.7368421,Terra,MODIS,68.68421053,61.03,299.3842105,16.64736842,D,0.052631579,Monaragala
6.6996,81.1775,324.6,1,1,1/09/2023,2023-09,September,825,Aqua,MODIS,61,61.03,296.9,10,D,0,Monaragala
7.0502,81.3706,317.9,1,1,1/10/2023,2023-10,October,823,Aqua,MODIS,73,61.03,285.6,11,D,0,Monaragala
6.7505,81.4241,327.4333333,1.033333333,1,1/02/2024,2024-02,February,828,Aqua,MODIS,76.33333333,61.03,301.8333333,19.1,D,0,Monaragala
7.029,81.41681667,316.9166667,1.683333333,1.233333333,1/03/2024,2024-03,March,691.3333333,Terra,MODIS,59.83333333,61.03,301.2833333,15.8,D,0,Monaragala
6.5348,81.1478,321.1,1,1,1/04/2024,2024-04,April,836,Aqua,MODIS,51,61.03,300.6,7.1,D,0,Monaragala
6.8726,81.4583,310.7,1.2,1.1,1/05/2024,2024-05,May,829,Aqua,MODIS,60,61.03,286.5,5.6,D,0,Monaragala
6.755025,81.272825,312.625,1.025,1,1/06/2024,2024-06,June,1122,Terra,MODIS,65.75,61.03,295.05,7.8,N,0,Monaragala
6.9945,81.41036,316.53,1.37,1.14,1/07/2024,2024-07,July,794,Terra,MODIS,55.8,61.03,297.5,11.2,D,0,Monaragala
6.6702,81.452025,319.7,1.675,1.225,1/08/2024,2024-08,August,613.5,Aqua,MODIS,52,61.03,296.325,17.575,D,0,Monaragala
6.813465385,81.30774231,325.4153846,1.288461538,1.111538462,1/09/2024,2024-09,September,838.1923077,Aqua,MODIS,67.76923077,61.03,294.6230769,30.53461538,D,0,Monaragala
6.6748,81.2016,320.9,1,1,1/10/2024,2024-10,October,636,Aqua,MODIS,71.5,61.03,295.5,10.65,D,0,Monaragala
6.84475,81.3868,311.775,1.225,1.075,1/02/2025,2025-02,February,633,Terra,MODIS,48.5,61.03,299.175,6.925,D,0,Monaragala
6.5927,81.25365,310.75,1.45,1.2,1/03/2025,2025-03,March,419.5,Terra,MODIS,55,61.03,295.8,8.55,D,0,Monaragala
6.799733333,81.54203333,321.6333333,1.166666667,1.066666667,1/06/2025,2025-06,June,1145.666667,Terra,MODIS,75.66666667,61.03,298.6,14.46666667,N,0,Monaragala
6.93402,81.38271,318,1.31,1.13,1/07/2025,2025-07,July,1049.1,Terra,MODIS,63.8,61.03,295.82,13.75,N,0,Monaragala
6.8043625,81.4624125,321.88125,1.18125,1.08125,1/08/2025,2025-08,August,675.875,Terra,MODIS,70.1875,61.03,298.025,14.9625,D,0.125,Monaragala
6.817877778,81.5347,315.7444444,1.544444444,1.2,1/09/2025,2025-09,September,872.7777778,Aqua,MODIS,55.44444444,61.03,293.7,13.93333333,D,0,Monaragala
6.893128571,81.58028571,321.4285714,1.6,1.185714286,1/10/2025,2025-10,October,704,Aqua,MODIS,58,61.03,295.6857143,18.9,D,0,Monaragala
6.86005,81.3968,314.75,1.3,1.15,1/11/2025,2025-11,November,657.5,Terra,MODIS,63,61.03,297.9,10,D,0,Monaragala
8.9988,80.8518,323.9,1.1,1,1/07/2001,2001-07,July,512,Terra,MODIS,67,6.03,300.6,9.9,D,0,Mullaitivu
9.054425,80.789475,322.125,1.175,1.05,1/05/2002,2002-05,May,515,Terra,MODIS,50.25,6.03,299.825,13.175,D,0,Mullaitivu
8.9595,80.8642,322.6,1.3,1.1,1/06/2002,2002-06,June,524,Terra,MODIS,69,6.03,300.8,12,D,0,Mullaitivu
9.3756,80.68225,332.7,1.3,1.1,1/07/2002,2002-07,July,752,Aqua,MODIS,64,6.03,302.35,28.55,D,0,Mullaitivu
9.1787,80.8389,323.8,2.2,1.4,1/08/2002,2002-08,August,739,Aqua,MODIS,0,6.03,298.3,35.4,D,0,Mullaitivu
9.173825,80.6532,321.3,1.375,1.15,1/09/2002,2002-09,September,765.75,Aqua,MODIS,56.5,6.03,297.5,18.8,D,0,Mullaitivu
9.3113,80.7822,314.1,1.5,1.2,1/10/2002,2002-10,October,530,Terra,MODIS,0,6.03,294.4,13.1,D,0,Mullaitivu
9.0101,80.8552,316.3,2.7,1.6,1/05/2003,2003-05,May,833,Aqua,MODIS,47,6.03,293.4,32.2,D,0,Mullaitivu
9.017414286,80.77265714,319.7357143,1.714285714,1.242857143,1/06/2003,2003-06,June,744.3571429,Aqua,MODIS,55.14285714,6.03,294.2285714,19.24285714,D,0,Mullaitivu
9.1853,80.82595,320.9,1.6,1.3,1/07/2003,2003-07,July,744,Aqua,MODIS,57,6.03,289.4,23.2,D,0,Mullaitivu
9.070166667,80.799,316.1,1.7,1.3,1/08/2003,2003-08,August,744,Aqua,MODIS,61.66666667,6.03,296.7,14.16666667,D,0,Mullaitivu
9.058133333,80.8136,321.8333333,2.9,1.533333333,1/09/2003,2003-09,September,736,Aqua,MODIS,59,6.03,298.1,41.13333333,D,0,Mullaitivu
9.1337,80.8103,315.4,1,1,1/10/2003,2003-10,October,510,Terra,MODIS,45,6.03,296.4,5.9,D,0,Mullaitivu
9.031533333,80.82746667,313.5666667,1.1,1.033333333,1/02/2004,2004-02,February,711.6666667,Terra,MODIS,37.33333333,6.03,297.9666667,6.066666667,D,0,Mullaitivu
9.14054,80.81582,316.02,2.72,1.58,1/04/2004,2004-04,April,582.8,Aqua,MODIS,25.8,6.03,296.86,28.58,D,0,Mullaitivu
9.1119,80.81425,318.35,1.45,1.15,1/05/2004,2004-05,May,786.5,Aqua,MODIS,48.5,6.03,297.3,11.25,D,0,Mullaitivu
8.9918,80.75905,319,1.05,1,1/06/2004,2004-06,June,634,Terra,MODIS,45.5,6.03,292.85,9.2,D,0,Mullaitivu
9.141685714,80.80035714,327.3571429,2.3,1.471428571,1/07/2004,2004-07,July,551.2857143,Aqua,MODIS,52.14285714,6.03,293.1571429,76.31428571,D,0.571428571,Mullaitivu
9.086,80.7709,324,1.3,1.125,1/08/2004,2004-08,August,813,Aqua,MODIS,55,6.03,294.3,14.65,D,0,Mullaitivu
9.3177,80.7775,315,1.2,1.1,1/10/2004,2004-10,October,522,Terra,MODIS,0,6.03,297.4,8.7,D,0,Mullaitivu
9.3235,80.721,321.7,1.1,1,1/02/2005,2005-02,February,756,Aqua,MODIS,66,6.03,298.2,13.5,D,0,Mullaitivu
9.0566,80.6692,319.3,1,1,1/03/2005,2005-03,March,802,Aqua,MODIS,67,6.03,296.5,8.4,D,0,Mullaitivu
9.1546,80.8574,312.9,1.3,1.1,1/05/2005,2005-05,May,750,Aqua,MODIS,0,6.03,295.7,8,D,0,Mullaitivu
9.195933333,80.81543333,315.9333333,1.1,1.033333333,1/06/2005,2005-06,June,589.3333333,Terra,MODIS,35.66666667,6.03,290.9,6.966666667,D,0,Mullaitivu
9.133416667,80.79686667,331.1666667,1.566666667,1.233333333,1/07/2005,2005-07,July,624.3333333,Terra,MODIS,34.83333333,6.03,290.1,57.45,D,0,Mullaitivu
9.1079,80.7775,315.8,2,1.4,1/08/2005,2005-08,August,534,Terra,MODIS,44,6.03,297.4,18.3,D,0,Mullaitivu
8.99942,80.78858,327.74,1.08,1.02,1/09/2005,2005-09,September,674.4,Aqua,MODIS,54,6.03,299.94,16.8,D,0,Mullaitivu
9.3072,80.787,318,1.2,1.1,1/02/2006,2006-02,February,522,Terra,MODIS,0,6.03,302.9,12,D,0,Mullaitivu
9.080933333,80.8466,322.8,2,1.266666667,1/04/2006,2006-04,April,781.3333333,Aqua,MODIS,39.66666667,6.03,299.7,24.6,D,0,Mullaitivu
9.3125,80.78205,316.25,1.4,1.15,1/05/2006,2006-05,May,639.5,Terra,MODIS,0,6.03,297.35,12.15,D,0,Mullaitivu
9.1387,80.76313333,320.3,1.466666667,1.166666667,1/06/2006,2006-06,June,722.6666667,Terra,MODIS,65.33333333,6.03,286.0333333,22.93333333,D,0,Mullaitivu
9.0525,80.79555,316.45,1.4,1.15,1/07/2006,2006-07,July,752,Aqua,MODIS,57.5,6.03,286.9,13.5,D,0,Mullaitivu
9.0475,80.82386,325.4,1.8,1.26,1/08/2006,2006-08,August,688,Terra,MODIS,49.2,6.03,298.62,30.72,D,0,Mullaitivu
9.1556,80.8562,317.4,1,1,1/10/2006,2006-10,October,516,Terra,MODIS,0,6.03,298.3,10.5,D,0,Mullaitivu
8.978766667,80.76896667,322.4,1.133333333,1.066666667,1/03/2007,2007-03,March,814,Aqua,MODIS,51.66666667,6.03,307.3666667,11.33333333,D,0,Mullaitivu
9.1058,80.845725,315.35,1.825,1.3,1/04/2007,2007-04,April,583.5,Terra,MODIS,19,6.03,296.175,18.075,D,0,Mullaitivu
9.0829,80.79205,332.575,1.075,1,1/05/2007,2007-05,May,581,Terra,MODIS,71.25,6.03,300.775,24.575,D,0,Mullaitivu
9.111,80.8092,322.9,1.1,1,1/06/2007,2007-06,June,800,Aqua,MODIS,50,6.03,302.1,11,D,0,Mullaitivu
9.2031125,80.73125,331.85,1.275,1.1,1/07/2007,2007-07,July,676.125,Terra,MODIS,63.875,6.03,295.85,46.9375,D,0,Mullaitivu
9.186375,80.702625,317.575,1.2,1.075,1/08/2007,2007-08,August,648,Aqua,MODIS,49.75,6.03,288.625,9.05,D,0,Mullaitivu
9.35515,80.6899,326.3,1.65,1.2,1/09/2007,2007-09,September,602.5,Aqua,MODIS,45,6.03,293.9,25.6,D,0,Mullaitivu
9.0748,80.5901,321.4,1,1,1/10/2007,2007-10,October,805,Aqua,MODIS,59,6.03,298.4,9.3,D,0,Mullaitivu
9.3141,80.7803,315.3,1,1,1/11/2007,2007-11,November,805,Aqua,MODIS,0,6.03,298.5,7.1,D,0,Mullaitivu
9.2588,80.7206,332.7,1.2,1.1,1/03/2008,2008-03,March,818,Aqua,MODIS,85,6.03,300.1,34,D,0,Mullaitivu
9.23805,80.7716,321.15,1.05,1,1/04/2008,2008-04,April,1259,Aqua,MODIS,85,6.03,297.1,13.7,D,0,Mullaitivu
9.112166667,80.80783333,325.1,1.2,1.066666667,1/05/2008,2008-05,May,672.3333333,Aqua,MODIS,59.66666667,6.03,298.5333333,17.63333333,D,0,Mullaitivu
9.02814,80.811,320.42,1.1,1.04,1/06/2008,2008-06,June,812,Aqua,MODIS,59.4,6.03,294.66,10.44,D,0,Mullaitivu
9.128733333,80.73446667,318.2333333,1.433333333,1.166666667,1/07/2008,2008-07,July,779.2222222,Aqua,MODIS,61.77777778,6.03,290.7777778,15.23333333,D,0,Mullaitivu
9.075333333,80.82656667,321.5,1.2,1.066666667,1/08/2008,2008-08,August,815,Aqua,MODIS,45.33333333,6.03,293.7,12.6,D,0,Mullaitivu
9.1286,80.7701,320.9,1.35,1.15,1/09/2008,2008-09,September,778,Aqua,MODIS,46.5,6.03,302.95,12.25,D,0,Mullaitivu
9.1556,80.8593,311.2,1.6,1.2,1/03/2009,2009-03,March,530,Terra,MODIS,0,6.03,291.4,8.2,D,0,Mullaitivu
9.17214,80.79492,316.86,1.9,1.28,1/05/2009,2009-05,May,663.8,Aqua,MODIS,24.6,6.03,298.14,17.04,D,0,Mullaitivu
9.012463636,80.77098182,321.5,1.527272727,1.172727273,1/06/2009,2009-06,June,894.8181818,Terra,MODIS,57.18181818,6.03,294.7090909,23.27272727,D,0,Mullaitivu
8.956944444,80.855,319.6444444,1.855555556,1.266666667,1/07/2009,2009-07,July,707.5555556,Aqua,MODIS,53.22222222,6.03,292.8777778,23.84444444,D,0,Mullaitivu
9.001188889,80.84613333,325.7222222,1.077777778,1.022222222,1/08/2009,2009-08,August,796.7777778,Aqua,MODIS,63.66666667,6.03,297.2333333,14.62222222,D,0,Mullaitivu
9.041133333,80.8995,313.5,1.2,1.066666667,1/09/2009,2009-09,September,978.3333333,Terra,MODIS,35.66666667,6.03,288.6,9.4,D,0,Mullaitivu
9.110066667,80.74133333,320.3333333,1.5,1.2,1/10/2009,2009-10,October,626.3333333,Terra,MODIS,42.66666667,6.03,298.9333333,17.63333333,D,0,Mullaitivu
8.981,80.8143,322.6,1.05,1,1/03/2010,2010-03,March,811,Aqua,MODIS,63,6.03,306.2,8.85,D,0,Mullaitivu
9.053066667,80.86196667,323.7666667,1.566666667,1.183333333,1/04/2010,2010-04,April,566.8333333,Terra,MODIS,46.33333333,6.03,299.9666667,22.61666667,D,0,Mullaitivu
9.1723,80.8028,321.5,1.1,1,1/06/2010,2010-06,June,813,Aqua,MODIS,61,6.03,299.4,8.9,D,0,Mullaitivu
9.0693,80.85925,321.1,1.25,1.1,1/07/2010,2010-07,July,638.5,Aqua,MODIS,29.5,6.03,299.3,11.25,D,0,Mullaitivu
8.9894,80.8466,315.9,3.8,1.8,1/08/2010,2010-08,August,730,Aqua,MODIS,32,6.03,286.7,43.2,D,0,Mullaitivu
9.0254,80.8473,316.3,2.9,1.6,1/09/2010,2010-09,September,736,Aqua,MODIS,51,6.03,295.2,37.4,D,0,Mullaitivu
9.0063,80.80125,320.95,1.25,1.1,1/06/2011,2011-06,June,666.5,Terra,MODIS,56,6.03,299.75,12.05,D,0,Mullaitivu
9.0301,80.7026,315.6,1.7,1.3,1/07/2011,2011-07,July,747,Aqua,MODIS,53,6.03,289.7,14.3,D,0,Mullaitivu
9.26845,80.68885,317.75,1.35,1.15,1/08/2011,2011-08,August,672.5,Terra,MODIS,58,6.03,296.65,10.4,D,0,Mullaitivu
9.14555,80.73125,318.15,1.1,1.05,1/09/2011,2011-09,September,1111,Terra,MODIS,64.5,6.03,296.8,12.25,D,0,Mullaitivu
9.1236,80.7817,323,1.1,1,1/10/2011,2011-10,October,759,Aqua,MODIS,30,6.03,302.6,12.3,D,0,Mullaitivu
9.3511,80.662275,316.25,1.175,1.075,1/01/2012,2012-01,January,594.5,Terra,MODIS,52.5,6.03,294.575,11.875,D,0,Mullaitivu
9.07585,80.844675,318.8,1.425,1.15,1/04/2012,2012-04,April,598,Aqua,MODIS,34.75,6.03,301.75,13.55,D,0,Mullaitivu
9.34834,80.6721,320.76,1.22,1.08,1/05/2012,2012-05,May,812,Aqua,MODIS,49,6.03,299.34,10.84,D,0,Mullaitivu
9.26048,80.72328,332.5,1.1,1.02,1/06/2012,2012-06,June,806,Aqua,MODIS,77.8,6.03,301.74,23.46,D,0,Mullaitivu
9.224944444,80.71613333,329.8777778,1.166666667,1.055555556,1/07/2012,2012-07,July,702.1111111,Aqua,MODIS,62.33333333,6.03,299.7555556,20.31111111,D,0,Mullaitivu
9.088316667,80.73265833,325.9916667,1.25,1.091666667,1/08/2012,2012-08,August,755.5,Aqua,MODIS,55.58333333,6.03,299.0916667,18.60833333,D,0,Mullaitivu
9.1589,80.8543,320.4,1.5,1.2,1/10/2012,2012-10,October,528,Terra,MODIS,0,6.03,299.9,16.2,D,0,Mullaitivu
9.2046,80.7628,315.6,1.7,1.3,1/05/2013,2013-05,May,748,Aqua,MODIS,61,6.03,299.2,12.9,D,0,Mullaitivu
9.1801,80.814,312.3,1.1,1,1/06/2013,2013-06,June,812,Aqua,MODIS,38,6.03,285.7,4.7,D,0,Mullaitivu
9.0763,80.8497,321.4,1.4,1.15,1/07/2013,2013-07,July,625.5,Aqua,MODIS,15,6.03,301.2,13.7,D,0,Mullaitivu
9.127266667,80.76836667,324.9,1.133333333,1.033333333,1/08/2013,2013-08,August,790.6666667,Aqua,MODIS,61.33333333,6.03,299.2333333,14.3,D,0,Mullaitivu
9.243066667,80.71873333,319.6,1.6,1.233333333,1/09/2013,2013-09,September,764.6666667,Aqua,MODIS,50.33333333,6.03,294.3333333,16.1,D,0,Mullaitivu
9.105333333,80.75984167,321.15,1.541666667,1.175,1/10/2013,2013-10,October,742.9166667,Terra,MODIS,55.41666667,6.03,300.0666667,19.825,D,0,Mullaitivu
9.1856,80.8404,317.1,1,1,1/02/2014,2014-02,February,510,Terra,MODIS,60,6.03,299.8,7.5,D,0,Mullaitivu
9.07636,80.83206,324.8,1.46,1.16,1/04/2014,2014-04,April,727.6,Aqua,MODIS,43.6,6.03,302.84,17.34,D,0,Mullaitivu
9.080325,80.7825,327.1,1.175,1.05,1/05/2014,2014-05,May,651.5,Terra,MODIS,61.25,6.03,299.6,20.275,D,0,Mullaitivu
9.01234,80.79086,324.98,1.06,1,1/06/2014,2014-06,June,916.8,Terra,MODIS,71.8,6.03,301.54,11.74,N,0,Mullaitivu
9.048933333,80.79328333,322.2333333,1.316666667,1.116666667,1/07/2014,2014-07,July,933,Aqua,MODIS,56.16666667,6.03,293.1,19.35,D,0,Mullaitivu
9.0626,80.6707,331.6,2.6,1.6,1/08/2014,2014-08,August,837,Aqua,MODIS,84,6.03,292.5,84.2,D,0,Mullaitivu
9.0392,80.9252,320.4,1,1,1/05/2015,2015-05,May,511,Terra,MODIS,0,6.03,301.6,8.7,D,0,Mullaitivu
9.218775,80.746525,319.425,1.35,1.1,1/07/2015,2015-07,July,786.75,Aqua,MODIS,49,6.03,296.4,10.725,D,0,Mullaitivu
9.2123,80.7742,318.05,2.1,1.4,1/08/2015,2015-08,August,536,Terra,MODIS,20,6.03,295.65,29.15,D,0,Mullaitivu
9.135225,80.7744,319.85,1.325,1.125,1/09/2015,2015-09,September,652.75,Terra,MODIS,26.75,6.03,296.125,13.5,D,0,Mullaitivu
8.9603,80.8607,314.8,1,1,1/02/2016,2016-02,February,806,Aqua,MODIS,54,6.03,299.1,6.5,D,0,Mullaitivu
9.088688889,80.80261111,327.5555556,1.8,1.288888889,1/04/2016,2016-04,April,651.6666667,Aqua,MODIS,30.66666667,6.03,299.7555556,36.27777778,D,0,Mullaitivu
8.9758,80.7942,325.7,1,1,1/05/2016,2016-05,May,806,Aqua,MODIS,37,6.03,306.3,9.5,D,0,Mullaitivu
9.1334,80.8499,344.1,1,1,1/06/2016,2016-06,June,806,Aqua,MODIS,0,6.03,299.6,40.2,D,0,Mullaitivu
9.14425,80.7861,321.55,1.25,1.1,1/07/2016,2016-07,July,814.5,Aqua,MODIS,36.5,6.03,299.7,13.15,D,0,Mullaitivu
9.12402,80.81872,332.14,1.26,1.08,1/08/2016,2016-08,August,673.4,Aqua,MODIS,60.6,6.03,294.3,31.04,D,0,Mullaitivu
9.11345,80.759175,323.025,1.125,1.05,1/09/2016,2016-09,September,736,Terra,MODIS,41.75,6.03,301.65,11.9,D,0,Mullaitivu
9.0949875,80.7808375,325.5125,1.0875,1.0125,1/10/2016,2016-10,October,782.75,Aqua,MODIS,51.5,6.03,301.0875,16.425,D,0,Mullaitivu
9.0751,80.672225,320.45,1.15,1.075,1/03/2017,2017-03,March,796,Aqua,MODIS,43.75,6.03,303.775,12.05,D,0,Mullaitivu
9.015,80.81788,318.34,1.64,1.22,1/04/2017,2017-04,April,682.2,Aqua,MODIS,40.6,6.03,299.06,14.26,D,0,Mullaitivu
9.054157143,80.81346429,322.5928571,1.585714286,1.2,1/05/2017,2017-05,May,617.7142857,Terra,MODIS,50.85714286,6.03,297.8714286,19.18571429,D,0,Mullaitivu
9.00565,80.80885714,330.1,1.214285714,1.078571429,1/06/2017,2017-06,June,727.9285714,Terra,MODIS,66.92857143,6.03,299.3785714,22.86428571,D,0,Mullaitivu
9.065411111,80.73478889,323.1888889,1.266666667,1.1,1/07/2017,2017-07,July,707.6666667,Aqua,MODIS,51.77777778,6.03,298.9666667,14.38888889,D,0,Mullaitivu
9.0608,80.75546667,316.6333333,2.133333333,1.333333333,1/09/2017,2017-09,September,745,Aqua,MODIS,50.33333333,6.03,295.4,19.56666667,D,0,Mullaitivu
9.1252,80.7062,311.85,1.1,1,1/01/2018,2018-01,January,800,Aqua,MODIS,46,6.03,294.25,7.55,D,0,Mullaitivu
9.0289,80.79865,314.4,1.1,1.05,1/02/2018,2018-02,February,812,Aqua,MODIS,11.5,6.03,301,6.9,D,0,Mullaitivu
9.3807,80.6626,315.9,2.6,1.6,1/03/2018,2018-03,March,837,Aqua,MODIS,53,6.03,292,28.4,D,0,Mullaitivu
9.20479,80.71932,324.93,1.34,1.14,1/04/2018,2018-04,April,656.4,Aqua,MODIS,62.7,6.03,302.09,19.21,D,0.3,Mullaitivu
9.054433333,80.8233,317.0333333,1.233333333,1.1,1/05/2018,2018-05,May,622,Aqua,MODIS,32,6.03,294.7,10.66666667,D,0,Mullaitivu
9.21105,80.74639167,322.4583333,1.333333333,1.133333333,1/06/2018,2018-06,June,736.8333333,Aqua,MODIS,64.83333333,6.03,295.8333333,18.79166667,D,0,Mullaitivu
9.157616667,80.69713333,320.6,1.35,1.133333333,1/07/2018,2018-07,July,769,Aqua,MODIS,51.16666667,6.03,298.4166667,12.56666667,D,0,Mullaitivu
9.080241667,80.76278333,321.7083333,1.308333333,1.1,1/08/2018,2018-08,August,680.3333333,Aqua,MODIS,49.66666667,6.03,293.2666667,15.375,D,0,Mullaitivu
9.112142857,80.7576,327.0714286,1.2,1.057142857,1/09/2018,2018-09,September,613.2142857,Terra,MODIS,49.5,6.03,303.1071429,18.35,D,0,Mullaitivu
9.2037,80.7806,311.9,1,1,1/01/2019,2019-01,January,806,Aqua,MODIS,57,6.03,298.7,5.2,D,0,Mullaitivu
9.2578,80.7186,319.1,1.5,1.2,1/02/2019,2019-02,February,824,Aqua,MODIS,51,6.03,300.5,14.4,D,0,Mullaitivu
9.2419,80.69165,327.55,1,1,1/03/2019,2019-03,March,809,Aqua,MODIS,54,6.03,309,11.15,D,0,Mullaitivu
9.114075,80.763125,327.35,1.558333333,1.183333333,1/04/2019,2019-04,April,728.0833333,Aqua,MODIS,59,6.03,303.8083333,29.64166667,D,0,Mullaitivu
9.22495,80.74828333,322.2833333,1.233333333,1.1,1/05/2019,2019-05,May,853.8333333,Aqua,MODIS,43.5,6.03,299.6333333,13.25,D,0,Mullaitivu
9.1227,80.7971,324,1.2,1.1,1/06/2019,2019-06,June,818,Aqua,MODIS,40,6.03,304.8,11.7,D,0,Mullaitivu
9.1608,80.698,322.6666667,1.1,1.033333333,1/07/2019,2019-07,July,599.3333333,Aqua,MODIS,58.33333333,6.03,292.1333333,13.96666667,D,0,Mullaitivu
8.9412,80.96955,307.9,1.2,1.1,1/08/2019,2019-08,August,1712,Terra,MODIS,73,6.03,286.1,8.65,N,0,Mullaitivu
9.171133333,80.8205,327.5666667,1.5,1.166666667,1/09/2019,2019-09,September,621,Terra,MODIS,53.33333333,6.03,301.0333333,20.23333333,D,0,Mullaitivu
9.3261,80.6803,316.7,1.8,1.25,1/10/2019,2019-10,October,673.5,Aqua,MODIS,29.5,6.03,298.85,15.9,D,0,Mullaitivu
9.14595,80.76705,325.15,1,1,1/02/2020,2020-02,February,658.5,Aqua,MODIS,69,6.03,302.95,14.95,D,0,Mullaitivu
9.18285,80.7376,322.7,1.35,1.15,1/03/2020,2020-03,March,673.5,Aqua,MODIS,33,6.03,305.15,17.15,D,0,Mullaitivu
9.134777778,80.74426667,322.9888889,1.311111111,1.122222222,1/04/2020,2020-04,April,630,Terra,MODIS,48.22222222,6.03,301.4666667,15.62222222,D,0,Mullaitivu
9.1908,80.744725,329.05,1.15,1.05,1/05/2020,2020-05,May,717.5,Aqua,MODIS,50.25,6.03,300.475,18.575,D,0,Mullaitivu
9.135488889,80.73216667,320.2555556,1.5,1.188888889,1/06/2020,2020-06,June,600.4444444,Terra,MODIS,53.44444444,6.03,292.5777778,20.37777778,D,0,Mullaitivu
9.134325,80.740525,315.6,1.225,1.075,1/07/2020,2020-07,July,989.75,Aqua,MODIS,45.25,6.03,292.1,11.375,D,0,Mullaitivu
9.104855556,80.71831111,323.4777778,1.355555556,1.133333333,1/08/2020,2020-08,August,617.6666667,Aqua,MODIS,57.66666667,6.03,297.9444444,18.76666667,D,0,Mullaitivu
9.306666667,80.69136667,329.4666667,1.5,1.2,1/09/2020,2020-09,September,529,Terra,MODIS,62.66666667,6.03,296.6666667,37.06666667,D,0,Mullaitivu
9.126866667,80.7,326.2333333,1.1,1.033333333,1/10/2020,2020-10,October,691.6666667,Terra,MODIS,59.66666667,6.03,298.4666667,16.33333333,D,0,Mullaitivu
9.1836,80.8223,310.4,3.4,1.7,1/11/2020,2020-11,November,547,Terra,MODIS,0,6.03,292.8,28.1,D,0,Mullaitivu
9.2806,80.70905,324.05,1.25,1.1,1/04/2021,2021-04,April,743.75,Aqua,MODIS,33.75,6.03,303.6,14.225,D,0,Mullaitivu
9.0684,80.6847,321.4,1.2,1.1,1/05/2021,2021-05,May,818,Aqua,MODIS,58,6.03,298,10.7,D,0,Mullaitivu
9.098866667,80.76588333,326.7166667,1.166666667,1.033333333,1/06/2021,2021-06,June,591.6666667,Terra,MODIS,60,6.03,298.35,18.91666667,D,0,Mullaitivu
9.07465,80.63695,319.4,1.05,1.05,1/07/2021,2021-07,July,785.5,Aqua,MODIS,68,6.03,287.3,10.9,D,0,Mullaitivu
9.08725,80.7341,336.1,1.15,1.05,1/08/2021,2021-08,August,788.5,Aqua,MODIS,85,6.03,301.1,30.55,D,0,Mullaitivu
9.120666667,80.72123333,324.3666667,1.266666667,1.116666667,1/09/2021,2021-09,September,754.3333333,Aqua,MODIS,48.33333333,6.03,300.8,16.05,D,0,Mullaitivu
9.1193,80.72678333,316.8166667,1.916666667,1.316666667,1/05/2022,2022-05,May,728.3333333,Terra,MODIS,34.5,6.03,290.9333333,23.88333333,D,0,Mullaitivu
9.072825,80.806975,334.55,1.175,1.1,1/06/2022,2022-06,June,782.75,Aqua,MODIS,45.75,6.03,298.05,39.6,D,0,Mullaitivu
9.033283333,80.74866667,323.1166667,1,1,1/07/2022,2022-07,July,711.3333333,Aqua,MODIS,68.66666667,6.03,291.3166667,15.78333333,D,0,Mullaitivu
8.98145,80.841,317.8,2.3,1.4,1/09/2022,2022-09,September,672.5,Terra,MODIS,8,6.03,296.5,24.1,D,0,Mullaitivu
9.2023,80.6851,324.1,1.6,1.2,1/10/2022,2022-10,October,830,Aqua,MODIS,64,6.03,295.75,20.55,D,0,Mullaitivu
8.9213,80.9846,303.6,1.1,1,1/01/2023,2023-01,January,2017,Aqua,MODIS,38,61.03,290.6,6.7,N,0,Mullaitivu
8.9932,80.8392,317.2,1,1,1/03/2023,2023-03,March,817,Aqua,MODIS,60,61.03,300.6,6.2,D,0,Mullaitivu
9.0111,80.7853,319.5,1.4,1.15,1/04/2023,2023-04,April,665,Aqua,MODIS,52.5,61.03,302.25,12.3,D,0,Mullaitivu
9.0577,80.6447,320.9,1.4,1.2,1/05/2023,2023-05,May,806,Aqua,MODIS,70,61.03,299.3,17.1,D,0,Mullaitivu
9.103333333,80.7834,313.6666667,1.166666667,1.066666667,1/06/2023,2023-06,June,813.6666667,Aqua,MODIS,32,61.03,291.8666667,6.9,D,0,Mullaitivu
9.040985714,80.77584286,321.6428571,1.1,1.014285714,1/07/2023,2023-07,July,934.4285714,Aqua,MODIS,63.71428571,61.03,297.6142857,12.28571429,D,0,Mullaitivu
9.042116667,80.83015,318.8333333,1.333333333,1.116666667,1/08/2023,2023-08,August,509.5,Terra,MODIS,41.33333333,61.03,296.9,14.35,D,0,Mullaitivu
8.9919,80.8508,324.6,1,1,1/09/2023,2023-09,September,826,Aqua,MODIS,70,61.03,283,15.6,D,0,Mullaitivu
9.0404,80.8752,320.3,1,1,1/10/2023,2023-10,October,827,Aqua,MODIS,0,61.03,298,10.8,D,0,Mullaitivu
9.0374,80.8082,317.8,2.5,1.5,1/04/2024,2024-04,April,681.5,Terra,MODIS,36,61.03,301.9,33.75,D,0,Mullaitivu
9.20325,80.787,313.4,1.35,1.15,1/05/2024,2024-05,May,838.5,Aqua,MODIS,31,61.03,288.15,7.95,D,0,Mullaitivu
9.0607,80.64455,322.4,1.1,1.1,1/06/2024,2024-06,June,421,Terra,MODIS,73.5,61.03,294.05,15.5,D,0,Mullaitivu
8.963966667,80.82856667,325.6333333,1.3,1.133333333,1/07/2024,2024-07,July,859.6666667,Aqua,MODIS,67.66666667,61.03,297.2666667,19.83333333,D,0,Mullaitivu
9.040566667,80.73423333,321.3333333,1,1,1/08/2024,2024-08,August,845.6666667,Aqua,MODIS,46.33333333,61.03,299.8333333,8.133333333,D,0,Mullaitivu
9.0266,80.8088,321.6,1.025,1,1/09/2024,2024-09,September,849.75,Aqua,MODIS,45.5,61.03,296.8,10.6,D,0,Mullaitivu
9.195133333,80.7483,317.6,2.533333333,1.5,1/10/2024,2024-10,October,707.3333333,Terra,MODIS,40.66666667,61.03,296,25.73333333,D,0,Mullaitivu
9.1773,80.7884,313.3,1,1,1/03/2025,2025-03,March,410,Terra,MODIS,54,61.03,303.1,5.5,D,0,Mullaitivu
9.24485,80.63185,317.55,1.05,1,1/06/2025,2025-06,June,919,Aqua,MODIS,46,61.03,297.6,8.65,D,0,Mullaitivu
9.118883333,80.73098333,319.6833333,1.45,1.166666667,1/07/2025,2025-07,July,817,Aqua,MODIS,60.16666667,61.03,297.1666667,15.93333333,D,0,Mullaitivu
9.01975,80.80516667,324.7166667,1.133333333,1.05,1/08/2025,2025-08,August,918.5,Aqua,MODIS,59.83333333,61.03,301.7666667,13.13333333,D,0,Mullaitivu
8.90965,80.8378,321,1.2,1.1,1/09/2025,2025-09,September,914,Aqua,MODIS,69,61.03,299.75,10.5,D,0,Mullaitivu
9.3717,80.6486,314.2,1,1,1/11/2025,2025-11,November,932,Aqua,MODIS,60,61.03,294.9,7.2,D,0,Mullaitivu
6.94475,80.56855,314.85,1,1,1/03/2001,2001-03,March,522,Terra,MODIS,53.5,6.03,299.85,5.95,D,0,Nuwara Eliya
6.5985,80.8413,315.5,1.1,1,1/05/2001,2001-05,May,527,Terra,MODIS,60,6.03,297.8,7.2,D,0,Nuwara Eliya
6.60825,80.9096,322.85,1.25,1.1,1/06/2001,2001-06,June,507.5,Terra,MODIS,72.5,6.03,295.85,20.35,D,0,Nuwara Eliya
6.805233333,80.90571667,324,1.033333333,1.016666667,1/07/2001,2001-07,July,515,Terra,MODIS,61.66666667,6.03,303.2333333,10.53333333,D,0,Nuwara Eliya
6.56965,80.92085,323.1,1.8,1.3,1/08/2001,2001-08,August,537,Terra,MODIS,72,6.03,292.8,25.6,D,0,Nuwara Eliya
6.8792,80.5831,312.1,2.1,1.4,1/02/2002,2002-02,February,537,Terra,MODIS,33,6.03,296.8,18.4,D,0,Nuwara Eliya
6.6046,80.89042,314.68,1.09,1.05,1/07/2002,2002-07,July,973.8,Terra,MODIS,55.2,6.03,294.85,8.3,N,0,Nuwara Eliya
6.655366667,80.87983333,320.6666667,1.4,1.166666667,1/08/2002,2002-08,August,695,Terra,MODIS,60.33333333,6.03,298.9666667,15.63333333,D,0,Nuwara Eliya
6.706811111,80.90288889,328.6333333,1.1,1.044444444,1/09/2002,2002-09,September,869.1111111,Terra,MODIS,75,6.03,302.3444444,18.8,D,0,Nuwara Eliya
6.8343,80.9215,322.9,1.1,1.1,1/10/2002,2002-10,October,757,Aqua,MODIS,76,6.03,296.5,17.9,D,0,Nuwara Eliya
6.762166667,80.73758333,322.8666667,1.216666667,1.116666667,1/02/2003,2003-02,February,780,Aqua,MODIS,72.83333333,6.03,301.1333333,17.88333333,D,0,Nuwara Eliya
6.64815,80.903625,316.4,1.475,1.2,1/06/2003,2003-06,June,644.75,Aqua,MODIS,57.75,6.03,297.375,12.575,D,0,Nuwara Eliya
6.6388,80.91683333,317.6833333,1.783333333,1.266666667,1/07/2003,2003-07,July,920.8333333,Aqua,MODIS,56.83333333,6.03,296.15,18.48333333,N,0,Nuwara Eliya
6.618081818,80.8937,324.5454545,1.627272727,1.236363636,1/08/2003,2003-08,August,731.5454545,Aqua,MODIS,67.90909091,6.03,299.3272727,22.28181818,D,0,Nuwara Eliya
6.651,80.8691875,320.0875,1.45,1.125,1/09/2003,2003-09,September,830.5,Aqua,MODIS,59.875,6.03,298.7125,13.45,D,0,Nuwara Eliya
6.6455,80.8691,304.8,1,1,1/10/2003,2003-10,October,1705,Terra,MODIS,62,6.03,291.1,8.2,N,0,Nuwara Eliya
6.9728,80.6297,313,1.9,1.3,1/12/2003,2003-12,December,827,Aqua,MODIS,58,6.03,300.3,15.7,D,0,Nuwara Eliya
6.935466667,80.57226667,317.3666667,1.533333333,1.2,1/01/2004,2004-01,January,799,Aqua,MODIS,66.33333333,6.03,301.1666667,14.5,D,0,Nuwara Eliya
6.894438462,80.66156154,325.5,1.146153846,1.084615385,1/02/2004,2004-02,February,776.8461538,Aqua,MODIS,73.76923077,6.03,303.1692308,20.32307692,D,0,Nuwara Eliya
6.5132,80.8638,314.4,1,1,1/05/2004,2004-05,May,505,Terra,MODIS,58,6.03,299,5.2,D,0,Nuwara Eliya
6.661933333,80.8718,321.0888889,1.255555556,1.111111111,1/06/2004,2004-06,June,774.2222222,Aqua,MODIS,65.44444444,6.03,301.0111111,14.65555556,D,0,Nuwara Eliya
6.640177778,80.89765,319.4222222,1.75,1.288888889,1/07/2004,2004-07,July,714.8333333,Terra,MODIS,65.33333333,6.03,298.2666667,21.12222222,N,0,Nuwara Eliya
6.702147368,80.87856842,322.7789474,1.573684211,1.215789474,1/08/2004,2004-08,August,833.8421053,Terra,MODIS,58.73684211,6.03,297.8894737,24.28947368,D,0,Nuwara Eliya
6.5787,80.8402,324.4,1.9,1.3,1/09/2004,2004-09,September,828,Aqua,MODIS,66,6.03,300,26,D,0,Nuwara Eliya
6.5154,80.8706,323.9,1.1,1.1,1/10/2004,2004-10,October,516,Terra,MODIS,47,6.03,300.8,10.8,D,0,Nuwara Eliya
6.5914,80.8758,317.1,1.2,1.1,1/02/2005,2005-02,February,814,Aqua,MODIS,63,6.03,302.5,9,D,0,Nuwara Eliya
6.6776,80.95455,318.15,1.45,1.2,1/03/2005,2005-03,March,785,Aqua,MODIS,59,6.03,297.55,15,D,0,Nuwara Eliya
6.60865,80.940625,322,1.55,1.2125,1/06/2005,2005-06,June,745.75,Aqua,MODIS,71.375,6.03,298.6125,19.5,D,0,Nuwara Eliya
6.6238,80.86208571,320.3142857,1.157142857,1.071428571,1/07/2005,2005-07,July,675,Terra,MODIS,62,6.03,300.5142857,11.12857143,D,0,Nuwara Eliya
6.655963636,80.82172727,320.4636364,1.172727273,1.072727273,1/08/2005,2005-08,August,992.9090909,Aqua,MODIS,69.45454545,6.03,296.2272727,14.10909091,D,0,Nuwara Eliya
6.654466667,80.86546667,337.8333333,1.9,1.3,1/09/2005,2005-09,September,724.3333333,Aqua,MODIS,77.66666667,6.03,298.9666667,68.1,D,0,Nuwara Eliya
6.5956,80.776,318.3,1,1,1/10/2005,2005-10,October,510,Terra,MODIS,62,6.03,299.3,6.4,D,0,Nuwara Eliya
6.7774,80.72793333,313.2333333,1,1,1/01/2006,2006-01,January,808,Aqua,MODIS,53.66666667,6.03,295.9,5.9,D,0,Nuwara Eliya
6.586866667,80.89263333,309.9333333,1.133333333,1.066666667,1/06/2006,2006-06,June,1311,Terra,MODIS,65.66666667,6.03,295.5,7.066666667,N,0,Nuwara Eliya
6.696971429,80.88118571,314.9285714,1.385714286,1.142857143,1/07/2006,2006-07,July,1007.571429,Terra,MODIS,59.57142857,6.03,293.6714286,14.35714286,D,0,Nuwara Eliya
6.70168,80.87482,321.66,1.24,1.1,1/08/2006,2006-08,August,620.4,Terra,MODIS,67.6,6.03,298.38,15,D,0,Nuwara Eliya
6.7485125,80.8326,329.7875,1.325,1.125,1/09/2006,2006-09,September,511.625,Terra,MODIS,73.125,6.03,294.8625,38.2375,D,0,Nuwara Eliya
6.68234,80.83758,317.76,1.52,1.2,1/10/2006,2006-10,October,1191.6,Aqua,MODIS,56.6,6.03,295.94,20.38,N,0,Nuwara Eliya
6.8188,80.7077,307,1.1,1,1/01/2007,2007-01,January,517,Terra,MODIS,48,6.03,293.2,7.6,D,0,Nuwara Eliya
6.7932,80.7121,322.2,1,1,1/02/2007,2007-02,February,808,Aqua,MODIS,70,6.03,300.85,12.65,D,0,Nuwara Eliya
6.941933333,80.62228333,312.7833333,1.816666667,1.283333333,1/03/2007,2007-03,March,965.3333333,Aqua,MODIS,47.83333333,6.03,297.4666667,15.95,D,0,Nuwara Eliya
6.621385714,80.82831429,316.6571429,1.728571429,1.257142857,1/07/2007,2007-07,July,855.2857143,Aqua,MODIS,59.71428571,6.03,294.5,20.17142857,D,0,Nuwara Eliya
6.780383333,80.82934167,316.2083333,1.141666667,1.066666667,1/08/2007,2007-08,August,1020.25,Aqua,MODIS,54.5,6.03,292.35,12.7,D,0,Nuwara Eliya
6.6788,80.9158,319.5,1.05,1.05,1/09/2007,2007-09,September,1266.5,Aqua,MODIS,62.5,6.03,296.95,10.65,N,0,Nuwara Eliya
7.0063,80.5753,325.2,1.4,1.2,1/02/2008,2008-02,February,752,Aqua,MODIS,80,6.03,301,29.3,D,0,Nuwara Eliya
6.8952,80.5479,308.4,1.1,1,1/03/2008,2008-03,March,517,Terra,MODIS,39,6.03,296.1,3.9,D,0,Nuwara Eliya
6.69045,80.88395,329.15,1.1,1,1/06/2008,2008-06,June,518,Terra,MODIS,74,6.03,296.65,28.5,D,0,Nuwara Eliya
6.679018182,80.87291818,321.1818182,1.318181818,1.154545455,1/07/2008,2008-07,July,626.2727273,Terra,MODIS,68.72727273,6.03,297.6272727,16.49090909,D,0,Nuwara Eliya
6.617171429,80.89272857,317.1285714,1.457142857,1.185714286,1/08/2008,2008-08,August,863.2857143,Aqua,MODIS,49.28571429,6.03,298.7714286,12.35714286,D,0,Nuwara Eliya
6.771366667,80.8703,319.0166667,1.2,1.075,1/09/2008,2008-09,September,741.75,Aqua,MODIS,62.91666667,6.03,299.4083333,10.95,D,0,Nuwara Eliya
7.015166667,80.64385,318.5333333,1,1,1/01/2009,2009-01,January,815,Aqua,MODIS,61.5,6.03,301.1,9.6,D,0,Nuwara Eliya
6.841366667,80.69934,315.5666667,1.406666667,1.166666667,1/02/2009,2009-02,February,884.6,Aqua,MODIS,59.06666667,6.03,298.1466667,13.98666667,D,0,Nuwara Eliya
6.8096,80.74512857,319.8571429,2.242857143,1.4,1/03/2009,2009-03,March,700.4285714,Aqua,MODIS,59.71428571,6.03,304.8285714,26.6,D,0,Nuwara Eliya
6.70786,80.89816,312.6,2.08,1.38,1/06/2009,2009-06,June,908.2,Terra,MODIS,60.8,6.03,291.84,21.46,D,0,Nuwara Eliya
6.684033333,80.87916667,316.78,1.473333333,1.186666667,1/07/2009,2009-07,July,848.1333333,Terra,MODIS,64.8,6.03,292.2666667,16.64,D,0,Nuwara Eliya
6.835714286,80.88102857,325.7857143,1.114285714,1.057142857,1/08/2009,2009-08,August,829.4285714,Terra,MODIS,75.71428571,6.03,294.0142857,20.37142857,N,0,Nuwara Eliya
6.885725,80.874,326.7,1.175,1.1,1/09/2009,2009-09,September,1034.25,Aqua,MODIS,72.75,6.03,299.325,20.8,D,0,Nuwara Eliya
6.612975,80.906775,321.2,1.75,1.3,1/10/2009,2009-10,October,677.5,Aqua,MODIS,59,6.03,302.3,15.325,D,0,Nuwara Eliya
6.806071429,80.73198571,319.8,1.114285714,1.057142857,1/02/2010,2010-02,February,792.1428571,Aqua,MODIS,60.28571429,6.03,303.8857143,10.87142857,D,0,Nuwara Eliya
6.888333333,80.6648,319.8,1.866666667,1.3,1/03/2010,2010-03,March,741.8333333,Aqua,MODIS,62.66666667,6.03,299.9333333,20.68333333,D,0,Nuwara Eliya
6.9484,80.5491,316.3,1.5,1.2,1/04/2010,2010-04,April,755,Aqua,MODIS,53,6.03,299.5,13.4,D,0,Nuwara Eliya
6.668,80.82425,311.8,1.2,1.1,1/08/2010,2010-08,August,1261.5,Aqua,MODIS,59.5,6.03,296.5,7.8,D,0,Nuwara Eliya
6.598514286,80.89265714,320.3714286,1.185714286,1.071428571,1/09/2010,2010-09,September,1045.857143,Terra,MODIS,62.85714286,6.03,299.3714286,12.01428571,N,0,Nuwara Eliya
6.66855,80.8138,312.5,1.65,1.25,1/10/2010,2010-10,October,484.5,Terra,MODIS,52,6.03,297.2,13.15,D,0,Nuwara Eliya
6.9868,80.5307,309.5,1.2,1.1,1/01/2011,2011-01,January,759,Aqua,MODIS,48,6.03,296.9,5.6,D,0,Nuwara Eliya
6.972,80.572,319.7,1.4,1.15,1/03/2011,2011-03,March,670.5,Terra,MODIS,71,6.03,303.65,20.9,D,0,Nuwara Eliya
6.6383,80.8363,313,1,1,1/05/2011,2011-05,May,811,Aqua,MODIS,50,6.03,294.5,4.5,D,0,Nuwara Eliya
6.7371875,80.8280875,316.65,1.875,1.275,1/06/2011,2011-06,June,738.875,Aqua,MODIS,56.5,6.03,295.7625,20.95,D,0,Nuwara Eliya
6.6201,80.84344545,314.3,1.518181818,1.181818182,1/07/2011,2011-07,July,853.8181818,Aqua,MODIS,57.18181818,6.03,292.5545455,14.67272727,D,0,Nuwara Eliya
6.717553846,80.91195385,323.6153846,1.030769231,1.007692308,1/08/2011,2011-08,August,974.6923077,Terra,MODIS,72.69230769,6.03,301.6538462,14.27692308,D,0,Nuwara Eliya
6.71312381,80.84975238,319.7809524,1.69047619,1.228571429,1/09/2011,2011-09,September,1073.333333,Aqua,MODIS,61.0952381,6.03,295.6238095,26.85238095,D,0,Nuwara Eliya
6.6586,80.87563333,325.5666667,1.133333333,1.066666667,1/10/2011,2011-10,October,712.6666667,Aqua,MODIS,62,6.03,292.5,19.43333333,D,0,Nuwara Eliya
7.0041,80.5831,312.5,1.1,1.1,1/01/2012,2012-01,January,817,Aqua,MODIS,49,6.03,294.7,5.5,D,0,Nuwara Eliya
6.9864,80.5215,311.3,1,1,1/02/2012,2012-02,February,805,Aqua,MODIS,48,6.03,288.7,6.4,D,0,Nuwara Eliya
7.0098,80.6915,319.5,1,1,1/03/2012,2012-03,March,805,Aqua,MODIS,58.5,6.03,304.45,9.45,D,0,Nuwara Eliya
6.671933333,80.84312667,321.9666667,1.566666667,1.206666667,1/07/2012,2012-07,July,940.4,Aqua,MODIS,66.13333333,6.03,299.7866667,25.72,D,0,Nuwara Eliya
6.752036364,80.86006364,312.9272727,1.6,1.2,1/08/2012,2012-08,August,1124.181818,Terra,MODIS,66.63636364,6.03,288.5636364,17.56363636,N,0,Nuwara Eliya
6.593733333,80.861,324.8,1.033333333,1.033333333,1/09/2012,2012-09,September,689.6666667,Aqua,MODIS,61.33333333,6.03,299.5333333,14.66666667,D,0,Nuwara Eliya
6.6919875,80.8393375,319.7375,1.65,1.2375,1/10/2012,2012-10,October,1109.25,Terra,MODIS,69.875,6.03,295.95,25.85,N,0,Nuwara Eliya
6.929,80.60925,318.8,1,1,1/02/2013,2013-02,February,811,Aqua,MODIS,67,6.03,302.9,8.8,D,0,Nuwara Eliya
6.815133333,80.80043333,313.3,2.233333333,1.433333333,1/08/2013,2013-08,August,1078.666667,Terra,MODIS,64,6.03,292.8666667,27.76666667,N,0,Nuwara Eliya
6.64905,80.83535,314.525,1.25,1.075,1/09/2013,2013-09,September,520,Terra,MODIS,42,6.03,299.925,7.95,D,0,Nuwara Eliya
6.640444444,80.85832222,323.0111111,1.088888889,1.066666667,1/10/2013,2013-10,October,714.7777778,Terra,MODIS,71.88888889,6.03,299.5333333,15.07777778,D,0,Nuwara Eliya
6.9054,80.5667,308.8,1.5,1.2,1/01/2014,2014-01,January,753,Aqua,MODIS,46,6.03,294.6,6.5,D,0,Nuwara Eliya
6.854372222,80.67375,315.8722222,1.366666667,1.133333333,1/02/2014,2014-02,February,935.5,Terra,MODIS,58.88888889,6.03,298.95,13.46111111,N,0,Nuwara Eliya
6.83628,80.79184,322.78,1.16,1.08,1/03/2014,2014-03,March,756.4,Aqua,MODIS,71.8,6.03,303.28,14.42,D,0,Nuwara Eliya
6.892,80.9076,313.2,1,1,1/04/2014,2014-04,April,806,Aqua,MODIS,37,6.03,297.5,3.9,D,0,Nuwara Eliya
6.6914,80.8216,300.9,1.1,1.05,1/06/2014,2014-06,June,1706,Terra,MODIS,34,6.03,290.75,3.8,N,0,Nuwara Eliya
6.74134,80.85147,314.875,1.45,1.145,1/07/2014,2014-07,July,1224.25,Aqua,MODIS,61.1,6.03,293.63,17.225,N,0,Nuwara Eliya
6.781411111,80.87302222,321.1888889,1.366666667,1.166666667,1/08/2014,2014-08,August,767.4444444,Terra,MODIS,67.11111111,6.03,294.3333333,19.23333333,N,0,Nuwara Eliya
6.5912,80.974,335.2,1,1,1/09/2014,2014-09,September,811,Aqua,MODIS,87,6.03,304.5,18.1,D,0,Nuwara Eliya
6.9152,80.5581,309.5,1.5,1.2,1/03/2015,2015-03,March,754,Aqua,MODIS,44,6.03,289,8.7,D,0,Nuwara Eliya
6.6768,80.86395,316.25,1,1,1/06/2015,2015-06,June,812,Aqua,MODIS,66.5,6.03,297.4,6.75,D,0,Nuwara Eliya
6.7281,80.8984,321.7,1,1,1/07/2015,2015-07,July,806,Aqua,MODIS,74,6.03,295.3,12.6,D,0,Nuwara Eliya
7.043,80.5786,311,1.2,1.1,1/01/2016,2016-01,January,759,Aqua,MODIS,53,6.03,295.8,5.8,D,0,Nuwara Eliya
6.7409,80.71655,308.85,1.05,1.05,1/02/2016,2016-02,February,782,Aqua,MODIS,46.5,6.03,290.5,4.75,D,0,Nuwara Eliya
6.890866667,80.75114444,314.8777778,1.244444444,1.111111111,1/03/2016,2016-03,March,1191.555556,Terra,MODIS,64.11111111,6.03,295.1666667,13.67777778,D,0,Nuwara Eliya
6.7295,80.7673,316.5,1.4,1.2,1/06/2016,2016-06,June,823,Aqua,MODIS,69,6.03,287,18.6,D,0,Nuwara Eliya
6.771933333,80.82996667,309.1111111,1.266666667,1.122222222,1/07/2016,2016-07,July,1566,Terra,MODIS,62.33333333,6.03,292.0222222,10.03333333,N,0,Nuwara Eliya
6.858328571,80.87484286,311.9428571,1.5,1.142857143,1/08/2016,2016-08,August,1409.428571,Aqua,MODIS,59,6.03,293.6571429,15.41428571,D,0,Nuwara Eliya
6.675415385,80.90331538,322.5461538,1.130769231,1.061538462,1/09/2016,2016-09,September,892.6153846,Aqua,MODIS,72.38461538,6.03,300.3769231,12.56153846,D,0,Nuwara Eliya
6.829027778,80.85721111,320.0055556,1.3,1.138888889,1/10/2016,2016-10,October,938.8888889,Terra,MODIS,63.55555556,6.03,299.7666667,16.63333333,D,0,Nuwara Eliya
6.924,80.6671,313.4,1,1,1/12/2016,2016-12,December,511,Terra,MODIS,63,6.03,294.9,7.3,D,0,Nuwara Eliya
6.934116667,80.5989,314.9,1.45,1.183333333,1/01/2017,2017-01,January,811.3333333,Aqua,MODIS,56.33333333,6.03,301.6166667,12.13333333,D,0,Nuwara Eliya
6.9673,80.56133333,321.9333333,1.1,1.033333333,1/02/2017,2017-02,February,617,Terra,MODIS,71,6.03,301.7666667,17.8,D,0,Nuwara Eliya
6.697,80.8388,317.3,1,1,1/06/2017,2017-06,June,811,Aqua,MODIS,61,6.03,300.9,7,D,0,Nuwara Eliya
6.580433333,80.92566667,319.5333333,1.333333333,1.133333333,1/07/2017,2017-07,July,721.3333333,Terra,MODIS,45.66666667,6.03,298.5666667,12.23333333,D,0,Nuwara Eliya
6.6235,80.8622,316.7,1.1,1,1/08/2017,2017-08,August,518,Terra,MODIS,62,6.03,298,6.7,D,0,Nuwara Eliya
6.67855,80.9129,322.45,1.1,1.1,1/10/2017,2017-10,October,759,Aqua,MODIS,75,6.03,293.85,14.6,D,0,Nuwara Eliya
6.9859,80.5375,311.3,1,1,1/01/2018,2018-01,January,511,Terra,MODIS,59,6.03,297.2,6.1,D,0,Nuwara Eliya
6.5453,80.9025,326.85,1.4,1.2,1/02/2018,2018-02,February,753,Aqua,MODIS,76.5,6.03,302.9,28.75,D,0,Nuwara Eliya
6.82682,80.88118,308.02,1.1,1.06,1/07/2018,2018-07,July,1391,Terra,MODIS,32.6,6.03,290.68,7.3,D,0,Nuwara Eliya
6.669975,80.84668333,328.6583333,1.558333333,1.2,1/08/2018,2018-08,August,929.6666667,Terra,MODIS,65.91666667,6.03,293.525,63.05833333,N,0,Nuwara Eliya
6.722628571,80.89862857,327.8142857,1.628571429,1.228571429,1/09/2018,2018-09,September,917.8571429,Aqua,MODIS,71,6.03,299.6428571,46.84285714,D,0,Nuwara Eliya
6.8146,80.69336667,316,1.066666667,1,1/02/2019,2019-02,February,605,Terra,MODIS,62,6.03,301.4666667,7.7,D,0,Nuwara Eliya
6.95798,80.6051,320.92,1.26,1.12,1/03/2019,2019-03,March,802.4,Aqua,MODIS,45.8,6.03,303.1,13.78,D,0,Nuwara Eliya
6.966733333,80.8505,313.6333333,2.933333333,1.633333333,1/05/2019,2019-05,May,737,Aqua,MODIS,49.66666667,6.03,296.5333333,34.13333333,D,0,Nuwara Eliya
6.6978,80.8465,312.9,1.4,1.2,1/06/2019,2019-06,June,823,Aqua,MODIS,62,6.03,288.9,10.9,D,0,Nuwara Eliya
6.959833333,80.85383333,323.8666667,1.066666667,1.066666667,1/07/2019,2019-07,July,1059,Aqua,MODIS,79.66666667,6.03,294.1,22.36666667,D,0,Nuwara Eliya
6.715075,80.876925,320.25,1.075,1.05,1/09/2019,2019-09,September,933.5,Terra,MODIS,48,6.03,301.725,9.8,N,0,Nuwara Eliya
6.8653,80.6526,314.9,1,1,1/01/2020,2020-01,January,811,Aqua,MODIS,51,6.03,303.9,6.7,D,0,Nuwara Eliya
6.780716667,80.74191667,316.3166667,1.483333333,1.2,1/02/2020,2020-02,February,976.3333333,Aqua,MODIS,64.33333333,6.03,298.8666667,14.41666667,D,0,Nuwara Eliya
6.8423875,80.6439125,323.9625,1.1875,1.1125,1/03/2020,2020-03,March,799.25,Aqua,MODIS,70.375,6.03,301.85,15.1875,D,0,Nuwara Eliya
6.669,80.8099,321.5,1.4,1.2,1/08/2021,2021-08,August,753,Aqua,MODIS,64,6.03,297.2,21.3,D,0,Nuwara Eliya
6.66702,80.84024,322.22,1.02,1,1/09/2021,2021-09,September,565.4,Terra,MODIS,66.8,6.03,300.88,10.26,D,0,Nuwara Eliya
6.6421,80.8645,310.8,1,1,1/10/2021,2021-10,October,811,Aqua,MODIS,54,6.03,270.1,9.9,D,0,Nuwara Eliya
6.9884,80.7232,311.1,1,1,1/12/2021,2021-12,December,655.5,Terra,MODIS,55,6.03,297.2,5.6,D,0,Nuwara Eliya
7.00605,80.57565,322.4,1.2,1.1,1/01/2022,2022-01,January,800,Aqua,MODIS,76,6.03,301.05,18,D,0,Nuwara Eliya
6.6098,80.8568,320.8,1.2,1.1,1/06/2022,2022-06,June,822,Aqua,MODIS,72,6.03,297.2,15.1,D,0,Nuwara Eliya
6.696875,80.86995,312.95,1.125,1.05,1/07/2022,2022-07,July,1034.25,Terra,MODIS,57,6.03,292.95,9.1,N,0,Nuwara Eliya
6.5855,80.8167,317.65,1.15,1.05,1/08/2022,2022-08,August,663,Aqua,MODIS,66,6.03,294.4,11.15,D,0,Nuwara Eliya
6.6255,80.8453,303.3,1.1,1,1/09/2022,2022-09,September,2013,Aqua,MODIS,34,6.03,292.4,5.2,N,0,Nuwara Eliya
6.8049,80.6875,311.7,1.1,1,1/02/2023,2023-02,February,810,Aqua,MODIS,28,61.03,299.3,5.4,D,0,Nuwara Eliya
6.820714286,80.8256,315.2571429,1.585714286,1.2,1/07/2023,2023-07,July,1289.571429,Aqua,MODIS,66.42857143,61.03,292.5714286,21.81428571,D,0,Nuwara Eliya
6.718822222,80.83302963,314.2962963,1.577777778,1.203703704,1/08/2023,2023-08,August,1208.925926,Terra,MODIS,62.37037037,61.03,293.9185185,16.24074074,D,0,Nuwara Eliya
6.8001,80.6892,307.6,1.3,1.1,1/02/2024,2024-02,February,1225.5,Aqua,MODIS,42.5,61.03,293.6,7.05,D,0,Nuwara Eliya
6.968685714,80.63288571,317.5857143,1.9,1.3,1/03/2024,2024-03,March,703.5714286,Terra,MODIS,62.14285714,61.03,301.0571429,29.38571429,D,0,Nuwara Eliya
7.0059,80.8131,317.8,1.1,1,1/07/2024,2024-07,July,844,Aqua,MODIS,53.5,61.03,298.3,11,D,0,Nuwara Eliya
6.66805,80.85845,309.35,1.75,1.3,1/08/2024,2024-08,August,443,Terra,MODIS,51.5,61.03,289.45,10.25,D,0,Nuwara Eliya
6.82852,80.8887,310.88,1.42,1.18,1/09/2024,2024-09,September,1157.4,Aqua,MODIS,61.4,61.03,293.26,10.34,D,0,Nuwara Eliya
6.961866667,80.61246667,319.4333333,1.033333333,1,1/02/2025,2025-02,February,908.6666667,Aqua,MODIS,69.66666667,61.03,301.4666667,11.8,D,0,Nuwara Eliya
6.671225,80.8487,315.55,1.05,1.05,1/06/2025,2025-06,June,919,Aqua,MODIS,70,61.03,296.275,9.225,D,0,Nuwara Eliya
6.65775,80.8498,312.9166667,1.266666667,1.1,1/07/2025,2025-07,July,1141,Aqua,MODIS,61.16666667,61.03,292.7,10.18333333,D,0,Nuwara Eliya
6.824633333,80.84493333,314.5666667,1.066666667,1.033333333,1/08/2025,2025-08,August,937.6666667,Aqua,MODIS,65.33333333,61.03,295.4333333,10.16666667,D,0,Nuwara Eliya
6.737628571,80.81045714,309.0142857,1.485714286,1.171428571,1/09/2025,2025-09,September,1354.285714,Aqua,MODIS,55.85714286,61.03,286.8285714,14.15714286,D,0,Nuwara Eliya
7.941866667,81.22015,319.7166667,1.4,1.183333333,1/03/2001,2001-03,March,514.3333333,Terra,MODIS,63,6.03,302.65,14.46666667,D,0,Polonnaruwa
7.8123,81.25236667,322.8166667,1.383333333,1.133333333,1/05/2001,2001-05,May,507.3333333,Terra,MODIS,63.5,6.03,299.0333333,15.23333333,D,0,Polonnaruwa
7.916138889,81.13225,320.6333333,1.333333333,1.122222222,1/07/2001,2001-07,July,506.3333333,Terra,MODIS,55.72222222,6.03,295.8055556,14.69444444,D,0,Polonnaruwa
7.912891667,81.172825,320.3416667,1.816666667,1.275,1/08/2001,2001-08,August,527.75,Terra,MODIS,54.83333333,6.03,292.4,23.76666667,D,0,Polonnaruwa
7.97882,81.07347333,328.4333333,1.34,1.133333333,1/09/2001,2001-09,September,524.2666667,Terra,MODIS,60.33333333,6.03,296.7733333,30.59333333,D,0,Polonnaruwa
7.92782,81.16284,330.84,1.14,1.06,1/10/2001,2001-10,October,514.8,Terra,MODIS,78.8,6.03,301.52,21.92,D,0,Polonnaruwa
7.6501,81.2804,306.7,3.1,1.7,1/01/2002,2002-01,January,544,Terra,MODIS,42,6.03,291.6,17.4,D,0,Polonnaruwa
7.8105,81.30204,319.28,1.54,1.24,1/04/2002,2002-04,April,472.4,Terra,MODIS,56.8,6.03,295.16,15.22,D,0,Polonnaruwa
7.999966667,81.28654167,320.3416667,1.266666667,1.108333333,1/05/2002,2002-05,May,501.9166667,Terra,MODIS,62.75,6.03,300.2416667,10.79166667,D,0,Polonnaruwa
8.023323529,81.19117647,321.7235294,1.358823529,1.152941176,1/06/2002,2002-06,June,511.5294118,Terra,MODIS,57.47058824,6.03,298.1176471,14.22941176,D,0,Polonnaruwa
7.838217742,81.17683871,324.3274194,1.453225806,1.161290323,1/07/2002,2002-07,July,738.2096774,Terra,MODIS,58.90322581,6.03,298.2,19.52258065,D,0,Polonnaruwa
7.971611538,80.99575,329.8846154,1.442307692,1.165384615,1/08/2002,2002-08,August,824.6538462,Terra,MODIS,60.19230769,6.03,297.2961538,35.00769231,D,0,Polonnaruwa
8.024227778,80.96257778,327.7277778,1.622222222,1.211111111,1/09/2002,2002-09,September,755.1666667,Aqua,MODIS,62.88888889,6.03,300.8027778,26.11944444,D,0,Polonnaruwa
8.0528,81.321225,324.275,1.65,1.275,1/04/2003,2003-04,April,600.5,Terra,MODIS,54.5,6.03,297.825,35.95,D,0,Polonnaruwa
7.923515385,81.22243077,320.2692308,1.253846154,1.092307692,1/05/2003,2003-05,May,783.6923077,Terra,MODIS,55.07692308,6.03,300.1923077,11.93846154,N,0,Polonnaruwa
7.834661702,81.17942128,321.612766,1.361702128,1.138297872,1/06/2003,2003-06,June,658.6170213,Aqua,MODIS,52.08510638,6.03,294.4510638,15.72978723,D,0.042553191,Polonnaruwa
7.834564706,81.08988235,320.1941176,1.552941176,1.205882353,1/07/2003,2003-07,July,834.7058824,Aqua,MODIS,55.11764706,6.03,294.4470588,19.91176471,D,0,Polonnaruwa
7.897736364,81.2392,321.8454545,1.272727273,1.109090909,1/08/2003,2003-08,August,688.5454545,Terra,MODIS,50,6.03,299.7909091,12.10909091,D,0,Polonnaruwa
7.922579167,80.959725,326.8,1.385416667,1.1375,1/09/2003,2003-09,September,732.0625,Terra,MODIS,61.97916667,6.03,298.1666667,21.90833333,D,0,Polonnaruwa
8.0832625,80.9617625,324.0625,1.2125,1.075,1/10/2003,2003-10,October,604.75,Aqua,MODIS,58.375,6.03,301.7625,14.0125,D,0,Polonnaruwa
7.6914,81.1186,316.2,1,1,1/12/2003,2003-12,December,803,Aqua,MODIS,62,6.03,293.1,9.1,D,0,Polonnaruwa
8.0918,80.8215,318.1,1.2,1.1,1/02/2004,2004-02,February,815,Aqua,MODIS,41,6.03,304,9.9,D,0,Polonnaruwa
8.0642,80.7642,313.4,2.3,1.5,1/03/2004,2004-03,March,738,Aqua,MODIS,58,6.03,299,17.8,D,0,Polonnaruwa
8.098222222,81.24965556,324.2444444,1.155555556,1.044444444,1/04/2004,2004-04,April,646,Aqua,MODIS,61.66666667,6.03,298.8888889,14.74444444,D,0,Polonnaruwa
7.75526,81.213,317.81,1.54,1.19,1/05/2004,2004-05,May,1116.5,Aqua,MODIS,56.7,6.03,291.05,18.04,D,0,Polonnaruwa
7.888501429,81.16276143,324.4085714,1.451428571,1.158571429,1/06/2004,2004-06,June,703.9714286,Terra,MODIS,62.15714286,6.03,300.4357143,20.39857143,D,0,Polonnaruwa
7.957770968,81.03396452,324.2096774,1.303225806,1.106451613,1/07/2004,2004-07,July,778.2258065,Terra,MODIS,60.90322581,6.03,296.9612903,20.58709677,D,0,Polonnaruwa
8.054680357,80.88071964,329.5321429,1.603571429,1.225,1/08/2004,2004-08,August,728.9107143,Terra,MODIS,56.30357143,6.03,293.1125,44.72321429,D,0,Polonnaruwa
7.98335,80.737675,320.225,1.25,1.125,1/09/2004,2004-09,September,801.25,Aqua,MODIS,46.25,6.03,296.8,12.025,D,0,Polonnaruwa
8.03605,80.7178,325.4,1.1,1.05,1/10/2004,2004-10,October,809.5,Aqua,MODIS,74,6.03,299.55,15.5,D,0,Polonnaruwa
7.7457,81.2627,317.8,1.1,1,1/02/2005,2005-02,February,756,Aqua,MODIS,60.5,6.03,295.65,8.8,D,0,Polonnaruwa
8.06825,81.349375,323.85,1.05,1,1/03/2005,2005-03,March,805,Aqua,MODIS,63.75,6.03,303.9,11.975,D,0,Polonnaruwa
7.7785,81.2783,320.4,1.6,1.3,1/04/2005,2005-04,April,820,Aqua,MODIS,68,6.03,299.7,16.9,D,0,Polonnaruwa
7.770383333,81.16941667,318.4,1.733333333,1.233333333,1/05/2005,2005-05,May,734.6666667,Terra,MODIS,53.33333333,6.03,295.95,15.46666667,D,0,Polonnaruwa
7.832719565,81.24962391,322.3173913,1.434782609,1.154347826,1/06/2005,2005-06,June,676.9782609,Aqua,MODIS,63,6.03,297.6630435,16.89565217,D,0,Polonnaruwa
7.798113514,81.20153784,322.8783784,1.283783784,1.102702703,1/07/2005,2005-07,July,768.5945946,Terra,MODIS,56.51351351,6.03,298.4756757,15.02702703,D,0,Polonnaruwa
7.934512121,81.03522121,328.2,1.384848485,1.142424242,1/08/2005,2005-08,August,712.2121212,Terra,MODIS,54.78787879,6.03,301.3636364,27.13030303,D,0,Polonnaruwa
7.961113953,81.06345581,327.9069767,1.453488372,1.160465116,1/09/2005,2005-09,September,710.5348837,Terra,MODIS,64.30232558,6.03,302.6953488,23.6744186,D,0,Polonnaruwa
7.917795652,81.00746522,324.6913043,1.560869565,1.191304348,1/10/2005,2005-10,October,680.173913,Terra,MODIS,56.26086957,6.03,294.0826087,23.16956522,D,0,Polonnaruwa
7.889266667,80.76146667,315.6,1.366666667,1.133333333,1/01/2006,2006-01,January,578,Aqua,MODIS,67.33333333,6.03,299.9333333,12.4,D,0,Polonnaruwa
8.09165,81.2436,323.525,1,1,1/04/2006,2006-04,April,583.25,Aqua,MODIS,56.75,6.03,301.9,11.475,D,0,Polonnaruwa
7.85592,81.28928,320.58,1.146666667,1.053333333,1/05/2006,2006-05,May,724.6,Terra,MODIS,59.26666667,6.03,297.0466667,11.04666667,D,0,Polonnaruwa
7.8459,81.18689873,321.7632911,1.370886076,1.127848101,1/06/2006,2006-06,June,775.1265823,Terra,MODIS,58.58227848,6.03,296.4139241,17.11772152,D,0,Polonnaruwa
7.883548387,81.12504677,323.2387097,1.358064516,1.125806452,1/07/2006,2006-07,July,825.7258065,Aqua,MODIS,60.16129032,6.03,296.3467742,20.45,D,0,Polonnaruwa
7.997421622,81.04938919,323.1324324,1.486486486,1.178378378,1/08/2006,2006-08,August,771.4054054,Terra,MODIS,60.7027027,6.03,294.8432432,21.95405405,D,0,Polonnaruwa
8.00474,80.86173,320.15,1.59,1.22,1/09/2006,2006-09,September,764.4,Aqua,MODIS,58.4,6.03,292.86,22.11,D,0,Polonnaruwa
7.967272727,81.09263636,323.1,1.490909091,1.190909091,1/10/2006,2006-10,October,624.8181818,Terra,MODIS,53.45454545,6.03,297.5181818,17.19090909,D,0,Polonnaruwa
7.8968,80.6769,315.2,1,1,1/02/2007,2007-02,February,805,Aqua,MODIS,34,6.03,301.4,7.3,D,0,Polonnaruwa
8.00975,80.76605,325.35,1.15,1.1,1/03/2007,2007-03,March,809,Aqua,MODIS,62,6.03,305,19.45,D,0,Polonnaruwa
8.02615,81.3294,318.75,1.6,1.2,1/04/2007,2007-04,April,747,Aqua,MODIS,48.5,6.03,301.3,13.35,D,0,Polonnaruwa
7.912830233,81.18395581,322.1953488,1.7,1.244186047,1/05/2007,2007-05,May,737.1860465,Aqua,MODIS,63.13953488,6.03,300.4930233,20.30232558,D,0,Polonnaruwa
7.91092,81.12512,325.68,1.19,1.08,1/06/2007,2007-06,June,738,Aqua,MODIS,62.1,6.03,302.59,16.34,D,0,Polonnaruwa
7.83429375,81.20588958,321.5375,1.502083333,1.177083333,1/07/2007,2007-07,July,848.2291667,Terra,MODIS,62.5,6.03,294.1541667,23.425,D,0,Polonnaruwa
7.903585714,81.06714857,323.7342857,1.442857143,1.137142857,1/08/2007,2007-08,August,798.3142857,Aqua,MODIS,67.14285714,6.03,294.4285714,23.30285714,D,0,Polonnaruwa
7.983333333,81.11465833,319.95,1.525,1.191666667,1/09/2007,2007-09,September,794.0833333,Aqua,MODIS,52.66666667,6.03,293.15,17.11666667,D,0,Polonnaruwa
7.866874419,81.10120698,322.4348837,1.460465116,1.160465116,1/10/2007,2007-10,October,686.4883721,Terra,MODIS,63.6744186,6.03,296.4744186,17.16744186,D,0,Polonnaruwa
7.937058333,81.0404,318.0083333,1.208333333,1.083333333,1/05/2008,2008-05,May,653.1666667,Terra,MODIS,56.58333333,6.03,297.9166667,10.13333333,D,0,Polonnaruwa
7.7904,81.22735349,324.5627907,1.297674419,1.097674419,1/06/2008,2008-06,June,770.8139535,Aqua,MODIS,60.6744186,6.03,294.3186047,20.74186047,D,0,Polonnaruwa
7.789177273,81.20033182,326.3954545,1.472727273,1.159090909,1/07/2008,2008-07,July,669.3636364,Terra,MODIS,59.95454545,6.03,298.6181818,30.41818182,D,0,Polonnaruwa
7.87388,81.03968,321.145,1.195,1.075,1/08/2008,2008-08,August,856.9,Terra,MODIS,56.6,6.03,298.53,12.12,D,0,Polonnaruwa
7.914852,81.01892,323.168,1.312,1.116,1/09/2008,2008-09,September,707.24,Terra,MODIS,61.64,6.03,298.772,15.568,D,0,Polonnaruwa
7.85429,81.04645,322.995,1.36,1.12,1/10/2008,2008-10,October,698.6,Terra,MODIS,58.1,6.03,298.91,16.675,D,0,Polonnaruwa
7.9274,81.21275,318.7,1,1,1/11/2008,2008-11,November,656.5,Terra,MODIS,47,6.03,303.95,6,D,0,Polonnaruwa
7.767383333,81.04475,318.25,1.266666667,1.1,1/02/2009,2009-02,February,754.5,Aqua,MODIS,47.83333333,6.03,299.6,12.4,D,0,Polonnaruwa
7.74876,81.15096,322.42,1.88,1.32,1/03/2009,2009-03,March,760,Aqua,MODIS,67,6.03,306,28.18,D,0,Polonnaruwa
7.5864,81.2394,310.5,1.8,1.3,1/04/2009,2009-04,April,530,Terra,MODIS,30,6.03,294.1,9.7,D,0,Polonnaruwa
7.761325,81.20270833,322.2916667,1.4,1.15,1/05/2009,2009-05,May,674.5833333,Aqua,MODIS,62.33333333,6.03,294.4083333,16.85833333,D,0,Polonnaruwa
7.820574684,81.18698354,323.078481,1.334177215,1.111392405,1/06/2009,2009-06,June,751.4050633,Aqua,MODIS,63.40506329,6.03,296.2481013,20.05189873,D,0,Polonnaruwa
7.874581818,81.05499773,324.8931818,1.772727273,1.236363636,1/07/2009,2009-07,July,704.4318182,Aqua,MODIS,59.63636364,6.03,296.7840909,31.76818182,D,0,Polonnaruwa
8.174917647,81.04138235,330.9529412,1.394117647,1.135294118,1/08/2009,2009-08,August,780.5294118,Aqua,MODIS,67.52941176,6.03,290.6176471,39.60588235,D,0,Polonnaruwa
8.009875862,80.96822069,324.7758621,1.44137931,1.148275862,1/09/2009,2009-09,September,761.6551724,Aqua,MODIS,55.86206897,6.03,298.7413793,20.47586207,D,0,Polonnaruwa
8.045913333,81.1187,327.6966667,1.443333333,1.153333333,1/10/2009,2009-10,October,685.1,Terra,MODIS,63.36666667,6.03,303.1733333,25.99333333,D,0,Polonnaruwa
7.90545,81.2506,318.25,2.2,1.45,1/04/2010,2010-04,April,639,Aqua,MODIS,51,6.03,297.55,22.85,D,0,Polonnaruwa
7.8983,80.7682,321.7,1,1,1/05/2010,2010-05,May,813,Aqua,MODIS,67,6.03,301.2,12.1,D,0,Polonnaruwa
7.894190909,81.27027273,320.0727273,1.236363636,1.081818182,1/06/2010,2010-06,June,793.4545455,Aqua,MODIS,63.63636364,6.03,292.2181818,12.57272727,D,0,Polonnaruwa
7.5826625,81.181275,316.45,1.1375,1.05,1/07/2010,2010-07,July,831.75,Aqua,MODIS,48,6.03,290.95,10.55,D,0,Polonnaruwa
7.8565625,81.12044167,324.8416667,1.558333333,1.191666667,1/08/2010,2010-08,August,687.2083333,Terra,MODIS,62.04166667,6.03,296.175,25.68333333,D,0,Polonnaruwa
8.041255556,80.93494444,322.0666667,1.777777778,1.277777778,1/09/2010,2010-09,September,733.1111111,Aqua,MODIS,62,6.03,292.2,23.97777778,D,0,Polonnaruwa
7.868372727,81.03191818,321.1,1.1,1.036363636,1/10/2010,2010-10,October,642.7272727,Terra,MODIS,53.72727273,6.03,301.1272727,9.636363636,D,0,Polonnaruwa
7.7652,81.2695,319.75,1.3,1.1,1/03/2011,2011-03,March,818,Aqua,MODIS,48,6.03,301.7,12.55,D,0,Polonnaruwa
7.5027,81.2098,318.4,1,1,1/04/2011,2011-04,April,806,Aqua,MODIS,23,6.03,304.5,6.9,D,0,Polonnaruwa
8.0663,81.28846667,322.3,1.066666667,1,1/05/2011,2011-05,May,809,Aqua,MODIS,67.66666667,6.03,300.3333333,9.6,D,0,Polonnaruwa
7.705489744,81.19713462,324.7628205,1.661538462,1.232051282,1/06/2011,2011-06,June,696.6410256,Terra,MODIS,66.1025641,6.03,299.0961538,24.87948718,D,0,Polonnaruwa
7.872969231,81.25242308,317.8076923,1.653846154,1.253846154,1/07/2011,2011-07,July,744.8461538,Terra,MODIS,56.76923077,6.03,289.9615385,18.52307692,D,0,Polonnaruwa
7.96218,81.01815,321.88,1.36,1.14,1/08/2011,2011-08,August,693.2,Terra,MODIS,62.3,6.03,294.96,18.89,D,0,Polonnaruwa
7.913334862,81.0682055,329.6522936,1.423853211,1.157798165,1/09/2011,2011-09,September,732.1284404,Terra,MODIS,66.34862385,6.03,302.8045872,23.22752294,N,0.018348624,Polonnaruwa
8.006341667,81.061575,325.1833333,1.433333333,1.145833333,1/10/2011,2011-10,October,601.2916667,Aqua,MODIS,56.58333333,6.03,301.3041667,17.19166667,D,0,Polonnaruwa
7.94365,81.35675,325.6,1.1,1,1/03/2012,2012-03,March,812,Aqua,MODIS,74,6.03,301.15,10.9,D,0,Polonnaruwa
8.0531,81.3164,333.4,1.1,1,1/04/2012,2012-04,April,812,Aqua,MODIS,78,6.03,306.1,20.8,D,0,Polonnaruwa
7.71559,81.23559,323.38,1.06,1,1/05/2012,2012-05,May,739.6,Aqua,MODIS,64,6.03,295.9,12.51,D,0,Polonnaruwa
7.753688525,81.21303443,325.7032787,1.552459016,1.186885246,1/06/2012,2012-06,June,718.3770492,Aqua,MODIS,59.49180328,6.03,298.147541,25.88196721,D,0,Polonnaruwa
7.973709091,81.13731364,325.5727273,1.304545455,1.095454545,1/07/2012,2012-07,July,683.4545455,Aqua,MODIS,58.68181818,6.03,302.0272727,18.27272727,D,0,Polonnaruwa
8.074593333,81.00136,327.4833333,1.26,1.103333333,1/08/2012,2012-08,August,769.0333333,Aqua,MODIS,62.83333333,6.03,297.4566667,21.44666667,D,0,Polonnaruwa
7.902943137,81.1080451,326.3745098,1.411764706,1.160784314,1/09/2012,2012-09,September,690.0588235,Terra,MODIS,61.39215686,6.03,300.2098039,19.64901961,D,0,Polonnaruwa
7.972494737,81.02092105,331,2.005263158,1.321052632,1/10/2012,2012-10,October,693.8947368,Aqua,MODIS,64.26315789,6.03,305.5736842,39.48947368,D,0,Polonnaruwa
8.0044,81.2552,317.3,1.1,1,1/02/2013,2013-02,February,812,Aqua,MODIS,60,6.03,299.6,8.5,D,0,Polonnaruwa
7.9767,81.3486,327,1.1,1.05,1/04/2013,2013-04,April,482,Terra,MODIS,47.5,6.03,307.2,13.45,D,0,Polonnaruwa
7.682157895,81.21673684,323.9052632,1.121052632,1.031578947,1/06/2013,2013-06,June,715.1578947,Aqua,MODIS,61.94736842,6.03,299.8631579,12.57894737,D,0,Polonnaruwa
7.706525,81.1964625,324.2375,1.9625,1.275,1/07/2013,2013-07,July,676.75,Terra,MODIS,49.25,6.03,294.3125,40.0875,D,0,Polonnaruwa
7.929837838,81.10136216,329.2135135,1.364864865,1.156756757,1/08/2013,2013-08,August,761.5405405,Aqua,MODIS,62.35135135,6.03,299.2783784,34.35405405,D,0,Polonnaruwa
7.973361538,81.08241538,326.6615385,1.361538462,1.138461538,1/09/2013,2013-09,September,724.2307692,Aqua,MODIS,64.88461538,6.03,303.6884615,19.81538462,D,0,Polonnaruwa
7.92758,81.06318308,326.9553846,1.649230769,1.224615385,1/10/2013,2013-10,October,665.7076923,Terra,MODIS,63.03076923,6.03,301.1661538,26.23230769,D,0,Polonnaruwa
7.9875,81.3315,314.3,1,1,1/02/2014,2014-02,February,806,Aqua,MODIS,36,6.03,299.8,6.4,D,0,Polonnaruwa
8.0157,80.7124,318.2,2.5,1.5,1/03/2014,2014-03,March,837,Aqua,MODIS,69,6.03,304.2,22.2,D,0,Polonnaruwa
7.800538462,81.1496,327.9769231,1.146153846,1.053846154,1/04/2014,2014-04,April,716.7692308,Aqua,MODIS,59.30769231,6.03,301.4923077,16.86923077,D,0,Polonnaruwa
7.86764375,81.087,321.76875,1.10625,1.03125,1/06/2014,2014-06,June,870.75,Aqua,MODIS,53.875,6.03,301.25625,10.7625,D,0,Polonnaruwa
7.919019048,81.13578333,325.3214286,1.338095238,1.121428571,1/07/2014,2014-07,July,831.6666667,Terra,MODIS,66.47619048,6.03,299.2071429,20.32619048,D,0,Polonnaruwa
8.010825,81.0649,326.63,1.445,1.145,1/08/2014,2014-08,August,694.65,Aqua,MODIS,72.15,6.03,296.245,26.59,D,0,Polonnaruwa
8.045975,80.969225,320.5125,1.65625,1.25625,1/09/2014,2014-09,September,739.8125,Aqua,MODIS,55.0625,6.03,295.35,18.65,D,0,Polonnaruwa
7.89004,81.22462,322.14,1.34,1.12,1/10/2014,2014-10,October,667,Terra,MODIS,54,6.03,299.76,15.2,D,0,Polonnaruwa
7.9783,81.2227,319.3,1.3,1.1,1/11/2014,2014-11,November,753,Aqua,MODIS,61,6.03,303.7,13.2,D,0,Polonnaruwa
8.0725,81.305525,321.3,1.35,1.1,1/03/2015,2015-03,March,812,Aqua,MODIS,52,6.03,303.5,15.275,D,0,Polonnaruwa
8.070375,81.2989,318.55,1.775,1.275,1/05/2015,2015-05,May,703.5,Aqua,MODIS,70,6.03,296.925,18.725,D,0,Polonnaruwa
8.06326,81.30084,325.37,1.13,1.04,1/06/2015,2015-06,June,647.8,Terra,MODIS,75.1,6.03,293.79,20.09,D,0,Polonnaruwa
7.810296875,81.21396563,322.55625,1.478125,1.1625,1/07/2015,2015-07,July,702.75,Terra,MODIS,58.90625,6.03,295.825,19.434375,D,0,Polonnaruwa
7.944907143,81.23435,323.8928571,1.335714286,1.121428571,1/08/2015,2015-08,August,986,Aqua,MODIS,64.21428571,6.03,296.8642857,22.77857143,D,0,Polonnaruwa
7.972927273,80.99913182,322.8545455,1.240909091,1.1,1/09/2015,2015-09,September,778.0909091,Aqua,MODIS,58.27272727,6.03,297.7863636,14.10909091,D,0,Polonnaruwa
8.0699,81.06572,322.26,1.58,1.2,1/10/2015,2015-10,October,698.4,Aqua,MODIS,56.6,6.03,297.92,15.58,D,0,Polonnaruwa
7.8429,80.7431,319.8,1.1,1.1,1/03/2016,2016-03,March,800,Aqua,MODIS,23,6.03,303.6,9.2,D,0,Polonnaruwa
7.924635714,81.26524286,326.1142857,1.571428571,1.207142857,1/04/2016,2016-04,April,594.3571429,Aqua,MODIS,50.71428571,6.03,301.5,23.76428571,D,0,Polonnaruwa
8.06152,81.23864,320.8,1.92,1.28,1/05/2016,2016-05,May,616,Aqua,MODIS,45.2,6.03,298.22,22.7,D,0,Polonnaruwa
8.1378,81.3457,315,1,1,1/06/2016,2016-06,June,505,Terra,MODIS,59,6.03,289,6.6,D,0,Polonnaruwa
7.796875,81.1181875,317.975,1.15,1.05,1/07/2016,2016-07,July,989.5,Aqua,MODIS,57.875,6.03,299.975,10.5875,D,0,Polonnaruwa
8.0006,80.87422308,317.7,1.192307692,1.092307692,1/08/2016,2016-08,August,806.4615385,Aqua,MODIS,59,6.03,292.3923077,12.75384615,D,0,Polonnaruwa
7.851420833,81.06149375,326.0770833,1.617708333,1.222916667,1/09/2016,2016-09,September,753.65625,Aqua,MODIS,64.71875,6.03,299.7802083,26.91770833,D,0,Polonnaruwa
7.930971429,81.05753968,329.1492063,1.40952381,1.146031746,1/10/2016,2016-10,October,754.2380952,Terra,MODIS,62.85714286,6.03,304.4984127,22.63968254,D,0,Polonnaruwa
7.91295,81.251575,324.75,1.025,1,1/04/2017,2017-04,April,570,Terra,MODIS,65.25,6.03,304.525,10.925,D,0,Polonnaruwa
7.774777778,81.20232222,322.5111111,1.566666667,1.177777778,1/05/2017,2017-05,May,726.2222222,Terra,MODIS,46.33333333,6.03,295.3666667,18.03333333,D,0,Polonnaruwa
7.739910526,81.18530526,325.0105263,1.194736842,1.063157895,1/06/2017,2017-06,June,689.2631579,Terra,MODIS,61.21052632,6.03,300.3947368,16.25789474,D,0,Polonnaruwa
7.8203,81.0423963,323.4222222,1.614814815,1.225925926,1/07/2017,2017-07,July,660.5925926,Terra,MODIS,57.14814815,6.03,298.6037037,20.48148148,D,0,Polonnaruwa
8.024125,80.982325,320.975,1.375,1.125,1/08/2017,2017-08,August,667.25,Terra,MODIS,42,6.03,298.875,14.475,D,0,Polonnaruwa
7.949633333,81.08401111,321.2777778,1.2,1.066666667,1/10/2017,2017-10,October,728.3333333,Terra,MODIS,61.55555556,6.03,294.5777778,11.8,D,0,Polonnaruwa
8.0162,81.4186,324.8,1,1,1/02/2018,2018-02,February,806,Aqua,MODIS,56,6.03,306.4,12.2,D,0,Polonnaruwa
8.1742,81.3138,319.3,1.1,1.1,1/05/2018,2018-05,May,518,Terra,MODIS,42,6.03,300,10.8,D,0,Polonnaruwa
8.062,81.02628333,322.2444444,1.372222222,1.138888889,1/06/2018,2018-06,June,611.2222222,Terra,MODIS,69.66666667,6.03,295.5333333,22.81666667,D,0,Polonnaruwa
8.112582353,81.03664118,318.2,1.288235294,1.105882353,1/07/2018,2018-07,July,653.8235294,Terra,MODIS,54.52941176,6.03,292.7529412,13.88823529,D,0,Polonnaruwa
7.999976923,81.14427692,322.9846154,1.361538462,1.111538462,1/08/2018,2018-08,August,841.7692308,Terra,MODIS,64.30769231,6.03,295.0653846,19.64615385,N,0,Polonnaruwa
8.005951724,81.07652069,328.3793103,1.089655172,1.027586207,1/09/2018,2018-09,September,668.5172414,Terra,MODIS,63.82758621,6.03,300.1586207,16.8,D,0.068965517,Polonnaruwa
8.2146,80.9929,315.6,1.3,1.1,1/01/2019,2019-01,January,523,Terra,MODIS,63,6.03,289.2,16,D,0,Polonnaruwa
7.971153571,81.13318571,323.6892857,1.8,1.275,1/03/2019,2019-03,March,703.5714286,Aqua,MODIS,52.60714286,6.03,307.9,21.15,D,0,Polonnaruwa
7.874428205,81.07477436,324.4333333,1.992307692,1.341025641,1/04/2019,2019-04,April,703.025641,Terra,MODIS,48.30769231,6.03,302.9025641,26.58205128,D,0,Polonnaruwa
7.6817375,81.1241625,323.875,1.6375,1.225,1/05/2019,2019-05,May,675.625,Terra,MODIS,41.125,6.03,302.15,25.525,D,0,Polonnaruwa
7.754269565,81.15060435,326.3130435,1.413043478,1.139130435,1/06/2019,2019-06,June,687.6086957,Aqua,MODIS,68.26086957,6.03,299.1347826,21.34347826,D,0,Polonnaruwa
7.89665,81.02186667,323.5,1.383333333,1.133333333,1/07/2019,2019-07,July,630.6666667,Terra,MODIS,57.66666667,6.03,296.9833333,16.33333333,D,0,Polonnaruwa
8.10705,81.1037,323.6,1.45,1.2,1/08/2019,2019-08,August,782,Aqua,MODIS,69,6.03,292.25,20.8,D,0,Polonnaruwa
7.942835185,81.02676481,328.1537037,1.327777778,1.109259259,1/09/2019,2019-09,September,705.0555556,Aqua,MODIS,66.35185185,6.03,300.0185185,21.16111111,D,0,Polonnaruwa
8.20805,80.9914,319.65,1.1,1,1/02/2020,2020-02,February,505,Terra,MODIS,68,6.03,300,12.85,D,0,Polonnaruwa
7.9592,80.9075,321.1,1,1,1/03/2020,2020-03,March,655.5,Aqua,MODIS,29,6.03,305.5,7.9,D,0,Polonnaruwa
8.035247619,81.03882857,322.4285714,1.328571429,1.119047619,1/04/2020,2020-04,April,697.7142857,Aqua,MODIS,44.61904762,6.03,301.8619048,14.28571429,D,0.095238095,Polonnaruwa
7.9194,81.37065,320.85,1.45,1.2,1/05/2020,2020-05,May,625.5,Terra,MODIS,23,6.03,299.95,13.7,D,0,Polonnaruwa
7.99575,81.01713333,321.3833333,1.083333333,1.016666667,1/06/2020,2020-06,June,658.6666667,Terra,MODIS,63.16666667,6.03,296.5,12.58333333,D,0,Polonnaruwa
8.224666667,81.02005,328.8333333,1.083333333,1,1/07/2020,2020-07,July,937.5,Terra,MODIS,82,6.03,293.5666667,28.71666667,D,0,Polonnaruwa
7.967772727,81.1523,323.6090909,1.209090909,1.077272727,1/08/2020,2020-08,August,661.8181818,Aqua,MODIS,63.95454545,6.03,300.25,13.46363636,D,0,Polonnaruwa
8.031289474,80.98763158,325.2947368,1.3,1.105263158,1/09/2020,2020-09,September,640.7368421,Aqua,MODIS,56.05263158,6.03,298.2947368,16.20526316,D,0.105263158,Polonnaruwa
7.840566667,81.0959,327.7666667,1.205555556,1.072222222,1/10/2020,2020-10,October,660.3333333,Terra,MODIS,58,6.03,300.95,19.6,D,0,Polonnaruwa
7.9682,80.6353,320.1,1,1,1/03/2021,2021-03,March,811,Aqua,MODIS,49,6.03,299.5,8.1,D,0,Polonnaruwa
8.0861,81.00576667,324.5333333,1.233333333,1.1,1/06/2021,2021-06,June,671.3333333,Terra,MODIS,71.66666667,6.03,300.9,22.06666667,D,0,Polonnaruwa
8.01248,81.11394,324.78,1.54,1.22,1/07/2021,2021-07,July,638.4,Terra,MODIS,67.4,6.03,298.14,32.58,D,0,Polonnaruwa
7.874457143,81.16868571,312.7,1.314285714,1.114285714,1/08/2021,2021-08,August,569.1428571,Aqua,MODIS,47,6.03,281.5142857,9.114285714,D,0,Polonnaruwa
7.936455,81.141355,326.375,1.095,1.03,1/09/2021,2021-09,September,667.1,Aqua,MODIS,59.4,6.03,298.515,14.67,D,0,Polonnaruwa
8.0338,81.3798,318.5,1.1,1,1/10/2021,2021-10,October,512,Terra,MODIS,17,6.03,299.7,8.3,D,0,Polonnaruwa
7.5274,81.1853,313.1,1.3,1.1,1/01/2022,2022-01,January,754,Aqua,MODIS,53,6.03,296.6,9.5,D,0,Polonnaruwa
8.225,81.0258,313.4,1.2,1.1,1/02/2022,2022-02,February,818,Aqua,MODIS,37,6.03,298.4,6,D,0,Polonnaruwa
8.2273,81.0393,319.2,1,1,1/03/2022,2022-03,March,805,Aqua,MODIS,74,6.03,293.4,11.5,D,0,Polonnaruwa
7.63617,81.14363,320.49,1.32,1.13,1/05/2022,2022-05,May,700.6,Aqua,MODIS,59,6.03,297.36,12.89,D,0,Polonnaruwa
7.649835714,81.10091429,316.0928571,1.514285714,1.2,1/06/2022,2022-06,June,848.5714286,Aqua,MODIS,54.21428571,6.03,290.4928571,15.94285714,D,0,Polonnaruwa
7.799,81.0482,319.8391304,1.195652174,1.07826087,1/07/2022,2022-07,July,607.1304348,Terra,MODIS,53.17391304,6.03,295.0826087,11.93478261,D,0,Polonnaruwa
7.84765,81.200625,318.375,2.025,1.375,1/08/2022,2022-08,August,830,Aqua,MODIS,42.5,6.03,294.35,21.1,D,0,Polonnaruwa
8.0333,81.24727143,319.9285714,1.185714286,1.071428571,1/09/2022,2022-09,September,623.1428571,Terra,MODIS,44.14285714,6.03,298.6428571,10.48571429,D,0,Polonnaruwa
7.8137,80.9683,318.55,1.05,1.05,1/10/2022,2022-10,October,810,Aqua,MODIS,56.5,6.03,290.7,11.2,D,0,Polonnaruwa
8.0818,81.2471,310.3,1.3,1.1,1/01/2023,2023-01,January,800,Aqua,MODIS,61,61.03,292.3,9.1,D,0,Polonnaruwa
8.01,80.7995,312,1.1,1,1/02/2023,2023-02,February,810,Aqua,MODIS,52,61.03,300.5,6.7,D,0,Polonnaruwa
8.2758,81.0141,316.4,1.4,1.2,1/03/2023,2023-03,March,831,Aqua,MODIS,30,61.03,298.6,10.5,D,0,Polonnaruwa
8.0687,81.2871,321.55,1.6,1.2,1/04/2023,2023-04,April,632.5,Terra,MODIS,38,61.03,303.75,15.45,D,0,Polonnaruwa
8.0867,81.2531,317,1.1,1.1,1/05/2023,2023-05,May,438,Terra,MODIS,61,61.03,299.7,7.7,D,0,Polonnaruwa
7.850766667,81.17544167,326.1083333,1.075,1.033333333,1/06/2023,2023-06,June,819.4166667,Aqua,MODIS,61.91666667,61.03,299.9916667,16.15,D,0,Polonnaruwa
7.898483333,81.13887778,324.5,1.377777778,1.127777778,1/07/2023,2023-07,July,781,Aqua,MODIS,60.72222222,61.03,300.05,23.2,D,0,Polonnaruwa
7.990733333,81.07812593,323.662963,1.392592593,1.125925926,1/08/2023,2023-08,August,707.2592593,Aqua,MODIS,60.92592593,61.03,298.5,18.72222222,D,0,Polonnaruwa
7.976677778,81.01958889,326.6888889,1.266666667,1.111111111,1/09/2023,2023-09,September,834.7777778,Aqua,MODIS,60.55555556,61.03,297.3111111,19.11111111,D,0,Polonnaruwa
8.08425,81.2494,323.15,1.15,1.05,1/02/2024,2024-02,February,823.5,Aqua,MODIS,69.5,61.03,299.6,17.2,D,0,Polonnaruwa
7.8767,81.2046,322,1.6,1.2,1/03/2024,2024-03,March,820.5,Aqua,MODIS,68.5,61.03,305.05,21.2,D,0,Polonnaruwa
7.9535,80.8431,322,1.1,1.1,1/04/2024,2024-04,April,846,Aqua,MODIS,38,61.03,303.4,9.9,D,0,Polonnaruwa
7.6426,81.1204,315,1.1,1.1,1/06/2024,2024-06,June,850,Aqua,MODIS,58,61.03,293.2,7.1,D,0,Polonnaruwa
7.644826667,81.18724667,324.6533333,1.32,1.106666667,1/07/2024,2024-07,July,756.2,Aqua,MODIS,60.93333333,61.03,302.0333333,17.08,D,0,Polonnaruwa
7.64366,81.05696,326.06,1.2,1.1,1/08/2024,2024-08,August,843.8,Aqua,MODIS,57.4,61.03,294.78,17.02,D,0,Polonnaruwa
8.046765,81.007565,321.11,1.675,1.23,1/09/2024,2024-09,September,724.85,Aqua,MODIS,66.55,61.03,299.49,20.735,D,0,Polonnaruwa
8.1423,81.3464,316.9,2,1.4,1/10/2024,2024-10,October,357,Terra,MODIS,43,61.03,292.6,14.9,D,0,Polonnaruwa
8.0399,81.399,318.1,1.1,1.1,1/02/2025,2025-02,February,909,Aqua,MODIS,48,61.03,301.2,9.4,D,0,Polonnaruwa
8.0419,81.3886,310.8,1.9,1.3,1/03/2025,2025-03,March,428,Terra,MODIS,43,61.03,294.4,11.1,D,0,Polonnaruwa
7.54792,81.16578,318.9,1.3,1.14,1/06/2025,2025-06,June,603.6,Terra,MODIS,52,61.03,299.92,12.66,D,0,Polonnaruwa
7.681755556,81.10585556,322.5777778,1.344444444,1.144444444,1/07/2025,2025-07,July,798.5555556,Aqua,MODIS,63.33333333,61.03,299.3666667,16.31111111,D,0,Polonnaruwa
7.924088235,81.18138235,322.6529412,1.047058824,1.011764706,1/08/2025,2025-08,August,756.1764706,Aqua,MODIS,64.29411765,61.03,300.5411765,12.05882353,D,0,Polonnaruwa
7.926172,81.100784,321.444,1.212,1.096,1/09/2025,2025-09,September,875.28,Aqua,MODIS,60.32,61.03,296.988,13.184,D,0,Polonnaruwa
8.06698,81.10024,321.5,1.02,1,1/10/2025,2025-10,October,817.8,Aqua,MODIS,52.6,61.03,293.44,12.62,D,0,Polonnaruwa
8.0515,80.00065,324.15,1.1,1.05,1/03/2001,2001-03,March,519.75,Terra,MODIS,71,6.03,303.175,13.6,D,0,Puttalam
7.9193,79.957,314.7,1.2,1.1,1/07/2001,2001-07,July,513,Terra,MODIS,61,6.03,291.1,8.6,D,0,Puttalam
7.8246,79.963,308.4,2.6,1.6,1/08/2001,2001-08,August,1642,Terra,MODIS,60,6.03,287.8,31.3,N,0,Puttalam
8.00386,80.06016,326.26,1.1,1.06,1/09/2001,2001-09,September,519.4,Terra,MODIS,58.6,6.03,303.68,10.74,D,0,Puttalam
8.3091,79.8578,319.35,1.1,1.05,1/10/2001,2001-10,October,513,Terra,MODIS,47,6.03,295.1,9.25,D,0,Puttalam
8.1606,79.723,313,3,1.6,1/04/2002,2002-04,April,549,Terra,MODIS,0,6.03,291,29.6,D,0,Puttalam
8.0774,80.004032,324.352,1.708,1.244,1/08/2002,2002-08,August,799.72,Aqua,MODIS,59.72,6.03,297.124,24.808,D,0,Puttalam
8.033538333,80.02775833,325.79,1.67,1.231666667,1/09/2002,2002-09,September,759.2166667,Aqua,MODIS,65.95,6.03,296.955,28.45666667,D,0,Puttalam
8.1823,79.87446,324.36,1.04,1.02,1/10/2002,2002-10,October,797.4,Aqua,MODIS,67.2,6.03,298.54,13.3,D,0,Puttalam
7.892825,80.06155,315.625,1.725,1.275,1/02/2003,2003-02,February,823.75,Aqua,MODIS,54.5,6.03,298.55,14.55,D,0,Puttalam
8.01498,80.14652,316.14,2.08,1.4,1/03/2003,2003-03,March,798.4,Aqua,MODIS,58.6,6.03,294.96,20.24,D,0,Puttalam
8.0397,79.86915,315.35,2.7,1.6,1/07/2003,2003-07,July,738,Aqua,MODIS,55,6.03,293.6,31.4,D,0,Puttalam
8.157275,79.90325,321.45,3.075,1.5875,1/08/2003,2003-08,August,691.625,Aqua,MODIS,60.375,6.03,289.6125,75.7625,D,0,Puttalam
8.100989796,79.99387959,330.6204082,1.46122449,1.183673469,1/09/2003,2003-09,September,773.8367347,Aqua,MODIS,69.81632653,6.03,294.4081633,47.48571429,D,0,Puttalam
8.17035,79.85055,320.4,1.15,1.05,1/10/2003,2003-10,October,814,Aqua,MODIS,68,6.03,297.5,11.7,D,0,Puttalam
7.9091,79.9502,326.15,1.125,1.025,1/01/2004,2004-01,January,812.75,Aqua,MODIS,66.25,6.03,298.375,20.575,D,0,Puttalam
7.959737037,80.03274074,324.4888889,1.611111111,1.203703704,1/02/2004,2004-02,February,830.2962963,Aqua,MODIS,65.77777778,6.03,302.8444444,21.44444444,D,0,Puttalam
7.947385714,79.89762857,326.8714286,1.671428571,1.228571429,1/03/2004,2004-03,March,810,Aqua,MODIS,69.85714286,6.03,304.4571429,20.11428571,D,0,Puttalam
8.11215,79.9284,317.45,1.1,1.05,1/07/2004,2004-07,July,637,Terra,MODIS,69,6.03,290.6,11.6,D,0,Puttalam
8.049187302,80.06380159,327.7301587,1.550793651,1.211111111,1/08/2004,2004-08,August,790.1904762,Aqua,MODIS,65,6.03,294.5873016,33.23015873,D,0,Puttalam
7.9872,80.0463913,327.8086957,2.082608696,1.347826087,1/09/2004,2004-09,September,805.826087,Aqua,MODIS,67.47826087,6.03,293.2869565,38.66956522,D,0,Puttalam
8.083833333,79.8368,316.0666667,1.5,1.166666667,1/10/2004,2004-10,October,715.6666667,Aqua,MODIS,40.33333333,6.03,297.9,14.3,D,0,Puttalam
7.8874,80.1271625,328.1625,1.65,1.25,1/02/2005,2005-02,February,811.875,Aqua,MODIS,75.75,6.03,304.625,29.925,D,0,Puttalam
7.974614706,80.08432941,322.7470588,1.691176471,1.244117647,1/03/2005,2005-03,March,788.4705882,Aqua,MODIS,61.76470588,6.03,298.8411765,22.42647059,D,0,Puttalam
8.0676,79.962775,323.95,1,1,1/06/2005,2005-06,June,803.5,Aqua,MODIS,59.5,6.03,300.75,13,D,0,Puttalam
8.163766667,80.01016667,319.7666667,1.033333333,1,1/07/2005,2005-07,July,615.3333333,Terra,MODIS,58,6.03,296.7,9.9,D,0,Puttalam
8.028146377,80.01297971,331.1231884,1.265217391,1.095652174,1/08/2005,2005-08,August,780.3333333,Aqua,MODIS,69.57971014,6.03,300.1043478,28.77536232,D,0,Puttalam
7.99115,80.04097895,327.85,1.365789474,1.134210526,1/09/2005,2005-09,September,788.8421053,Aqua,MODIS,64.26315789,6.03,299.0157895,24.67105263,D,0.052631579,Puttalam
7.968866667,79.91171667,339.8666667,1.15,1.05,1/10/2005,2005-10,October,814,Aqua,MODIS,84.5,6.03,298.4666667,42.58333333,D,0,Puttalam
8.2299,80.089,321,1.2,1.1,1/02/2006,2006-02,February,756,Aqua,MODIS,74,6.03,300.1,12.5,D,0,Puttalam
7.973566667,80.09003333,314.8,1.266666667,1.1,1/03/2006,2006-03,March,713.3333333,Terra,MODIS,53.33333333,6.03,301.4666667,7.666666667,D,0,Puttalam
8.2067,79.8432,321.5,1,1,1/04/2006,2006-04,April,809,Aqua,MODIS,70,6.03,302.7,7.7,D,0,Puttalam
8.1382,79.97713333,319.6,1.233333333,1.1,1/06/2006,2006-06,June,694.6666667,Aqua,MODIS,63.66666667,6.03,297,10.03333333,D,0,Puttalam
8.168775,79.9167,328.525,1.425,1.175,1/07/2006,2006-07,July,751,Terra,MODIS,70.25,6.03,296.475,29.7,D,0,Puttalam
8.071352,79.98324,324.524,1.42,1.164,1/08/2006,2006-08,August,800.52,Aqua,MODIS,69.28,6.03,293.392,23.324,D,0,Puttalam
8.1919375,79.9401,329.7,1.05,1.025,1/09/2006,2006-09,September,795,Aqua,MODIS,76.25,6.03,299.475,20.825,D,0,Puttalam
8.0506,80.1501,333.7,1.5,1.2,1/10/2006,2006-10,October,753,Aqua,MODIS,83,6.03,299.5,45.2,D,0,Puttalam
7.8229,80.0312,324.5,1.04,1.02,1/02/2007,2007-02,February,814.4,Aqua,MODIS,71.6,6.03,301.98,13.32,D,0,Puttalam
7.995531579,80.02561579,326.9263158,1.473684211,1.163157895,1/03/2007,2007-03,March,808.1052632,Aqua,MODIS,67.26315789,6.03,304.4842105,22.5,D,0,Puttalam
8.033,79.9063,329.8,1,1,1/04/2007,2007-04,April,517,Terra,MODIS,82,6.03,302.8,17,D,0,Puttalam
8.1685,79.8923,316.1,1.3,1.1,1/05/2007,2007-05,May,824,Aqua,MODIS,53,6.03,297.8,8.7,D,0,Puttalam
7.5689,79.8101,320.7,1,1,1/06/2007,2007-06,June,811,Aqua,MODIS,66,6.03,301.5,7.3,D,0,Puttalam
8.2493,79.8708,317.8,2.2,1.4,1/07/2007,2007-07,July,836,Aqua,MODIS,68,6.03,291.9,23.9,D,0,Puttalam
8.172333333,79.92036667,323.5,1.466666667,1.166666667,1/08/2007,2007-08,August,800,Aqua,MODIS,43.66666667,6.03,292.8333333,28.8,D,0,Puttalam
8.0556,80.03913333,320.05,2.366666667,1.4,1/09/2007,2007-09,September,764,Aqua,MODIS,59.33333333,6.03,287.7833333,34.63333333,D,0,Puttalam
8.1532,79.8627,320.3,1.05,1.05,1/10/2007,2007-10,October,667,Terra,MODIS,52.5,6.03,293.65,10.25,D,0,Puttalam
8.200166667,79.98516667,317.6333333,1.166666667,1.066666667,1/02/2008,2008-02,February,787.6666667,Aqua,MODIS,57.66666667,6.03,300.9666667,12.16666667,D,0,Puttalam
7.8159,80.0065,316.9,1.2,1.1,1/03/2008,2008-03,March,759,Aqua,MODIS,67,6.03,295.9,10.5,D,0,Puttalam
8.15905,79.8613,321,1.05,1,1/05/2008,2008-05,May,805,Aqua,MODIS,69,6.03,299.55,10.25,D,0,Puttalam
7.9736,79.8734,310,3.1,1.7,1/06/2008,2008-06,June,548,Terra,MODIS,44,6.03,291.3,18.2,D,0,Puttalam
8.0007,79.92735,320.5,1.45,1.175,1/07/2008,2008-07,July,826.25,Aqua,MODIS,61.25,6.03,297.075,13.425,D,0,Puttalam
8.033243478,79.93015652,325.2391304,1.295652174,1.104347826,1/08/2008,2008-08,August,787,Aqua,MODIS,62.39130435,6.03,297.3434783,18.94347826,D,0,Puttalam
7.936727273,80.01267273,319.1636364,1.227272727,1.1,1/09/2008,2008-09,September,769.5454545,Aqua,MODIS,51.45454545,6.03,299.3272727,11.54545455,D,0,Puttalam
7.95631,79.9779,322.64,1.2,1.06,1/10/2008,2008-10,October,795,Aqua,MODIS,56.9,6.03,301.32,11.15,D,0,Puttalam
7.8902,79.885,313.6,1.1,1,1/11/2008,2008-11,November,808,Aqua,MODIS,50,6.03,299,5.1,D,0,Puttalam
7.8598,79.96913333,315.5333333,1.033333333,1,1/01/2009,2009-01,January,818,Aqua,MODIS,65.33333333,6.03,296.3,8.733333333,D,0,Puttalam
8.00406,79.91196,319.01,1.42,1.15,1/02/2009,2009-02,February,703.7,Aqua,MODIS,59.5,6.03,302.33,12.86,D,0,Puttalam
7.98611,80.10458,323.78,1.27,1.1,1/03/2009,2009-03,March,789.3,Aqua,MODIS,63.7,6.03,304.66,16.11,D,0,Puttalam
8.1655,79.8352,315.8,1.3,1.1,1/05/2009,2009-05,May,829,Aqua,MODIS,0,6.03,295.1,7.1,D,0,Puttalam
8.112466667,79.92328889,319,1.111111111,1.033333333,1/07/2009,2009-07,July,811.6666667,Aqua,MODIS,58,6.03,291.6333333,11.25555556,D,0,Puttalam
8.078120833,80.05434583,320.6875,1.425,1.125,1/08/2009,2009-08,August,823.9166667,Aqua,MODIS,59.625,6.03,289.9125,18.8125,D,0,Puttalam
8.077377778,79.99541111,321.0555556,1.155555556,1.077777778,1/09/2009,2009-09,September,769.6666667,Aqua,MODIS,54.88888889,6.03,298.0777778,11.47777778,D,0,Puttalam
8.12414,79.8696,324.96,1.52,1.22,1/10/2009,2009-10,October,710.2,Terra,MODIS,56.4,6.03,298.96,20.4,D,0,Puttalam
7.783,79.91655,313.05,3.6,1.8,1/01/2010,2010-01,January,737,Aqua,MODIS,51,6.03,294.15,43.45,D,0,Puttalam
7.89065,80.11753333,323.7583333,1.183333333,1.075,1/02/2010,2010-02,February,791.75,Aqua,MODIS,70.58333333,6.03,305.0833333,11.78333333,D,0,Puttalam
7.97851875,80.05482188,325.94375,1.59375,1.1875,1/03/2010,2010-03,March,805.09375,Aqua,MODIS,68.0625,6.03,302.146875,22.85625,D,0,Puttalam
8.12295,79.8444,344.55,1.2,1.1,1/04/2010,2010-04,April,505,Terra,MODIS,78,6.03,305.3,45.95,D,0,Puttalam
8.19365,79.9047,311.8,1.05,1.05,1/06/2010,2010-06,June,1270.5,Terra,MODIS,52.5,6.03,295.1,6.8,D,0,Puttalam
8.046383333,79.98346667,332.8583333,1.175,1.083333333,1/07/2010,2010-07,July,806.5833333,Aqua,MODIS,67.08333333,6.03,295.5333333,59.18333333,D,0,Puttalam
8.05212963,80.00696667,328.0703704,1.107407407,1.040740741,1/08/2010,2010-08,August,815.6296296,Aqua,MODIS,67.59259259,6.03,292.7925926,20.07777778,D,0,Puttalam
8.052,80.01135333,325.4133333,1.233333333,1.086666667,1/09/2010,2010-09,September,701.7333333,Aqua,MODIS,65,6.03,295.1066667,18.95333333,D,0,Puttalam
8.00315,79.9522,318.2,1.2,1.1,1/10/2010,2010-10,October,667.5,Terra,MODIS,67.5,6.03,295.3,11.05,D,0,Puttalam
7.8708,79.8983,310.7,1.2,1.1,1/02/2011,2011-02,February,800,Aqua,MODIS,29,6.03,292.4,4.7,D,0,Puttalam
7.948285714,79.93588571,320.9571429,1.085714286,1.028571429,1/03/2011,2011-03,March,813,Aqua,MODIS,65.14285714,6.03,301.8285714,9.485714286,D,0,Puttalam
7.8265,79.9563,322.9,1.1,1,1/04/2011,2011-04,April,818,Aqua,MODIS,62,6.03,303.2,11,D,0,Puttalam
8.1944,79.9185,312.6,1.75,1.25,1/07/2011,2011-07,July,1076,Terra,MODIS,72.5,6.03,288.7,19.65,N,0,Puttalam
8.057735714,79.94627143,322.0642857,1.892857143,1.264285714,1/08/2011,2011-08,August,798.9285714,Aqua,MODIS,67.21428571,6.03,294.6071429,28.28571429,D,0,Puttalam
7.986237209,80.04129767,325.4255814,1.344186047,1.118604651,1/09/2011,2011-09,September,793.4418605,Aqua,MODIS,61.88372093,6.03,297.2348837,20.26976744,D,0,Puttalam
8.04631875,80.0065625,326.028125,1.65,1.246875,1/10/2011,2011-10,October,781.46875,Aqua,MODIS,69.78125,6.03,298.86875,25.65,D,0,Puttalam
7.8171,80.0578,322.5333333,1.066666667,1.033333333,1/02/2012,2012-02,February,794.3333333,Aqua,MODIS,64.66666667,6.03,297.9666667,12.26666667,D,0,Puttalam
7.946475,80.03195,320.55,1.125,1.025,1/03/2012,2012-03,March,816.25,Aqua,MODIS,56.25,6.03,299.7,11.225,D,0,Puttalam
7.889,79.9471,314.9,1.3,1.1,1/06/2012,2012-06,June,824,Aqua,MODIS,62,6.03,292.3,8.5,D,0,Puttalam
8.002969231,79.97073846,321.6,1.530769231,1.2,1/07/2012,2012-07,July,820.3846154,Aqua,MODIS,65.38461538,6.03,298.0538462,18.51538462,D,0,Puttalam
7.992555263,80.05027895,326.4855263,1.378947368,1.142105263,1/08/2012,2012-08,August,781.7894737,Aqua,MODIS,63.86842105,6.03,295.8723684,24.36447368,D,0,Puttalam
7.983680952,80.05364762,328.052381,1.657142857,1.252380952,1/09/2012,2012-09,September,765.7619048,Aqua,MODIS,62.38095238,6.03,297.2904762,28.96190476,D,0,Puttalam
7.8665,79.95785,312.4,1.6,1.2,1/02/2013,2013-02,February,753,Aqua,MODIS,49,6.03,297.5,9.95,D,0,Puttalam
8.0115,79.9405,312.2,1,1,1/03/2013,2013-03,March,511,Terra,MODIS,50,6.03,293.8,4.1,D,0,Puttalam
8.119816667,79.96495,318.9666667,1.025,1.008333333,1/07/2013,2013-07,July,784.4166667,Terra,MODIS,62.58333333,6.03,291.7166667,9.316666667,D,0,Puttalam
8.090772727,80.02654091,326.8454545,1.263636364,1.104545455,1/08/2013,2013-08,August,808.8636364,Aqua,MODIS,66.90909091,6.03,295.6863636,21.95,D,0,Puttalam
8.098885714,80.00995714,319.6428571,1.6,1.185714286,1/09/2013,2013-09,September,780.1428571,Terra,MODIS,60.71428571,6.03,297.2,17.41428571,D,0,Puttalam
8.1193,80.03617273,322.9181818,1.909090909,1.281818182,1/10/2013,2013-10,October,772.9090909,Aqua,MODIS,63,6.03,295.9545455,29.16363636,D,0,Puttalam
7.904188889,80.02458889,323.8111111,1.2,1.088888889,1/02/2014,2014-02,February,806.8888889,Aqua,MODIS,66.33333333,6.03,300.4444444,14.81111111,D,0,Puttalam
7.903291667,80.04510833,326.3222222,1.408333333,1.138888889,1/03/2014,2014-03,March,805.5,Aqua,MODIS,65,6.03,305.2194444,18.10555556,D,0,Puttalam
8.036966667,79.91993333,329.7666667,1.033333333,1,1/04/2014,2014-04,April,814,Aqua,MODIS,72.66666667,6.03,304.8,16.26666667,D,0,Puttalam
8.118166667,79.9597,324.0666667,1.233333333,1.1,1/07/2014,2014-07,July,818,Aqua,MODIS,68.33333333,6.03,303.2333333,14.1,D,0,Puttalam
8.135241667,79.92055,332.6833333,2.275,1.433333333,1/08/2014,2014-08,August,764.75,Aqua,MODIS,71.58333333,6.03,291.075,126.2166667,D,0,Puttalam
8.056155263,80.05523421,325.3710526,1.755263158,1.260526316,1/09/2014,2014-09,September,779.6052632,Aqua,MODIS,66.26315789,6.03,296.5842105,30.37105263,D,0,Puttalam
8.2415,79.8366,314,1.6,1.2,1/10/2014,2014-10,October,753,Aqua,MODIS,44,6.03,293.8,9.3,D,0,Puttalam
7.8243,80.003,316.45,1.2,1.05,1/02/2015,2015-02,February,821,Aqua,MODIS,58,6.03,297.65,8.7,D,0,Puttalam
7.9667875,80.0643875,318.9,1.7,1.25,1/03/2015,2015-03,March,787.375,Terra,MODIS,50.25,6.03,301.2875,16.8125,D,0,Puttalam
7.909266667,80.1634,319.0666667,1.133333333,1.066666667,1/07/2015,2015-07,July,678.6666667,Terra,MODIS,68,6.03,291.0333333,12.6,D,0,Puttalam
7.925775,79.9235,322.025,1.25,1.1,1/08/2015,2015-08,August,770.5,Aqua,MODIS,42.5,6.03,293.875,18.125,D,0,Puttalam
7.994177778,80.04686667,322.9111111,1.177777778,1.066666667,1/09/2015,2015-09,September,780,Aqua,MODIS,61.38888889,6.03,296.8777778,15.20555556,D,0,Puttalam
8.08725,79.9433,318.475,1.5,1.15,1/10/2015,2015-10,October,817.5,Aqua,MODIS,46.25,6.03,293.625,15.925,D,0,Puttalam
7.84855,80.0104,315.85,1.05,1,1/01/2016,2016-01,January,814.5,Aqua,MODIS,63,6.03,300.3,7.55,D,0,Puttalam
7.88305,80.17905,313.25,1.4,1.15,1/02/2016,2016-02,February,824,Aqua,MODIS,40,6.03,291.2,9.55,D,0,Puttalam
7.92306,79.98911,319.93,1.27,1.11,1/03/2016,2016-03,March,898.1,Terra,MODIS,54,6.03,300.41,9.95,N,0,Puttalam
8.1735,79.7223,311.7,3.9,1.8,1/04/2016,2016-04,April,554,Terra,MODIS,0,6.03,295.9,33.8,D,0,Puttalam
8.2446,79.83805,326.65,2,1.4,1/06/2016,2016-06,June,747,Aqua,MODIS,65.5,6.03,284.85,58.95,D,0,Puttalam
8.2356,79.82895,315.4,2.7,1.6,1/07/2016,2016-07,July,741,Aqua,MODIS,22,6.03,291.35,33.1,D,0,Puttalam
8.1211375,79.9554375,317.45,1.0625,1.025,1/08/2016,2016-08,August,998.375,Aqua,MODIS,67.375,6.03,291.7375,11.1375,D,0,Puttalam
8.0677,80.02935556,328.9888889,1.6,1.222222222,1/09/2016,2016-09,September,772.2222222,Aqua,MODIS,71.22222222,6.03,293.5888889,46.26666667,D,0,Puttalam
7.960657692,79.96321154,328.4538462,1.446153846,1.142307692,1/10/2016,2016-10,October,721,Aqua,MODIS,64.5,6.03,300.8615385,25.10769231,D,0,Puttalam
7.81945,79.9681,322.7,1.3,1.1,1/01/2017,2017-01,January,782,Aqua,MODIS,74.5,6.03,301,16.9,D,0,Puttalam
7.681,79.8805,318.6,1.3,1.1,1/02/2017,2017-02,February,824,Aqua,MODIS,69,6.03,303.1,11.5,D,0,Puttalam
7.95192,80.09384,320.34,1.42,1.16,1/03/2017,2017-03,March,765.4,Aqua,MODIS,58,6.03,299.02,13.08,D,0,Puttalam
8.4454,79.8856,319.8,1,1,1/05/2017,2017-05,May,517,Terra,MODIS,59,6.03,302.1,8.3,D,0,Puttalam
8.031245455,80.02715455,326.9272727,1.254545455,1.1,1/07/2017,2017-07,July,761.5454545,Aqua,MODIS,66.18181818,6.03,300.0272727,19.83636364,D,0,Puttalam
8.067642857,80.04658571,316.7857143,1.328571429,1.142857143,1/08/2017,2017-08,August,660.2857143,Terra,MODIS,47.57142857,6.03,291.6,10.07142857,D,0,Puttalam
7.881166667,80.0091,325.9333333,1.466666667,1.166666667,1/02/2018,2018-02,February,769.3333333,Aqua,MODIS,64.33333333,6.03,303.2666667,19.93333333,D,0,Puttalam
7.936685714,80.03329286,326.1714286,1.314285714,1.114285714,1/03/2018,2018-03,March,789.3571429,Aqua,MODIS,63.21428571,6.03,303.4,16.72142857,D,0,Puttalam
8.1373,79.95928333,316.9666667,2.4,1.433333333,1/04/2018,2018-04,April,807.1666667,Aqua,MODIS,50.66666667,6.03,296.45,28.35,D,0,Puttalam
8.2672,79.8652,317.6,1.1,1.1,1/07/2018,2018-07,July,524,Terra,MODIS,68,6.03,298.5,9.5,D,0,Puttalam
7.9768,80.13752727,319.4636364,1.718181818,1.272727273,1/08/2018,2018-08,August,751.8181818,Aqua,MODIS,53.63636364,6.03,293,19.40909091,D,0,Puttalam
7.963866667,80.07132619,325.1880952,1.388095238,1.14047619,1/09/2018,2018-09,September,809.1904762,Aqua,MODIS,61.4047619,6.03,297.9380952,20.87142857,D,0,Puttalam
8.0387,79.86415,316.25,1.1,1,1/12/2018,2018-12,December,805,Aqua,MODIS,67,6.03,300.7,8.35,D,0,Puttalam
7.7812,80.003,322.3,1.1,1,1/01/2019,2019-01,January,818,Aqua,MODIS,78,6.03,300.3,14.6,D,0,Puttalam
7.855466667,80.07476667,322.6333333,1.1,1,1/02/2019,2019-02,February,818,Aqua,MODIS,74,6.03,297.1666667,13.16666667,D,0,Puttalam
7.960582353,79.98287647,324.2117647,1.423529412,1.152941176,1/03/2019,2019-03,March,798.2941176,Aqua,MODIS,65.29411765,6.03,302.6470588,20.75294118,D,0,Puttalam
8.1235,79.8981,323,1.05,1,1/04/2019,2019-04,April,664.5,Terra,MODIS,49,6.03,305.45,8.6,D,0,Puttalam
7.8908,79.8413,322,1.3,1.1,1/06/2019,2019-06,June,759,Aqua,MODIS,64,6.03,297.5,9.9,D,0,Puttalam
8.013633333,79.99077778,322.4222222,1.233333333,1.088888889,1/07/2019,2019-07,July,805.2222222,Aqua,MODIS,67.44444444,6.03,296.0444444,14.48888889,D,0,Puttalam
8.09455,79.7946,310.7,1.35,1.1,1/08/2019,2019-08,August,1226.5,Aqua,MODIS,59,6.03,290.3,10.35,D,0,Puttalam
8.0421,80.08365,322.5,1.1,1.05,1/09/2019,2019-09,September,785,Aqua,MODIS,64,6.03,294.55,15.325,D,0,Puttalam
8.1603,79.8466,315.8,1.3,1.1,1/12/2019,2019-12,December,529,Terra,MODIS,51,6.03,289.6,17,D,0,Puttalam
7.8139,79.9884,315.9,1,1,1/01/2020,2020-01,January,511,Terra,MODIS,66,6.03,302.1,7.1,D,0,Puttalam
7.8877,79.95563333,328.2333333,1.066666667,1.016666667,1/02/2020,2020-02,February,762.8333333,Terra,MODIS,75,6.03,304.65,18.03333333,D,0,Puttalam
8.015325,79.9910125,321.2,1.1625,1.075,1/03/2020,2020-03,March,653,Aqua,MODIS,59.5,6.03,301.5,9.675,D,0,Puttalam
8.12035,79.83855,320.6,1,1,1/04/2020,2020-04,April,661.5,Aqua,MODIS,47.5,6.03,302.65,9.95,D,1.5,Puttalam
8.1948,79.8652,324,1,1,1/05/2020,2020-05,May,812,Aqua,MODIS,72,6.03,301.3,8.9,D,0,Puttalam
8.1057,79.8874,317.4,2,1.4,1/07/2020,2020-07,July,452,Terra,MODIS,55,6.03,293.1,17,D,0,Puttalam
8.1732,80.0355,316.2,1,1,1/08/2020,2020-08,August,805,Aqua,MODIS,30,6.03,298.2,6.6,D,0,Puttalam
8.121525,80.0362,321.125,1.25,1.1,1/09/2020,2020-09,September,782.5,Aqua,MODIS,63.25,6.03,294.925,15.975,D,0,Puttalam
8.00198,80.02718,318.52,1,1,1/10/2020,2020-10,October,632.2,Terra,MODIS,45.4,6.03,299.42,7.42,D,0,Puttalam
7.863,80.1057,319.8,1.1,1,1/11/2020,2020-11,November,817,Aqua,MODIS,69,6.03,296.6,9.5,D,0,Puttalam
7.901630769,80.00408462,316.6538462,1.115384615,1.053846154,1/02/2021,2021-02,February,707.7692308,Terra,MODIS,59.69230769,6.03,300.6153846,8.192307692,D,0,Puttalam
7.926042857,80.11697143,328.0857143,1.128571429,1.05,1/03/2021,2021-03,March,801.6428571,Aqua,MODIS,72.35714286,6.03,298.2214286,20.30714286,D,0,Puttalam
8.09394,79.94106,318.68,1.06,1,1/07/2021,2021-07,July,807.4,Aqua,MODIS,44,6.03,292.44,12.06,D,0,Puttalam
7.91965,80.06605,315.5,1.35,1.15,1/08/2021,2021-08,August,756,Aqua,MODIS,57.5,6.03,289.25,12.15,D,0,Puttalam
7.935421429,80.00626429,323.3357143,1.2,1.071428571,1/09/2021,2021-09,September,752.7857143,Aqua,MODIS,65.14285714,6.03,297.1214286,15.47142857,D,0,Puttalam
7.82765,80.0231,320.8,1.1,1,1/01/2022,2022-01,January,818,Aqua,MODIS,72,6.03,303.6,10.05,D,0,Puttalam
7.87115,80.0245125,324.6,1.1,1.0125,1/02/2022,2022-02,February,814.875,Aqua,MODIS,62.75,6.03,304.1,13.0125,D,0,Puttalam
7.851327273,80.11598182,327.4181818,1.536363636,1.181818182,1/03/2022,2022-03,March,799.0909091,Aqua,MODIS,71,6.03,297.9090909,32.54545455,D,0,Puttalam
7.7093,79.8265,319.3,1,1,1/07/2022,2022-07,July,811,Aqua,MODIS,67,6.03,299.3,8.5,D,0,Puttalam
8.2598,79.9502,323.2,1.1,1.05,1/09/2022,2022-09,September,819,Aqua,MODIS,38.5,6.03,300.95,13.85,D,0,Puttalam
7.8471,80.1438,302.4,1.1,1,1/01/2023,2023-01,January,1651,Terra,MODIS,49,61.03,290.4,3.9,N,0,Puttalam
7.9619,80.0057,312.9,1.55,1.25,1/02/2023,2023-02,February,783.5,Aqua,MODIS,55,61.03,299.55,8.8,D,0,Puttalam
7.920552632,80.12596316,328.1631579,1.152631579,1.057894737,1/03/2023,2023-03,March,814,Aqua,MODIS,71.57894737,61.03,299.6473684,21.31578947,D,0,Puttalam
7.92765,80.13775,322.8,1,1,1/04/2023,2023-04,April,637,Aqua,MODIS,69.5,61.03,301.2,11.6,D,0,Puttalam
8.2226,79.9478,324.4,1.8,1.3,1/06/2023,2023-06,June,804,Aqua,MODIS,76,61.03,297.8,35.1,D,0,Puttalam
8.053116667,80.03211667,319.5666667,1.316666667,1.116666667,1/07/2023,2023-07,July,818.1666667,Aqua,MODIS,60.83333333,61.03,296.9,12.4,D,0,Puttalam
7.9637,80.097075,324.2916667,1.641666667,1.208333333,1/08/2023,2023-08,August,799.75,Aqua,MODIS,65,61.03,298.6291667,24.025,D,0,Puttalam
7.5727,79.9028,316.7,1.3,1.1,1/10/2023,2023-10,October,818,Aqua,MODIS,72,61.03,292.4,14.7,D,0,Puttalam
7.9218,80.0319,316.45,1,1,1/02/2024,2024-02,February,837.5,Aqua,MODIS,64,61.03,301.6,6.05,D,0,Puttalam
7.880969231,79.95713846,327.5769231,1.484615385,1.184615385,1/03/2024,2024-03,March,803.1538462,Aqua,MODIS,66.23076923,61.03,303.9461538,24.56923077,D,0,Puttalam
7.6493,79.8962,317.9,1,1,1/04/2024,2024-04,April,845,Aqua,MODIS,40,61.03,300.5,5.9,D,0,Puttalam
7.8431,80.1293,308.8,1,1,1/07/2024,2024-07,July,1617,Terra,MODIS,68,61.03,294.9,6,N,0,Puttalam
7.95465,79.8952,321.8,1,1,1/08/2024,2024-08,August,639,Terra,MODIS,34.5,61.03,300.35,9.5,D,0,Puttalam
8.06755,80.00715,322.4,1.15,1.05,1/09/2024,2024-09,September,849,Aqua,MODIS,67,61.03,298.3,14.1,D,0,Puttalam
8.0132,80.0628,315.6,1.6,1.2,1/10/2024,2024-10,October,836,Aqua,MODIS,54,61.03,295,12.4,D,0,Puttalam
7.945733333,79.9285,314.9666667,1.166666667,1.066666667,1/02/2025,2025-02,February,889.3333333,Aqua,MODIS,52.33333333,61.03,300.8666667,7.333333333,D,0,Puttalam
7.935466667,80.1668,316.8666667,1.2,1.066666667,1/03/2025,2025-03,March,888,Aqua,MODIS,58.33333333,61.03,296.1666667,10.8,D,0,Puttalam
7.90225,79.99125,318.3,1.1,1.1,1/04/2025,2025-04,April,921,Aqua,MODIS,65,61.03,297.05,9.45,D,0,Puttalam
8.03855,79.90395,313.2,1.2,1.1,1/06/2025,2025-06,June,915,Aqua,MODIS,53.5,61.03,297.1,7.25,D,0,Puttalam
8.022416667,80.13041667,318.5166667,1.183333333,1.066666667,1/07/2025,2025-07,July,918.3333333,Aqua,MODIS,60.33333333,61.03,296.6833333,10.91666667,D,0,Puttalam
7.890596,79.999956,318.736,1.324,1.104,1/08/2025,2025-08,August,942.24,Aqua,MODIS,59.52,61.03,298.684,16.992,D,0,Puttalam
8.020063636,80.052,322.4363636,1.127272727,1.036363636,1/09/2025,2025-09,September,875.2727273,Aqua,MODIS,65.27272727,61.03,292.4272727,19.90909091,D,0,Puttalam
8.109125,79.94185,320.875,1.075,1.025,1/10/2025,2025-10,October,792.25,Aqua,MODIS,70.5,61.03,296.325,13.05,D,0,Puttalam
7.8494,80.11,312.5,1,1,1/11/2025,2025-11,November,931,Aqua,MODIS,63,61.03,294.5,6.2,D,0,Puttalam
6.731933333,80.3078,318.5666667,1.2,1.1,1/03/2001,2001-03,March,534,Terra,MODIS,65,6.03,298.4,13.8,D,0,Ratnapura
6.4405,80.7352,324.9,1.3,1.1,1/09/2001,2001-09,September,530,Terra,MODIS,76,6.03,293.3,22.6,D,0,Ratnapura
6.3859,80.73785,321.45,1.9,1.3,1/07/2002,2002-07,July,745,Aqua,MODIS,62,6.03,290,32.25,D,0,Ratnapura
6.4984,80.72415,314.8,1.9,1.3,1/08/2002,2002-08,August,745,Aqua,MODIS,32,6.03,296.7,16.15,D,0,Ratnapura
6.536844444,80.74434444,317.3888889,1.122222222,1.055555556,1/09/2002,2002-09,September,1068.222222,Aqua,MODIS,58.33333333,6.03,298.5444444,9.655555556,D,0,Ratnapura
6.59718,80.537,323.96,1.1,1.06,1/02/2003,2003-02,February,811.6,Aqua,MODIS,67,6.03,303.26,15.52,D,0,Ratnapura
6.5519,80.3768,316.4,1.2,1.1,1/05/2003,2003-05,May,756,Aqua,MODIS,52.5,6.03,294.15,13.95,D,0,Ratnapura
6.4097,80.749,312.9,1.3,1.1,1/07/2003,2003-07,July,522,Terra,MODIS,61,6.03,295.7,6.7,D,0,Ratnapura
6.488825,80.7659,323.25,1.6125,1.225,1/08/2003,2003-08,August,736,Aqua,MODIS,61.375,6.03,299.825,20.0125,D,0,Ratnapura
6.5441,80.7707,316.2,2.4,1.5,1/09/2003,2003-09,September,737,Aqua,MODIS,47,6.03,295.3,26.7,D,0,Ratnapura
6.49725,80.76515,321.05,1.2,1.1,1/10/2003,2003-10,October,779,Aqua,MODIS,64,6.03,300,11.55,D,0,Ratnapura
6.64675,80.5377,314.7,1.2,1.1,1/01/2004,2004-01,January,756,Aqua,MODIS,62.5,6.03,300.85,8.25,D,0,Ratnapura
6.57055,80.615975,319.6,1,1,1/02/2004,2004-02,February,808.25,Aqua,MODIS,61.75,6.03,301.05,9.05,D,0,Ratnapura
6.766,80.3721,314.8,1.45,1.2,1/03/2004,2004-03,March,785.5,Aqua,MODIS,57,6.03,288.25,13.7,D,0,Ratnapura
6.9003,80.3189,314.5,1.2,1.1,1/04/2004,2004-04,April,756,Aqua,MODIS,59,6.03,298.4,7.7,D,0,Ratnapura
6.505766667,80.76716667,318.8,1,1,1/07/2004,2004-07,July,505,Terra,MODIS,63,6.03,297.1,9.1,D,0,Ratnapura
6.451216667,80.73,322.25,1.3,1.116666667,1/08/2004,2004-08,August,745,Aqua,MODIS,68.66666667,6.03,294.5666667,20.03333333,D,0,Ratnapura
6.50744,80.75492,315.78,1.78,1.28,1/09/2004,2004-09,September,936.8,Terra,MODIS,37.6,6.03,288.08,17.88,D,0,Ratnapura
6.6614,80.25975,318.65,1,1,1/12/2004,2004-12,December,516,Terra,MODIS,72.5,6.03,297.55,12.4,D,0,Ratnapura
6.633216667,80.4924,314.7166667,1.516666667,1.2,1/02/2005,2005-02,February,768.3333333,Aqua,MODIS,54.83333333,6.03,300.85,10.38333333,D,0,Ratnapura
6.4321,80.7349,302.8,1.4,1.2,1/07/2005,2005-07,July,1717,Terra,MODIS,51,6.03,286.8,8,N,0,Ratnapura
6.4612,80.75142143,327.3571429,1.078571429,1.064285714,1/08/2005,2005-08,August,910.3571429,Aqua,MODIS,68.14285714,6.03,303.5714286,17.98571429,D,0,Ratnapura
6.53125,80.78085,323.45,1.15,1.1,1/09/2005,2005-09,September,813,Aqua,MODIS,61.5,6.03,301.85,9.6,D,0,Ratnapura
6.437,80.4745,307.6,1.6,1.3,1/12/2005,2005-12,December,528,Terra,MODIS,50,6.03,294.9,11.5,D,0,Ratnapura
6.548033333,80.23383333,317.3666667,1.7,1.266666667,1/01/2006,2006-01,January,667.3333333,Aqua,MODIS,64,6.03,295.6333333,28.13333333,D,0,Ratnapura
6.50795,80.3359,322.5,1,1,1/03/2006,2006-03,March,808,Aqua,MODIS,71,6.03,296.85,13.8,D,0,Ratnapura
6.493766667,80.76453333,324.6,2,1.366666667,1/07/2006,2006-07,July,746,Aqua,MODIS,64.66666667,6.03,298.2333333,31.7,D,0,Ratnapura
6.45495,80.7058,321.65,1.05,1.05,1/08/2006,2006-08,August,1258,Terra,MODIS,83.5,6.03,296.25,17.15,N,0,Ratnapura
6.6639,80.31005,313.05,1.7,1.3,1/01/2007,2007-01,January,679,Terra,MODIS,62.5,6.03,299.3,12.65,D,0,Ratnapura
6.678575,80.424125,313.05,1.75,1.25,1/02/2007,2007-02,February,701,Terra,MODIS,53.25,6.03,293.1,15.5,D,0,Ratnapura
6.54635,80.7767,312.9,1.4,1.15,1/07/2007,2007-07,July,1264.5,Aqua,MODIS,65,6.03,294.5,15.8,D,0,Ratnapura
6.40965,80.7057,316.2,2.6,1.5,1/08/2007,2007-08,August,653,Aqua,MODIS,52.5,6.03,291.8,33.7,D,0,Ratnapura
6.566866667,80.3773,316.2666667,1.633333333,1.2,1/11/2007,2007-11,November,724.3333333,Aqua,MODIS,51.33333333,6.03,294.4,18.76666667,D,0,Ratnapura
6.503666667,80.7794,317.2333333,1,1,1/01/2008,2008-01,January,810,Aqua,MODIS,64,6.03,289.3333333,10.63333333,D,0,Ratnapura
6.48845,80.77095,313.5,1.2,1.1,1/02/2008,2008-02,February,781.5,Aqua,MODIS,59,6.03,292.45,7.9,D,0,Ratnapura
6.49288,80.74104,318.8,1.88,1.32,1/08/2008,2008-08,August,972.8,Aqua,MODIS,61.8,6.03,292.44,24.3,D,0,Ratnapura
6.487753846,80.63985385,320.0384615,1.246153846,1.1,1/09/2008,2008-09,September,837.6923077,Aqua,MODIS,59.61538462,6.03,298.6076923,14.06923077,D,0,Ratnapura
6.596325,80.4871,318.4,1.05,1.025,1/10/2008,2008-10,October,737.5,Terra,MODIS,56.5,6.03,296.425,10.95,D,0,Ratnapura
6.53645,80.4082,320.2285714,1.178571429,1.071428571,1/01/2009,2009-01,January,818.7142857,Aqua,MODIS,66,6.03,300.2357143,15.37142857,D,0,Ratnapura
6.520344444,80.45157778,319.5888889,1.555555556,1.2,1/02/2009,2009-02,February,874.7777778,Terra,MODIS,65.33333333,6.03,299.8555556,20.7,D,0,Ratnapura
6.7474,80.2106,320.7,1,1,1/03/2009,2009-03,March,816,Aqua,MODIS,69,6.03,299,11.9,D,0,Ratnapura
6.4116,80.7452,316.4,1.2,1.1,1/07/2009,2009-07,July,803,Aqua,MODIS,54,6.03,301.6,8.1,D,0,Ratnapura
6.4095,80.7297,301,1,1,1/08/2009,2009-08,August,1700,Terra,MODIS,16,6.03,287.1,4,N,0,Ratnapura
6.70225,80.21275,313.4,1,1,1/01/2010,2010-01,January,662,Terra,MODIS,63,6.03,297,6.25,D,0,Ratnapura
6.7045,80.63877778,326.0777778,1.233333333,1.077777778,1/02/2010,2010-02,February,781.1111111,Aqua,MODIS,64.11111111,6.03,301.7333333,22.68888889,D,0,Ratnapura
6.468333333,80.75263333,324.0333333,1,1,1/09/2010,2010-09,September,809.6666667,Aqua,MODIS,69,6.03,299.5,14.03333333,D,0,Ratnapura
6.7093,80.3006,314.2,1.2,1.1,1/01/2011,2011-01,January,759,Aqua,MODIS,65,6.03,300.4,7.9,D,0,Ratnapura
6.445933333,80.71666667,316.0333333,1.2,1.066666667,1/06/2011,2011-06,June,519,Terra,MODIS,58.33333333,6.03,295.4333333,10.9,D,0,Ratnapura
6.48794,80.75428,316.9,1.24,1.12,1/08/2011,2011-08,August,1132.2,Aqua,MODIS,72,6.03,295.54,13.58,D,0,Ratnapura
6.4457,80.7563,325.7,1.8,1.3,1/10/2011,2011-10,October,829,Aqua,MODIS,72,6.03,298,27.4,D,0,Ratnapura
6.39895,80.40255,313.7,1.3,1.1,1/01/2012,2012-01,January,781.5,Aqua,MODIS,48,6.03,295,11.25,D,0,Ratnapura
6.5456,80.7178,316.1,1,1,1/02/2012,2012-02,February,811,Aqua,MODIS,63,6.03,298.9,5.8,D,0,Ratnapura
6.624133333,80.36293333,315.8666667,1.7,1.3,1/05/2012,2012-05,May,770.6666667,Aqua,MODIS,58,6.03,298.3333333,18.76666667,D,0,Ratnapura
6.3943,80.6885,304.7,1.2,1.1,1/08/2012,2012-08,August,1653,Terra,MODIS,35,6.03,294.4,7.1,N,0,Ratnapura
6.556,80.7647,320.6,1.3,1.1,1/10/2012,2012-10,October,523,Terra,MODIS,50,6.03,303.7,11.2,D,0,Ratnapura
6.580966667,80.63766667,316.7,1.066666667,1.066666667,1/02/2013,2013-02,February,815,Aqua,MODIS,64.33333333,6.03,297.8333333,8.7,D,0,Ratnapura
6.438525,80.764475,322.675,1.1,1.1,1/08/2013,2013-08,August,817,Aqua,MODIS,64.75,6.03,297.55,11.55,D,0,Ratnapura
6.4877,80.268,313.6,1,1,1/01/2014,2014-01,January,805,Aqua,MODIS,52,6.03,294.1,7.6,D,0,Ratnapura
6.8286,80.51135,316.45,1.05,1,1/02/2014,2014-02,February,655.5,Terra,MODIS,61.5,6.03,301.7,12.2,D,0,Ratnapura
6.484928571,80.74351429,319.4571429,1.242857143,1.128571429,1/08/2014,2014-08,August,679.8571429,Aqua,MODIS,61,6.03,295.5714286,11.84285714,D,0,Ratnapura
6.4009,80.7351,322.3,1.4,1.2,1/09/2014,2014-09,September,753,Aqua,MODIS,45,6.03,304.6,12.8,D,0,Ratnapura
6.49935,80.74875,315.1,1.1,1.05,1/02/2015,2015-02,February,667.5,Terra,MODIS,59,6.03,296.3,8.25,D,0,Ratnapura
6.4001,80.7331,315.2,1.4,1.2,1/10/2015,2015-10,October,753,Aqua,MODIS,51,6.03,295.7,11.7,D,0,Ratnapura
6.71655,80.28775,310.75,1,1,1/01/2016,2016-01,January,661.5,Terra,MODIS,46,6.03,298.2,4.1,D,0,Ratnapura
6.42245,80.74665,315,1.15,1.05,1/02/2016,2016-02,February,632,Aqua,MODIS,60,6.03,290.55,9.1,D,0,Ratnapura
6.500966667,80.46526667,317.9333333,1.2,1.1,1/03/2016,2016-03,March,786.3333333,Aqua,MODIS,40,6.03,304.6,8.266666667,D,0,Ratnapura
6.40505,80.71575,325.25,1,1,1/04/2016,2016-04,April,511,Terra,MODIS,75,6.03,300.05,15.75,D,0,Ratnapura
6.422414286,80.75298571,327.7142857,1,1,1/07/2016,2016-07,July,724.7142857,Terra,MODIS,72.42857143,6.03,299.7571429,17.54285714,D,0,Ratnapura
6.502375,80.72855,316.3,1.2375,1.1125,1/08/2016,2016-08,August,865.625,Terra,MODIS,49.25,6.03,297.9125,10.9375,N,0,Ratnapura
6.564866667,80.72146667,315.6,1.333333333,1.166666667,1/09/2016,2016-09,September,754,Aqua,MODIS,48.66666667,6.03,297.4666667,10.73333333,D,0,Ratnapura
6.58625,80.7387,313,3.3,1.7,1/10/2016,2016-10,October,734,Aqua,MODIS,56.5,6.03,295.9,32.1,D,0,Ratnapura
6.45615,80.44285,315.8,1.25,1.1,1/02/2017,2017-02,February,635,Terra,MODIS,61.5,6.03,301.55,11.15,D,0,Ratnapura
6.3703,80.6163,318.2,1.5,1.2,1/07/2017,2017-07,July,752,Aqua,MODIS,64,6.03,295,20.8,D,0,Ratnapura
6.3999,80.7495,314.2,1.9,1.3,1/09/2017,2017-09,September,746,Aqua,MODIS,52,6.03,296.6,15,D,0,Ratnapura
6.42495,80.72165,316.3,1.2,1.1,1/11/2017,2017-11,November,779,Aqua,MODIS,67,6.03,295.2,13.05,D,0,Ratnapura
6.58805,80.48405,311.4,1.35,1.15,1/01/2018,2018-01,January,756,Aqua,MODIS,54,6.03,292.9,11.05,D,0,Ratnapura
6.4042,80.7237,329.7,1,1,1/07/2018,2018-07,July,806,Aqua,MODIS,81,6.03,299,22,D,0,Ratnapura
6.470925,80.746375,315.925,1.425,1.2,1/08/2018,2018-08,August,763.25,Aqua,MODIS,59.25,6.03,289.05,17.45,D,0,Ratnapura
6.600875,80.6942,312.7,1.25,1.075,1/09/2018,2018-09,September,1326.25,Terra,MODIS,60.5,6.03,296.55,10.9,D,0,Ratnapura
6.8913,80.5377,318.1,1.4,1.2,1/03/2019,2019-03,March,824,Aqua,MODIS,62,6.03,299.5,11.8,D,0,Ratnapura
6.5349,80.7555,317.2,1.2,1.1,1/04/2019,2019-04,April,759,Aqua,MODIS,37,6.03,300.4,7.8,D,0,Ratnapura
6.5542,80.7735,323.4,1.2,1.1,1/07/2019,2019-07,July,459,Terra,MODIS,73,6.03,300.8,17.2,D,0,Ratnapura
6.5042,80.75196667,315.8,1.566666667,1.233333333,1/02/2020,2020-02,February,804,Aqua,MODIS,47.33333333,6.03,294.2,12.4,D,0,Ratnapura
6.46735,80.7559,323.65,1.7,1.25,1/03/2020,2020-03,March,670.5,Terra,MODIS,74,6.03,304.05,25.35,D,0,Ratnapura
6.40705,80.71085,314.65,1.5,1.2,1/10/2020,2020-10,October,753,Aqua,MODIS,52.5,6.03,297.25,10.95,D,0,Ratnapura
6.4615,80.7269,311.1,1.5,1.2,1/01/2022,2022-01,January,753,Aqua,MODIS,53,6.03,293.9,7.5,D,0,Ratnapura
6.3769,80.6975,303.2,1.4,1.2,1/07/2022,2022-07,July,1706,Terra,MODIS,46,6.03,291.6,5.9,N,0,Ratnapura
6.4696,80.7033,313,1.6,1.3,1/09/2022,2022-09,September,755,Aqua,MODIS,40,6.03,296.4,11.1,D,0,Ratnapura
6.461966667,80.67473333,314.5,2.266666667,1.466666667,1/07/2023,2023-07,July,674.3333333,Terra,MODIS,52.33333333,61.03,293.8333333,25.96666667,D,0,Ratnapura
6.5174,80.6058,320.5666667,1.183333333,1.066666667,1/08/2023,2023-08,August,1628.166667,Aqua,MODIS,68.33333333,61.03,292.7,22.11666667,D,0,Ratnapura
6.6108,80.29455,322.7,1.5,1.2,1/01/2024,2024-01,January,851,Aqua,MODIS,75.5,61.03,296.45,23.35,D,0,Ratnapura
6.541866667,80.58936667,323.6,1,1,1/02/2024,2024-02,February,838,Aqua,MODIS,71.66666667,61.03,299.8,17.76666667,D,0,Ratnapura
6.49055,80.427,323.2,1,1,1/12/2024,2024-12,December,901,Aqua,MODIS,77,61.03,298.75,16.6,D,0,Ratnapura
6.82195,80.40435,319.15,1,1,1/02/2025,2025-02,February,908.5,Aqua,MODIS,70.5,61.03,299.3,12.15,D,0,Ratnapura
6.4271,80.7447,308.2,1.2,1.1,1/08/2025,2025-08,August,2141,Aqua,MODIS,72.5,61.03,290,9.85,N,0,Ratnapura
6.43592,80.75998,314.16,1.24,1.12,1/09/2025,2025-09,September,944.6,Terra,MODIS,60.6,61.03,295.66,10.58,D,0,Ratnapura
8.5549,81.1489,319.5,1,1,1/03/2001,2001-03,March,521,Terra,MODIS,58,6.03,298,9.3,D,0,Trincomalee
8.601775,81.15091667,319.25,1.316666667,1.116666667,1/05/2001,2001-05,May,721,Terra,MODIS,51.5,6.03,298.0916667,12,N,0,Trincomalee
8.8017,80.8892,322.2,1,1,1/06/2001,2001-06,June,520,Terra,MODIS,67,6.03,299.4,9.5,D,0,Trincomalee
8.574685714,81.09605714,324.5785714,1.15,1.057142857,1/07/2001,2001-07,July,512.6428571,Terra,MODIS,54.85714286,6.03,297.6357143,17.52857143,D,0,Trincomalee
8.315475,81.290525,323.225,2.475,1.475,1/08/2001,2001-08,August,499.25,Terra,MODIS,36,6.03,294.825,41.875,D,0,Trincomalee
8.2856,81.3819,317.8,2.5,1.5,1/09/2001,2001-09,September,447,Terra,MODIS,46,6.03,294.2,20.9,D,0,Trincomalee
8.685375,80.975475,314.5,1.375,1.125,1/03/2002,2002-03,March,522.5,Terra,MODIS,50,6.03,297.075,12.075,D,0,Trincomalee
8.662975,81.031125,317.75,2.8,1.6,1/04/2002,2002-04,April,542,Terra,MODIS,49.75,6.03,295.325,35.775,D,0,Trincomalee
8.413375,81.177125,324.975,1.425,1.15,1/05/2002,2002-05,May,503.75,Terra,MODIS,67,6.03,300.65,19.225,D,0,Trincomalee
8.626571429,81.00101429,320.3,1.6,1.2,1/06/2002,2002-06,June,647,Terra,MODIS,64.14285714,6.03,296.7857143,20.02857143,D,0,Trincomalee
8.55095625,81.01566875,322.1625,1.25,1.0875,1/07/2002,2002-07,July,782.1875,Aqua,MODIS,58.625,6.03,296.70625,13.95625,D,0,Trincomalee
8.5897625,80.99845833,326.3541667,1.779166667,1.275,1/08/2002,2002-08,August,678.0416667,Terra,MODIS,59.20833333,6.03,297.5666667,31.5125,D,0,Trincomalee
8.451883333,81.11578333,325.3333333,1.5,1.183333333,1/09/2002,2002-09,September,573.5,Terra,MODIS,46,6.03,300.2333333,19.6,D,0,Trincomalee
8.53115,81.121,318.4,2.4,1.4,1/04/2003,2003-04,April,675,Aqua,MODIS,43,6.03,296.25,27,D,0,Trincomalee
8.622291667,81.080525,322.1666667,1.333333333,1.125,1/05/2003,2003-05,May,609.8333333,Terra,MODIS,57.5,6.03,301.6666667,13.83333333,D,0,Trincomalee
8.536286364,81.09130455,325.5909091,1.436363636,1.145454545,1/06/2003,2003-06,June,660.8181818,Aqua,MODIS,64.68181818,6.03,299.5954545,22.29090909,D,0,Trincomalee
8.6056,81.0614,334.4333333,1.066666667,1,1/07/2003,2003-07,July,788.6666667,Aqua,MODIS,73.33333333,6.03,293.1,32.9,D,0,Trincomalee
8.47762,81.17652,319.56,1.62,1.24,1/08/2003,2003-08,August,666.6,Terra,MODIS,59.8,6.03,293.56,18.28,D,0,Trincomalee
8.463203846,81.02030385,329.0307692,1.407692308,1.157692308,1/09/2003,2003-09,September,673.0769231,Aqua,MODIS,62.26923077,6.03,298.0423077,28.4,D,0,Trincomalee
8.603875,81.097675,318.325,1.3,1.1,1/10/2003,2003-10,October,617,Terra,MODIS,46.75,6.03,295.425,15.475,D,0,Trincomalee
8.645,81.0205,313.1,1,1,1/12/2003,2003-12,December,803,Aqua,MODIS,61,6.03,300.6,4.8,D,0,Trincomalee
8.622285714,81.10728571,327.7714286,1.1,1.042857143,1/03/2004,2004-03,March,808.1428571,Aqua,MODIS,63.42857143,6.03,303.4857143,15.41428571,D,0,Trincomalee
8.6818,81.10584615,325.8230769,1.423076923,1.161538462,1/04/2004,2004-04,April,696.8461538,Terra,MODIS,56.30769231,6.03,300.9,22.95384615,D,0.153846154,Trincomalee
8.6581875,81.079425,322.5875,1.3375,1.125,1/06/2004,2004-06,June,613.875,Aqua,MODIS,61.875,6.03,300.2375,13.8125,D,0,Trincomalee
8.624442857,80.99112857,322.6571429,1.371428571,1.121428571,1/07/2004,2004-07,July,795,Aqua,MODIS,58.42857143,6.03,292.8214286,16.65,D,0,Trincomalee
8.480680769,81.07055385,325.8884615,1.911538462,1.311538462,1/08/2004,2004-08,August,781.8846154,Aqua,MODIS,57.57692308,6.03,296.4769231,39.28461538,D,0,Trincomalee
8.5658,80.8901,316.7,1,1,1/09/2004,2004-09,September,810,Aqua,MODIS,66,6.03,289.1,8.3,D,0,Trincomalee
8.2706,81.3579,310.4,1.6,1.2,1/10/2004,2004-10,October,745,Aqua,MODIS,44,6.03,285.4,15.7,D,0,Trincomalee
8.8187,81.08105,318.5,1.45,1.2,1/02/2005,2005-02,February,671.5,Terra,MODIS,50,6.03,304.15,12.75,D,0,Trincomalee
8.63342,81.11638,319.14,1.3,1.1,1/05/2005,2005-05,May,634,Terra,MODIS,55,6.03,299.66,10.98,D,0,Trincomalee
8.62759375,81.11301875,320.80625,1.21875,1.06875,1/06/2005,2005-06,June,710.625,Terra,MODIS,59.125,6.03,294.4625,13.58125,D,0,Trincomalee
8.564470588,81.12797647,323.1176471,1.423529412,1.141176471,1/07/2005,2005-07,July,723.5294118,Terra,MODIS,54.23529412,6.03,299.4352941,17.97058824,D,0,Trincomalee
8.40798,81.18642667,319.4866667,1.2,1.066666667,1/08/2005,2005-08,August,653.2,Terra,MODIS,61.33333333,6.03,292.58,13.16666667,D,0,Trincomalee
8.519666667,81.04284167,324.6416667,1.666666667,1.233333333,1/09/2005,2005-09,September,635.5833333,Terra,MODIS,51.16666667,6.03,300.7333333,19.75,D,0,Trincomalee
8.32575,81.15575,318.8,1.8,1.3,1/10/2005,2005-10,October,528,Terra,MODIS,45,6.03,294.35,16.7,D,0,Trincomalee
8.615316667,81.1347,321.925,1.308333333,1.091666667,1/04/2006,2006-04,April,614.25,Terra,MODIS,47.08333333,6.03,301.1083333,13.65,D,0,Trincomalee
8.7454,80.9774,316.5666667,1.033333333,1,1/05/2006,2006-05,May,788.3333333,Aqua,MODIS,59.66666667,6.03,292.6333333,7.866666667,D,0,Trincomalee
8.6818,81.00073125,322.9125,1.25,1.075,1/06/2006,2006-06,June,702.8125,Aqua,MODIS,58.75,6.03,297.575,15.86875,D,0,Trincomalee
8.593733333,81.00838667,318.9533333,1.273333333,1.093333333,1/07/2006,2006-07,July,850.6666667,Aqua,MODIS,61.26666667,6.03,289.2733333,19.00666667,D,0,Trincomalee
8.637516667,81.01035833,322.8166667,1.583333333,1.208333333,1/08/2006,2006-08,August,756.3333333,Terra,MODIS,54.83333333,6.03,298.975,21.95833333,D,0,Trincomalee
8.3317,81.008,314.8,1,1,1/09/2006,2006-09,September,510,Terra,MODIS,55,6.03,291.7,4.8,D,0,Trincomalee
8.3863,81.0573,325.3,1,1,1/10/2006,2006-10,October,510,Terra,MODIS,72,6.03,302.7,8.6,D,0,Trincomalee
8.65495,81.11536875,317.8625,1.7,1.2375,1/03/2007,2007-03,March,811.3125,Aqua,MODIS,50.4375,6.03,303.99375,15.94375,D,0,Trincomalee
8.76406,81.05514,321.76,1.26,1.1,1/04/2007,2007-04,April,669.2,Aqua,MODIS,65,6.03,302.14,13.28,D,0,Trincomalee
8.566145455,81.12088182,324.1,1.440909091,1.136363636,1/05/2007,2007-05,May,740.4090909,Terra,MODIS,62.45454545,6.03,301.0772727,27.77272727,D,0,Trincomalee
8.641075,81.055125,318.675,1.2,1.075,1/06/2007,2007-06,June,723,Aqua,MODIS,50.5,6.03,290.5,12.475,D,0,Trincomalee
8.632103704,81.12531852,318.3407407,1.188888889,1.051851852,1/07/2007,2007-07,July,1041.259259,Terra,MODIS,57.77777778,6.03,292.4185185,12.93703704,N,0,Trincomalee
8.517518182,81.11344545,323.9454545,1.254545455,1.081818182,1/08/2007,2007-08,August,720.8181818,Aqua,MODIS,64.90909091,6.03,293.3909091,16.49090909,D,0,Trincomalee
8.647516667,81.00165,325.8666667,1.416666667,1.133333333,1/09/2007,2007-09,September,770.3333333,Aqua,MODIS,69.33333333,6.03,296.6166667,22.05,D,0,Trincomalee
8.522194118,81.08070588,323.5470588,1.288235294,1.094117647,1/10/2007,2007-10,October,695.4705882,Aqua,MODIS,57.29411765,6.03,294.6647059,16.74117647,D,0,Trincomalee
8.706,81.1141,310,1.6,1.2,1/01/2008,2008-01,January,746,Aqua,MODIS,59,6.03,298,10.3,D,0,Trincomalee
8.6477,81.034,318.85,1.6,1.2,1/04/2008,2008-04,April,820.5,Aqua,MODIS,55.5,6.03,296.7,12.7,D,0,Trincomalee
8.591857895,81.04774211,319.7421053,1.442105263,1.163157895,1/05/2008,2008-05,May,680.2631579,Aqua,MODIS,62.89473684,6.03,295.4473684,16.07368421,D,0,Trincomalee
8.634711765,81.10915882,327.3588235,1.035294118,1,1/06/2008,2008-06,June,701.8823529,Aqua,MODIS,55.23529412,6.03,300.1529412,13.42941176,D,0,Trincomalee
8.59316,81.02398,321.24,1.5,1.18,1/07/2008,2008-07,July,641.2,Terra,MODIS,63.2,6.03,297.78,14.82,D,0,Trincomalee
8.39178,81.07404,317.3,2.4,1.44,1/08/2008,2008-08,August,700.6,Aqua,MODIS,54.8,6.03,291,25.76,D,0,Trincomalee
8.453011111,81.11657778,327.1555556,1.166666667,1.066666667,1/09/2008,2008-09,September,623.7777778,Aqua,MODIS,60.11111111,6.03,305.4888889,13.14444444,D,0,Trincomalee
8.4911,81.0944,327.34,1.16,1.06,1/10/2008,2008-10,October,737.2,Aqua,MODIS,55.6,6.03,302.86,16.7,D,0,Trincomalee
8.8781,80.9701,328.4,1,1,1/11/2008,2008-11,November,808,Aqua,MODIS,81,6.03,302.6,17.7,D,0,Trincomalee
8.3538,81.3173,313.6,1.3,1.1,1/02/2009,2009-02,February,822,Aqua,MODIS,54,6.03,300.9,8.2,D,0,Trincomalee
8.6088,81.04086667,322.1666667,1.233333333,1.066666667,1/03/2009,2009-03,March,615,Aqua,MODIS,66,6.03,306.1,12.3,D,0,Trincomalee
8.4136,81.3257,323,1.1,1,1/04/2009,2009-04,April,817,Aqua,MODIS,56,6.03,298.8,8.9,D,0,Trincomalee
8.74814,81.04584,317.34,1.56,1.2,1/05/2009,2009-05,May,643.2,Aqua,MODIS,60.4,6.03,298.24,12.58,D,0,Trincomalee
8.520989655,81.11532069,319.3034483,1.403448276,1.134482759,1/06/2009,2009-06,June,754.9310345,Terra,MODIS,57.37931034,6.03,296.3586207,15.97931034,D,0,Trincomalee
8.476421951,81.07489268,323.6853659,1.370731707,1.13902439,1/07/2009,2009-07,July,783.4146341,Terra,MODIS,61.2195122,6.03,295.0609756,21.00487805,D,0,Trincomalee
8.469647368,81.03563158,320.7526316,1.415789474,1.142105263,1/08/2009,2009-08,August,660.4736842,Terra,MODIS,55.31578947,6.03,294.1473684,16.51578947,D,0,Trincomalee
8.426138095,81.17198571,327.2047619,1.352380952,1.10952381,1/09/2009,2009-09,September,735.8095238,Aqua,MODIS,63.85714286,6.03,299.5904762,21.22380952,D,0,Trincomalee
8.530277778,81.15055556,324.3,1.511111111,1.188888889,1/10/2009,2009-10,October,661.6666667,Terra,MODIS,50.77777778,6.03,302.2333333,19.62222222,D,0,Trincomalee
8.550733333,81.09891667,325.2,1.333333333,1.116666667,1/03/2010,2010-03,March,759.6666667,Terra,MODIS,64.66666667,6.03,303.6666667,17.11666667,D,0.333333333,Trincomalee
8.61088,81.06066,321.18,1.7,1.22,1/04/2010,2010-04,April,638.8,Terra,MODIS,39.8,6.03,298.66,20.82,D,0,Trincomalee
8.567814286,81.15168571,319.6142857,1.228571429,1.057142857,1/05/2010,2010-05,May,748.1428571,Terra,MODIS,64.85714286,6.03,298.9285714,10.12857143,D,0,Trincomalee
8.5106,81.14801667,317.45,1.383333333,1.133333333,1/06/2010,2010-06,June,687.6666667,Aqua,MODIS,47.66666667,6.03,290.6166667,12.41666667,D,0,Trincomalee
8.577427273,81.12961818,317.7272727,1.9,1.272727273,1/07/2010,2010-07,July,678.1818182,Terra,MODIS,53.27272727,6.03,291.6909091,17.58181818,D,0,Trincomalee
8.513944444,81.12703333,326.2111111,1.2,1.066666667,1/08/2010,2010-08,August,714.2222222,Terra,MODIS,60.22222222,6.03,295.3111111,19.2,D,0,Trincomalee
8.486985714,81.04352857,327.0714286,1.357142857,1.142857143,1/09/2010,2010-09,September,638.4285714,Terra,MODIS,72,6.03,297.8571429,25.21428571,D,0,Trincomalee
8.3788,81.3474,320.4,1.2,1.1,1/10/2010,2010-10,October,458,Terra,MODIS,0,6.03,298,11.3,D,0,Trincomalee
8.48375,81.25935,323.7,1.1,1.05,1/05/2011,2011-05,May,631.5,Aqua,MODIS,58,6.03,300.25,11.5,D,0,Trincomalee
8.533927778,81.16876111,322.9388889,1.65,1.211111111,1/06/2011,2011-06,June,711.9444444,Terra,MODIS,52.11111111,6.03,297.5722222,26.57777778,D,0,Trincomalee
8.541477778,81.10227778,323.2222222,1.188888889,1.055555556,1/07/2011,2011-07,July,748,Aqua,MODIS,57.66666667,6.03,290.9,19.64444444,D,0,Trincomalee
8.415972727,81.1773,325.9818182,1.609090909,1.190909091,1/08/2011,2011-08,August,715.8181818,Aqua,MODIS,64.54545455,6.03,294.3,29.88181818,D,0,Trincomalee
8.49345,81.12388636,324.0227273,1.386363636,1.145454545,1/09/2011,2011-09,September,564.6363636,Terra,MODIS,48.72727273,6.03,298.7318182,16.66363636,D,0,Trincomalee
8.263033333,81.26926667,321.2333333,1.666666667,1.266666667,1/10/2011,2011-10,October,663.3333333,Aqua,MODIS,47.66666667,6.03,294.5333333,16,D,0,Trincomalee
8.39485,81.0675,317.95,2.95,1.6,1/03/2012,2012-03,March,779.5,Aqua,MODIS,52.5,6.03,298.05,34.35,D,0,Trincomalee
8.717828571,81.047,321.4,1.871428571,1.3,1/04/2012,2012-04,April,721.7142857,Terra,MODIS,34.14285714,6.03,298.8285714,24.62857143,D,0,Trincomalee
8.634328571,81.15364286,321.5714286,1.414285714,1.2,1/05/2012,2012-05,May,701.7142857,Aqua,MODIS,44.42857143,6.03,301.5,13.44285714,D,0,Trincomalee
8.5736,81.15882,326.47,1.56,1.17,1/06/2012,2012-06,June,704.2,Aqua,MODIS,53.4,6.03,298.28,24.64,D,0,Trincomalee
8.516111111,81.08031111,326.9055556,1.622222222,1.211111111,1/07/2012,2012-07,July,778.1666667,Aqua,MODIS,62.05555556,6.03,300.9388889,25.09444444,D,0,Trincomalee
8.477903846,81.03312308,327.5730769,1.465384615,1.161538462,1/08/2012,2012-08,August,857.6153846,Aqua,MODIS,62.26923077,6.03,297.1961538,31.86923077,D,0,Trincomalee
8.4921875,80.9947,327.2,1.625,1.225,1/09/2012,2012-09,September,723.625,Aqua,MODIS,56.25,6.03,298.2375,26.2375,D,0,Trincomalee
8.32125,81.30355,322,1.7,1.25,1/10/2012,2012-10,October,631.5,Aqua,MODIS,26.5,6.03,303.25,14.8,D,0,Trincomalee
8.2473,81.2666,314.3,1.1,1,1/03/2013,2013-03,March,800,Aqua,MODIS,49,6.03,299,6.3,D,0,Trincomalee
8.845,80.9816,318.1,2.1,1.4,1/04/2013,2013-04,April,831,Aqua,MODIS,54,6.03,297.3,21.8,D,0,Trincomalee
8.5922,81.1728,309.05,1,1,1/06/2013,2013-06,June,2010,Aqua,MODIS,71.5,6.03,294.95,6.85,N,0,Trincomalee
8.3854625,81.2565875,319.1,1.35,1.1375,1/07/2013,2013-07,July,658.625,Terra,MODIS,61.25,6.03,294.475,11.8875,D,0,Trincomalee
8.481133333,81.15243333,321.4166667,1.566666667,1.2,1/08/2013,2013-08,August,704.8333333,Aqua,MODIS,44.33333333,6.03,293.25,16.35,D,0,Trincomalee
8.59305,80.99246111,324.8222222,1.3,1.116666667,1/09/2013,2013-09,September,685.4444444,Aqua,MODIS,49.16666667,6.03,300.8,15.60555556,D,0,Trincomalee
8.451788,81.022704,323.512,2.076,1.352,1/10/2013,2013-10,October,679.76,Aqua,MODIS,51.2,6.03,298.028,29.628,D,0,Trincomalee
8.1758,81.418,312.6,2,1.4,1/01/2014,2014-01,January,741,Aqua,MODIS,0,6.03,298.2,14.7,D,0,Trincomalee
8.461866667,81.07198333,325.4666667,1.083333333,1.016666667,1/04/2014,2014-04,April,750.1666667,Aqua,MODIS,55.83333333,6.03,301.1,14.36666667,D,0,Trincomalee
8.6155,80.93336667,318.7666667,1.366666667,1.133333333,1/05/2014,2014-05,May,715.6666667,Terra,MODIS,53.66666667,6.03,294.3666667,13.36666667,D,0,Trincomalee
8.518642857,81.06006429,328.4928571,1.078571429,1.021428571,1/06/2014,2014-06,June,725.1428571,Aqua,MODIS,72.71428571,6.03,303.4642857,16.58571429,D,0,Trincomalee
8.520975,81.00949286,326.0928571,1.389285714,1.142857143,1/07/2014,2014-07,July,825.6785714,Aqua,MODIS,69.82142857,6.03,298.6392857,25.32142857,D,0,Trincomalee
8.563328571,80.9757,329.3357143,1.728571429,1.242857143,1/08/2014,2014-08,August,764.6428571,Aqua,MODIS,60.64285714,6.03,293.1,37.08571429,D,0,Trincomalee
8.428655556,81.09417778,322.7555556,1.511111111,1.188888889,1/09/2014,2014-09,September,692.7777778,Aqua,MODIS,45.88888889,6.03,296.4222222,15.54444444,D,0,Trincomalee
8.6575,81.1523,318.3,1.6,1.3,1/06/2015,2015-06,June,825,Aqua,MODIS,51,6.03,299,10.1,D,0,Trincomalee
8.461225,81.252825,324.325,1.625,1.225,1/07/2015,2015-07,July,641.25,Aqua,MODIS,51.75,6.03,297.95,22.425,D,0,Trincomalee
8.50286,81.12748,319.76,1.493333333,1.22,1/08/2015,2015-08,August,849.6666667,Terra,MODIS,56.73333333,6.03,296.86,15.28666667,D,0,Trincomalee
8.400221429,81.12149286,322.0142857,1.514285714,1.178571429,1/09/2015,2015-09,September,657.2857143,Aqua,MODIS,51.35714286,6.03,297.0428571,17.03571429,D,0,Trincomalee
8.3789,81.0513,311.2,1.6,1.3,1/10/2015,2015-10,October,529,Terra,MODIS,34,6.03,291.1,13.3,D,0,Trincomalee
8.4282,80.9363,324.5,1.15,1.05,1/03/2016,2016-03,March,667.5,Terra,MODIS,72,6.03,306.1,11.8,D,0,Trincomalee
8.688516667,81.05163333,325.1,1.416666667,1.133333333,1/04/2016,2016-04,April,670.8333333,Aqua,MODIS,53.5,6.03,304.0833333,16.9,D,0,Trincomalee
8.6693,80.9995,326.1,1.3,1.1,1/05/2016,2016-05,May,819,Aqua,MODIS,56,6.03,302.9,15.2,D,0,Trincomalee
8.5468,81.00435,320.5,1.05,1,1/06/2016,2016-06,June,782.5,Aqua,MODIS,63.5,6.03,298.05,10.95,D,0,Trincomalee
8.58935,81.037325,316.85,1.35,1.1,1/07/2016,2016-07,July,634,Terra,MODIS,61.5,6.03,292,12.175,D,0,Trincomalee
8.36194,81.3383,330.5,2.36,1.48,1/08/2016,2016-08,August,688.2,Terra,MODIS,68.6,6.03,299.36,55.76,D,0,Trincomalee
8.514442857,81.00422857,325.952381,1.4,1.142857143,1/09/2016,2016-09,September,709.4285714,Aqua,MODIS,54.95238095,6.03,297.8952381,19.85238095,D,0,Trincomalee
8.500220588,81.05956471,326.1264706,1.558823529,1.182352941,1/10/2016,2016-10,October,732.5882353,Aqua,MODIS,61.64705882,6.03,302.0352941,23.19117647,D,0,Trincomalee
8.3147,81.2748,319.4,1.6,1.2,1/03/2017,2017-03,March,748,Aqua,MODIS,60,6.03,299.9,13,D,0,Trincomalee
8.4344,81.1455,323.225,1.45,1.15,1/04/2017,2017-04,April,590.5,Terra,MODIS,47.75,6.03,303.675,12.9,D,0,Trincomalee
8.6375,81.00155,322.85,1.05,1,1/05/2017,2017-05,May,809,Aqua,MODIS,51.5,6.03,298.3,10.65,D,0,Trincomalee
8.506053846,81.11348462,321.6538462,1.353846154,1.130769231,1/06/2017,2017-06,June,731,Terra,MODIS,58.76923077,6.03,297.0769231,18.81538462,N,0,Trincomalee
8.5111,81.07064667,324.08,1.266666667,1.086666667,1/07/2017,2017-07,July,801.2666667,Terra,MODIS,64.8,6.03,296.86,18.65333333,D,0,Trincomalee
8.343616667,81.14485,321.1,1.55,1.216666667,1/09/2017,2017-09,September,682,Aqua,MODIS,57,6.03,295.9,17.75,D,0,Trincomalee
8.6578,80.9219,321.4,2.35,1.4,1/04/2018,2018-04,April,677,Aqua,MODIS,41.5,6.03,296.8,49.15,D,0,Trincomalee
8.2049,81.3325,323,1,1,1/05/2018,2018-05,May,512,Terra,MODIS,41,6.03,302.6,10.5,D,0,Trincomalee
8.4694,81.16353333,316.5333333,1.5,1.166666667,1/06/2018,2018-06,June,620.3333333,Aqua,MODIS,61.66666667,6.03,295.4,12.66666667,D,0,Trincomalee
8.5415625,80.91235,318.3625,1.3,1.125,1/07/2018,2018-07,July,803.375,Terra,MODIS,58,6.03,291.75,13.875,D,0,Trincomalee
8.566825,81.169475,315.6,1.65,1.25,1/08/2018,2018-08,August,1195.5,Terra,MODIS,64.5,6.03,289.075,17.9,D,0,Trincomalee
8.429536364,81.16965455,328.5454545,1.227272727,1.081818182,1/09/2018,2018-09,September,644.8181818,Terra,MODIS,58.13636364,6.03,301.0045455,19.37727273,D,0,Trincomalee
8.53,81.2064,315.55,1.05,1,1/10/2018,2018-10,October,661.5,Aqua,MODIS,43.5,6.03,293.9,7.45,D,0,Trincomalee
8.4734,81.08685714,327.3428571,1.457142857,1.142857143,1/03/2019,2019-03,March,729.5714286,Terra,MODIS,51.28571429,6.03,307.4285714,19,D,0,Trincomalee
8.596373913,81.05449565,323.5869565,1.960869565,1.308695652,1/04/2019,2019-04,April,665.0869565,Terra,MODIS,56.43478261,6.03,302.7826087,25.47826087,D,0,Trincomalee
8.521866667,81.12933333,318.7,1.866666667,1.3,1/05/2019,2019-05,May,682.3333333,Aqua,MODIS,47,6.03,294.6666667,18.86666667,D,0,Trincomalee
8.38045,81.33565,338.8,1.1,1.05,1/06/2019,2019-06,June,779,Aqua,MODIS,56,6.03,296.15,48.7,D,0,Trincomalee
8.36938,81.11552,333.24,1.18,1.04,1/07/2019,2019-07,July,662,Terra,MODIS,62.8,6.03,304.24,23.02,D,0,Trincomalee
8.3199,81.2824,318.6,1.7,1.3,1/08/2019,2019-08,August,529,Terra,MODIS,70,6.03,290.5,17.5,D,0,Trincomalee
8.56559,80.97291,328.84,1.13,1.04,1/09/2019,2019-09,September,716.9,Terra,MODIS,60.2,6.03,302.23,16.08,D,0,Trincomalee
8.46,81.2307,315.3,2.9,1.6,1/10/2019,2019-10,October,541,Terra,MODIS,0,6.03,293.1,36.35,D,0,Trincomalee
8.6274,81.2115,317,1,1,1/02/2020,2020-02,February,505,Terra,MODIS,0,6.03,301.8,6.4,D,0,Trincomalee
8.572233333,81.19926667,321.3166667,1.05,1.016666667,1/03/2020,2020-03,March,610.3333333,Aqua,MODIS,48.33333333,6.03,296.7833333,10.1,D,0,Trincomalee
8.565925,81.0352,320.375,1.35,1.1,1/04/2020,2020-04,April,517,Terra,MODIS,33.25,6.03,301.5,11.75,D,0,Trincomalee
8.60252,81.17642,313.5,1.76,1.3,1/05/2020,2020-05,May,527.6,Terra,MODIS,23,6.03,291.22,15.98,D,0,Trincomalee
8.5952,81.039,313.1,2.4,1.5,1/06/2020,2020-06,June,635,Terra,MODIS,48.5,6.03,292.75,22.25,D,0,Trincomalee
8.352475,81.260225,320.825,1.925,1.35,1/07/2020,2020-07,July,655.75,Aqua,MODIS,40.5,6.03,292.275,24.2,D,0,Trincomalee
8.443761111,81.14686111,326.4388889,1.111111111,1.044444444,1/08/2020,2020-08,August,684.8333333,Terra,MODIS,68.22222222,6.03,300.9611111,15.53333333,D,0,Trincomalee
8.4758,81.153025,328.125,1.15,1.075,1/09/2020,2020-09,September,587.25,Terra,MODIS,63.5,6.03,295.725,21.175,D,0,Trincomalee
8.39095,81.038125,321.875,1.125,1.05,1/10/2020,2020-10,October,960,Terra,MODIS,52,6.03,299.825,12.825,N,0,Trincomalee
8.1789,81.4216,314.8,1,1,1/11/2020,2020-11,November,510,Terra,MODIS,0,6.03,297.1,6.5,D,0,Trincomalee
8.3737,81.3364,310.7,1,1,1/08/2021,2021-08,August,805,Aqua,MODIS,36,6.03,281.6,4,D,0,Trincomalee
8.55408,81.04226,323.32,1.47,1.16,1/09/2021,2021-09,September,654.1,Aqua,MODIS,64.2,6.03,300.01,15.61,D,0,Trincomalee
8.642633333,81.1041,318.5666667,1.066666667,1,1/10/2021,2021-10,October,710,Aqua,MODIS,49.33333333,6.03,296.1666667,9.066666667,D,0,Trincomalee
8.7708,81.077,315.4,1.1,1,1/02/2022,2022-02,February,509,Terra,MODIS,64,6.03,299.9,9.2,D,0,Trincomalee
8.7708,81.0745,315.5,1.1,1,1/04/2022,2022-04,April,507,Terra,MODIS,51.5,6.03,298.7,6.75,D,0,Trincomalee
8.7675,81.07435,314.15,1.2,1.05,1/05/2022,2022-05,May,664,Terra,MODIS,54.5,6.03,289.25,8.85,D,0,Trincomalee
8.65925,81.03375,319.925,1.25,1.1,1/06/2022,2022-06,June,602.75,Aqua,MODIS,67.75,6.03,297.35,11.8,D,0,Trincomalee
8.4403,81.06993333,317.9666667,1.2,1.1,1/07/2022,2022-07,July,794.6666667,Aqua,MODIS,46.66666667,6.03,291.6666667,10.06666667,D,0,Trincomalee
8.2379,81.35215,323.225,1.925,1.4,1/08/2022,2022-08,August,747,Aqua,MODIS,39,6.03,298.775,23.8,D,0,Trincomalee
8.47255,81.00525,326.95,1.0875,1.025,1/09/2022,2022-09,September,640.25,Terra,MODIS,54.75,6.03,303.1625,13.775,D,0,Trincomalee
8.4072,80.8261,342.7,1,1,1/10/2022,2022-10,October,817,Aqua,MODIS,91,6.03,294.4,41.8,D,0,Trincomalee
8.3776,81.0469,321.3,1,1,1/03/2023,2023-03,March,817,Aqua,MODIS,40,61.03,302.3,9.1,D,0,Trincomalee
8.7985,80.8885,325.4,1.8,1.3,1/04/2023,2023-04,April,510,Terra,MODIS,77,61.03,301.7,34.9,D,0,Trincomalee
8.7942,80.8889,313.1,1.3,1.1,1/06/2023,2023-06,June,834,Aqua,MODIS,64,61.03,274.3,15.7,D,0,Trincomalee
8.37265,81.1028,323.25,1.1,1,1/07/2023,2023-07,July,821,Aqua,MODIS,68,61.03,298.25,12.35,D,0,Trincomalee
8.451816667,81.05208667,326.5966667,1.39,1.15,1/08/2023,2023-08,August,793.1333333,Terra,MODIS,55.36666667,61.03,302.4766667,18.61,N,0,Trincomalee
8.66231,81.05888,318.95,1.49,1.16,1/09/2023,2023-09,September,752.3,Terra,MODIS,47.7,61.03,296.12,15.83,N,0,Trincomalee
8.7945,81.01255,318.55,1,1,1/02/2024,2024-02,February,829,Aqua,MODIS,43,61.03,303.35,9,D,0,Trincomalee
8.436428571,81.05031429,322.0285714,1.8,1.257142857,1/03/2024,2024-03,March,728.7142857,Terra,MODIS,43.28571429,61.03,304.1,21.42857143,D,0,Trincomalee
8.599666667,81.07866667,317.1,2.066666667,1.3,1/04/2024,2024-04,April,594.3333333,Aqua,MODIS,38.66666667,61.03,298.4,24,D,0,Trincomalee
8.5442,81.2843,318.45,1.15,1.05,1/05/2024,2024-05,May,427,Terra,MODIS,0,61.03,295.4,9.4,D,0,Trincomalee
8.7244,81.1147,317.4,1,1,1/06/2024,2024-06,June,840,Aqua,MODIS,55,61.03,301.1,6,D,0,Trincomalee
8.52006,80.96648,321,1.22,1.08,1/07/2024,2024-07,July,854.2,Aqua,MODIS,65,61.03,291.98,14.52,D,0,Trincomalee
8.6398,80.9473,328.7777778,1.311111111,1.155555556,1/08/2024,2024-08,August,832.7777778,Aqua,MODIS,61.22222222,61.03,297.0666667,29.25555556,D,0,Trincomalee
8.417376923,81.0627,322.1846154,1.423076923,1.146153846,1/09/2024,2024-09,September,710,Aqua,MODIS,54.61538462,61.03,299,15.14615385,D,0,Trincomalee
8.825066667,80.9753,328.3666667,1,1,1/06/2025,2025-06,June,917.6666667,Aqua,MODIS,81,61.03,300.7,20.2,D,0,Trincomalee
8.73048,80.99724,322.48,1.04,1,1/07/2025,2025-07,July,920,Aqua,MODIS,59,61.03,293.16,13.88,D,0,Trincomalee
8.527468182,81.06733182,321.1363636,1.063636364,1.022727273,1/08/2025,2025-08,August,844.4545455,Aqua,MODIS,60.90909091,61.03,300.8181818,10.11363636,D,0,Trincomalee
8.5365625,81.10631875,320.80625,1.1,1.04375,1/09/2025,2025-09,September,819.6875,Aqua,MODIS,64.6875,61.03,296.6375,10.94375,D,0,Trincomalee
8.1792,81.418,317.9,1.2,1.1,1/11/2025,2025-11,November,939,Aqua,MODIS,0,61.03,301.5,7.7,D,0,Trincomalee
8.8296,80.40432857,318.7714286,1.085714286,1.057142857,1/03/2001,2001-03,March,1022.571429,Terra,MODIS,62.14285714,6.03,299.5571429,14.32857143,N,0,Vavuniya
8.78445,80.445,322.35,1.4,1.2,1/04/2001,2001-04,April,509,Terra,MODIS,43,6.03,304.15,11.3,D,0,Vavuniya
8.7075,80.2743,315,1.2,1.1,1/05/2001,2001-05,May,532,Terra,MODIS,61,6.03,278.9,11.1,D,0,Vavuniya
9.051,80.5483,317.8,1.1,1.1,1/07/2001,2001-07,July,512,Terra,MODIS,39,6.03,297,9.5,D,0,Vavuniya
8.8277,80.40364,322.72,1.2,1.08,1/08/2001,2001-08,August,526.8,Terra,MODIS,69,6.03,297.6,14.42,D,0,Vavuniya
8.7818,80.4885,318.8,1,1,1/05/2002,2002-05,May,518,Terra,MODIS,60,6.03,300.7,7,D,0,Vavuniya
8.592,80.5643,315.8,1,1,1/06/2002,2002-06,June,512,Terra,MODIS,48,6.03,293.7,9,D,0,Vavuniya
8.73982,80.49554,324.98,1.48,1.17,1/07/2002,2002-07,July,721,Terra,MODIS,57.5,6.03,293.89,27.32,D,0,Vavuniya
8.682459184,80.67547551,329.3612245,1.671428571,1.263265306,1/08/2002,2002-08,August,755.4285714,Terra,MODIS,64.18367347,6.03,298.2346939,39.90408163,D,0,Vavuniya
8.65417,80.58588333,325.5033333,1.42,1.14,1/09/2002,2002-09,September,790.3333333,Aqua,MODIS,62.13333333,6.03,295.4166667,21.83,D,0,Vavuniya
8.7383,80.48363333,317.6,1,1,1/03/2003,2003-03,March,707,Aqua,MODIS,47,6.03,296.8,7.633333333,D,0,Vavuniya
8.806433333,80.6707,315.8333333,1.1,1.033333333,1/05/2003,2003-05,May,691.6666667,Aqua,MODIS,48.33333333,6.03,298.7333333,8.3,D,0,Vavuniya
8.7816375,80.3758875,316.925,1.0875,1.0625,1/06/2003,2003-06,June,730.375,Terra,MODIS,53.5,6.03,294.625,7.7125,D,0,Vavuniya
8.824875,80.44295,321.6375,1.2375,1.1125,1/07/2003,2003-07,July,708,Aqua,MODIS,62.75,6.03,298.525,13.3625,D,0,Vavuniya
8.65344375,80.50510625,326.7,1.88125,1.31875,1/08/2003,2003-08,August,743.5,Aqua,MODIS,67.625,6.03,294.8625,49.2125,D,0,Vavuniya
8.602578947,80.63486491,327.4947368,1.245614035,1.089473684,1/09/2003,2003-09,September,780.4210526,Aqua,MODIS,66.28070175,6.03,293.7508772,22.11403509,D,0,Vavuniya
8.721,80.5818,315.4,2,1.35,1/10/2003,2003-10,October,791.5,Aqua,MODIS,55.5,6.03,297.7,15.8,D,0,Vavuniya
8.728821429,80.51075,325.95,1.05,1.035714286,1/02/2004,2004-02,February,787.8571429,Aqua,MODIS,68.71428571,6.03,304.5857143,17.18571429,D,0,Vavuniya
8.8556,80.58521667,320.3333333,1.466666667,1.166666667,1/03/2004,2004-03,March,726.3333333,Aqua,MODIS,64,6.03,303.3333333,15.06666667,D,0,Vavuniya
8.7471,80.47792,321.04,1.42,1.18,1/06/2004,2004-06,June,786.4,Aqua,MODIS,51.8,6.03,302,14.18,D,0,Vavuniya
8.787958824,80.50257647,321.4294118,1.217647059,1.1,1/07/2004,2004-07,July,779.3529412,Aqua,MODIS,62.17647059,6.03,293.8882353,14.37058824,D,0,Vavuniya
8.662742857,80.6156625,326.9571429,1.764285714,1.296428571,1/08/2004,2004-08,August,743,Terra,MODIS,52.89285714,6.03,294.7946429,37.24285714,D,0,Vavuniya
8.5345,80.6664,324.7,1,1,1/09/2004,2004-09,September,810,Aqua,MODIS,68,6.03,285.9,14.6,D,0,Vavuniya
8.6426,80.7737,318.4,1,1,1/10/2004,2004-10,October,804,Aqua,MODIS,48,6.03,298.1,7.3,D,0,Vavuniya
8.7879,80.4506,312.9,1,1,1/01/2005,2005-01,January,803,Aqua,MODIS,65,6.03,301.5,5.7,D,0,Vavuniya
8.6149,80.501,320.25,1.1,1.05,1/02/2005,2005-02,February,812,Aqua,MODIS,64.5,6.03,301.85,10.95,D,0,Vavuniya
8.6713,80.4512,317.6,1.1,1.05,1/03/2005,2005-03,March,662.5,Terra,MODIS,62.5,6.03,295.7,8.15,D,0,Vavuniya
8.74985,80.4005,318.25,1.15,1.1,1/05/2005,2005-05,May,639,Aqua,MODIS,55,6.03,299.5,8.8,D,0,Vavuniya
8.754992857,80.53812143,316.1642857,1.185714286,1.1,1/06/2005,2005-06,June,655.8571429,Terra,MODIS,54.07142857,6.03,291.5428571,10.32142857,D,0,Vavuniya
8.8012,80.49309286,324.6,1.114285714,1.064285714,1/07/2005,2005-07,July,757,Aqua,MODIS,65.21428571,6.03,299.4142857,15.34285714,D,0,Vavuniya
8.652424,80.594608,327.384,1.364,1.152,1/08/2005,2005-08,August,750.16,Terra,MODIS,58.2,6.03,299.36,24.816,D,0,Vavuniya
8.658159091,80.58674545,326.2181818,1.454545455,1.168181818,1/09/2005,2005-09,September,767.0909091,Aqua,MODIS,54.18181818,6.03,298.4818182,25.73181818,D,0,Vavuniya
8.6573,80.8277,324.85,1,1,1/10/2005,2005-10,October,808,Aqua,MODIS,46.5,6.03,296.1,11.8,D,0,Vavuniya
8.5504,80.7772,316.1,1,1,1/02/2006,2006-02,February,802,Aqua,MODIS,64,6.03,299.6,7.3,D,0,Vavuniya
8.695,80.6753,324.4,1,1,1/03/2006,2006-03,March,809,Aqua,MODIS,74,6.03,302.2,14.2,D,0,Vavuniya
8.7683,80.55445,317.95,1.55,1.2,1/05/2006,2006-05,May,643,Terra,MODIS,60,6.03,295.35,13.75,D,0,Vavuniya
8.7040375,80.55821667,322.9875,1.145833333,1.0625,1/06/2006,2006-06,June,765.3333333,Aqua,MODIS,65.79166667,6.03,297.3875,12.8875,D,0,Vavuniya
8.765341176,80.57022941,320.4294118,1.205882353,1.076470588,1/07/2006,2006-07,July,715.8235294,Terra,MODIS,50.29411765,6.03,294.3,11.98235294,D,0,Vavuniya
8.662261538,80.61533077,326.0038462,1.615384615,1.211538462,1/08/2006,2006-08,August,849.5769231,Aqua,MODIS,62.80769231,6.03,294.0923077,29.54615385,D,0,Vavuniya
8.80905,80.6064,319.7,1.35,1.15,1/10/2006,2006-10,October,605,Aqua,MODIS,53,6.03,295.5,13.4,D,0,Vavuniya
8.68245,80.46541875,318.90625,1.4375,1.175,1/03/2007,2007-03,March,731.875,Terra,MODIS,52.9375,6.03,302.40625,14.88125,D,0,Vavuniya
8.886781818,80.60543636,320.3,1.227272727,1.090909091,1/05/2007,2007-05,May,802,Aqua,MODIS,60.90909091,6.03,301.1363636,11.59090909,D,0,Vavuniya
8.6494,80.39943333,324.0333333,1.133333333,1.1,1/06/2007,2007-06,June,778.6666667,Aqua,MODIS,67.33333333,6.03,299.8,13.8,D,0,Vavuniya
8.61722,80.53036,318.54,1.14,1.08,1/07/2007,2007-07,July,716.2,Aqua,MODIS,60.4,6.03,294.78,8.96,D,0,Vavuniya
8.6497875,80.55946667,325.4041667,1.141666667,1.066666667,1/08/2007,2007-08,August,778.3333333,Aqua,MODIS,63.75,6.03,292.5208333,18.3375,D,0,Vavuniya
8.65176,80.647865,319.875,1.21,1.065,1/09/2007,2007-09,September,786.9,Aqua,MODIS,55.75,6.03,291.165,12.995,D,0,Vavuniya
8.75595,80.819525,325.6,1.075,1,1/10/2007,2007-10,October,796.5,Aqua,MODIS,53,6.03,300.475,12.7,D,0,Vavuniya
8.8114,80.382,313.3,1.1,1.1,1/02/2008,2008-02,February,504,Terra,MODIS,58,6.03,301.3,6.1,D,0,Vavuniya
8.9193,80.7622,320.5,1,1,1/05/2008,2008-05,May,812,Aqua,MODIS,42,6.03,300.5,7.5,D,0,Vavuniya
8.7494,80.5653,320.6909091,1.009090909,1,1/06/2008,2008-06,June,754,Aqua,MODIS,54.90909091,6.03,297.8363636,9.118181818,D,0,Vavuniya
8.7684625,80.5040375,316.675,1.3,1.1375,1/07/2008,2008-07,July,845.125,Terra,MODIS,48.625,6.03,293.9125,10.9625,D,0,Vavuniya
8.546914286,80.60485714,329.1142857,1.314285714,1.142857143,1/08/2008,2008-08,August,771.4285714,Terra,MODIS,63.85714286,6.03,294.2714286,34.32857143,D,0,Vavuniya
8.652127273,80.60089091,329.9363636,1.577272727,1.222727273,1/09/2008,2008-09,September,739.1363636,Aqua,MODIS,64.27272727,6.03,299.6863636,50.29545455,D,0,Vavuniya
8.5341625,80.709625,324.9875,1.5,1.15,1/10/2008,2008-10,October,789.5,Aqua,MODIS,50.375,6.03,300.2875,18.975,D,0,Vavuniya
8.7058,80.6915,315.75,1.3,1.1,1/11/2008,2008-11,November,756,Aqua,MODIS,64.5,6.03,294.85,12.9,D,0,Vavuniya
8.685689474,80.28766316,317.1263158,1.263157895,1.136842105,1/02/2009,2009-02,February,942.1578947,Aqua,MODIS,57.57894737,6.03,299.2210526,15.05263158,D,0,Vavuniya
8.751958333,80.33549167,319.3416667,1.3,1.125,1/03/2009,2009-03,March,840.5833333,Terra,MODIS,55.16666667,6.03,304.85,12.95833333,N,0,Vavuniya
8.79472,80.3722,322.3,1.04,1.04,1/04/2009,2009-04,April,690,Aqua,MODIS,66.4,6.03,298.38,13.14,D,0,Vavuniya
8.8583,80.666,317.6,1.2,1.066666667,1/05/2009,2009-05,May,478.3333333,Terra,MODIS,48.33333333,6.03,298.5,9.366666667,D,0,Vavuniya
8.808852941,80.48696471,316.7529412,1.082352941,1.064705882,1/06/2009,2009-06,June,1026.176471,Terra,MODIS,58.41176471,6.03,295.7411765,9.058823529,N,0,Vavuniya
8.731866667,80.58053333,320.6428571,1.633333333,1.214285714,1/07/2009,2009-07,July,899.7619048,Aqua,MODIS,58.80952381,6.03,293.6190476,19.98095238,D,0,Vavuniya
8.623265385,80.58723077,328.0076923,1.396153846,1.180769231,1/08/2009,2009-08,August,826.5,Aqua,MODIS,65.88461538,6.03,294.6807692,30.66923077,D,0,Vavuniya
8.639473913,80.68520435,328.6608696,1.217391304,1.069565217,1/09/2009,2009-09,September,804.4347826,Aqua,MODIS,50.56521739,6.03,302.2,18.63913043,D,0,Vavuniya
8.70395,80.6966,316.1,1.25,1.1,1/10/2009,2009-10,October,668.5,Terra,MODIS,46,6.03,296.75,9.55,D,0,Vavuniya
8.78895,80.54945,319.1,1.075,1.025,1/02/2010,2010-02,February,811,Aqua,MODIS,58,6.03,300.85,9.2,D,0,Vavuniya
8.741373684,80.37124211,325.6631579,1.494736842,1.194736842,1/03/2010,2010-03,March,786,Aqua,MODIS,59.57894737,6.03,304.8315789,22.44210526,D,0,Vavuniya
8.86596,80.47876,321.58,1.12,1.06,1/04/2010,2010-04,April,578.6,Terra,MODIS,55.6,6.03,294.84,15.44,D,0,Vavuniya
8.70295,80.29625,316.6,1.25,1.15,1/05/2010,2010-05,May,778,Aqua,MODIS,53.5,6.03,298.3,10.6,D,0,Vavuniya
8.855525,80.5514,325.45,1.025,1,1/06/2010,2010-06,June,734.5,Aqua,MODIS,61,6.03,296.325,15.3,D,0,Vavuniya
8.7631,80.47174286,321.7857143,1.357142857,1.157142857,1/07/2010,2010-07,July,792.2857143,Aqua,MODIS,59.42857143,6.03,293.7285714,17.2,D,0,Vavuniya
8.7234,80.52105806,322.1774194,1.629032258,1.206451613,1/08/2010,2010-08,August,844.2903226,Aqua,MODIS,55.64516129,6.03,295.6419355,25.87096774,D,0,Vavuniya
8.694267857,80.55496429,331.6357143,1.414285714,1.160714286,1/09/2010,2010-09,September,761.6785714,Terra,MODIS,68.21428571,6.03,296.2964286,59.95,D,0,Vavuniya
8.649957143,80.63401429,320.3,1.028571429,1.028571429,1/10/2010,2010-10,October,806.8571429,Aqua,MODIS,59.28571429,6.03,300.0857143,9.871428571,D,0,Vavuniya
8.8415,80.4213,316.25,1.05,1.05,1/03/2011,2011-03,March,806,Aqua,MODIS,50,6.03,298.65,8.1,D,0,Vavuniya
8.8659,80.5061,323.6,1.1,1.1,1/05/2011,2011-05,May,759,Aqua,MODIS,73,6.03,300.2,15.1,D,0,Vavuniya
8.849428571,80.47261429,320.4928571,1.15,1.064285714,1/06/2011,2011-06,June,783.5,Aqua,MODIS,56.42857143,6.03,298.85,11.04285714,D,0,Vavuniya
8.783657143,80.49881429,322.65,1.25,1.1,1/07/2011,2011-07,July,686.2857143,Aqua,MODIS,66.5,6.03,297.9428571,16.7,D,0,Vavuniya
8.7039,80.61889167,323.875,1.541666667,1.183333333,1/08/2011,2011-08,August,806.0833333,Aqua,MODIS,57.41666667,6.03,297.8916667,20.76666667,D,0,Vavuniya
8.753843243,80.51886486,325.0216216,1.502702703,1.172972973,1/09/2011,2011-09,September,743.027027,Aqua,MODIS,57.94594595,6.03,297.7540541,22.55675676,D,0,Vavuniya
8.685466667,80.56455,321.6333333,1.2,1.083333333,1/10/2011,2011-10,October,716.6666667,Terra,MODIS,42.83333333,6.03,298.4833333,12.3,D,0,Vavuniya
8.9044,80.25955,314.15,1.4,1.2,1/02/2012,2012-02,February,753,Aqua,MODIS,58.5,6.03,302.1,10.2,D,0,Vavuniya
8.8333,80.40458571,320.1571429,1.214285714,1.085714286,1/03/2012,2012-03,March,678.7142857,Aqua,MODIS,54.42857143,6.03,303.6714286,14.05714286,D,0,Vavuniya
8.89415,80.48895,317.75,1.65,1.25,1/04/2012,2012-04,April,786.5,Aqua,MODIS,44.5,6.03,294.4,20,D,0,Vavuniya
8.7911,80.3639,317.1333333,1.133333333,1.066666667,1/05/2012,2012-05,May,816,Aqua,MODIS,63,6.03,292.1666667,9.966666667,D,0,Vavuniya
8.790455,80.550685,320.505,1.18,1.08,1/06/2012,2012-06,June,769.55,Aqua,MODIS,55.45,6.03,296.805,12.245,D,0,Vavuniya
8.75530625,80.5707375,329.10625,1.129166667,1.058333333,1/07/2012,2012-07,July,775.25,Aqua,MODIS,55.29166667,6.03,301.43125,27.7,D,0,Vavuniya
8.654207087,80.56595906,331.1645669,1.498425197,1.18976378,1/08/2012,2012-08,August,786.2992126,Aqua,MODIS,66.01574803,6.03,297.4952756,38.87716535,D,0,Vavuniya
8.737825,80.557375,324.6833333,1.55,1.216666667,1/09/2012,2012-09,September,646.9166667,Aqua,MODIS,62.58333333,6.03,296.9083333,22.89166667,D,0,Vavuniya
8.6967,80.54075,327.325,1.25,1.1,1/10/2012,2012-10,October,817.5,Aqua,MODIS,48,6.03,304.3,15.6,D,0,Vavuniya
8.8416,80.4403,321.4,1,1,1/03/2013,2013-03,March,812,Aqua,MODIS,65,6.03,302.9,9.7,D,0,Vavuniya
8.8429,80.4398,319.2,1.666666667,1.3,1/04/2013,2013-04,April,728.3333333,Aqua,MODIS,61.66666667,6.03,298.6666667,20.53333333,D,0,Vavuniya
8.7905,80.54616667,320.9,1,1,1/05/2013,2013-05,May,810,Aqua,MODIS,64.66666667,6.03,301.7666667,9.866666667,D,0,Vavuniya
8.916,80.5216,315.7,1.4,1.2,1/06/2013,2013-06,June,754,Aqua,MODIS,64,6.03,291.7,13.1,D,0,Vavuniya
8.824981818,80.42110909,323.1,1.481818182,1.172727273,1/07/2013,2013-07,July,668.4545455,Terra,MODIS,58.81818182,6.03,296.9363636,20.59090909,D,0,Vavuniya
8.685357143,80.59166571,325.1514286,1.411428571,1.162857143,1/08/2013,2013-08,August,792.4857143,Aqua,MODIS,57.42857143,6.03,296.0857143,21.42285714,D,0,Vavuniya
8.675365714,80.65247714,325.8371429,1.531428571,1.211428571,1/09/2013,2013-09,September,771.8,Aqua,MODIS,60.77142857,6.03,299.7942857,22.95428571,D,0,Vavuniya
8.670335484,80.65040645,325.1129032,1.712903226,1.232258065,1/10/2013,2013-10,October,762,Terra,MODIS,54.77419355,6.03,299.3354839,23.86451613,D,0,Vavuniya
8.5331,80.5143,322.2,1,1,1/02/2014,2014-02,February,806,Aqua,MODIS,54,6.03,296.4,10.9,D,0,Vavuniya
8.7493125,80.3905125,317.725,1.45,1.1875,1/03/2014,2014-03,March,1027.375,Terra,MODIS,63,6.03,296.05,17.7625,N,0,Vavuniya
8.793114286,80.52767143,327.7142857,1.128571429,1.057142857,1/04/2014,2014-04,April,796.7142857,Aqua,MODIS,53.71428571,6.03,305.2857143,15.78571429,D,0,Vavuniya
8.9455,80.7561,320.5,1.1,1,1/05/2014,2014-05,May,505,Terra,MODIS,67,6.03,298.7,9.2,D,0,Vavuniya
8.694461538,80.66246923,321.9923077,1.184615385,1.069230769,1/06/2014,2014-06,June,826,Aqua,MODIS,58.61538462,6.03,300.8846154,12.66923077,D,0,Vavuniya
8.740277778,80.47662222,323.1222222,1.338888889,1.15,1/07/2014,2014-07,July,733.2222222,Aqua,MODIS,58.5,6.03,298.9444444,15.75,D,0,Vavuniya
8.762107407,80.56163704,323.7740741,1.848148148,1.314814815,1/08/2014,2014-08,August,797.5925926,Aqua,MODIS,62.07407407,6.03,290.7851852,35.24444444,D,0,Vavuniya
8.676473684,80.59298158,328.0315789,1.294736842,1.118421053,1/09/2014,2014-09,September,788.5526316,Aqua,MODIS,67.10526316,6.03,298.8184211,27.42105263,D,0,Vavuniya
8.8159,80.67625,316.3,1.3,1.1,1/10/2014,2014-10,October,664.5,Terra,MODIS,45.5,6.03,297.25,10.65,D,0,Vavuniya
9.0664,80.497,321.4,1,1,1/02/2015,2015-02,February,511,Terra,MODIS,75,6.03,300.4,14,D,0,Vavuniya
8.5983,80.3061,316.15,3.1,1.7,1/03/2015,2015-03,March,843,Aqua,MODIS,54,6.03,301.05,29.8,D,0,Vavuniya
8.9298,80.7714,317.1,1,1,1/04/2015,2015-04,April,813,Aqua,MODIS,50,6.03,291.6,5.6,D,0,Vavuniya
8.870875,80.42925,321.3,1.2,1.1,1/06/2015,2015-06,June,818.75,Aqua,MODIS,65.25,6.03,297.025,17.85,D,0,Vavuniya
8.93211,80.59615,328.05,1.17,1.06,1/07/2015,2015-07,July,761.9,Terra,MODIS,73,6.03,296.55,24.25,D,0,Vavuniya
8.715636364,80.48040909,322.6090909,1.486363636,1.168181818,1/08/2015,2015-08,August,775.2727273,Aqua,MODIS,60.63636364,6.03,295.1454545,19.44090909,D,0,Vavuniya
8.64021,80.58987,323.04,1.23,1.09,1/09/2015,2015-09,September,758.9,Aqua,MODIS,58,6.03,297.12,16.27,D,0,Vavuniya
8.8339,80.4548,327.8,1.1,1.1,1/10/2015,2015-10,October,759,Aqua,MODIS,81,6.03,298.5,21.3,D,0,Vavuniya
8.78,80.42726667,326.0777778,1.422222222,1.155555556,1/03/2016,2016-03,March,712.1111111,Aqua,MODIS,64.11111111,6.03,306.7777778,20.17777778,D,0,Vavuniya
8.84638,80.7857,322.08,1.28,1.1,1/04/2016,2016-04,April,685.2,Terra,MODIS,49,6.03,302.36,11.2,D,0,Vavuniya
8.879433333,80.53904444,315.8222222,1.344444444,1.122222222,1/07/2016,2016-07,July,777,Terra,MODIS,49.22222222,6.03,293.3,9.033333333,D,0,Vavuniya
8.735369231,80.49922308,319.9461538,1.338461538,1.138461538,1/08/2016,2016-08,August,762.3846154,Aqua,MODIS,59.23076923,6.03,293.0230769,16.83846154,D,0,Vavuniya
8.658884375,80.606175,325.45625,1.3125,1.121875,1/09/2016,2016-09,September,778.53125,Aqua,MODIS,58.78125,6.03,299.459375,17.3,D,0,Vavuniya
8.750164286,80.55631786,324.85,1.2,1.082142857,1/10/2016,2016-10,October,718.2857143,Terra,MODIS,53.35714286,6.03,303.85,14.40357143,D,0,Vavuniya
8.8652,80.4198,315.6,1,1,1/12/2016,2016-12,December,805,Aqua,MODIS,62,6.03,303.8,6.9,D,0,Vavuniya
8.829933333,80.45226667,321.2333333,1.266666667,1.1,1/02/2017,2017-02,February,790.3333333,Aqua,MODIS,61,6.03,303.7333333,12.56666667,D,0,Vavuniya
8.9068,80.5231,315.8,1.1,1.1,1/03/2017,2017-03,March,800,Aqua,MODIS,61,6.03,300.1,6.4,D,0,Vavuniya
8.8014,80.39565,317.9,1.2,1.1,1/04/2017,2017-04,April,635,Terra,MODIS,46.5,6.03,299.9,8.95,D,0,Vavuniya
8.87205,80.7727,321.6,1.15,1.05,1/05/2017,2017-05,May,779.5,Aqua,MODIS,67,6.03,296.5,13.2,D,0,Vavuniya
8.778425,80.5626625,320.4375,1.6,1.2125,1/06/2017,2017-06,June,753.25,Aqua,MODIS,53.5,6.03,295.2375,18.3,D,0,Vavuniya
8.709715909,80.56008636,324.5545455,1.377272727,1.143181818,1/07/2017,2017-07,July,740.5909091,Aqua,MODIS,57.18181818,6.03,299.2886364,16.96590909,D,0,Vavuniya
8.580325,80.6954,318.4,2.2,1.45,1/10/2017,2017-10,October,763.25,Aqua,MODIS,65.75,6.03,294.375,26.8,D,0,Vavuniya
8.973,80.5839,320.1,1.5,1.2,1/01/2018,2018-01,January,824,Aqua,MODIS,70,6.03,297.6,23.1,D,0,Vavuniya
8.707244444,80.47863333,317.9777778,1.788888889,1.233333333,1/02/2018,2018-02,February,776.8888889,Terra,MODIS,61,6.03,302.8888889,16.16666667,D,0,Vavuniya
8.838236364,80.45205455,321.6545455,1.318181818,1.118181818,1/03/2018,2018-03,March,760.1818182,Terra,MODIS,49.81818182,6.03,305.8909091,12.69090909,D,0,Vavuniya
8.89535,80.58476667,318.65,1.666666667,1.25,1/04/2018,2018-04,April,924.1666667,Aqua,MODIS,55.33333333,6.03,296.5166667,18.68333333,D,0,Vavuniya
8.769333333,80.47173333,321.5,1.133333333,1.066666667,1/06/2018,2018-06,June,814,Aqua,MODIS,70.66666667,6.03,297.1666667,14.3,D,0,Vavuniya
8.759975,80.4811125,319.825,1.2125,1.0875,1/07/2018,2018-07,July,777.625,Aqua,MODIS,52.75,6.03,289.4875,14.675,D,0,Vavuniya
8.745842857,80.60182381,320.2,1.352380952,1.142857143,1/08/2018,2018-08,August,829.3333333,Aqua,MODIS,57.52380952,6.03,289.6571429,18.68095238,D,0,Vavuniya
8.823625,80.60273333,324.5666667,1.258333333,1.091666667,1/09/2018,2018-09,September,734.6666667,Aqua,MODIS,68.58333333,6.03,300.6583333,18.90833333,D,0,Vavuniya
8.7562,80.4267,315,1.4,1.2,1/01/2019,2019-01,January,753,Aqua,MODIS,60,6.03,299.3,12.9,D,0,Vavuniya
8.879461905,80.52990952,327.3047619,1.671428571,1.228571429,1/03/2019,2019-03,March,749.6190476,Aqua,MODIS,63.42857143,6.03,304.8428571,29.64285714,D,0,Vavuniya
8.75582,80.4869,324.71,1.45,1.18,1/04/2019,2019-04,April,685.4,Terra,MODIS,57.5,6.03,304.86,16.1,D,0,Vavuniya
8.823557143,80.47761429,319.6142857,1.057142857,1.028571429,1/05/2019,2019-05,May,673.7142857,Terra,MODIS,58.42857143,6.03,295.8571429,10.81428571,D,0,Vavuniya
8.755684615,80.58926154,323.8076923,1.415384615,1.146153846,1/06/2019,2019-06,June,713,Aqua,MODIS,56.07692308,6.03,298.6461538,17.76153846,D,0,Vavuniya
8.83966,80.52401,323.11,1.17,1.09,1/07/2019,2019-07,July,783.1,Aqua,MODIS,63.5,6.03,297.09,15.38,D,0,Vavuniya
8.64237,80.66303,325.86,2.09,1.36,1/08/2019,2019-08,August,740.6,Aqua,MODIS,61.2,6.03,290.34,54.99,D,0,Vavuniya
8.732021739,80.61704348,328.6434783,1.165217391,1.065217391,1/09/2019,2019-09,September,730.826087,Terra,MODIS,53.39130435,6.03,302.6826087,16.43913043,D,0,Vavuniya
9.0558,80.4935,311.4,1.4,1.2,1/01/2020,2020-01,January,753,Aqua,MODIS,48,6.03,296.6,9.6,D,0,Vavuniya
8.57075,80.5482,317.4,1.2,1.1,1/02/2020,2020-02,February,782.5,Aqua,MODIS,52.5,6.03,301.9,10.05,D,0,Vavuniya
8.738166667,80.2943,333.9166667,1.066666667,1.066666667,1/03/2020,2020-03,March,765.8333333,Terra,MODIS,64.33333333,6.03,301.4333333,29.55,D,0,Vavuniya
8.841544444,80.5652,321.7555556,1.622222222,1.233333333,1/04/2020,2020-04,April,620.7777778,Terra,MODIS,51.11111111,6.03,300.3,18.43333333,D,0,Vavuniya
8.86225,80.5101,317.2,1.6,1.25,1/05/2020,2020-05,May,667.5,Terra,MODIS,45,6.03,298.2,14.4,D,0,Vavuniya
8.859214286,80.41014286,316.2285714,1.342857143,1.128571429,1/06/2020,2020-06,June,936.4285714,Aqua,MODIS,59.71428571,6.03,291.4428571,12.58571429,D,0,Vavuniya
8.95305,80.4812,317.15,1.2,1.1,1/07/2020,2020-07,July,779.5,Aqua,MODIS,46,6.03,291.2,11.95,D,0,Vavuniya
8.742904545,80.61390909,322.0409091,1.586363636,1.227272727,1/08/2020,2020-08,August,782.7727273,Aqua,MODIS,61.5,6.03,296.55,22.04090909,D,0,Vavuniya
8.616490909,80.52990909,326.1545455,1.054545455,1.027272727,1/09/2020,2020-09,September,781.4545455,Aqua,MODIS,58.45454545,6.03,296.8909091,16.6,D,0,Vavuniya
8.751318182,80.47126364,323.3363636,1.245454545,1.109090909,1/10/2020,2020-10,October,747.5454545,Aqua,MODIS,56.18181818,6.03,299.7636364,13.65454545,D,0,Vavuniya
8.7883,80.4508,313.5,1.4,1.15,1/11/2020,2020-11,November,628.5,Aqua,MODIS,45,6.03,294.95,8.85,D,0,Vavuniya
8.59865,80.3424,319.025,1.3,1.15,1/02/2021,2021-02,February,766,Aqua,MODIS,61,6.03,305.6,12.25,D,0,Vavuniya
8.8601,80.5165,318.3333333,1.4,1.15,1/03/2021,2021-03,March,907.6666667,Terra,MODIS,53,6.03,299.4833333,13.68333333,N,0,Vavuniya
8.93095,80.5308,317,1.35,1.15,1/04/2021,2021-04,April,672.5,Terra,MODIS,58.5,6.03,302.4,11.9,D,0,Vavuniya
8.900375,80.522675,314.225,2.15,1.375,1/06/2021,2021-06,June,886.25,Terra,MODIS,61,6.03,292.325,20.225,N,0,Vavuniya
8.839786364,80.44926364,320.3545455,1.145454545,1.086363636,1/07/2021,2021-07,July,807.7272727,Terra,MODIS,61.09090909,6.03,294.5909091,12.57727273,N,0,Vavuniya
8.749421429,80.49934286,327.4785714,1.392857143,1.157142857,1/08/2021,2021-08,August,786.4285714,Terra,MODIS,62.92857143,6.03,296.9571429,24.94285714,D,0,Vavuniya
8.642642105,80.57587368,325.2,1.331578947,1.121052632,1/09/2021,2021-09,September,789.3157895,Aqua,MODIS,57.26315789,6.03,298.4263158,18.47368421,D,0,Vavuniya
8.958,80.5136,310.8,1,1,1/01/2022,2022-01,January,503,Terra,MODIS,58,6.03,297.1,5.5,D,0,Vavuniya
8.809433333,80.3678,314.4,1.366666667,1.166666667,1/02/2022,2022-02,February,792.3333333,Aqua,MODIS,51,6.03,298.6666667,10.96666667,D,0,Vavuniya
8.82638,80.4746,316.4,1.62,1.24,1/03/2022,2022-03,March,813.6,Aqua,MODIS,42,6.03,298.06,12.38,D,0,Vavuniya
8.91436,80.57058,316.64,1.98,1.36,1/05/2022,2022-05,May,747.4,Aqua,MODIS,59.8,6.03,296.64,23.36,D,0,Vavuniya
8.896866667,80.48103333,324.5333333,1.4,1.2,1/06/2022,2022-06,June,755,Aqua,MODIS,65.33333333,6.03,294.7,24.3,D,0,Vavuniya
8.744006667,80.46950667,321.5866667,1.113333333,1.046666667,1/07/2022,2022-07,July,772.3333333,Aqua,MODIS,62.4,6.03,295.14,13.09333333,D,0,Vavuniya
8.7668,80.462,322.4166667,1.133333333,1.05,1/08/2022,2022-08,August,809.1666667,Aqua,MODIS,59,6.03,299.7666667,12.46666667,D,0,Vavuniya
8.720817647,80.54968824,322.8823529,1.470588235,1.164705882,1/09/2022,2022-09,September,662.1764706,Aqua,MODIS,54.52941176,6.03,298.0470588,20,D,0,Vavuniya
8.9466,80.4902,317.4,2,1.4,1/02/2023,2023-02,February,841,Aqua,MODIS,68,61.03,300.8,25.8,D,0,Vavuniya
8.8116,80.2858,316.8,1.9,1.35,1/03/2023,2023-03,March,825.5,Aqua,MODIS,54.5,61.03,293.75,20.05,D,0,Vavuniya
8.7915,80.8809,328.6,1.8,1.3,1/04/2023,2023-04,April,510,Terra,MODIS,73,61.03,302.1,41.7,D,0,Vavuniya
8.72182,80.48856,318.38,1.38,1.14,1/06/2023,2023-06,June,810,Aqua,MODIS,58.6,61.03,296.62,14.06,D,0,Vavuniya
8.7868,80.46640385,321.3307692,1.384615385,1.165384615,1/07/2023,2023-07,July,831.1538462,Aqua,MODIS,56.19230769,61.03,296.8615385,15.65769231,D,0,Vavuniya
8.713692857,80.4801119,322.9095238,1.385714286,1.15,1/08/2023,2023-08,August,764.452381,Aqua,MODIS,49.21428571,61.03,300,14.49285714,D,0,Vavuniya
8.8250375,80.5207,328.9375,2.025,1.2875,1/09/2023,2023-09,September,799.875,Aqua,MODIS,60.25,61.03,295.8375,42.175,D,0,Vavuniya
8.5726,80.5008,313.5,2.1,1.4,1/10/2023,2023-10,October,507,Terra,MODIS,40,61.03,294.7,21.5,D,0,Vavuniya
8.7622,80.3563,318.5,1,1,1/02/2024,2024-02,February,835,Aqua,MODIS,44,61.03,302.7,7.9,D,0,Vavuniya
8.766725,80.58415,322,1.2,1.075,1/03/2024,2024-03,March,831,Aqua,MODIS,58.25,61.03,305.375,11.125,D,0,Vavuniya
8.85195,80.60065,321.5,1.1,1.05,1/04/2024,2024-04,April,839,Aqua,MODIS,50.5,61.03,300.65,11.35,D,0,Vavuniya
8.848925,80.652,321.35,1.05,1,1/07/2024,2024-07,July,738.25,Aqua,MODIS,68.5,61.03,294.575,12.85,D,0,Vavuniya
8.748121429,80.58195714,319.75,1.607142857,1.192857143,1/08/2024,2024-08,August,804.1428571,Aqua,MODIS,58,61.03,295.6428571,17.22857143,D,0,Vavuniya
8.703142105,80.55656842,326.7684211,1.126315789,1.057894737,1/09/2024,2024-09,September,829.3157895,Terra,MODIS,57.31578947,61.03,299.7894737,18.18947368,D,0,Vavuniya
8.9482,80.6957,316.4,1,1,1/10/2024,2024-10,October,854,Aqua,MODIS,58,61.03,299.7,6.3,D,0,Vavuniya
8.56,80.66,312.1,1.3,1.1,1/11/2024,2024-11,November,840,Aqua,MODIS,56,61.03,298.5,6.6,D,0,Vavuniya
8.5554,80.6584,318.7,1.3,1.1,1/02/2025,2025-02,February,849,Aqua,MODIS,73,61.03,297.8,17.6,D,0,Vavuniya
8.6469,80.3438,321.6,1,1,1/03/2025,2025-03,March,908,Aqua,MODIS,66,61.03,303.3,10.8,D,0,Vavuniya
8.84005,80.44805,317.3,1.1,1.05,1/04/2025,2025-04,April,901.5,Aqua,MODIS,49.5,61.03,295.6,11.15,D,0,Vavuniya
8.7922,80.2531,309.8,1,1,1/05/2025,2025-05,May,914,Aqua,MODIS,22,61.03,292,4.3,D,0,Vavuniya
9.011,80.34805,314.25,1.2,1.1,1/06/2025,2025-06,June,925,Aqua,MODIS,49.5,61.03,297.65,8.05,D,0,Vavuniya
8.849604,80.52644,327.796,1.192,1.084,1/07/2025,2025-07,July,870.48,Aqua,MODIS,68.08,61.03,296.58,26.244,D,0,Vavuniya
8.734135,80.556,323.565,1.085,1.035,1/08/2025,2025-08,August,923.2,Aqua,MODIS,55.65,61.03,302.105,13.205,D,0,Vavuniya
8.78494,80.61746,318.7733333,1.08,1.033333333,1/09/2025,2025-09,September,809.1333333,Aqua,MODIS,59.46666667,61.03,296.0133333,9.606666667,D,0,Vavuniya
8.7727,80.70323333,312.8166667,1,1,1/10/2025,2025-10,October,923,Aqua,MODIS,49.33333333,61.03,288.95,6.633333333,D,0,Vavuniya
