date,year_month,month_name,district,province,adm_level,adm_id,PCODE,n_pixels,vim,vim_avg,viq
2002-07-01,2002-07,July,Ampara,Eastern,2.0,25832.0,LK52,147.0,0.6330797933333333,0.66297264,95.79571333333332
2002-07-01,2002-07,July,Anuradhapura,North Central,2.0,25835.0,LK71,235.0,0.6208002666666667,0.66451175,93.88020666666667
2002-07-01,2002-07,July,Badulla,Uva,2.0,25849.0,LK81,94.0,0.6739599266666666,0.7170180433333333,94.38616
2002-07-01,2002-07,July,Batticaloa,Eastern,2.0,25833.0,LK51,82.0,0.49877519,0.5537752966666667,90.88616866666666
2002-07-01,2002-07,July,Colombo,Western,2.0,25851.0,LK11,23.0,0.7430840533333334,0.7042327766666666,105.14862866666668
2002-07-01,2002-07,July,Galle,Southern,2.0,25846.0,LK31,54.0,0.7875820766666667,0.7963837866666666,98.959715
2002-07-01,2002-07,July,Gampaha,Western,2.0,25852.0,LK12,47.0,0.7583829766666667,0.7523134333333333,100.75250999999999
2002-07-01,2002-07,July,Hambantota,Southern,2.0,25847.0,LK33,85.0,0.61658077,0.6664425666666667,93.06126866666666
2002-07-01,2002-07,July,Jaffna,Northern,2.0,25839.0,LK41,31.0,0.4659709533333333,0.46375180666666665,100.42637666666667
2002-07-01,2002-07,July,Kalutara,Western,2.0,25853.0,LK13,52.0,0.8000346,0.7950797433333333,100.58558000000001
2002-07-01,2002-07,July,Kandy,Central,2.0,41748.0,LK21,60.0,0.7689716433333333,0.7818825266666667,98.44731
2002-07-01,2002-07,July,Kegalle,Sabaragamuwa,2.0,25844.0,LK92,55.0,0.8510909,0.8361627166666666,101.68348533333334
2002-07-01,2002-07,July,Kilinochchi,Northern,2.0,25840.0,LK45,41.0,0.55672844,0.5403985833333333,102.75888333333334
2002-07-01,2002-07,July,Kurunegala,North Western,2.0,25837.0,LK61,158.0,0.7470071433333333,0.7443222666666666,100.32323666666667
2002-07-01,2002-07,July,Mannar,Northern,2.0,25841.0,LK42,65.0,0.6401723,0.62472038,102.28608866666667
2002-07-01,2002-07,July,Matale,Central,2.0,25830.0,LK22,67.0,0.7247606633333333,0.7411886500000001,97.92301133333332
2002-07-01,2002-07,July,Matara,Southern,2.0,25848.0,LK32,39.0,0.7979392799999999,0.8077109,98.860455
2002-07-01,2002-07,July,Monaragala,Uva,2.0,25850.0,LK82,186.0,0.63555427,0.6853212933333334,93.23543500000001
2002-07-01,2002-07,July,Mullaitivu,Northern,2.0,25842.0,LK44,85.0,0.6756282033333333,0.6886919566666667,98.23102133333333
2002-07-01,2002-07,July,Nuwara Eliya,Central,2.0,41749.0,LK23,58.0,0.7510039966666667,0.7643455466666667,98.36212833333333
2002-07-01,2002-07,July,Polonnaruwa,North Central,2.0,25836.0,LK72,116.0,0.6357796,0.6896422566666667,92.71779
2002-07-01,2002-07,July,Puttalam,North Western,2.0,25838.0,LK62,107.0,0.6730080666666667,0.6679628466666667,100.69303133333334
2002-07-01,2002-07,July,Ratnapura,Sabaragamuwa,2.0,25845.0,LK91,108.0,0.7799274566666666,0.7948234166666667,98.23660133333334
2002-07-01,2002-07,July,Trincomalee,Eastern,2.0,25834.0,LK53,83.0,0.5998855166666667,0.6580614966666667,91.78354466666667
2002-07-01,2002-07,July,Vavuniya,Northern,2.0,25843.0,LK43,65.0,0.65526612,0.68687702,95.70786833333334
2002-08-01,2002-08,August,Ampara,Eastern,2.0,25832.0,LK52,147.0,0.5728614333333334,0.6297521233333333,91.62095333333333
2002-08-01,2002-08,August,Anuradhapura,North Central,2.0,25835.0,LK71,235.0,0.5852598533333334,0.6509886466666667,90.62265866666667
2002-08-01,2002-08,August,Badulla,Uva,2.0,25849.0,LK81,94.0,0.6537754966666667,0.7010389,93.706585
2002-08-01,2002-08,August,Batticaloa,Eastern,2.0,25833.0,LK51,82.0,0.44861420999999996,0.5290863866666666,86.09864499999999
2002-08-01,2002-08,August,Colombo,Western,2.0,25851.0,LK11,23.0,0.7035072466666666,0.6977320533333332,100.77032833333332
2002-08-01,2002-08,August,Galle,Southern,2.0,25846.0,LK31,54.0,0.7740499733333334,0.79401784,97.63421833333332
2002-08-01,2002-08,August,Gampaha,Western,2.0,25852.0,LK12,47.0,0.7173638133333333,0.7410126333333333,97.00785866666666
2002-08-01,2002-08,August,Hambantota,Southern,2.0,25847.0,LK33,85.0,0.6125003733333334,0.6358906333333333,96.59037000000001
2002-08-01,2002-08,August,Jaffna,Northern,2.0,25839.0,LK41,31.0,0.42803117333333335,0.46041914,93.66793366666667
2002-08-01,2002-08,August,Kalutara,Western,2.0,25853.0,LK13,52.0,0.7793698533333333,0.7902804933333334,98.70103999999999
2002-08-01,2002-08,August,Kandy,Central,2.0,41748.0,LK21,60.0,0.7526221933333334,0.7761413999999999,97.15268133333332
2002-08-01,2002-08,August,Kegalle,Sabaragamuwa,2.0,25844.0,LK92,55.0,0.82120184,0.83049366,98.94345666666668
2002-08-01,2002-08,August,Kilinochchi,Northern,2.0,25840.0,LK45,41.0,0.5107333366666666,0.5262446000000001,97.29933133333333
2002-08-01,2002-08,August,Kurunegala,North Western,2.0,25837.0,LK61,158.0,0.6653514833333333,0.7056622866666666,94.64735833333333
2002-08-01,2002-08,August,Mannar,Northern,2.0,25841.0,LK42,65.0,0.6015656166666666,0.6115338466666667,98.49160866666666
2002-08-01,2002-08,August,Matale,Central,2.0,25830.0,LK22,67.0,0.7006238533333334,0.72781648,96.50284333333333
2002-08-01,2002-08,August,Matara,Southern,2.0,25848.0,LK32,39.0,0.78254185,0.7997613100000001,97.97285166666666
2002-08-01,2002-08,August,Monaragala,Uva,2.0,25850.0,LK82,186.0,0.6091297333333333,0.6643590033333333,92.26803833333334
2002-08-01,2002-08,August,Mullaitivu,Northern,2.0,25842.0,LK44,85.0,0.6615144833333334,0.6894681,96.22155666666667
2002-08-01,2002-08,August,Nuwara Eliya,Central,2.0,41749.0,LK23,58.0,0.7487327166666667,0.7604915800000001,98.54917666666667
2002-08-01,2002-08,August,Polonnaruwa,North Central,2.0,25836.0,LK72,116.0,0.6179445333333334,0.6756234133333333,92.04899833333333
2002-08-01,2002-08,August,Puttalam,North Western,2.0,25838.0,LK62,107.0,0.6112738333333333,0.6345897133333334,96.58370333333333
2002-08-01,2002-08,August,Ratnapura,Sabaragamuwa,2.0,25845.0,LK91,108.0,0.7615401,0.7835099900000001,97.36317333333334
2002-08-01,2002-08,August,Trincomalee,Eastern,2.0,25834.0,LK53,83.0,0.5814955666666667,0.6609511433333334,88.82786
2002-08-01,2002-08,August,Vavuniya,Northern,2.0,25843.0,LK43,65.0,0.6298989700000001,0.6878702466666667,92.14816333333333
2002-09-01,2002-09,September,Ampara,Eastern,2.0,25832.0,LK52,147.0,0.5568367333333334,0.6329594333333334,88.85133466666666
2002-09-01,2002-09,September,Anuradhapura,North Central,2.0,25835.0,LK71,235.0,0.5984012766666666,0.6619698366666666,91.05618499999999
2002-09-01,2002-09,September,Badulla,Uva,2.0,25849.0,LK81,94.0,0.6645127566666668,0.7060127666666668,94.50658333333332
2002-09-01,2002-09,September,Batticaloa,Eastern,2.0,25833.0,LK51,82.0,0.42796094999999995,0.5397494566666667,81.043278
2002-09-01,2002-09,September,Colombo,Western,2.0,25851.0,LK11,23.0,0.68311449,0.6961392833333333,98.25443966666667
2002-09-01,2002-09,September,Galle,Southern,2.0,25846.0,LK31,54.0,0.7732678866666666,0.7968295466666667,97.21741300000001
2002-09-01,2002-09,September,Gampaha,Western,2.0,25852.0,LK12,47.0,0.7041085099999999,0.7382961266666667,95.66293
2002-09-01,2002-09,September,Hambantota,Southern,2.0,25847.0,LK33,85.0,0.5943646666666667,0.63163102,94.53728533333333
2002-09-01,2002-09,September,Jaffna,Northern,2.0,25839.0,LK41,31.0,0.42453654,0.4845341333333333,88.77280666666667
2002-09-01,2002-09,September,Kalutara,Western,2.0,25853.0,LK13,52.0,0.76975769,0.79020558,97.5663
2002-09-01,2002-09,September,Kandy,Central,2.0,41748.0,LK21,60.0,0.7465905333333334,0.77577225,96.46616666666667
2002-09-01,2002-09,September,Kegalle,Sabaragamuwa,2.0,25844.0,LK92,55.0,0.8020357300000001,0.82574345,97.29268666666667
2002-09-01,2002-09,September,Kilinochchi,Northern,2.0,25840.0,LK45,41.0,0.49219836,0.52585062,94.15515833333332
2002-09-01,2002-09,September,Kurunegala,North Western,2.0,25837.0,LK61,158.0,0.6292763566666667,0.7007411133333333,90.47954800000001
2002-09-01,2002-09,September,Mannar,Northern,2.0,25841.0,LK42,65.0,0.6001389466666667,0.62242828,96.67970833333334
2002-09-01,2002-09,September,Matale,Central,2.0,25830.0,LK22,67.0,0.6983393066666667,0.73437527,95.40558166666666
2002-09-01,2002-09,September,Matara,Southern,2.0,25848.0,LK32,39.0,0.7742820166666666,0.7964650633333333,97.37930333333334
2002-09-01,2002-09,September,Monaragala,Uva,2.0,25850.0,LK82,186.0,0.6269096566666666,0.67865846,92.88624833333334
2002-09-01,2002-09,September,Mullaitivu,Northern,2.0,25842.0,LK44,85.0,0.6679305699999999,0.7039018433333334,95.22681
2002-09-01,2002-09,September,Nuwara Eliya,Central,2.0,41749.0,LK23,58.0,0.7507166333333334,0.7645634333333334,98.30026833333334
2002-09-01,2002-09,September,Polonnaruwa,North Central,2.0,25836.0,LK72,116.0,0.6159528766666668,0.66211692,93.51505133333335
2002-09-01,2002-09,September,Puttalam,North Western,2.0,25838.0,LK62,107.0,0.5980987400000001,0.6389632333333334,94.064825
2002-09-01,2002-09,September,Ratnapura,Sabaragamuwa,2.0,25845.0,LK91,108.0,0.7507611000000001,0.7821766166666667,96.22506666666668
2002-09-01,2002-09,September,Trincomalee,Eastern,2.0,25834.0,LK53,83.0,0.5858232666666666,0.67273578,87.96619933333334
2002-09-01,2002-09,September,Vavuniya,Northern,2.0,25843.0,LK43,65.0,0.65207692,0.7114957333333334,92.18431
2002-10-01,2002-10,October,Ampara,Eastern,2.0,25832.0,LK52,147.0,0.6290136133333334,0.6726984566666667,93.91135000000001
2002-10-01,2002-10,October,Anuradhapura,North Central,2.0,25835.0,LK71,235.0,0.6990356133333333,0.7050825566666666,99.15526366666666
2002-10-01,2002-10,October,Badulla,Uva,2.0,25849.0,LK81,94.0,0.7178052866666667,0.73642772,97.62016333333334
2002-10-01,2002-10,October,Batticaloa,Eastern,2.0,25833.0,LK51,82.0,0.5083235533333333,0.58577872,87.722595
2002-10-01,2002-10,October,Colombo,Western,2.0,25851.0,LK11,23.0,0.693642,0.6993316900000001,99.23997666666666
2002-10-01,2002-10,October,Galle,Southern,2.0,25846.0,LK31,54.0,0.79003765,0.80463834,98.290438
2002-10-01,2002-10,October,Gampaha,Western,2.0,25852.0,LK12,47.0,0.7252645333333333,0.7456929666666667,97.42969833333332
2002-10-01,2002-10,October,Hambantota,Southern,2.0,25847.0,LK33,85.0,0.6430572466666666,0.67526712,95.53112166666666
2002-10-01,2002-10,October,Jaffna,Northern,2.0,25839.0,LK41,31.0,0.4991204066666666,0.53861731,93.22497666666668
2002-10-01,2002-10,October,Kalutara,Western,2.0,25853.0,LK13,52.0,0.78327885,0.7947389133333332,98.64246800000001
2002-10-01,2002-10,October,Kandy,Central,2.0,41748.0,LK21,60.0,0.7626594,0.7867203666666667,97.12255699999999
2002-10-01,2002-10,October,Kegalle,Sabaragamuwa,2.0,25844.0,LK92,55.0,0.8038103,0.8250890333333333,97.56823666666666
2002-10-01,2002-10,October,Kilinochchi,Northern,2.0,25840.0,LK45,41.0,0.54876992,0.5664579066666667,97.09344633333332
2002-10-01,2002-10,October,Kurunegala,North Western,2.0,25837.0,LK61,158.0,0.6944050666666667,0.7316796600000001,95.20067866666666
2002-10-01,2002-10,October,Mannar,Northern,2.0,25841.0,LK42,65.0,0.6744127933333334,0.6693824666666667,100.66675
2002-10-01,2002-10,October,Matale,Central,2.0,25830.0,LK22,67.0,0.7427825800000001,0.7646746466666666,97.30152199999999
2002-10-01,2002-10,October,Matara,Southern,2.0,25848.0,LK32,39.0,0.7874811899999999,0.8024033333333334,98.24820866666666
2002-10-01,2002-10,October,Monaragala,Uva,2.0,25850.0,LK82,186.0,0.7100801,0.7241691666666666,98.15125666666665
2002-10-01,2002-10,October,Mullaitivu,Northern,2.0,25842.0,LK44,85.0,0.7154548766666666,0.7338299833333334,97.64430466666666
2002-10-01,2002-10,October,Nuwara Eliya,Central,2.0,41749.0,LK23,58.0,0.7652930533333334,0.7775780666666666,98.51443333333333
2002-10-01,2002-10,October,Polonnaruwa,North Central,2.0,25836.0,LK72,116.0,0.6861028399999999,0.6956889,98.68849
2002-10-01,2002-10,October,Puttalam,North Western,2.0,25838.0,LK62,107.0,0.6695709966666666,0.6856798166666667,97.780005
2002-10-01,2002-10,October,Ratnapura,Sabaragamuwa,2.0,25845.0,LK91,108.0,0.7715441333333333,0.7957741733333333,97.131695
2002-10-01,2002-10,October,Trincomalee,Eastern,2.0,25834.0,LK53,83.0,0.6681883333333333,0.7037558566666666,95.24942366666666
2002-10-01,2002-10,October,Vavuniya,Northern,2.0,25843.0,LK43,65.0,0.7375563700000001,0.7542895333333334,97.893477
2002-11-01,2002-11,November,Ampara,Eastern,2.0,25832.0,LK52,147.0,0.7301281199999999,0.73024149,99.96706
2002-11-01,2002-11,November,Anuradhapura,North Central,2.0,25835.0,LK71,235.0,0.7679326333333334,0.75418649,101.71439500000001
2002-11-01,2002-11,November,Badulla,Uva,2.0,25849.0,LK81,94.0,0.7669943,0.7692643666666666,99.720535
2002-11-01,2002-11,November,Batticaloa,Eastern,2.0,25833.0,LK51,82.0,0.65181216,0.6684093433333334,97.63450999999999
2002-11-01,2002-11,November,Colombo,Western,2.0,25851.0,LK11,23.0,0.7148449166666667,0.6999362000000001,101.98867666666666
2002-11-01,2002-11,November,Galle,Southern,2.0,25846.0,LK31,54.0,0.8085049233333333,0.8110670066666666,99.70201000000002
2002-11-01,2002-11,November,Gampaha,Western,2.0,25852.0,LK12,47.0,0.7602290466666667,0.7596452866666666,100.06895666666667
2002-11-01,2002-11,November,Hambantota,Southern,2.0,25847.0,LK33,85.0,0.7338972333333333,0.7371608566666668,99.57228166666668
2002-11-01,2002-11,November,Jaffna,Northern,2.0,25839.0,LK41,31.0,0.5978795566666667,0.6011712133333333,99.47080166666666
2002-11-01,2002-11,November,Kalutara,Western,2.0,25853.0,LK13,52.0,0.8021730666666667,0.7982270133333333,100.46505333333333
2002-11-01,2002-11,November,Kandy,Central,2.0,41748.0,LK21,60.0,0.7894127833333333,0.8012197633333334,98.61143499999999
2002-11-01,2002-11,November,Kegalle,Sabaragamuwa,2.0,25844.0,LK92,55.0,0.8189011666666667,0.82791171,98.97321933333335
2002-11-01,2002-11,November,Kilinochchi,Northern,2.0,25840.0,LK45,41.0,0.64257642,0.6432878833333334,99.89336666666668
2002-11-01,2002-11,November,Kurunegala,North Western,2.0,25837.0,LK61,158.0,0.78017697,0.7751060133333333,100.60433
2002-11-01,2002-11,November,Mannar,Northern,2.0,25841.0,LK42,65.0,0.7462025466666667,0.7253331,102.69531
2002-11-01,2002-11,November,Matale,Central,2.0,25830.0,LK22,67.0,0.7910532366666666,0.7938021000000001,99.67227666666668
2002-11-01,2002-11,November,Matara,Southern,2.0,25848.0,LK32,39.0,0.8093239200000001,0.81549072,99.28669166666667
2002-11-01,2002-11,November,Monaragala,Uva,2.0,25850.0,LK82,186.0,0.78526613,0.77563148,101.16377933333332
2002-11-01,2002-11,November,Mullaitivu,Northern,2.0,25842.0,LK44,85.0,0.7643086333333334,0.7649793100000001,99.91562833333334
2002-11-01,2002-11,November,Nuwara Eliya,Central,2.0,41749.0,LK23,58.0,0.78980573,0.7932364766666667,99.59182333333332
2002-11-01,2002-11,November,Polonnaruwa,North Central,2.0,25836.0,LK72,116.0,0.7415672533333334,0.7374111633333333,100.52877533333333
2002-11-01,2002-11,November,Puttalam,North Western,2.0,25838.0,LK62,107.0,0.74343488,0.7389796133333334,100.56174166666666
2002-11-01,2002-11,November,Ratnapura,Sabaragamuwa,2.0,25845.0,LK91,108.0,0.8047117,0.8127910133333334,99.06214333333332
2002-11-01,2002-11,November,Trincomalee,Eastern,2.0,25834.0,LK53,83.0,0.73653489,0.7405627566666667,99.48834666666666
2002-11-01,2002-11,November,Vavuniya,Northern,2.0,25843.0,LK43,65.0,0.7990297333333333,0.7915826566666667,100.88349166666666
2002-12-01,2002-12,December,Ampara,Eastern,2.0,25832.0,LK52,147.0,0.787802,0.7766607333333333,101.34929333333334
2002-12-01,2002-12,December,Anuradhapura,North Central,2.0,25835.0,LK71,235.0,0.7854299,0.7848832833333333,100.068368
2002-12-01,2002-12,December,Badulla,Uva,2.0,25849.0,LK81,94.0,0.79006416,0.7869486866666667,100.372225
2002-12-01,2002-12,December,Batticaloa,Eastern,2.0,25833.0,LK51,82.0,0.73326745,0.7287191533333334,100.583206
2002-12-01,2002-12,December,Colombo,Western,2.0,25851.0,LK11,23.0,0.7254101566666667,0.6931179466666667,104.34698233333334
2002-12-01,2002-12,December,Galle,Southern,2.0,25846.0,LK31,54.0,0.8223882766666666,0.8138152533333334,100.99236666666667
2002-12-01,2002-12,December,Gampaha,Western,2.0,25852.0,LK12,47.0,0.7833489,0.7628569066666667,102.52229833333332
2002-12-01,2002-12,December,Hambantota,Southern,2.0,25847.0,LK33,85.0,0.7784560566666666,0.7700227133333333,101.02730633333333
2002-12-01,2002-12,December,Jaffna,Northern,2.0,25839.0,LK41,31.0,0.6383881533333334,0.6252972966666667,101.93824666666667
2002-12-01,2002-12,December,Kalutara,Western,2.0,25853.0,LK13,52.0,0.8100198533333334,0.7963954366666667,101.60997266666668
2002-12-01,2002-12,December,Kandy,Central,2.0,41748.0,LK21,60.0,0.80818331,0.8061117200000001,100.242022
2002-12-01,2002-12,December,Kegalle,Sabaragamuwa,2.0,25844.0,LK92,55.0,0.83337027,0.8268434299999999,100.74528466666668
2002-12-01,2002-12,December,Kilinochchi,Northern,2.0,25840.0,LK45,41.0,0.69316098,0.6934801566666667,99.95625333333334
2002-12-01,2002-12,December,Kurunegala,North Western,2.0,25837.0,LK61,158.0,0.8182305699999999,0.8019920066666666,101.90579666666667
2002-12-01,2002-12,December,Mannar,Northern,2.0,25841.0,LK42,65.0,0.7608046233333333,0.7516517333333333,101.14387333333333
2002-12-01,2002-12,December,Matale,Central,2.0,25830.0,LK22,67.0,0.8107915066666668,0.8089373566666667,100.21587466666666
2002-12-01,2002-12,December,Matara,Southern,2.0,25848.0,LK32,39.0,0.8237922666666666,0.8252643266666667,99.83166
2002-12-01,2002-12,December,Monaragala,Uva,2.0,25850.0,LK82,186.0,0.8124263333333334,0.8032846,101.07218333333333
2002-12-01,2002-12,December,Mullaitivu,Northern,2.0,25842.0,LK44,85.0,0.7804238933333334,0.7785315666666667,100.22841833333332
2002-12-01,2002-12,December,Nuwara Eliya,Central,2.0,41749.0,LK23,58.0,0.8037528333333334,0.7976402033333333,100.72134
2002-12-01,2002-12,December,Polonnaruwa,North Central,2.0,25836.0,LK72,116.0,0.7508379000000001,0.7602516,98.84485866666667
2002-12-01,2002-12,December,Puttalam,North Western,2.0,25838.0,LK62,107.0,0.7677071099999999,0.7589746666666667,101.07930133333333
2002-12-01,2002-12,December,Ratnapura,Sabaragamuwa,2.0,25845.0,LK91,108.0,0.81810861,0.81920739,99.87357333333334
2002-12-01,2002-12,December,Trincomalee,Eastern,2.0,25834.0,LK53,83.0,0.7545064133333333,0.76396468,98.83982666666667
2002-12-01,2002-12,December,Vavuniya,Northern,2.0,25843.0,LK43,65.0,0.8105635666666666,0.8042701600000001,100.73688800000001
2003-01-01,2003-01,January,Ampara,Eastern,2.0,25832.0,LK52,147.0,0.78703331,0.7833097133333333,100.44583
2003-01-01,2003-01,January,Anuradhapura,North Central,2.0,25835.0,LK71,235.0,0.7941890633333334,0.7924991,100.20283
2003-01-01,2003-01,January,Badulla,Uva,2.0,25849.0,LK81,94.0,0.78988192,0.7926376866666667,99.67264999999999
2003-01-01,2003-01,January,Batticaloa,Eastern,2.0,25833.0,LK51,82.0,0.72425773,0.7211823599999999,100.40013800000001
2003-01-01,2003-01,January,Colombo,Western,2.0,25851.0,LK11,23.0,0.7034043233333334,0.6720614033333333,104.338722
2003-01-01,2003-01,January,Galle,Southern,2.0,25846.0,LK31,54.0,0.8132617066666666,0.8078158633333333,100.63350333333334
2003-01-01,2003-01,January,Gampaha,Western,2.0,25852.0,LK12,47.0,0.7631517666666667,0.7362003333333332,103.42899466666665
2003-01-01,2003-01,January,Hambantota,Southern,2.0,25847.0,LK33,85.0,0.7889592166666667,0.77555122,101.62460666666668
2003-01-01,2003-01,January,Jaffna,Northern,2.0,25839.0,LK41,31.0,0.62218385,0.6014972866666667,103.18278333333332
2003-01-01,2003-01,January,Kalutara,Western,2.0,25853.0,LK13,52.0,0.7919480466666666,0.7819341033333332,101.20205733333334
2003-01-01,2003-01,January,Kandy,Central,2.0,41748.0,LK21,60.0,0.8068983200000001,0.7984849533333334,100.99177466666667
2003-01-01,2003-01,January,Kegalle,Sabaragamuwa,2.0,25844.0,LK92,55.0,0.8242508666666666,0.8109299999999999,101.54712666666667
2003-01-01,2003-01,January,Kilinochchi,Northern,2.0,25840.0,LK45,41.0,0.6947617700000001,0.6806254666666667,101.95073000000001
2003-01-01,2003-01,January,Kurunegala,North Western,2.0,25837.0,LK61,158.0,0.7924797066666667,0.7805691266666667,101.43167
2003-01-01,2003-01,January,Mannar,Northern,2.0,25841.0,LK42,65.0,0.7578369,0.7527504566666666,100.63453700000001
2003-01-01,2003-01,January,Matale,Central,2.0,25830.0,LK22,67.0,0.8153308200000001,0.8147227899999999,100.07033033333333
2003-01-01,2003-01,January,Matara,Southern,2.0,25848.0,LK32,39.0,0.8203589166666667,0.8164981633333334,100.44628666666667
2003-01-01,2003-01,January,Monaragala,Uva,2.0,25850.0,LK82,186.0,0.80813941,0.8022891,100.68667999999998
2003-01-01,2003-01,January,Mullaitivu,Northern,2.0,25842.0,LK44,85.0,0.7786129066666666,0.7719806333333333,100.80865066666667
2003-01-01,2003-01,January,Nuwara Eliya,Central,2.0,41749.0,LK23,58.0,0.7948856166666666,0.7875915333333333,100.87045966666666
2003-01-01,2003-01,January,Polonnaruwa,North Central,2.0,25836.0,LK72,116.0,0.7703247000000001,0.7867867866666667,98.03101966666667
2003-01-01,2003-01,January,Puttalam,North Western,2.0,25838.0,LK62,107.0,0.7554588600000001,0.7442575466666667,101.41066133333334
2003-01-01,2003-01,January,Ratnapura,Sabaragamuwa,2.0,25845.0,LK91,108.0,0.8115036566666666,0.8121014333333333,99.93037833333334
2003-01-01,2003-01,January,Trincomalee,Eastern,2.0,25834.0,LK53,83.0,0.75902488,0.76624178,99.118395
2003-01-01,2003-01,January,Vavuniya,Northern,2.0,25843.0,LK43,65.0,0.80227023,0.7948951333333333,100.87529033333333
2003-02-01,2003-02,February,Ampara,Eastern,2.0,25832.0,LK52,147.0,0.74520748,0.7432987,100.24063666666666
2003-02-01,2003-02,February,Anuradhapura,North Central,2.0,25835.0,LK71,235.0,0.7738849533333333,0.75761819,102.02018666666667
2003-02-01,2003-02,February,Badulla,Uva,2.0,25849.0,LK81,94.0,0.77295847,0.7792860999999999,99.23687
2003-02-01,2003-02,February,Batticaloa,Eastern,2.0,25833.0,LK51,82.0,0.6787857666666666,0.6692407333333333,101.33353199999999
2003-02-01,2003-02,February,Colombo,Western,2.0,25851.0,LK11,23.0,0.6790188066666666,0.6544099333333334,103.49289
2003-02-01,2003-02,February,Galle,Southern,2.0,25846.0,LK31,54.0,0.7902394899999999,0.7933937333333333,99.62513833333333
2003-02-01,2003-02,February,Gampaha,Western,2.0,25852.0,LK12,47.0,0.72829787,0.7034402433333332,103.29843066666666
2003-02-01,2003-02,February,Hambantota,Southern,2.0,25847.0,LK33,85.0,0.7624305866666666,0.7486602666666666,101.72385333333334
2003-02-01,2003-02,February,Jaffna,Northern,2.0,25839.0,LK41,31.0,0.5761870866666667,0.5498484466666667,104.39353
2003-02-01,2003-02,February,Kalutara,Western,2.0,25853.0,LK13,52.0,0.7705877733333333,0.7683292866666666,100.275626
2003-02-01,2003-02,February,Kandy,Central,2.0,41748.0,LK21,60.0,0.7905505333333332,0.7830002333333334,100.90610333333332
2003-02-01,2003-02,February,Kegalle,Sabaragamuwa,2.0,25844.0,LK92,55.0,0.8034599933333334,0.7953982866666666,100.95306166666667
2003-02-01,2003-02,February,Kilinochchi,Northern,2.0,25840.0,LK45,41.0,0.6585950966666667,0.62443539,105.07808533333333
2003-02-01,2003-02,February,Kurunegala,North Western,2.0,25837.0,LK61,158.0,0.7308459866666667,0.7190770733333333,101.53365000000001
2003-02-01,2003-02,February,Mannar,Northern,2.0,25841.0,LK42,65.0,0.74465332,0.7307267533333333,101.78668533333332
2003-02-01,2003-02,February,Matale,Central,2.0,25830.0,LK22,67.0,0.7999502133333333,0.7999620333333333,99.99847333333332
2003-02-01,2003-02,February,Matara,Southern,2.0,25848.0,LK32,39.0,0.7990487166666668,0.7943172133333333,100.56018333333333
2003-02-01,2003-02,February,Monaragala,Uva,2.0,25850.0,LK82,186.0,0.78947652,0.7800976533333334,101.130855
2003-02-01,2003-02,February,Mullaitivu,Northern,2.0,25842.0,LK44,85.0,0.7662474433333334,0.7505555999999999,101.96198666666668
2003-02-01,2003-02,February,Nuwara Eliya,Central,2.0,41749.0,LK23,58.0,0.7798206666666667,0.7738566566666667,100.72394833333333
2003-02-01,2003-02,February,Polonnaruwa,North Central,2.0,25836.0,LK72,116.0,0.77443334,0.7762176233333333,99.78950833333333
2003-02-01,2003-02,February,Puttalam,North Western,2.0,25838.0,LK62,107.0,0.71723956,0.7083814966666667,101.16614333333332
2003-02-01,2003-02,February,Ratnapura,Sabaragamuwa,2.0,25845.0,LK91,108.0,0.7964098333333333,0.8001612833333334,99.55850833333334
2003-02-01,2003-02,February,Trincomalee,Eastern,2.0,25834.0,LK53,83.0,0.7480469833333333,0.73724276,101.38002666666667
2003-02-01,2003-02,February,Vavuniya,Northern,2.0,25843.0,LK43,65.0,0.7867738000000001,0.7669161,102.43424166666667
2003-03-01,2003-03,March,Ampara,Eastern,2.0,25832.0,LK52,147.0,0.7013226499999999,0.6993939033333333,100.25651333333333
2003-03-01,2003-03,March,Anuradhapura,North Central,2.0,25835.0,LK71,235.0,0.7309596666666667,0.7122368166666666,102.454658
2003-03-01,2003-03,March,Badulla,Uva,2.0,25849.0,LK81,94.0,0.7587861466666667,0.7597539233333334,99.88230166666666
2003-03-01,2003-03,March,Batticaloa,Eastern,2.0,25833.0,LK51,82.0,0.6405857466666667,0.6270425733333332,101.99956666666667
2003-03-01,2003-03,March,Colombo,Western,2.0,25851.0,LK11,23.0,0.6782347466666666,0.6577345133333333,102.89738233333333
2003-03-01,2003-03,March,Galle,Southern,2.0,25846.0,LK31,54.0,0.7801938233333333,0.7874191600000001,99.13723133333333
2003-03-01,2003-03,March,Gampaha,Western,2.0,25852.0,LK12,47.0,0.7209546000000001,0.6998973133333334,102.80895
2003-03-01,2003-03,March,Hambantota,Southern,2.0,25847.0,LK33,85.0,0.7260407666666667,0.7118593333333333,101.86286666666666
2003-03-01,2003-03,March,Jaffna,Northern,2.0,25839.0,LK41,31.0,0.53030862,0.5109923333333334,103.43591466666668
2003-03-01,2003-03,March,Kalutara,Western,2.0,25853.0,LK13,52.0,0.7724794999999999,0.77279975,99.96103
2003-03-01,2003-03,March,Kandy,Central,2.0,41748.0,LK21,60.0,0.7799516266666666,0.7727419133333333,100.876366
2003-03-01,2003-03,March,Kegalle,Sabaragamuwa,2.0,25844.0,LK92,55.0,0.7992817966666667,0.7990706866666667,100.02604666666666
2003-03-01,2003-03,March,Kilinochchi,Northern,2.0,25840.0,LK45,41.0,0.6204463166666666,0.58135265,106.19302166666667
2003-03-01,2003-03,March,Kurunegala,North Western,2.0,25837.0,LK61,158.0,0.7019546233333332,0.6883870466666666,101.83767666666667
2003-03-01,2003-03,March,Mannar,Northern,2.0,25841.0,LK42,65.0,0.7187507366666667,0.7011477333333334,102.34418699999999
2003-03-01,2003-03,March,Matale,Central,2.0,25830.0,LK22,67.0,0.7775751166666667,0.7756171233333333,100.23825333333333
2003-03-01,2003-03,March,Matara,Southern,2.0,25848.0,LK32,39.0,0.7843017066666667,0.7825581666666667,100.20928533333334
2003-03-01,2003-03,March,Monaragala,Uva,2.0,25850.0,LK82,186.0,0.7749252566666667,0.7631427466666666,101.44912166666666
2003-03-01,2003-03,March,Mullaitivu,Northern,2.0,25842.0,LK44,85.0,0.7463356666666666,0.7284733299999999,102.29402333333333
2003-03-01,2003-03,March,Nuwara Eliya,Central,2.0,41749.0,LK23,58.0,0.7756522866666667,0.76845832,100.87896466666666
2003-03-01,2003-03,March,Polonnaruwa,North Central,2.0,25836.0,LK72,116.0,0.73740775,0.7271072466666667,101.33300666666666
2003-03-01,2003-03,March,Puttalam,North Western,2.0,25838.0,LK62,107.0,0.6921707133333334,0.6856575333333333,100.88532166666668
2003-03-01,2003-03,March,Ratnapura,Sabaragamuwa,2.0,25845.0,LK91,108.0,0.7930830066666666,0.7967155966666667,99.57091366666667
2003-03-01,2003-03,March,Trincomalee,Eastern,2.0,25834.0,LK53,83.0,0.71890682,0.6988553533333333,102.67925333333334
2003-03-01,2003-03,March,Vavuniya,Northern,2.0,25843.0,LK43,65.0,0.7644312533333334,0.7414863666666666,102.89855166666666
2003-04-01,2003-04,April,Ampara,Eastern,2.0,25832.0,LK52,147.0,0.6831344333333332,0.6831142633333332,100.00265666666667
2003-04-01,2003-04,April,Anuradhapura,North Central,2.0,25835.0,LK71,235.0,0.72602779,0.71229456,101.80196000000001
2003-04-01,2003-04,April,Badulla,Uva,2.0,25849.0,LK81,94.0,0.7608804833333332,0.7551976666666667,100.70569833333333
2003-04-01,2003-04,April,Batticaloa,Eastern,2.0,25833.0,LK51,82.0,0.6146361866666666,0.60768549,101.05618833333334
2003-04-01,2003-04,April,Colombo,Western,2.0,25851.0,LK11,23.0,0.6918767866666666,0.6772539700000001,102.01346000000001
2003-04-01,2003-04,April,Galle,Southern,2.0,25846.0,LK31,54.0,0.7875327,0.79412357,99.218948
2003-04-01,2003-04,April,Gampaha,Western,2.0,25852.0,LK12,47.0,0.7380517433333332,0.7242393766666666,101.78790666666667
2003-04-01,2003-04,April,Hambantota,Southern,2.0,25847.0,LK33,85.0,0.7204144966666667,0.7008370866666667,102.60696366666667
2003-04-01,2003-04,April,Jaffna,Northern,2.0,25839.0,LK41,31.0,0.5076483933333333,0.49807874333333335,101.74584666666668
2003-04-01,2003-04,April,Kalutara,Western,2.0,25853.0,LK13,52.0,0.7861525666666666,0.7875598333333333,99.832287
2003-04-01,2003-04,April,Kandy,Central,2.0,41748.0,LK21,60.0,0.78482442,0.7766860666666666,100.98453666666667
2003-04-01,2003-04,April,Kegalle,Sabaragamuwa,2.0,25844.0,LK92,55.0,0.81023938,0.8171027799999999,99.20944833333334
2003-04-01,2003-04,April,Kilinochchi,Northern,2.0,25840.0,LK45,41.0,0.6016536666666666,0.5641594166666667,106.10470033333333
2003-04-01,2003-04,April,Kurunegala,North Western,2.0,25837.0,LK61,158.0,0.7337750833333333,0.7250464233333332,101.13127333333334
2003-04-01,2003-04,April,Mannar,Northern,2.0,25841.0,LK42,65.0,0.7062523,0.6830917666666667,103.16065833333334
2003-04-01,2003-04,April,Matale,Central,2.0,25830.0,LK22,67.0,0.7760099466666667,0.76829087,100.943016
2003-04-01,2003-04,April,Matara,Southern,2.0,25848.0,LK32,39.0,0.7862888666666666,0.78895477,99.682905
2003-04-01,2003-04,April,Monaragala,Uva,2.0,25850.0,LK82,186.0,0.7747843666666666,0.7644638666666667,101.26748033333332
2003-04-01,2003-04,April,Mullaitivu,Northern,2.0,25842.0,LK44,85.0,0.7271247000000001,0.714852,101.60402533333333
2003-04-01,2003-04,April,Nuwara Eliya,Central,2.0,41749.0,LK23,58.0,0.7798781666666667,0.7739699466666666,100.71739000000001
2003-04-01,2003-04,April,Polonnaruwa,North Central,2.0,25836.0,LK72,116.0,0.7132356166666667,0.69618518,102.28539133333334
2003-04-01,2003-04,April,Puttalam,North Western,2.0,25838.0,LK62,107.0,0.7014261566666667,0.6956772999999999,100.77159133333333
2003-04-01,2003-04,April,Ratnapura,Sabaragamuwa,2.0,25845.0,LK91,108.0,0.8030274566666668,0.8041900966666665,99.86372666666666
2003-04-01,2003-04,April,Trincomalee,Eastern,2.0,25834.0,LK53,83.0,0.6934067833333334,0.6763330233333334,102.34989666666667
2003-04-01,2003-04,April,Vavuniya,Northern,2.0,25843.0,LK43,65.0,0.7530743233333332,0.7370928533333334,102.03106166666667
2003-05-01,2003-05,May,Ampara,Eastern,2.0,25832.0,LK52,147.0,0.6947557866666667,0.6942442600000001,100.069022
2003-05-01,2003-05,May,Anuradhapura,North Central,2.0,25835.0,LK71,235.0,0.7292479166666667,0.72566436,100.460197
2003-05-01,2003-05,May,Badulla,Uva,2.0,25849.0,LK81,94.0,0.7523907666666667,0.7554970333333334,99.61340166666666
2003-05-01,2003-05,May,Batticaloa,Eastern,2.0,25833.0,LK51,82.0,0.6007300866666666,0.6097193333333334,98.63873
2003-05-01,2003-05,May,Colombo,Western,2.0,25851.0,LK11,23.0,0.7016782433333333,0.6955265166666668,100.82608666666665
2003-05-01,2003-05,May,Galle,Southern,2.0,25846.0,LK31,54.0,0.7937579833333333,0.8004023433333334,99.21871
2003-05-01,2003-05,May,Gampaha,Western,2.0,25852.0,LK12,47.0,0.7485574566666666,0.74915808,99.92815166666666
2003-05-01,2003-05,May,Hambantota,Southern,2.0,25847.0,LK33,85.0,0.7224368566666667,0.7062601000000001,102.13921
2003-05-01,2003-05,May,Jaffna,Northern,2.0,25839.0,LK41,31.0,0.49761072999999995,0.49670642333333337,100.16362733333334
2003-05-01,2003-05,May,Kalutara,Western,2.0,25853.0,LK13,52.0,0.7923544666666666,0.7966547366666666,99.49215666666667
2003-05-01,2003-05,May,Kandy,Central,2.0,41748.0,LK21,60.0,0.7838761133333333,0.7845254766666666,99.923065
2003-05-01,2003-05,May,Kegalle,Sabaragamuwa,2.0,25844.0,LK92,55.0,0.8201520966666666,0.8317203266666667,98.68821000000001
2003-05-01,2003-05,May,Kilinochchi,Northern,2.0,25840.0,LK45,41.0,0.5846935,0.5603386866666668,103.98806666666667
2003-05-01,2003-05,May,Kurunegala,North Western,2.0,25837.0,LK61,158.0,0.7645234133333334,0.7688743966666666,99.47408733333333
2003-05-01,2003-05,May,Mannar,Northern,2.0,25841.0,LK42,65.0,0.7044846000000001,0.67330281,104.31156299999999
2003-05-01,2003-05,May,Matale,Central,2.0,25830.0,LK22,67.0,0.7709552,0.7697553166666666,100.14533533333334
2003-05-01,2003-05,May,Matara,Southern,2.0,25848.0,LK32,39.0,0.7923717866666666,0.8025984233333333,98.80139333333334
2003-05-01,2003-05,May,Monaragala,Uva,2.0,25850.0,LK82,186.0,0.7613534,0.7616334866666667,99.96340333333335
2003-05-01,2003-05,May,Mullaitivu,Northern,2.0,25842.0,LK44,85.0,0.7121831433333333,0.70917131,100.39565633333332
2003-05-01,2003-05,May,Nuwara Eliya,Central,2.0,41749.0,LK23,58.0,0.7774218133333334,0.7783765833333334,99.88475133333333
2003-05-01,2003-05,May,Polonnaruwa,North Central,2.0,25836.0,LK72,116.0,0.6979281466666666,0.6925152333333333,100.72827333333333
2003-05-01,2003-05,May,Puttalam,North Western,2.0,25838.0,LK62,107.0,0.71425138,0.7109920000000001,100.42830333333332
2003-05-01,2003-05,May,Ratnapura,Sabaragamuwa,2.0,25845.0,LK91,108.0,0.8040962833333333,0.8096791900000001,99.35069333333333
2003-05-01,2003-05,May,Trincomalee,Eastern,2.0,25834.0,LK53,83.0,0.6732626233333333,0.6749312466666666,99.76997
2003-05-01,2003-05,May,Vavuniya,Northern,2.0,25843.0,LK43,65.0,0.7445748333333334,0.73722455,100.932078
2003-06-01,2003-06,June,Ampara,Eastern,2.0,25832.0,LK52,147.0,0.7125287633333333,0.69607917,102.21223166666668
2003-06-01,2003-06,June,Anuradhapura,North Central,2.0,25835.0,LK71,235.0,0.7051080666666666,0.6999913666666666,100.69694
2003-06-01,2003-06,June,Badulla,Uva,2.0,25849.0,LK81,94.0,0.7407014166666667,0.7429939533333334,99.71514
2003-06-01,2003-06,June,Batticaloa,Eastern,2.0,25833.0,LK51,82.0,0.5884223633333333,0.5971564333333333,98.66780333333332
2003-06-01,2003-06,June,Colombo,Western,2.0,25851.0,LK11,23.0,0.7152376500000001,0.7040921833333332,101.47778333333333
2003-06-01,2003-06,June,Galle,Southern,2.0,25846.0,LK31,54.0,0.8003647866666667,0.8009732366666666,99.92870666666666
2003-06-01,2003-06,June,Gampaha,Western,2.0,25852.0,LK12,47.0,0.7563162933333333,0.7584368933333333,99.73779
2003-06-01,2003-06,June,Hambantota,Southern,2.0,25847.0,LK33,85.0,0.7113157000000001,0.6984099533333333,101.72582166666666
2003-06-01,2003-06,June,Jaffna,Northern,2.0,25839.0,LK41,31.0,0.48224085333333333,0.48190153666666663,100.07104533333334
2003-06-01,2003-06,June,Kalutara,Western,2.0,25853.0,LK13,52.0,0.8000403433333334,0.7987041333333332,100.15755333333334
2003-06-01,2003-06,June,Kandy,Central,2.0,41748.0,LK21,60.0,0.7782994166666667,0.7865019333333333,99.01947
2003-06-01,2003-06,June,Kegalle,Sabaragamuwa,2.0,25844.0,LK92,55.0,0.8294727000000001,0.8373326266666666,99.11415533333333
2003-06-01,2003-06,June,Kilinochchi,Northern,2.0,25840.0,LK45,41.0,0.56452682,0.5513656466666667,102.19071333333333
2003-06-01,2003-06,June,Kurunegala,North Western,2.0,25837.0,LK61,158.0,0.7683272333333333,0.7748695666666666,99.20931633333333
2003-06-01,2003-06,June,Mannar,Northern,2.0,25841.0,LK42,65.0,0.6891738166666667,0.6502179333333333,105.57062266666667
2003-06-01,2003-06,June,Matale,Central,2.0,25830.0,LK22,67.0,0.7528278666666667,0.7593344433333332,99.19745033333334
2003-06-01,2003-06,June,Matara,Southern,2.0,25848.0,LK32,39.0,0.8030025133333334,0.8112293133333334,99.04457866666667
2003-06-01,2003-06,June,Monaragala,Uva,2.0,25850.0,LK82,186.0,0.7321933566666666,0.7310031866666667,100.15994333333333
2003-06-01,2003-06,June,Mullaitivu,Northern,2.0,25842.0,LK44,85.0,0.7012909833333333,0.6991408666666666,100.28930333333334
2003-06-01,2003-06,June,Nuwara Eliya,Central,2.0,41749.0,LK23,58.0,0.7715304466666666,0.7738468,99.71922166666667
2003-06-01,2003-06,June,Polonnaruwa,North Central,2.0,25836.0,LK72,116.0,0.6961152233333333,0.6941723433333333,100.259855
2003-06-01,2003-06,June,Puttalam,North Western,2.0,25838.0,LK62,107.0,0.7236953166666668,0.7017504666666667,102.92967333333333
2003-06-01,2003-06,June,Ratnapura,Sabaragamuwa,2.0,25845.0,LK91,108.0,0.8009049333333333,0.8067291666666666,99.32063799999999
2003-06-01,2003-06,June,Trincomalee,Eastern,2.0,25834.0,LK53,83.0,0.6645301133333333,0.6693011666666666,99.34086533333334
2003-06-01,2003-06,June,Vavuniya,Northern,2.0,25843.0,LK43,65.0,0.7224825333333333,0.7127846833333332,101.280332
2003-07-01,2003-07,July,Ampara,Eastern,2.0,25832.0,LK52,147.0,0.7066222,0.66297264,106.12701499999999
2003-07-01,2003-07,July,Anuradhapura,North Central,2.0,25835.0,LK71,235.0,0.7034697666666666,0.66451175,105.46031666666666
2003-07-01,2003-07,July,Badulla,Uva,2.0,25849.0,LK81,94.0,0.7347861733333333,0.7170180433333333,102.31954333333333
2003-07-01,2003-07,July,Batticaloa,Eastern,2.0,25833.0,LK51,82.0,0.5826735566666666,0.5537752966666667,104.80587533333333
2003-07-01,2003-07,July,Colombo,Western,2.0,25851.0,LK11,23.0,0.72002898,0.7042327766666666,102.09471533333333
2003-07-01,2003-07,July,Galle,Southern,2.0,25846.0,LK31,54.0,0.79708455,0.7963837866666666,100.08251333333334
2003-07-01,2003-07,July,Gampaha,Western,2.0,25852.0,LK12,47.0,0.7605936,0.7523134333333333,101.03327666666667
2003-07-01,2003-07,July,Hambantota,Southern,2.0,25847.0,LK33,85.0,0.6826423466666668,0.6664425666666667,102.25498333333333
2003-07-01,2003-07,July,Jaffna,Northern,2.0,25839.0,LK41,31.0,0.4839741833333333,0.46375180666666665,103.94583533333333
2003-07-01,2003-07,July,Kalutara,Western,2.0,25853.0,LK13,52.0,0.7965044833333333,0.7950797433333333,100.16823866666668
2003-07-01,2003-07,July,Kandy,Central,2.0,41748.0,LK21,60.0,0.7787688666666667,0.7818825266666667,99.62593833333334
2003-07-01,2003-07,July,Kegalle,Sabaragamuwa,2.0,25844.0,LK92,55.0,0.8316242233333333,0.8361627166666666,99.488
2003-07-01,2003-07,July,Kilinochchi,Northern,2.0,25840.0,LK45,41.0,0.5748975566666666,0.5403985833333333,105.85290200000001
2003-07-01,2003-07,July,Kurunegala,North Western,2.0,25837.0,LK61,158.0,0.7530237966666666,0.7443222666666666,101.10189666666668
2003-07-01,2003-07,July,Mannar,Northern,2.0,25841.0,LK42,65.0,0.66990666,0.62472038,106.69562
2003-07-01,2003-07,July,Matale,Central,2.0,25830.0,LK22,67.0,0.7444402766666666,0.7411886500000001,100.41177933333334
2003-07-01,2003-07,July,Matara,Southern,2.0,25848.0,LK32,39.0,0.8019487166666667,0.8077109,99.32809866666666
2003-07-01,2003-07,July,Monaragala,Uva,2.0,25850.0,LK82,186.0,0.7021015866666667,0.6853212933333334,102.284982
2003-07-01,2003-07,July,Mullaitivu,Northern,2.0,25842.0,LK44,85.0,0.7134753000000001,0.6886919566666667,103.35683466666667
2003-07-01,2003-07,July,Nuwara Eliya,Central,2.0,41749.0,LK23,58.0,0.7669689366666667,0.7643455466666667,100.32232133333332
2003-07-01,2003-07,July,Polonnaruwa,North Central,2.0,25836.0,LK72,116.0,0.7214640466666667,0.6896422566666667,104.30385666666666
2003-07-01,2003-07,July,Puttalam,North Western,2.0,25838.0,LK62,107.0,0.7177083866666667,0.6679628466666667,106.94045866666666
2003-07-01,2003-07,July,Ratnapura,Sabaragamuwa,2.0,25845.0,LK91,108.0,0.7929268466666667,0.7948234166666667,99.77535866666666
2003-07-01,2003-07,July,Trincomalee,Eastern,2.0,25834.0,LK53,83.0,0.6935212866666666,0.6580614966666667,105.01014533333334
2003-07-01,2003-07,July,Vavuniya,Northern,2.0,25843.0,LK43,65.0,0.7277753800000001,0.68687702,105.55537333333332
2003-08-01,2003-08,August,Ampara,Eastern,2.0,25832.0,LK52,147.0,0.6559414666666666,0.6297521233333333,103.843722
2003-08-01,2003-08,August,Anuradhapura,North Central,2.0,25835.0,LK71,235.0,0.6863291833333333,0.6509886466666667,105.041172
2003-08-01,2003-08,August,Badulla,Uva,2.0,25849.0,LK81,94.0,0.7079382866666667,0.7010389,100.91605033333333
2003-08-01,2003-08,August,Batticaloa,Eastern,2.0,25833.0,LK51,82.0,0.5518597333333334,0.5290863866666666,103.93022933333333
2003-08-01,2003-08,August,Colombo,Western,2.0,25851.0,LK11,23.0,0.7182681033333335,0.6977320533333332,102.74674666666665
2003-08-01,2003-08,August,Galle,Southern,2.0,25846.0,LK31,54.0,0.7902771333333334,0.79401784,99.55679333333335
2003-08-01,2003-08,August,Gampaha,Western,2.0,25852.0,LK12,47.0,0.7536078033333333,0.7410126333333333,101.59235
2003-08-01,2003-08,August,Hambantota,Southern,2.0,25847.0,LK33,85.0,0.6287893999999999,0.6358906333333333,98.95405333333333
2003-08-01,2003-08,August,Jaffna,Northern,2.0,25839.0,LK41,31.0,0.5032064466666667,0.46041914,108.37913666666667
2003-08-01,2003-08,August,Kalutara,Western,2.0,25853.0,LK13,52.0,0.7868281833333333,0.7902804933333334,99.58908466666666
2003-08-01,2003-08,August,Kandy,Central,2.0,41748.0,LK21,60.0,0.7713744333333334,0.7761413999999999,99.42276666666667
2003-08-01,2003-08,August,Kegalle,Sabaragamuwa,2.0,25844.0,LK92,55.0,0.8284321066666666,0.83049366,99.76600133333334
2003-08-01,2003-08,August,Kilinochchi,Northern,2.0,25840.0,LK45,41.0,0.5916325166666666,0.5262446000000001,111.35174500000001
2003-08-01,2003-08,August,Kurunegala,North Western,2.0,25837.0,LK61,158.0,0.7089535833333334,0.7056622866666666,100.42864366666667
2003-08-01,2003-08,August,Mannar,Northern,2.0,25841.0,LK42,65.0,0.6456712366666667,0.6115338466666667,105.15968533333334
2003-08-01,2003-08,August,Matale,Central,2.0,25830.0,LK22,67.0,0.72205421,0.72781648,99.25781533333334
2003-08-01,2003-08,August,Matara,Southern,2.0,25848.0,LK32,39.0,0.7944846,0.7997613100000001,99.37919633333333
2003-08-01,2003-08,August,Monaragala,Uva,2.0,25850.0,LK82,186.0,0.6703637800000001,0.6643590033333333,100.83958666666666
2003-08-01,2003-08,August,Mullaitivu,Northern,2.0,25842.0,LK44,85.0,0.72986117,0.6894681,105.46208833333333
2003-08-01,2003-08,August,Nuwara Eliya,Central,2.0,41749.0,LK23,58.0,0.7616425166666666,0.7604915800000001,100.142002
2003-08-01,2003-08,August,Polonnaruwa,North Central,2.0,25836.0,LK72,116.0,0.7008715333333333,0.6756234133333333,103.47123166666667
2003-08-01,2003-08,August,Puttalam,North Western,2.0,25838.0,LK62,107.0,0.6784669566666667,0.6345897133333334,106.40341333333333
2003-08-01,2003-08,August,Ratnapura,Sabaragamuwa,2.0,25845.0,LK91,108.0,0.7772897799999999,0.7835099900000001,99.25323333333334
2003-08-01,2003-08,August,Trincomalee,Eastern,2.0,25834.0,LK53,83.0,0.6902409533333334,0.6609511433333334,104.12391500000001
2003-08-01,2003-08,August,Vavuniya,Northern,2.0,25843.0,LK43,65.0,0.7464897233333333,0.6878702466666667,107.94419333333333
2003-09-01,2003-09,September,Ampara,Eastern,2.0,25832.0,LK52,147.0,0.6319628,0.6329594333333334,99.85827133333333
2003-09-01,2003-09,September,Anuradhapura,North Central,2.0,25835.0,LK71,235.0,0.6676154233333333,0.6619698366666666,100.797532
2003-09-01,2003-09,September,Badulla,Uva,2.0,25849.0,LK81,94.0,0.6834006833333334,0.7060127666666668,97.01330866666667
2003-09-01,2003-09,September,Batticaloa,Eastern,2.0,25833.0,LK51,82.0,0.5488325000000001,0.5397494566666667,101.53988
2003-09-01,2003-09,September,Colombo,Western,2.0,25851.0,LK11,23.0,0.7203826133333333,0.6961392833333333,103.24912666666667
2003-09-01,2003-09,September,Galle,Southern,2.0,25846.0,LK31,54.0,0.7952129166666667,0.7968295466666667,99.80887333333334
2003-09-01,2003-09,September,Gampaha,Western,2.0,25852.0,LK12,47.0,0.7481042433333333,0.7382961266666667,101.24432633333333
2003-09-01,2003-09,September,Hambantota,Southern,2.0,25847.0,LK33,85.0,0.6047772566666666,0.63163102,96.06019166666665
2003-09-01,2003-09,September,Jaffna,Northern,2.0,25839.0,LK41,31.0,0.5152601933333334,0.4845341333333333,105.77779
2003-09-01,2003-09,September,Kalutara,Western,2.0,25853.0,LK13,52.0,0.7888724333333332,0.79020558,99.84117666666667
2003-09-01,2003-09,September,Kandy,Central,2.0,41748.0,LK21,60.0,0.76643717,0.77577225,98.86962333333334
2003-09-01,2003-09,September,Kegalle,Sabaragamuwa,2.0,25844.0,LK92,55.0,0.8256987700000001,0.82574345,99.99493166666666
2003-09-01,2003-09,September,Kilinochchi,Northern,2.0,25840.0,LK45,41.0,0.5777040333333333,0.52585062,109.01670166666666
2003-09-01,2003-09,September,Kurunegala,North Western,2.0,25837.0,LK61,158.0,0.6778654,0.7007411133333333,96.95627666666667
2003-09-01,2003-09,September,Mannar,Northern,2.0,25841.0,LK42,65.0,0.64161483,0.62242828,102.85898666666667
2003-09-01,2003-09,September,Matale,Central,2.0,25830.0,LK22,67.0,0.7099233533333335,0.73437527,96.88375
2003-09-01,2003-09,September,Matara,Southern,2.0,25848.0,LK32,39.0,0.7939914333333333,0.7964650633333333,99.70774166666666
2003-09-01,2003-09,September,Monaragala,Uva,2.0,25850.0,LK82,186.0,0.6618973133333333,0.67865846,97.70406000000001
2003-09-01,2003-09,September,Mullaitivu,Northern,2.0,25842.0,LK44,85.0,0.7355007666666666,0.7039018433333334,104.19679666666667
2003-09-01,2003-09,September,Nuwara Eliya,Central,2.0,41749.0,LK23,58.0,0.7623574666666667,0.7645634333333334,99.72933833333333
2003-09-01,2003-09,September,Polonnaruwa,North Central,2.0,25836.0,LK72,116.0,0.6543471133333333,0.66211692,98.90985533333333
2003-09-01,2003-09,September,Puttalam,North Western,2.0,25838.0,LK62,107.0,0.6558554600000001,0.6389632333333334,102.462222
2003-09-01,2003-09,September,Ratnapura,Sabaragamuwa,2.0,25845.0,LK91,108.0,0.7708070666666668,0.7821766166666667,98.63389000000001
2003-09-01,2003-09,September,Trincomalee,Eastern,2.0,25834.0,LK53,83.0,0.6728429666666665,0.67273578,100.01737133333334
2003-09-01,2003-09,September,Vavuniya,Northern,2.0,25843.0,LK43,65.0,0.7526379233333333,0.7114957333333334,105.41589633333335
2003-10-01,2003-10,October,Ampara,Eastern,2.0,25832.0,LK52,147.0,0.66941272,0.6726984566666667,99.54546666666666
2003-10-01,2003-10,October,Anuradhapura,North Central,2.0,25835.0,LK71,235.0,0.7175592733333334,0.7050825566666666,101.64547
2003-10-01,2003-10,October,Badulla,Uva,2.0,25849.0,LK81,94.0,0.7108354633333334,0.73642772,96.74039466666666
2003-10-01,2003-10,October,Batticaloa,Eastern,2.0,25833.0,LK51,82.0,0.5938248,0.58577872,101.27899466666668
2003-10-01,2003-10,October,Colombo,Western,2.0,25851.0,LK11,23.0,0.7179014366666667,0.6993316900000001,102.47873866666667
2003-10-01,2003-10,October,Galle,Southern,2.0,25846.0,LK31,54.0,0.8068493999999999,0.80463834,100.25849833333332
2003-10-01,2003-10,October,Gampaha,Western,2.0,25852.0,LK12,47.0,0.7500921766666666,0.7456929666666667,100.55384
2003-10-01,2003-10,October,Hambantota,Southern,2.0,25847.0,LK33,85.0,0.66247961,0.67526712,98.21412866666667
2003-10-01,2003-10,October,Jaffna,Northern,2.0,25839.0,LK41,31.0,0.5450075066666668,0.53861731,101.11517333333332
2003-10-01,2003-10,October,Kalutara,Western,2.0,25853.0,LK13,52.0,0.7960903833333334,0.7947389133333332,100.16003333333333
2003-10-01,2003-10,October,Kandy,Central,2.0,41748.0,LK21,60.0,0.7779883133333333,0.7867203666666667,98.95619866666668
2003-10-01,2003-10,October,Kegalle,Sabaragamuwa,2.0,25844.0,LK92,55.0,0.8233902666666667,0.8250890333333333,99.80594466666666
2003-10-01,2003-10,October,Kilinochchi,Northern,2.0,25840.0,LK45,41.0,0.5813057,0.5664579066666667,102.45955500000001
2003-10-01,2003-10,October,Kurunegala,North Western,2.0,25837.0,LK61,158.0,0.7103617999999999,0.7316796600000001,97.26244833333334
2003-10-01,2003-10,October,Mannar,Northern,2.0,25841.0,LK42,65.0,0.6808784500000001,0.6693824666666667,101.60375833333335
2003-10-01,2003-10,October,Matale,Central,2.0,25830.0,LK22,67.0,0.7464765999999999,0.7646746466666666,97.76174666666667
2003-10-01,2003-10,October,Matara,Southern,2.0,25848.0,LK32,39.0,0.8013444466666666,0.8024033333333334,99.87583333333333
2003-10-01,2003-10,October,Monaragala,Uva,2.0,25850.0,LK82,186.0,0.7095087666666666,0.7241691666666666,98.098
2003-10-01,2003-10,October,Mullaitivu,Northern,2.0,25842.0,LK44,85.0,0.7474709833333334,0.7338299833333334,101.74818066666667
2003-10-01,2003-10,October,Nuwara Eliya,Central,2.0,41749.0,LK23,58.0,0.7758080333333334,0.7775780666666666,99.78588666666667
2003-10-01,2003-10,October,Polonnaruwa,North Central,2.0,25836.0,LK72,116.0,0.6828999666666666,0.6956889,98.28224
2003-10-01,2003-10,October,Puttalam,North Western,2.0,25838.0,LK62,107.0,0.6926566799999999,0.6856798166666667,100.94786800000001
2003-10-01,2003-10,October,Ratnapura,Sabaragamuwa,2.0,25845.0,LK91,108.0,0.7844502700000001,0.7957741733333333,98.66062666666666
2003-10-01,2003-10,October,Trincomalee,Eastern,2.0,25834.0,LK53,83.0,0.7062433533333333,0.7037558566666666,100.32833633333333
2003-10-01,2003-10,October,Vavuniya,Northern,2.0,25843.0,LK43,65.0,0.7735917766666667,0.7542895333333334,102.409005
2003-11-01,2003-11,November,Ampara,Eastern,2.0,25832.0,LK52,147.0,0.7228691233333334,0.73024149,99.05968666666666
2003-11-01,2003-11,November,Anuradhapura,North Central,2.0,25835.0,LK71,235.0,0.7663673566666667,0.75418649,101.51833333333333
2003-11-01,2003-11,November,Badulla,Uva,2.0,25849.0,LK81,94.0,0.7558662799999999,0.7692643666666666,98.36200000000001
2003-11-01,2003-11,November,Batticaloa,Eastern,2.0,25833.0,LK51,82.0,0.6643394066666667,0.6684093433333334,99.446595
2003-11-01,2003-11,November,Colombo,Western,2.0,25851.0,LK11,23.0,0.70550579,0.6999362000000001,100.74230533333333
2003-11-01,2003-11,November,Galle,Southern,2.0,25846.0,LK31,54.0,0.80840615,0.8110670066666666,99.69141
2003-11-01,2003-11,November,Gampaha,Western,2.0,25852.0,LK12,47.0,0.7566680466666668,0.7596452866666666,99.63349333333333
2003-11-01,2003-11,November,Hambantota,Southern,2.0,25847.0,LK33,85.0,0.74254312,0.7371608566666668,100.678712
2003-11-01,2003-11,November,Jaffna,Northern,2.0,25839.0,LK41,31.0,0.59252793,0.6011712133333333,98.68024666666668
2003-11-01,2003-11,November,Kalutara,Western,2.0,25853.0,LK13,52.0,0.7953147333333334,0.7982270133333333,99.65675499999999
2003-11-01,2003-11,November,Kandy,Central,2.0,41748.0,LK21,60.0,0.7912905566666666,0.8012197633333334,98.83393
2003-11-01,2003-11,November,Kegalle,Sabaragamuwa,2.0,25844.0,LK92,55.0,0.82057877,0.82791171,99.164942
2003-11-01,2003-11,November,Kilinochchi,Northern,2.0,25840.0,LK45,41.0,0.6289178666666667,0.6432878833333334,97.94860833333333
2003-11-01,2003-11,November,Kurunegala,North Western,2.0,25837.0,LK61,158.0,0.7700841333333334,0.7751060133333333,99.38858333333333
2003-11-01,2003-11,November,Mannar,Northern,2.0,25841.0,LK42,65.0,0.7295548966666666,0.7253331,100.54983466666665
2003-11-01,2003-11,November,Matale,Central,2.0,25830.0,LK22,67.0,0.7847213466666666,0.7938021000000001,98.92232833333333
2003-11-01,2003-11,November,Matara,Southern,2.0,25848.0,LK32,39.0,0.81118545,0.81549072,99.50328133333333
2003-11-01,2003-11,November,Monaragala,Uva,2.0,25850.0,LK82,186.0,0.76952828,0.77563148,99.25974000000001
2003-11-01,2003-11,November,Mullaitivu,Northern,2.0,25842.0,LK44,85.0,0.7667356700000001,0.7649793100000001,100.21692133333333
2003-11-01,2003-11,November,Nuwara Eliya,Central,2.0,41749.0,LK23,58.0,0.78957985,0.7932364766666667,99.56704333333333
2003-11-01,2003-11,November,Polonnaruwa,North Central,2.0,25836.0,LK72,116.0,0.7325701166666666,0.7374111633333333,99.38301
2003-11-01,2003-11,November,Puttalam,North Western,2.0,25838.0,LK62,107.0,0.7452504433333335,0.7389796133333334,100.79816533333333
2003-11-01,2003-11,November,Ratnapura,Sabaragamuwa,2.0,25845.0,LK91,108.0,0.8030570666666667,0.8127910133333334,98.87182333333334
2003-11-01,2003-11,November,Trincomalee,Eastern,2.0,25834.0,LK53,83.0,0.7427803133333333,0.7405627566666667,100.28063133333335
2003-11-01,2003-11,November,Vavuniya,Northern,2.0,25843.0,LK43,65.0,0.8015333166666667,0.7915826566666667,101.18368
2003-12-01,2003-12,December,Ampara,Eastern,2.0,25832.0,LK52,147.0,0.7640589733333334,0.7766607333333333,98.47551833333334
2003-12-01,2003-12,December,Anuradhapura,North Central,2.0,25835.0,LK71,235.0,0.7864521866666667,0.7848832833333333,100.19132
2003-12-01,2003-12,December,Badulla,Uva,2.0,25849.0,LK81,94.0,0.7801478733333332,0.7869486866666667,99.18688466666667
2003-12-01,2003-12,December,Batticaloa,Eastern,2.0,25833.0,LK51,82.0,0.7211642233333334,0.7287191533333334,99.02777833333333
2003-12-01,2003-12,December,Colombo,Western,2.0,25851.0,LK11,23.0,0.68711302,0.6931179466666667,99.19006333333334
2003-12-01,2003-12,December,Galle,Southern,2.0,25846.0,LK31,54.0,0.8004506333333333,0.8138152533333334,98.45290999999999
2003-12-01,2003-12,December,Gampaha,Western,2.0,25852.0,LK12,47.0,0.7498070600000001,0.7628569066666667,98.3935
2003-12-01,2003-12,December,Hambantota,Southern,2.0,25847.0,LK33,85.0,0.7666007833333334,0.7700227133333333,99.588412
2003-12-01,2003-12,December,Jaffna,Northern,2.0,25839.0,LK41,31.0,0.6091548333333333,0.6252972966666667,97.60977966666667
2003-12-01,2003-12,December,Kalutara,Western,2.0,25853.0,LK13,52.0,0.78356924,0.7963954366666667,98.48399866666666
2003-12-01,2003-12,December,Kandy,Central,2.0,41748.0,LK21,60.0,0.7899299866666666,0.8061117200000001,98.10981
2003-12-01,2003-12,December,Kegalle,Sabaragamuwa,2.0,25844.0,LK92,55.0,0.81009271,0.8268434299999999,98.08894
2003-12-01,2003-12,December,Kilinochchi,Northern,2.0,25840.0,LK45,41.0,0.6707528233333333,0.6934801566666667,96.94203666666665
2003-12-01,2003-12,December,Kurunegala,North Western,2.0,25837.0,LK61,158.0,0.7821487233333334,0.8019920066666666,97.67462666666667
2003-12-01,2003-12,December,Mannar,Northern,2.0,25841.0,LK42,65.0,0.74543794,0.7516517333333333,99.22650399999999
2003-12-01,2003-12,December,Matale,Central,2.0,25830.0,LK22,67.0,0.8049214,0.8089373566666667,99.53215666666665
2003-12-01,2003-12,December,Matara,Southern,2.0,25848.0,LK32,39.0,0.8157683833333333,0.8252643266666667,98.915235
2003-12-01,2003-12,December,Monaragala,Uva,2.0,25850.0,LK82,186.0,0.79120603,0.8032846,98.58614033333333
2003-12-01,2003-12,December,Mullaitivu,Northern,2.0,25842.0,LK44,85.0,0.7777376333333333,0.7785315666666667,99.904195
2003-12-01,2003-12,December,Nuwara Eliya,Central,2.0,41749.0,LK23,58.0,0.78630113,0.7976402033333333,98.66201666666666
2003-12-01,2003-12,December,Polonnaruwa,North Central,2.0,25836.0,LK72,116.0,0.7636201100000001,0.7602516,100.41260833333332
2003-12-01,2003-12,December,Puttalam,North Western,2.0,25838.0,LK62,107.0,0.7455030866666666,0.7589746666666667,98.33593533333334
2003-12-01,2003-12,December,Ratnapura,Sabaragamuwa,2.0,25845.0,LK91,108.0,0.80543796,0.81920739,98.41588333333334
2003-12-01,2003-12,December,Trincomalee,Eastern,2.0,25834.0,LK53,83.0,0.7691389333333333,0.76396468,100.63464833333335
2003-12-01,2003-12,December,Vavuniya,Northern,2.0,25843.0,LK43,65.0,0.80892717,0.8042701600000001,100.54535333333332
2004-01-01,2004-01,January,Ampara,Eastern,2.0,25832.0,LK52,147.0,0.78065007,0.7833097133333333,99.68505333333333
2004-01-01,2004-01,January,Anuradhapura,North Central,2.0,25835.0,LK71,235.0,0.7757561666666667,0.7924991,98.00978666666667
2004-01-01,2004-01,January,Badulla,Uva,2.0,25849.0,LK81,94.0,0.7894801466666667,0.7926376866666667,99.62543
2004-01-01,2004-01,January,Batticaloa,Eastern,2.0,25833.0,LK51,82.0,0.7259808900000001,0.7211823599999999,100.63083466666666
2004-01-01,2004-01,January,Colombo,Western,2.0,25851.0,LK11,23.0,0.6581652333333333,0.6720614033333333,98.07423966666666
2004-01-01,2004-01,January,Galle,Southern,2.0,25846.0,LK31,54.0,0.79408888,0.8078158633333333,98.40048
2004-01-01,2004-01,January,Gampaha,Western,2.0,25852.0,LK12,47.0,0.7110070833333334,0.7362003333333332,96.78915666666667
2004-01-01,2004-01,January,Hambantota,Southern,2.0,25847.0,LK33,85.0,0.7450156866666667,0.77555122,96.29912833333333
2004-01-01,2004-01,January,Jaffna,Northern,2.0,25839.0,LK41,31.0,0.57746019,0.6014972866666667,96.30082833333334
2004-01-01,2004-01,January,Kalutara,Western,2.0,25853.0,LK13,52.0,0.76470508,0.7819341033333332,97.92932166666667
2004-01-01,2004-01,January,Kandy,Central,2.0,41748.0,LK21,60.0,0.7747155533333333,0.7984849533333334,97.19777666666666
2004-01-01,2004-01,January,Kegalle,Sabaragamuwa,2.0,25844.0,LK92,55.0,0.7848557133333333,0.8109299999999999,96.97001333333333
2004-01-01,2004-01,January,Kilinochchi,Northern,2.0,25840.0,LK45,41.0,0.6635593233333333,0.6806254666666667,97.66787
2004-01-01,2004-01,January,Kurunegala,North Western,2.0,25837.0,LK61,158.0,0.7218522966666666,0.7805691266666667,92.91062333333333
2004-01-01,2004-01,January,Mannar,Northern,2.0,25841.0,LK42,65.0,0.7303543166666667,0.7527504566666666,97.20737166666667
2004-01-01,2004-01,January,Matale,Central,2.0,25830.0,LK22,67.0,0.80902436,0.8147227899999999,99.34080866666666
2004-01-01,2004-01,January,Matara,Southern,2.0,25848.0,LK32,39.0,0.8053341733333333,0.8164981633333334,98.71166
2004-01-01,2004-01,January,Monaragala,Uva,2.0,25850.0,LK82,186.0,0.7857560633333334,0.8022891,98.06106333333332
2004-01-01,2004-01,January,Mullaitivu,Northern,2.0,25842.0,LK44,85.0,0.7690858566666666,0.7719806333333333,99.64710466666668
2004-01-01,2004-01,January,Nuwara Eliya,Central,2.0,41749.0,LK23,58.0,0.7691275733333334,0.7875915333333333,97.794958
2004-01-01,2004-01,January,Polonnaruwa,North Central,2.0,25836.0,LK72,116.0,0.7973169533333334,0.7867867866666667,101.25786833333332
2004-01-01,2004-01,January,Puttalam,North Western,2.0,25838.0,LK62,107.0,0.69244175,0.7442575466666667,93.46171833333334
2004-01-01,2004-01,January,Ratnapura,Sabaragamuwa,2.0,25845.0,LK91,108.0,0.7928475266666667,0.8121014333333333,97.76645466666668
2004-01-01,2004-01,January,Trincomalee,Eastern,2.0,25834.0,LK53,83.0,0.7754578233333334,0.76624178,101.129338
2004-01-01,2004-01,January,Vavuniya,Northern,2.0,25843.0,LK43,65.0,0.7845363666666666,0.7948951333333333,98.76928200000002
2004-02-01,2004-02,February,Ampara,Eastern,2.0,25832.0,LK52,147.0,0.7553122033333333,0.7432987,101.51945033333334
2004-02-01,2004-02,February,Anuradhapura,North Central,2.0,25835.0,LK71,235.0,0.7180978533333334,0.75761819,95.09023166666667
2004-02-01,2004-02,February,Badulla,Uva,2.0,25849.0,LK81,94.0,0.7765787,0.7792860999999999,99.67291033333333
2004-02-01,2004-02,February,Batticaloa,Eastern,2.0,25833.0,LK51,82.0,0.6865048466666667,0.6692407333333333,102.40631133333333
2004-02-01,2004-02,February,Colombo,Western,2.0,25851.0,LK11,23.0,0.6394739166666666,0.6544099333333334,97.87938966666667
2004-02-01,2004-02,February,Galle,Southern,2.0,25846.0,LK31,54.0,0.7837302333333334,0.7933937333333333,98.85427533333335
2004-02-01,2004-02,February,Gampaha,Western,2.0,25852.0,LK12,47.0,0.6679999799999999,0.7034402433333332,95.29366666666668
2004-02-01,2004-02,February,Hambantota,Southern,2.0,25847.0,LK33,85.0,0.71861177,0.7486602666666666,96.24431
2004-02-01,2004-02,February,Jaffna,Northern,2.0,25839.0,LK41,31.0,0.5149301133333334,0.5498484466666667,94.16201666666666
2004-02-01,2004-02,February,Kalutara,Western,2.0,25853.0,LK13,52.0,0.7535281833333333,0.7683292866666666,98.19130200000001
2004-02-01,2004-02,February,Kandy,Central,2.0,41748.0,LK21,60.0,0.7540427533333333,0.7830002333333334,96.52284000000002
2004-02-01,2004-02,February,Kegalle,Sabaragamuwa,2.0,25844.0,LK92,55.0,0.7666708833333334,0.7953982866666666,96.60181
2004-02-01,2004-02,February,Kilinochchi,Northern,2.0,25840.0,LK45,41.0,0.6124146466666667,0.62443539,98.21633833333333
2004-02-01,2004-02,February,Kurunegala,North Western,2.0,25837.0,LK61,158.0,0.6362639066666667,0.7190770733333333,89.21328666666666
2004-02-01,2004-02,February,Mannar,Northern,2.0,25841.0,LK42,65.0,0.6917717766666667,0.7307267533333333,95.004925
2004-02-01,2004-02,February,Matale,Central,2.0,25830.0,LK22,67.0,0.7860870333333333,0.7999620333333333,98.36457166666666
2004-02-01,2004-02,February,Matara,Southern,2.0,25848.0,LK32,39.0,0.7859811666666667,0.7943172133333333,99.01357
2004-02-01,2004-02,February,Monaragala,Uva,2.0,25850.0,LK82,186.0,0.7733148566666667,0.7800976533333334,99.18547833333334
2004-02-01,2004-02,February,Mullaitivu,Northern,2.0,25842.0,LK44,85.0,0.7423337033333333,0.7505555999999999,98.97092066666666
2004-02-01,2004-02,February,Nuwara Eliya,Central,2.0,41749.0,LK23,58.0,0.7546425,0.7738566566666667,97.66788533333333
2004-02-01,2004-02,February,Polonnaruwa,North Central,2.0,25836.0,LK72,116.0,0.7812140733333334,0.7762176233333333,100.59986533333334
2004-02-01,2004-02,February,Puttalam,North Western,2.0,25838.0,LK62,107.0,0.6264977833333333,0.7083814966666667,89.19131333333333
2004-02-01,2004-02,February,Ratnapura,Sabaragamuwa,2.0,25845.0,LK91,108.0,0.7838515333333334,0.8001612833333334,98.08202333333332
2004-02-01,2004-02,February,Trincomalee,Eastern,2.0,25834.0,LK53,83.0,0.7365453666666667,0.73724276,99.90113066666667
2004-02-01,2004-02,February,Vavuniya,Northern,2.0,25843.0,LK43,65.0,0.7387476766666666,0.7669161,96.54693966666667
2004-03-01,2004-03,March,Ampara,Eastern,2.0,25832.0,LK52,147.0,0.71178888,0.6993939033333333,101.65161733333333
2004-03-01,2004-03,March,Anuradhapura,North Central,2.0,25835.0,LK71,235.0,0.6694091666666667,0.7122368166666666,94.39118
2004-03-01,2004-03,March,Badulla,Uva,2.0,25849.0,LK81,94.0,0.7552014033333334,0.7597539233333334,99.43811266666667
2004-03-01,2004-03,March,Batticaloa,Eastern,2.0,25833.0,LK51,82.0,0.6465317,0.6270425733333332,102.87779333333333
2004-03-01,2004-03,March,Colombo,Western,2.0,25851.0,LK11,23.0,0.64024495,0.6577345133333333,97.52864
2004-03-01,2004-03,March,Galle,Southern,2.0,25846.0,LK31,54.0,0.7774277500000001,0.7874191600000001,98.80683166666667
2004-03-01,2004-03,March,Gampaha,Western,2.0,25852.0,LK12,47.0,0.6601113200000001,0.6998973133333334,94.69376333333332
2004-03-01,2004-03,March,Hambantota,Southern,2.0,25847.0,LK33,85.0,0.7038815700000001,0.7118593333333333,98.96145166666668
2004-03-01,2004-03,March,Jaffna,Northern,2.0,25839.0,LK41,31.0,0.4658956733333333,0.5109923333333334,91.95854333333334
2004-03-01,2004-03,March,Kalutara,Western,2.0,25853.0,LK13,52.0,0.756625,0.77279975,98.03395866666666
2004-03-01,2004-03,March,Kandy,Central,2.0,41748.0,LK21,60.0,0.7441549900000001,0.7727419133333333,96.52572300000001
2004-03-01,2004-03,March,Kegalle,Sabaragamuwa,2.0,25844.0,LK92,55.0,0.7727284666666666,0.7990706866666667,96.89635833333334
2004-03-01,2004-03,March,Kilinochchi,Northern,2.0,25840.0,LK45,41.0,0.5662089466666667,0.58135265,97.60007266666666
2004-03-01,2004-03,March,Kurunegala,North Western,2.0,25837.0,LK61,158.0,0.6095590366666667,0.6883870466666666,89.32158666666668
2004-03-01,2004-03,March,Mannar,Northern,2.0,25841.0,LK42,65.0,0.6578989533333334,0.7011477333333334,94.24521
2004-03-01,2004-03,March,Matale,Central,2.0,25830.0,LK22,67.0,0.7564044666666666,0.7756171233333333,97.67399666666667
2004-03-01,2004-03,March,Matara,Southern,2.0,25848.0,LK32,39.0,0.7808384433333333,0.7825581666666667,99.79370999999999
2004-03-01,2004-03,March,Monaragala,Uva,2.0,25850.0,LK82,186.0,0.7635865533333334,0.7631427466666666,100.05495666666667
2004-03-01,2004-03,March,Mullaitivu,Northern,2.0,25842.0,LK44,85.0,0.71408782,0.7284733299999999,98.15157133333332
2004-03-01,2004-03,March,Nuwara Eliya,Central,2.0,41749.0,LK23,58.0,0.7523833133333332,0.76845832,98.03589833333335
2004-03-01,2004-03,March,Polonnaruwa,North Central,2.0,25836.0,LK72,116.0,0.72191407,0.7271072466666667,99.32856
2004-03-01,2004-03,March,Puttalam,North Western,2.0,25838.0,LK62,107.0,0.5995785033333333,0.6856575333333333,88.30042333333334
2004-03-01,2004-03,March,Ratnapura,Sabaragamuwa,2.0,25845.0,LK91,108.0,0.78582931,0.7967155966666667,98.71411866666666
2004-03-01,2004-03,March,Trincomalee,Eastern,2.0,25834.0,LK53,83.0,0.6778176400000001,0.6988553533333333,97.18373366666667
2004-03-01,2004-03,March,Vavuniya,Northern,2.0,25843.0,LK43,65.0,0.7118825466666667,0.7414863666666666,96.26228199999998
2004-04-01,2004-04,April,Ampara,Eastern,2.0,25832.0,LK52,147.0,0.6844043000000001,0.6831142633333332,100.17645
2004-04-01,2004-04,April,Anuradhapura,North Central,2.0,25835.0,LK71,235.0,0.7109914566666666,0.71229456,99.81561966666668
2004-04-01,2004-04,April,Badulla,Uva,2.0,25849.0,LK81,94.0,0.7551840200000001,0.7551976666666667,99.99816333333332
2004-04-01,2004-04,April,Batticaloa,Eastern,2.0,25833.0,LK51,82.0,0.6175833133333334,0.60768549,101.50389033333333
2004-04-01,2004-04,April,Colombo,Western,2.0,25851.0,LK11,23.0,0.6675840200000001,0.6772539700000001,98.66632166666666
2004-04-01,2004-04,April,Galle,Southern,2.0,25846.0,LK31,54.0,0.78780799,0.79412357,99.25154500000001
2004-04-01,2004-04,April,Gampaha,Western,2.0,25852.0,LK12,47.0,0.6953120333333334,0.7242393766666666,96.25761333333332
2004-04-01,2004-04,April,Hambantota,Southern,2.0,25847.0,LK33,85.0,0.7076988133333333,0.7008370866666667,100.91304666666667
2004-04-01,2004-04,April,Jaffna,Northern,2.0,25839.0,LK41,31.0,0.46817095999999997,0.49807874333333335,94.54413333333333
2004-04-01,2004-04,April,Kalutara,Western,2.0,25853.0,LK13,52.0,0.7787499866666666,0.7875598333333333,98.946625
2004-04-01,2004-04,April,Kandy,Central,2.0,41748.0,LK21,60.0,0.7612010866666666,0.7766860666666666,98.12528166666668
2004-04-01,2004-04,April,Kegalle,Sabaragamuwa,2.0,25844.0,LK92,55.0,0.8013351466666667,0.8171027799999999,98.17941
2004-04-01,2004-04,April,Kilinochchi,Northern,2.0,25840.0,LK45,41.0,0.5534731666666667,0.5641594166666667,98.26128999999999
2004-04-01,2004-04,April,Kurunegala,North Western,2.0,25837.0,LK61,158.0,0.6968573666666668,0.7250464233333332,96.32652333333333
2004-04-01,2004-04,April,Mannar,Northern,2.0,25841.0,LK42,65.0,0.6638169366666666,0.6830917666666667,97.37487466666666
2004-04-01,2004-04,April,Matale,Central,2.0,25830.0,LK22,67.0,0.7623298266666666,0.76829087,99.27063466666668
2004-04-01,2004-04,April,Matara,Southern,2.0,25848.0,LK32,39.0,0.79287775,0.78895477,100.46751533333332
2004-04-01,2004-04,April,Monaragala,Uva,2.0,25850.0,LK82,186.0,0.7655446133333333,0.7644638666666667,100.13281333333333
2004-04-01,2004-04,April,Mullaitivu,Northern,2.0,25842.0,LK44,85.0,0.708238,0.714852,99.13659333333334
2004-04-01,2004-04,April,Nuwara Eliya,Central,2.0,41749.0,LK23,58.0,0.7644189466666665,0.7739699466666666,98.84030666666666
2004-04-01,2004-04,April,Polonnaruwa,North Central,2.0,25836.0,LK72,116.0,0.6959930866666667,0.69618518,99.97548499999999
2004-04-01,2004-04,April,Puttalam,North Western,2.0,25838.0,LK62,107.0,0.6437146333333333,0.6956772999999999,93.01863866666667
2004-04-01,2004-04,April,Ratnapura,Sabaragamuwa,2.0,25845.0,LK91,108.0,0.7989802333333333,0.8041900966666665,99.38964333333332
2004-04-01,2004-04,April,Trincomalee,Eastern,2.0,25834.0,LK53,83.0,0.6602188533333333,0.6763330233333334,97.78393833333332
2004-04-01,2004-04,April,Vavuniya,Northern,2.0,25843.0,LK43,65.0,0.7303640866666666,0.7370928533333334,99.14299999999999
2004-05-01,2004-05,May,Ampara,Eastern,2.0,25832.0,LK52,147.0,0.6794974766666666,0.6942442600000001,98.02276666666667
2004-05-01,2004-05,May,Anuradhapura,North Central,2.0,25835.0,LK71,235.0,0.75170766,0.72566436,103.357735
2004-05-01,2004-05,May,Badulla,Uva,2.0,25849.0,LK81,94.0,0.7475443333333334,0.7554970333333334,99.011278
2004-05-01,2004-05,May,Batticaloa,Eastern,2.0,25833.0,LK51,82.0,0.6053337333333334,0.6097193333333334,99.33617533333334
2004-05-01,2004-05,May,Colombo,Western,2.0,25851.0,LK11,23.0,0.6982217333333334,0.6955265166666668,100.35940833333332
2004-05-01,2004-05,May,Galle,Southern,2.0,25846.0,LK31,54.0,0.79532898,0.8004023433333334,99.40342166666666
2004-05-01,2004-05,May,Gampaha,Western,2.0,25852.0,LK12,47.0,0.7374992766666667,0.74915808,98.537015
2004-05-01,2004-05,May,Hambantota,Southern,2.0,25847.0,LK33,85.0,0.7246274466666667,0.7062601000000001,102.42855166666668
2004-05-01,2004-05,May,Jaffna,Northern,2.0,25839.0,LK41,31.0,0.5207816933333334,0.49670642333333337,104.41343333333333
2004-05-01,2004-05,May,Kalutara,Western,2.0,25853.0,LK13,52.0,0.7940269,0.7966547366666666,99.68947833333334
2004-05-01,2004-05,May,Kandy,Central,2.0,41748.0,LK21,60.0,0.7816494466666667,0.7845254766666666,99.65487
2004-05-01,2004-05,May,Kegalle,Sabaragamuwa,2.0,25844.0,LK92,55.0,0.8262599666666667,0.8317203266666667,99.37981333333335
2004-05-01,2004-05,May,Kilinochchi,Northern,2.0,25840.0,LK45,41.0,0.5765707,0.5603386866666668,102.66332
2004-05-01,2004-05,May,Kurunegala,North Western,2.0,25837.0,LK61,158.0,0.7750759166666666,0.7688743966666666,100.75164833333334
2004-05-01,2004-05,May,Mannar,Northern,2.0,25841.0,LK42,65.0,0.6909799900000001,0.67330281,102.45034833333334
2004-05-01,2004-05,May,Matale,Central,2.0,25830.0,LK22,67.0,0.7757059566666666,0.7697553166666666,100.72599666666667
2004-05-01,2004-05,May,Matara,Southern,2.0,25848.0,LK32,39.0,0.8049016999999999,0.8025984233333333,100.27045666666668
2004-05-01,2004-05,May,Monaragala,Uva,2.0,25850.0,LK82,186.0,0.7555809833333335,0.7616334866666667,99.251555
2004-05-01,2004-05,May,Mullaitivu,Northern,2.0,25842.0,LK44,85.0,0.7185952533333334,0.70917131,101.24236166666667
2004-05-01,2004-05,May,Nuwara Eliya,Central,2.0,41749.0,LK23,58.0,0.7740465433333333,0.7783765833333334,99.47728000000001
2004-05-01,2004-05,May,Polonnaruwa,North Central,2.0,25836.0,LK72,116.0,0.6972114866666667,0.6925152333333333,100.63216533333333
2004-05-01,2004-05,May,Puttalam,North Western,2.0,25838.0,LK62,107.0,0.70278224,0.7109920000000001,98.91842633333333
2004-05-01,2004-05,May,Ratnapura,Sabaragamuwa,2.0,25845.0,LK91,108.0,0.8063555566666666,0.8096791900000001,99.61337833333334
2004-05-01,2004-05,May,Trincomalee,Eastern,2.0,25834.0,LK53,83.0,0.6881951766666666,0.6749312466666666,101.829525
2004-05-01,2004-05,May,Vavuniya,Northern,2.0,25843.0,LK43,65.0,0.7548194800000001,0.73722455,102.23707999999999
2004-06-01,2004-06,June,Ampara,Eastern,2.0,25832.0,LK52,147.0,0.6584086,0.69607917,94.94708733333334
2004-06-01,2004-06,June,Anuradhapura,North Central,2.0,25835.0,LK71,235.0,0.7065482,0.6999913666666666,100.85602
2004-06-01,2004-06,June,Badulla,Uva,2.0,25849.0,LK81,94.0,0.7088808233333334,0.7429939533333334,95.69286
2004-06-01,2004-06,June,Batticaloa,Eastern,2.0,25833.0,LK51,82.0,0.5771487466666666,0.5971564333333333,96.90623666666666
2004-06-01,2004-06,June,Colombo,Western,2.0,25851.0,LK11,23.0,0.7123376766666666,0.7040921833333332,101.09341966666666
2004-06-01,2004-06,June,Galle,Southern,2.0,25846.0,LK31,54.0,0.7964228033333333,0.8009732366666666,99.46532666666667
2004-06-01,2004-06,June,Gampaha,Western,2.0,25852.0,LK12,47.0,0.7594886433333334,0.7584368933333333,100.13012199999999
2004-06-01,2004-06,June,Hambantota,Southern,2.0,25847.0,LK33,85.0,0.7110697766666667,0.6984099533333333,101.68663533333334
2004-06-01,2004-06,June,Jaffna,Northern,2.0,25839.0,LK41,31.0,0.5497730966666667,0.48190153666666663,112.76816000000001
2004-06-01,2004-06,June,Kalutara,Western,2.0,25853.0,LK13,52.0,0.79623847,0.7987041333333332,99.70946500000001
2004-06-01,2004-06,June,Kandy,Central,2.0,41748.0,LK21,60.0,0.7852938566666667,0.7865019333333333,99.85552200000001
2004-06-01,2004-06,June,Kegalle,Sabaragamuwa,2.0,25844.0,LK92,55.0,0.8369951333333333,0.8373326266666666,99.96195
2004-06-01,2004-06,June,Kilinochchi,Northern,2.0,25840.0,LK45,41.0,0.6006634000000001,0.5513656466666667,108.20221866666667
2004-06-01,2004-06,June,Kurunegala,North Western,2.0,25837.0,LK61,158.0,0.7888031333333333,0.7748695666666666,101.68956066666665
2004-06-01,2004-06,June,Mannar,Northern,2.0,25841.0,LK42,65.0,0.6710420433333333,0.6502179333333333,102.96356333333334
2004-06-01,2004-06,June,Matale,Central,2.0,25830.0,LK22,67.0,0.75862783,0.7593344433333332,99.91076
2004-06-01,2004-06,June,Matara,Southern,2.0,25848.0,LK32,39.0,0.8112811833333334,0.8112293133333334,100.006052
2004-06-01,2004-06,June,Monaragala,Uva,2.0,25850.0,LK82,186.0,0.7040718433333334,0.7310031866666667,96.53907833333334
2004-06-01,2004-06,June,Mullaitivu,Northern,2.0,25842.0,LK44,85.0,0.7096588,0.6991408666666666,101.40285
2004-06-01,2004-06,June,Nuwara Eliya,Central,2.0,41749.0,LK23,58.0,0.7704603333333333,0.7738468,99.58878
2004-06-01,2004-06,June,Polonnaruwa,North Central,2.0,25836.0,LK72,116.0,0.6706948066666666,0.6941723433333333,96.84642633333334
2004-06-01,2004-06,June,Puttalam,North Western,2.0,25838.0,LK62,107.0,0.7169657166666666,0.7017504666666667,102.02590833333333
2004-06-01,2004-06,June,Ratnapura,Sabaragamuwa,2.0,25845.0,LK91,108.0,0.80123485,0.8067291666666666,99.35839
2004-06-01,2004-06,June,Trincomalee,Eastern,2.0,25834.0,LK53,83.0,0.6819104333333333,0.6693011666666666,101.75146666666666
2004-06-01,2004-06,June,Vavuniya,Northern,2.0,25843.0,LK43,65.0,0.7235143599999999,0.7127846833333332,101.39667633333333
2004-07-01,2004-07,July,Ampara,Eastern,2.0,25832.0,LK52,147.0,0.6258301366666666,0.66297264,94.79642866666667
2004-07-01,2004-07,July,Anuradhapura,North Central,2.0,25835.0,LK71,235.0,0.6358436333333333,0.66451175,95.97304866666667
2004-07-01,2004-07,July,Badulla,Uva,2.0,25849.0,LK81,94.0,0.6742865,0.7170180433333333,94.42716333333334
2004-07-01,2004-07,July,Batticaloa,Eastern,2.0,25833.0,LK51,82.0,0.5475735666666667,0.5537752966666667,98.98472666666667
2004-07-01,2004-07,July,Colombo,Western,2.0,25851.0,LK11,23.0,0.7090869099999999,0.7042327766666666,100.64341666666667
2004-07-01,2004-07,July,Galle,Southern,2.0,25846.0,LK31,54.0,0.7958475166666666,0.7963837866666666,99.93666166666667
2004-07-01,2004-07,July,Gampaha,Western,2.0,25852.0,LK12,47.0,0.7550787033333334,0.7523134333333333,100.34446366666667
2004-07-01,2004-07,July,Hambantota,Southern,2.0,25847.0,LK33,85.0,0.65705645,0.6664425666666667,98.67414833333333
2004-07-01,2004-07,July,Jaffna,Northern,2.0,25839.0,LK41,31.0,0.5292773966666667,0.46375180666666665,112.75067
2004-07-01,2004-07,July,Kalutara,Western,2.0,25853.0,LK13,52.0,0.79226279,0.7950797433333333,99.66670333333333
2004-07-01,2004-07,July,Kandy,Central,2.0,41748.0,LK21,60.0,0.7744088733333333,0.7818825266666667,99.10095666666666
2004-07-01,2004-07,July,Kegalle,Sabaragamuwa,2.0,25844.0,LK92,55.0,0.8336145433333334,0.8361627166666666,99.71222
2004-07-01,2004-07,July,Kilinochchi,Northern,2.0,25840.0,LK45,41.0,0.5873398133333333,0.5403985833333333,107.945597
2004-07-01,2004-07,July,Kurunegala,North Western,2.0,25837.0,LK61,158.0,0.7571189666666666,0.7443222666666666,101.60672366666667
2004-07-01,2004-07,July,Mannar,Northern,2.0,25841.0,LK42,65.0,0.6122307666666668,0.62472038,98.13622466666668
2004-07-01,2004-07,July,Matale,Central,2.0,25830.0,LK22,67.0,0.7309920366666667,0.7411886500000001,98.70814933333334
2004-07-01,2004-07,July,Matara,Southern,2.0,25848.0,LK32,39.0,0.8075794433333333,0.8077109,99.98434033333335
2004-07-01,2004-07,July,Monaragala,Uva,2.0,25850.0,LK82,186.0,0.6450394,0.6853212933333334,94.515415
2004-07-01,2004-07,July,Mullaitivu,Northern,2.0,25842.0,LK44,85.0,0.68979919,0.6886919566666667,100.14874333333334
2004-07-01,2004-07,July,Nuwara Eliya,Central,2.0,41749.0,LK23,58.0,0.75677642,0.7643455466666667,99.06967666666667
2004-07-01,2004-07,July,Polonnaruwa,North Central,2.0,25836.0,LK72,116.0,0.6571295766666667,0.6896422566666667,95.60307999999999
2004-07-01,2004-07,July,Puttalam,North Western,2.0,25838.0,LK62,107.0,0.68197755,0.6679628466666667,101.94799
2004-07-01,2004-07,July,Ratnapura,Sabaragamuwa,2.0,25845.0,LK91,108.0,0.7853117066666666,0.7948234166666667,98.87293
2004-07-01,2004-07,July,Trincomalee,Eastern,2.0,25834.0,LK53,83.0,0.6713971733333333,0.6580614966666667,101.883512
2004-07-01,2004-07,July,Vavuniya,Northern,2.0,25843.0,LK43,65.0,0.6734574466666666,0.68687702,98.1741
2004-08-01,2004-08,August,Ampara,Eastern,2.0,25832.0,LK52,147.0,0.6063530333333333,0.6297521233333333,96.563158
2004-08-01,2004-08,August,Anuradhapura,North Central,2.0,25835.0,LK71,235.0,0.5959052466666667,0.6509886466666667,92.14170200000001
2004-08-01,2004-08,August,Badulla,Uva,2.0,25849.0,LK81,94.0,0.6614251166666666,0.7010389,94.72695333333333
2004-08-01,2004-08,August,Batticaloa,Eastern,2.0,25833.0,LK51,82.0,0.5300077,0.5290863866666666,100.16010666666666
2004-08-01,2004-08,August,Colombo,Western,2.0,25851.0,LK11,23.0,0.6998028733333334,0.6977320533333332,100.27680666666667
2004-08-01,2004-08,August,Galle,Southern,2.0,25846.0,LK31,54.0,0.78809444,0.79401784,99.29821
2004-08-01,2004-08,August,Gampaha,Western,2.0,25852.0,LK12,47.0,0.7403127466666666,0.7410126333333333,99.91124
2004-08-01,2004-08,August,Hambantota,Southern,2.0,25847.0,LK33,85.0,0.6120294233333333,0.6358906333333333,96.52419066666668
2004-08-01,2004-08,August,Jaffna,Northern,2.0,25839.0,LK41,31.0,0.5174289866666667,0.46041914,111.17118533333333
2004-08-01,2004-08,August,Kalutara,Western,2.0,25853.0,LK13,52.0,0.7842198533333334,0.7902804933333334,99.27860333333332
2004-08-01,2004-08,August,Kandy,Central,2.0,41748.0,LK21,60.0,0.7579627666666667,0.7761413999999999,97.79915866666666
2004-08-01,2004-08,August,Kegalle,Sabaragamuwa,2.0,25844.0,LK92,55.0,0.8220805700000001,0.83049366,99.04427833333334
2004-08-01,2004-08,August,Kilinochchi,Northern,2.0,25840.0,LK45,41.0,0.55559998,0.5262446000000001,105.09202333333333
2004-08-01,2004-08,August,Kurunegala,North Western,2.0,25837.0,LK61,158.0,0.6967086400000001,0.7056622866666666,98.807686
2004-08-01,2004-08,August,Mannar,Northern,2.0,25841.0,LK42,65.0,0.5727943433333333,0.6115338466666667,94.143288
2004-08-01,2004-08,August,Matale,Central,2.0,25830.0,LK22,67.0,0.7035860500000001,0.72781648,96.88412333333333
2004-08-01,2004-08,August,Matara,Southern,2.0,25848.0,LK32,39.0,0.7926162266666666,0.7997613100000001,99.15879333333334
2004-08-01,2004-08,August,Monaragala,Uva,2.0,25850.0,LK82,186.0,0.6246128833333333,0.6643590033333333,94.43665333333333
2004-08-01,2004-08,August,Mullaitivu,Northern,2.0,25842.0,LK44,85.0,0.6777337166666667,0.6894681,98.41319800000001
2004-08-01,2004-08,August,Nuwara Eliya,Central,2.0,41749.0,LK23,58.0,0.7414430733333334,0.7604915800000001,97.64974
2004-08-01,2004-08,August,Polonnaruwa,North Central,2.0,25836.0,LK72,116.0,0.6370695533333334,0.6756234133333333,94.69052866666668
2004-08-01,2004-08,August,Puttalam,North Western,2.0,25838.0,LK62,107.0,0.6310987366666666,0.6345897133333334,99.48428333333334
2004-08-01,2004-08,August,Ratnapura,Sabaragamuwa,2.0,25845.0,LK91,108.0,0.7651163200000001,0.7835099900000001,97.79286666666667
2004-08-01,2004-08,August,Trincomalee,Eastern,2.0,25834.0,LK53,83.0,0.6782951700000001,0.6609511433333334,102.43692866666667
2004-08-01,2004-08,August,Vavuniya,Northern,2.0,25843.0,LK43,65.0,0.6598087166666667,0.6878702466666667,96.19490666666667
2004-09-01,2004-09,September,Ampara,Eastern,2.0,25832.0,LK52,147.0,0.6462484666666667,0.6329594333333334,101.92948666666666
2004-09-01,2004-09,September,Anuradhapura,North Central,2.0,25835.0,LK71,235.0,0.6450263666666667,0.6619698366666666,97.594157
2004-09-01,2004-09,September,Badulla,Uva,2.0,25849.0,LK81,94.0,0.70344147,0.7060127666666668,99.64863500000001
2004-09-01,2004-09,September,Batticaloa,Eastern,2.0,25833.0,LK51,82.0,0.5779491566666667,0.5397494566666667,106.44922000000001
2004-09-01,2004-09,September,Colombo,Western,2.0,25851.0,LK11,23.0,0.7005188200000001,0.6961392833333333,100.58679466666666
2004-09-01,2004-09,September,Galle,Southern,2.0,25846.0,LK31,54.0,0.7907962766666667,0.7968295466666667,99.28721133333333
2004-09-01,2004-09,September,Gampaha,Western,2.0,25852.0,LK12,47.0,0.7406361533333333,0.7382961266666667,100.29662333333333
2004-09-01,2004-09,September,Hambantota,Southern,2.0,25847.0,LK33,85.0,0.6497670333333333,0.63163102,102.64342666666668
2004-09-01,2004-09,September,Jaffna,Northern,2.0,25839.0,LK41,31.0,0.5406999666666666,0.4845341333333333,110.50346833333333
2004-09-01,2004-09,September,Kalutara,Western,2.0,25853.0,LK13,52.0,0.7853179366666666,0.79020558,99.41807833333333
2004-09-01,2004-09,September,Kandy,Central,2.0,41748.0,LK21,60.0,0.7598349666666667,0.77577225,98.06933666666667
2004-09-01,2004-09,September,Kegalle,Sabaragamuwa,2.0,25844.0,LK92,55.0,0.8185454,0.82574345,99.17824133333333
2004-09-01,2004-09,September,Kilinochchi,Northern,2.0,25840.0,LK45,41.0,0.5585138033333333,0.52585062,105.668963
2004-09-01,2004-09,September,Kurunegala,North Western,2.0,25837.0,LK61,158.0,0.70031707,0.7007411133333333,99.93600333333332
2004-09-01,2004-09,September,Mannar,Northern,2.0,25841.0,LK42,65.0,0.59487023,0.62242828,95.88758866666667
2004-09-01,2004-09,September,Matale,Central,2.0,25830.0,LK22,67.0,0.7249666466666667,0.73437527,98.79150166666666
2004-09-01,2004-09,September,Matara,Southern,2.0,25848.0,LK32,39.0,0.7922692000000001,0.7964650633333333,99.50422833333334
2004-09-01,2004-09,September,Monaragala,Uva,2.0,25850.0,LK82,186.0,0.6805564500000001,0.67865846,100.23709333333333
2004-09-01,2004-09,September,Mullaitivu,Northern,2.0,25842.0,LK44,85.0,0.7064678299999999,0.7039018433333334,100.33401333333332
2004-09-01,2004-09,September,Nuwara Eliya,Central,2.0,41749.0,LK23,58.0,0.7474907833333333,0.7645634333333334,97.90303533333334
2004-09-01,2004-09,September,Polonnaruwa,North Central,2.0,25836.0,LK72,116.0,0.6690278466666667,0.66211692,100.96606000000001
2004-09-01,2004-09,September,Puttalam,North Western,2.0,25838.0,LK62,107.0,0.63319561,0.6389632333333334,99.15545333333334
2004-09-01,2004-09,September,Ratnapura,Sabaragamuwa,2.0,25845.0,LK91,108.0,0.77239688,0.7821766166666667,98.82366333333334
2004-09-01,2004-09,September,Trincomalee,Eastern,2.0,25834.0,LK53,83.0,0.7247076233333334,0.67273578,107.18368
2004-09-01,2004-09,September,Vavuniya,Northern,2.0,25843.0,LK43,65.0,0.7177404833333334,0.7114957333333334,100.80159133333332
2004-10-01,2004-10,October,Ampara,Eastern,2.0,25832.0,LK52,147.0,0.7068623333333334,0.6726984566666667,104.73374
2004-10-01,2004-10,October,Anuradhapura,North Central,2.0,25835.0,LK71,235.0,0.7356534466666668,0.7050825566666666,104.04504333333334
2004-10-01,2004-10,October,Badulla,Uva,2.0,25849.0,LK81,94.0,0.7559691166666666,0.73642772,102.48951
2004-10-01,2004-10,October,Batticaloa,Eastern,2.0,25833.0,LK51,82.0,0.6502101433333334,0.58577872,110.15601199999999
2004-10-01,2004-10,October,Colombo,Western,2.0,25851.0,LK11,23.0,0.7119623,0.6993316900000001,101.68523466666666
2004-10-01,2004-10,October,Galle,Southern,2.0,25846.0,LK31,54.0,0.8046116833333333,0.80463834,99.99662000000001
2004-10-01,2004-10,October,Gampaha,Western,2.0,25852.0,LK12,47.0,0.7533800999999999,0.7456929666666667,100.96604666666667
2004-10-01,2004-10,October,Hambantota,Southern,2.0,25847.0,LK33,85.0,0.7246144666666666,0.67526712,106.81395866666666
2004-10-01,2004-10,October,Jaffna,Northern,2.0,25839.0,LK41,31.0,0.58755481,0.53861731,108.37331866666666
2004-10-01,2004-10,October,Kalutara,Western,2.0,25853.0,LK13,52.0,0.7964493666666667,0.7947389133333332,100.20228466666667
2004-10-01,2004-10,October,Kandy,Central,2.0,41748.0,LK21,60.0,0.7819722366666667,0.7867203666666667,99.43149999999999
2004-10-01,2004-10,October,Kegalle,Sabaragamuwa,2.0,25844.0,LK92,55.0,0.8211624,0.8250890333333333,99.55129666666666
2004-10-01,2004-10,October,Kilinochchi,Northern,2.0,25840.0,LK45,41.0,0.5992073,0.5664579066666667,105.33478333333333
2004-10-01,2004-10,October,Kurunegala,North Western,2.0,25837.0,LK61,158.0,0.7580725566666667,0.7316796600000001,103.37544666666668
2004-10-01,2004-10,October,Mannar,Northern,2.0,25841.0,LK42,65.0,0.66535332,0.6693824666666667,99.430603
2004-10-01,2004-10,October,Matale,Central,2.0,25830.0,LK22,67.0,0.77735172,0.7646746466666666,101.55786333333333
2004-10-01,2004-10,October,Matara,Southern,2.0,25848.0,LK32,39.0,0.8072598333333333,0.8024033333333334,100.56882366666666
2004-10-01,2004-10,October,Monaragala,Uva,2.0,25850.0,LK82,186.0,0.7542954866666666,0.7241691666666666,103.89471333333334
2004-10-01,2004-10,October,Mullaitivu,Northern,2.0,25842.0,LK44,85.0,0.7464937133333334,0.7338299833333334,101.617593
2004-10-01,2004-10,October,Nuwara Eliya,Central,2.0,41749.0,LK23,58.0,0.7697700866666667,0.7775780666666666,99.05550666666666
2004-10-01,2004-10,October,Polonnaruwa,North Central,2.0,25836.0,LK72,116.0,0.7304841833333334,0.6956889,104.68240333333334
2004-10-01,2004-10,October,Puttalam,North Western,2.0,25838.0,LK62,107.0,0.6962676033333333,0.6856798166666667,101.43475000000001
2004-10-01,2004-10,October,Ratnapura,Sabaragamuwa,2.0,25845.0,LK91,108.0,0.7975740433333334,0.7957741733333333,100.21211666666666
2004-10-01,2004-10,October,Trincomalee,Eastern,2.0,25834.0,LK53,83.0,0.7539505866666666,0.7037558566666666,106.67728333333332
2004-10-01,2004-10,October,Vavuniya,Northern,2.0,25843.0,LK43,65.0,0.7784415033333333,0.7542895333333334,103.00893933333333
2004-11-01,2004-11,November,Ampara,Eastern,2.0,25832.0,LK52,147.0,0.75447095,0.73024149,103.11282
2004-11-01,2004-11,November,Anuradhapura,North Central,2.0,25835.0,LK71,235.0,0.7705557000000001,0.75418649,102.04378000000001
2004-11-01,2004-11,November,Badulla,Uva,2.0,25849.0,LK81,94.0,0.7717585166666666,0.7692643666666666,100.308057
2004-11-01,2004-11,November,Batticaloa,Eastern,2.0,25833.0,LK51,82.0,0.7104272333333332,0.6684093433333334,105.88515
2004-11-01,2004-11,November,Colombo,Western,2.0,25851.0,LK11,23.0,0.71752318,0.6999362000000001,102.34515133333333
2004-11-01,2004-11,November,Galle,Southern,2.0,25846.0,LK31,54.0,0.8118363866666667,0.8110670066666666,100.08933333333334
2004-11-01,2004-11,November,Gampaha,Western,2.0,25852.0,LK12,47.0,0.7649411333333332,0.7596452866666666,100.65466666666667
2004-11-01,2004-11,November,Hambantota,Southern,2.0,25847.0,LK33,85.0,0.7681874366666667,0.7371608566666668,103.95399333333334
2004-11-01,2004-11,November,Jaffna,Northern,2.0,25839.0,LK41,31.0,0.6088989,0.6011712133333333,101.21842666666667
2004-11-01,2004-11,November,Kalutara,Western,2.0,25853.0,LK13,52.0,0.7995813900000001,0.7982270133333333,100.1597
2004-11-01,2004-11,November,Kandy,Central,2.0,41748.0,LK21,60.0,0.7989316666666667,0.8012197633333334,99.73102333333333
2004-11-01,2004-11,November,Kegalle,Sabaragamuwa,2.0,25844.0,LK92,55.0,0.82297515,0.82791171,99.4377
2004-11-01,2004-11,November,Kilinochchi,Northern,2.0,25840.0,LK45,41.0,0.65470731,0.6432878833333334,101.67591833333334
2004-11-01,2004-11,November,Kurunegala,North Western,2.0,25837.0,LK61,158.0,0.7899499633333334,0.7751060133333333,101.806866
2004-11-01,2004-11,November,Mannar,Northern,2.0,25841.0,LK42,65.0,0.7182522833333334,0.7253331,99.09103466666666
2004-11-01,2004-11,November,Matale,Central,2.0,25830.0,LK22,67.0,0.7961263666666666,0.7938021000000001,100.27713133333333
2004-11-01,2004-11,November,Matara,Southern,2.0,25848.0,LK32,39.0,0.8256700233333333,0.81549072,101.17587666666667
2004-11-01,2004-11,November,Monaragala,Uva,2.0,25850.0,LK82,186.0,0.7929650333333332,0.77563148,102.10650666666668
2004-11-01,2004-11,November,Mullaitivu,Northern,2.0,25842.0,LK44,85.0,0.76777371,0.7649793100000001,100.34535666666666
2004-11-01,2004-11,November,Nuwara Eliya,Central,2.0,41749.0,LK23,58.0,0.7878930733333332,0.7932364766666667,99.36618866666667
2004-11-01,2004-11,November,Polonnaruwa,North Central,2.0,25836.0,LK72,116.0,0.7413284366666667,0.7374111633333333,100.50439
2004-11-01,2004-11,November,Puttalam,North Western,2.0,25838.0,LK62,107.0,0.7407065466666666,0.7389796133333334,100.22659666666668
2004-11-01,2004-11,November,Ratnapura,Sabaragamuwa,2.0,25845.0,LK91,108.0,0.8154228333333333,0.8127910133333334,100.30511333333334
2004-11-01,2004-11,November,Trincomalee,Eastern,2.0,25834.0,LK53,83.0,0.7585289166666667,0.7405627566666667,102.28114466666666
2004-11-01,2004-11,November,Vavuniya,Northern,2.0,25843.0,LK43,65.0,0.7989087133333334,0.7915826566666667,100.873823
2004-12-01,2004-12,December,Ampara,Eastern,2.0,25832.0,LK52,147.0,0.7881179033333333,0.7766607333333333,101.392067
2004-12-01,2004-12,December,Anuradhapura,North Central,2.0,25835.0,LK71,235.0,0.7903375599999999,0.7848832833333333,100.65457333333335
2004-12-01,2004-12,December,Badulla,Uva,2.0,25849.0,LK81,94.0,0.7839829466666667,0.7869486866666667,99.64561666666667
2004-12-01,2004-12,December,Batticaloa,Eastern,2.0,25833.0,LK51,82.0,0.74459839,0.7287191533333334,102.04934833333334
2004-12-01,2004-12,December,Colombo,Western,2.0,25851.0,LK11,23.0,0.70803187,0.6931179466666667,102.00622466666668
2004-12-01,2004-12,December,Galle,Southern,2.0,25846.0,LK31,54.0,0.8146610833333333,0.8138152533333334,100.09791333333334
2004-12-01,2004-12,December,Gampaha,Western,2.0,25852.0,LK12,47.0,0.7635390000000001,0.7628569066666667,100.08353866666666
2004-12-01,2004-12,December,Hambantota,Southern,2.0,25847.0,LK33,85.0,0.79179842,0.7700227133333333,102.65553866666666
2004-12-01,2004-12,December,Jaffna,Northern,2.0,25839.0,LK41,31.0,0.60478385,0.6252972966666667,96.96305166666667
2004-12-01,2004-12,December,Kalutara,Western,2.0,25853.0,LK13,52.0,0.7964877833333333,0.7963954366666667,100.01082533333333
2004-12-01,2004-12,December,Kandy,Central,2.0,41748.0,LK21,60.0,0.8064949633333334,0.8061117200000001,100.044782
2004-12-01,2004-12,December,Kegalle,Sabaragamuwa,2.0,25844.0,LK92,55.0,0.82318669,0.8268434299999999,99.58309866666667
2004-12-01,2004-12,December,Kilinochchi,Northern,2.0,25840.0,LK45,41.0,0.6882894233333333,0.6934801566666667,99.30480166666666
2004-12-01,2004-12,December,Kurunegala,North Western,2.0,25837.0,LK61,158.0,0.8030841666666667,0.8019920066666666,100.12928333333333
2004-12-01,2004-12,December,Mannar,Northern,2.0,25841.0,LK42,65.0,0.7426958666666666,0.7516517333333333,98.88219166666666
2004-12-01,2004-12,December,Matale,Central,2.0,25830.0,LK22,67.0,0.8076964666666667,0.8089373566666667,99.855528
2004-12-01,2004-12,December,Matara,Southern,2.0,25848.0,LK32,39.0,0.8348196400000001,0.8252643266666667,101.09183533333334
2004-12-01,2004-12,December,Monaragala,Uva,2.0,25850.0,LK82,186.0,0.8101947833333334,0.8032846,100.810698
2004-12-01,2004-12,December,Mullaitivu,Northern,2.0,25842.0,LK44,85.0,0.7785317366666668,0.7785315666666667,99.99993666666667
2004-12-01,2004-12,December,Nuwara Eliya,Central,2.0,41749.0,LK23,58.0,0.7936269833333333,0.7976402033333333,99.526604
2004-12-01,2004-12,December,Polonnaruwa,North Central,2.0,25836.0,LK72,116.0,0.7549838833333333,0.7602516,99.34920166666666
2004-12-01,2004-12,December,Puttalam,North Western,2.0,25838.0,LK62,107.0,0.7491196233333333,0.7589746666666667,98.78201666666666
2004-12-01,2004-12,December,Ratnapura,Sabaragamuwa,2.0,25845.0,LK91,108.0,0.8209910466666667,0.81920739,100.20520666666665
2004-12-01,2004-12,December,Trincomalee,Eastern,2.0,25834.0,LK53,83.0,0.7672919766666667,0.76396468,100.41085133333333
2004-12-01,2004-12,December,Vavuniya,Northern,2.0,25843.0,LK43,65.0,0.8073661433333333,0.8042701600000001,100.36239033333334
2005-01-01,2005-01,January,Ampara,Eastern,2.0,25832.0,LK52,147.0,0.7788378433333333,0.7833097133333333,99.45961533333333
2005-01-01,2005-01,January,Anuradhapura,North Central,2.0,25835.0,LK71,235.0,0.7993695233333332,0.7924991,100.81644
2005-01-01,2005-01,January,Badulla,Uva,2.0,25849.0,LK81,94.0,0.79387871,0.7926376866666667,100.14743666666668
2005-01-01,2005-01,January,Batticaloa,Eastern,2.0,25833.0,LK51,82.0,0.7178678633333333,0.7211823599999999,99.56345166666667
2005-01-01,2005-01,January,Colombo,Western,2.0,25851.0,LK11,23.0,0.6863521333333334,0.6720614033333333,101.98041333333333
2005-01-01,2005-01,January,Galle,Southern,2.0,25846.0,LK31,54.0,0.8063246633333333,0.8078158633333333,99.82563366666666
2005-01-01,2005-01,January,Gampaha,Western,2.0,25852.0,LK12,47.0,0.7396389833333333,0.7362003333333332,100.44183666666667
2005-01-01,2005-01,January,Hambantota,Southern,2.0,25847.0,LK33,85.0,0.7988148966666667,0.77555122,102.81757499999999
2005-01-01,2005-01,January,Jaffna,Northern,2.0,25839.0,LK41,31.0,0.5746408266666666,0.6014972866666667,95.88187666666666
2005-01-01,2005-01,January,Kalutara,Western,2.0,25853.0,LK13,52.0,0.78148652,0.7819341033333332,99.94629866666666
2005-01-01,2005-01,January,Kandy,Central,2.0,41748.0,LK21,60.0,0.8020761,0.7984849533333334,100.42380333333334
2005-01-01,2005-01,January,Kegalle,Sabaragamuwa,2.0,25844.0,LK92,55.0,0.8106393666666666,0.8109299999999999,99.96735666666666
2005-01-01,2005-01,January,Kilinochchi,Northern,2.0,25840.0,LK45,41.0,0.6697251666666667,0.6806254666666667,98.50659
2005-01-01,2005-01,January,Kurunegala,North Western,2.0,25837.0,LK61,158.0,0.77889132,0.7805691266666667,99.80117533333333
2005-01-01,2005-01,January,Mannar,Northern,2.0,25841.0,LK42,65.0,0.7526035666666666,0.7527504566666666,99.98342166666667
2005-01-01,2005-01,January,Matale,Central,2.0,25830.0,LK22,67.0,0.8166343066666667,0.8147227899999999,100.22119666666667
2005-01-01,2005-01,January,Matara,Southern,2.0,25848.0,LK32,39.0,0.8161999766666667,0.8164981633333334,99.96324333333332
2005-01-01,2005-01,January,Monaragala,Uva,2.0,25850.0,LK82,186.0,0.808741,0.8022891,100.75729466666667
2005-01-01,2005-01,January,Mullaitivu,Northern,2.0,25842.0,LK44,85.0,0.7742815666666667,0.7719806333333333,100.28033
2005-01-01,2005-01,January,Nuwara Eliya,Central,2.0,41749.0,LK23,58.0,0.7870287066666667,0.7875915333333333,99.93338999999999
2005-01-01,2005-01,January,Polonnaruwa,North Central,2.0,25836.0,LK72,116.0,0.7880830133333334,0.7867867866666667,100.15414933333334
2005-01-01,2005-01,January,Puttalam,North Western,2.0,25838.0,LK62,107.0,0.7387542000000001,0.7442575466666667,99.311577
2005-01-01,2005-01,January,Ratnapura,Sabaragamuwa,2.0,25845.0,LK91,108.0,0.8144567933333334,0.8121014333333333,100.27329666666667
2005-01-01,2005-01,January,Trincomalee,Eastern,2.0,25834.0,LK53,83.0,0.7604903333333333,0.76624178,99.29453633333333
2005-01-01,2005-01,January,Vavuniya,Northern,2.0,25843.0,LK43,65.0,0.8000517633333333,0.7948951333333333,100.61099
2005-02-01,2005-02,February,Ampara,Eastern,2.0,25832.0,LK52,147.0,0.7249258133333334,0.7432987,97.67814833333334
2005-02-01,2005-02,February,Anuradhapura,North Central,2.0,25835.0,LK71,235.0,0.7681312066666667,0.75761819,101.30317333333333
2005-02-01,2005-02,February,Badulla,Uva,2.0,25849.0,LK81,94.0,0.7781762333333333,0.7792860999999999,99.86494633333332
2005-02-01,2005-02,February,Batticaloa,Eastern,2.0,25833.0,LK51,82.0,0.65629389,0.6692407333333333,98.19555633333333
2005-02-01,2005-02,February,Colombo,Western,2.0,25851.0,LK11,23.0,0.6719507166666666,0.6544099333333334,102.49065066666667
2005-02-01,2005-02,February,Galle,Southern,2.0,25846.0,LK31,54.0,0.7873320666666667,0.7933937333333333,99.28082666666667
2005-02-01,2005-02,February,Gampaha,Western,2.0,25852.0,LK12,47.0,0.7159645133333333,0.7034402433333332,101.66451166666667
2005-02-01,2005-02,February,Hambantota,Southern,2.0,25847.0,LK33,85.0,0.75904706,0.7486602666666666,101.292005
2005-02-01,2005-02,February,Jaffna,Northern,2.0,25839.0,LK41,31.0,0.53313329,0.5498484466666667,97.222082
2005-02-01,2005-02,February,Kalutara,Western,2.0,25853.0,LK13,52.0,0.7707025466666666,0.7683292866666666,100.290317
2005-02-01,2005-02,February,Kandy,Central,2.0,41748.0,LK21,60.0,0.7880466433333334,0.7830002333333334,100.60574133333334
2005-02-01,2005-02,February,Kegalle,Sabaragamuwa,2.0,25844.0,LK92,55.0,0.8009078500000001,0.7953982866666666,100.65210333333334
2005-02-01,2005-02,February,Kilinochchi,Northern,2.0,25840.0,LK45,41.0,0.6158861666666666,0.62443539,98.73707166666668
2005-02-01,2005-02,February,Kurunegala,North Western,2.0,25837.0,LK61,158.0,0.72701454,0.7190770733333333,101.04102166666667
2005-02-01,2005-02,February,Mannar,Northern,2.0,25841.0,LK42,65.0,0.7423097333333333,0.7307267533333333,101.48721866666666
2005-02-01,2005-02,February,Matale,Central,2.0,25830.0,LK22,67.0,0.80299252,0.7999620333333333,100.35647999999999
2005-02-01,2005-02,February,Matara,Southern,2.0,25848.0,LK32,39.0,0.7835606866666667,0.7943172133333333,98.72436333333333
2005-02-01,2005-02,February,Monaragala,Uva,2.0,25850.0,LK82,186.0,0.7831227433333333,0.7800976533333334,100.36244866666668
2005-02-01,2005-02,February,Mullaitivu,Northern,2.0,25842.0,LK44,85.0,0.7557807566666667,0.7505555999999999,100.65383633333333
2005-02-01,2005-02,February,Nuwara Eliya,Central,2.0,41749.0,LK23,58.0,0.77484483,0.7738566566666667,100.11991499999999
2005-02-01,2005-02,February,Polonnaruwa,North Central,2.0,25836.0,LK72,116.0,0.7740706833333334,0.7762176233333333,99.73751666666665
2005-02-01,2005-02,February,Puttalam,North Western,2.0,25838.0,LK62,107.0,0.7166688466666665,0.7083814966666667,101.09877666666667
2005-02-01,2005-02,February,Ratnapura,Sabaragamuwa,2.0,25845.0,LK91,108.0,0.79987003,0.8001612833333334,99.96531333333333
2005-02-01,2005-02,February,Trincomalee,Eastern,2.0,25834.0,LK53,83.0,0.7285096066666666,0.73724276,98.89062666666666
2005-02-01,2005-02,February,Vavuniya,Northern,2.0,25843.0,LK43,65.0,0.7751317966666665,0.7669161,101.00700499999999
2005-03-01,2005-03,March,Ampara,Eastern,2.0,25832.0,LK52,147.0,0.68195009,0.6993939033333333,97.67728
2005-03-01,2005-03,March,Anuradhapura,North Central,2.0,25835.0,LK71,235.0,0.7281993166666667,0.7122368166666666,102.09941333333332
2005-03-01,2005-03,March,Badulla,Uva,2.0,25849.0,LK81,94.0,0.7539907533333334,0.7597539233333334,99.28804133333334
2005-03-01,2005-03,March,Batticaloa,Eastern,2.0,25833.0,LK51,82.0,0.6168133933333334,0.6270425733333332,98.49543833333333
2005-03-01,2005-03,March,Colombo,Western,2.0,25851.0,LK11,23.0,0.6817434666666666,0.6577345133333333,103.390575
2005-03-01,2005-03,March,Galle,Southern,2.0,25846.0,LK31,54.0,0.7809678966666667,0.7874191600000001,99.22956666666666
2005-03-01,2005-03,March,Gampaha,Western,2.0,25852.0,LK12,47.0,0.7185588666666667,0.6998973133333334,102.48763333333333
2005-03-01,2005-03,March,Hambantota,Southern,2.0,25847.0,LK33,85.0,0.7114121666666667,0.7118593333333333,99.94201
2005-03-01,2005-03,March,Jaffna,Northern,2.0,25839.0,LK41,31.0,0.50490431,0.5109923333333334,98.92455333333334
2005-03-01,2005-03,March,Kalutara,Western,2.0,25853.0,LK13,52.0,0.7817717766666666,0.77279975,101.08938
2005-03-01,2005-03,March,Kandy,Central,2.0,41748.0,LK21,60.0,0.7761649866666667,0.7727419133333333,100.41597666666667
2005-03-01,2005-03,March,Kegalle,Sabaragamuwa,2.0,25844.0,LK92,55.0,0.8068399666666667,0.7990706866666667,100.91518666666667
2005-03-01,2005-03,March,Kilinochchi,Northern,2.0,25840.0,LK45,41.0,0.58155689,0.58135265,100.04014833333333
2005-03-01,2005-03,March,Kurunegala,North Western,2.0,25837.0,LK61,158.0,0.7065392333333333,0.6883870466666666,102.45792866666666
2005-03-01,2005-03,March,Mannar,Northern,2.0,25841.0,LK42,65.0,0.7236410133333333,0.7011477333333334,103.00029166666667
2005-03-01,2005-03,March,Matale,Central,2.0,25830.0,LK22,67.0,0.7764019900000001,0.7756171233333333,100.09474666666667
2005-03-01,2005-03,March,Matara,Southern,2.0,25848.0,LK32,39.0,0.7686504333333334,0.7825581666666667,98.32952666666667
2005-03-01,2005-03,March,Monaragala,Uva,2.0,25850.0,LK82,186.0,0.7614883333333333,0.7631427466666666,99.79658633333334
2005-03-01,2005-03,March,Mullaitivu,Northern,2.0,25842.0,LK44,85.0,0.7401580233333332,0.7284733299999999,101.503645
2005-03-01,2005-03,March,Nuwara Eliya,Central,2.0,41749.0,LK23,58.0,0.7692879133333334,0.76845832,100.101352
2005-03-01,2005-03,March,Polonnaruwa,North Central,2.0,25836.0,LK72,116.0,0.7266307166666667,0.7271072466666667,99.94710166666665
2005-03-01,2005-03,March,Puttalam,North Western,2.0,25838.0,LK62,107.0,0.7062610333333333,0.6856575333333333,102.80199166666667
2005-03-01,2005-03,March,Ratnapura,Sabaragamuwa,2.0,25845.0,LK91,108.0,0.79453362,0.7967155966666667,99.74223733333334
2005-03-01,2005-03,March,Trincomalee,Eastern,2.0,25834.0,LK53,83.0,0.7010501833333334,0.6988553533333333,100.30465833333334
2005-03-01,2005-03,March,Vavuniya,Northern,2.0,25843.0,LK43,65.0,0.7554856133333333,0.7414863666666666,101.77086166666668
2005-04-01,2005-04,April,Ampara,Eastern,2.0,25832.0,LK52,147.0,0.6842966,0.6831142633333332,100.16059533333333
2005-04-01,2005-04,April,Anuradhapura,North Central,2.0,25835.0,LK71,235.0,0.73846438,0.71229456,103.43445333333334
2005-04-01,2005-04,April,Badulla,Uva,2.0,25849.0,LK81,94.0,0.7556517533333333,0.7551976666666667,100.05587833333334
2005-04-01,2005-04,April,Batticaloa,Eastern,2.0,25833.0,LK51,82.0,0.6146577266666667,0.60768549,101.06136833333333
2005-04-01,2005-04,April,Colombo,Western,2.0,25851.0,LK11,23.0,0.7081087133333334,0.6772539700000001,104.24210599999999
2005-04-01,2005-04,April,Galle,Southern,2.0,25846.0,LK31,54.0,0.7929821,0.79412357,99.86423333333333
2005-04-01,2005-04,April,Gampaha,Western,2.0,25852.0,LK12,47.0,0.7457659433333333,0.7242393766666666,102.78112333333333
2005-04-01,2005-04,April,Hambantota,Southern,2.0,25847.0,LK33,85.0,0.70857373,0.7008370866666667,101.03023333333333
2005-04-01,2005-04,April,Jaffna,Northern,2.0,25839.0,LK41,31.0,0.5110010466666667,0.49807874333333335,102.35826133333335
2005-04-01,2005-04,April,Kalutara,Western,2.0,25853.0,LK13,52.0,0.80213203,0.7875598333333333,101.73971333333334
2005-04-01,2005-04,April,Kandy,Central,2.0,41748.0,LK21,60.0,0.78005611,0.7766860666666666,100.40765666666665
2005-04-01,2005-04,April,Kegalle,Sabaragamuwa,2.0,25844.0,LK92,55.0,0.8217302866666666,0.8171027799999999,100.53465200000001
2005-04-01,2005-04,April,Kilinochchi,Northern,2.0,25840.0,LK45,41.0,0.57864958,0.5641594166666667,102.36033666666667
2005-04-01,2005-04,April,Kurunegala,North Western,2.0,25837.0,LK61,158.0,0.7452215133333334,0.7250464233333332,102.61085166666668
2005-04-01,2005-04,April,Mannar,Northern,2.0,25841.0,LK42,65.0,0.7169712666666667,0.6830917666666667,104.62164666666666
2005-04-01,2005-04,April,Matale,Central,2.0,25830.0,LK22,67.0,0.7725213499999999,0.76829087,100.51670866666666
2005-04-01,2005-04,April,Matara,Southern,2.0,25848.0,LK32,39.0,0.7802111066666666,0.78895477,98.95663333333334
2005-04-01,2005-04,April,Monaragala,Uva,2.0,25850.0,LK82,186.0,0.7702112799999999,0.7644638666666667,100.704965
2005-04-01,2005-04,April,Mullaitivu,Northern,2.0,25842.0,LK44,85.0,0.7365485933333332,0.714852,102.83714333333334
2005-04-01,2005-04,April,Nuwara Eliya,Central,2.0,41749.0,LK23,58.0,0.7762540433333333,0.7739699466666666,100.27714199999998
2005-04-01,2005-04,April,Polonnaruwa,North Central,2.0,25836.0,LK72,116.0,0.7118620666666667,0.69618518,102.10219166666667
2005-04-01,2005-04,April,Puttalam,North Western,2.0,25838.0,LK62,107.0,0.7206981333333333,0.6956772999999999,103.35793333333334
2005-04-01,2005-04,April,Ratnapura,Sabaragamuwa,2.0,25845.0,LK91,108.0,0.8066021466666666,0.8041900966666665,100.28189200000001
2005-04-01,2005-04,April,Trincomalee,Eastern,2.0,25834.0,LK53,83.0,0.7046622433333334,0.6763330233333334,103.90234
2005-04-01,2005-04,April,Vavuniya,Northern,2.0,25843.0,LK43,65.0,0.7604071566666667,0.7370928533333334,102.96203333333334
2005-05-01,2005-05,May,Ampara,Eastern,2.0,25832.0,LK52,147.0,0.7104503033333334,0.6942442600000001,102.17560666666667
2005-05-01,2005-05,May,Anuradhapura,North Central,2.0,25835.0,LK71,235.0,0.7377850533333333,0.72566436,101.56128666666666
2005-05-01,2005-05,May,Badulla,Uva,2.0,25849.0,LK81,94.0,0.7647851,0.7554970333333334,101.15357333333333
2005-05-01,2005-05,May,Batticaloa,Eastern,2.0,25833.0,LK51,82.0,0.6256182899999999,0.6097193333333334,102.40971333333334
2005-05-01,2005-05,May,Colombo,Western,2.0,25851.0,LK11,23.0,0.7236826166666667,0.6955265166666668,103.77801666666666
2005-05-01,2005-05,May,Galle,Southern,2.0,25846.0,LK31,54.0,0.8023641866666665,0.8004023433333334,100.23063333333334
2005-05-01,2005-05,May,Gampaha,Western,2.0,25852.0,LK12,47.0,0.76471488,0.74915808,101.948662
2005-05-01,2005-05,May,Hambantota,Southern,2.0,25847.0,LK33,85.0,0.70185529,0.7062601000000001,99.41783199999999
2005-05-01,2005-05,May,Jaffna,Northern,2.0,25839.0,LK41,31.0,0.50361612,0.49670642333333337,101.2608
2005-05-01,2005-05,May,Kalutara,Western,2.0,25853.0,LK13,52.0,0.8077089566666666,0.7966547366666666,101.30588666666667
2005-05-01,2005-05,May,Kandy,Central,2.0,41748.0,LK21,60.0,0.7861233166666667,0.7845254766666666,100.19158
2005-05-01,2005-05,May,Kegalle,Sabaragamuwa,2.0,25844.0,LK92,55.0,0.83289209,0.8317203266666667,100.13284
2005-05-01,2005-05,May,Kilinochchi,Northern,2.0,25840.0,LK45,41.0,0.5729650300000001,0.5603386866666668,102.06800199999999
2005-05-01,2005-05,May,Kurunegala,North Western,2.0,25837.0,LK61,158.0,0.7755440533333333,0.7688743966666666,100.81808000000001
2005-05-01,2005-05,May,Mannar,Northern,2.0,25841.0,LK42,65.0,0.6944281766666666,0.67330281,102.91616333333333
2005-05-01,2005-05,May,Matale,Central,2.0,25830.0,LK22,67.0,0.7748303166666667,0.7697553166666666,100.61891166666668
2005-05-01,2005-05,May,Matara,Southern,2.0,25848.0,LK32,39.0,0.8029213433333333,0.8025984233333333,100.03659133333333
2005-05-01,2005-05,May,Monaragala,Uva,2.0,25850.0,LK82,186.0,0.7726359899999999,0.7616334866666667,101.355702
2005-05-01,2005-05,May,Mullaitivu,Northern,2.0,25842.0,LK44,85.0,0.7299642966666666,0.70917131,102.73859333333333
2005-05-01,2005-05,May,Nuwara Eliya,Central,2.0,41749.0,LK23,58.0,0.7783131933333335,0.7783765833333334,99.99235499999999
2005-05-01,2005-05,May,Polonnaruwa,North Central,2.0,25836.0,LK72,116.0,0.7083154866666667,0.6925152333333333,102.12779333333333
2005-05-01,2005-05,May,Puttalam,North Western,2.0,25838.0,LK62,107.0,0.7188732066666667,0.7109920000000001,101.03703333333334
2005-05-01,2005-05,May,Ratnapura,Sabaragamuwa,2.0,25845.0,LK91,108.0,0.81398671,0.8096791900000001,100.50105533333333
2005-05-01,2005-05,May,Trincomalee,Eastern,2.0,25834.0,LK53,83.0,0.70561081,0.6749312466666666,104.23209800000001
2005-05-01,2005-05,May,Vavuniya,Northern,2.0,25843.0,LK43,65.0,0.75121585,0.73722455,101.77547333333332
2005-06-01,2005-06,June,Ampara,Eastern,2.0,25832.0,LK52,147.0,0.7112496466666668,0.69607917,102.030387
2005-06-01,2005-06,June,Anuradhapura,North Central,2.0,25835.0,LK71,235.0,0.7040025533333334,0.6999913666666666,100.53441833333333
2005-06-01,2005-06,June,Badulla,Uva,2.0,25849.0,LK81,94.0,0.7538258666666667,0.7429939533333334,101.36431
2005-06-01,2005-06,June,Batticaloa,Eastern,2.0,25833.0,LK51,82.0,0.6061028166666667,0.5971564333333333,101.37154666666667
2005-06-01,2005-06,June,Colombo,Western,2.0,25851.0,LK11,23.0,0.7272173733333333,0.7040921833333332,103.06670833333334
2005-06-01,2005-06,June,Galle,Southern,2.0,25846.0,LK31,54.0,0.8050901333333332,0.8009732366666666,100.48381
2005-06-01,2005-06,June,Gampaha,Western,2.0,25852.0,LK12,47.0,0.7700070666666666,0.7584368933333333,101.431188
2005-06-01,2005-06,June,Hambantota,Southern,2.0,25847.0,LK33,85.0,0.67524389,0.6984099533333333,96.90173800000001
2005-06-01,2005-06,June,Jaffna,Northern,2.0,25839.0,LK41,31.0,0.4762075266666666,0.48190153666666663,98.92827799999999
2005-06-01,2005-06,June,Kalutara,Western,2.0,25853.0,LK13,52.0,0.8076326766666666,0.7987041333333332,101.05200133333334
2005-06-01,2005-06,June,Kandy,Central,2.0,41748.0,LK21,60.0,0.78747219,0.7865019333333333,100.11598
2005-06-01,2005-06,June,Kegalle,Sabaragamuwa,2.0,25844.0,LK92,55.0,0.8431684666666667,0.8373326266666666,100.65764633333333
2005-06-01,2005-06,June,Kilinochchi,Northern,2.0,25840.0,LK45,41.0,0.5615772,0.5513656466666667,101.69918333333334
2005-06-01,2005-06,June,Kurunegala,North Western,2.0,25837.0,LK61,158.0,0.7761119766666668,0.7748695666666666,100.15009666666667
2005-06-01,2005-06,June,Mannar,Northern,2.0,25841.0,LK42,65.0,0.6579430733333334,0.6502179333333333,101.10219166666666
2005-06-01,2005-06,June,Matale,Central,2.0,25830.0,LK22,67.0,0.7607989933333332,0.7593344433333332,100.18025466666667
2005-06-01,2005-06,June,Matara,Southern,2.0,25848.0,LK32,39.0,0.8169017,0.8112293133333334,100.65863333333334
2005-06-01,2005-06,June,Monaragala,Uva,2.0,25850.0,LK82,186.0,0.7351661366666665,0.7310031866666667,100.52673133333333
2005-06-01,2005-06,June,Mullaitivu,Northern,2.0,25842.0,LK44,85.0,0.7184791666666667,0.6991408666666666,102.58152333333334
2005-06-01,2005-06,June,Nuwara Eliya,Central,2.0,41749.0,LK23,58.0,0.77071035,0.7738468,99.61898000000001
2005-06-01,2005-06,June,Polonnaruwa,North Central,2.0,25836.0,LK72,116.0,0.7059830333333333,0.6941723433333333,101.58732666666667
2005-06-01,2005-06,June,Puttalam,North Western,2.0,25838.0,LK62,107.0,0.6982345566666667,0.7017504666666667,99.53137633333334
2005-06-01,2005-06,June,Ratnapura,Sabaragamuwa,2.0,25845.0,LK91,108.0,0.8103048999999999,0.8067291666666666,100.41725699999999
2005-06-01,2005-06,June,Trincomalee,Eastern,2.0,25834.0,LK53,83.0,0.6893056333333334,0.6693011666666666,102.77915466666667
2005-06-01,2005-06,June,Vavuniya,Northern,2.0,25843.0,LK43,65.0,0.7214553566666666,0.7127846833333332,101.13762200000001
2005-07-01,2005-07,July,Ampara,Eastern,2.0,25832.0,LK52,147.0,0.6623442,0.66297264,99.89897333333333
2005-07-01,2005-07,July,Anuradhapura,North Central,2.0,25835.0,LK71,235.0,0.6769405666666666,0.66451175,101.74269133333333
2005-07-01,2005-07,July,Badulla,Uva,2.0,25849.0,LK81,94.0,0.7191198333333334,0.7170180433333333,100.269415
2005-07-01,2005-07,July,Batticaloa,Eastern,2.0,25833.0,LK51,82.0,0.5447788466666666,0.5537752966666667,98.49099333333334
2005-07-01,2005-07,July,Colombo,Western,2.0,25851.0,LK11,23.0,0.7163970766666666,0.7042327766666666,101.61181133333332
2005-07-01,2005-07,July,Galle,Southern,2.0,25846.0,LK31,54.0,0.7976827000000001,0.7963837866666666,100.15306533333334
2005-07-01,2005-07,July,Gampaha,Western,2.0,25852.0,LK12,47.0,0.7606815299999999,0.7523134333333333,101.04193500000001
2005-07-01,2005-07,July,Hambantota,Southern,2.0,25847.0,LK33,85.0,0.650429,0.6664425666666667,97.77025533333334
2005-07-01,2005-07,July,Jaffna,Northern,2.0,25839.0,LK41,31.0,0.45926665333333333,0.46375180666666665,99.12638199999999
2005-07-01,2005-07,July,Kalutara,Western,2.0,25853.0,LK13,52.0,0.7967224333333333,0.7950797433333333,100.19359833333333
2005-07-01,2005-07,July,Kandy,Central,2.0,41748.0,LK21,60.0,0.7787710833333333,0.7818825266666667,99.62533499999999
2005-07-01,2005-07,July,Kegalle,Sabaragamuwa,2.0,25844.0,LK92,55.0,0.8419278666666666,0.8361627166666666,100.65039466666667
2005-07-01,2005-07,July,Kilinochchi,Northern,2.0,25840.0,LK45,41.0,0.54864632,0.5403985833333333,101.39341466666667
2005-07-01,2005-07,July,Kurunegala,North Western,2.0,25837.0,LK61,158.0,0.7435603199999999,0.7443222666666666,99.90334666666666
2005-07-01,2005-07,July,Mannar,Northern,2.0,25841.0,LK42,65.0,0.6259235666666667,0.62472038,100.1724
2005-07-01,2005-07,July,Matale,Central,2.0,25830.0,LK22,67.0,0.74007261,0.7411886500000001,99.85786133333333
2005-07-01,2005-07,July,Matara,Southern,2.0,25848.0,LK32,39.0,0.8081495566666668,0.8077109,100.05032333333334
2005-07-01,2005-07,July,Monaragala,Uva,2.0,25850.0,LK82,186.0,0.68357527,0.6853212933333334,99.75915166666668
2005-07-01,2005-07,July,Mullaitivu,Northern,2.0,25842.0,LK44,85.0,0.7065501833333334,0.6886919566666667,102.416985
2005-07-01,2005-07,July,Nuwara Eliya,Central,2.0,41749.0,LK23,58.0,0.7567947866666667,0.7643455466666667,99.07215000000001
2005-07-01,2005-07,July,Polonnaruwa,North Central,2.0,25836.0,LK72,116.0,0.70727582,0.6896422566666667,102.38465666666667
2005-07-01,2005-07,July,Puttalam,North Western,2.0,25838.0,LK62,107.0,0.6639871833333334,0.6679628466666667,99.44544666666667
2005-07-01,2005-07,July,Ratnapura,Sabaragamuwa,2.0,25845.0,LK91,108.0,0.7956444166666667,0.7948234166666667,100.09605700000002
2005-07-01,2005-07,July,Trincomalee,Eastern,2.0,25834.0,LK53,83.0,0.6679457666666666,0.6580614966666667,101.39516833333333
2005-07-01,2005-07,July,Vavuniya,Northern,2.0,25843.0,LK43,65.0,0.7000886999999999,0.68687702,101.79299333333334
2005-08-01,2005-08,August,Ampara,Eastern,2.0,25832.0,LK52,147.0,0.6029695966666666,0.6297521233333333,96.05275333333333
2005-08-01,2005-08,August,Anuradhapura,North Central,2.0,25835.0,LK71,235.0,0.6463921666666667,0.6509886466666667,99.34355666666666
2005-08-01,2005-08,August,Badulla,Uva,2.0,25849.0,LK81,94.0,0.6847187933333334,0.7010389,97.82556699999999
2005-08-01,2005-08,August,Batticaloa,Eastern,2.0,25833.0,LK51,82.0,0.49606421666666667,0.5290863866666666,94.29526333333332
2005-08-01,2005-08,August,Colombo,Western,2.0,25851.0,LK11,23.0,0.7001709833333333,0.6977320533333332,100.32588
2005-08-01,2005-08,August,Galle,Southern,2.0,25846.0,LK31,54.0,0.7869376333333333,0.79401784,99.16114666666665
2005-08-01,2005-08,August,Gampaha,Western,2.0,25852.0,LK12,47.0,0.7400333166666666,0.7410126333333333,99.875428
2005-08-01,2005-08,August,Hambantota,Southern,2.0,25847.0,LK33,85.0,0.6093258666666667,0.6358906333333333,96.11692
2005-08-01,2005-08,August,Jaffna,Northern,2.0,25839.0,LK41,31.0,0.4451838666666667,0.46041914,97.01904666666667
2005-08-01,2005-08,August,Kalutara,Western,2.0,25853.0,LK13,52.0,0.7833891199999999,0.7902804933333334,99.17979466666667
2005-08-01,2005-08,August,Kandy,Central,2.0,41748.0,LK21,60.0,0.7604883233333334,0.7761413999999999,98.10472
2005-08-01,2005-08,August,Kegalle,Sabaragamuwa,2.0,25844.0,LK92,55.0,0.8313987433333333,0.83049366,100.10261966666667
2005-08-01,2005-08,August,Kilinochchi,Northern,2.0,25840.0,LK45,41.0,0.51017153,0.5262446000000001,97.20355333333333
2005-08-01,2005-08,August,Kurunegala,North Western,2.0,25837.0,LK61,158.0,0.6865364866666667,0.7056622866666666,97.45831833333334
2005-08-01,2005-08,August,Mannar,Northern,2.0,25841.0,LK42,65.0,0.5828276866666666,0.6115338466666667,95.65908999999999
2005-08-01,2005-08,August,Matale,Central,2.0,25830.0,LK22,67.0,0.7140532133333334,0.72781648,98.229404
2005-08-01,2005-08,August,Matara,Southern,2.0,25848.0,LK32,39.0,0.7887905533333334,0.7997613100000001,98.708332
2005-08-01,2005-08,August,Monaragala,Uva,2.0,25850.0,LK82,186.0,0.6519331333333334,0.6643590033333333,98.25999133333333
2005-08-01,2005-08,August,Mullaitivu,Northern,2.0,25842.0,LK44,85.0,0.6909839233333334,0.6894681,100.20684
2005-08-01,2005-08,August,Nuwara Eliya,Central,2.0,41749.0,LK23,58.0,0.7452413533333333,0.7604915800000001,98.11838999999999
2005-08-01,2005-08,August,Polonnaruwa,North Central,2.0,25836.0,LK72,116.0,0.6793318533333332,0.6756234133333333,100.50412333333334
2005-08-01,2005-08,August,Puttalam,North Western,2.0,25838.0,LK62,107.0,0.6124361066666667,0.6345897133333334,96.75535166666667
2005-08-01,2005-08,August,Ratnapura,Sabaragamuwa,2.0,25845.0,LK91,108.0,0.7727151000000001,0.7835099900000001,98.70409166666667
2005-08-01,2005-08,August,Trincomalee,Eastern,2.0,25834.0,LK53,83.0,0.6440863233333333,0.6609511433333334,97.63069833333334
2005-08-01,2005-08,August,Vavuniya,Northern,2.0,25843.0,LK43,65.0,0.6868712333333334,0.6878702466666667,99.868875
2005-09-01,2005-09,September,Ampara,Eastern,2.0,25832.0,LK52,147.0,0.5967235666666667,0.6329594333333334,94.691435
2005-09-01,2005-09,September,Anuradhapura,North Central,2.0,25835.0,LK71,235.0,0.6306848,0.6619698366666666,95.60972499999998
2005-09-01,2005-09,September,Badulla,Uva,2.0,25849.0,LK81,94.0,0.6821428933333333,0.7060127666666668,96.84298166666667
2005-09-01,2005-09,September,Batticaloa,Eastern,2.0,25833.0,LK51,82.0,0.5122626133333333,0.5397494566666667,95.32482666666665
2005-09-01,2005-09,September,Colombo,Western,2.0,25851.0,LK11,23.0,0.6992028666666666,0.6961392833333333,100.41052400000001
2005-09-01,2005-09,September,Galle,Southern,2.0,25846.0,LK31,54.0,0.78795678,0.7968295466666667,98.95214533333335
2005-09-01,2005-09,September,Gampaha,Western,2.0,25852.0,LK12,47.0,0.7320815333333334,0.7382961266666667,99.21171666666667
2005-09-01,2005-09,September,Hambantota,Southern,2.0,25847.0,LK33,85.0,0.5879901833333333,0.63163102,93.59654133333333
2005-09-01,2005-09,September,Jaffna,Northern,2.0,25839.0,LK41,31.0,0.4624343933333333,0.4845341333333333,95.85881
2005-09-01,2005-09,September,Kalutara,Western,2.0,25853.0,LK13,52.0,0.7854801,0.79020558,99.43747533333334
2005-09-01,2005-09,September,Kandy,Central,2.0,41748.0,LK21,60.0,0.7555133333333334,0.77577225,97.54652166666666
2005-09-01,2005-09,September,Kegalle,Sabaragamuwa,2.0,25844.0,LK92,55.0,0.8267587666666666,0.82574345,100.116
2005-09-01,2005-09,September,Kilinochchi,Northern,2.0,25840.0,LK45,41.0,0.49668208666666663,0.52585062,94.93323866666667
2005-09-01,2005-09,September,Kurunegala,North Western,2.0,25837.0,LK61,158.0,0.6560476866666667,0.7007411133333333,94.04868833333335
2005-09-01,2005-09,September,Mannar,Northern,2.0,25841.0,LK42,65.0,0.5780487200000001,0.62242828,93.39809833333334
2005-09-01,2005-09,September,Matale,Central,2.0,25830.0,LK22,67.0,0.7092263666666666,0.73437527,96.79513166666668
2005-09-01,2005-09,September,Matara,Southern,2.0,25848.0,LK32,39.0,0.7822059666666666,0.7964650633333333,98.31543633333332
2005-09-01,2005-09,September,Monaragala,Uva,2.0,25850.0,LK82,186.0,0.66275,0.67865846,97.81409000000001
2005-09-01,2005-09,September,Mullaitivu,Northern,2.0,25842.0,LK44,85.0,0.6945133,0.7039018433333334,98.75505
2005-09-01,2005-09,September,Nuwara Eliya,Central,2.0,41749.0,LK23,58.0,0.7479011133333332,0.7645634333333334,97.954088
2005-09-01,2005-09,September,Polonnaruwa,North Central,2.0,25836.0,LK72,116.0,0.6523304333333333,0.66211692,98.62596500000001
2005-09-01,2005-09,September,Puttalam,North Western,2.0,25838.0,LK62,107.0,0.59197411,0.6389632333333334,93.18507
2005-09-01,2005-09,September,Ratnapura,Sabaragamuwa,2.0,25845.0,LK91,108.0,0.7687885799999999,0.7821766166666667,98.39102866666667
2005-09-01,2005-09,September,Trincomalee,Eastern,2.0,25834.0,LK53,83.0,0.65138153,0.67273578,97.04171000000001
2005-09-01,2005-09,September,Vavuniya,Northern,2.0,25843.0,LK43,65.0,0.69000204,0.7114957333333334,97.18314666666667
2005-10-01,2005-10,October,Ampara,Eastern,2.0,25832.0,LK52,147.0,0.6553716333333334,0.6726984566666667,97.58117
2005-10-01,2005-10,October,Anuradhapura,North Central,2.0,25835.0,LK71,235.0,0.68816978,0.7050825566666666,97.73606133333334
2005-10-01,2005-10,October,Badulla,Uva,2.0,25849.0,LK81,94.0,0.7192070966666666,0.73642772,97.80216666666666
2005-10-01,2005-10,October,Batticaloa,Eastern,2.0,25833.0,LK51,82.0,0.5919304766666666,0.58577872,100.92283333333334
2005-10-01,2005-10,October,Colombo,Western,2.0,25851.0,LK11,23.0,0.7065883666666667,0.6993316900000001,100.96820666666667
2005-10-01,2005-10,October,Galle,Southern,2.0,25846.0,LK31,54.0,0.7984499966666667,0.80463834,99.27562
2005-10-01,2005-10,October,Gampaha,Western,2.0,25852.0,LK12,47.0,0.7395354466666667,0.7456929666666667,99.22564666666666
2005-10-01,2005-10,October,Hambantota,Southern,2.0,25847.0,LK33,85.0,0.6575999633333334,0.67526712,97.51961333333333
2005-10-01,2005-10,October,Jaffna,Northern,2.0,25839.0,LK41,31.0,0.5331333133333334,0.53861731,99.03279333333334
2005-10-01,2005-10,October,Kalutara,Western,2.0,25853.0,LK13,52.0,0.7933326833333334,0.7947389133333332,99.83338333333334
2005-10-01,2005-10,October,Kandy,Central,2.0,41748.0,LK21,60.0,0.77473108,0.7867203666666667,98.56478666666665
2005-10-01,2005-10,October,Kegalle,Sabaragamuwa,2.0,25844.0,LK92,55.0,0.8288763533333333,0.8250890333333333,100.43275466666667
2005-10-01,2005-10,October,Kilinochchi,Northern,2.0,25840.0,LK45,41.0,0.5527642066666666,0.5664579066666667,97.74638
2005-10-01,2005-10,October,Kurunegala,North Western,2.0,25837.0,LK61,158.0,0.6995461666666666,0.7316796600000001,95.87153133333334
2005-10-01,2005-10,October,Mannar,Northern,2.0,25841.0,LK42,65.0,0.6437815133333333,0.6693824666666667,96.41145
2005-10-01,2005-10,October,Matale,Central,2.0,25830.0,LK22,67.0,0.7464452766666666,0.7646746466666666,97.753226
2005-10-01,2005-10,October,Matara,Southern,2.0,25848.0,LK32,39.0,0.7903854199999999,0.8024033333333334,98.58987666666667
2005-10-01,2005-10,October,Monaragala,Uva,2.0,25850.0,LK82,186.0,0.72257363,0.7241691666666666,99.78025866666667
2005-10-01,2005-10,October,Mullaitivu,Northern,2.0,25842.0,LK44,85.0,0.7304937099999999,0.7338299833333334,99.5698
2005-10-01,2005-10,October,Nuwara Eliya,Central,2.0,41749.0,LK23,58.0,0.7691701000000001,0.7775780666666666,98.98186333333332
2005-10-01,2005-10,October,Polonnaruwa,North Central,2.0,25836.0,LK72,116.0,0.69130373,0.6956889,99.40123999999999
2005-10-01,2005-10,October,Puttalam,North Western,2.0,25838.0,LK62,107.0,0.6462853366666667,0.6856798166666667,94.619048
2005-10-01,2005-10,October,Ratnapura,Sabaragamuwa,2.0,25845.0,LK91,108.0,0.7873719100000001,0.7957741733333333,99.00510666666666
2005-10-01,2005-10,October,Trincomalee,Eastern,2.0,25834.0,LK53,83.0,0.7030819133333334,0.7037558566666666,99.89944000000001
2005-10-01,2005-10,October,Vavuniya,Northern,2.0,25843.0,LK43,65.0,0.73234868,0.7542895333333334,97.264888
2005-11-01,2005-11,November,Ampara,Eastern,2.0,25832.0,LK52,147.0,0.7273158633333333,0.73024149,99.62284533333333
2005-11-01,2005-11,November,Anuradhapura,North Central,2.0,25835.0,LK71,235.0,0.7545564100000001,0.75418649,100.04267666666665
2005-11-01,2005-11,November,Badulla,Uva,2.0,25849.0,LK81,94.0,0.7660556333333334,0.7692643666666666,99.60641700000001
2005-11-01,2005-11,November,Batticaloa,Eastern,2.0,25833.0,LK51,82.0,0.6927105666666667,0.6684093433333334,103.385012
2005-11-01,2005-11,November,Colombo,Western,2.0,25851.0,LK11,23.0,0.7084637233333333,0.6999362000000001,101.13706666666667
2005-11-01,2005-11,November,Galle,Southern,2.0,25846.0,LK31,54.0,0.8043641499999999,0.8110670066666666,99.22173566666667
2005-11-01,2005-11,November,Gampaha,Western,2.0,25852.0,LK12,47.0,0.7563581233333333,0.7596452866666666,99.593685
2005-11-01,2005-11,November,Hambantota,Southern,2.0,25847.0,LK33,85.0,0.74913059,0.7371608566666668,101.517357
2005-11-01,2005-11,November,Jaffna,Northern,2.0,25839.0,LK41,31.0,0.6045085833333333,0.6011712133333333,100.52003166666667
2005-11-01,2005-11,November,Kalutara,Western,2.0,25853.0,LK13,52.0,0.7967512366666667,0.7982270133333333,99.82603333333333
2005-11-01,2005-11,November,Kandy,Central,2.0,41748.0,LK21,60.0,0.7981222,0.8012197633333334,99.63577133333332
2005-11-01,2005-11,November,Kegalle,Sabaragamuwa,2.0,25844.0,LK92,55.0,0.83037575,0.82791171,100.28079333333334
2005-11-01,2005-11,November,Kilinochchi,Northern,2.0,25840.0,LK45,41.0,0.6413219433333334,0.6432878833333334,99.71818166666667
2005-11-01,2005-11,November,Kurunegala,North Western,2.0,25837.0,LK61,158.0,0.7653388,0.7751060133333333,98.81039333333335
2005-11-01,2005-11,November,Mannar,Northern,2.0,25841.0,LK42,65.0,0.7219435466666667,0.7253331,99.55675333333333
2005-11-01,2005-11,November,Matale,Central,2.0,25830.0,LK22,67.0,0.7911004666666667,0.7938021000000001,99.67847033333334
2005-11-01,2005-11,November,Matara,Southern,2.0,25848.0,LK32,39.0,0.8041298966666667,0.81549072,98.68738666666667
2005-11-01,2005-11,November,Monaragala,Uva,2.0,25850.0,LK82,186.0,0.7824318866666667,0.77563148,100.82479333333333
2005-11-01,2005-11,November,Mullaitivu,Northern,2.0,25842.0,LK44,85.0,0.7659513566666667,0.7649793100000001,100.11966199999999
2005-11-01,2005-11,November,Nuwara Eliya,Central,2.0,41749.0,LK23,58.0,0.7922149333333334,0.7932364766666667,99.87866333333334
2005-11-01,2005-11,November,Polonnaruwa,North Central,2.0,25836.0,LK72,116.0,0.7444051666666667,0.7374111633333333,100.88459999999999
2005-11-01,2005-11,November,Puttalam,North Western,2.0,25838.0,LK62,107.0,0.7263454333333333,0.7389796133333334,98.38991833333334
2005-11-01,2005-11,November,Ratnapura,Sabaragamuwa,2.0,25845.0,LK91,108.0,0.8093034,0.8127910133333334,99.595535
2005-11-01,2005-11,November,Trincomalee,Eastern,2.0,25834.0,LK53,83.0,0.7466617900000001,0.7405627566666667,100.77252666666668
2005-11-01,2005-11,November,Vavuniya,Northern,2.0,25843.0,LK43,65.0,0.7808845866666667,0.7915826566666667,98.72654966666668
2005-12-01,2005-12,December,Ampara,Eastern,2.0,25832.0,LK52,147.0,0.7785224,0.7766607333333333,100.221827
2005-12-01,2005-12,December,Anuradhapura,North Central,2.0,25835.0,LK71,235.0,0.7918447799999999,0.7848832833333333,100.83246866666667
2005-12-01,2005-12,December,Badulla,Uva,2.0,25849.0,LK81,94.0,0.7890404333333333,0.7869486866666667,100.249305
2005-12-01,2005-12,December,Batticaloa,Eastern,2.0,25833.0,LK51,82.0,0.7470207166666668,0.7287191533333334,102.35413166666667
2005-12-01,2005-12,December,Colombo,Western,2.0,25851.0,LK11,23.0,0.7027391399999999,0.6931179466666667,101.295452
2005-12-01,2005-12,December,Galle,Southern,2.0,25846.0,LK31,54.0,0.8050043133333333,0.8138152533333334,98.97998
2005-12-01,2005-12,December,Gampaha,Western,2.0,25852.0,LK12,47.0,0.7646481999999999,0.7628569066666667,100.22129666666667
2005-12-01,2005-12,December,Hambantota,Southern,2.0,25847.0,LK33,85.0,0.7725870566666666,0.7700227133333333,100.31663866666668
2005-12-01,2005-12,December,Jaffna,Northern,2.0,25839.0,LK41,31.0,0.6183935333333334,0.6252972966666667,98.978
2005-12-01,2005-12,December,Kalutara,Western,2.0,25853.0,LK13,52.0,0.7974897100000001,0.7963954366666667,100.12977799999999
2005-12-01,2005-12,December,Kandy,Central,2.0,41748.0,LK21,60.0,0.8039738766666668,0.8061117200000001,99.75027833333333
2005-12-01,2005-12,December,Kegalle,Sabaragamuwa,2.0,25844.0,LK92,55.0,0.8265175233333334,0.8268434299999999,99.96279866666667
2005-12-01,2005-12,December,Kilinochchi,Northern,2.0,25840.0,LK45,41.0,0.6870723333333334,0.6934801566666667,99.13884133333333
2005-12-01,2005-12,December,Kurunegala,North Western,2.0,25837.0,LK61,158.0,0.8058181166666666,0.8019920066666666,100.44749200000001
2005-12-01,2005-12,December,Mannar,Northern,2.0,25841.0,LK42,65.0,0.7583907466666666,0.7516517333333333,100.83909333333334
2005-12-01,2005-12,December,Matale,Central,2.0,25830.0,LK22,67.0,0.8105810800000001,0.8089373566666667,100.19102133333332
2005-12-01,2005-12,December,Matara,Southern,2.0,25848.0,LK32,39.0,0.8146666566666667,0.8252643266666667,98.78910333333333
2005-12-01,2005-12,December,Monaragala,Uva,2.0,25850.0,LK82,186.0,0.8054958466666666,0.8032846,100.259878
2005-12-01,2005-12,December,Mullaitivu,Northern,2.0,25842.0,LK44,85.0,0.77897918,0.7785315666666667,100.05394666666666
2005-12-01,2005-12,December,Nuwara Eliya,Central,2.0,41749.0,LK23,58.0,0.7943224,0.7976402033333333,99.608453
2005-12-01,2005-12,December,Polonnaruwa,North Central,2.0,25836.0,LK72,116.0,0.7870249833333333,0.7602516,103.29906
2005-12-01,2005-12,December,Puttalam,North Western,2.0,25838.0,LK62,107.0,0.75793518,0.7589746666666667,99.87121666666667
2005-12-01,2005-12,December,Ratnapura,Sabaragamuwa,2.0,25845.0,LK91,108.0,0.8153885500000001,0.81920739,99.56065333333333
2005-12-01,2005-12,December,Trincomalee,Eastern,2.0,25834.0,LK53,83.0,0.7701080066666667,0.76396468,100.75412533333333
2005-12-01,2005-12,December,Vavuniya,Northern,2.0,25843.0,LK43,65.0,0.8049030699999999,0.8042701600000001,100.07365133333333
2006-01-01,2006-01,January,Ampara,Eastern,2.0,25832.0,LK52,147.0,0.7967906866666666,0.7833097133333333,101.62037500000001
2006-01-01,2006-01,January,Anuradhapura,North Central,2.0,25835.0,LK71,235.0,0.8044787000000001,0.7924991,101.42292533333334
2006-01-01,2006-01,January,Badulla,Uva,2.0,25849.0,LK81,94.0,0.7949077666666667,0.7926376866666667,100.269265
2006-01-01,2006-01,January,Batticaloa,Eastern,2.0,25833.0,LK51,82.0,0.7321292333333332,0.7211823599999999,101.41919
2006-01-01,2006-01,January,Colombo,Western,2.0,25851.0,LK11,23.0,0.6877709766666666,0.6720614033333333,102.17776366666668
2006-01-01,2006-01,January,Galle,Southern,2.0,25846.0,LK31,54.0,0.8078536866666667,0.8078158633333333,100.00587866666666
2006-01-01,2006-01,January,Gampaha,Western,2.0,25852.0,LK12,47.0,0.75137658,0.7362003333333332,101.93756
2006-01-01,2006-01,January,Hambantota,Southern,2.0,25847.0,LK33,85.0,0.7728513866666665,0.77555122,99.67420299999999
2006-01-01,2006-01,January,Jaffna,Northern,2.0,25839.0,LK41,31.0,0.5970483633333333,0.6014972866666667,99.32414999999999
2006-01-01,2006-01,January,Kalutara,Western,2.0,25853.0,LK13,52.0,0.7910268866666668,0.7819341033333332,101.09377
2006-01-01,2006-01,January,Kandy,Central,2.0,41748.0,LK21,60.0,0.7973471866666667,0.7984849533333334,99.86648666666667
2006-01-01,2006-01,January,Kegalle,Sabaragamuwa,2.0,25844.0,LK92,55.0,0.8125357466666667,0.8109299999999999,100.18730833333332
2006-01-01,2006-01,January,Kilinochchi,Northern,2.0,25840.0,LK45,41.0,0.6729056666666667,0.6806254666666667,98.94447666666667
2006-01-01,2006-01,January,Kurunegala,North Western,2.0,25837.0,LK61,158.0,0.79896601,0.7805691266666667,102.22447666666666
2006-01-01,2006-01,January,Mannar,Northern,2.0,25841.0,LK42,65.0,0.7645887133333334,0.7527504566666666,101.47466833333334
2006-01-01,2006-01,January,Matale,Central,2.0,25830.0,LK22,67.0,0.8169571933333334,0.8147227899999999,100.25838633333335
2006-01-01,2006-01,January,Matara,Southern,2.0,25848.0,LK32,39.0,0.8153692333333332,0.8164981633333334,99.872477
2006-01-01,2006-01,January,Monaragala,Uva,2.0,25850.0,LK82,186.0,0.80402435,0.8022891,100.20435666666667
2006-01-01,2006-01,January,Mullaitivu,Northern,2.0,25842.0,LK44,85.0,0.7766889933333333,0.7719806333333333,100.57395666666666
2006-01-01,2006-01,January,Nuwara Eliya,Central,2.0,41749.0,LK23,58.0,0.7824425066666666,0.7875915333333333,99.38568333333335
2006-01-01,2006-01,January,Polonnaruwa,North Central,2.0,25836.0,LK72,116.0,0.80946235,0.7867867866666667,102.71333466666668
2006-01-01,2006-01,January,Puttalam,North Western,2.0,25838.0,LK62,107.0,0.75150125,0.7442575466666667,100.91685533333333
2006-01-01,2006-01,January,Ratnapura,Sabaragamuwa,2.0,25845.0,LK91,108.0,0.8093743733333333,0.8121014333333333,99.68404333333335
2006-01-01,2006-01,January,Trincomalee,Eastern,2.0,25834.0,LK53,83.0,0.7751413333333333,0.76624178,101.09078999999998
2006-01-01,2006-01,January,Vavuniya,Northern,2.0,25843.0,LK43,65.0,0.8063507466666667,0.7948951333333333,101.35771333333332
2006-02-01,2006-02,February,Ampara,Eastern,2.0,25832.0,LK52,147.0,0.7623643566666667,0.7432987,102.40413333333333
2006-02-01,2006-02,February,Anuradhapura,North Central,2.0,25835.0,LK71,235.0,0.7786575733333333,0.75761819,102.61242
2006-02-01,2006-02,February,Badulla,Uva,2.0,25849.0,LK81,94.0,0.7806616633333334,0.7792860999999999,100.16608533333333
2006-02-01,2006-02,February,Batticaloa,Eastern,2.0,25833.0,LK51,82.0,0.6836743533333333,0.6692407333333333,102.01135866666668
2006-02-01,2006-02,February,Colombo,Western,2.0,25851.0,LK11,23.0,0.6730405466666666,0.6544099333333334,102.64504333333332
2006-02-01,2006-02,February,Galle,Southern,2.0,25846.0,LK31,54.0,0.7991320833333333,0.7933937333333333,100.68041999999998
2006-02-01,2006-02,February,Gampaha,Western,2.0,25852.0,LK12,47.0,0.7277262133333333,0.7034402433333332,103.22413333333333
2006-02-01,2006-02,February,Hambantota,Southern,2.0,25847.0,LK33,85.0,0.7580168533333334,0.7486602666666666,101.17561666666667
2006-02-01,2006-02,February,Jaffna,Northern,2.0,25839.0,LK41,31.0,0.5587860066666667,0.5498484466666667,101.50469199999999
2006-02-01,2006-02,February,Kalutara,Western,2.0,25853.0,LK13,52.0,0.7736384666666667,0.7683292866666666,100.64834066666667
2006-02-01,2006-02,February,Kandy,Central,2.0,41748.0,LK21,60.0,0.7885044533333333,0.7830002333333334,100.661852
2006-02-01,2006-02,February,Kegalle,Sabaragamuwa,2.0,25844.0,LK92,55.0,0.7996193799999999,0.7953982866666666,100.49940333333332
2006-02-01,2006-02,February,Kilinochchi,Northern,2.0,25840.0,LK45,41.0,0.6262333333333333,0.62443539,100.279545
2006-02-01,2006-02,February,Kurunegala,North Western,2.0,25837.0,LK61,158.0,0.7529466,0.7190770733333333,104.415148
2006-02-01,2006-02,February,Mannar,Northern,2.0,25841.0,LK42,65.0,0.7460661000000001,0.7307267533333333,101.96811500000001
2006-02-01,2006-02,February,Matale,Central,2.0,25830.0,LK22,67.0,0.8049402766666667,0.7999620333333333,100.58721666666668
2006-02-01,2006-02,February,Matara,Southern,2.0,25848.0,LK32,39.0,0.8028051266666667,0.7943172133333333,101.00596666666667
2006-02-01,2006-02,February,Monaragala,Uva,2.0,25850.0,LK82,186.0,0.7870300766666668,0.7800976533333334,100.83636666666666
2006-02-01,2006-02,February,Mullaitivu,Northern,2.0,25842.0,LK44,85.0,0.7632423433333333,0.7505555999999999,101.587325
2006-02-01,2006-02,February,Nuwara Eliya,Central,2.0,41749.0,LK23,58.0,0.7745264166666667,0.7738566566666667,100.08203666666668
2006-02-01,2006-02,February,Polonnaruwa,North Central,2.0,25836.0,LK72,116.0,0.7784410933333333,0.7762176233333333,100.26408166666666
2006-02-01,2006-02,February,Puttalam,North Western,2.0,25838.0,LK62,107.0,0.7327174466666667,0.7083814966666667,103.217244
2006-02-01,2006-02,February,Ratnapura,Sabaragamuwa,2.0,25845.0,LK91,108.0,0.8004404166666667,0.8001612833333334,100.03306133333335
2006-02-01,2006-02,February,Trincomalee,Eastern,2.0,25834.0,LK53,83.0,0.7502770833333333,0.73724276,101.658978
2006-02-01,2006-02,February,Vavuniya,Northern,2.0,25843.0,LK43,65.0,0.7853969099999999,0.7669161,102.26484666666666
2006-03-01,2006-03,March,Ampara,Eastern,2.0,25832.0,LK52,147.0,0.7122750666666667,0.6993939033333333,101.71280833333333
2006-03-01,2006-03,March,Anuradhapura,North Central,2.0,25835.0,LK71,235.0,0.7404826933333334,0.7122368166666666,103.70487666666666
2006-03-01,2006-03,March,Badulla,Uva,2.0,25849.0,LK81,94.0,0.7601847300000001,0.7597539233333334,100.05240133333332
2006-03-01,2006-03,March,Batticaloa,Eastern,2.0,25833.0,LK51,82.0,0.6399577,0.6270425733333332,101.90222999999999
2006-03-01,2006-03,March,Colombo,Western,2.0,25851.0,LK11,23.0,0.6753840233333334,0.6577345133333333,102.49503
2006-03-01,2006-03,March,Galle,Southern,2.0,25846.0,LK31,54.0,0.7888654,0.7874191600000001,100.17288333333333
2006-03-01,2006-03,March,Gampaha,Western,2.0,25852.0,LK12,47.0,0.7166177333333333,0.6998973133333334,102.23316333333332
2006-03-01,2006-03,March,Hambantota,Southern,2.0,25847.0,LK33,85.0,0.7199089933333332,0.7118593333333333,101.05172
2006-03-01,2006-03,March,Jaffna,Northern,2.0,25839.0,LK41,31.0,0.52784839,0.5109923333333334,103.00410866666668
2006-03-01,2006-03,March,Kalutara,Western,2.0,25853.0,LK13,52.0,0.7713807433333333,0.77279975,99.82835999999999
2006-03-01,2006-03,March,Kandy,Central,2.0,41748.0,LK21,60.0,0.7794916333333334,0.7727419133333333,100.82019666666667
2006-03-01,2006-03,March,Kegalle,Sabaragamuwa,2.0,25844.0,LK92,55.0,0.8030527266666666,0.7990706866666667,100.46939866666666
2006-03-01,2006-03,March,Kilinochchi,Northern,2.0,25840.0,LK45,41.0,0.5917341066666667,0.58135265,101.64356633333334
2006-03-01,2006-03,March,Kurunegala,North Western,2.0,25837.0,LK61,158.0,0.722235,0.6883870466666666,104.585675
2006-03-01,2006-03,March,Mannar,Northern,2.0,25841.0,LK42,65.0,0.7229892266666665,0.7011477333333334,102.90740466666666
2006-03-01,2006-03,March,Matale,Central,2.0,25830.0,LK22,67.0,0.78492186,0.7756171233333333,101.126728
2006-03-01,2006-03,March,Matara,Southern,2.0,25848.0,LK32,39.0,0.7871401333333333,0.7825581666666667,100.55005833333333
2006-03-01,2006-03,March,Monaragala,Uva,2.0,25850.0,LK82,186.0,0.7701634333333334,0.7631427466666666,100.86288
2006-03-01,2006-03,March,Mullaitivu,Northern,2.0,25842.0,LK44,85.0,0.7470964333333333,0.7284733299999999,102.39240333333333
2006-03-01,2006-03,March,Nuwara Eliya,Central,2.0,41749.0,LK23,58.0,0.7711695466666667,0.76845832,100.331295
2006-03-01,2006-03,March,Polonnaruwa,North Central,2.0,25836.0,LK72,116.0,0.7278706566666666,0.7271072466666667,100.10424666666667
2006-03-01,2006-03,March,Puttalam,North Western,2.0,25838.0,LK62,107.0,0.71584298,0.6856575333333333,104.102348
2006-03-01,2006-03,March,Ratnapura,Sabaragamuwa,2.0,25845.0,LK91,108.0,0.7973416566666667,0.7967155966666667,100.07404799999999
2006-03-01,2006-03,March,Trincomalee,Eastern,2.0,25834.0,LK53,83.0,0.7150349166666666,0.6988553533333333,102.15949
2006-03-01,2006-03,March,Vavuniya,Northern,2.0,25843.0,LK43,65.0,0.76410562,0.7414863666666666,102.85745833333333
2006-04-01,2006-04,April,Ampara,Eastern,2.0,25832.0,LK52,147.0,0.67942992,0.6831142633333332,99.49806466666666
2006-04-01,2006-04,April,Anuradhapura,North Central,2.0,25835.0,LK71,235.0,0.7201988666666667,0.71229456,101.04643333333333
2006-04-01,2006-04,April,Badulla,Uva,2.0,25849.0,LK81,94.0,0.7485847166666666,0.7551976666666667,99.17905300000001
2006-04-01,2006-04,April,Batticaloa,Eastern,2.0,25833.0,LK51,82.0,0.6036158500000001,0.60768549,99.37950133333334
2006-04-01,2006-04,April,Colombo,Western,2.0,25851.0,LK11,23.0,0.6854898233333332,0.6772539700000001,101.13559666666667
2006-04-01,2006-04,April,Galle,Southern,2.0,25846.0,LK31,54.0,0.78633825,0.79412357,99.0783
2006-04-01,2006-04,April,Gampaha,Western,2.0,25852.0,LK12,47.0,0.7215212466666667,0.7242393766666666,99.65444666666667
2006-04-01,2006-04,April,Hambantota,Southern,2.0,25847.0,LK33,85.0,0.68455881,0.7008370866666667,97.83425333333332
2006-04-01,2006-04,April,Jaffna,Northern,2.0,25839.0,LK41,31.0,0.4979677433333333,0.49807874333333335,99.97887833333334
2006-04-01,2006-04,April,Kalutara,Western,2.0,25853.0,LK13,52.0,0.7825346,0.7875598333333333,99.40003666666667
2006-04-01,2006-04,April,Kandy,Central,2.0,41748.0,LK21,60.0,0.7749155666666666,0.7766860666666666,99.78678833333333
2006-04-01,2006-04,April,Kegalle,Sabaragamuwa,2.0,25844.0,LK92,55.0,0.8173575333333334,0.8171027799999999,100.03008
2006-04-01,2006-04,April,Kilinochchi,Northern,2.0,25840.0,LK45,41.0,0.5583512033333333,0.5641594166666667,99.05157066666668
2006-04-01,2006-04,April,Kurunegala,North Western,2.0,25837.0,LK61,158.0,0.7226400666666667,0.7250464233333332,99.718095
2006-04-01,2006-04,April,Mannar,Northern,2.0,25841.0,LK42,65.0,0.6897692166666666,0.6830917666666667,100.90816666666667
2006-04-01,2006-04,April,Matale,Central,2.0,25830.0,LK22,67.0,0.76717706,0.76829087,99.86472466666667
2006-04-01,2006-04,April,Matara,Southern,2.0,25848.0,LK32,39.0,0.7810307833333333,0.78895477,99.05691666666667
2006-04-01,2006-04,April,Monaragala,Uva,2.0,25850.0,LK82,186.0,0.7596024866666666,0.7644638666666667,99.40418
2006-04-01,2006-04,April,Mullaitivu,Northern,2.0,25842.0,LK44,85.0,0.7270866433333333,0.714852,101.598908
2006-04-01,2006-04,April,Nuwara Eliya,Central,2.0,41749.0,LK23,58.0,0.7715505333333333,0.7739699466666666,99.70677666666666
2006-04-01,2006-04,April,Polonnaruwa,North Central,2.0,25836.0,LK72,116.0,0.70424971,0.69618518,101.08088200000002
2006-04-01,2006-04,April,Puttalam,North Western,2.0,25838.0,LK62,107.0,0.6947700800000001,0.6956772999999999,99.89021000000001
2006-04-01,2006-04,April,Ratnapura,Sabaragamuwa,2.0,25845.0,LK91,108.0,0.7977790033333333,0.8041900966666665,99.250255
2006-04-01,2006-04,April,Trincomalee,Eastern,2.0,25834.0,LK53,83.0,0.68725141,0.6763330233333334,101.50277466666667
2006-04-01,2006-04,April,Vavuniya,Northern,2.0,25843.0,LK43,65.0,0.74899125,0.7370928533333334,101.51275300000002
2006-05-01,2006-05,May,Ampara,Eastern,2.0,25832.0,LK52,147.0,0.6751307999999999,0.6942442600000001,97.43395333333335
2006-05-01,2006-05,May,Anuradhapura,North Central,2.0,25835.0,LK71,235.0,0.71923232,0.72566436,99.17087833333335
2006-05-01,2006-05,May,Badulla,Uva,2.0,25849.0,LK81,94.0,0.7464279899999999,0.7554970333333334,98.87412533333334
2006-05-01,2006-05,May,Batticaloa,Eastern,2.0,25833.0,LK51,82.0,0.58033248,0.6097193333333334,95.54692666666666
2006-05-01,2006-05,May,Colombo,Western,2.0,25851.0,LK11,23.0,0.6970652333333334,0.6955265166666668,100.20728133333334
2006-05-01,2006-05,May,Galle,Southern,2.0,25846.0,LK31,54.0,0.7924432,0.8004023433333334,99.063925
2006-05-01,2006-05,May,Gampaha,Western,2.0,25852.0,LK12,47.0,0.7397460666666666,0.74915808,98.82225666666666
2006-05-01,2006-05,May,Hambantota,Southern,2.0,25847.0,LK33,85.0,0.6682987866666666,0.7062601000000001,94.98059533333333
2006-05-01,2006-05,May,Jaffna,Northern,2.0,25839.0,LK41,31.0,0.46688173000000005,0.49670642333333337,94.54119866666667
2006-05-01,2006-05,May,Kalutara,Western,2.0,25853.0,LK13,52.0,0.7935653833333333,0.7966547366666666,99.63507
2006-05-01,2006-05,May,Kandy,Central,2.0,41748.0,LK21,60.0,0.7785222133333334,0.7845254766666666,99.28062833333335
2006-05-01,2006-05,May,Kegalle,Sabaragamuwa,2.0,25844.0,LK92,55.0,0.8287387933333333,0.8317203266666667,99.66220833333334
2006-05-01,2006-05,May,Kilinochchi,Northern,2.0,25840.0,LK45,41.0,0.5360276466666667,0.5603386866666668,96.01574
2006-05-01,2006-05,May,Kurunegala,North Western,2.0,25837.0,LK61,158.0,0.74665316,0.7688743966666666,97.28571366666667
2006-05-01,2006-05,May,Mannar,Northern,2.0,25841.0,LK42,65.0,0.6614584466666668,0.67330281,98.35973666666666
2006-05-01,2006-05,May,Matale,Central,2.0,25830.0,LK22,67.0,0.7596666500000001,0.7697553166666666,98.76931133333333
2006-05-01,2006-05,May,Matara,Southern,2.0,25848.0,LK32,39.0,0.7918598066666668,0.8025984233333333,98.74003333333333
2006-05-01,2006-05,May,Monaragala,Uva,2.0,25850.0,LK82,186.0,0.7455349166666666,0.7616334866666667,98.01502666666666
2006-05-01,2006-05,May,Mullaitivu,Northern,2.0,25842.0,LK44,85.0,0.72002627,0.70917131,101.43021266666666
2006-05-01,2006-05,May,Nuwara Eliya,Central,2.0,41749.0,LK23,58.0,0.7761580133333333,0.7783765833333334,99.73218166666668
2006-05-01,2006-05,May,Polonnaruwa,North Central,2.0,25836.0,LK72,116.0,0.6960522666666668,0.6925152333333333,100.47615466666666
2006-05-01,2006-05,May,Puttalam,North Western,2.0,25838.0,LK62,107.0,0.6841261133333333,0.7109920000000001,96.47023999999999
2006-05-01,2006-05,May,Ratnapura,Sabaragamuwa,2.0,25845.0,LK91,108.0,0.7991308466666668,0.8096791900000001,98.77300466666667
2006-05-01,2006-05,May,Trincomalee,Eastern,2.0,25834.0,LK53,83.0,0.6848072033333333,0.6749312466666666,101.36230533333332
2006-05-01,2006-05,May,Vavuniya,Northern,2.0,25843.0,LK43,65.0,0.7404974000000001,0.73722455,100.41500466666666
2006-06-01,2006-06,June,Ampara,Eastern,2.0,25832.0,LK52,147.0,0.6752646066666667,0.69607917,97.21170466666666
2006-06-01,2006-06,June,Anuradhapura,North Central,2.0,25835.0,LK71,235.0,0.6892678,0.6999913666666666,98.56450333333333
2006-06-01,2006-06,June,Badulla,Uva,2.0,25849.0,LK81,94.0,0.73617444,0.7429939533333334,99.14130499999999
2006-06-01,2006-06,June,Batticaloa,Eastern,2.0,25833.0,LK51,82.0,0.5510568833333332,0.5971564333333333,92.87456833333333
2006-06-01,2006-06,June,Colombo,Western,2.0,25851.0,LK11,23.0,0.6994086666666667,0.7040921833333332,99.37905666666666
2006-06-01,2006-06,June,Galle,Southern,2.0,25846.0,LK31,54.0,0.7901876133333333,0.8009732366666666,98.73236000000001
2006-06-01,2006-06,June,Gampaha,Western,2.0,25852.0,LK12,47.0,0.7486716233333333,0.7584368933333333,98.79208333333334
2006-06-01,2006-06,June,Hambantota,Southern,2.0,25847.0,LK33,85.0,0.66055488,0.6984099533333333,94.94457499999999
2006-06-01,2006-06,June,Jaffna,Northern,2.0,25839.0,LK41,31.0,0.43505162,0.48190153666666663,91.18518866666666
2006-06-01,2006-06,June,Kalutara,Western,2.0,25853.0,LK13,52.0,0.7894999866666667,0.7987041333333332,98.91538833333334
2006-06-01,2006-06,June,Kandy,Central,2.0,41748.0,LK21,60.0,0.7806866666666666,0.7865019333333333,99.304818
2006-06-01,2006-06,June,Kegalle,Sabaragamuwa,2.0,25844.0,LK92,55.0,0.8285351433333333,0.8373326266666666,99.00858999999998
2006-06-01,2006-06,June,Kilinochchi,Northern,2.0,25840.0,LK45,41.0,0.5215658533333333,0.5513656466666667,95.04415666666667
2006-06-01,2006-06,June,Kurunegala,North Western,2.0,25837.0,LK61,158.0,0.7616406666666666,0.7748695666666666,98.39842833333334
2006-06-01,2006-06,June,Mannar,Northern,2.0,25841.0,LK42,65.0,0.6243866333333333,0.6502179333333333,96.30321833333333
2006-06-01,2006-06,June,Matale,Central,2.0,25830.0,LK22,67.0,0.7493850599999999,0.7593344433333332,98.77067799999999
2006-06-01,2006-06,June,Matara,Southern,2.0,25848.0,LK32,39.0,0.8007777766666667,0.8112293133333334,98.78655633333334
2006-06-01,2006-06,June,Monaragala,Uva,2.0,25850.0,LK82,186.0,0.7068949766666667,0.7310031866666667,96.90868999999999
2006-06-01,2006-06,June,Mullaitivu,Northern,2.0,25842.0,LK44,85.0,0.7094533,0.6991408666666666,101.37557866666667
2006-06-01,2006-06,June,Nuwara Eliya,Central,2.0,41749.0,LK23,58.0,0.7733901799999999,0.7738468,99.94458133333335
2006-06-01,2006-06,June,Polonnaruwa,North Central,2.0,25836.0,LK72,116.0,0.6849494100000001,0.6941723433333333,98.76129866666668
2006-06-01,2006-06,June,Puttalam,North Western,2.0,25838.0,LK62,107.0,0.6761937233333333,0.7017504666666667,96.601495
2006-06-01,2006-06,June,Ratnapura,Sabaragamuwa,2.0,25845.0,LK91,108.0,0.7917786666666666,0.8067291666666666,98.25457866666666
2006-06-01,2006-06,June,Trincomalee,Eastern,2.0,25834.0,LK53,83.0,0.66274495,0.6693011666666666,99.08502333333333
2006-06-01,2006-06,June,Vavuniya,Northern,2.0,25843.0,LK43,65.0,0.7039871600000001,0.7127846833333332,98.84051666666666
2006-07-01,2006-07,July,Ampara,Eastern,2.0,25832.0,LK52,147.0,0.65182268,0.66297264,98.43966
2006-07-01,2006-07,July,Anuradhapura,North Central,2.0,25835.0,LK71,235.0,0.6436870733333333,0.66451175,97.08033
2006-07-01,2006-07,July,Badulla,Uva,2.0,25849.0,LK81,94.0,0.7195503333333333,0.7170180433333333,100.33222833333332
2006-07-01,2006-07,July,Batticaloa,Eastern,2.0,25833.0,LK51,82.0,0.5167548633333333,0.5537752966666667,93.87428799999999
2006-07-01,2006-07,July,Colombo,Western,2.0,25851.0,LK11,23.0,0.6937101366666667,0.7042327766666666,98.60522199999998
2006-07-01,2006-07,July,Galle,Southern,2.0,25846.0,LK31,54.0,0.7843691366666666,0.7963837866666666,98.58079333333335
2006-07-01,2006-07,July,Gampaha,Western,2.0,25852.0,LK12,47.0,0.7450106466666666,0.7523134333333333,99.09099866666668
2006-07-01,2006-07,July,Hambantota,Southern,2.0,25847.0,LK33,85.0,0.6465921666666666,0.6664425666666667,97.23557533333333
2006-07-01,2006-07,July,Jaffna,Northern,2.0,25839.0,LK41,31.0,0.4058999833333334,0.46375180666666665,88.73457333333334
2006-07-01,2006-07,July,Kalutara,Western,2.0,25853.0,LK13,52.0,0.7815628,0.7950797433333333,98.40077366666667
2006-07-01,2006-07,July,Kandy,Central,2.0,41748.0,LK21,60.0,0.7803338566666667,0.7818825266666667,99.81442
2006-07-01,2006-07,July,Kegalle,Sabaragamuwa,2.0,25844.0,LK92,55.0,0.823986,0.8361627166666666,98.62608999999999
2006-07-01,2006-07,July,Kilinochchi,Northern,2.0,25840.0,LK45,41.0,0.5072918666666667,0.5403985833333333,94.39206466666667
2006-07-01,2006-07,July,Kurunegala,North Western,2.0,25837.0,LK61,158.0,0.7432042166666667,0.7443222666666666,99.86494499999999
2006-07-01,2006-07,July,Mannar,Northern,2.0,25841.0,LK42,65.0,0.5820984266666667,0.62472038,93.67843333333333
2006-07-01,2006-07,July,Matale,Central,2.0,25830.0,LK22,67.0,0.7346596533333334,0.7411886500000001,99.17587333333334
2006-07-01,2006-07,July,Matara,Southern,2.0,25848.0,LK32,39.0,0.7946145066666667,0.8077109,98.47325633333332
2006-07-01,2006-07,July,Monaragala,Uva,2.0,25850.0,LK82,186.0,0.6577311666666666,0.6853212933333334,96.24441999999999
2006-07-01,2006-07,July,Mullaitivu,Northern,2.0,25842.0,LK44,85.0,0.6894368666666667,0.6886919566666667,100.09995666666667
2006-07-01,2006-07,July,Nuwara Eliya,Central,2.0,41749.0,LK23,58.0,0.7673431000000001,0.7643455466666667,100.36861800000001
2006-07-01,2006-07,July,Polonnaruwa,North Central,2.0,25836.0,LK72,116.0,0.6763169333333333,0.6896422566666667,98.198585
2006-07-01,2006-07,July,Puttalam,North Western,2.0,25838.0,LK62,107.0,0.64259907,0.6679628466666667,96.46582333333333
2006-07-01,2006-07,July,Ratnapura,Sabaragamuwa,2.0,25845.0,LK91,108.0,0.7814015166666666,0.7948234166666667,98.41228333333333
2006-07-01,2006-07,July,Trincomalee,Eastern,2.0,25834.0,LK53,83.0,0.63337509,0.6580614966666667,96.51253700000001
2006-07-01,2006-07,July,Vavuniya,Northern,2.0,25843.0,LK43,65.0,0.67167432,0.68687702,97.93641333333333
2006-08-01,2006-08,August,Ampara,Eastern,2.0,25832.0,LK52,147.0,0.6303988833333333,0.6297521233333333,100.10053166666667
2006-08-01,2006-08,August,Anuradhapura,North Central,2.0,25835.0,LK71,235.0,0.6245826866666667,0.6509886466666667,96.23302666666666
2006-08-01,2006-08,August,Badulla,Uva,2.0,25849.0,LK81,94.0,0.7104489133333334,0.7010389,101.25363333333333
2006-08-01,2006-08,August,Batticaloa,Eastern,2.0,25833.0,LK51,82.0,0.5110032333333333,0.5290863866666666,96.88077333333332
2006-08-01,2006-08,August,Colombo,Western,2.0,25851.0,LK11,23.0,0.6992666333333334,0.6977320533333332,100.20624833333333
2006-08-01,2006-08,August,Galle,Southern,2.0,25846.0,LK31,54.0,0.7915382633333333,0.79401784,99.70620533333334
2006-08-01,2006-08,August,Gampaha,Western,2.0,25852.0,LK12,47.0,0.7483014033333334,0.7410126333333333,100.92300999999999
2006-08-01,2006-08,August,Hambantota,Southern,2.0,25847.0,LK33,85.0,0.63482589,0.6358906333333333,99.85304666666667
2006-08-01,2006-08,August,Jaffna,Northern,2.0,25839.0,LK41,31.0,0.3992795433333334,0.46041914,88.02136333333334
2006-08-01,2006-08,August,Kalutara,Western,2.0,25853.0,LK13,52.0,0.7837749833333333,0.7902804933333334,99.22598333333333
2006-08-01,2006-08,August,Kandy,Central,2.0,41748.0,LK21,60.0,0.7838944199999999,0.7761413999999999,100.93880366666667
2006-08-01,2006-08,August,Kegalle,Sabaragamuwa,2.0,25844.0,LK92,55.0,0.82568663,0.83049366,99.45448
2006-08-01,2006-08,August,Kilinochchi,Northern,2.0,25840.0,LK45,41.0,0.4932349166666667,0.5262446000000001,94.27132666666667
2006-08-01,2006-08,August,Kurunegala,North Western,2.0,25837.0,LK61,158.0,0.7162261366666667,0.7056622866666666,101.40154333333334
2006-08-01,2006-08,August,Mannar,Northern,2.0,25841.0,LK42,65.0,0.5692425633333333,0.6115338466666667,93.60753
2006-08-01,2006-08,August,Matale,Central,2.0,25830.0,LK22,67.0,0.73053429,0.72781648,100.35009333333333
2006-08-01,2006-08,August,Matara,Southern,2.0,25848.0,LK32,39.0,0.79423503,0.7997613100000001,99.35031866666667
2006-08-01,2006-08,August,Monaragala,Uva,2.0,25850.0,LK82,186.0,0.6377542833333334,0.6643590033333333,96.276035
2006-08-01,2006-08,August,Mullaitivu,Northern,2.0,25842.0,LK44,85.0,0.6833937133333334,0.6894681,99.17855300000001
2006-08-01,2006-08,August,Nuwara Eliya,Central,2.0,41749.0,LK23,58.0,0.7708632,0.7604915800000001,101.27968533333335
2006-08-01,2006-08,August,Polonnaruwa,North Central,2.0,25836.0,LK72,116.0,0.6762468333333334,0.6756234133333333,100.09164333333332
2006-08-01,2006-08,August,Puttalam,North Western,2.0,25838.0,LK62,107.0,0.6149301866666667,0.6345897133333334,97.13290833333333
2006-08-01,2006-08,August,Ratnapura,Sabaragamuwa,2.0,25845.0,LK91,108.0,0.77902468,0.7835099900000001,99.46242133333334
2006-08-01,2006-08,August,Trincomalee,Eastern,2.0,25834.0,LK53,83.0,0.6370662333333333,0.6609511433333334,96.63807666666666
2006-08-01,2006-08,August,Vavuniya,Northern,2.0,25843.0,LK43,65.0,0.6685928133333333,0.6878702466666667,97.387142
2006-09-01,2006-09,September,Ampara,Eastern,2.0,25832.0,LK52,147.0,0.6556700333333333,0.6329594333333334,103.32024333333334
2006-09-01,2006-09,September,Anuradhapura,North Central,2.0,25835.0,LK71,235.0,0.6461609666666667,0.6619698366666666,97.77312133333334
2006-09-01,2006-09,September,Badulla,Uva,2.0,25849.0,LK81,94.0,0.7244365233333333,0.7060127666666668,102.43586133333334
2006-09-01,2006-09,September,Batticaloa,Eastern,2.0,25833.0,LK51,82.0,0.5665914433333333,0.5397494566666667,104.529805
2006-09-01,2006-09,September,Colombo,Western,2.0,25851.0,LK11,23.0,0.7071202799999999,0.6961392833333333,101.47168166666665
2006-09-01,2006-09,September,Galle,Southern,2.0,25846.0,LK31,54.0,0.7971209666666667,0.7968295466666667,100.03442666666666
2006-09-01,2006-09,September,Gampaha,Western,2.0,25852.0,LK12,47.0,0.75470139,0.7382961266666667,102.08112533333333
2006-09-01,2006-09,September,Hambantota,Southern,2.0,25847.0,LK33,85.0,0.6496650866666667,0.63163102,102.64279466666666
2006-09-01,2006-09,September,Jaffna,Northern,2.0,25839.0,LK41,31.0,0.4302236533333333,0.4845341333333333,89.82179000000001
2006-09-01,2006-09,September,Kalutara,Western,2.0,25853.0,LK13,52.0,0.7886916333333334,0.79020558,99.81968833333333
2006-09-01,2006-09,September,Kandy,Central,2.0,41748.0,LK21,60.0,0.7850066433333334,0.77577225,101.11849666666667
2006-09-01,2006-09,September,Kegalle,Sabaragamuwa,2.0,25844.0,LK92,55.0,0.8254133333333332,0.82574345,99.96237
2006-09-01,2006-09,September,Kilinochchi,Northern,2.0,25840.0,LK45,41.0,0.50336505,0.52585062,96.08748666666668
2006-09-01,2006-09,September,Kurunegala,North Western,2.0,25837.0,LK61,158.0,0.7121662333333334,0.7007411133333333,101.52346833333333
2006-09-01,2006-09,September,Mannar,Northern,2.0,25841.0,LK42,65.0,0.5994297666666667,0.62242828,96.56932
2006-09-01,2006-09,September,Matale,Central,2.0,25830.0,LK22,67.0,0.7426706166666667,0.73437527,101.05826200000001
2006-09-01,2006-09,September,Matara,Southern,2.0,25848.0,LK32,39.0,0.7961991233333333,0.7964650633333333,99.96858666666667
2006-09-01,2006-09,September,Monaragala,Uva,2.0,25850.0,LK82,186.0,0.6651315333333333,0.67865846,98.13795499999999
2006-09-01,2006-09,September,Mullaitivu,Northern,2.0,25842.0,LK44,85.0,0.7066733233333333,0.7039018433333334,100.363182
2006-09-01,2006-09,September,Nuwara Eliya,Central,2.0,41749.0,LK23,58.0,0.7753959500000001,0.7645634333333334,101.3304
2006-09-01,2006-09,September,Polonnaruwa,North Central,2.0,25836.0,LK72,116.0,0.6817882000000001,0.66211692,102.76183666666667
2006-09-01,2006-09,September,Puttalam,North Western,2.0,25838.0,LK62,107.0,0.6432084033333333,0.6389632333333334,100.605885
2006-09-01,2006-09,September,Ratnapura,Sabaragamuwa,2.0,25845.0,LK91,108.0,0.7792993866666666,0.7821766166666667,99.65433
2006-09-01,2006-09,September,Trincomalee,Eastern,2.0,25834.0,LK53,83.0,0.6829144566666666,0.67273578,101.398895
2006-09-01,2006-09,September,Vavuniya,Northern,2.0,25843.0,LK43,65.0,0.70928355,0.7114957333333334,99.69704533333334
2006-10-01,2006-10,October,Ampara,Eastern,2.0,25832.0,LK52,147.0,0.6992033733333334,0.6726984566666667,103.67096333333332
2006-10-01,2006-10,October,Anuradhapura,North Central,2.0,25835.0,LK71,235.0,0.7065961266666667,0.7050825566666666,100.18460833333334
2006-10-01,2006-10,October,Badulla,Uva,2.0,25849.0,LK81,94.0,0.7513506799999999,0.73642772,101.90256666666666
2006-10-01,2006-10,October,Batticaloa,Eastern,2.0,25833.0,LK51,82.0,0.6341321233333334,0.58577872,107.60751866666665
2006-10-01,2006-10,October,Colombo,Western,2.0,25851.0,LK11,23.0,0.7074825866666666,0.6993316900000001,101.08800333333333
2006-10-01,2006-10,October,Galle,Southern,2.0,25846.0,LK31,54.0,0.8062765333333334,0.80463834,100.19148333333334
2006-10-01,2006-10,October,Gampaha,Western,2.0,25852.0,LK12,47.0,0.7567290266666666,0.7456929666666667,101.38845133333332
2006-10-01,2006-10,October,Hambantota,Southern,2.0,25847.0,LK33,85.0,0.6960094,0.67526712,102.86470333333334
2006-10-01,2006-10,October,Jaffna,Northern,2.0,25839.0,LK41,31.0,0.5021171766666667,0.53861731,93.76297133333333
2006-10-01,2006-10,October,Kalutara,Western,2.0,25853.0,LK13,52.0,0.79898138,0.7947389133333332,100.501912
2006-10-01,2006-10,October,Kandy,Central,2.0,41748.0,LK21,60.0,0.7902961166666667,0.7867203666666667,100.42845
2006-10-01,2006-10,October,Kegalle,Sabaragamuwa,2.0,25844.0,LK92,55.0,0.8263842133333333,0.8250890333333333,100.14801
2006-10-01,2006-10,October,Kilinochchi,Northern,2.0,25840.0,LK45,41.0,0.5693691,0.5664579066666667,100.44165666666667
2006-10-01,2006-10,October,Kurunegala,North Western,2.0,25837.0,LK61,158.0,0.7323050433333332,0.7316796600000001,100.08768500000001
2006-10-01,2006-10,October,Mannar,Northern,2.0,25841.0,LK42,65.0,0.6638943866666667,0.6693824666666667,99.22509000000001
2006-10-01,2006-10,October,Matale,Central,2.0,25830.0,LK22,67.0,0.76818855,0.7646746466666666,100.431675
2006-10-01,2006-10,October,Matara,Southern,2.0,25848.0,LK32,39.0,0.80007692,0.8024033333333334,99.72748466666667
2006-10-01,2006-10,October,Monaragala,Uva,2.0,25850.0,LK82,186.0,0.7192282833333333,0.7241691666666666,99.356755
2006-10-01,2006-10,October,Mullaitivu,Northern,2.0,25842.0,LK44,85.0,0.7500831333333333,0.7338299833333334,102.06955866666668
2006-10-01,2006-10,October,Nuwara Eliya,Central,2.0,41749.0,LK23,58.0,0.7800712399999999,0.7775780666666666,100.30305666666668
2006-10-01,2006-10,October,Polonnaruwa,North Central,2.0,25836.0,LK72,116.0,0.7194921966666668,0.6956889,103.19291500000001
2006-10-01,2006-10,October,Puttalam,North Western,2.0,25838.0,LK62,107.0,0.69874452,0.6856798166666667,101.783172
2006-10-01,2006-10,October,Ratnapura,Sabaragamuwa,2.0,25845.0,LK91,108.0,0.7923231233333334,0.7957741733333333,99.59182666666668
2006-10-01,2006-10,October,Trincomalee,Eastern,2.0,25834.0,LK53,83.0,0.7361188666666667,0.7037558566666666,104.28886133333333
2006-10-01,2006-10,October,Vavuniya,Northern,2.0,25843.0,LK43,65.0,0.7734333266666668,0.7542895333333334,102.37323500000001
2006-11-01,2006-11,November,Ampara,Eastern,2.0,25832.0,LK52,147.0,0.7471206,0.73024149,102.17491166666666
2006-11-01,2006-11,November,Anuradhapura,North Central,2.0,25835.0,LK71,235.0,0.7637507533333334,0.75418649,101.19276533333334
2006-11-01,2006-11,November,Badulla,Uva,2.0,25849.0,LK81,94.0,0.7716485466666666,0.7692643666666666,100.294382
2006-11-01,2006-11,November,Batticaloa,Eastern,2.0,25833.0,LK51,82.0,0.7019796666666668,0.6684093433333334,104.71345866666667
2006-11-01,2006-11,November,Colombo,Western,2.0,25851.0,LK11,23.0,0.7031767666666666,0.6999362000000001,100.43202666666666
2006-11-01,2006-11,November,Galle,Southern,2.0,25846.0,LK31,54.0,0.8129259166666666,0.8110670066666666,100.21595666666667
2006-11-01,2006-11,November,Gampaha,Western,2.0,25852.0,LK12,47.0,0.7606879000000001,0.7596452866666666,100.12991333333332
2006-11-01,2006-11,November,Hambantota,Southern,2.0,25847.0,LK33,85.0,0.7524246766666667,0.7371608566666668,101.94367799999999
2006-11-01,2006-11,November,Jaffna,Northern,2.0,25839.0,LK41,31.0,0.5836699,0.6011712133333333,97.30026533333334
2006-11-01,2006-11,November,Kalutara,Western,2.0,25853.0,LK13,52.0,0.8041736799999999,0.7982270133333333,100.70109333333335
2006-11-01,2006-11,November,Kandy,Central,2.0,41748.0,LK21,60.0,0.79834331,0.8012197633333334,99.66269999999999
2006-11-01,2006-11,November,Kegalle,Sabaragamuwa,2.0,25844.0,LK92,55.0,0.8261702866666667,0.82791171,99.80176666666667
2006-11-01,2006-11,November,Kilinochchi,Northern,2.0,25840.0,LK45,41.0,0.65218537,0.6432878833333334,101.29769333333333
2006-11-01,2006-11,November,Kurunegala,North Western,2.0,25837.0,LK61,158.0,0.7629238133333334,0.7751060133333333,98.52547666666665
2006-11-01,2006-11,November,Mannar,Northern,2.0,25841.0,LK42,65.0,0.73052458,0.7253331,100.66566
2006-11-01,2006-11,November,Matale,Central,2.0,25830.0,LK22,67.0,0.7971422666666667,0.7938021000000001,100.39603
2006-11-01,2006-11,November,Matara,Southern,2.0,25848.0,LK32,39.0,0.8118794333333333,0.81549072,99.58249
2006-11-01,2006-11,November,Monaragala,Uva,2.0,25850.0,LK82,186.0,0.7746838333333333,0.77563148,99.88486499999999
2006-11-01,2006-11,November,Mullaitivu,Northern,2.0,25842.0,LK44,85.0,0.78204076,0.7649793100000001,102.09577333333334
2006-11-01,2006-11,November,Nuwara Eliya,Central,2.0,41749.0,LK23,58.0,0.7880316,0.7932364766666667,99.38326500000001
2006-11-01,2006-11,November,Polonnaruwa,North Central,2.0,25836.0,LK72,116.0,0.75261549,0.7374111633333333,101.93507133333333
2006-11-01,2006-11,November,Puttalam,North Western,2.0,25838.0,LK62,107.0,0.7400663666666666,0.7389796133333334,100.14237533333333
2006-11-01,2006-11,November,Ratnapura,Sabaragamuwa,2.0,25845.0,LK91,108.0,0.8099265233333334,0.8127910133333334,99.66796833333335
2006-11-01,2006-11,November,Trincomalee,Eastern,2.0,25834.0,LK53,83.0,0.7671469533333334,0.7405627566666667,103.37036033333334
2006-11-01,2006-11,November,Vavuniya,Northern,2.0,25843.0,LK43,65.0,0.81445997,0.7915826566666667,102.72056866666667
2006-12-01,2006-12,December,Ampara,Eastern,2.0,25832.0,LK52,147.0,0.77956461,0.7766607333333333,100.35487666666666
2006-12-01,2006-12,December,Anuradhapura,North Central,2.0,25835.0,LK71,235.0,0.7889239400000001,0.7848832833333333,100.48377333333333
2006-12-01,2006-12,December,Badulla,Uva,2.0,25849.0,LK81,94.0,0.7801031666666667,0.7869486866666667,99.18283699999999
2006-12-01,2006-12,December,Batticaloa,Eastern,2.0,25833.0,LK51,82.0,0.73761705,0.7287191533333334,101.14873833333333
2006-12-01,2006-12,December,Colombo,Western,2.0,25851.0,LK11,23.0,0.6963550766666667,0.6931179466666667,100.43593666666668
2006-12-01,2006-12,December,Galle,Southern,2.0,25846.0,LK31,54.0,0.8136061466666668,0.8138152533333334,99.97580666666666
2006-12-01,2006-12,December,Gampaha,Western,2.0,25852.0,LK12,47.0,0.7602553033333334,0.7628569066666667,99.67998066666667
2006-12-01,2006-12,December,Hambantota,Southern,2.0,25847.0,LK33,85.0,0.7775662666666667,0.7700227133333333,100.921813
2006-12-01,2006-12,December,Jaffna,Northern,2.0,25839.0,LK41,31.0,0.61121936,0.6252972966666667,97.91541133333332
2006-12-01,2006-12,December,Kalutara,Western,2.0,25853.0,LK13,52.0,0.7987076666666667,0.7963954366666667,100.27298166666667
2006-12-01,2006-12,December,Kandy,Central,2.0,41748.0,LK21,60.0,0.7995283233333333,0.8061117200000001,99.23100333333333
2006-12-01,2006-12,December,Kegalle,Sabaragamuwa,2.0,25844.0,LK92,55.0,0.8238575466666666,0.8268434299999999,99.65962999999999
2006-12-01,2006-12,December,Kilinochchi,Northern,2.0,25840.0,LK45,41.0,0.6832512,0.6934801566666667,98.63059
2006-12-01,2006-12,December,Kurunegala,North Western,2.0,25837.0,LK61,158.0,0.7971518833333334,0.8019920066666666,99.43007333333333
2006-12-01,2006-12,December,Mannar,Northern,2.0,25841.0,LK42,65.0,0.7587204999999999,0.7516517333333333,100.88245666666667
2006-12-01,2006-12,December,Matale,Central,2.0,25830.0,LK22,67.0,0.81055172,0.8089373566666667,100.18836666666668
2006-12-01,2006-12,December,Matara,Southern,2.0,25848.0,LK32,39.0,0.8256350100000001,0.8252643266666667,100.04219666666665
2006-12-01,2006-12,December,Monaragala,Uva,2.0,25850.0,LK82,186.0,0.8021288233333334,0.8032846,99.864548
2006-12-01,2006-12,December,Mullaitivu,Northern,2.0,25842.0,LK44,85.0,0.7857415666666667,0.7785315666666667,100.87061333333334
2006-12-01,2006-12,December,Nuwara Eliya,Central,2.0,41749.0,LK23,58.0,0.7911384666666667,0.7976402033333333,99.23300333333333
2006-12-01,2006-12,December,Polonnaruwa,North Central,2.0,25836.0,LK72,116.0,0.7676755333333333,0.7602516,100.91656
2006-12-01,2006-12,December,Puttalam,North Western,2.0,25838.0,LK62,107.0,0.7561660199999999,0.7589746666666667,99.65277866666668
2006-12-01,2006-12,December,Ratnapura,Sabaragamuwa,2.0,25845.0,LK91,108.0,0.8165163333333334,0.81920739,99.6904
2006-12-01,2006-12,December,Trincomalee,Eastern,2.0,25834.0,LK53,83.0,0.77118793,0.76396468,100.88980666666667
2006-12-01,2006-12,December,Vavuniya,Northern,2.0,25843.0,LK43,65.0,0.8146374,0.8042701600000001,101.21399866666667
2007-01-01,2007-01,January,Ampara,Eastern,2.0,25832.0,LK52,147.0,0.7852088199999999,0.7833097133333333,100.22992333333333
2007-01-01,2007-01,January,Anuradhapura,North Central,2.0,25835.0,LK71,235.0,0.8025558533333333,0.7924991,101.19514333333332
2007-01-01,2007-01,January,Badulla,Uva,2.0,25849.0,LK81,94.0,0.7856918500000001,0.7926376866666667,99.17595333333334
2007-01-01,2007-01,January,Batticaloa,Eastern,2.0,25833.0,LK51,82.0,0.7303243966666667,0.7211823599999999,101.19330000000001
2007-01-01,2007-01,January,Colombo,Western,2.0,25851.0,LK11,23.0,0.6754608533333334,0.6720614033333333,100.47020666666667
2007-01-01,2007-01,January,Galle,Southern,2.0,25846.0,LK31,54.0,0.8077290033333333,0.8078158633333333,99.98982466666666
2007-01-01,2007-01,January,Gampaha,Western,2.0,25852.0,LK12,47.0,0.7342411333333333,0.7362003333333332,99.75024166666667
2007-01-01,2007-01,January,Hambantota,Southern,2.0,25847.0,LK33,85.0,0.78147175,0.77555122,100.71798000000001
2007-01-01,2007-01,January,Jaffna,Northern,2.0,25839.0,LK41,31.0,0.5842031933333334,0.6014972866666667,97.34325833333332
2007-01-01,2007-01,January,Kalutara,Western,2.0,25853.0,LK13,52.0,0.7830871799999999,0.7819341033333332,100.13859000000001
2007-01-01,2007-01,January,Kandy,Central,2.0,41748.0,LK21,60.0,0.7911672033333333,0.7984849533333334,99.13767333333334
2007-01-01,2007-01,January,Kegalle,Sabaragamuwa,2.0,25844.0,LK92,55.0,0.8098975666666667,0.8109299999999999,99.88000333333333
2007-01-01,2007-01,January,Kilinochchi,Northern,2.0,25840.0,LK45,41.0,0.6623699099999999,0.6806254666666667,97.50659666666667
2007-01-01,2007-01,January,Kurunegala,North Western,2.0,25837.0,LK61,158.0,0.7888044166666667,0.7805691266666667,100.99358633333334
2007-01-01,2007-01,January,Mannar,Northern,2.0,25841.0,LK42,65.0,0.7537923233333333,0.7527504566666666,100.12940533333334
2007-01-01,2007-01,January,Matale,Central,2.0,25830.0,LK22,67.0,0.81476915,0.8147227899999999,100.00538966666666
2007-01-01,2007-01,January,Matara,Southern,2.0,25848.0,LK32,39.0,0.8190615333333334,0.8164981633333334,100.29575466666667
2007-01-01,2007-01,January,Monaragala,Uva,2.0,25850.0,LK82,186.0,0.8051098133333333,0.8022891,100.332102
2007-01-01,2007-01,January,Mullaitivu,Northern,2.0,25842.0,LK44,85.0,0.7772262666666667,0.7719806333333333,100.63899500000001
2007-01-01,2007-01,January,Nuwara Eliya,Central,2.0,41749.0,LK23,58.0,0.7838367766666666,0.7875915333333333,99.55209333333333
2007-01-01,2007-01,January,Polonnaruwa,North Central,2.0,25836.0,LK72,116.0,0.79327699,0.7867867866666667,100.775508
2007-01-01,2007-01,January,Puttalam,North Western,2.0,25838.0,LK62,107.0,0.7437183366666668,0.7442575466666667,99.93326866666666
2007-01-01,2007-01,January,Ratnapura,Sabaragamuwa,2.0,25845.0,LK91,108.0,0.8101321,0.8121014333333333,99.77167333333334
2007-01-01,2007-01,January,Trincomalee,Eastern,2.0,25834.0,LK53,83.0,0.7719678666666666,0.76624178,100.70312366666667
2007-01-01,2007-01,January,Vavuniya,Northern,2.0,25843.0,LK43,65.0,0.80165688,0.7948951333333333,100.80131999999999
2007-02-01,2007-02,February,Ampara,Eastern,2.0,25832.0,LK52,147.0,0.7503165333333334,0.7432987,100.88339866666666
2007-02-01,2007-02,February,Anuradhapura,North Central,2.0,25835.0,LK71,235.0,0.7754487833333333,0.75761819,102.20955500000001
2007-02-01,2007-02,February,Badulla,Uva,2.0,25849.0,LK81,94.0,0.7742006966666667,0.7792860999999999,99.3861
2007-02-01,2007-02,February,Batticaloa,Eastern,2.0,25833.0,LK51,82.0,0.6939877866666667,0.6692407333333333,103.45053666666666
2007-02-01,2007-02,February,Colombo,Western,2.0,25851.0,LK11,23.0,0.6506420333333334,0.6544099333333334,99.46374133333332
2007-02-01,2007-02,February,Galle,Southern,2.0,25846.0,LK31,54.0,0.7882882733333334,0.7933937333333333,99.39353666666666
2007-02-01,2007-02,February,Gampaha,Western,2.0,25852.0,LK12,47.0,0.6926531800000001,0.7034402433333332,98.56422333333335
2007-02-01,2007-02,February,Hambantota,Southern,2.0,25847.0,LK33,85.0,0.75686272,0.7486602666666666,101.02559833333333
2007-02-01,2007-02,February,Jaffna,Northern,2.0,25839.0,LK41,31.0,0.5303075133333334,0.5498484466666667,96.73524166666668
2007-02-01,2007-02,February,Kalutara,Western,2.0,25853.0,LK13,52.0,0.76400896,0.7683292866666666,99.47152166666666
2007-02-01,2007-02,February,Kandy,Central,2.0,41748.0,LK21,60.0,0.7745910699999999,0.7830002333333334,98.989825
2007-02-01,2007-02,February,Kegalle,Sabaragamuwa,2.0,25844.0,LK92,55.0,0.7910132999999999,0.7953982866666666,99.48095133333334
2007-02-01,2007-02,February,Kilinochchi,Northern,2.0,25840.0,LK45,41.0,0.6220585333333334,0.62443539,99.659244
2007-02-01,2007-02,February,Kurunegala,North Western,2.0,25837.0,LK61,158.0,0.7165666566666666,0.7190770733333333,99.65697533333332
2007-02-01,2007-02,February,Mannar,Northern,2.0,25841.0,LK42,65.0,0.7353897133333334,0.7307267533333333,100.60000000000001
2007-02-01,2007-02,February,Matale,Central,2.0,25830.0,LK22,67.0,0.7986233699999999,0.7999620333333333,99.84156
2007-02-01,2007-02,February,Matara,Southern,2.0,25848.0,LK32,39.0,0.7927136433333333,0.7943172133333333,99.808722
2007-02-01,2007-02,February,Monaragala,Uva,2.0,25850.0,LK82,186.0,0.7850216333333334,0.7800976533333334,100.59221000000001
2007-02-01,2007-02,February,Mullaitivu,Northern,2.0,25842.0,LK44,85.0,0.7622568466666667,0.7505555999999999,101.46316333333334
2007-02-01,2007-02,February,Nuwara Eliya,Central,2.0,41749.0,LK23,58.0,0.76797069,0.7738566566666667,99.28484666666667
2007-02-01,2007-02,February,Polonnaruwa,North Central,2.0,25836.0,LK72,116.0,0.78271177,0.7762176233333333,100.78417
2007-02-01,2007-02,February,Puttalam,North Western,2.0,25838.0,LK62,107.0,0.7082859466666666,0.7083814966666667,99.985425
2007-02-01,2007-02,February,Ratnapura,Sabaragamuwa,2.0,25845.0,LK91,108.0,0.7954459666666667,0.8001612833333334,99.44485999999999
2007-02-01,2007-02,February,Trincomalee,Eastern,2.0,25834.0,LK53,83.0,0.7562099999999999,0.73724276,102.41534666666666
2007-02-01,2007-02,February,Vavuniya,Northern,2.0,25843.0,LK43,65.0,0.7809015333333335,0.7669161,101.71424033333334
2007-03-01,2007-03,March,Ampara,Eastern,2.0,25832.0,LK52,147.0,0.6991918033333334,0.6993939033333333,99.96922633333334
2007-03-01,2007-03,March,Anuradhapura,North Central,2.0,25835.0,LK71,235.0,0.7243420966666667,0.7122368166666666,101.58247333333333
2007-03-01,2007-03,March,Badulla,Uva,2.0,25849.0,LK81,94.0,0.7486478333333334,0.7597539233333334,98.62705799999999
2007-03-01,2007-03,March,Batticaloa,Eastern,2.0,25833.0,LK51,82.0,0.6592296433333334,0.6270425733333332,104.75775700000001
2007-03-01,2007-03,March,Colombo,Western,2.0,25851.0,LK11,23.0,0.6442999833333333,0.6577345133333333,98.10294333333333
2007-03-01,2007-03,March,Galle,Southern,2.0,25846.0,LK31,54.0,0.77775988,0.7874191600000001,98.84651000000001
2007-03-01,2007-03,March,Gampaha,Western,2.0,25852.0,LK12,47.0,0.6802602733333334,0.6998973133333334,97.38107466666668
2007-03-01,2007-03,March,Hambantota,Southern,2.0,25847.0,LK33,85.0,0.7173399866666667,0.7118593333333333,100.71924333333334
2007-03-01,2007-03,March,Jaffna,Northern,2.0,25839.0,LK41,31.0,0.4789064333333333,0.5109923333333334,94.26616
2007-03-01,2007-03,March,Kalutara,Western,2.0,25853.0,LK13,52.0,0.7608467866666667,0.77279975,98.547782
2007-03-01,2007-03,March,Kandy,Central,2.0,41748.0,LK21,60.0,0.7587849933333333,0.7727419133333333,98.30334833333332
2007-03-01,2007-03,March,Kegalle,Sabaragamuwa,2.0,25844.0,LK92,55.0,0.7914254233333334,0.7990706866666667,99.09959833333335
2007-03-01,2007-03,March,Kilinochchi,Northern,2.0,25840.0,LK45,41.0,0.5746560666666667,0.58135265,98.92649166666666
2007-03-01,2007-03,March,Kurunegala,North Western,2.0,25837.0,LK61,158.0,0.6661442933333334,0.6883870466666666,96.98785666666667
2007-03-01,2007-03,March,Mannar,Northern,2.0,25841.0,LK42,65.0,0.7095933066666666,0.7011477333333334,101.12396000000001
2007-03-01,2007-03,March,Matale,Central,2.0,25830.0,LK22,67.0,0.7695760766666666,0.7756171233333333,99.26682333333333
2007-03-01,2007-03,March,Matara,Southern,2.0,25848.0,LK32,39.0,0.77659998,0.7825581666666667,99.28428000000001
2007-03-01,2007-03,March,Monaragala,Uva,2.0,25850.0,LK82,186.0,0.7616878166666666,0.7631427466666666,99.820358
2007-03-01,2007-03,March,Mullaitivu,Northern,2.0,25842.0,LK44,85.0,0.7374983999999999,0.7284733299999999,101.15658033333334
2007-03-01,2007-03,March,Nuwara Eliya,Central,2.0,41749.0,LK23,58.0,0.7572557333333334,0.76845832,98.63126866666666
2007-03-01,2007-03,March,Polonnaruwa,North Central,2.0,25836.0,LK72,116.0,0.72851205,0.7271072466666667,100.17945866666666
2007-03-01,2007-03,March,Puttalam,North Western,2.0,25838.0,LK62,107.0,0.6761109,0.6856575333333333,98.70100333333333
2007-03-01,2007-03,March,Ratnapura,Sabaragamuwa,2.0,25845.0,LK91,108.0,0.78849165,0.7967155966666667,99.02873666666666
2007-03-01,2007-03,March,Trincomalee,Eastern,2.0,25834.0,LK53,83.0,0.7218617900000001,0.6988553533333333,103.07155333333333
2007-03-01,2007-03,March,Vavuniya,Northern,2.0,25843.0,LK43,65.0,0.7513363666666667,0.7414863666666666,101.24141033333335
2007-04-01,2007-04,April,Ampara,Eastern,2.0,25832.0,LK52,147.0,0.6854868233333334,0.6831142633333332,100.32325800000001
2007-04-01,2007-04,April,Anuradhapura,North Central,2.0,25835.0,LK71,235.0,0.7107968466666668,0.71229456,99.80735466666665
2007-04-01,2007-04,April,Badulla,Uva,2.0,25849.0,LK81,94.0,0.7425996366666666,0.7551976666666667,98.43517133333334
2007-04-01,2007-04,April,Batticaloa,Eastern,2.0,25833.0,LK51,82.0,0.6420316666666667,0.60768549,105.222015
2007-04-01,2007-04,April,Colombo,Western,2.0,25851.0,LK11,23.0,0.6656970733333333,0.6772539700000001,98.40842333333335
2007-04-01,2007-04,April,Galle,Southern,2.0,25846.0,LK31,54.0,0.78803826,0.79412357,99.27862
2007-04-01,2007-04,April,Gampaha,Western,2.0,25852.0,LK12,47.0,0.71693403,0.7242393766666666,99.04953
2007-04-01,2007-04,April,Hambantota,Southern,2.0,25847.0,LK33,85.0,0.7143054666666666,0.7008370866666667,101.79289533333333
2007-04-01,2007-04,April,Jaffna,Northern,2.0,25839.0,LK41,31.0,0.44472041333333334,0.49807874333333335,90.26385866666668
2007-04-01,2007-04,April,Kalutara,Western,2.0,25853.0,LK13,52.0,0.7782877999999999,0.7875598333333333,98.89197333333334
2007-04-01,2007-04,April,Kandy,Central,2.0,41748.0,LK21,60.0,0.76432222,0.7766860666666666,98.50343600000001
2007-04-01,2007-04,April,Kegalle,Sabaragamuwa,2.0,25844.0,LK92,55.0,0.8129223866666667,0.8171027799999999,99.51683666666668
2007-04-01,2007-04,April,Kilinochchi,Northern,2.0,25840.0,LK45,41.0,0.5276926566666666,0.5641594166666667,94.05857666666667
2007-04-01,2007-04,April,Kurunegala,North Western,2.0,25837.0,LK61,158.0,0.7079084333333333,0.7250464233333332,97.77632033333333
2007-04-01,2007-04,April,Mannar,Northern,2.0,25841.0,LK42,65.0,0.6845076666666667,0.6830917666666667,100.19161866666667
2007-04-01,2007-04,April,Matale,Central,2.0,25830.0,LK22,67.0,0.7582273333333333,0.76829087,98.77015333333333
2007-04-01,2007-04,April,Matara,Southern,2.0,25848.0,LK32,39.0,0.78315982,0.78895477,99.309148
2007-04-01,2007-04,April,Monaragala,Uva,2.0,25850.0,LK82,186.0,0.7616874666666668,0.7644638666666667,99.65872999999999
2007-04-01,2007-04,April,Mullaitivu,Northern,2.0,25842.0,LK44,85.0,0.7068768366666666,0.714852,98.95548000000001
2007-04-01,2007-04,April,Nuwara Eliya,Central,2.0,41749.0,LK23,58.0,0.7643786800000001,0.7739699466666666,98.83536500000001
2007-04-01,2007-04,April,Polonnaruwa,North Central,2.0,25836.0,LK72,116.0,0.6981741166666667,0.69618518,100.26660866666667
2007-04-01,2007-04,April,Puttalam,North Western,2.0,25838.0,LK62,107.0,0.684243,0.6956772999999999,98.46421200000002
2007-04-01,2007-04,April,Ratnapura,Sabaragamuwa,2.0,25845.0,LK91,108.0,0.7981351666666666,0.8041900966666665,99.29079333333334
2007-04-01,2007-04,April,Trincomalee,Eastern,2.0,25834.0,LK53,83.0,0.6970132466666666,0.6763330233333334,102.84671666666667
2007-04-01,2007-04,April,Vavuniya,Northern,2.0,25843.0,LK43,65.0,0.7290538166666667,0.7370928533333334,98.980002
2007-05-01,2007-05,May,Ampara,Eastern,2.0,25832.0,LK52,147.0,0.7004469000000001,0.6942442600000001,100.83392666666667
2007-05-01,2007-05,May,Anuradhapura,North Central,2.0,25835.0,LK71,235.0,0.7068924766666665,0.72566436,97.57904333333333
2007-05-01,2007-05,May,Badulla,Uva,2.0,25849.0,LK81,94.0,0.7472337000000001,0.7554970333333334,98.974404
2007-05-01,2007-05,May,Batticaloa,Eastern,2.0,25833.0,LK51,82.0,0.62046949,0.6097193333333334,101.63135133333333
2007-05-01,2007-05,May,Colombo,Western,2.0,25851.0,LK11,23.0,0.69038261,0.6955265166666668,99.30931333333335
2007-05-01,2007-05,May,Galle,Southern,2.0,25846.0,LK31,54.0,0.79780986,0.8004023433333334,99.69507666666668
2007-05-01,2007-05,May,Gampaha,Western,2.0,25852.0,LK12,47.0,0.7546858,0.74915808,100.69058833333334
2007-05-01,2007-05,May,Hambantota,Southern,2.0,25847.0,LK33,85.0,0.71576468,0.7062601000000001,101.25701
2007-05-01,2007-05,May,Jaffna,Northern,2.0,25839.0,LK41,31.0,0.43109461666666665,0.49670642333333337,87.998762
2007-05-01,2007-05,May,Kalutara,Western,2.0,25853.0,LK13,52.0,0.7919269,0.7966547366666666,99.44144133333333
2007-05-01,2007-05,May,Kandy,Central,2.0,41748.0,LK21,60.0,0.7830088766666666,0.7845254766666666,99.81770499999999
2007-05-01,2007-05,May,Kegalle,Sabaragamuwa,2.0,25844.0,LK92,55.0,0.83224061,0.8317203266666667,100.05874866666666
2007-05-01,2007-05,May,Kilinochchi,Northern,2.0,25840.0,LK45,41.0,0.4995170566666667,0.5603386866666668,90.033885
2007-05-01,2007-05,May,Kurunegala,North Western,2.0,25837.0,LK61,158.0,0.7607172666666667,0.7688743966666666,99.003822
2007-05-01,2007-05,May,Mannar,Northern,2.0,25841.0,LK42,65.0,0.6596692133333333,0.67330281,98.11286866666667
2007-05-01,2007-05,May,Matale,Central,2.0,25830.0,LK22,67.0,0.7593278333333333,0.7697553166666666,98.72796166666667
2007-05-01,2007-05,May,Matara,Southern,2.0,25848.0,LK32,39.0,0.7970760566666666,0.8025984233333333,99.35224866666665
2007-05-01,2007-05,May,Monaragala,Uva,2.0,25850.0,LK82,186.0,0.7643393933333332,0.7616334866666667,100.33460666666667
2007-05-01,2007-05,May,Mullaitivu,Northern,2.0,25842.0,LK44,85.0,0.6829854833333333,0.70917131,96.54995000000001
2007-05-01,2007-05,May,Nuwara Eliya,Central,2.0,41749.0,LK23,58.0,0.7769471233333333,0.7783765833333334,99.82742333333334
2007-05-01,2007-05,May,Polonnaruwa,North Central,2.0,25836.0,LK72,116.0,0.6837112,0.6925152333333333,98.81392833333332
2007-05-01,2007-05,May,Puttalam,North Western,2.0,25838.0,LK62,107.0,0.7029383066666667,0.7109920000000001,98.94188866666667
2007-05-01,2007-05,May,Ratnapura,Sabaragamuwa,2.0,25845.0,LK91,108.0,0.8042323933333333,0.8096791900000001,99.36644
2007-05-01,2007-05,May,Trincomalee,Eastern,2.0,25834.0,LK53,83.0,0.6797758933333333,0.6749312466666666,100.66841333333333
2007-05-01,2007-05,May,Vavuniya,Northern,2.0,25843.0,LK43,65.0,0.71352153,0.73722455,96.98849333333334
2007-06-01,2007-06,June,Ampara,Eastern,2.0,25832.0,LK52,147.0,0.70524487,0.69607917,101.23028833333335
2007-06-01,2007-06,June,Anuradhapura,North Central,2.0,25835.0,LK71,235.0,0.69101999,0.6999913666666666,98.81527333333334
2007-06-01,2007-06,June,Badulla,Uva,2.0,25849.0,LK81,94.0,0.7433836633333334,0.7429939533333334,100.05179133333333
2007-06-01,2007-06,June,Batticaloa,Eastern,2.0,25833.0,LK51,82.0,0.5907934666666667,0.5971564333333333,99.01818833333334
2007-06-01,2007-06,June,Colombo,Western,2.0,25851.0,LK11,23.0,0.7013753266666667,0.7040921833333332,99.63965166666667
2007-06-01,2007-06,June,Galle,Southern,2.0,25846.0,LK31,54.0,0.7978999833333332,0.8009732366666666,99.63882733333332
2007-06-01,2007-06,June,Gampaha,Western,2.0,25852.0,LK12,47.0,0.75920708,0.7584368933333333,100.09521666666667
2007-06-01,2007-06,June,Hambantota,Southern,2.0,25847.0,LK33,85.0,0.6992548666666667,0.6984099533333333,100.11366533333334
2007-06-01,2007-06,June,Jaffna,Northern,2.0,25839.0,LK41,31.0,0.43497311,0.48190153666666663,91.19330000000001
2007-06-01,2007-06,June,Kalutara,Western,2.0,25853.0,LK13,52.0,0.7954288466666667,0.7987041333333332,99.61410866666667
2007-06-01,2007-06,June,Kandy,Central,2.0,41748.0,LK21,60.0,0.7892366199999999,0.7865019333333333,100.32692666666667
2007-06-01,2007-06,June,Kegalle,Sabaragamuwa,2.0,25844.0,LK92,55.0,0.8354127,0.8373326266666666,99.78366
2007-06-01,2007-06,June,Kilinochchi,Northern,2.0,25840.0,LK45,41.0,0.50330406,0.5513656466666667,92.01517666666666
2007-06-01,2007-06,June,Kurunegala,North Western,2.0,25837.0,LK61,158.0,0.76183099,0.7748695666666666,98.41874200000001
2007-06-01,2007-06,June,Mannar,Northern,2.0,25841.0,LK42,65.0,0.64080357,0.6502179333333333,98.66218166666665
2007-06-01,2007-06,June,Matale,Central,2.0,25830.0,LK22,67.0,0.7511736233333334,0.7593344433333332,98.99247866666667
2007-06-01,2007-06,June,Matara,Southern,2.0,25848.0,LK32,39.0,0.80627948,0.8112293133333334,99.42521666666666
2007-06-01,2007-06,June,Monaragala,Uva,2.0,25850.0,LK82,186.0,0.7469447766666667,0.7310031866666667,102.05065666666667
2007-06-01,2007-06,June,Mullaitivu,Northern,2.0,25842.0,LK44,85.0,0.6812207666666668,0.6991408666666666,97.61131333333333
2007-06-01,2007-06,June,Nuwara Eliya,Central,2.0,41749.0,LK23,58.0,0.7725080033333334,0.7738468,99.83709833333334
2007-06-01,2007-06,June,Polonnaruwa,North Central,2.0,25836.0,LK72,116.0,0.6938218333333334,0.6941723433333333,99.95166333333333
2007-06-01,2007-06,June,Puttalam,North Western,2.0,25838.0,LK62,107.0,0.6865302,0.7017504666666667,97.97335166666666
2007-06-01,2007-06,June,Ratnapura,Sabaragamuwa,2.0,25845.0,LK91,108.0,0.7989095566666666,0.8067291666666666,99.08710633333334
2007-06-01,2007-06,June,Trincomalee,Eastern,2.0,25834.0,LK53,83.0,0.67979074,0.6693011666666666,101.46057666666667
2007-06-01,2007-06,June,Vavuniya,Northern,2.0,25843.0,LK43,65.0,0.70864663,0.7127846833333332,99.47179133333333
2007-07-01,2007-07,July,Ampara,Eastern,2.0,25832.0,LK52,147.0,0.6854838666666666,0.66297264,103.17069
2007-07-01,2007-07,July,Anuradhapura,North Central,2.0,25835.0,LK71,235.0,0.6736388666666667,0.66451175,101.28161166666666
2007-07-01,2007-07,July,Badulla,Uva,2.0,25849.0,LK81,94.0,0.7304673300000001,0.7170180433333333,101.75674666666667
2007-07-01,2007-07,July,Batticaloa,Eastern,2.0,25833.0,LK51,82.0,0.56213171,0.5537752966666667,101.404132
2007-07-01,2007-07,July,Colombo,Western,2.0,25851.0,LK11,23.0,0.7066522000000001,0.7042327766666666,100.32171466666667
2007-07-01,2007-07,July,Galle,Southern,2.0,25846.0,LK31,54.0,0.7950147866666667,0.7963837866666666,99.83838866666667
2007-07-01,2007-07,July,Gampaha,Western,2.0,25852.0,LK12,47.0,0.7512921833333334,0.7523134333333333,99.873947
2007-07-01,2007-07,July,Hambantota,Southern,2.0,25847.0,LK33,85.0,0.6818627300000001,0.6664425666666667,102.16207166666668
2007-07-01,2007-07,July,Jaffna,Northern,2.0,25839.0,LK41,31.0,0.4431010633333334,0.46375180666666665,95.98795833333334
2007-07-01,2007-07,July,Kalutara,Western,2.0,25853.0,LK13,52.0,0.7958704866666667,0.7950797433333333,100.09405833333334
2007-07-01,2007-07,July,Kandy,Central,2.0,41748.0,LK21,60.0,0.7888488733333333,0.7818825266666667,100.83800666666667
2007-07-01,2007-07,July,Kegalle,Sabaragamuwa,2.0,25844.0,LK92,55.0,0.83414177,0.8361627166666666,99.772265
2007-07-01,2007-07,July,Kilinochchi,Northern,2.0,25840.0,LK45,41.0,0.51393493,0.5403985833333333,95.52148633333333
2007-07-01,2007-07,July,Kurunegala,North Western,2.0,25837.0,LK61,158.0,0.7407185566666667,0.7443222666666666,99.55975333333333
2007-07-01,2007-07,July,Mannar,Northern,2.0,25841.0,LK42,65.0,0.62410715,0.62472038,99.91066000000001
2007-07-01,2007-07,July,Matale,Central,2.0,25830.0,LK22,67.0,0.7409821000000001,0.7411886500000001,99.97617833333334
2007-07-01,2007-07,July,Matara,Southern,2.0,25848.0,LK32,39.0,0.8066546666666667,0.8077109,99.87720133333335
2007-07-01,2007-07,July,Monaragala,Uva,2.0,25850.0,LK82,186.0,0.7187638,0.6853212933333334,104.55359333333332
2007-07-01,2007-07,July,Mullaitivu,Northern,2.0,25842.0,LK44,85.0,0.6900541133333333,0.6886919566666667,100.185445
2007-07-01,2007-07,July,Nuwara Eliya,Central,2.0,41749.0,LK23,58.0,0.7612269666666668,0.7643455466666667,99.61706299999999
2007-07-01,2007-07,July,Polonnaruwa,North Central,2.0,25836.0,LK72,116.0,0.7084614666666665,0.6896422566666667,102.54520333333333
2007-07-01,2007-07,July,Puttalam,North Western,2.0,25838.0,LK62,107.0,0.6597573066666667,0.6679628466666667,98.87142666666666
2007-07-01,2007-07,July,Ratnapura,Sabaragamuwa,2.0,25845.0,LK91,108.0,0.78837806,0.7948234166666667,99.23755
2007-07-01,2007-07,July,Trincomalee,Eastern,2.0,25834.0,LK53,83.0,0.6747008033333334,0.6580614966666667,102.349805
2007-07-01,2007-07,July,Vavuniya,Northern,2.0,25843.0,LK43,65.0,0.7090861466666666,0.68687702,103.01635666666668
2007-08-01,2007-08,August,Ampara,Eastern,2.0,25832.0,LK52,147.0,0.6728487200000001,0.6297521233333333,106.34519366666666
2007-08-01,2007-08,August,Anuradhapura,North Central,2.0,25835.0,LK71,235.0,0.6622503533333334,0.6509886466666667,101.60643333333333
2007-08-01,2007-08,August,Badulla,Uva,2.0,25849.0,LK81,94.0,0.7176436,0.7010389,102.21048633333334
2007-08-01,2007-08,August,Batticaloa,Eastern,2.0,25833.0,LK51,82.0,0.5672759866666667,0.5290863866666666,106.59857699999999
2007-08-01,2007-08,August,Colombo,Western,2.0,25851.0,LK11,23.0,0.7088536,0.6977320533333332,101.48762333333333
2007-08-01,2007-08,August,Galle,Southern,2.0,25846.0,LK31,54.0,0.7940049,0.79401784,99.99846133333334
2007-08-01,2007-08,August,Gampaha,Western,2.0,25852.0,LK12,47.0,0.7509872466666666,0.7410126333333333,101.262005
2007-08-01,2007-08,August,Hambantota,Southern,2.0,25847.0,LK33,85.0,0.6758784066666667,0.6358906333333333,105.84045333333334
2007-08-01,2007-08,August,Jaffna,Northern,2.0,25839.0,LK41,31.0,0.44754623,0.46041914,97.47742199999999
2007-08-01,2007-08,August,Kalutara,Western,2.0,25853.0,LK13,52.0,0.7963544333333333,0.7902804933333334,100.72292
2007-08-01,2007-08,August,Kandy,Central,2.0,41748.0,LK21,60.0,0.78946222,0.7761413999999999,101.612598
2007-08-01,2007-08,August,Kegalle,Sabaragamuwa,2.0,25844.0,LK92,55.0,0.8330945166666667,0.83049366,100.29552333333334
2007-08-01,2007-08,August,Kilinochchi,Northern,2.0,25840.0,LK45,41.0,0.5085812733333334,0.5262446000000001,96.93590166666667
2007-08-01,2007-08,August,Kurunegala,North Western,2.0,25837.0,LK61,158.0,0.7239035666666668,0.7056622866666666,102.41900199999999
2007-08-01,2007-08,August,Mannar,Northern,2.0,25841.0,LK42,65.0,0.6111507566666666,0.6115338466666667,99.94190633333334
2007-08-01,2007-08,August,Matale,Central,2.0,25830.0,LK22,67.0,0.7338273533333334,0.72781648,100.77300500000001
2007-08-01,2007-08,August,Matara,Southern,2.0,25848.0,LK32,39.0,0.8029897299999998,0.7997613100000001,100.38015
2007-08-01,2007-08,August,Monaragala,Uva,2.0,25850.0,LK82,186.0,0.6992078533333334,0.6643590033333333,104.87818166666666
2007-08-01,2007-08,August,Mullaitivu,Northern,2.0,25842.0,LK44,85.0,0.6982140833333333,0.6894681,101.18259666666665
2007-08-01,2007-08,August,Nuwara Eliya,Central,2.0,41749.0,LK23,58.0,0.7598718,0.7604915800000001,99.92353333333334
2007-08-01,2007-08,August,Polonnaruwa,North Central,2.0,25836.0,LK72,116.0,0.6951255700000001,0.6756234133333333,102.68667833333332
2007-08-01,2007-08,August,Puttalam,North Western,2.0,25838.0,LK62,107.0,0.6448604233333334,0.6345897133333334,101.503578
2007-08-01,2007-08,August,Ratnapura,Sabaragamuwa,2.0,25845.0,LK91,108.0,0.78254967,0.7835099900000001,99.88551333333334
2007-08-01,2007-08,August,Trincomalee,Eastern,2.0,25834.0,LK53,83.0,0.6789305033333334,0.6609511433333334,102.52792333333333
2007-08-01,2007-08,August,Vavuniya,Northern,2.0,25843.0,LK43,65.0,0.7086728333333333,0.6878702466666667,102.82183666666667
2007-09-01,2007-09,September,Ampara,Eastern,2.0,25832.0,LK52,147.0,0.6783285333333334,0.6329594333333334,106.64901533333334
2007-09-01,2007-09,September,Anuradhapura,North Central,2.0,25835.0,LK71,235.0,0.6718328766666666,0.6619698366666666,101.38763
2007-09-01,2007-09,September,Badulla,Uva,2.0,25849.0,LK81,94.0,0.7120109833333332,0.7060127666666668,100.79653
2007-09-01,2007-09,September,Batticaloa,Eastern,2.0,25833.0,LK51,82.0,0.5905922666666666,0.5397494566666667,108.62669
2007-09-01,2007-09,September,Colombo,Western,2.0,25851.0,LK11,23.0,0.7079565166666666,0.6961392833333333,101.58377833333333
2007-09-01,2007-09,September,Galle,Southern,2.0,25846.0,LK31,54.0,0.79857652,0.7968295466666667,100.20636866666666
2007-09-01,2007-09,September,Gampaha,Western,2.0,25852.0,LK12,47.0,0.7554099133333333,0.7382961266666667,102.17095333333333
2007-09-01,2007-09,September,Hambantota,Southern,2.0,25847.0,LK33,85.0,0.6950615366666667,0.63163102,109.30349666666666
2007-09-01,2007-09,September,Jaffna,Northern,2.0,25839.0,LK41,31.0,0.4762989133333333,0.4845341333333333,98.45275666666667
2007-09-01,2007-09,September,Kalutara,Western,2.0,25853.0,LK13,52.0,0.7970794666666666,0.79020558,100.81815333333334
2007-09-01,2007-09,September,Kandy,Central,2.0,41748.0,LK21,60.0,0.7919610666666667,0.77577225,101.96043633333333
2007-09-01,2007-09,September,Kegalle,Sabaragamuwa,2.0,25844.0,LK92,55.0,0.8312520833333332,0.82574345,100.62914333333333
2007-09-01,2007-09,September,Kilinochchi,Northern,2.0,25840.0,LK45,41.0,0.5173422433333333,0.52585062,98.51866666666666
2007-09-01,2007-09,September,Kurunegala,North Western,2.0,25837.0,LK61,158.0,0.7277799466666667,0.7007411133333333,103.60151833333333
2007-09-01,2007-09,September,Mannar,Northern,2.0,25841.0,LK42,65.0,0.6180312733333334,0.62242828,99.34859533333334
2007-09-01,2007-09,September,Matale,Central,2.0,25830.0,LK22,67.0,0.7461925166666666,0.73437527,101.50494333333334
2007-09-01,2007-09,September,Matara,Southern,2.0,25848.0,LK32,39.0,0.80156837,0.7964650633333333,100.60289333333333
2007-09-01,2007-09,September,Monaragala,Uva,2.0,25850.0,LK82,186.0,0.7045781,0.67865846,103.56320333333333
2007-09-01,2007-09,September,Mullaitivu,Northern,2.0,25842.0,LK44,85.0,0.7102313333333333,0.7039018433333334,100.84141
2007-09-01,2007-09,September,Nuwara Eliya,Central,2.0,41749.0,LK23,58.0,0.767831,0.7645634333333334,100.40098833333333
2007-09-01,2007-09,September,Polonnaruwa,North Central,2.0,25836.0,LK72,116.0,0.6721045833333333,0.66211692,101.40386466666666
2007-09-01,2007-09,September,Puttalam,North Western,2.0,25838.0,LK62,107.0,0.6541461199999999,0.6389632333333334,102.20367866666668
2007-09-01,2007-09,September,Ratnapura,Sabaragamuwa,2.0,25845.0,LK91,108.0,0.7929533533333334,0.7821766166666667,101.29433333333333
2007-09-01,2007-09,September,Trincomalee,Eastern,2.0,25834.0,LK53,83.0,0.6920200799999999,0.67273578,102.67164666666667
2007-09-01,2007-09,September,Vavuniya,Northern,2.0,25843.0,LK43,65.0,0.7174533200000001,0.7114957333333334,100.78901499999999
2007-10-01,2007-10,October,Ampara,Eastern,2.0,25832.0,LK52,147.0,0.6974958966666667,0.6726984566666667,103.44794133333333
2007-10-01,2007-10,October,Anuradhapura,North Central,2.0,25835.0,LK71,235.0,0.7025601166666666,0.7050825566666666,99.67306333333333
2007-10-01,2007-10,October,Badulla,Uva,2.0,25849.0,LK81,94.0,0.73338685,0.73642772,99.61492199999999
2007-10-01,2007-10,October,Batticaloa,Eastern,2.0,25833.0,LK51,82.0,0.6262166366666667,0.58577872,106.37743666666667
2007-10-01,2007-10,October,Colombo,Western,2.0,25851.0,LK11,23.0,0.7102883666666667,0.6993316900000001,101.46234633333331
2007-10-01,2007-10,October,Galle,Southern,2.0,25846.0,LK31,54.0,0.80105617,0.80463834,99.58155333333333
2007-10-01,2007-10,October,Gampaha,Western,2.0,25852.0,LK12,47.0,0.7584254866666665,0.7456929666666667,101.60175166666666
2007-10-01,2007-10,October,Hambantota,Southern,2.0,25847.0,LK33,85.0,0.7252858666666667,0.67526712,106.93398333333334
2007-10-01,2007-10,October,Jaffna,Northern,2.0,25839.0,LK41,31.0,0.5372612800000001,0.53861731,99.75798666666667
2007-10-01,2007-10,October,Kalutara,Western,2.0,25853.0,LK13,52.0,0.7971935566666666,0.7947389133333332,100.291068
2007-10-01,2007-10,October,Kandy,Central,2.0,41748.0,LK21,60.0,0.7978216466666668,0.7867203666666667,101.32835666666666
2007-10-01,2007-10,October,Kegalle,Sabaragamuwa,2.0,25844.0,LK92,55.0,0.83229027,0.8250890333333333,100.82294666666667
2007-10-01,2007-10,October,Kilinochchi,Northern,2.0,25840.0,LK45,41.0,0.5630300666666667,0.5664579066666667,99.44548333333334
2007-10-01,2007-10,October,Kurunegala,North Western,2.0,25837.0,LK61,158.0,0.7483147466666668,0.7316796600000001,102.13937366666666
2007-10-01,2007-10,October,Mannar,Northern,2.0,25841.0,LK42,65.0,0.6588394633333333,0.6693824666666667,98.53632666666665
2007-10-01,2007-10,October,Matale,Central,2.0,25830.0,LK22,67.0,0.7758019533333332,0.7646746466666666,101.36868333333332
2007-10-01,2007-10,October,Matara,Southern,2.0,25848.0,LK32,39.0,0.8055392866666667,0.8024033333333334,100.36847533333332
2007-10-01,2007-10,October,Monaragala,Uva,2.0,25850.0,LK82,186.0,0.7363109099999999,0.7241691666666666,101.57882333333333
2007-10-01,2007-10,October,Mullaitivu,Northern,2.0,25842.0,LK44,85.0,0.7351313666666667,0.7338299833333334,100.166695
2007-10-01,2007-10,October,Nuwara Eliya,Central,2.0,41749.0,LK23,58.0,0.7785798700000001,0.7775780666666666,100.12210333333333
2007-10-01,2007-10,October,Polonnaruwa,North Central,2.0,25836.0,LK72,116.0,0.6935476833333333,0.6956889,99.71247666666666
2007-10-01,2007-10,October,Puttalam,North Western,2.0,25838.0,LK62,107.0,0.6940283300000001,0.6856798166666667,101.14622833333334
2007-10-01,2007-10,October,Ratnapura,Sabaragamuwa,2.0,25845.0,LK91,108.0,0.8095752800000001,0.7957741733333333,101.63319866666666
2007-10-01,2007-10,October,Trincomalee,Eastern,2.0,25834.0,LK53,83.0,0.7135867333333333,0.7037558566666666,101.30368833333334
2007-10-01,2007-10,October,Vavuniya,Northern,2.0,25843.0,LK43,65.0,0.7520589666666666,0.7542895333333334,99.72072833333334
2007-11-01,2007-11,November,Ampara,Eastern,2.0,25832.0,LK52,147.0,0.7396421333333333,0.73024149,101.21171
2007-11-01,2007-11,November,Anuradhapura,North Central,2.0,25835.0,LK71,235.0,0.7466039566666667,0.75418649,99.05653
2007-11-01,2007-11,November,Badulla,Uva,2.0,25849.0,LK81,94.0,0.76151452,0.7692643666666666,99.05523000000001
2007-11-01,2007-11,November,Batticaloa,Eastern,2.0,25833.0,LK51,82.0,0.6889361900000001,0.6684093433333334,102.89847333333334
2007-11-01,2007-11,November,Colombo,Western,2.0,25851.0,LK11,23.0,0.7037985333333333,0.6999362000000001,100.51478333333334
2007-11-01,2007-11,November,Galle,Southern,2.0,25846.0,LK31,54.0,0.8029777566666666,0.8110670066666666,99.06057033333333
2007-11-01,2007-11,November,Gampaha,Western,2.0,25852.0,LK12,47.0,0.7595127366666666,0.7596452866666666,99.98532833333333
2007-11-01,2007-11,November,Hambantota,Southern,2.0,25847.0,LK33,85.0,0.7509521499999999,0.7371608566666668,101.76805166666666
2007-11-01,2007-11,November,Jaffna,Northern,2.0,25839.0,LK41,31.0,0.6012075133333333,0.6011712133333333,100.00517166666667
2007-11-01,2007-11,November,Kalutara,Western,2.0,25853.0,LK13,52.0,0.7935628100000001,0.7982270133333333,99.45015866666667
2007-11-01,2007-11,November,Kandy,Central,2.0,41748.0,LK21,60.0,0.8019027666666667,0.8012197633333334,100.08137166666667
2007-11-01,2007-11,November,Kegalle,Sabaragamuwa,2.0,25844.0,LK92,55.0,0.82958301,0.82791171,100.19056666666665
2007-11-01,2007-11,November,Kilinochchi,Northern,2.0,25840.0,LK45,41.0,0.63165362,0.6432878833333334,98.33358533333335
2007-11-01,2007-11,November,Kurunegala,North Western,2.0,25837.0,LK61,158.0,0.7720387999999999,0.7751060133333333,99.63453333333332
2007-11-01,2007-11,November,Mannar,Northern,2.0,25841.0,LK42,65.0,0.7182902433333332,0.7253331,99.08774933333332
2007-11-01,2007-11,November,Matale,Central,2.0,25830.0,LK22,67.0,0.79608852,0.7938021000000001,100.27284666666667
2007-11-01,2007-11,November,Matara,Southern,2.0,25848.0,LK32,39.0,0.8126717566666667,0.81549072,99.67501666666668
2007-11-01,2007-11,November,Monaragala,Uva,2.0,25850.0,LK82,186.0,0.7736107333333333,0.77563148,99.75990533333334
2007-11-01,2007-11,November,Mullaitivu,Northern,2.0,25842.0,LK44,85.0,0.7661046866666666,0.7649793100000001,100.13821
2007-11-01,2007-11,November,Nuwara Eliya,Central,2.0,41749.0,LK23,58.0,0.78707182,0.7932364766666667,99.26982466666668
2007-11-01,2007-11,November,Polonnaruwa,North Central,2.0,25836.0,LK72,116.0,0.73898707,0.7374111633333333,100.19873166666667
2007-11-01,2007-11,November,Puttalam,North Western,2.0,25838.0,LK62,107.0,0.73356853,0.7389796133333334,99.319825
2007-11-01,2007-11,November,Ratnapura,Sabaragamuwa,2.0,25845.0,LK91,108.0,0.8147589333333333,0.8127910133333334,100.22954333333332
2007-11-01,2007-11,November,Trincomalee,Eastern,2.0,25834.0,LK53,83.0,0.7532646133333333,0.7405627566666667,101.60644733333334
2007-11-01,2007-11,November,Vavuniya,Northern,2.0,25843.0,LK43,65.0,0.79395332,0.7915826566666667,100.281153
2007-12-01,2007-12,December,Ampara,Eastern,2.0,25832.0,LK52,147.0,0.7806566666666667,0.7766607333333333,100.48509999999999
2007-12-01,2007-12,December,Anuradhapura,North Central,2.0,25835.0,LK71,235.0,0.7856788533333333,0.7848832833333333,100.09212000000001
2007-12-01,2007-12,December,Badulla,Uva,2.0,25849.0,LK81,94.0,0.7800045999999999,0.7869486866666667,99.16958666666666
2007-12-01,2007-12,December,Batticaloa,Eastern,2.0,25833.0,LK51,82.0,0.7210077,0.7287191533333334,99.017135
2007-12-01,2007-12,December,Colombo,Western,2.0,25851.0,LK11,23.0,0.6946536166666667,0.6931179466666667,100.20746866666667
2007-12-01,2007-12,December,Galle,Southern,2.0,25846.0,LK31,54.0,0.8077308466666667,0.8138152533333334,99.2956
2007-12-01,2007-12,December,Gampaha,Western,2.0,25852.0,LK12,47.0,0.7602248066666667,0.7628569066666667,99.677025
2007-12-01,2007-12,December,Hambantota,Southern,2.0,25847.0,LK33,85.0,0.7711407533333333,0.7700227133333333,100.13648
2007-12-01,2007-12,December,Jaffna,Northern,2.0,25839.0,LK41,31.0,0.6318225700000001,0.6252972966666667,100.96581133333332
2007-12-01,2007-12,December,Kalutara,Western,2.0,25853.0,LK13,52.0,0.7928929333333333,0.7963954366666667,99.58646833333334
2007-12-01,2007-12,December,Kandy,Central,2.0,41748.0,LK21,60.0,0.8022177566666667,0.8061117200000001,99.54517333333332
2007-12-01,2007-12,December,Kegalle,Sabaragamuwa,2.0,25844.0,LK92,55.0,0.8268878566666666,0.8268434299999999,100.00535666666667
2007-12-01,2007-12,December,Kilinochchi,Northern,2.0,25840.0,LK45,41.0,0.6758983533333334,0.6934801566666667,97.63522499999999
2007-12-01,2007-12,December,Kurunegala,North Western,2.0,25837.0,LK61,158.0,0.7967980666666667,0.8019920066666666,99.38939333333333
2007-12-01,2007-12,December,Mannar,Northern,2.0,25841.0,LK42,65.0,0.7508220199999999,0.7516517333333333,99.89618833333334
2007-12-01,2007-12,December,Matale,Central,2.0,25830.0,LK22,67.0,0.8043950133333334,0.8089373566666667,99.47183833333334
2007-12-01,2007-12,December,Matara,Southern,2.0,25848.0,LK32,39.0,0.8188615333333334,0.8252643266666667,99.26850333333334
2007-12-01,2007-12,December,Monaragala,Uva,2.0,25850.0,LK82,186.0,0.7996585766666667,0.8032846,99.57416633333332
2007-12-01,2007-12,December,Mullaitivu,Northern,2.0,25842.0,LK44,85.0,0.77849917,0.7785315666666667,99.99617599999999
2007-12-01,2007-12,December,Nuwara Eliya,Central,2.0,41749.0,LK23,58.0,0.7891407566666667,0.7976402033333333,98.99738466666668
2007-12-01,2007-12,December,Polonnaruwa,North Central,2.0,25836.0,LK72,116.0,0.7652180666666667,0.7602516,100.61435
2007-12-01,2007-12,December,Puttalam,North Western,2.0,25838.0,LK62,107.0,0.7480458,0.7589746666666667,98.64899000000001
2007-12-01,2007-12,December,Ratnapura,Sabaragamuwa,2.0,25845.0,LK91,108.0,0.8155536966666667,0.81920739,99.579662
2007-12-01,2007-12,December,Trincomalee,Eastern,2.0,25834.0,LK53,83.0,0.7739690233333333,0.76396468,101.23058966666667
2007-12-01,2007-12,December,Vavuniya,Northern,2.0,25843.0,LK43,65.0,0.8065625433333333,0.8042701600000001,100.26841666666667
2008-01-01,2008-01,January,Ampara,Eastern,2.0,25832.0,LK52,147.0,0.7802419,0.7833097133333333,99.63039133333332
2008-01-01,2008-01,January,Anuradhapura,North Central,2.0,25835.0,LK71,235.0,0.7986005333333334,0.7924991,100.72425066666666
2008-01-01,2008-01,January,Badulla,Uva,2.0,25849.0,LK81,94.0,0.7897670199999999,0.7926376866666667,99.65952666666665
2008-01-01,2008-01,January,Batticaloa,Eastern,2.0,25833.0,LK51,82.0,0.7150605466666667,0.7211823599999999,99.21714833333333
2008-01-01,2008-01,January,Colombo,Western,2.0,25851.0,LK11,23.0,0.6825362333333334,0.6720614033333333,101.45442333333334
2008-01-01,2008-01,January,Galle,Southern,2.0,25846.0,LK31,54.0,0.8052160333333332,0.8078158633333333,99.69711133333332
2008-01-01,2008-01,January,Gampaha,Western,2.0,25852.0,LK12,47.0,0.74601346,0.7362003333333332,101.255048
2008-01-01,2008-01,January,Hambantota,Southern,2.0,25847.0,LK33,85.0,0.7807074133333334,0.77555122,100.62510466666667
2008-01-01,2008-01,January,Jaffna,Northern,2.0,25839.0,LK41,31.0,0.6113408333333333,0.6014972866666667,101.51407999999999
2008-01-01,2008-01,January,Kalutara,Western,2.0,25853.0,LK13,52.0,0.7837833166666667,0.7819341033333332,100.22314666666666
2008-01-01,2008-01,January,Kandy,Central,2.0,41748.0,LK21,60.0,0.7996644133333334,0.7984849533333334,100.14009
2008-01-01,2008-01,January,Kegalle,Sabaragamuwa,2.0,25844.0,LK92,55.0,0.8166490666666667,0.8109299999999999,100.66555333333334
2008-01-01,2008-01,January,Kilinochchi,Northern,2.0,25840.0,LK45,41.0,0.6646625766666666,0.6806254666666667,97.81935166666666
2008-01-01,2008-01,January,Kurunegala,North Western,2.0,25837.0,LK61,158.0,0.7911312133333332,0.7805691266666667,101.28353333333332
2008-01-01,2008-01,January,Mannar,Northern,2.0,25841.0,LK42,65.0,0.7466707499999999,0.7527504566666666,99.241855
2008-01-01,2008-01,January,Matale,Central,2.0,25830.0,LK22,67.0,0.8114611833333334,0.8147227899999999,99.62325333333332
2008-01-01,2008-01,January,Matara,Southern,2.0,25848.0,LK32,39.0,0.8137504,0.8164981633333334,99.68392333333333
2008-01-01,2008-01,January,Monaragala,Uva,2.0,25850.0,LK82,186.0,0.8043583999999999,0.8022891,100.24350166666666
2008-01-01,2008-01,January,Mullaitivu,Northern,2.0,25842.0,LK44,85.0,0.7713737333333333,0.7719806333333333,99.92662
2008-01-01,2008-01,January,Nuwara Eliya,Central,2.0,41749.0,LK23,58.0,0.7831856166666666,0.7875915333333333,99.47465333333334
2008-01-01,2008-01,January,Polonnaruwa,North Central,2.0,25836.0,LK72,116.0,0.7871781533333332,0.7867867866666667,100.04705833333333
2008-01-01,2008-01,January,Puttalam,North Western,2.0,25838.0,LK62,107.0,0.7447797266666667,0.7442575466666667,100.07203466666665
2008-01-01,2008-01,January,Ratnapura,Sabaragamuwa,2.0,25845.0,LK91,108.0,0.8116891666666666,0.8121014333333333,99.95264933333333
2008-01-01,2008-01,January,Trincomalee,Eastern,2.0,25834.0,LK53,83.0,0.7668321100000001,0.76624178,100.07153333333333
2008-01-01,2008-01,January,Vavuniya,Northern,2.0,25843.0,LK43,65.0,0.7947743333333334,0.7948951333333333,99.98575799999999
2008-02-01,2008-02,February,Ampara,Eastern,2.0,25832.0,LK52,147.0,0.7411024866666667,0.7432987,99.72821833333334
2008-02-01,2008-02,February,Anuradhapura,North Central,2.0,25835.0,LK71,235.0,0.7690630866666667,0.75761819,101.425145
2008-02-01,2008-02,February,Badulla,Uva,2.0,25849.0,LK81,94.0,0.7820138,0.7792860999999999,100.33029833333335
2008-02-01,2008-02,February,Batticaloa,Eastern,2.0,25833.0,LK51,82.0,0.6914597499999999,0.6692407333333333,103.11345999999999
2008-02-01,2008-02,February,Colombo,Western,2.0,25851.0,LK11,23.0,0.6738956333333334,0.6544099333333334,102.76727133333334
2008-02-01,2008-02,February,Galle,Southern,2.0,25846.0,LK31,54.0,0.7909734333333334,0.7933937333333333,99.71324
2008-02-01,2008-02,February,Gampaha,Western,2.0,25852.0,LK12,47.0,0.7280396799999999,0.7034402433333332,103.269185
2008-02-01,2008-02,February,Hambantota,Southern,2.0,25847.0,LK33,85.0,0.7558662500000001,0.7486602666666666,100.90409866666666
2008-02-01,2008-02,February,Jaffna,Northern,2.0,25839.0,LK41,31.0,0.5695171800000001,0.5498484466666667,103.29832133333333
2008-02-01,2008-02,February,Kalutara,Western,2.0,25853.0,LK13,52.0,0.7712435733333334,0.7683292866666666,100.35616166666667
2008-02-01,2008-02,February,Kandy,Central,2.0,41748.0,LK21,60.0,0.7931955466666666,0.7830002333333334,101.22565166666668
2008-02-01,2008-02,February,Kegalle,Sabaragamuwa,2.0,25844.0,LK92,55.0,0.8071763166666667,0.7953982866666666,101.39366
2008-02-01,2008-02,February,Kilinochchi,Northern,2.0,25840.0,LK45,41.0,0.6292292766666666,0.62443539,100.74020666666667
2008-02-01,2008-02,February,Kurunegala,North Western,2.0,25837.0,LK61,158.0,0.7517632666666666,0.7190770733333333,104.26855166666667
2008-02-01,2008-02,February,Mannar,Northern,2.0,25841.0,LK42,65.0,0.7296261333333334,0.7307267533333333,99.865025
2008-02-01,2008-02,February,Matale,Central,2.0,25830.0,LK22,67.0,0.80787312,0.7999620333333333,100.93355866666667
2008-02-01,2008-02,February,Matara,Southern,2.0,25848.0,LK32,39.0,0.7955931466666666,0.7943172133333333,100.15182499999999
2008-02-01,2008-02,February,Monaragala,Uva,2.0,25850.0,LK82,186.0,0.78723007,0.7800976533333334,100.86116133333333
2008-02-01,2008-02,February,Mullaitivu,Northern,2.0,25842.0,LK44,85.0,0.7604023466666666,0.7505555999999999,101.23506200000001
2008-02-01,2008-02,February,Nuwara Eliya,Central,2.0,41749.0,LK23,58.0,0.77514535,0.7738566566666667,100.15724833333333
2008-02-01,2008-02,February,Polonnaruwa,North Central,2.0,25836.0,LK72,116.0,0.7784002533333334,0.7762176233333333,100.26760166666668
2008-02-01,2008-02,February,Puttalam,North Western,2.0,25838.0,LK62,107.0,0.7291436066666667,0.7083814966666667,102.74846000000001
2008-02-01,2008-02,February,Ratnapura,Sabaragamuwa,2.0,25845.0,LK91,108.0,0.8029453333333333,0.8001612833333334,100.32784
2008-02-01,2008-02,February,Trincomalee,Eastern,2.0,25834.0,LK53,83.0,0.7439947566666666,0.73724276,100.86576000000001
2008-02-01,2008-02,February,Vavuniya,Northern,2.0,25843.0,LK43,65.0,0.7766543333333334,0.7669161,101.19899333333335
2008-03-01,2008-03,March,Ampara,Eastern,2.0,25832.0,LK52,147.0,0.7121460399999999,0.6993939033333333,101.71042833333333
2008-03-01,2008-03,March,Anuradhapura,North Central,2.0,25835.0,LK71,235.0,0.7435448,0.7122368166666666,104.11688133333332
2008-03-01,2008-03,March,Badulla,Uva,2.0,25849.0,LK81,94.0,0.7680439566666667,0.7597539233333334,101.02421133333333
2008-03-01,2008-03,March,Batticaloa,Eastern,2.0,25833.0,LK51,82.0,0.67575448,0.6270425733333332,107.20726966666666
2008-03-01,2008-03,March,Colombo,Western,2.0,25851.0,LK11,23.0,0.6843521466666665,0.6577345133333333,103.76043666666668
2008-03-01,2008-03,March,Galle,Southern,2.0,25846.0,LK31,54.0,0.7886771333333332,0.7874191600000001,100.15018333333335
2008-03-01,2008-03,March,Gampaha,Western,2.0,25852.0,LK12,47.0,0.7340205566666667,0.6998973133333334,104.55048466666666
2008-03-01,2008-03,March,Hambantota,Southern,2.0,25847.0,LK33,85.0,0.7324843166666666,0.7118593333333333,102.71574
2008-03-01,2008-03,March,Jaffna,Northern,2.0,25839.0,LK41,31.0,0.5574483666666666,0.5109923333333334,108.30425166666667
2008-03-01,2008-03,March,Kalutara,Western,2.0,25853.0,LK13,52.0,0.7780403733333333,0.77279975,100.63681166666667
2008-03-01,2008-03,March,Kandy,Central,2.0,41748.0,LK21,60.0,0.7911460866666666,0.7727419133333333,102.23708866666668
2008-03-01,2008-03,March,Kegalle,Sabaragamuwa,2.0,25844.0,LK92,55.0,0.8139121133333332,0.7990706866666667,101.74842533333333
2008-03-01,2008-03,March,Kilinochchi,Northern,2.0,25840.0,LK45,41.0,0.62253495,0.58135265,106.54528666666666
2008-03-01,2008-03,March,Kurunegala,North Western,2.0,25837.0,LK61,158.0,0.7360963666666667,0.6883870466666666,106.46204666666667
2008-03-01,2008-03,March,Mannar,Northern,2.0,25841.0,LK42,65.0,0.7238302233333332,0.7011477333333334,103.02999333333334
2008-03-01,2008-03,March,Matale,Central,2.0,25830.0,LK22,67.0,0.7932278466666666,0.7756171233333333,102.13420533333333
2008-03-01,2008-03,March,Matara,Southern,2.0,25848.0,LK32,39.0,0.7859931266666665,0.7825581666666667,100.41260333333332
2008-03-01,2008-03,March,Monaragala,Uva,2.0,25850.0,LK82,186.0,0.7776105666666666,0.7631427466666666,101.779668
2008-03-01,2008-03,March,Mullaitivu,Northern,2.0,25842.0,LK44,85.0,0.7589760433333334,0.7284733299999999,103.92317800000001
2008-03-01,2008-03,March,Nuwara Eliya,Central,2.0,41749.0,LK23,58.0,0.7746074466666667,0.76845832,100.75133666666666
2008-03-01,2008-03,March,Polonnaruwa,North Central,2.0,25836.0,LK72,116.0,0.74587498,0.7271072466666667,102.426685
2008-03-01,2008-03,March,Puttalam,North Western,2.0,25838.0,LK62,107.0,0.72551122,0.6856575333333333,105.41875166666667
2008-03-01,2008-03,March,Ratnapura,Sabaragamuwa,2.0,25845.0,LK91,108.0,0.8020117066666667,0.7967155966666667,100.62556333333333
2008-03-01,2008-03,March,Trincomalee,Eastern,2.0,25834.0,LK53,83.0,0.7306377233333333,0.6988553533333333,104.259618
2008-03-01,2008-03,March,Vavuniya,Northern,2.0,25843.0,LK43,65.0,0.7736502433333333,0.7414863666666666,104.06783833333333
2008-04-01,2008-04,April,Ampara,Eastern,2.0,25832.0,LK52,147.0,0.6996296966666667,0.6831142633333332,102.25322999999999
2008-04-01,2008-04,April,Anuradhapura,North Central,2.0,25835.0,LK71,235.0,0.7361055033333334,0.71229456,103.13643133333333
2008-04-01,2008-04,April,Badulla,Uva,2.0,25849.0,LK81,94.0,0.7556485666666667,0.7551976666666667,100.05676999999999
2008-04-01,2008-04,April,Batticaloa,Eastern,2.0,25833.0,LK51,82.0,0.65387235,0.60768549,107.02075633333334
2008-04-01,2008-04,April,Colombo,Western,2.0,25851.0,LK11,23.0,0.6973188366666667,0.6772539700000001,102.76349666666665
2008-04-01,2008-04,April,Galle,Southern,2.0,25846.0,LK31,54.0,0.7938981100000001,0.79412357,99.97380333333335
2008-04-01,2008-04,April,Gampaha,Western,2.0,25852.0,LK12,47.0,0.74602198,0.7242393766666666,102.82153999999998
2008-04-01,2008-04,April,Hambantota,Southern,2.0,25847.0,LK33,85.0,0.7286113633333334,0.7008370866666667,103.70012533333333
2008-04-01,2008-04,April,Jaffna,Northern,2.0,25839.0,LK41,31.0,0.5564085866666667,0.49807874333333335,110.642202
2008-04-01,2008-04,April,Kalutara,Western,2.0,25853.0,LK13,52.0,0.7892557666666665,0.7875598333333333,100.20331733333335
2008-04-01,2008-04,April,Kandy,Central,2.0,41748.0,LK21,60.0,0.7836549633333334,0.7766860666666666,100.84534000000001
2008-04-01,2008-04,April,Kegalle,Sabaragamuwa,2.0,25844.0,LK92,55.0,0.8210666233333334,0.8171027799999999,100.460105
2008-04-01,2008-04,April,Kilinochchi,Northern,2.0,25840.0,LK45,41.0,0.6179731466666666,0.5641594166666667,108.76041133333332
2008-04-01,2008-04,April,Kurunegala,North Western,2.0,25837.0,LK61,158.0,0.7485497799999999,0.7250464233333332,103.06102833333334
2008-04-01,2008-04,April,Mannar,Northern,2.0,25841.0,LK42,65.0,0.7163553866666666,0.6830917666666667,104.53637666666667
2008-04-01,2008-04,April,Matale,Central,2.0,25830.0,LK22,67.0,0.7743925099999999,0.76829087,100.74703333333333
2008-04-01,2008-04,April,Matara,Southern,2.0,25848.0,LK32,39.0,0.7900239333333333,0.78895477,100.12788666666667
2008-04-01,2008-04,April,Monaragala,Uva,2.0,25850.0,LK82,186.0,0.7703574999999999,0.7644638666666667,100.72495666666667
2008-04-01,2008-04,April,Mullaitivu,Northern,2.0,25842.0,LK44,85.0,0.7465293900000001,0.714852,104.14019333333333
2008-04-01,2008-04,April,Nuwara Eliya,Central,2.0,41749.0,LK23,58.0,0.77341892,0.7739699466666666,99.93415800000001
2008-04-01,2008-04,April,Polonnaruwa,North Central,2.0,25836.0,LK72,116.0,0.7073925333333334,0.69618518,101.49892866666666
2008-04-01,2008-04,April,Puttalam,North Western,2.0,25838.0,LK62,107.0,0.72659531,0.6956772999999999,104.15399666666667
2008-04-01,2008-04,April,Ratnapura,Sabaragamuwa,2.0,25845.0,LK91,108.0,0.8000731066666665,0.8041900966666665,99.51946
2008-04-01,2008-04,April,Trincomalee,Eastern,2.0,25834.0,LK53,83.0,0.7182031933333333,0.6763330233333334,105.76278500000001
2008-04-01,2008-04,April,Vavuniya,Northern,2.0,25843.0,LK43,65.0,0.7616963766666666,0.7370928533333334,103.12835266666667
2008-05-01,2008-05,May,Ampara,Eastern,2.0,25832.0,LK52,147.0,0.7008743666666666,0.6942442600000001,100.89115833333334
2008-05-01,2008-05,May,Anuradhapura,North Central,2.0,25835.0,LK71,235.0,0.7144711666666667,0.72566436,98.55604333333333
2008-05-01,2008-05,May,Badulla,Uva,2.0,25849.0,LK81,94.0,0.7454024666666667,0.7554970333333334,98.746737
2008-05-01,2008-05,May,Batticaloa,Eastern,2.0,25833.0,LK51,82.0,0.6241056766666667,0.6097193333333334,102.18213166666665
2008-05-01,2008-05,May,Colombo,Western,2.0,25851.0,LK11,23.0,0.7023492666666667,0.6955265166666668,100.91705999999999
2008-05-01,2008-05,May,Galle,Southern,2.0,25846.0,LK31,54.0,0.79631973,0.8004023433333334,99.51995666666666
2008-05-01,2008-05,May,Gampaha,Western,2.0,25852.0,LK12,47.0,0.7534318799999999,0.74915808,100.53716666666666
2008-05-01,2008-05,May,Hambantota,Southern,2.0,25847.0,LK33,85.0,0.7123897533333333,0.7062601000000001,100.81085666666667
2008-05-01,2008-05,May,Jaffna,Northern,2.0,25839.0,LK41,31.0,0.5228225533333334,0.49670642333333337,104.771268
2008-05-01,2008-05,May,Kalutara,Western,2.0,25853.0,LK13,52.0,0.79329806,0.7966547366666666,99.60379333333333
2008-05-01,2008-05,May,Kandy,Central,2.0,41748.0,LK21,60.0,0.7751966499999999,0.7845254766666666,98.88250466666666
2008-05-01,2008-05,May,Kegalle,Sabaragamuwa,2.0,25844.0,LK92,55.0,0.8241678566666666,0.8317203266666667,99.14397333333334
2008-05-01,2008-05,May,Kilinochchi,Northern,2.0,25840.0,LK45,41.0,0.5810715466666667,0.5603386866666668,103.39361133333334
2008-05-01,2008-05,May,Kurunegala,North Western,2.0,25837.0,LK61,158.0,0.7663145299999999,0.7688743966666666,99.69062000000001
2008-05-01,2008-05,May,Mannar,Northern,2.0,25841.0,LK42,65.0,0.6878902433333334,0.67330281,102.01307966666667
2008-05-01,2008-05,May,Matale,Central,2.0,25830.0,LK22,67.0,0.7561576866666666,0.7697553166666666,98.34100666666666
2008-05-01,2008-05,May,Matara,Southern,2.0,25848.0,LK32,39.0,0.8032358566666667,0.8025984233333333,100.07438333333333
2008-05-01,2008-05,May,Monaragala,Uva,2.0,25850.0,LK82,186.0,0.7542445866666667,0.7616334866666667,99.08921466666668
2008-05-01,2008-05,May,Mullaitivu,Northern,2.0,25842.0,LK44,85.0,0.7180015466666667,0.70917131,101.161382
2008-05-01,2008-05,May,Nuwara Eliya,Central,2.0,41749.0,LK23,58.0,0.7691091866666667,0.7783765833333334,98.88127166666668
2008-05-01,2008-05,May,Polonnaruwa,North Central,2.0,25836.0,LK72,116.0,0.6775548633333334,0.6925152333333333,97.98483
2008-05-01,2008-05,May,Puttalam,North Western,2.0,25838.0,LK62,107.0,0.7151349100000001,0.7109920000000001,100.54591799999999
2008-05-01,2008-05,May,Ratnapura,Sabaragamuwa,2.0,25845.0,LK91,108.0,0.7944355,0.8096791900000001,98.22688133333334
2008-05-01,2008-05,May,Trincomalee,Eastern,2.0,25834.0,LK53,83.0,0.67930321,0.6749312466666666,100.60330533333332
2008-05-01,2008-05,May,Vavuniya,Northern,2.0,25843.0,LK43,65.0,0.7300625366666668,0.73722455,99.08765999999999
2008-06-01,2008-06,June,Ampara,Eastern,2.0,25832.0,LK52,147.0,0.7123773133333332,0.69607917,102.187032
2008-06-01,2008-06,June,Anuradhapura,North Central,2.0,25835.0,LK71,235.0,0.6940405466666667,0.6999913666666666,99.21476866666667
2008-06-01,2008-06,June,Badulla,Uva,2.0,25849.0,LK81,94.0,0.7400811866666667,0.7429939533333334,99.63516800000001
2008-06-01,2008-06,June,Batticaloa,Eastern,2.0,25833.0,LK51,82.0,0.60594839,0.5971564333333333,101.36328666666667
2008-06-01,2008-06,June,Colombo,Western,2.0,25851.0,LK11,23.0,0.7068043133333334,0.7040921833333332,100.35967
2008-06-01,2008-06,June,Galle,Southern,2.0,25846.0,LK31,54.0,0.7989098666666666,0.8009732366666666,99.75759333333333
2008-06-01,2008-06,June,Gampaha,Western,2.0,25852.0,LK12,47.0,0.75876242,0.7584368933333333,100.04024466666665
2008-06-01,2008-06,June,Hambantota,Southern,2.0,25847.0,LK33,85.0,0.6956874333333333,0.6984099533333333,99.63675333333333
2008-06-01,2008-06,June,Jaffna,Northern,2.0,25839.0,LK41,31.0,0.4819236333333334,0.48190153666666663,99.99934
2008-06-01,2008-06,June,Kalutara,Western,2.0,25853.0,LK13,52.0,0.7922807266666667,0.7987041333333332,99.24314633333334
2008-06-01,2008-06,June,Kandy,Central,2.0,41748.0,LK21,60.0,0.77629552,0.7865019333333333,98.77988799999999
2008-06-01,2008-06,June,Kegalle,Sabaragamuwa,2.0,25844.0,LK92,55.0,0.8281709033333334,0.8373326266666666,98.96749466666665
2008-06-01,2008-06,June,Kilinochchi,Northern,2.0,25840.0,LK45,41.0,0.5529837166666667,0.5513656466666667,100.26865666666667
2008-06-01,2008-06,June,Kurunegala,North Western,2.0,25837.0,LK61,158.0,0.7650926,0.7748695666666666,98.8137
2008-06-01,2008-06,June,Mannar,Northern,2.0,25841.0,LK42,65.0,0.6582486666666666,0.6502179333333333,101.14943466666666
2008-06-01,2008-06,June,Matale,Central,2.0,25830.0,LK22,67.0,0.7492576999999999,0.7593344433333332,98.75608533333333
2008-06-01,2008-06,June,Matara,Southern,2.0,25848.0,LK32,39.0,0.8142991433333333,0.8112293133333334,100.35644333333335
2008-06-01,2008-06,June,Monaragala,Uva,2.0,25850.0,LK82,186.0,0.72982741,0.7310031866666667,99.85437
2008-06-01,2008-06,June,Mullaitivu,Northern,2.0,25842.0,LK44,85.0,0.70009724,0.6991408666666666,100.12831133333333
2008-06-01,2008-06,June,Nuwara Eliya,Central,2.0,41749.0,LK23,58.0,0.7645281266666667,0.7738468,98.86904166666666
2008-06-01,2008-06,June,Polonnaruwa,North Central,2.0,25836.0,LK72,116.0,0.6808994166666666,0.6941723433333333,98.21599933333334
2008-06-01,2008-06,June,Puttalam,North Western,2.0,25838.0,LK62,107.0,0.69062555,0.7017504666666667,98.51789966666666
2008-06-01,2008-06,June,Ratnapura,Sabaragamuwa,2.0,25845.0,LK91,108.0,0.7903172666666668,0.8067291666666666,98.08438133333334
2008-06-01,2008-06,June,Trincomalee,Eastern,2.0,25834.0,LK53,83.0,0.6503758666666667,0.6693011666666666,97.36818333333333
2008-06-01,2008-06,June,Vavuniya,Northern,2.0,25843.0,LK43,65.0,0.7069333233333334,0.7127846833333332,99.23950500000001
2008-07-01,2008-07,July,Ampara,Eastern,2.0,25832.0,LK52,147.0,0.6887224466666666,0.66297264,103.617548
2008-07-01,2008-07,July,Anuradhapura,North Central,2.0,25835.0,LK71,235.0,0.67843688,0.66451175,101.95524
2008-07-01,2008-07,July,Badulla,Uva,2.0,25849.0,LK81,94.0,0.72778118,0.7170180433333333,101.40726
2008-07-01,2008-07,July,Batticaloa,Eastern,2.0,25833.0,LK51,82.0,0.5779816666666667,0.5537752966666667,104.02498333333334
2008-07-01,2008-07,July,Colombo,Western,2.0,25851.0,LK11,23.0,0.7021999833333333,0.7042327766666666,99.73023133333334
2008-07-01,2008-07,July,Galle,Southern,2.0,25846.0,LK31,54.0,0.79270679,0.7963837866666666,99.565262
2008-07-01,2008-07,July,Gampaha,Western,2.0,25852.0,LK12,47.0,0.7495205566666666,0.7523134333333333,99.65176133333334
2008-07-01,2008-07,July,Hambantota,Southern,2.0,25847.0,LK33,85.0,0.6687074333333333,0.6664425666666667,100.314686
2008-07-01,2008-07,July,Jaffna,Northern,2.0,25839.0,LK41,31.0,0.46090322,0.46375180666666665,99.44446666666666
2008-07-01,2008-07,July,Kalutara,Western,2.0,25853.0,LK13,52.0,0.7858692466666666,0.7950797433333333,98.909828
2008-07-01,2008-07,July,Kandy,Central,2.0,41748.0,LK21,60.0,0.7727883000000001,0.7818825266666667,98.90681333333333
2008-07-01,2008-07,July,Kegalle,Sabaragamuwa,2.0,25844.0,LK92,55.0,0.82373875,0.8361627166666666,98.59789666666666
2008-07-01,2008-07,July,Kilinochchi,Northern,2.0,25840.0,LK45,41.0,0.54219755,0.5403985833333333,100.30386666666668
2008-07-01,2008-07,July,Kurunegala,North Western,2.0,25837.0,LK61,158.0,0.7397571566666666,0.7443222666666666,99.43831
2008-07-01,2008-07,July,Mannar,Northern,2.0,25841.0,LK42,65.0,0.6441943466666666,0.62472038,102.89166333333333
2008-07-01,2008-07,July,Matale,Central,2.0,25830.0,LK22,67.0,0.7404198766666666,0.7411886500000001,99.90549533333332
2008-07-01,2008-07,July,Matara,Southern,2.0,25848.0,LK32,39.0,0.8053401433333334,0.8077109,99.72285466666666
2008-07-01,2008-07,July,Monaragala,Uva,2.0,25850.0,LK82,186.0,0.6944155533333333,0.6853212933333334,101.23971666666667
2008-07-01,2008-07,July,Mullaitivu,Northern,2.0,25842.0,LK44,85.0,0.70020469,0.6886919566666667,101.55948166666667
2008-07-01,2008-07,July,Nuwara Eliya,Central,2.0,41749.0,LK23,58.0,0.75815343,0.7643455466666667,99.239802
2008-07-01,2008-07,July,Polonnaruwa,North Central,2.0,25836.0,LK72,116.0,0.6940597466666666,0.6896422566666667,100.59957000000001
2008-07-01,2008-07,July,Puttalam,North Western,2.0,25838.0,LK62,107.0,0.66725542,0.6679628466666667,99.92184966666667
2008-07-01,2008-07,July,Ratnapura,Sabaragamuwa,2.0,25845.0,LK91,108.0,0.7789465966666667,0.7948234166666667,98.12045
2008-07-01,2008-07,July,Trincomalee,Eastern,2.0,25834.0,LK53,83.0,0.6552116466666666,0.6580614966666667,99.59931999999999
2008-07-01,2008-07,July,Vavuniya,Northern,2.0,25843.0,LK43,65.0,0.70357899,0.68687702,102.27060333333333
2008-08-01,2008-08,August,Ampara,Eastern,2.0,25832.0,LK52,147.0,0.6634299333333333,0.6297521233333333,104.957045
2008-08-01,2008-08,August,Anuradhapura,North Central,2.0,25835.0,LK71,235.0,0.6802272366666666,0.6509886466666667,104.17138999999999
2008-08-01,2008-08,August,Badulla,Uva,2.0,25849.0,LK81,94.0,0.7220393533333334,0.7010389,102.79702999999999
2008-08-01,2008-08,August,Batticaloa,Eastern,2.0,25833.0,LK51,82.0,0.5669528233333333,0.5290863866666666,106.54028333333333
2008-08-01,2008-08,August,Colombo,Western,2.0,25851.0,LK11,23.0,0.6903057766666668,0.6977320533333332,99.006328
2008-08-01,2008-08,August,Galle,Southern,2.0,25846.0,LK31,54.0,0.7853993566666667,0.79401784,98.97888499999999
2008-08-01,2008-08,August,Gampaha,Western,2.0,25852.0,LK12,47.0,0.7378815333333334,0.7410126333333333,99.60399199999999
2008-08-01,2008-08,August,Hambantota,Southern,2.0,25847.0,LK33,85.0,0.6308211566666667,0.6358906333333333,99.25721499999999
2008-08-01,2008-08,August,Jaffna,Northern,2.0,25839.0,LK41,31.0,0.44745377000000003,0.46041914,97.46450166666666
2008-08-01,2008-08,August,Kalutara,Western,2.0,25853.0,LK13,52.0,0.7750025666666667,0.7902804933333334,98.18160666666667
2008-08-01,2008-08,August,Kandy,Central,2.0,41748.0,LK21,60.0,0.7655571833333333,0.7761413999999999,98.71881499999999
2008-08-01,2008-08,August,Kegalle,Sabaragamuwa,2.0,25844.0,LK92,55.0,0.8161515,0.83049366,98.37102666666665
2008-08-01,2008-08,August,Kilinochchi,Northern,2.0,25840.0,LK45,41.0,0.5194926333333333,0.5262446000000001,98.82569666666666
2008-08-01,2008-08,August,Kurunegala,North Western,2.0,25837.0,LK61,158.0,0.72821159,0.7056622866666666,102.99166333333335
2008-08-01,2008-08,August,Mannar,Northern,2.0,25841.0,LK42,65.0,0.64091948,0.6115338466666667,104.44222
2008-08-01,2008-08,August,Matale,Central,2.0,25830.0,LK22,67.0,0.73731936,0.72781648,101.222398
2008-08-01,2008-08,August,Matara,Southern,2.0,25848.0,LK32,39.0,0.7892401633333334,0.7997613100000001,98.76146833333333
2008-08-01,2008-08,August,Monaragala,Uva,2.0,25850.0,LK82,186.0,0.6787854333333333,0.6643590033333333,102.01981333333333
2008-08-01,2008-08,August,Mullaitivu,Northern,2.0,25842.0,LK44,85.0,0.7083568299999999,0.6894681,102.55428333333333
2008-08-01,2008-08,August,Nuwara Eliya,Central,2.0,41749.0,LK23,58.0,0.7553407933333333,0.7604915800000001,99.36448200000001
2008-08-01,2008-08,August,Polonnaruwa,North Central,2.0,25836.0,LK72,116.0,0.7042962466666666,0.6756234133333333,103.95884333333333
2008-08-01,2008-08,August,Puttalam,North Western,2.0,25838.0,LK62,107.0,0.6625027766666666,0.6345897133333334,104.08344666666666
2008-08-01,2008-08,August,Ratnapura,Sabaragamuwa,2.0,25845.0,LK91,108.0,0.7636876266666667,0.7835099900000001,97.621393
2008-08-01,2008-08,August,Trincomalee,Eastern,2.0,25834.0,LK53,83.0,0.6873489999999999,0.6609511433333334,103.71005666666667
2008-08-01,2008-08,August,Vavuniya,Northern,2.0,25843.0,LK43,65.0,0.7216676633333332,0.6878702466666667,104.57852333333334
2008-09-01,2008-09,September,Ampara,Eastern,2.0,25832.0,LK52,147.0,0.6663321966666667,0.6329594333333334,104.89031999999999
2008-09-01,2008-09,September,Anuradhapura,North Central,2.0,25835.0,LK71,235.0,0.6905720366666667,0.6619698366666666,104.02572500000001
2008-09-01,2008-09,September,Badulla,Uva,2.0,25849.0,LK81,94.0,0.73202622,0.7060127666666668,103.44141333333333
2008-09-01,2008-09,September,Batticaloa,Eastern,2.0,25833.0,LK51,82.0,0.5740735533333333,0.5397494566666667,105.83062333333334
2008-09-01,2008-09,September,Colombo,Western,2.0,25851.0,LK11,23.0,0.6835275166666666,0.6961392833333333,98.30973
2008-09-01,2008-09,September,Galle,Southern,2.0,25846.0,LK31,54.0,0.7858308533333332,0.7968295466666667,98.701158
2008-09-01,2008-09,September,Gampaha,Western,2.0,25852.0,LK12,47.0,0.7313900499999999,0.7382961266666667,99.12400666666667
2008-09-01,2008-09,September,Hambantota,Southern,2.0,25847.0,LK33,85.0,0.6155697800000001,0.63163102,97.64518166666666
2008-09-01,2008-09,September,Jaffna,Northern,2.0,25839.0,LK41,31.0,0.45575912,0.4845341333333333,94.62707166666667
2008-09-01,2008-09,September,Kalutara,Western,2.0,25853.0,LK13,52.0,0.7680095866666666,0.79020558,97.35842666666667
2008-09-01,2008-09,September,Kandy,Central,2.0,41748.0,LK21,60.0,0.7661394100000001,0.77577225,98.83342833333332
2008-09-01,2008-09,September,Kegalle,Sabaragamuwa,2.0,25844.0,LK92,55.0,0.8093939233333334,0.82574345,98.13300466666668
2008-09-01,2008-09,September,Kilinochchi,Northern,2.0,25840.0,LK45,41.0,0.5112796633333333,0.52585062,97.47113
2008-09-01,2008-09,September,Kurunegala,North Western,2.0,25837.0,LK61,158.0,0.7242949,0.7007411133333333,103.14196133333333
2008-09-01,2008-09,September,Mannar,Northern,2.0,25841.0,LK42,65.0,0.6407343333333334,0.62242828,102.73114833333334
2008-09-01,2008-09,September,Matale,Central,2.0,25830.0,LK22,67.0,0.7483696000000001,0.73437527,101.78534
2008-09-01,2008-09,September,Matara,Southern,2.0,25848.0,LK32,39.0,0.7797350333333334,0.7964650633333333,98.02361
2008-09-01,2008-09,September,Monaragala,Uva,2.0,25850.0,LK82,186.0,0.6959073166666666,0.67865846,102.36817666666667
2008-09-01,2008-09,September,Mullaitivu,Northern,2.0,25842.0,LK44,85.0,0.7159266533333334,0.7039018433333334,101.59901533333334
2008-09-01,2008-09,September,Nuwara Eliya,Central,2.0,41749.0,LK23,58.0,0.7601034366666667,0.7645634333333334,99.45249000000001
2008-09-01,2008-09,September,Polonnaruwa,North Central,2.0,25836.0,LK72,116.0,0.70084968,0.66211692,105.43983866666667
2008-09-01,2008-09,September,Puttalam,North Western,2.0,25838.0,LK62,107.0,0.6712386300000001,0.6389632333333334,104.69024333333334
2008-09-01,2008-09,September,Ratnapura,Sabaragamuwa,2.0,25845.0,LK91,108.0,0.7579780666666668,0.7821766166666667,97.09226666666666
2008-09-01,2008-09,September,Trincomalee,Eastern,2.0,25834.0,LK53,83.0,0.7073634266666667,0.67273578,104.79436666666668
2008-09-01,2008-09,September,Vavuniya,Northern,2.0,25843.0,LK43,65.0,0.7401122666666667,0.7114957333333334,103.76729499999999
2008-10-01,2008-10,October,Ampara,Eastern,2.0,25832.0,LK52,147.0,0.6918576,0.6726984566666667,102.66833000000001
2008-10-01,2008-10,October,Anuradhapura,North Central,2.0,25835.0,LK71,235.0,0.71542721,0.7050825566666666,101.3802
2008-10-01,2008-10,October,Badulla,Uva,2.0,25849.0,LK81,94.0,0.75448225,0.73642772,102.30372833333332
2008-10-01,2008-10,October,Batticaloa,Eastern,2.0,25833.0,LK51,82.0,0.5978393999999999,0.58577872,101.93192466666666
2008-10-01,2008-10,October,Colombo,Western,2.0,25851.0,LK11,23.0,0.6914188333333334,0.6993316900000001,98.94366866666667
2008-10-01,2008-10,October,Galle,Southern,2.0,25846.0,LK31,54.0,0.7959431633333334,0.80463834,98.98248866666667
2008-10-01,2008-10,October,Gampaha,Western,2.0,25852.0,LK12,47.0,0.7394077666666666,0.7456929666666667,99.20951400000001
2008-10-01,2008-10,October,Hambantota,Southern,2.0,25847.0,LK33,85.0,0.6675133166666667,0.67526712,98.91259466666666
2008-10-01,2008-10,October,Jaffna,Northern,2.0,25839.0,LK41,31.0,0.50763763,0.53861731,94.721678
2008-10-01,2008-10,October,Kalutara,Western,2.0,25853.0,LK13,52.0,0.7716268833333334,0.7947389133333332,97.263795
2008-10-01,2008-10,October,Kandy,Central,2.0,41748.0,LK21,60.0,0.7787822200000001,0.7867203666666667,99.05099333333334
2008-10-01,2008-10,October,Kegalle,Sabaragamuwa,2.0,25844.0,LK92,55.0,0.80954785,0.8250890333333333,98.223988
2008-10-01,2008-10,October,Kilinochchi,Northern,2.0,25840.0,LK45,41.0,0.5528073333333333,0.5664579066666667,97.77951166666666
2008-10-01,2008-10,October,Kurunegala,North Western,2.0,25837.0,LK61,158.0,0.7317693666666667,0.7316796600000001,100.02215333333334
2008-10-01,2008-10,October,Mannar,Northern,2.0,25841.0,LK42,65.0,0.6771066333333334,0.6693824666666667,101.07468166666666
2008-10-01,2008-10,October,Matale,Central,2.0,25830.0,LK22,67.0,0.77491888,0.7646746466666666,101.25944666666665
2008-10-01,2008-10,October,Matara,Southern,2.0,25848.0,LK32,39.0,0.7833093999999999,0.8024033333333334,97.75944666666668
2008-10-01,2008-10,October,Monaragala,Uva,2.0,25850.0,LK82,186.0,0.7382449833333333,0.7241691666666666,101.82338466666666
2008-10-01,2008-10,October,Mullaitivu,Northern,2.0,25842.0,LK44,85.0,0.7364015300000001,0.7338299833333334,100.329545
2008-10-01,2008-10,October,Nuwara Eliya,Central,2.0,41749.0,LK23,58.0,0.77209652,0.7775780666666666,99.33802333333334
2008-10-01,2008-10,October,Polonnaruwa,North Central,2.0,25836.0,LK72,116.0,0.7179109333333334,0.6956889,103.001713
2008-10-01,2008-10,October,Puttalam,North Western,2.0,25838.0,LK62,107.0,0.7009158566666667,0.6856798166666667,102.08948133333332
2008-10-01,2008-10,October,Ratnapura,Sabaragamuwa,2.0,25845.0,LK91,108.0,0.7750388666666667,0.7957741733333333,97.54632133333332
2008-10-01,2008-10,October,Trincomalee,Eastern,2.0,25834.0,LK53,83.0,0.7194847333333333,0.7037558566666666,102.10039333333333
2008-10-01,2008-10,October,Vavuniya,Northern,2.0,25843.0,LK43,65.0,0.7638933266666666,0.7542895333333334,101.20235333333333
2008-11-01,2008-11,November,Ampara,Eastern,2.0,25832.0,LK52,147.0,0.7339097666666667,0.73024149,100.47345
2008-11-01,2008-11,November,Anuradhapura,North Central,2.0,25835.0,LK71,235.0,0.7502774333333333,0.75418649,99.51854666666667
2008-11-01,2008-11,November,Badulla,Uva,2.0,25849.0,LK81,94.0,0.7719999833333334,0.7692643666666666,100.33636
2008-11-01,2008-11,November,Batticaloa,Eastern,2.0,25833.0,LK51,82.0,0.66145569,0.6684093433333334,99.03954333333333
2008-11-01,2008-11,November,Colombo,Western,2.0,25851.0,LK11,23.0,0.6974811299999999,0.6999362000000001,99.67268833333333
2008-11-01,2008-11,November,Galle,Southern,2.0,25846.0,LK31,54.0,0.80197591,0.8110670066666666,98.944162
2008-11-01,2008-11,November,Gampaha,Western,2.0,25852.0,LK12,47.0,0.7576843666666666,0.7596452866666666,99.75714666666666
2008-11-01,2008-11,November,Hambantota,Southern,2.0,25847.0,LK33,85.0,0.7417654666666667,0.7371608566666668,100.58200466666666
2008-11-01,2008-11,November,Jaffna,Northern,2.0,25839.0,LK41,31.0,0.5786730866666666,0.6011712133333333,96.53723666666667
2008-11-01,2008-11,November,Kalutara,Western,2.0,25853.0,LK13,52.0,0.7801628099999999,0.7982270133333333,97.87027
2008-11-01,2008-11,November,Kandy,Central,2.0,41748.0,LK21,60.0,0.7938555133333334,0.8012197633333334,99.13475
2008-11-01,2008-11,November,Kegalle,Sabaragamuwa,2.0,25844.0,LK92,55.0,0.8171399833333334,0.82791171,98.77287999999999
2008-11-01,2008-11,November,Kilinochchi,Northern,2.0,25840.0,LK45,41.0,0.6251251833333332,0.6432878833333334,97.38832633333334
2008-11-01,2008-11,November,Kurunegala,North Western,2.0,25837.0,LK61,158.0,0.7669200333333333,0.7751060133333333,99.00546666666666
2008-11-01,2008-11,November,Mannar,Northern,2.0,25841.0,LK42,65.0,0.7384117766666667,0.7253331,101.68318333333333
2008-11-01,2008-11,November,Matale,Central,2.0,25830.0,LK22,67.0,0.7977184133333334,0.7938021000000001,100.46503200000001
2008-11-01,2008-11,November,Matara,Southern,2.0,25848.0,LK32,39.0,0.80576152,0.81549072,98.87434466666666
2008-11-01,2008-11,November,Monaragala,Uva,2.0,25850.0,LK82,186.0,0.7812069666666667,0.77563148,100.67917866666669
2008-11-01,2008-11,November,Mullaitivu,Northern,2.0,25842.0,LK44,85.0,0.7678827233333333,0.7649793100000001,100.35567800000001
2008-11-01,2008-11,November,Nuwara Eliya,Central,2.0,41749.0,LK23,58.0,0.7848304533333333,0.7932364766666667,99.00342366666666
2008-11-01,2008-11,November,Polonnaruwa,North Central,2.0,25836.0,LK72,116.0,0.7362798666666667,0.7374111633333333,99.85834833333335
2008-11-01,2008-11,November,Puttalam,North Western,2.0,25838.0,LK62,107.0,0.7382377,0.7389796133333334,99.90868666666667
2008-11-01,2008-11,November,Ratnapura,Sabaragamuwa,2.0,25845.0,LK91,108.0,0.8027515,0.8127910133333334,98.83525166666668
2008-11-01,2008-11,November,Trincomalee,Eastern,2.0,25834.0,LK53,83.0,0.7367252933333334,0.7405627566666667,99.51820866666667
2008-11-01,2008-11,November,Vavuniya,Northern,2.0,25843.0,LK43,65.0,0.7920097300000001,0.7915826566666667,100.05152666666667
2008-12-01,2008-12,December,Ampara,Eastern,2.0,25832.0,LK52,147.0,0.7759850233333333,0.7766607333333333,99.92079733333333
2008-12-01,2008-12,December,Anuradhapura,North Central,2.0,25835.0,LK71,235.0,0.7737391166666666,0.7848832833333333,98.66579333333334
2008-12-01,2008-12,December,Badulla,Uva,2.0,25849.0,LK81,94.0,0.7803602466666666,0.7869486866666667,99.21442333333334
2008-12-01,2008-12,December,Batticaloa,Eastern,2.0,25833.0,LK51,82.0,0.71973656,0.7287191533333334,98.84627466666666
2008-12-01,2008-12,December,Colombo,Western,2.0,25851.0,LK11,23.0,0.6848941566666666,0.6931179466666667,98.89077166666668
2008-12-01,2008-12,December,Galle,Southern,2.0,25846.0,LK31,54.0,0.8047327066666666,0.8138152533333334,98.94857333333334
2008-12-01,2008-12,December,Gampaha,Western,2.0,25852.0,LK12,47.0,0.7580248066666666,0.7628569066666667,99.40436
2008-12-01,2008-12,December,Hambantota,Southern,2.0,25847.0,LK33,85.0,0.7753140766666666,0.7700227133333333,100.64651500000001
2008-12-01,2008-12,December,Jaffna,Northern,2.0,25839.0,LK41,31.0,0.6089462333333334,0.6252972966666667,97.57841499999999
2008-12-01,2008-12,December,Kalutara,Western,2.0,25853.0,LK13,52.0,0.7816730666666668,0.7963954366666667,98.26034533333332
2008-12-01,2008-12,December,Kandy,Central,2.0,41748.0,LK21,60.0,0.79530055,0.8061117200000001,98.73712333333333
2008-12-01,2008-12,December,Kegalle,Sabaragamuwa,2.0,25844.0,LK92,55.0,0.8150999766666667,0.8268434299999999,98.66017133333332
2008-12-01,2008-12,December,Kilinochchi,Northern,2.0,25840.0,LK45,41.0,0.66968695,0.6934801566666667,96.79942999999999
2008-12-01,2008-12,December,Kurunegala,North Western,2.0,25837.0,LK61,158.0,0.8010396333333333,0.8019920066666666,99.887615
2008-12-01,2008-12,December,Mannar,Northern,2.0,25841.0,LK42,65.0,0.7641143466666667,0.7516517333333333,101.55604333333333
2008-12-01,2008-12,December,Matale,Central,2.0,25830.0,LK22,67.0,0.8070427533333334,0.8089373566666667,99.78028033333334
2008-12-01,2008-12,December,Matara,Southern,2.0,25848.0,LK32,39.0,0.8209999666666666,0.8252643266666667,99.51281633333333
2008-12-01,2008-12,December,Monaragala,Uva,2.0,25850.0,LK82,186.0,0.79695624,0.8032846,99.26069333333334
2008-12-01,2008-12,December,Mullaitivu,Northern,2.0,25842.0,LK44,85.0,0.7801933333333334,0.7785315666666667,100.20079
2008-12-01,2008-12,December,Nuwara Eliya,Central,2.0,41749.0,LK23,58.0,0.7852551666666666,0.7976402033333333,98.53867000000001
2008-12-01,2008-12,December,Polonnaruwa,North Central,2.0,25836.0,LK72,116.0,0.7620887500000001,0.7602516,100.22410333333335
2008-12-01,2008-12,December,Puttalam,North Western,2.0,25838.0,LK62,107.0,0.75811555,0.7589746666666667,99.89371
2008-12-01,2008-12,December,Ratnapura,Sabaragamuwa,2.0,25845.0,LK91,108.0,0.8110780533333334,0.81920739,99.06473666666666
2008-12-01,2008-12,December,Trincomalee,Eastern,2.0,25834.0,LK53,83.0,0.7543349366666666,0.76396468,98.81693366666667
2008-12-01,2008-12,December,Vavuniya,Northern,2.0,25843.0,LK43,65.0,0.8022697166666667,0.8042701600000001,99.765902
2009-01-01,2009-01,January,Ampara,Eastern,2.0,25832.0,LK52,147.0,0.7720503466666666,0.7833097133333333,98.64541833333334
2009-01-01,2009-01,January,Anuradhapura,North Central,2.0,25835.0,LK71,235.0,0.7856765833333332,0.7924991,99.19117166666666
2009-01-01,2009-01,January,Badulla,Uva,2.0,25849.0,LK81,94.0,0.77562762,0.7926376866666667,97.98090333333334
2009-01-01,2009-01,January,Batticaloa,Eastern,2.0,25833.0,LK51,82.0,0.7151593366666665,0.7211823599999999,99.21965999999999
2009-01-01,2009-01,January,Colombo,Western,2.0,25851.0,LK11,23.0,0.64729562,0.6720614033333333,96.56515999999999
2009-01-01,2009-01,January,Galle,Southern,2.0,25846.0,LK31,54.0,0.7883018533333334,0.8078158633333333,97.72323333333333
2009-01-01,2009-01,January,Gampaha,Western,2.0,25852.0,LK12,47.0,0.7192737333333333,0.7362003333333332,97.84270666666667
2009-01-01,2009-01,January,Hambantota,Southern,2.0,25847.0,LK33,85.0,0.7624603633333332,0.77555122,98.41073533333334
2009-01-01,2009-01,January,Jaffna,Northern,2.0,25839.0,LK41,31.0,0.5804419133333334,0.6014972866666667,96.75714666666666
2009-01-01,2009-01,January,Kalutara,Western,2.0,25853.0,LK13,52.0,0.7586788233333334,0.7819341033333332,97.20214866666667
2009-01-01,2009-01,January,Kandy,Central,2.0,41748.0,LK21,60.0,0.7759744133333334,0.7984849533333334,97.34506666666665
2009-01-01,2009-01,January,Kegalle,Sabaragamuwa,2.0,25844.0,LK92,55.0,0.78912242,0.8109299999999999,97.46490999999999
2009-01-01,2009-01,January,Kilinochchi,Northern,2.0,25840.0,LK45,41.0,0.6683731433333332,0.6806254666666667,98.33396666666665
2009-01-01,2009-01,January,Kurunegala,North Western,2.0,25837.0,LK61,158.0,0.7739145533333334,0.7805691266666667,99.18967466666668
2009-01-01,2009-01,January,Mannar,Northern,2.0,25841.0,LK42,65.0,0.75095536,0.7527504566666666,99.77420500000001
2009-01-01,2009-01,January,Matale,Central,2.0,25830.0,LK22,67.0,0.8083521899999999,0.8147227899999999,99.26305
2009-01-01,2009-01,January,Matara,Southern,2.0,25848.0,LK32,39.0,0.8013683666666666,0.8164981633333334,98.25066533333334
2009-01-01,2009-01,January,Monaragala,Uva,2.0,25850.0,LK82,186.0,0.7799653833333333,0.8022891,97.37834166666666
2009-01-01,2009-01,January,Mullaitivu,Northern,2.0,25842.0,LK44,85.0,0.77108349,0.7719806333333333,99.89096333333333
2009-01-01,2009-01,January,Nuwara Eliya,Central,2.0,41749.0,LK23,58.0,0.7643005333333334,0.7875915333333333,97.21701
2009-01-01,2009-01,January,Polonnaruwa,North Central,2.0,25836.0,LK72,116.0,0.7899919333333334,0.7867867866666667,100.38394999999998
2009-01-01,2009-01,January,Puttalam,North Western,2.0,25838.0,LK62,107.0,0.7403881433333334,0.7442575466666667,99.50994333333334
2009-01-01,2009-01,January,Ratnapura,Sabaragamuwa,2.0,25845.0,LK91,108.0,0.7938367,0.8121014333333333,97.88003333333334
2009-01-01,2009-01,January,Trincomalee,Eastern,2.0,25834.0,LK53,83.0,0.7639811033333332,0.76624178,99.72456
2009-01-01,2009-01,January,Vavuniya,Northern,2.0,25843.0,LK43,65.0,0.7954102333333334,0.7948951333333333,100.06240166666667
2009-02-01,2009-02,February,Ampara,Eastern,2.0,25832.0,LK52,147.0,0.7158707166666667,0.7432987,96.53352666666666
2009-02-01,2009-02,February,Anuradhapura,North Central,2.0,25835.0,LK71,235.0,0.7521791166666668,0.75761819,99.32446499999999
2009-02-01,2009-02,February,Badulla,Uva,2.0,25849.0,LK81,94.0,0.7541723233333334,0.7792860999999999,96.97052333333333
2009-02-01,2009-02,February,Batticaloa,Eastern,2.0,25833.0,LK51,82.0,0.6558430766666666,0.6692407333333333,98.12751199999998
2009-02-01,2009-02,February,Colombo,Western,2.0,25851.0,LK11,23.0,0.6245434533333333,0.6544099333333334,95.76031666666667
2009-02-01,2009-02,February,Galle,Southern,2.0,25846.0,LK31,54.0,0.7636752866666666,0.7933937333333333,96.47578866666667
2009-02-01,2009-02,February,Gampaha,Western,2.0,25852.0,LK12,47.0,0.68617658,0.7034402433333332,97.71062666666667
2009-02-01,2009-02,February,Hambantota,Southern,2.0,25847.0,LK33,85.0,0.7089693866666668,0.7486602666666666,95.02281066666667
2009-02-01,2009-02,February,Jaffna,Northern,2.0,25839.0,LK41,31.0,0.5228687966666666,0.5498484466666667,95.50560666666667
2009-02-01,2009-02,February,Kalutara,Western,2.0,25853.0,LK13,52.0,0.7387051000000001,0.7683292866666666,96.37993166666666
2009-02-01,2009-02,February,Kandy,Central,2.0,41748.0,LK21,60.0,0.7516760800000001,0.7830002333333334,96.23922666666665
2009-02-01,2009-02,February,Kegalle,Sabaragamuwa,2.0,25844.0,LK92,55.0,0.7695508733333334,0.7953982866666666,96.94265
2009-02-01,2009-02,February,Kilinochchi,Northern,2.0,25840.0,LK45,41.0,0.6261812766666667,0.62443539,100.26877466666667
2009-02-01,2009-02,February,Kurunegala,North Western,2.0,25837.0,LK61,158.0,0.6980727999999999,0.7190770733333333,97.26439166666667
2009-02-01,2009-02,February,Mannar,Northern,2.0,25841.0,LK42,65.0,0.7191405033333332,0.7307267533333333,98.51495366666666
2009-02-01,2009-02,February,Matale,Central,2.0,25830.0,LK22,67.0,0.7867273533333333,0.7999620333333333,98.44143166666667
2009-02-01,2009-02,February,Matara,Southern,2.0,25848.0,LK32,39.0,0.7684094,0.7943172133333333,96.93066833333334
2009-02-01,2009-02,February,Monaragala,Uva,2.0,25850.0,LK82,186.0,0.7463847466666667,0.7800976533333334,95.93723999999999
2009-02-01,2009-02,February,Mullaitivu,Northern,2.0,25842.0,LK44,85.0,0.7506121366666667,0.7505555999999999,100.00709666666667
2009-02-01,2009-02,February,Nuwara Eliya,Central,2.0,41749.0,LK23,58.0,0.7393419333333333,0.7738566566666667,95.80993333333333
2009-02-01,2009-02,February,Polonnaruwa,North Central,2.0,25836.0,LK72,116.0,0.7697062999999998,0.7762176233333333,99.20665133333334
2009-02-01,2009-02,February,Puttalam,North Western,2.0,25838.0,LK62,107.0,0.6982124533333334,0.7083814966666667,98.65880499999999
2009-02-01,2009-02,February,Ratnapura,Sabaragamuwa,2.0,25845.0,LK91,108.0,0.7770870233333333,0.8001612833333334,97.28598666666666
2009-02-01,2009-02,February,Trincomalee,Eastern,2.0,25834.0,LK53,83.0,0.7355734933333333,0.73724276,99.785365
2009-02-01,2009-02,February,Vavuniya,Northern,2.0,25843.0,LK43,65.0,0.7718769,0.7669161,100.60752866666667
2009-03-01,2009-03,March,Ampara,Eastern,2.0,25832.0,LK52,147.0,0.6737185866666667,0.6993939033333333,96.5824
2009-03-01,2009-03,March,Anuradhapura,North Central,2.0,25835.0,LK71,235.0,0.7128168833333334,0.7122368166666666,100.083026
2009-03-01,2009-03,March,Badulla,Uva,2.0,25849.0,LK81,94.0,0.7409226700000001,0.7597539233333334,97.67747466666667
2009-03-01,2009-03,March,Batticaloa,Eastern,2.0,25833.0,LK51,82.0,0.6157654233333334,0.6270425733333332,98.34544999999999
2009-03-01,2009-03,March,Colombo,Western,2.0,25851.0,LK11,23.0,0.63584058,0.6577345133333333,96.90384333333334
2009-03-01,2009-03,March,Galle,Southern,2.0,25846.0,LK31,54.0,0.7617290099999999,0.7874191600000001,96.93201133333334
2009-03-01,2009-03,March,Gampaha,Western,2.0,25852.0,LK12,47.0,0.6957312133333332,0.6998973133333334,99.44138833333334
2009-03-01,2009-03,March,Hambantota,Southern,2.0,25847.0,LK33,85.0,0.6772019333333333,0.7118593333333333,95.45917166666668
2009-03-01,2009-03,March,Jaffna,Northern,2.0,25839.0,LK41,31.0,0.5051204233333334,0.5109923333333334,98.97521133333333
2009-03-01,2009-03,March,Kalutara,Western,2.0,25853.0,LK13,52.0,0.7513211266666667,0.77279975,97.38759833333334
2009-03-01,2009-03,March,Kandy,Central,2.0,41748.0,LK21,60.0,0.7503038599999999,0.7727419133333333,97.27360833333334
2009-03-01,2009-03,March,Kegalle,Sabaragamuwa,2.0,25844.0,LK92,55.0,0.7812508633333334,0.7990706866666667,97.89917833333334
2009-03-01,2009-03,March,Kilinochchi,Northern,2.0,25840.0,LK45,41.0,0.5968837333333333,0.58135265,102.47093666666666
2009-03-01,2009-03,March,Kurunegala,North Western,2.0,25837.0,LK61,158.0,0.6808839299999999,0.6883870466666666,98.98237
2009-03-01,2009-03,March,Mannar,Northern,2.0,25841.0,LK42,65.0,0.6963563833333334,0.7011477333333334,99.36721166666666
2009-03-01,2009-03,March,Matale,Central,2.0,25830.0,LK22,67.0,0.7678686333333333,0.7756171233333333,99.06508633333334
2009-03-01,2009-03,March,Matara,Southern,2.0,25848.0,LK32,39.0,0.76000171,0.7825581666666667,97.290968
2009-03-01,2009-03,March,Monaragala,Uva,2.0,25850.0,LK82,186.0,0.7389010733333333,0.7631427466666666,97.02083499999999
2009-03-01,2009-03,March,Mullaitivu,Northern,2.0,25842.0,LK44,85.0,0.7303164633333333,0.7284733299999999,100.23789466666666
2009-03-01,2009-03,March,Nuwara Eliya,Central,2.0,41749.0,LK23,58.0,0.7381373099999999,0.76845832,96.29524333333335
2009-03-01,2009-03,March,Polonnaruwa,North Central,2.0,25836.0,LK72,116.0,0.71828302,0.7271072466666667,98.87334666666668
2009-03-01,2009-03,March,Puttalam,North Western,2.0,25838.0,LK62,107.0,0.6854962333333333,0.6856575333333333,99.97993166666667
2009-03-01,2009-03,March,Ratnapura,Sabaragamuwa,2.0,25845.0,LK91,108.0,0.78071971,0.7967155966666667,98.11049466666667
2009-03-01,2009-03,March,Trincomalee,Eastern,2.0,25834.0,LK53,83.0,0.7031963500000001,0.6988553533333333,100.58963166666666
2009-03-01,2009-03,March,Vavuniya,Northern,2.0,25843.0,LK43,65.0,0.7485399833333334,0.7414863666666666,100.89212200000001
2009-04-01,2009-04,April,Ampara,Eastern,2.0,25832.0,LK52,147.0,0.6809605533333333,0.6831142633333332,99.70576666666666
2009-04-01,2009-04,April,Anuradhapura,North Central,2.0,25835.0,LK71,235.0,0.7149001333333334,0.71229456,100.34802
2009-04-01,2009-04,April,Badulla,Uva,2.0,25849.0,LK81,94.0,0.7483592,0.7551976666666667,99.15064166666667
2009-04-01,2009-04,April,Batticaloa,Eastern,2.0,25833.0,LK51,82.0,0.6210199,0.60768549,102.02889
2009-04-01,2009-04,April,Colombo,Western,2.0,25851.0,LK11,23.0,0.66557389,0.6772539700000001,98.39130466666666
2009-04-01,2009-04,April,Galle,Southern,2.0,25846.0,LK31,54.0,0.7788851633333334,0.79412357,98.19399333333332
2009-04-01,2009-04,April,Gampaha,Western,2.0,25852.0,LK12,47.0,0.7299709166666667,0.7242393766666666,100.73937366666667
2009-04-01,2009-04,April,Hambantota,Southern,2.0,25847.0,LK33,85.0,0.6813450833333333,0.7008370866666667,97.40404666666666
2009-04-01,2009-04,April,Jaffna,Northern,2.0,25839.0,LK41,31.0,0.5210978366666666,0.49807874333333335,104.20060833333334
2009-04-01,2009-04,April,Kalutara,Western,2.0,25853.0,LK13,52.0,0.7761730866666667,0.7875598333333333,98.63957533333333
2009-04-01,2009-04,April,Kandy,Central,2.0,41748.0,LK21,60.0,0.7681744199999999,0.7766860666666666,98.969778
2009-04-01,2009-04,April,Kegalle,Sabaragamuwa,2.0,25844.0,LK92,55.0,0.8114418,0.8171027799999999,99.34546833333333
2009-04-01,2009-04,April,Kilinochchi,Northern,2.0,25840.0,LK45,41.0,0.5935666866666667,0.5641594166666667,104.788878
2009-04-01,2009-04,April,Kurunegala,North Western,2.0,25837.0,LK61,158.0,0.73316624,0.7250464233333332,101.04836166666666
2009-04-01,2009-04,April,Mannar,Northern,2.0,25841.0,LK42,65.0,0.6813445966666666,0.6830917666666667,99.76001166666667
2009-04-01,2009-04,April,Matale,Central,2.0,25830.0,LK22,67.0,0.7669099199999999,0.76829087,99.83154
2009-04-01,2009-04,April,Matara,Southern,2.0,25848.0,LK32,39.0,0.77619914,0.78895477,98.47822666666667
2009-04-01,2009-04,April,Monaragala,Uva,2.0,25850.0,LK82,186.0,0.7544616333333334,0.7644638666666667,98.77211866666669
2009-04-01,2009-04,April,Mullaitivu,Northern,2.0,25842.0,LK44,85.0,0.7181748766666667,0.714852,100.43420833333333
2009-04-01,2009-04,April,Nuwara Eliya,Central,2.0,41749.0,LK23,58.0,0.75773906,0.7739699466666666,98.02920133333333
2009-04-01,2009-04,April,Polonnaruwa,North Central,2.0,25836.0,LK72,116.0,0.7014660833333334,0.69618518,100.708242
2009-04-01,2009-04,April,Puttalam,North Western,2.0,25838.0,LK62,107.0,0.7030516933333333,0.6956772999999999,100.99129333333333
2009-04-01,2009-04,April,Ratnapura,Sabaragamuwa,2.0,25845.0,LK91,108.0,0.7955070666666666,0.8041900966666665,98.98329933333332
2009-04-01,2009-04,April,Trincomalee,Eastern,2.0,25834.0,LK53,83.0,0.6991068166666666,0.6763330233333334,103.13643833333333
2009-04-01,2009-04,April,Vavuniya,Northern,2.0,25843.0,LK43,65.0,0.7371948366666666,0.7370928533333334,100.01444333333332
2009-05-01,2009-05,May,Ampara,Eastern,2.0,25832.0,LK52,147.0,0.6873346766666666,0.6942442600000001,99.07703500000001
2009-05-01,2009-05,May,Anuradhapura,North Central,2.0,25835.0,LK71,235.0,0.6995331833333333,0.72566436,96.62896333333333
2009-05-01,2009-05,May,Badulla,Uva,2.0,25849.0,LK81,94.0,0.7410655666666667,0.7554970333333334,98.20731033333334
2009-05-01,2009-05,May,Batticaloa,Eastern,2.0,25833.0,LK51,82.0,0.6179528133333333,0.6097193333333334,101.24906333333332
2009-05-01,2009-05,May,Colombo,Western,2.0,25851.0,LK11,23.0,0.6939681166666666,0.6955265166666668,99.78884133333334
2009-05-01,2009-05,May,Galle,Southern,2.0,25846.0,LK31,54.0,0.7945684866666666,0.8004023433333334,99.31362666666666
2009-05-01,2009-05,May,Gampaha,Western,2.0,25852.0,LK12,47.0,0.7586631166666667,0.74915808,101.188425
2009-05-01,2009-05,May,Hambantota,Southern,2.0,25847.0,LK33,85.0,0.6861999666666666,0.7062601000000001,97.34741166666667
2009-05-01,2009-05,May,Jaffna,Northern,2.0,25839.0,LK41,31.0,0.5195128666666666,0.49670642333333337,104.170255
2009-05-01,2009-05,May,Kalutara,Western,2.0,25853.0,LK13,52.0,0.7918749866666667,0.7966547366666666,99.43509833333333
2009-05-01,2009-05,May,Kandy,Central,2.0,41748.0,LK21,60.0,0.7798277666666666,0.7845254766666666,99.43687666666666
2009-05-01,2009-05,May,Kegalle,Sabaragamuwa,2.0,25844.0,LK92,55.0,0.8358418333333333,0.8317203266666667,100.466382
2009-05-01,2009-05,May,Kilinochchi,Northern,2.0,25840.0,LK45,41.0,0.58181217,0.5603386866666668,103.51654466666666
2009-05-01,2009-05,May,Kurunegala,North Western,2.0,25837.0,LK61,158.0,0.7756031466666666,0.7688743966666666,100.82101666666667
2009-05-01,2009-05,May,Mannar,Northern,2.0,25841.0,LK42,65.0,0.6493507533333334,0.67330281,96.68417666666666
2009-05-01,2009-05,May,Matale,Central,2.0,25830.0,LK22,67.0,0.7624363000000001,0.7697553166666666,99.10700666666666
2009-05-01,2009-05,May,Matara,Southern,2.0,25848.0,LK32,39.0,0.8021187799999999,0.8025984233333333,99.94182
2009-05-01,2009-05,May,Monaragala,Uva,2.0,25850.0,LK82,186.0,0.7369484000000001,0.7616334866666667,96.954838
2009-05-01,2009-05,May,Mullaitivu,Northern,2.0,25842.0,LK44,85.0,0.7075462466666668,0.70917131,99.78543633333334
2009-05-01,2009-05,May,Nuwara Eliya,Central,2.0,41749.0,LK23,58.0,0.7704292933333333,0.7783765833333334,99.040615
2009-05-01,2009-05,May,Polonnaruwa,North Central,2.0,25836.0,LK72,116.0,0.6873451066666666,0.6925152333333333,99.30315866666666
2009-05-01,2009-05,May,Puttalam,North Western,2.0,25838.0,LK62,107.0,0.7060613666666667,0.7109920000000001,99.35282
2009-05-01,2009-05,May,Ratnapura,Sabaragamuwa,2.0,25845.0,LK91,108.0,0.80407713,0.8096791900000001,99.348292
2009-05-01,2009-05,May,Trincomalee,Eastern,2.0,25834.0,LK53,83.0,0.69335699,0.6749312466666666,102.54177333333332
2009-05-01,2009-05,May,Vavuniya,Northern,2.0,25843.0,LK43,65.0,0.7137225366666667,0.73722455,97.01141333333334
2009-06-01,2009-06,June,Ampara,Eastern,2.0,25832.0,LK52,147.0,0.6552213,0.69607917,94.51654500000001
2009-06-01,2009-06,June,Anuradhapura,North Central,2.0,25835.0,LK71,235.0,0.65564296,0.6999913666666666,94.07927
2009-06-01,2009-06,June,Badulla,Uva,2.0,25849.0,LK81,94.0,0.7068492666666666,0.7429939533333334,95.43672533333334
2009-06-01,2009-06,June,Batticaloa,Eastern,2.0,25833.0,LK51,82.0,0.5826593666666667,0.5971564333333333,97.74756166666667
2009-06-01,2009-06,June,Colombo,Western,2.0,25851.0,LK11,23.0,0.7088028733333332,0.7040921833333332,100.624645
2009-06-01,2009-06,June,Galle,Southern,2.0,25846.0,LK31,54.0,0.8003802200000001,0.8009732366666666,99.93027866666667
2009-06-01,2009-06,June,Gampaha,Western,2.0,25852.0,LK12,47.0,0.7678907666666666,0.7584368933333333,101.16935533333333
2009-06-01,2009-06,June,Hambantota,Southern,2.0,25847.0,LK33,85.0,0.68848429,0.6984099533333333,98.67496333333334
2009-06-01,2009-06,June,Jaffna,Northern,2.0,25839.0,LK41,31.0,0.49643976333333334,0.48190153666666663,102.72908666666666
2009-06-01,2009-06,June,Kalutara,Western,2.0,25853.0,LK13,52.0,0.7962904000000001,0.7987041333333332,99.71554533333334
2009-06-01,2009-06,June,Kandy,Central,2.0,41748.0,LK21,60.0,0.7820416199999999,0.7865019333333333,99.46673666666668
2009-06-01,2009-06,June,Kegalle,Sabaragamuwa,2.0,25844.0,LK92,55.0,0.8465218133333333,0.8373326266666666,101.0356
2009-06-01,2009-06,June,Kilinochchi,Northern,2.0,25840.0,LK45,41.0,0.5530121866666667,0.5513656466666667,100.26888133333334
2009-06-01,2009-06,June,Kurunegala,North Western,2.0,25837.0,LK61,158.0,0.7772930333333333,0.7748695666666666,100.29101200000001
2009-06-01,2009-06,June,Mannar,Northern,2.0,25841.0,LK42,65.0,0.6157348566666667,0.6502179333333333,95.07345666666667
2009-06-01,2009-06,June,Matale,Central,2.0,25830.0,LK22,67.0,0.7466114333333334,0.7593344433333332,98.42615166666667
2009-06-01,2009-06,June,Matara,Southern,2.0,25848.0,LK32,39.0,0.8197820333333334,0.8112293133333334,100.99303166666668
2009-06-01,2009-06,June,Monaragala,Uva,2.0,25850.0,LK82,186.0,0.6870820533333334,0.7310031866666667,94.36694
2009-06-01,2009-06,June,Mullaitivu,Northern,2.0,25842.0,LK44,85.0,0.6893199666666666,0.6991408666666666,98.68730666666666
2009-06-01,2009-06,June,Nuwara Eliya,Central,2.0,41749.0,LK23,58.0,0.7669046,0.7738468,99.15693333333333
2009-06-01,2009-06,June,Polonnaruwa,North Central,2.0,25836.0,LK72,116.0,0.6613284300000001,0.6941723433333333,95.58797666666668
2009-06-01,2009-06,June,Puttalam,North Western,2.0,25838.0,LK62,107.0,0.6892716333333334,0.7017504666666667,98.33813199999999
2009-06-01,2009-06,June,Ratnapura,Sabaragamuwa,2.0,25845.0,LK91,108.0,0.8065851233333333,0.8067291666666666,99.98341333333333
2009-06-01,2009-06,June,Trincomalee,Eastern,2.0,25834.0,LK53,83.0,0.6706642233333334,0.6693011666666666,100.18638666666668
2009-06-01,2009-06,June,Vavuniya,Northern,2.0,25843.0,LK43,65.0,0.6720374333333333,0.7127846833333332,94.65294133333333
2009-07-01,2009-07,July,Ampara,Eastern,2.0,25832.0,LK52,147.0,0.6003664466666666,0.66297264,91.21369666666668
2009-07-01,2009-07,July,Anuradhapura,North Central,2.0,25835.0,LK71,235.0,0.61536838,0.66451175,93.12310333333333
2009-07-01,2009-07,July,Badulla,Uva,2.0,25849.0,LK81,94.0,0.6748492966666667,0.7170180433333333,94.50483000000001
2009-07-01,2009-07,July,Batticaloa,Eastern,2.0,25833.0,LK51,82.0,0.5178068966666667,0.5537752966666667,94.022225
2009-07-01,2009-07,July,Colombo,Western,2.0,25851.0,LK11,23.0,0.7055072333333333,0.7042327766666666,100.16891533333335
2009-07-01,2009-07,July,Galle,Southern,2.0,25846.0,LK31,54.0,0.7928592466666666,0.7963837866666666,99.58346666666667
2009-07-01,2009-07,July,Gampaha,Western,2.0,25852.0,LK12,47.0,0.7554397,0.7523134333333333,100.38917833333335
2009-07-01,2009-07,July,Hambantota,Southern,2.0,25847.0,LK33,85.0,0.6598364766666666,0.6664425666666667,99.07819866666667
2009-07-01,2009-07,July,Jaffna,Northern,2.0,25839.0,LK41,31.0,0.46226128666666666,0.46375180666666665,99.701432
2009-07-01,2009-07,July,Kalutara,Western,2.0,25853.0,LK13,52.0,0.7881031666666667,0.7950797433333333,99.17435666666665
2009-07-01,2009-07,July,Kandy,Central,2.0,41748.0,LK21,60.0,0.7751327466666668,0.7818825266666667,99.18881499999999
2009-07-01,2009-07,July,Kegalle,Sabaragamuwa,2.0,25844.0,LK92,55.0,0.8367375266666667,0.8361627166666666,100.06444700000002
2009-07-01,2009-07,July,Kilinochchi,Northern,2.0,25840.0,LK45,41.0,0.5265227333333333,0.5403985833333333,97.64843533333334
2009-07-01,2009-07,July,Kurunegala,North Western,2.0,25837.0,LK61,158.0,0.7289685666666667,0.7443222666666666,98.063715
2009-07-01,2009-07,July,Mannar,Northern,2.0,25841.0,LK42,65.0,0.5854163866666666,0.62472038,94.17374
2009-07-01,2009-07,July,Matale,Central,2.0,25830.0,LK22,67.0,0.7173581766666667,0.7411886500000001,96.98674533333333
2009-07-01,2009-07,July,Matara,Southern,2.0,25848.0,LK32,39.0,0.8129940000000001,0.8077109,100.61555800000001
2009-07-01,2009-07,July,Monaragala,Uva,2.0,25850.0,LK82,186.0,0.6386000033333333,0.6853212933333334,93.64903
2009-07-01,2009-07,July,Mullaitivu,Northern,2.0,25842.0,LK44,85.0,0.6690795833333333,0.6886919566666667,97.34444166666667
2009-07-01,2009-07,July,Nuwara Eliya,Central,2.0,41749.0,LK23,58.0,0.7537327466666666,0.7643455466666667,98.69656333333334
2009-07-01,2009-07,July,Polonnaruwa,North Central,2.0,25836.0,LK72,116.0,0.6417359133333334,0.6896422566666667,93.52344333333333
2009-07-01,2009-07,July,Puttalam,North Western,2.0,25838.0,LK62,107.0,0.6516644766666667,0.6679628466666667,97.73171666666667
2009-07-01,2009-07,July,Ratnapura,Sabaragamuwa,2.0,25845.0,LK91,108.0,0.7961163466666666,0.7948234166666667,100.15326
2009-07-01,2009-07,July,Trincomalee,Eastern,2.0,25834.0,LK53,83.0,0.6392328966666666,0.6580614966666667,97.33962666666666
2009-07-01,2009-07,July,Vavuniya,Northern,2.0,25843.0,LK43,65.0,0.6487630666666667,0.68687702,94.83040666666666
2009-08-01,2009-08,August,Ampara,Eastern,2.0,25832.0,LK52,147.0,0.5810859266666667,0.6297521233333333,92.84600466666666
2009-08-01,2009-08,August,Anuradhapura,North Central,2.0,25835.0,LK71,235.0,0.6348316166666667,0.6509886466666667,97.69627666666668
2009-08-01,2009-08,August,Badulla,Uva,2.0,25849.0,LK81,94.0,0.6856404333333334,0.7010389,97.95295666666668
2009-08-01,2009-08,August,Batticaloa,Eastern,2.0,25833.0,LK51,82.0,0.4786890166666667,0.5290863866666666,91.29545133333333
2009-08-01,2009-08,August,Colombo,Western,2.0,25851.0,LK11,23.0,0.7015826000000001,0.6977320533333332,100.51519666666667
2009-08-01,2009-08,August,Galle,Southern,2.0,25846.0,LK31,54.0,0.7905172766666667,0.79401784,99.58525466666667
2009-08-01,2009-08,August,Gampaha,Western,2.0,25852.0,LK12,47.0,0.7449432466666667,0.7410126333333333,100.49712633333333
2009-08-01,2009-08,August,Hambantota,Southern,2.0,25847.0,LK33,85.0,0.6370396166666666,0.6358906333333333,100.16979233333332
2009-08-01,2009-08,August,Jaffna,Northern,2.0,25839.0,LK41,31.0,0.45055159000000006,0.46041914,98.06713133333334
2009-08-01,2009-08,August,Kalutara,Western,2.0,25853.0,LK13,52.0,0.7847980466666667,0.7902804933333334,99.34758666666669
2009-08-01,2009-08,August,Kandy,Central,2.0,41748.0,LK21,60.0,0.77660388,0.7761413999999999,100.05636333333332
2009-08-01,2009-08,August,Kegalle,Sabaragamuwa,2.0,25844.0,LK92,55.0,0.82590962,0.83049366,99.47922466666667
2009-08-01,2009-08,August,Kilinochchi,Northern,2.0,25840.0,LK45,41.0,0.5174536833333333,0.5262446000000001,98.47637833333333
2009-08-01,2009-08,August,Kurunegala,North Western,2.0,25837.0,LK61,158.0,0.7077183133333333,0.7056622866666666,100.28316533333333
2009-08-01,2009-08,August,Mannar,Northern,2.0,25841.0,LK42,65.0,0.5795943333333333,0.6115338466666667,95.172378
2009-08-01,2009-08,August,Matale,Central,2.0,25830.0,LK22,67.0,0.7205198833333334,0.72781648,99.06435333333333
2009-08-01,2009-08,August,Matara,Southern,2.0,25848.0,LK32,39.0,0.8036692099999999,0.7997613100000001,100.459947
2009-08-01,2009-08,August,Monaragala,Uva,2.0,25850.0,LK82,186.0,0.6389046533333333,0.6643590033333333,96.43803833333334
2009-08-01,2009-08,August,Mullaitivu,Northern,2.0,25842.0,LK44,85.0,0.6732101699999999,0.6894681,97.80052
2009-08-01,2009-08,August,Nuwara Eliya,Central,2.0,41749.0,LK23,58.0,0.7504109166666666,0.7604915800000001,98.75623333333333
2009-08-01,2009-08,August,Polonnaruwa,North Central,2.0,25836.0,LK72,116.0,0.6611042933333334,0.6756234133333333,98.01252533333333
2009-08-01,2009-08,August,Puttalam,North Western,2.0,25838.0,LK62,107.0,0.6318498466666667,0.6345897133333334,99.60649333333333
2009-08-01,2009-08,August,Ratnapura,Sabaragamuwa,2.0,25845.0,LK91,108.0,0.78850737,0.7835099900000001,100.59990466666666
2009-08-01,2009-08,August,Trincomalee,Eastern,2.0,25834.0,LK53,83.0,0.6454381333333333,0.6609511433333334,97.81618933333334
2009-08-01,2009-08,August,Vavuniya,Northern,2.0,25843.0,LK43,65.0,0.6876466533333333,0.6878702466666667,99.96143666666667
2009-09-01,2009-09,September,Ampara,Eastern,2.0,25832.0,LK52,147.0,0.5793267466666667,0.6329594333333334,92.15538533333331
2009-09-01,2009-09,September,Anuradhapura,North Central,2.0,25835.0,LK71,235.0,0.6589755666666667,0.6619698366666666,99.58925866666668
2009-09-01,2009-09,September,Badulla,Uva,2.0,25849.0,LK81,94.0,0.7003067233333334,0.7060127666666668,99.24888633333335
2009-09-01,2009-09,September,Batticaloa,Eastern,2.0,25833.0,LK51,82.0,0.45850283333333336,0.5397494566666667,86.23982466666666
2009-09-01,2009-09,September,Colombo,Western,2.0,25851.0,LK11,23.0,0.6969318833333333,0.6961392833333333,100.10638833333333
2009-09-01,2009-09,September,Galle,Southern,2.0,25846.0,LK31,54.0,0.7897376233333334,0.7968295466666667,99.16279666666667
2009-09-01,2009-09,September,Gampaha,Western,2.0,25852.0,LK12,47.0,0.74039432,0.7382961266666667,100.26626666666668
2009-09-01,2009-09,September,Hambantota,Southern,2.0,25847.0,LK33,85.0,0.6164184166666667,0.63163102,97.77710333333334
2009-09-01,2009-09,September,Jaffna,Northern,2.0,25839.0,LK41,31.0,0.4695601866666667,0.4845341333333333,97.21170366666666
2009-09-01,2009-09,September,Kalutara,Western,2.0,25853.0,LK13,52.0,0.7808519033333333,0.79020558,98.88693666666667
2009-09-01,2009-09,September,Kandy,Central,2.0,41748.0,LK21,60.0,0.7780821866666666,0.77577225,100.27992
2009-09-01,2009-09,September,Kegalle,Sabaragamuwa,2.0,25844.0,LK92,55.0,0.8175799933333333,0.82574345,99.06772333333333
2009-09-01,2009-09,September,Kilinochchi,Northern,2.0,25840.0,LK45,41.0,0.5123479766666666,0.52585062,97.66027666666666
2009-09-01,2009-09,September,Kurunegala,North Western,2.0,25837.0,LK61,158.0,0.7225216799999999,0.7007411133333333,102.90159999999999
2009-09-01,2009-09,September,Mannar,Northern,2.0,25841.0,LK42,65.0,0.58505127,0.62242828,94.44788999999999
2009-09-01,2009-09,September,Matale,Central,2.0,25830.0,LK22,67.0,0.7498492333333333,0.73437527,101.97217333333333
2009-09-01,2009-09,September,Matara,Southern,2.0,25848.0,LK32,39.0,0.7963769333333334,0.7964650633333333,99.98964833333334
2009-09-01,2009-09,September,Monaragala,Uva,2.0,25850.0,LK82,186.0,0.6585109166666667,0.67865846,97.24093033333334
2009-09-01,2009-09,September,Mullaitivu,Northern,2.0,25842.0,LK44,85.0,0.6894183799999999,0.7039018433333334,98.08046166666666
2009-09-01,2009-09,September,Nuwara Eliya,Central,2.0,41749.0,LK23,58.0,0.7530183633333333,0.7645634333333334,98.58290166666666
2009-09-01,2009-09,September,Polonnaruwa,North Central,2.0,25836.0,LK72,116.0,0.6536936299999999,0.66211692,98.81946166666667
2009-09-01,2009-09,September,Puttalam,North Western,2.0,25838.0,LK62,107.0,0.6445460666666666,0.6389632333333334,100.81588666666669
2009-09-01,2009-09,September,Ratnapura,Sabaragamuwa,2.0,25845.0,LK91,108.0,0.7857549266666667,0.7821766166666667,100.43038133333334
2009-09-01,2009-09,September,Trincomalee,Eastern,2.0,25834.0,LK53,83.0,0.6458293133333334,0.67273578,96.28671666666666
2009-09-01,2009-09,September,Vavuniya,Northern,2.0,25843.0,LK43,65.0,0.7328358666666667,0.7114957333333334,102.80544833333333
2009-10-01,2009-10,October,Ampara,Eastern,2.0,25832.0,LK52,147.0,0.60557505,0.6726984566666667,90.70141133333334
2009-10-01,2009-10,October,Anuradhapura,North Central,2.0,25835.0,LK71,235.0,0.6691205466666666,0.7050825566666666,95.24867
2009-10-01,2009-10,October,Badulla,Uva,2.0,25849.0,LK81,94.0,0.7172606133333334,0.73642772,97.56388966666667
2009-10-01,2009-10,October,Batticaloa,Eastern,2.0,25833.0,LK51,82.0,0.49227723333333334,0.58577872,85.25971866666667
2009-10-01,2009-10,October,Colombo,Western,2.0,25851.0,LK11,23.0,0.6975448866666666,0.6993316900000001,99.76134133333333
2009-10-01,2009-10,October,Galle,Southern,2.0,25846.0,LK31,54.0,0.7946450333333334,0.80463834,98.83058799999999
2009-10-01,2009-10,October,Gampaha,Western,2.0,25852.0,LK12,47.0,0.7484134666666667,0.7456929666666667,100.34072333333334
2009-10-01,2009-10,October,Hambantota,Southern,2.0,25847.0,LK33,85.0,0.63962546,0.67526712,95.08403833333334
2009-10-01,2009-10,October,Jaffna,Northern,2.0,25839.0,LK41,31.0,0.5087688,0.53861731,94.93604333333333
2009-10-01,2009-10,October,Kalutara,Western,2.0,25853.0,LK13,52.0,0.78121086,0.7947389133333332,98.39847000000002
2009-10-01,2009-10,October,Kandy,Central,2.0,41748.0,LK21,60.0,0.7860483166666666,0.7867203666666667,99.91992033333334
2009-10-01,2009-10,October,Kegalle,Sabaragamuwa,2.0,25844.0,LK92,55.0,0.81802663,0.8250890333333333,99.19283333333333
2009-10-01,2009-10,October,Kilinochchi,Northern,2.0,25840.0,LK45,41.0,0.5388780633333333,0.5664579066666667,95.52841166666667
2009-10-01,2009-10,October,Kurunegala,North Western,2.0,25837.0,LK61,158.0,0.7425776333333333,0.7316796600000001,101.40133666666667
2009-10-01,2009-10,October,Mannar,Northern,2.0,25841.0,LK42,65.0,0.6202835633333333,0.6693824666666667,93.16986000000001
2009-10-01,2009-10,October,Matale,Central,2.0,25830.0,LK22,67.0,0.7712382799999999,0.7646746466666666,100.81253333333332
2009-10-01,2009-10,October,Matara,Southern,2.0,25848.0,LK32,39.0,0.7993777366666667,0.8024033333333334,99.64479666666666
2009-10-01,2009-10,October,Monaragala,Uva,2.0,25850.0,LK82,186.0,0.6945010533333335,0.7241691666666666,96.16385666666667
2009-10-01,2009-10,October,Mullaitivu,Northern,2.0,25842.0,LK44,85.0,0.7137603733333333,0.7338299833333334,97.43853333333334
2009-10-01,2009-10,October,Nuwara Eliya,Central,2.0,41749.0,LK23,58.0,0.7679287,0.7775780666666666,98.832718
2009-10-01,2009-10,October,Polonnaruwa,North Central,2.0,25836.0,LK72,116.0,0.6595531133333333,0.6956889,95.15885666666667
2009-10-01,2009-10,October,Puttalam,North Western,2.0,25838.0,LK62,107.0,0.67209938,0.6856798166666667,98.1658
2009-10-01,2009-10,October,Ratnapura,Sabaragamuwa,2.0,25845.0,LK91,108.0,0.7924441133333332,0.7957741733333333,99.60753333333332
2009-10-01,2009-10,October,Trincomalee,Eastern,2.0,25834.0,LK53,83.0,0.6465787000000001,0.7037558566666666,92.416816
2009-10-01,2009-10,October,Vavuniya,Northern,2.0,25843.0,LK43,65.0,0.7545092000000001,0.7542895333333334,100.03881333333334
2009-11-01,2009-11,November,Ampara,Eastern,2.0,25832.0,LK52,147.0,0.6854315033333332,0.73024149,94.24061
2009-11-01,2009-11,November,Anuradhapura,North Central,2.0,25835.0,LK71,235.0,0.7324343133333334,0.75418649,97.28294000000001
2009-11-01,2009-11,November,Badulla,Uva,2.0,25849.0,LK81,94.0,0.7582907666666667,0.7692643666666666,98.65690666666667
2009-11-01,2009-11,November,Batticaloa,Eastern,2.0,25833.0,LK51,82.0,0.6063263833333333,0.6684093433333334,91.31030533333335
2009-11-01,2009-11,November,Colombo,Western,2.0,25851.0,LK11,23.0,0.70812315,0.6999362000000001,101.09198333333332
2009-11-01,2009-11,November,Galle,Southern,2.0,25846.0,LK31,54.0,0.8070364033333334,0.8110670066666666,99.53158833333333
2009-11-01,2009-11,November,Gampaha,Western,2.0,25852.0,LK12,47.0,0.7735241,0.7596452866666666,101.71294333333333
2009-11-01,2009-11,November,Hambantota,Southern,2.0,25847.0,LK33,85.0,0.7163380199999999,0.7371608566666668,97.34335166666666
2009-11-01,2009-11,November,Jaffna,Northern,2.0,25839.0,LK41,31.0,0.5819515666666667,0.6011712133333333,97.02770833333334
2009-11-01,2009-11,November,Kalutara,Western,2.0,25853.0,LK13,52.0,0.79166985,0.7982270133333333,99.22684533333334
2009-11-01,2009-11,November,Kandy,Central,2.0,41748.0,LK21,60.0,0.8025616466666667,0.8012197633333334,100.15717966666666
2009-11-01,2009-11,November,Kegalle,Sabaragamuwa,2.0,25844.0,LK92,55.0,0.83052545,0.82791171,100.29744466666666
2009-11-01,2009-11,November,Kilinochchi,Northern,2.0,25840.0,LK45,41.0,0.6300316833333334,0.6432878833333334,98.05758666666667
2009-11-01,2009-11,November,Kurunegala,North Western,2.0,25837.0,LK61,158.0,0.7817624533333333,0.7751060133333333,100.80692833333335
2009-11-01,2009-11,November,Mannar,Northern,2.0,25841.0,LK42,65.0,0.6972199633333332,0.7253331,96.35794133333333
2009-11-01,2009-11,November,Matale,Central,2.0,25830.0,LK22,67.0,0.7909631766666667,0.7938021000000001,99.66399133333334
2009-11-01,2009-11,November,Matara,Southern,2.0,25848.0,LK32,39.0,0.8199923,0.81549072,100.51876866666667
2009-11-01,2009-11,November,Monaragala,Uva,2.0,25850.0,LK82,186.0,0.7586257866666667,0.77563148,97.93372333333333
2009-11-01,2009-11,November,Mullaitivu,Northern,2.0,25842.0,LK44,85.0,0.7567187999999999,0.7649793100000001,98.98251866666665
2009-11-01,2009-11,November,Nuwara Eliya,Central,2.0,41749.0,LK23,58.0,0.7926666566666666,0.7932364766666667,99.931362
2009-11-01,2009-11,November,Polonnaruwa,North Central,2.0,25836.0,LK72,116.0,0.7169083233333334,0.7374111633333333,97.38999733333333
2009-11-01,2009-11,November,Puttalam,North Western,2.0,25838.0,LK62,107.0,0.72769656,0.7389796133333334,98.56355166666667
2009-11-01,2009-11,November,Ratnapura,Sabaragamuwa,2.0,25845.0,LK91,108.0,0.80777837,0.8127910133333334,99.41856333333334
2009-11-01,2009-11,November,Trincomalee,Eastern,2.0,25834.0,LK53,83.0,0.7034863266666666,0.7405627566666667,95.29943333333334
2009-11-01,2009-11,November,Vavuniya,Northern,2.0,25843.0,LK43,65.0,0.79159844,0.7915826566666667,99.998738
2009-12-01,2009-12,December,Ampara,Eastern,2.0,25832.0,LK52,147.0,0.7533770533333333,0.7766607333333333,97.173288
2009-12-01,2009-12,December,Anuradhapura,North Central,2.0,25835.0,LK71,235.0,0.7847889333333334,0.7848832833333333,99.983948
2009-12-01,2009-12,December,Badulla,Uva,2.0,25849.0,LK81,94.0,0.7874297800000001,0.7869486866666667,100.05600666666668
2009-12-01,2009-12,December,Batticaloa,Eastern,2.0,25833.0,LK51,82.0,0.7007646333333333,0.7287191533333334,96.39484866666668
2009-12-01,2009-12,December,Colombo,Western,2.0,25851.0,LK11,23.0,0.7057637333333333,0.6931179466666667,101.70173133333333
2009-12-01,2009-12,December,Galle,Southern,2.0,25846.0,LK31,54.0,0.8180333333333333,0.8138152533333334,100.48822833333334
2009-12-01,2009-12,December,Gampaha,Western,2.0,25852.0,LK12,47.0,0.7761921866666667,0.7628569066666667,101.639722
2009-12-01,2009-12,December,Hambantota,Southern,2.0,25847.0,LK33,85.0,0.7632560599999999,0.7700227133333333,99.17169166666667
2009-12-01,2009-12,December,Jaffna,Northern,2.0,25839.0,LK41,31.0,0.6269978166666667,0.6252972966666667,100.25124333333333
2009-12-01,2009-12,December,Kalutara,Western,2.0,25853.0,LK13,52.0,0.7957243333333333,0.7963954366666667,99.92096500000001
2009-12-01,2009-12,December,Kandy,Central,2.0,41748.0,LK21,60.0,0.8105399866666666,0.8061117200000001,100.51726833333333
2009-12-01,2009-12,December,Kegalle,Sabaragamuwa,2.0,25844.0,LK92,55.0,0.8335860666666667,0.8268434299999999,100.76884
2009-12-01,2009-12,December,Kilinochchi,Northern,2.0,25840.0,LK45,41.0,0.6948447166666667,0.6934801566666667,100.18130333333333
2009-12-01,2009-12,December,Kurunegala,North Western,2.0,25837.0,LK61,158.0,0.8067094533333333,0.8019920066666666,100.55381333333332
2009-12-01,2009-12,December,Mannar,Northern,2.0,25841.0,LK42,65.0,0.7448169166666666,0.7516517333333333,99.14549800000002
2009-12-01,2009-12,December,Matale,Central,2.0,25830.0,LK22,67.0,0.8088571999999999,0.8089373566666667,99.989772
2009-12-01,2009-12,December,Matara,Southern,2.0,25848.0,LK32,39.0,0.8337264700000001,0.8252643266666667,100.96684333333333
2009-12-01,2009-12,December,Monaragala,Uva,2.0,25850.0,LK82,186.0,0.79690823,0.8032846,99.251425
2009-12-01,2009-12,December,Mullaitivu,Northern,2.0,25842.0,LK44,85.0,0.7778925,0.7785315666666667,99.92278800000001
2009-12-01,2009-12,December,Nuwara Eliya,Central,2.0,41749.0,LK23,58.0,0.8018545566666666,0.7976402033333333,100.49727166666666
2009-12-01,2009-12,December,Polonnaruwa,North Central,2.0,25836.0,LK72,116.0,0.7558879466666667,0.7602516,99.45637533333333
2009-12-01,2009-12,December,Puttalam,North Western,2.0,25838.0,LK62,107.0,0.7607398666666666,0.7589746666666667,100.21770666666667
2009-12-01,2009-12,December,Ratnapura,Sabaragamuwa,2.0,25845.0,LK91,108.0,0.82027312,0.81920739,100.12258000000001
2009-12-01,2009-12,December,Trincomalee,Eastern,2.0,25834.0,LK53,83.0,0.7498722666666667,0.76396468,98.26502133333334
2009-12-01,2009-12,December,Vavuniya,Northern,2.0,25843.0,LK43,65.0,0.8129256233333333,0.8042701600000001,101.01313
2010-01-01,2010-01,January,Ampara,Eastern,2.0,25832.0,LK52,147.0,0.7869707333333333,0.7833097133333333,100.4434
2010-01-01,2010-01,January,Anuradhapura,North Central,2.0,25835.0,LK71,235.0,0.8080008200000001,0.7924991,101.84101500000001
2010-01-01,2010-01,January,Badulla,Uva,2.0,25849.0,LK81,94.0,0.8017634566666666,0.7926376866666667,101.083175
2010-01-01,2010-01,January,Batticaloa,Eastern,2.0,25833.0,LK51,82.0,0.7309211133333333,0.7211823599999999,101.27438000000001
2010-01-01,2010-01,January,Colombo,Western,2.0,25851.0,LK11,23.0,0.6821101133333333,0.6720614033333333,101.39038333333333
2010-01-01,2010-01,January,Galle,Southern,2.0,25846.0,LK31,54.0,0.8187623666666667,0.8078158633333333,101.27618333333334
2010-01-01,2010-01,January,Gampaha,Western,2.0,25852.0,LK12,47.0,0.7397177333333333,0.7362003333333332,100.44348000000001
2010-01-01,2010-01,January,Hambantota,Southern,2.0,25847.0,LK33,85.0,0.7793572200000001,0.77555122,100.46113633333334
2010-01-01,2010-01,January,Jaffna,Northern,2.0,25839.0,LK41,31.0,0.6092354766666667,0.6014972866666667,101.18209
2010-01-01,2010-01,January,Kalutara,Western,2.0,25853.0,LK13,52.0,0.7841083333333333,0.7819341033333332,100.261535
2010-01-01,2010-01,January,Kandy,Central,2.0,41748.0,LK21,60.0,0.80546276,0.7984849533333334,100.82257
2010-01-01,2010-01,January,Kegalle,Sabaragamuwa,2.0,25844.0,LK92,55.0,0.81270118,0.8109299999999999,100.204582
2010-01-01,2010-01,January,Kilinochchi,Northern,2.0,25840.0,LK45,41.0,0.6943089466666666,0.6806254666666667,101.88198666666666
2010-01-01,2010-01,January,Kurunegala,North Western,2.0,25837.0,LK61,158.0,0.7891067333333334,0.7805691266666667,101.03091166666667
2010-01-01,2010-01,January,Mannar,Northern,2.0,25841.0,LK42,65.0,0.7518322733333332,0.7527504566666666,99.88540166666667
2010-01-01,2010-01,January,Matale,Central,2.0,25830.0,LK22,67.0,0.8229139333333334,0.8147227899999999,100.94750666666668
2010-01-01,2010-01,January,Matara,Southern,2.0,25848.0,LK32,39.0,0.81987522,0.8164981633333334,100.38801333333333
2010-01-01,2010-01,January,Monaragala,Uva,2.0,25850.0,LK82,186.0,0.80273761,0.8022891,100.05319333333334
2010-01-01,2010-01,January,Mullaitivu,Northern,2.0,25842.0,LK44,85.0,0.7715454700000001,0.7719806333333333,99.94688000000001
2010-01-01,2010-01,January,Nuwara Eliya,Central,2.0,41749.0,LK23,58.0,0.7944591733333333,0.7875915333333333,100.82024
2010-01-01,2010-01,January,Polonnaruwa,North Central,2.0,25836.0,LK72,116.0,0.7987761333333333,0.7867867866666667,101.43116466666667
2010-01-01,2010-01,January,Puttalam,North Western,2.0,25838.0,LK62,107.0,0.7516180299999999,0.7442575466666667,100.92488666666668
2010-01-01,2010-01,January,Ratnapura,Sabaragamuwa,2.0,25845.0,LK91,108.0,0.8176545900000001,0.8121014333333333,100.64412666666665
2010-01-01,2010-01,January,Trincomalee,Eastern,2.0,25834.0,LK53,83.0,0.7700566166666668,0.76624178,100.46872
2010-01-01,2010-01,January,Vavuniya,Northern,2.0,25843.0,LK43,65.0,0.7988445999999999,0.7948951333333333,100.46515666666666
2010-02-01,2010-02,February,Ampara,Eastern,2.0,25832.0,LK52,147.0,0.7474698166666668,0.7432987,100.51682666666666
2010-02-01,2010-02,February,Anuradhapura,North Central,2.0,25835.0,LK71,235.0,0.7671161266666667,0.75761819,101.16693666666667
2010-02-01,2010-02,February,Badulla,Uva,2.0,25849.0,LK81,94.0,0.7844953666666666,0.7792860999999999,100.62557666666667
2010-02-01,2010-02,February,Batticaloa,Eastern,2.0,25833.0,LK51,82.0,0.6766568733333332,0.6692407333333333,101.01379800000001
2010-02-01,2010-02,February,Colombo,Western,2.0,25851.0,LK11,23.0,0.6606434666666666,0.6544099333333334,100.88448666666666
2010-02-01,2010-02,February,Galle,Southern,2.0,25846.0,LK31,54.0,0.7988703733333334,0.7933937333333333,100.64804333333332
2010-02-01,2010-02,February,Gampaha,Western,2.0,25852.0,LK12,47.0,0.7002843799999999,0.7034402433333332,99.57975800000001
2010-02-01,2010-02,February,Hambantota,Southern,2.0,25847.0,LK33,85.0,0.7433948999999999,0.7486602666666666,99.332043
2010-02-01,2010-02,February,Jaffna,Northern,2.0,25839.0,LK41,31.0,0.5391924566666667,0.5498484466666667,98.19799166666667
2010-02-01,2010-02,February,Kalutara,Western,2.0,25853.0,LK13,52.0,0.7692140966666666,0.7683292866666666,100.10795166666666
2010-02-01,2010-02,February,Kandy,Central,2.0,41748.0,LK21,60.0,0.7858572133333334,0.7830002333333334,100.34131466666668
2010-02-01,2010-02,February,Kegalle,Sabaragamuwa,2.0,25844.0,LK92,55.0,0.7926224199999999,0.7953982866666666,99.67134499999999
2010-02-01,2010-02,February,Kilinochchi,Northern,2.0,25840.0,LK45,41.0,0.6405812666666667,0.62443539,102.38710199999998
2010-02-01,2010-02,February,Kurunegala,North Western,2.0,25837.0,LK61,158.0,0.72356495,0.7190770733333333,100.57261999999999
2010-02-01,2010-02,February,Mannar,Northern,2.0,25841.0,LK42,65.0,0.7215610133333333,0.7307267533333333,98.82168000000001
2010-02-01,2010-02,February,Matale,Central,2.0,25830.0,LK22,67.0,0.8073811000000001,0.7999620333333333,100.87083666666666
2010-02-01,2010-02,February,Matara,Southern,2.0,25848.0,LK32,39.0,0.7890939833333334,0.7943172133333333,99.37986333333333
2010-02-01,2010-02,February,Monaragala,Uva,2.0,25850.0,LK82,186.0,0.7769048033333333,0.7800976533333334,99.61241133333333
2010-02-01,2010-02,February,Mullaitivu,Northern,2.0,25842.0,LK44,85.0,0.74646978,0.7505555999999999,99.48798833333332
2010-02-01,2010-02,February,Nuwara Eliya,Central,2.0,41749.0,LK23,58.0,0.7784482466666667,0.7738566566666667,100.55642333333333
2010-02-01,2010-02,February,Polonnaruwa,North Central,2.0,25836.0,LK72,116.0,0.7882945,0.7762176233333333,101.459038
2010-02-01,2010-02,February,Puttalam,North Western,2.0,25838.0,LK62,107.0,0.6986046333333333,0.7083814966666667,98.69937166666666
2010-02-01,2010-02,February,Ratnapura,Sabaragamuwa,2.0,25845.0,LK91,108.0,0.8004527466666667,0.8001612833333334,100.03333333333335
2010-02-01,2010-02,February,Trincomalee,Eastern,2.0,25834.0,LK53,83.0,0.7342373066666666,0.73724276,99.60924166666666
2010-02-01,2010-02,February,Vavuniya,Northern,2.0,25843.0,LK43,65.0,0.75530615,0.7669161,98.57315533333333
2010-03-01,2010-03,March,Ampara,Eastern,2.0,25832.0,LK52,147.0,0.6793775333333333,0.6993939033333333,97.31596166666667
2010-03-01,2010-03,March,Anuradhapura,North Central,2.0,25835.0,LK71,235.0,0.7021724666666667,0.7122368166666666,98.67309333333333
2010-03-01,2010-03,March,Badulla,Uva,2.0,25849.0,LK81,94.0,0.7523269333333333,0.7597539233333334,99.08138166666667
2010-03-01,2010-03,March,Batticaloa,Eastern,2.0,25833.0,LK51,82.0,0.60091339,0.6270425733333332,96.11930666666666
2010-03-01,2010-03,March,Colombo,Western,2.0,25851.0,LK11,23.0,0.6589637466666667,0.6577345133333333,100.174615
2010-03-01,2010-03,March,Galle,Southern,2.0,25846.0,LK31,54.0,0.7847123133333334,0.7874191600000001,99.67682133333334
2010-03-01,2010-03,March,Gampaha,Western,2.0,25852.0,LK12,47.0,0.6953162966666667,0.6998973133333334,99.388187
2010-03-01,2010-03,March,Hambantota,Southern,2.0,25847.0,LK33,85.0,0.6831443,0.7118593333333333,96.22203999999999
2010-03-01,2010-03,March,Jaffna,Northern,2.0,25839.0,LK41,31.0,0.48321394999999995,0.5109923333333334,95.04275666666666
2010-03-01,2010-03,March,Kalutara,Western,2.0,25853.0,LK13,52.0,0.7702326666666667,0.77279975,99.68815166666667
2010-03-01,2010-03,March,Kandy,Central,2.0,41748.0,LK21,60.0,0.7660322,0.7727419133333333,99.18421666666666
2010-03-01,2010-03,March,Kegalle,Sabaragamuwa,2.0,25844.0,LK92,55.0,0.7922096866666667,0.7990706866666667,99.19226666666667
2010-03-01,2010-03,March,Kilinochchi,Northern,2.0,25840.0,LK45,41.0,0.5860560666666667,0.58135265,100.74026333333332
2010-03-01,2010-03,March,Kurunegala,North Western,2.0,25837.0,LK61,158.0,0.6754316,0.6883870466666666,98.24532866666668
2010-03-01,2010-03,March,Mannar,Northern,2.0,25841.0,LK42,65.0,0.6807445766666667,0.7011477333333334,97.280155
2010-03-01,2010-03,March,Matale,Central,2.0,25830.0,LK22,67.0,0.7719517366666667,0.7756171233333333,99.55419466666667
2010-03-01,2010-03,March,Matara,Southern,2.0,25848.0,LK32,39.0,0.7740256333333333,0.7825581666666667,98.97515800000001
2010-03-01,2010-03,March,Monaragala,Uva,2.0,25850.0,LK82,186.0,0.74865732,0.7631427466666666,98.21794333333332
2010-03-01,2010-03,March,Mullaitivu,Northern,2.0,25842.0,LK44,85.0,0.7191831333333334,0.7284733299999999,98.805998
2010-03-01,2010-03,March,Nuwara Eliya,Central,2.0,41749.0,LK23,58.0,0.7645574533333334,0.76845832,99.52340166666666
2010-03-01,2010-03,March,Polonnaruwa,North Central,2.0,25836.0,LK72,116.0,0.7218982433333334,0.7271072466666667,99.31267666666668
2010-03-01,2010-03,March,Puttalam,North Western,2.0,25838.0,LK62,107.0,0.6568084,0.6856575333333333,96.07739333333332
2010-03-01,2010-03,March,Ratnapura,Sabaragamuwa,2.0,25845.0,LK91,108.0,0.7875913466666667,0.7967155966666667,98.92249333333332
2010-03-01,2010-03,March,Trincomalee,Eastern,2.0,25834.0,LK53,83.0,0.6704232666666666,0.6988553533333333,96.18915
2010-03-01,2010-03,March,Vavuniya,Northern,2.0,25843.0,LK43,65.0,0.72241843,0.7414863666666666,97.59159966666668
2010-04-01,2010-04,April,Ampara,Eastern,2.0,25832.0,LK52,147.0,0.6610782000000001,0.6831142633333332,96.99318199999999
2010-04-01,2010-04,April,Anuradhapura,North Central,2.0,25835.0,LK71,235.0,0.7133690633333334,0.71229456,100.130874
2010-04-01,2010-04,April,Badulla,Uva,2.0,25849.0,LK81,94.0,0.75536453,0.7551976666666667,100.01987866666667
2010-04-01,2010-04,April,Batticaloa,Eastern,2.0,25833.0,LK51,82.0,0.5660422433333333,0.60768549,93.66885333333335
2010-04-01,2010-04,April,Colombo,Western,2.0,25851.0,LK11,23.0,0.6767550433333334,0.6772539700000001,99.93153466666666
2010-04-01,2010-04,April,Galle,Southern,2.0,25846.0,LK31,54.0,0.7900073566666667,0.79412357,99.51234333333333
2010-04-01,2010-04,April,Gampaha,Western,2.0,25852.0,LK12,47.0,0.72803758,0.7242393766666666,100.48752200000001
2010-04-01,2010-04,April,Hambantota,Southern,2.0,25847.0,LK33,85.0,0.67782038,0.7008370866666667,96.93173633333333
2010-04-01,2010-04,April,Jaffna,Northern,2.0,25839.0,LK41,31.0,0.48473331999999997,0.49807874333333335,97.56606199999999
2010-04-01,2010-04,April,Kalutara,Western,2.0,25853.0,LK13,52.0,0.7869551100000001,0.7875598333333333,99.92743
2010-04-01,2010-04,April,Kandy,Central,2.0,41748.0,LK21,60.0,0.7753666733333334,0.7766860666666666,99.83921666666667
2010-04-01,2010-04,April,Kegalle,Sabaragamuwa,2.0,25844.0,LK92,55.0,0.8112102866666667,0.8171027799999999,99.31980666666668
2010-04-01,2010-04,April,Kilinochchi,Northern,2.0,25840.0,LK45,41.0,0.5793463466666666,0.5641594166666667,102.475902
2010-04-01,2010-04,April,Kurunegala,North Western,2.0,25837.0,LK61,158.0,0.7236253033333333,0.7250464233333332,99.79976866666668
2010-04-01,2010-04,April,Mannar,Northern,2.0,25841.0,LK42,65.0,0.6634661466666666,0.6830917666666667,97.32406533333334
2010-04-01,2010-04,April,Matale,Central,2.0,25830.0,LK22,67.0,0.7718517133333332,0.76829087,100.43424666666665
2010-04-01,2010-04,April,Matara,Southern,2.0,25848.0,LK32,39.0,0.78702732,0.78895477,99.76897133333334
2010-04-01,2010-04,April,Monaragala,Uva,2.0,25850.0,LK82,186.0,0.76147148,0.7644638666666667,99.63074466666667
2010-04-01,2010-04,April,Mullaitivu,Northern,2.0,25842.0,LK44,85.0,0.7115388366666666,0.714852,99.56787166666668
2010-04-01,2010-04,April,Nuwara Eliya,Central,2.0,41749.0,LK23,58.0,0.7713316,0.7739699466666666,99.67920500000001
2010-04-01,2010-04,April,Polonnaruwa,North Central,2.0,25836.0,LK72,116.0,0.6856379133333333,0.69618518,98.58822866666667
2010-04-01,2010-04,April,Puttalam,North Western,2.0,25838.0,LK62,107.0,0.68070029,0.6956772999999999,97.98314666666666
2010-04-01,2010-04,April,Ratnapura,Sabaragamuwa,2.0,25845.0,LK91,108.0,0.80075123,0.8041900966666665,99.59616999999999
2010-04-01,2010-04,April,Trincomalee,Eastern,2.0,25834.0,LK53,83.0,0.6403196666666666,0.6763330233333334,95.04333133333334
2010-04-01,2010-04,April,Vavuniya,Northern,2.0,25843.0,LK43,65.0,0.7372712466666668,0.7370928533333334,100.02058333333333
2010-05-01,2010-05,May,Ampara,Eastern,2.0,25832.0,LK52,147.0,0.70239544,0.6942442600000001,101.09014666666667
2010-05-01,2010-05,May,Anuradhapura,North Central,2.0,25835.0,LK71,235.0,0.7443730133333334,0.72566436,102.41148
2010-05-01,2010-05,May,Badulla,Uva,2.0,25849.0,LK81,94.0,0.76713471,0.7554970333333334,101.44519166666667
2010-05-01,2010-05,May,Batticaloa,Eastern,2.0,25833.0,LK51,82.0,0.5974512,0.6097193333333334,98.13834033333335
2010-05-01,2010-05,May,Colombo,Western,2.0,25851.0,LK11,23.0,0.6947362,0.6955265166666668,99.89383
2010-05-01,2010-05,May,Galle,Southern,2.0,25846.0,LK31,54.0,0.7961376133333333,0.8004023433333334,99.498558
2010-05-01,2010-05,May,Gampaha,Western,2.0,25852.0,LK12,47.0,0.7558936100000001,0.74915808,100.843148
2010-05-01,2010-05,May,Hambantota,Southern,2.0,25847.0,LK33,85.0,0.7267780233333333,0.7062601000000001,102.71244833333333
2010-05-01,2010-05,May,Jaffna,Northern,2.0,25839.0,LK41,31.0,0.5231935499999999,0.49670642333333337,104.84959333333332
2010-05-01,2010-05,May,Kalutara,Western,2.0,25853.0,LK13,52.0,0.7972737,0.7966547366666666,100.07310833333334
2010-05-01,2010-05,May,Kandy,Central,2.0,41748.0,LK21,60.0,0.7892116333333333,0.7845254766666666,100.56145866666667
2010-05-01,2010-05,May,Kegalle,Sabaragamuwa,2.0,25844.0,LK92,55.0,0.8287400100000001,0.8317203266666667,99.66170666666666
2010-05-01,2010-05,May,Kilinochchi,Northern,2.0,25840.0,LK45,41.0,0.5992203033333333,0.5603386866666668,106.37133999999999
2010-05-01,2010-05,May,Kurunegala,North Western,2.0,25837.0,LK61,158.0,0.7785116,0.7688743966666666,101.17750000000001
2010-05-01,2010-05,May,Mannar,Northern,2.0,25841.0,LK42,65.0,0.6641440900000001,0.67330281,98.73493333333333
2010-05-01,2010-05,May,Matale,Central,2.0,25830.0,LK22,67.0,0.7841646566666668,0.7697553166666666,101.75797333333333
2010-05-01,2010-05,May,Matara,Southern,2.0,25848.0,LK32,39.0,0.80670085,0.8025984233333333,100.48083666666666
2010-05-01,2010-05,May,Monaragala,Uva,2.0,25850.0,LK82,186.0,0.7825350999999999,0.7616334866666667,102.57825666666668
2010-05-01,2010-05,May,Mullaitivu,Northern,2.0,25842.0,LK44,85.0,0.7159603833333333,0.70917131,100.89472666666666
2010-05-01,2010-05,May,Nuwara Eliya,Central,2.0,41749.0,LK23,58.0,0.7809660800000001,0.7783765833333334,100.31259466666667
2010-05-01,2010-05,May,Polonnaruwa,North Central,2.0,25836.0,LK72,116.0,0.70377872,0.6925152333333333,101.51747666666667
2010-05-01,2010-05,May,Puttalam,North Western,2.0,25838.0,LK62,107.0,0.71258783,0.7109920000000001,100.20954666666667
2010-05-01,2010-05,May,Ratnapura,Sabaragamuwa,2.0,25845.0,LK91,108.0,0.8150891833333334,0.8096791900000001,100.62924866666667
2010-05-01,2010-05,May,Trincomalee,Eastern,2.0,25834.0,LK53,83.0,0.66780962,0.6749312466666666,99.01743333333333
2010-05-01,2010-05,May,Vavuniya,Northern,2.0,25843.0,LK43,65.0,0.7530907466666666,0.73722455,102.01525333333332
2010-06-01,2010-06,June,Ampara,Eastern,2.0,25832.0,LK52,147.0,0.71872247,0.69607917,103.036794
2010-06-01,2010-06,June,Anuradhapura,North Central,2.0,25835.0,LK71,235.0,0.7188058,0.6999913666666666,102.51615466666665
2010-06-01,2010-06,June,Badulla,Uva,2.0,25849.0,LK81,94.0,0.7646964366666666,0.7429939533333334,102.74033666666666
2010-06-01,2010-06,June,Batticaloa,Eastern,2.0,25833.0,LK51,82.0,0.6199150233333334,0.5971564333333333,103.53198000000002
2010-06-01,2010-06,June,Colombo,Western,2.0,25851.0,LK11,23.0,0.7072637433333333,0.7040921833333332,100.42045966666667
2010-06-01,2010-06,June,Galle,Southern,2.0,25846.0,LK31,54.0,0.8010907166666666,0.8009732366666666,100.0141
2010-06-01,2010-06,June,Gampaha,Western,2.0,25852.0,LK12,47.0,0.7663276433333334,0.7584368933333333,100.97606666666667
2010-06-01,2010-06,June,Hambantota,Southern,2.0,25847.0,LK33,85.0,0.7369003933333333,0.6984099533333333,105.143775
2010-06-01,2010-06,June,Jaffna,Northern,2.0,25839.0,LK41,31.0,0.5213752766666667,0.48190153666666663,107.42243166666667
2010-06-01,2010-06,June,Kalutara,Western,2.0,25853.0,LK13,52.0,0.8026147133333333,0.7987041333333332,100.46087833333333
2010-06-01,2010-06,June,Kandy,Central,2.0,41748.0,LK21,60.0,0.7964377333333333,0.7865019333333333,101.18791500000002
2010-06-01,2010-06,June,Kegalle,Sabaragamuwa,2.0,25844.0,LK92,55.0,0.8401666466666667,0.8373326266666666,100.31933199999999
2010-06-01,2010-06,June,Kilinochchi,Northern,2.0,25840.0,LK45,41.0,0.5826731500000001,0.5513656466666667,105.20243666666666
2010-06-01,2010-06,June,Kurunegala,North Western,2.0,25837.0,LK61,158.0,0.7897803533333333,0.7748695666666666,101.81042366666668
2010-06-01,2010-06,June,Mannar,Northern,2.0,25841.0,LK42,65.0,0.6447840666666667,0.6502179333333333,99.22678466666666
2010-06-01,2010-06,June,Matale,Central,2.0,25830.0,LK22,67.0,0.7816154066666666,0.7593344433333332,102.75552
2010-06-01,2010-06,June,Matara,Southern,2.0,25848.0,LK32,39.0,0.8198051166666667,0.8112293133333334,100.99556533333333
2010-06-01,2010-06,June,Monaragala,Uva,2.0,25850.0,LK82,186.0,0.76309315,0.7310031866666667,104.11404833333332
2010-06-01,2010-06,June,Mullaitivu,Northern,2.0,25842.0,LK44,85.0,0.7102090133333334,0.6991408666666666,101.47831666666667
2010-06-01,2010-06,June,Nuwara Eliya,Central,2.0,41749.0,LK23,58.0,0.7814632,0.7738468,100.92518466666667
2010-06-01,2010-06,June,Polonnaruwa,North Central,2.0,25836.0,LK72,116.0,0.7265899,0.6941723433333333,104.35511833333334
2010-06-01,2010-06,June,Puttalam,North Western,2.0,25838.0,LK62,107.0,0.6975282833333333,0.7017504666666667,99.43577
2010-06-01,2010-06,June,Ratnapura,Sabaragamuwa,2.0,25845.0,LK91,108.0,0.8162333266666666,0.8067291666666666,101.10986000000001
2010-06-01,2010-06,June,Trincomalee,Eastern,2.0,25834.0,LK53,83.0,0.68015259,0.6693011666666666,101.510265
2010-06-01,2010-06,June,Vavuniya,Northern,2.0,25843.0,LK43,65.0,0.725121,0.7127846833333332,101.617662
2010-07-01,2010-07,July,Ampara,Eastern,2.0,25832.0,LK52,147.0,0.6874766133333333,0.66297264,103.43130000000001
2010-07-01,2010-07,July,Anuradhapura,North Central,2.0,25835.0,LK71,235.0,0.70521032,0.66451175,105.70146666666666
2010-07-01,2010-07,July,Badulla,Uva,2.0,25849.0,LK81,94.0,0.7538929,0.7170180433333333,104.810142
2010-07-01,2010-07,July,Batticaloa,Eastern,2.0,25833.0,LK51,82.0,0.5950361833333333,0.5537752966666667,106.83778
2010-07-01,2010-07,July,Colombo,Western,2.0,25851.0,LK11,23.0,0.7058521533333333,0.7042327766666666,100.21428666666668
2010-07-01,2010-07,July,Galle,Southern,2.0,25846.0,LK31,54.0,0.8061419466666667,0.7963837866666666,101.15305333333333
2010-07-01,2010-07,July,Gampaha,Western,2.0,25852.0,LK12,47.0,0.7565929133333333,0.7523134333333333,100.53202333333333
2010-07-01,2010-07,July,Hambantota,Southern,2.0,25847.0,LK33,85.0,0.7022074333333334,0.6664425666666667,104.98236333333334
2010-07-01,2010-07,July,Jaffna,Northern,2.0,25839.0,LK41,31.0,0.5012376366666667,0.46375180666666665,107.29597666666666
2010-07-01,2010-07,July,Kalutara,Western,2.0,25853.0,LK13,52.0,0.80111921,0.7950797433333333,100.71438333333333
2010-07-01,2010-07,July,Kandy,Central,2.0,41748.0,LK21,60.0,0.8011083166666667,0.7818825266666667,102.311502
2010-07-01,2010-07,July,Kegalle,Sabaragamuwa,2.0,25844.0,LK92,55.0,0.8428345566666667,0.8361627166666666,100.75291666666668
2010-07-01,2010-07,July,Kilinochchi,Northern,2.0,25840.0,LK45,41.0,0.5615121666666667,0.5403985833333333,103.57600466666668
2010-07-01,2010-07,July,Kurunegala,North Western,2.0,25837.0,LK61,158.0,0.77647107,0.7443222666666666,104.056513
2010-07-01,2010-07,July,Mannar,Northern,2.0,25841.0,LK42,65.0,0.6251969333333333,0.62472038,100.07193666666667
2010-07-01,2010-07,July,Matale,Central,2.0,25830.0,LK22,67.0,0.7776388000000001,0.7411886500000001,104.60894333333333
2010-07-01,2010-07,July,Matara,Southern,2.0,25848.0,LK32,39.0,0.8226341633333334,0.8077109,101.739897
2010-07-01,2010-07,July,Monaragala,Uva,2.0,25850.0,LK82,186.0,0.7263618099999999,0.6853212933333334,105.58233
2010-07-01,2010-07,July,Mullaitivu,Northern,2.0,25842.0,LK44,85.0,0.7033015633333334,0.6886919566666667,101.97763333333334
2010-07-01,2010-07,July,Nuwara Eliya,Central,2.0,41749.0,LK23,58.0,0.7796402100000001,0.7643455466666667,101.87852833333334
2010-07-01,2010-07,July,Polonnaruwa,North Central,2.0,25836.0,LK72,116.0,0.7329192333333333,0.6896422566666667,105.85014833333332
2010-07-01,2010-07,July,Puttalam,North Western,2.0,25838.0,LK62,107.0,0.6563529333333333,0.6679628466666667,98.38040833333332
2010-07-01,2010-07,July,Ratnapura,Sabaragamuwa,2.0,25845.0,LK91,108.0,0.8117571,0.7948234166666667,102.00498533333332
2010-07-01,2010-07,July,Trincomalee,Eastern,2.0,25834.0,LK53,83.0,0.6848092566666667,0.6580614966666667,103.77847200000001
2010-07-01,2010-07,July,Vavuniya,Northern,2.0,25843.0,LK43,65.0,0.7012615166666666,0.68687702,101.95132333333333
2010-08-01,2010-08,August,Ampara,Eastern,2.0,25832.0,LK52,147.0,0.6442596033333333,0.6297521233333333,102.13414499999999
2010-08-01,2010-08,August,Anuradhapura,North Central,2.0,25835.0,LK71,235.0,0.6943777533333333,0.6509886466666667,106.18967666666667
2010-08-01,2010-08,August,Badulla,Uva,2.0,25849.0,LK81,94.0,0.7332375833333332,0.7010389,104.28616
2010-08-01,2010-08,August,Batticaloa,Eastern,2.0,25833.0,LK51,82.0,0.5689345633333334,0.5290863866666666,106.88161666666667
2010-08-01,2010-08,August,Colombo,Western,2.0,25851.0,LK11,23.0,0.6900419866666666,0.6977320533333332,98.97080833333332
2010-08-01,2010-08,August,Galle,Southern,2.0,25846.0,LK31,54.0,0.7968160333333333,0.79401784,100.33155666666666
2010-08-01,2010-08,August,Gampaha,Western,2.0,25852.0,LK12,47.0,0.7323879299999999,0.7410126333333333,98.90836333333334
2010-08-01,2010-08,August,Hambantota,Southern,2.0,25847.0,LK33,85.0,0.6466956666666667,0.6358906333333333,101.56803166666667
2010-08-01,2010-08,August,Jaffna,Northern,2.0,25839.0,LK41,31.0,0.5031150433333333,0.46041914,108.36210666666666
2010-08-01,2010-08,August,Kalutara,Western,2.0,25853.0,LK13,52.0,0.7883967666666667,0.7902804933333334,99.775548
2010-08-01,2010-08,August,Kandy,Central,2.0,41748.0,LK21,60.0,0.7948361,0.7761413999999999,102.262735
2010-08-01,2010-08,August,Kegalle,Sabaragamuwa,2.0,25844.0,LK92,55.0,0.8337030033333334,0.83049366,100.36419000000001
2010-08-01,2010-08,August,Kilinochchi,Northern,2.0,25840.0,LK45,41.0,0.5564690966666667,0.5262446000000001,105.24973
2010-08-01,2010-08,August,Kurunegala,North Western,2.0,25837.0,LK61,158.0,0.74413965,0.7056622866666666,105.09207466666668
2010-08-01,2010-08,August,Mannar,Northern,2.0,25841.0,LK42,65.0,0.6181153533333333,0.6115338466666667,100.99527666666665
2010-08-01,2010-08,August,Matale,Central,2.0,25830.0,LK22,67.0,0.7692999966666667,0.72781648,105.33372466666667
2010-08-01,2010-08,August,Matara,Southern,2.0,25848.0,LK32,39.0,0.8078427166666667,0.7997613100000001,100.95020666666666
2010-08-01,2010-08,August,Monaragala,Uva,2.0,25850.0,LK82,186.0,0.6998413766666666,0.6643590033333333,104.96677466666667
2010-08-01,2010-08,August,Mullaitivu,Northern,2.0,25842.0,LK44,85.0,0.6996411466666667,0.6894681,101.37613
2010-08-01,2010-08,August,Nuwara Eliya,Central,2.0,41749.0,LK23,58.0,0.77605805,0.7604915800000001,101.92061533333333
2010-08-01,2010-08,August,Polonnaruwa,North Central,2.0,25836.0,LK72,116.0,0.7030686666666668,0.6756234133333333,103.77948299999998
2010-08-01,2010-08,August,Puttalam,North Western,2.0,25838.0,LK62,107.0,0.6219339333333334,0.6345897133333334,98.15272333333333
2010-08-01,2010-08,August,Ratnapura,Sabaragamuwa,2.0,25845.0,LK91,108.0,0.79831942,0.7835099900000001,101.77628566666665
2010-08-01,2010-08,August,Trincomalee,Eastern,2.0,25834.0,LK53,83.0,0.6926979666666666,0.6609511433333334,104.46483533333333
2010-08-01,2010-08,August,Vavuniya,Northern,2.0,25843.0,LK43,65.0,0.6829420033333333,0.6878702466666667,99.33690833333333
2010-09-01,2010-09,September,Ampara,Eastern,2.0,25832.0,LK52,147.0,0.65863898,0.6329594333333334,103.75439666666666
2010-09-01,2010-09,September,Anuradhapura,North Central,2.0,25835.0,LK71,235.0,0.7094730533333333,0.6619698366666666,106.67226
2010-09-01,2010-09,September,Badulla,Uva,2.0,25849.0,LK81,94.0,0.7301687666666666,0.7060127666666668,103.19612166666667
2010-09-01,2010-09,September,Batticaloa,Eastern,2.0,25833.0,LK51,82.0,0.5860951,0.5397494566666667,107.85793666666666
2010-09-01,2010-09,September,Colombo,Western,2.0,25851.0,LK11,23.0,0.68015506,0.6961392833333333,97.85782499999999
2010-09-01,2010-09,September,Galle,Southern,2.0,25846.0,LK31,54.0,0.7920086166666667,0.7968295466666667,99.430925
2010-09-01,2010-09,September,Gampaha,Western,2.0,25852.0,LK12,47.0,0.7207503466666667,0.7382961266666667,97.77425799999999
2010-09-01,2010-09,September,Hambantota,Southern,2.0,25847.0,LK33,85.0,0.6305184166666667,0.63163102,99.838015
2010-09-01,2010-09,September,Jaffna,Northern,2.0,25839.0,LK41,31.0,0.5312763333333334,0.4845341333333333,108.74892666666666
2010-09-01,2010-09,September,Kalutara,Western,2.0,25853.0,LK13,52.0,0.7827012666666667,0.79020558,99.10690199999999
2010-09-01,2010-09,September,Kandy,Central,2.0,41748.0,LK21,60.0,0.7907249900000001,0.77577225,101.81099033333334
2010-09-01,2010-09,September,Kegalle,Sabaragamuwa,2.0,25844.0,LK92,55.0,0.8229933100000001,0.82574345,99.68577666666665
2010-09-01,2010-09,September,Kilinochchi,Northern,2.0,25840.0,LK45,41.0,0.5690878,0.52585062,107.50715533333334
2010-09-01,2010-09,September,Kurunegala,North Western,2.0,25837.0,LK61,158.0,0.7284562966666667,0.7007411133333333,103.69510833333334
2010-09-01,2010-09,September,Mannar,Northern,2.0,25841.0,LK42,65.0,0.63743129,0.62242828,102.22692
2010-09-01,2010-09,September,Matale,Central,2.0,25830.0,LK22,67.0,0.7744462466666667,0.73437527,105.11098466666665
2010-09-01,2010-09,September,Matara,Southern,2.0,25848.0,LK32,39.0,0.7944717833333333,0.7964650633333333,99.76458000000001
2010-09-01,2010-09,September,Monaragala,Uva,2.0,25850.0,LK82,186.0,0.7111362099999999,0.67865846,104.45991666666667
2010-09-01,2010-09,September,Mullaitivu,Northern,2.0,25842.0,LK44,85.0,0.71463015,0.7039018433333334,101.42099666666667
2010-09-01,2010-09,September,Nuwara Eliya,Central,2.0,41749.0,LK23,58.0,0.7756999666666667,0.7645634333333334,101.367742
2010-09-01,2010-09,September,Polonnaruwa,North Central,2.0,25836.0,LK72,116.0,0.6906999866666667,0.66211692,104.01336533333334
2010-09-01,2010-09,September,Puttalam,North Western,2.0,25838.0,LK62,107.0,0.63113425,0.6389632333333334,98.86147999999999
2010-09-01,2010-09,September,Ratnapura,Sabaragamuwa,2.0,25845.0,LK91,108.0,0.7894163333333334,0.7821766166666667,100.87048833333334
2010-09-01,2010-09,September,Trincomalee,Eastern,2.0,25834.0,LK53,83.0,0.7105542133333334,0.67273578,105.23153
2010-09-01,2010-09,September,Vavuniya,Northern,2.0,25843.0,LK43,65.0,0.6963723,0.7114957333333334,98.00825333333334
2010-10-01,2010-10,October,Ampara,Eastern,2.0,25832.0,LK52,147.0,0.6945557666666667,0.6726984566666667,103.04540833333333
2010-10-01,2010-10,October,Anuradhapura,North Central,2.0,25835.0,LK71,235.0,0.7311313500000001,0.7050825566666666,103.48729300000001
2010-10-01,2010-10,October,Badulla,Uva,2.0,25849.0,LK81,94.0,0.7499404133333334,0.73642772,101.72856666666667
2010-10-01,2010-10,October,Batticaloa,Eastern,2.0,25833.0,LK51,82.0,0.6190707333333334,0.58577872,105.2781
2010-10-01,2010-10,October,Colombo,Western,2.0,25851.0,LK11,23.0,0.68313332,0.6993316900000001,97.83811333333334
2010-10-01,2010-10,October,Galle,Southern,2.0,25846.0,LK31,54.0,0.7974259,0.80463834,99.15612166666666
2010-10-01,2010-10,October,Gampaha,Western,2.0,25852.0,LK12,47.0,0.7304106133333333,0.7456929666666667,98.078327
2010-10-01,2010-10,October,Hambantota,Southern,2.0,25847.0,LK33,85.0,0.6565827133333334,0.67526712,97.45338
2010-10-01,2010-10,October,Jaffna,Northern,2.0,25839.0,LK41,31.0,0.5747785,0.53861731,106.17839666666667
2010-10-01,2010-10,October,Kalutara,Western,2.0,25853.0,LK13,52.0,0.7850929466666666,0.7947389133333332,98.85822333333333
2010-10-01,2010-10,October,Kandy,Central,2.0,41748.0,LK21,60.0,0.7927049666666667,0.7867203666666667,100.71767333333332
2010-10-01,2010-10,October,Kegalle,Sabaragamuwa,2.0,25844.0,LK92,55.0,0.8191975666666668,0.8250890333333333,99.32674666666666
2010-10-01,2010-10,October,Kilinochchi,Northern,2.0,25840.0,LK45,41.0,0.5978008133333333,0.5664579066666667,105.12777533333333
2010-10-01,2010-10,October,Kurunegala,North Western,2.0,25837.0,LK61,158.0,0.7406259366666667,0.7316796600000001,101.15575466666667
2010-10-01,2010-10,October,Mannar,Northern,2.0,25841.0,LK42,65.0,0.68842048,0.6693824666666667,102.654292
2010-10-01,2010-10,October,Matale,Central,2.0,25830.0,LK22,67.0,0.7871656333333332,0.7646746466666666,102.77349666666667
2010-10-01,2010-10,October,Matara,Southern,2.0,25848.0,LK32,39.0,0.7923623666666667,0.8024033333333334,98.82303333333334
2010-10-01,2010-10,October,Monaragala,Uva,2.0,25850.0,LK82,186.0,0.73907129,0.7241691666666666,101.94651333333333
2010-10-01,2010-10,October,Mullaitivu,Northern,2.0,25842.0,LK44,85.0,0.7497588233333333,0.7338299833333334,102.03391166666667
2010-10-01,2010-10,October,Nuwara Eliya,Central,2.0,41749.0,LK23,58.0,0.7793902266666667,0.7775780666666666,100.22142333333333
2010-10-01,2010-10,October,Polonnaruwa,North Central,2.0,25836.0,LK72,116.0,0.7131456666666667,0.6956889,102.36879466666666
2010-10-01,2010-10,October,Puttalam,North Western,2.0,25838.0,LK62,107.0,0.6817628966666667,0.6856798166666667,99.46777333333334
2010-10-01,2010-10,October,Ratnapura,Sabaragamuwa,2.0,25845.0,LK91,108.0,0.7930851333333333,0.7957741733333333,99.68444299999999
2010-10-01,2010-10,October,Trincomalee,Eastern,2.0,25834.0,LK53,83.0,0.7342867166666668,0.7037558566666666,104.06364166666667
2010-10-01,2010-10,October,Vavuniya,Northern,2.0,25843.0,LK43,65.0,0.7564235833333334,0.7542895333333334,100.26188333333334
2010-11-01,2010-11,November,Ampara,Eastern,2.0,25832.0,LK52,147.0,0.7327312666666667,0.73024149,100.324753
2010-11-01,2010-11,November,Anuradhapura,North Central,2.0,25835.0,LK71,235.0,0.7446781366666667,0.75418649,98.82488333333333
2010-11-01,2010-11,November,Badulla,Uva,2.0,25849.0,LK81,94.0,0.7653453533333333,0.7692643666666666,99.52408133333334
2010-11-01,2010-11,November,Batticaloa,Eastern,2.0,25833.0,LK51,82.0,0.6760882,0.6684093433333334,101.09111166666666
2010-11-01,2010-11,November,Colombo,Western,2.0,25851.0,LK11,23.0,0.6921724666666668,0.6999362000000001,98.96509333333334
2010-11-01,2010-11,November,Galle,Southern,2.0,25846.0,LK31,54.0,0.8033160366666667,0.8110670066666666,99.09987366666667
2010-11-01,2010-11,November,Gampaha,Western,2.0,25852.0,LK12,47.0,0.75488224,0.7596452866666666,99.40984866666668
2010-11-01,2010-11,November,Hambantota,Southern,2.0,25847.0,LK33,85.0,0.7010987733333334,0.7371608566666668,95.41362333333332
2010-11-01,2010-11,November,Jaffna,Northern,2.0,25839.0,LK41,31.0,0.6167021366666666,0.6011712133333333,102.40039666666667
2010-11-01,2010-11,November,Kalutara,Western,2.0,25853.0,LK13,52.0,0.7894410333333334,0.7982270133333333,98.96414533333332
2010-11-01,2010-11,November,Kandy,Central,2.0,41748.0,LK21,60.0,0.7968044233333332,0.8012197633333334,99.48178666666666
2010-11-01,2010-11,November,Kegalle,Sabaragamuwa,2.0,25844.0,LK92,55.0,0.8269503133333332,0.82791171,99.89027333333333
2010-11-01,2010-11,November,Kilinochchi,Northern,2.0,25840.0,LK45,41.0,0.6464463333333333,0.6432878833333334,100.47922866666666
2010-11-01,2010-11,November,Kurunegala,North Western,2.0,25837.0,LK61,158.0,0.7742497666666667,0.7751060133333333,99.89604000000001
2010-11-01,2010-11,November,Mannar,Northern,2.0,25841.0,LK42,65.0,0.7330825333333334,0.7253331,101.00667800000001
2010-11-01,2010-11,November,Matale,Central,2.0,25830.0,LK22,67.0,0.7912203866666667,0.7938021000000001,99.69712533333335
2010-11-01,2010-11,November,Matara,Southern,2.0,25848.0,LK32,39.0,0.8018042433333333,0.81549072,98.41810866666667
2010-11-01,2010-11,November,Monaragala,Uva,2.0,25850.0,LK82,186.0,0.7690166433333333,0.77563148,99.20302833333334
2010-11-01,2010-11,November,Mullaitivu,Northern,2.0,25842.0,LK44,85.0,0.77201057,0.7649793100000001,100.86547333333334
2010-11-01,2010-11,November,Nuwara Eliya,Central,2.0,41749.0,LK23,58.0,0.7845396566666666,0.7932364766666667,98.96931666666667
2010-11-01,2010-11,November,Polonnaruwa,North Central,2.0,25836.0,LK72,116.0,0.73071893,0.7374111633333333,99.15067800000001
2010-11-01,2010-11,November,Puttalam,North Western,2.0,25838.0,LK62,107.0,0.7338115333333333,0.7389796133333334,99.34532
2010-11-01,2010-11,November,Ratnapura,Sabaragamuwa,2.0,25845.0,LK91,108.0,0.8042965633333333,0.8127910133333334,99.015375
2010-11-01,2010-11,November,Trincomalee,Eastern,2.0,25834.0,LK53,83.0,0.7518168333333334,0.7405627566666667,101.42775633333333
2010-11-01,2010-11,November,Vavuniya,Northern,2.0,25843.0,LK43,65.0,0.78819999,0.7915826566666667,99.600527
2010-12-01,2010-12,December,Ampara,Eastern,2.0,25832.0,LK52,147.0,0.77526482,0.7766607333333333,99.832972
2010-12-01,2010-12,December,Anuradhapura,North Central,2.0,25835.0,LK71,235.0,0.77184337,0.7848832833333333,98.43548666666668
2010-12-01,2010-12,December,Badulla,Uva,2.0,25849.0,LK81,94.0,0.7805347333333333,0.7869486866666667,99.233228
2010-12-01,2010-12,December,Batticaloa,Eastern,2.0,25833.0,LK51,82.0,0.7250190966666666,0.7287191533333334,99.528983
2010-12-01,2010-12,December,Colombo,Western,2.0,25851.0,LK11,23.0,0.6987970666666667,0.6931179466666667,100.76671800000001
2010-12-01,2010-12,December,Galle,Southern,2.0,25846.0,LK31,54.0,0.8073808266666666,0.8138152533333334,99.25508
2010-12-01,2010-12,December,Gampaha,Western,2.0,25852.0,LK12,47.0,0.7705042266666666,0.7628569066666667,100.94179666666666
2010-12-01,2010-12,December,Hambantota,Southern,2.0,25847.0,LK33,85.0,0.75879641,0.7700227133333333,98.623305
2010-12-01,2010-12,December,Jaffna,Northern,2.0,25839.0,LK41,31.0,0.6306150333333334,0.6252972966666667,100.78765800000001
2010-12-01,2010-12,December,Kalutara,Western,2.0,25853.0,LK13,52.0,0.7933852366666666,0.7963954366666667,99.6447
2010-12-01,2010-12,December,Kandy,Central,2.0,41748.0,LK21,60.0,0.8027683200000001,0.8061117200000001,99.60950333333334
2010-12-01,2010-12,December,Kegalle,Sabaragamuwa,2.0,25844.0,LK92,55.0,0.8324714833333333,0.8268434299999999,100.64215833333333
2010-12-01,2010-12,December,Kilinochchi,Northern,2.0,25840.0,LK45,41.0,0.68942844,0.6934801566666667,99.45365
2010-12-01,2010-12,December,Kurunegala,North Western,2.0,25837.0,LK61,158.0,0.8049746666666667,0.8019920066666666,100.34948666666666
2010-12-01,2010-12,December,Mannar,Northern,2.0,25841.0,LK42,65.0,0.7496584733333332,0.7516517333333333,99.75134833333334
2010-12-01,2010-12,December,Matale,Central,2.0,25830.0,LK22,67.0,0.7987482466666668,0.8089373566666667,98.81362000000001
2010-12-01,2010-12,December,Matara,Southern,2.0,25848.0,LK32,39.0,0.8183162166666667,0.8252643266666667,99.20593000000001
2010-12-01,2010-12,December,Monaragala,Uva,2.0,25850.0,LK82,186.0,0.7964326,0.8032846,99.19592666666667
2010-12-01,2010-12,December,Mullaitivu,Northern,2.0,25842.0,LK44,85.0,0.7771917500000001,0.7785315666666667,99.83856833333334
2010-12-01,2010-12,December,Nuwara Eliya,Central,2.0,41749.0,LK23,58.0,0.7868901933333333,0.7976402033333333,98.73180666666667
2010-12-01,2010-12,December,Polonnaruwa,North Central,2.0,25836.0,LK72,116.0,0.7580692333333333,0.7602516,99.72927666666665
2010-12-01,2010-12,December,Puttalam,North Western,2.0,25838.0,LK62,107.0,0.75727039,0.7589746666666667,99.78899666666666
2010-12-01,2010-12,December,Ratnapura,Sabaragamuwa,2.0,25845.0,LK91,108.0,0.8141993533333333,0.81920739,99.42381833333333
2010-12-01,2010-12,December,Trincomalee,Eastern,2.0,25834.0,LK53,83.0,0.7716915866666666,0.76396468,100.94924333333334
2010-12-01,2010-12,December,Vavuniya,Northern,2.0,25843.0,LK43,65.0,0.7952656166666667,0.8042701600000001,98.94589866666666
2011-01-01,2011-01,January,Ampara,Eastern,2.0,25832.0,LK52,147.0,0.77505189,0.7833097133333333,99.007118
2011-01-01,2011-01,January,Anuradhapura,North Central,2.0,25835.0,LK71,235.0,0.7906989533333334,0.7924991,99.78731333333333
2011-01-01,2011-01,January,Badulla,Uva,2.0,25849.0,LK81,94.0,0.7890793833333333,0.7926376866666667,99.577785
2011-01-01,2011-01,January,Batticaloa,Eastern,2.0,25833.0,LK51,82.0,0.7043178800000001,0.7211823599999999,97.80737133333332
2011-01-01,2011-01,January,Colombo,Western,2.0,25851.0,LK11,23.0,0.6892304133333332,0.6720614033333333,102.37980333333333
2011-01-01,2011-01,January,Galle,Southern,2.0,25846.0,LK31,54.0,0.8074296033333334,0.8078158633333333,99.95602666666666
2011-01-01,2011-01,January,Gampaha,Western,2.0,25852.0,LK12,47.0,0.7544375666666667,0.7362003333333332,102.324515
2011-01-01,2011-01,January,Hambantota,Southern,2.0,25847.0,LK33,85.0,0.7876517466666666,0.77555122,101.46680833333333
2011-01-01,2011-01,January,Jaffna,Northern,2.0,25839.0,LK41,31.0,0.6098118,0.6014972866666667,101.282135
2011-01-01,2011-01,January,Kalutara,Western,2.0,25853.0,LK13,52.0,0.7835313700000001,0.7819341033333332,100.19258466666668
2011-01-01,2011-01,January,Kandy,Central,2.0,41748.0,LK21,60.0,0.8038533,0.7984849533333334,100.634048
2011-01-01,2011-01,January,Kegalle,Sabaragamuwa,2.0,25844.0,LK92,55.0,0.8224121000000001,0.8109299999999999,101.33506799999999
2011-01-01,2011-01,January,Kilinochchi,Northern,2.0,25840.0,LK45,41.0,0.6922512099999999,0.6806254666666667,101.603925
2011-01-01,2011-01,January,Kurunegala,North Western,2.0,25837.0,LK61,158.0,0.7943227500000001,0.7805691266666667,101.66432333333334
2011-01-01,2011-01,January,Mannar,Northern,2.0,25841.0,LK42,65.0,0.7633661633333334,0.7527504566666666,101.32495
2011-01-01,2011-01,January,Matale,Central,2.0,25830.0,LK22,67.0,0.8080034666666668,0.8147227899999999,99.223055
2011-01-01,2011-01,January,Matara,Southern,2.0,25848.0,LK32,39.0,0.8145392666666668,0.8164981633333334,99.774944
2011-01-01,2011-01,January,Monaragala,Uva,2.0,25850.0,LK82,186.0,0.80297025,0.8022891,100.08081833333334
2011-01-01,2011-01,January,Mullaitivu,Northern,2.0,25842.0,LK44,85.0,0.7664698,0.7719806333333333,99.32931
2011-01-01,2011-01,January,Nuwara Eliya,Central,2.0,41749.0,LK23,58.0,0.7810764,0.7875915333333333,99.22329333333334
2011-01-01,2011-01,January,Polonnaruwa,North Central,2.0,25836.0,LK72,116.0,0.7792209766666667,0.7867867866666667,99.09879566666666
2011-01-01,2011-01,January,Puttalam,North Western,2.0,25838.0,LK62,107.0,0.7592351833333333,0.7442575466666667,101.89317799999999
2011-01-01,2011-01,January,Ratnapura,Sabaragamuwa,2.0,25845.0,LK91,108.0,0.8128604866666667,0.8121014333333333,100.08873333333334
2011-01-01,2011-01,January,Trincomalee,Eastern,2.0,25834.0,LK53,83.0,0.7599040033333333,0.76624178,99.21921333333334
2011-01-01,2011-01,January,Vavuniya,Northern,2.0,25843.0,LK43,65.0,0.7921056166666666,0.7948951333333333,99.67177533333334
2011-02-01,2011-02,February,Ampara,Eastern,2.0,25832.0,LK52,147.0,0.7290362466666668,0.7432987,98.20126466666666
2011-02-01,2011-02,February,Anuradhapura,North Central,2.0,25835.0,LK71,235.0,0.76269361,0.75761819,100.63368333333334
2011-02-01,2011-02,February,Badulla,Uva,2.0,25849.0,LK81,94.0,0.7757024666666666,0.7792860999999999,99.56756466666667
2011-02-01,2011-02,February,Batticaloa,Eastern,2.0,25833.0,LK51,82.0,0.64965772,0.6692407333333333,97.28087833333335
2011-02-01,2011-02,February,Colombo,Western,2.0,25851.0,LK11,23.0,0.6685362066666666,0.6544099333333334,102.00430866666666
2011-02-01,2011-02,February,Galle,Southern,2.0,25846.0,LK31,54.0,0.7983950200000001,0.7933937333333333,100.59322466666667
2011-02-01,2011-02,February,Gampaha,Western,2.0,25852.0,LK12,47.0,0.7211609833333333,0.7034402433333332,102.34918966666667
2011-02-01,2011-02,February,Hambantota,Southern,2.0,25847.0,LK33,85.0,0.7615266633333334,0.7486602666666666,101.60978533333332
2011-02-01,2011-02,February,Jaffna,Northern,2.0,25839.0,LK41,31.0,0.5618010633333334,0.5498484466666667,101.99570333333334
2011-02-01,2011-02,February,Kalutara,Western,2.0,25853.0,LK13,52.0,0.7710800999999999,0.7683292866666666,100.33615666666667
2011-02-01,2011-02,February,Kandy,Central,2.0,41748.0,LK21,60.0,0.7914866466666667,0.7830002333333334,101.01809333333334
2011-02-01,2011-02,February,Kegalle,Sabaragamuwa,2.0,25844.0,LK92,55.0,0.80713875,0.7953982866666666,101.38838500000001
2011-02-01,2011-02,February,Kilinochchi,Northern,2.0,25840.0,LK45,41.0,0.6455333066666666,0.62443539,103.13131366666666
2011-02-01,2011-02,February,Kurunegala,North Western,2.0,25837.0,LK61,158.0,0.7412700433333334,0.7190770733333333,102.88923833333335
2011-02-01,2011-02,February,Mannar,Northern,2.0,25841.0,LK42,65.0,0.7552307666666667,0.7307267533333333,103.14176199999999
2011-02-01,2011-02,February,Matale,Central,2.0,25830.0,LK22,67.0,0.7979556933333334,0.7999620333333333,99.76533666666667
2011-02-01,2011-02,February,Matara,Southern,2.0,25848.0,LK32,39.0,0.7989102333333333,0.7943172133333333,100.54546333333333
2011-02-01,2011-02,February,Monaragala,Uva,2.0,25850.0,LK82,186.0,0.7844899166666667,0.7800976533333334,100.52969666666667
2011-02-01,2011-02,February,Mullaitivu,Northern,2.0,25842.0,LK44,85.0,0.7465497566666667,0.7505555999999999,99.50073066666668
2011-02-01,2011-02,February,Nuwara Eliya,Central,2.0,41749.0,LK23,58.0,0.7717643766666668,0.7738566566666667,99.74602266666666
2011-02-01,2011-02,February,Polonnaruwa,North Central,2.0,25836.0,LK72,116.0,0.7493172499999999,0.7762176233333333,96.74010333333335
2011-02-01,2011-02,February,Puttalam,North Western,2.0,25838.0,LK62,107.0,0.7377420166666667,0.7083814966666667,103.87537966666667
2011-02-01,2011-02,February,Ratnapura,Sabaragamuwa,2.0,25845.0,LK91,108.0,0.8036428966666667,0.8001612833333334,100.40956533333333
2011-02-01,2011-02,February,Trincomalee,Eastern,2.0,25834.0,LK53,83.0,0.7139044233333333,0.73724276,97.03411999999999
2011-02-01,2011-02,February,Vavuniya,Northern,2.0,25843.0,LK43,65.0,0.7703056333333334,0.7669161,100.41627166666667
2011-03-01,2011-03,March,Ampara,Eastern,2.0,25832.0,LK52,147.0,0.6917889,0.6993939033333333,98.99098666666667
2011-03-01,2011-03,March,Anuradhapura,North Central,2.0,25835.0,LK71,235.0,0.7157456533333333,0.7122368166666666,100.45425
2011-03-01,2011-03,March,Badulla,Uva,2.0,25849.0,LK81,94.0,0.7542017466666667,0.7597539233333334,99.31417333333333
2011-03-01,2011-03,March,Batticaloa,Eastern,2.0,25833.0,LK51,82.0,0.62084144,0.6270425733333332,99.09331666666667
2011-03-01,2011-03,March,Colombo,Western,2.0,25851.0,LK11,23.0,0.6619985333333333,0.6577345133333333,100.60432666666667
2011-03-01,2011-03,March,Galle,Southern,2.0,25846.0,LK31,54.0,0.7917116833333333,0.7874191600000001,100.51266833333334
2011-03-01,2011-03,March,Gampaha,Western,2.0,25852.0,LK12,47.0,0.70320208,0.6998973133333334,100.44369833333333
2011-03-01,2011-03,March,Hambantota,Southern,2.0,25847.0,LK33,85.0,0.7263901533333333,0.7118593333333333,101.90965
2011-03-01,2011-03,March,Jaffna,Northern,2.0,25839.0,LK41,31.0,0.5265107333333333,0.5109923333333334,102.77192133333334
2011-03-01,2011-03,March,Kalutara,Western,2.0,25853.0,LK13,52.0,0.7746288333333333,0.77279975,100.22273666666666
2011-03-01,2011-03,March,Kandy,Central,2.0,41748.0,LK21,60.0,0.7739682999999999,0.7727419133333333,100.14867
2011-03-01,2011-03,March,Kegalle,Sabaragamuwa,2.0,25844.0,LK92,55.0,0.8050224,0.7990706866666667,100.70173666666666
2011-03-01,2011-03,March,Kilinochchi,Northern,2.0,25840.0,LK45,41.0,0.5993520333333334,0.58135265,102.84768666666668
2011-03-01,2011-03,March,Kurunegala,North Western,2.0,25837.0,LK61,158.0,0.7055071666666667,0.6883870466666666,102.31968666666667
2011-03-01,2011-03,March,Mannar,Northern,2.0,25841.0,LK42,65.0,0.7239256133333334,0.7011477333333334,103.028885
2011-03-01,2011-03,March,Matale,Central,2.0,25830.0,LK22,67.0,0.77135074,0.7756171233333333,99.48124533333333
2011-03-01,2011-03,March,Matara,Southern,2.0,25848.0,LK32,39.0,0.791394,0.7825581666666667,101.06131666666666
2011-03-01,2011-03,March,Monaragala,Uva,2.0,25850.0,LK82,186.0,0.7661940633333333,0.7631427466666666,100.374818
2011-03-01,2011-03,March,Mullaitivu,Northern,2.0,25842.0,LK44,85.0,0.7284866333333334,0.7284733299999999,100.00241333333334
2011-03-01,2011-03,March,Nuwara Eliya,Central,2.0,41749.0,LK23,58.0,0.7631907866666667,0.76845832,99.35642966666667
2011-03-01,2011-03,March,Polonnaruwa,North Central,2.0,25836.0,LK72,116.0,0.7012379333333333,0.7271072466666667,96.67662333333334
2011-03-01,2011-03,March,Puttalam,North Western,2.0,25838.0,LK62,107.0,0.7103987333333333,0.6856575333333333,103.361512
2011-03-01,2011-03,March,Ratnapura,Sabaragamuwa,2.0,25845.0,LK91,108.0,0.7987290000000001,0.7967155966666667,100.237928
2011-03-01,2011-03,March,Trincomalee,Eastern,2.0,25834.0,LK53,83.0,0.6845031933333333,0.6988553533333333,98.09032666666667
2011-03-01,2011-03,March,Vavuniya,Northern,2.0,25843.0,LK43,65.0,0.7449527799999999,0.7414863666666666,100.43690199999999
2011-04-01,2011-04,April,Ampara,Eastern,2.0,25832.0,LK52,147.0,0.68537667,0.6831142633333332,100.30844
2011-04-01,2011-04,April,Anuradhapura,North Central,2.0,25835.0,LK71,235.0,0.7020690566666667,0.71229456,98.66015
2011-04-01,2011-04,April,Badulla,Uva,2.0,25849.0,LK81,94.0,0.75208685,0.7551976666666667,99.61341166666666
2011-04-01,2011-04,April,Batticaloa,Eastern,2.0,25833.0,LK51,82.0,0.6081914300000001,0.60768549,100.07675966666666
2011-04-01,2011-04,April,Colombo,Western,2.0,25851.0,LK11,23.0,0.6773666433333333,0.6772539700000001,100.01574466666666
2011-04-01,2011-04,April,Galle,Southern,2.0,25846.0,LK31,54.0,0.7944586133333332,0.79412357,100.04001333333333
2011-04-01,2011-04,April,Gampaha,Western,2.0,25852.0,LK12,47.0,0.7176914766666668,0.7242393766666666,99.15492
2011-04-01,2011-04,April,Hambantota,Southern,2.0,25847.0,LK33,85.0,0.7168481999999999,0.7008370866666667,102.13276133333333
2011-04-01,2011-04,April,Jaffna,Northern,2.0,25839.0,LK41,31.0,0.5309139633333334,0.49807874333333335,105.99166966666667
2011-04-01,2011-04,April,Kalutara,Western,2.0,25853.0,LK13,52.0,0.7832640466666666,0.7875598333333333,99.48814633333332
2011-04-01,2011-04,April,Kandy,Central,2.0,41748.0,LK21,60.0,0.7710366433333333,0.7766860666666666,99.317118
2011-04-01,2011-04,April,Kegalle,Sabaragamuwa,2.0,25844.0,LK92,55.0,0.8196993933333334,0.8171027799999999,100.29981333333335
2011-04-01,2011-04,April,Kilinochchi,Northern,2.0,25840.0,LK45,41.0,0.5788048566666667,0.5641594166666667,102.38462166666666
2011-04-01,2011-04,April,Kurunegala,North Western,2.0,25837.0,LK61,158.0,0.72492506,0.7250464233333332,99.99271533333332
2011-04-01,2011-04,April,Mannar,Northern,2.0,25841.0,LK42,65.0,0.69626511,0.6830917666666667,101.79616533333335
2011-04-01,2011-04,April,Matale,Central,2.0,25830.0,LK22,67.0,0.7589591666666666,0.76829087,98.85966666666667
2011-04-01,2011-04,April,Matara,Southern,2.0,25848.0,LK32,39.0,0.79333504,0.78895477,100.52312333333333
2011-04-01,2011-04,April,Monaragala,Uva,2.0,25850.0,LK82,186.0,0.7624639666666667,0.7644638666666667,99.754675
2011-04-01,2011-04,April,Mullaitivu,Northern,2.0,25842.0,LK44,85.0,0.7163509499999999,0.714852,100.19592
2011-04-01,2011-04,April,Nuwara Eliya,Central,2.0,41749.0,LK23,58.0,0.7668838933333334,0.7739699466666666,99.13990866666667
2011-04-01,2011-04,April,Polonnaruwa,North Central,2.0,25836.0,LK72,116.0,0.68296981,0.69618518,98.23032333333333
2011-04-01,2011-04,April,Puttalam,North Western,2.0,25838.0,LK62,107.0,0.7020753666666666,0.6956772999999999,100.86184833333334
2011-04-01,2011-04,April,Ratnapura,Sabaragamuwa,2.0,25845.0,LK91,108.0,0.8002570999999999,0.8041900966666665,99.54001833333332
2011-04-01,2011-04,April,Trincomalee,Eastern,2.0,25834.0,LK53,83.0,0.6748320766666667,0.6763330233333334,99.79438333333333
2011-04-01,2011-04,April,Vavuniya,Northern,2.0,25843.0,LK43,65.0,0.7341774299999999,0.7370928533333334,99.63003166666665
2011-05-01,2011-05,May,Ampara,Eastern,2.0,25832.0,LK52,147.0,0.6981564666666666,0.6942442600000001,100.52565666666668
2011-05-01,2011-05,May,Anuradhapura,North Central,2.0,25835.0,LK71,235.0,0.7166177233333334,0.72566436,98.83459333333333
2011-05-01,2011-05,May,Badulla,Uva,2.0,25849.0,LK81,94.0,0.75716237,0.7554970333333334,100.20704333333333
2011-05-01,2011-05,May,Batticaloa,Eastern,2.0,25833.0,LK51,82.0,0.6017776333333332,0.6097193333333334,98.79684833333333
2011-05-01,2011-05,May,Colombo,Western,2.0,25851.0,LK11,23.0,0.69249853,0.6955265166666668,99.59486333333332
2011-05-01,2011-05,May,Galle,Southern,2.0,25846.0,LK31,54.0,0.7972863833333333,0.8004023433333334,99.63373466666667
2011-05-01,2011-05,May,Gampaha,Western,2.0,25852.0,LK12,47.0,0.7440673466666666,0.74915808,99.36240333333335
2011-05-01,2011-05,May,Hambantota,Southern,2.0,25847.0,LK33,85.0,0.7141909666666667,0.7062601000000001,101.04883000000001
2011-05-01,2011-05,May,Jaffna,Northern,2.0,25839.0,LK41,31.0,0.52925805,0.49670642333333337,105.95077533333334
2011-05-01,2011-05,May,Kalutara,Western,2.0,25853.0,LK13,52.0,0.7888076666666667,0.7966547366666666,99.07314866666667
2011-05-01,2011-05,May,Kandy,Central,2.0,41748.0,LK21,60.0,0.7762521866666666,0.7845254766666666,99.00862866666667
2011-05-01,2011-05,May,Kegalle,Sabaragamuwa,2.0,25844.0,LK92,55.0,0.8310139166666667,0.8317203266666667,99.92031166666668
2011-05-01,2011-05,May,Kilinochchi,Northern,2.0,25840.0,LK45,41.0,0.5716861533333334,0.5603386866666668,101.85868333333333
2011-05-01,2011-05,May,Kurunegala,North Western,2.0,25837.0,LK61,158.0,0.7654037800000001,0.7688743966666666,99.57427833333334
2011-05-01,2011-05,May,Mannar,Northern,2.0,25841.0,LK42,65.0,0.6797568866666666,0.67330281,100.89140466666667
2011-05-01,2011-05,May,Matale,Central,2.0,25830.0,LK22,67.0,0.7613273533333333,0.7697553166666666,98.97216666666667
2011-05-01,2011-05,May,Matara,Southern,2.0,25848.0,LK32,39.0,0.8016376133333334,0.8025984233333333,99.88772666666667
2011-05-01,2011-05,May,Monaragala,Uva,2.0,25850.0,LK82,186.0,0.7609243666666666,0.7616334866666667,99.91364666666668
2011-05-01,2011-05,May,Mullaitivu,Northern,2.0,25842.0,LK44,85.0,0.7051011633333334,0.70917131,99.46319066666666
2011-05-01,2011-05,May,Nuwara Eliya,Central,2.0,41749.0,LK23,58.0,0.7731172233333333,0.7783765833333334,99.3651
2011-05-01,2011-05,May,Polonnaruwa,North Central,2.0,25836.0,LK72,116.0,0.6897433633333333,0.6925152333333333,99.62705333333334
2011-05-01,2011-05,May,Puttalam,North Western,2.0,25838.0,LK62,107.0,0.7119943533333334,0.7109920000000001,100.13165500000001
2011-05-01,2011-05,May,Ratnapura,Sabaragamuwa,2.0,25845.0,LK91,108.0,0.8048287,0.8096791900000001,99.43575833333334
2011-05-01,2011-05,May,Trincomalee,Eastern,2.0,25834.0,LK53,83.0,0.6686505833333333,0.6749312466666666,99.13367799999999
2011-05-01,2011-05,May,Vavuniya,Northern,2.0,25843.0,LK43,65.0,0.7287092166666667,0.73722455,98.91773466666666
2011-06-01,2011-06,June,Ampara,Eastern,2.0,25832.0,LK52,147.0,0.6999467,0.69607917,100.51817166666666
2011-06-01,2011-06,June,Anuradhapura,North Central,2.0,25835.0,LK71,235.0,0.7012874766666667,0.6999913666666666,100.17639666666666
2011-06-01,2011-06,June,Badulla,Uva,2.0,25849.0,LK81,94.0,0.74404006,0.7429939533333334,100.13024666666666
2011-06-01,2011-06,June,Batticaloa,Eastern,2.0,25833.0,LK51,82.0,0.5846552666666667,0.5971564333333333,98.07136466666667
2011-06-01,2011-06,June,Colombo,Western,2.0,25851.0,LK11,23.0,0.6991347833333332,0.7040921833333332,99.34255
2011-06-01,2011-06,June,Galle,Southern,2.0,25846.0,LK31,54.0,0.7957086233333334,0.8009732366666666,99.38136533333333
2011-06-01,2011-06,June,Gampaha,Western,2.0,25852.0,LK12,47.0,0.7552886166666667,0.7584368933333333,99.61058833333334
2011-06-01,2011-06,June,Hambantota,Southern,2.0,25847.0,LK33,85.0,0.6942505600000001,0.6984099533333333,99.440962
2011-06-01,2011-06,June,Jaffna,Northern,2.0,25839.0,LK41,31.0,0.48439891000000007,0.48190153666666663,100.45266666666667
2011-06-01,2011-06,June,Kalutara,Western,2.0,25853.0,LK13,52.0,0.7952576733333334,0.7987041333333332,99.59404666666667
2011-06-01,2011-06,June,Kandy,Central,2.0,41748.0,LK21,60.0,0.7791683333333334,0.7865019333333333,99.12333166666667
2011-06-01,2011-06,June,Kegalle,Sabaragamuwa,2.0,25844.0,LK92,55.0,0.8347515,0.8373326266666666,99.70911333333333
2011-06-01,2011-06,June,Kilinochchi,Northern,2.0,25840.0,LK45,41.0,0.5565885933333333,0.5513656466666667,100.867212
2011-06-01,2011-06,June,Kurunegala,North Western,2.0,25837.0,LK61,158.0,0.77807972,0.7748695666666666,100.3892
2011-06-01,2011-06,June,Mannar,Northern,2.0,25841.0,LK42,65.0,0.6566917466666666,0.6502179333333333,100.92700500000001
2011-06-01,2011-06,June,Matale,Central,2.0,25830.0,LK22,67.0,0.7539188833333332,0.7593344433333332,99.330585
2011-06-01,2011-06,June,Matara,Southern,2.0,25848.0,LK32,39.0,0.8076743533333334,0.8112293133333334,99.58727
2011-06-01,2011-06,June,Monaragala,Uva,2.0,25850.0,LK82,186.0,0.7363951333333333,0.7310031866666667,100.693352
2011-06-01,2011-06,June,Mullaitivu,Northern,2.0,25842.0,LK44,85.0,0.6919400000000001,0.6991408666666666,99.039408
2011-06-01,2011-06,June,Nuwara Eliya,Central,2.0,41749.0,LK23,58.0,0.7703988333333333,0.7738468,99.58165366666667
2011-06-01,2011-06,June,Polonnaruwa,North Central,2.0,25836.0,LK72,116.0,0.7047666333333334,0.6941723433333333,101.42345166666667
2011-06-01,2011-06,June,Puttalam,North Western,2.0,25838.0,LK62,107.0,0.7056663333333333,0.7017504666666667,100.52225666666668
2011-06-01,2011-06,June,Ratnapura,Sabaragamuwa,2.0,25845.0,LK91,108.0,0.80097652,0.8067291666666666,99.32834000000001
2011-06-01,2011-06,June,Trincomalee,Eastern,2.0,25834.0,LK53,83.0,0.6537759,0.6693011666666666,97.84230333333333
2011-06-01,2011-06,June,Vavuniya,Northern,2.0,25843.0,LK43,65.0,0.7048204933333334,0.7127846833333332,98.95799666666666
2011-07-01,2011-07,July,Ampara,Eastern,2.0,25832.0,LK52,147.0,0.67393015,0.66297264,101.54469666666667
2011-07-01,2011-07,July,Anuradhapura,North Central,2.0,25835.0,LK71,235.0,0.6762283666666667,0.66451175,101.64125366666667
2011-07-01,2011-07,July,Badulla,Uva,2.0,25849.0,LK81,94.0,0.7155003299999999,0.7170180433333333,99.80167066666667
2011-07-01,2011-07,July,Batticaloa,Eastern,2.0,25833.0,LK51,82.0,0.5710837133333334,0.5537752966666667,102.90476000000001
2011-07-01,2011-07,July,Colombo,Western,2.0,25851.0,LK11,23.0,0.70558985,0.7042327766666666,100.18088533333334
2011-07-01,2011-07,July,Galle,Southern,2.0,25846.0,LK31,54.0,0.7962376533333333,0.7963837866666666,99.98312533333332
2011-07-01,2011-07,July,Gampaha,Western,2.0,25852.0,LK12,47.0,0.7531637866666667,0.7523134333333333,100.10719666666667
2011-07-01,2011-07,July,Hambantota,Southern,2.0,25847.0,LK33,85.0,0.6623372166666667,0.6664425666666667,99.42999166666668
2011-07-01,2011-07,July,Jaffna,Northern,2.0,25839.0,LK41,31.0,0.4452666633333333,0.46375180666666665,96.39729666666666
2011-07-01,2011-07,July,Kalutara,Western,2.0,25853.0,LK13,52.0,0.8023583200000001,0.7950797433333333,100.86199666666668
2011-07-01,2011-07,July,Kandy,Central,2.0,41748.0,LK21,60.0,0.7811655166666666,0.7818825266666667,99.91443833333334
2011-07-01,2011-07,July,Kegalle,Sabaragamuwa,2.0,25844.0,LK92,55.0,0.8380678333333332,0.8361627166666666,100.21553
2011-07-01,2011-07,July,Kilinochchi,Northern,2.0,25840.0,LK45,41.0,0.5454861666666667,0.5403985833333333,100.86397333333332
2011-07-01,2011-07,July,Kurunegala,North Western,2.0,25837.0,LK61,158.0,0.7456571533333333,0.7443222666666666,100.16660866666666
2011-07-01,2011-07,July,Mannar,Northern,2.0,25841.0,LK42,65.0,0.6425230666666667,0.62472038,102.64448
2011-07-01,2011-07,July,Matale,Central,2.0,25830.0,LK22,67.0,0.7381785533333334,0.7411886500000001,99.62006866666667
2011-07-01,2011-07,July,Matara,Southern,2.0,25848.0,LK32,39.0,0.80539741,0.8077109,99.73049333333334
2011-07-01,2011-07,July,Monaragala,Uva,2.0,25850.0,LK82,186.0,0.7018691633333334,0.6853212933333334,102.25583333333333
2011-07-01,2011-07,July,Mullaitivu,Northern,2.0,25842.0,LK44,85.0,0.6941952533333334,0.6886919566666667,100.74621333333334
2011-07-01,2011-07,July,Nuwara Eliya,Central,2.0,41749.0,LK23,58.0,0.7651620333333332,0.7643455466666667,100.10055833333332
2011-07-01,2011-07,July,Polonnaruwa,North Central,2.0,25836.0,LK72,116.0,0.7043382166666667,0.6896422566666667,101.98628333333333
2011-07-01,2011-07,July,Puttalam,North Western,2.0,25838.0,LK62,107.0,0.6809778466666666,0.6679628466666667,101.82138333333334
2011-07-01,2011-07,July,Ratnapura,Sabaragamuwa,2.0,25845.0,LK91,108.0,0.7914536666666666,0.7948234166666667,99.60200666666667
2011-07-01,2011-07,July,Trincomalee,Eastern,2.0,25834.0,LK53,83.0,0.6648244999999999,0.6580614966666667,100.95678500000001
2011-07-01,2011-07,July,Vavuniya,Northern,2.0,25843.0,LK43,65.0,0.6900333,0.68687702,100.43016666666666
2011-08-01,2011-08,August,Ampara,Eastern,2.0,25832.0,LK52,147.0,0.6465206099999999,0.6297521233333333,102.46733333333333
2011-08-01,2011-08,August,Anuradhapura,North Central,2.0,25835.0,LK71,235.0,0.6496751733333334,0.6509886466666667,99.81217833333334
2011-08-01,2011-08,August,Badulla,Uva,2.0,25849.0,LK81,94.0,0.6949031666666666,0.7010389,99.18228466666666
2011-08-01,2011-08,August,Batticaloa,Eastern,2.0,25833.0,LK51,82.0,0.5779353399999999,0.5290863866666666,108.43797666666667
2011-08-01,2011-08,August,Colombo,Western,2.0,25851.0,LK11,23.0,0.7069347566666666,0.6977320533333332,101.23095166666667
2011-08-01,2011-08,August,Galle,Southern,2.0,25846.0,LK31,54.0,0.7991623200000001,0.79401784,100.60953333333333
2011-08-01,2011-08,August,Gampaha,Western,2.0,25852.0,LK12,47.0,0.74962055,0.7410126333333333,101.08878333333332
2011-08-01,2011-08,August,Hambantota,Southern,2.0,25847.0,LK33,85.0,0.6481365,0.6358906333333333,101.79306833333334
2011-08-01,2011-08,August,Jaffna,Northern,2.0,25839.0,LK41,31.0,0.43482362999999996,0.46041914,94.98559999999999
2011-08-01,2011-08,August,Kalutara,Western,2.0,25853.0,LK13,52.0,0.8001018666666667,0.7902804933333334,101.16867166666667
2011-08-01,2011-08,August,Kandy,Central,2.0,41748.0,LK21,60.0,0.7785088466666666,0.7761413999999999,100.28640666666666
2011-08-01,2011-08,August,Kegalle,Sabaragamuwa,2.0,25844.0,LK92,55.0,0.8412878366666666,0.83049366,101.22617066666668
2011-08-01,2011-08,August,Kilinochchi,Northern,2.0,25840.0,LK45,41.0,0.53875609,0.5262446000000001,102.17171
2011-08-01,2011-08,August,Kurunegala,North Western,2.0,25837.0,LK61,158.0,0.7019147433333334,0.7056622866666666,99.50324333333333
2011-08-01,2011-08,August,Mannar,Northern,2.0,25841.0,LK42,65.0,0.6408092,0.6115338466666667,104.42545
2011-08-01,2011-08,August,Matale,Central,2.0,25830.0,LK22,67.0,0.7204372800000001,0.72781648,99.05068333333334
2011-08-01,2011-08,August,Matara,Southern,2.0,25848.0,LK32,39.0,0.8007598133333333,0.7997613100000001,100.11760166666666
2011-08-01,2011-08,August,Monaragala,Uva,2.0,25850.0,LK82,186.0,0.6838406666666667,0.6643590033333333,102.72704333333333
2011-08-01,2011-08,August,Mullaitivu,Northern,2.0,25842.0,LK44,85.0,0.7058748833333334,0.6894681,102.21843666666666
2011-08-01,2011-08,August,Nuwara Eliya,Central,2.0,41749.0,LK23,58.0,0.75925688,0.7604915800000001,99.84766333333334
2011-08-01,2011-08,August,Polonnaruwa,North Central,2.0,25836.0,LK72,116.0,0.6633795666666666,0.6756234133333333,98.30086333333334
2011-08-01,2011-08,August,Puttalam,North Western,2.0,25838.0,LK62,107.0,0.64461958,0.6345897133333334,101.45960666666667
2011-08-01,2011-08,August,Ratnapura,Sabaragamuwa,2.0,25845.0,LK91,108.0,0.7858882333333334,0.7835099900000001,100.28561
2011-08-01,2011-08,August,Trincomalee,Eastern,2.0,25834.0,LK53,83.0,0.6771614100000001,0.6609511433333334,102.28053366666666
2011-08-01,2011-08,August,Vavuniya,Northern,2.0,25843.0,LK43,65.0,0.6972251133333334,0.6878702466666667,101.268102
2011-09-01,2011-09,September,Ampara,Eastern,2.0,25832.0,LK52,147.0,0.6439444233333333,0.6329594333333334,101.61157800000001
2011-09-01,2011-09,September,Anuradhapura,North Central,2.0,25835.0,LK71,235.0,0.62831162,0.6619698366666666,95.27943866666668
2011-09-01,2011-09,September,Badulla,Uva,2.0,25849.0,LK81,94.0,0.6905400233333333,0.7060127666666668,97.95408333333334
2011-09-01,2011-09,September,Batticaloa,Eastern,2.0,25833.0,LK51,82.0,0.5880902333333333,0.5397494566666667,108.207125
2011-09-01,2011-09,September,Colombo,Western,2.0,25851.0,LK11,23.0,0.7056231666666667,0.6961392833333333,101.27108199999999
2011-09-01,2011-09,September,Galle,Southern,2.0,25846.0,LK31,54.0,0.7974135466666666,0.7968295466666667,100.06944333333333
2011-09-01,2011-09,September,Gampaha,Western,2.0,25852.0,LK12,47.0,0.7498957,0.7382961266666667,101.47150833333335
2011-09-01,2011-09,September,Hambantota,Southern,2.0,25847.0,LK33,85.0,0.6494223566666667,0.63163102,102.61354666666666
2011-09-01,2011-09,September,Jaffna,Northern,2.0,25839.0,LK41,31.0,0.46473655,0.4845341333333333,96.28144666666667
2011-09-01,2011-09,September,Kalutara,Western,2.0,25853.0,LK13,52.0,0.7914884666666667,0.79020558,100.152918
2011-09-01,2011-09,September,Kandy,Central,2.0,41748.0,LK21,60.0,0.7669922000000001,0.77577225,98.93737
2011-09-01,2011-09,September,Kegalle,Sabaragamuwa,2.0,25844.0,LK92,55.0,0.8349339133333333,0.82574345,101.04923533333333
2011-09-01,2011-09,September,Kilinochchi,Northern,2.0,25840.0,LK45,41.0,0.5301902333333334,0.52585062,100.75838033333333
2011-09-01,2011-09,September,Kurunegala,North Western,2.0,25837.0,LK61,158.0,0.69557278,0.7007411133333333,99.31175666666667
2011-09-01,2011-09,September,Mannar,Northern,2.0,25841.0,LK42,65.0,0.6327928066666667,0.62242828,101.55390166666666
2011-09-01,2011-09,September,Matale,Central,2.0,25830.0,LK22,67.0,0.7113457733333334,0.73437527,97.067408
2011-09-01,2011-09,September,Matara,Southern,2.0,25848.0,LK32,39.0,0.7955247666666666,0.7964650633333333,99.88894
2011-09-01,2011-09,September,Monaragala,Uva,2.0,25850.0,LK82,186.0,0.6850789833333333,0.67865846,100.88773666666667
2011-09-01,2011-09,September,Mullaitivu,Northern,2.0,25842.0,LK44,85.0,0.7163846833333333,0.7039018433333334,101.658082
2011-09-01,2011-09,September,Nuwara Eliya,Central,2.0,41749.0,LK23,58.0,0.7541810233333334,0.7645634333333334,98.72608833333334
2011-09-01,2011-09,September,Polonnaruwa,North Central,2.0,25836.0,LK72,116.0,0.61913188,0.66211692,93.96367
2011-09-01,2011-09,September,Puttalam,North Western,2.0,25838.0,LK62,107.0,0.6187289666666667,0.6389632333333334,97.075845
2011-09-01,2011-09,September,Ratnapura,Sabaragamuwa,2.0,25845.0,LK91,108.0,0.7803601666666667,0.7821766166666667,99.78239333333333
2011-09-01,2011-09,September,Trincomalee,Eastern,2.0,25834.0,LK53,83.0,0.6735606199999999,0.67273578,100.11815666666666
2011-09-01,2011-09,September,Vavuniya,Northern,2.0,25843.0,LK43,65.0,0.7119907066666666,0.7114957333333334,100.06871333333333
2011-10-01,2011-10,October,Ampara,Eastern,2.0,25832.0,LK52,147.0,0.6786097266666666,0.6726984566666667,100.82115833333334
2011-10-01,2011-10,October,Anuradhapura,North Central,2.0,25835.0,LK71,235.0,0.67979192,0.7050825566666666,96.62517466666667
2011-10-01,2011-10,October,Badulla,Uva,2.0,25849.0,LK81,94.0,0.7296191333333333,0.73642772,99.12582666666667
2011-10-01,2011-10,October,Batticaloa,Eastern,2.0,25833.0,LK51,82.0,0.6131227533333333,0.58577872,104.33446666666667
2011-10-01,2011-10,October,Colombo,Western,2.0,25851.0,LK11,23.0,0.7072260666666667,0.6993316900000001,101.053657
2011-10-01,2011-10,October,Galle,Southern,2.0,25846.0,LK31,54.0,0.7995931633333333,0.80463834,99.409858
2011-10-01,2011-10,October,Gampaha,Western,2.0,25852.0,LK12,47.0,0.7520688,0.7456929666666667,100.80258666666667
2011-10-01,2011-10,October,Hambantota,Southern,2.0,25847.0,LK33,85.0,0.6833023366666667,0.67526712,101.11149
2011-10-01,2011-10,October,Jaffna,Northern,2.0,25839.0,LK41,31.0,0.5364494733333333,0.53861731,99.60431333333334
2011-10-01,2011-10,October,Kalutara,Western,2.0,25853.0,LK13,52.0,0.7924089666666667,0.7947389133333332,99.72416366666666
2011-10-01,2011-10,October,Kandy,Central,2.0,41748.0,LK21,60.0,0.7737988800000001,0.7867203666666667,98.45499166666667
2011-10-01,2011-10,October,Kegalle,Sabaragamuwa,2.0,25844.0,LK92,55.0,0.8259078666666667,0.8250890333333333,100.093725
2011-10-01,2011-10,October,Kilinochchi,Northern,2.0,25840.0,LK45,41.0,0.5638820966666667,0.5664579066666667,99.57966866666668
2011-10-01,2011-10,October,Kurunegala,North Western,2.0,25837.0,LK61,158.0,0.72699048,0.7316796600000001,99.39756333333332
2011-10-01,2011-10,October,Mannar,Northern,2.0,25841.0,LK42,65.0,0.6641712533333334,0.6693824666666667,99.27605999999999
2011-10-01,2011-10,October,Matale,Central,2.0,25830.0,LK22,67.0,0.7402149133333333,0.7646746466666666,96.99109666666668
2011-10-01,2011-10,October,Matara,Southern,2.0,25848.0,LK32,39.0,0.7999410166666667,0.8024033333333334,99.71109666666666
2011-10-01,2011-10,October,Monaragala,Uva,2.0,25850.0,LK82,186.0,0.7227010666666667,0.7241691666666666,99.81102500000001
2011-10-01,2011-10,October,Mullaitivu,Northern,2.0,25842.0,LK44,85.0,0.7415968366666666,0.7338299833333334,100.99231200000001
2011-10-01,2011-10,October,Nuwara Eliya,Central,2.0,41749.0,LK23,58.0,0.76638675,0.7775780666666666,98.64658000000001
2011-10-01,2011-10,October,Polonnaruwa,North Central,2.0,25836.0,LK72,116.0,0.6727227,0.6956889,96.89180133333333
2011-10-01,2011-10,October,Puttalam,North Western,2.0,25838.0,LK62,107.0,0.6555046666666667,0.6856798166666667,95.88441999999999
2011-10-01,2011-10,October,Ratnapura,Sabaragamuwa,2.0,25845.0,LK91,108.0,0.7870308633333334,0.7957741733333333,98.96615333333334
2011-10-01,2011-10,October,Trincomalee,Eastern,2.0,25834.0,LK53,83.0,0.70031444,0.7037558566666666,99.54214533333334
2011-10-01,2011-10,October,Vavuniya,Northern,2.0,25843.0,LK43,65.0,0.7560133233333334,0.7542895333333334,100.21046666666666
2011-11-01,2011-11,November,Ampara,Eastern,2.0,25832.0,LK52,147.0,0.7319305800000001,0.73024149,100.21830466666665
2011-11-01,2011-11,November,Anuradhapura,North Central,2.0,25835.0,LK71,235.0,0.7516262333333333,0.75418649,99.67744499999999
2011-11-01,2011-11,November,Badulla,Uva,2.0,25849.0,LK81,94.0,0.7743623533333333,0.7692643666666666,100.621278
2011-11-01,2011-11,November,Batticaloa,Eastern,2.0,25833.0,LK51,82.0,0.6734235733333334,0.6684093433333334,100.71765999999998
2011-11-01,2011-11,November,Colombo,Western,2.0,25851.0,LK11,23.0,0.7026535866666667,0.6999362000000001,100.36219799999999
2011-11-01,2011-11,November,Galle,Southern,2.0,25846.0,LK31,54.0,0.8068364133333333,0.8110670066666666,99.50860666666667
2011-11-01,2011-11,November,Gampaha,Western,2.0,25852.0,LK12,47.0,0.7581850833333332,0.7596452866666666,99.82035133333333
2011-11-01,2011-11,November,Hambantota,Southern,2.0,25847.0,LK33,85.0,0.7407835233333334,0.7371608566666668,100.46575166666668
2011-11-01,2011-11,November,Jaffna,Northern,2.0,25839.0,LK41,31.0,0.6090333033333333,0.6011712133333333,101.20450666666666
2011-11-01,2011-11,November,Kalutara,Western,2.0,25853.0,LK13,52.0,0.7952301133333334,0.7982270133333333,99.646705
2011-11-01,2011-11,November,Kandy,Central,2.0,41748.0,LK21,60.0,0.79467497,0.8012197633333334,99.230485
2011-11-01,2011-11,November,Kegalle,Sabaragamuwa,2.0,25844.0,LK92,55.0,0.8217660166666666,0.82791171,99.30008666666667
2011-11-01,2011-11,November,Kilinochchi,Northern,2.0,25840.0,LK45,41.0,0.6464715,0.6432878833333334,100.44775
2011-11-01,2011-11,November,Kurunegala,North Western,2.0,25837.0,LK61,158.0,0.77295485,0.7751060133333333,99.73932166666667
2011-11-01,2011-11,November,Mannar,Northern,2.0,25841.0,LK42,65.0,0.7241589500000001,0.7253331,99.84559
2011-11-01,2011-11,November,Matale,Central,2.0,25830.0,LK22,67.0,0.78577212,0.7938021000000001,99.04582833333332
2011-11-01,2011-11,November,Matara,Southern,2.0,25848.0,LK32,39.0,0.81117947,0.81549072,99.50243333333333
2011-11-01,2011-11,November,Monaragala,Uva,2.0,25850.0,LK82,186.0,0.7743456766666666,0.77563148,99.84416166666666
2011-11-01,2011-11,November,Mullaitivu,Northern,2.0,25842.0,LK44,85.0,0.7699709666666666,0.7649793100000001,100.61271800000002
2011-11-01,2011-11,November,Nuwara Eliya,Central,2.0,41749.0,LK23,58.0,0.78923218,0.7932364766666667,99.52445133333333
2011-11-01,2011-11,November,Polonnaruwa,North Central,2.0,25836.0,LK72,116.0,0.7333563266666667,0.7374111633333333,99.484515
2011-11-01,2011-11,November,Puttalam,North Western,2.0,25838.0,LK62,107.0,0.73318315,0.7389796133333334,99.25338666666666
2011-11-01,2011-11,November,Ratnapura,Sabaragamuwa,2.0,25845.0,LK91,108.0,0.8074768266666666,0.8127910133333334,99.38365333333333
2011-11-01,2011-11,November,Trincomalee,Eastern,2.0,25834.0,LK53,83.0,0.74251162,0.7405627566666667,100.24267300000001
2011-11-01,2011-11,November,Vavuniya,Northern,2.0,25843.0,LK43,65.0,0.7944071666666667,0.7915826566666667,100.33618133333334
2011-12-01,2011-12,December,Ampara,Eastern,2.0,25832.0,LK52,147.0,0.7745328499999999,0.7766607333333333,99.74421666666666
2011-12-01,2011-12,December,Anuradhapura,North Central,2.0,25835.0,LK71,235.0,0.7878788566666667,0.7848832833333333,100.35737333333333
2011-12-01,2011-12,December,Badulla,Uva,2.0,25849.0,LK81,94.0,0.7865705533333333,0.7869486866666667,99.95664533333333
2011-12-01,2011-12,December,Batticaloa,Eastern,2.0,25833.0,LK51,82.0,0.7276304733333333,0.7287191533333334,99.859638
2011-12-01,2011-12,December,Colombo,Western,2.0,25851.0,LK11,23.0,0.69181881,0.6931179466666667,99.82447666666667
2011-12-01,2011-12,December,Galle,Southern,2.0,25846.0,LK31,54.0,0.8076968999999999,0.8138152533333334,99.29175666666667
2011-12-01,2011-12,December,Gampaha,Western,2.0,25852.0,LK12,47.0,0.7591751466666666,0.7628569066666667,99.54691833333334
2011-12-01,2011-12,December,Hambantota,Southern,2.0,25847.0,LK33,85.0,0.76437094,0.7700227133333333,99.31243166666667
2011-12-01,2011-12,December,Jaffna,Northern,2.0,25839.0,LK41,31.0,0.6323311333333334,0.6252972966666667,101.04183
2011-12-01,2011-12,December,Kalutara,Western,2.0,25853.0,LK13,52.0,0.7912070333333334,0.7963954366666667,99.38686666666666
2011-12-01,2011-12,December,Kandy,Central,2.0,41748.0,LK21,60.0,0.8018794333333333,0.8061117200000001,99.50562666666667
2011-12-01,2011-12,December,Kegalle,Sabaragamuwa,2.0,25844.0,LK92,55.0,0.81913817,0.8268434299999999,99.12128866666667
2011-12-01,2011-12,December,Kilinochchi,Northern,2.0,25840.0,LK45,41.0,0.7064390133333333,0.6934801566666667,101.74102866666665
2011-12-01,2011-12,December,Kurunegala,North Western,2.0,25837.0,LK61,158.0,0.7998809866666666,0.8019920066666666,99.75206833333334
2011-12-01,2011-12,December,Mannar,Northern,2.0,25841.0,LK42,65.0,0.7552528166666667,0.7516517333333333,100.44826333333333
2011-12-01,2011-12,December,Matale,Central,2.0,25830.0,LK22,67.0,0.8086721433333333,0.8089373566666667,99.968712
2011-12-01,2011-12,December,Matara,Southern,2.0,25848.0,LK32,39.0,0.81701195,0.8252643266666667,99.05728166666667
2011-12-01,2011-12,December,Monaragala,Uva,2.0,25850.0,LK82,186.0,0.8006165,0.8032846,99.68769833333333
2011-12-01,2011-12,December,Mullaitivu,Northern,2.0,25842.0,LK44,85.0,0.78370624,0.7785315666666667,100.62454866666667
2011-12-01,2011-12,December,Nuwara Eliya,Central,2.0,41749.0,LK23,58.0,0.7938373333333333,0.7976402033333333,99.55120666666666
2011-12-01,2011-12,December,Polonnaruwa,North Central,2.0,25836.0,LK72,116.0,0.7541752599999999,0.7602516,99.25045
2011-12-01,2011-12,December,Puttalam,North Western,2.0,25838.0,LK62,107.0,0.7673339666666666,0.7589746666666667,101.03314233333333
2011-12-01,2011-12,December,Ratnapura,Sabaragamuwa,2.0,25845.0,LK91,108.0,0.8147582999999999,0.81920739,99.48814333333333
2011-12-01,2011-12,December,Trincomalee,Eastern,2.0,25834.0,LK53,83.0,0.7747955699999999,0.76396468,101.32974
2011-12-01,2011-12,December,Vavuniya,Northern,2.0,25843.0,LK43,65.0,0.8077651,0.8042701600000001,100.40897
2012-01-01,2012-01,January,Ampara,Eastern,2.0,25832.0,LK52,147.0,0.7771578,0.7833097133333333,99.26041466666668
2012-01-01,2012-01,January,Anuradhapura,North Central,2.0,25835.0,LK71,235.0,0.7982015499999999,0.7924991,100.67584233333334
2012-01-01,2012-01,January,Badulla,Uva,2.0,25849.0,LK81,94.0,0.7812857966666668,0.7926376866666667,98.65252200000002
2012-01-01,2012-01,January,Batticaloa,Eastern,2.0,25833.0,LK51,82.0,0.7193971333333332,0.7211823599999999,99.76428333333335
2012-01-01,2012-01,January,Colombo,Western,2.0,25851.0,LK11,23.0,0.6639043466666666,0.6720614033333333,98.86745166666667
2012-01-01,2012-01,January,Galle,Southern,2.0,25846.0,LK31,54.0,0.7938481333333334,0.8078158633333333,98.37069333333334
2012-01-01,2012-01,January,Gampaha,Western,2.0,25852.0,LK12,47.0,0.7283311666666666,0.7362003333333332,98.99638666666665
2012-01-01,2012-01,January,Hambantota,Southern,2.0,25847.0,LK33,85.0,0.7707858666666666,0.77555122,99.42432000000001
2012-01-01,2012-01,January,Jaffna,Northern,2.0,25839.0,LK41,31.0,0.60374085,0.6014972866666667,100.33832
2012-01-01,2012-01,January,Kalutara,Western,2.0,25853.0,LK13,52.0,0.7749653666666667,0.7819341033333332,99.16204166666667
2012-01-01,2012-01,January,Kandy,Central,2.0,41748.0,LK21,60.0,0.7905577566666667,0.7984849533333334,99.064905
2012-01-01,2012-01,January,Kegalle,Sabaragamuwa,2.0,25844.0,LK92,55.0,0.8020072533333332,0.8109299999999999,98.96268866666666
2012-01-01,2012-01,January,Kilinochchi,Northern,2.0,25840.0,LK45,41.0,0.6923496,0.6806254666666667,101.59527666666668
2012-01-01,2012-01,January,Kurunegala,North Western,2.0,25837.0,LK61,158.0,0.7807390166666667,0.7805691266666667,100.01937
2012-01-01,2012-01,January,Mannar,Northern,2.0,25841.0,LK42,65.0,0.7643415133333334,0.7527504566666666,101.44466666666666
2012-01-01,2012-01,January,Matale,Central,2.0,25830.0,LK22,67.0,0.8151208666666667,0.8147227899999999,100.04599333333333
2012-01-01,2012-01,January,Matara,Southern,2.0,25848.0,LK32,39.0,0.8061734833333333,0.8164981633333334,98.80848433333334
2012-01-01,2012-01,January,Monaragala,Uva,2.0,25850.0,LK82,186.0,0.7953211466666668,0.8022891,99.18142333333333
2012-01-01,2012-01,January,Mullaitivu,Northern,2.0,25842.0,LK44,85.0,0.7740646833333332,0.7719806333333333,100.25182666666666
2012-01-01,2012-01,January,Nuwara Eliya,Central,2.0,41749.0,LK23,58.0,0.7772580433333333,0.7875915333333333,98.76528366666666
2012-01-01,2012-01,January,Polonnaruwa,North Central,2.0,25836.0,LK72,116.0,0.7823330133333334,0.7867867866666667,99.46722
2012-01-01,2012-01,January,Puttalam,North Western,2.0,25838.0,LK62,107.0,0.75125888,0.7442575466666667,100.87927666666667
2012-01-01,2012-01,January,Ratnapura,Sabaragamuwa,2.0,25845.0,LK91,108.0,0.8043111000000001,0.8121014333333333,99.09582333333333
2012-01-01,2012-01,January,Trincomalee,Eastern,2.0,25834.0,LK53,83.0,0.7700405166666666,0.76624178,100.46188666666667
2012-01-01,2012-01,January,Vavuniya,Northern,2.0,25843.0,LK43,65.0,0.8009963866666667,0.7948951333333333,100.720715
2012-02-01,2012-02,February,Ampara,Eastern,2.0,25832.0,LK52,147.0,0.7308203866666667,0.7432987,98.422795
2012-02-01,2012-02,February,Anuradhapura,North Central,2.0,25835.0,LK71,235.0,0.7545267933333334,0.75761819,99.61246999999999
2012-02-01,2012-02,February,Badulla,Uva,2.0,25849.0,LK81,94.0,0.76617765,0.7792860999999999,98.41956499999999
2012-02-01,2012-02,February,Batticaloa,Eastern,2.0,25833.0,LK51,82.0,0.6570874,0.6692407333333333,98.30151833333333
2012-02-01,2012-02,February,Colombo,Western,2.0,25851.0,LK11,23.0,0.64239421,0.6544099333333334,98.29410333333334
2012-02-01,2012-02,February,Galle,Southern,2.0,25846.0,LK31,54.0,0.7771944199999999,0.7933937333333333,98.07962000000002
2012-02-01,2012-02,February,Gampaha,Western,2.0,25852.0,LK12,47.0,0.6947290633333333,0.7034402433333332,98.84460533333333
2012-02-01,2012-02,February,Hambantota,Southern,2.0,25847.0,LK33,85.0,0.7611407666666666,0.7486602666666666,101.56893133333334
2012-02-01,2012-02,February,Jaffna,Northern,2.0,25839.0,LK41,31.0,0.5389709666666667,0.5498484466666667,98.16930166666667
2012-02-01,2012-02,February,Kalutara,Western,2.0,25853.0,LK13,52.0,0.7620160133333332,0.7683292866666666,99.22854
2012-02-01,2012-02,February,Kandy,Central,2.0,41748.0,LK21,60.0,0.77172441,0.7830002333333334,98.64628333333333
2012-02-01,2012-02,February,Kegalle,Sabaragamuwa,2.0,25844.0,LK92,55.0,0.7843247999999999,0.7953982866666666,98.690118
2012-02-01,2012-02,February,Kilinochchi,Northern,2.0,25840.0,LK45,41.0,0.6105007966666667,0.62443539,97.90682333333332
2012-02-01,2012-02,February,Kurunegala,North Western,2.0,25837.0,LK61,158.0,0.7236683533333332,0.7190770733333333,100.60680066666667
2012-02-01,2012-02,February,Mannar,Northern,2.0,25841.0,LK42,65.0,0.73869488,0.7307267533333333,101.01596366666666
2012-02-01,2012-02,February,Matale,Central,2.0,25830.0,LK22,67.0,0.8008492500000001,0.7999620333333333,100.104512
2012-02-01,2012-02,February,Matara,Southern,2.0,25848.0,LK32,39.0,0.7881769166666667,0.7943172133333333,99.274085
2012-02-01,2012-02,February,Monaragala,Uva,2.0,25850.0,LK82,186.0,0.7699202333333334,0.7800976533333334,98.77391333333333
2012-02-01,2012-02,February,Mullaitivu,Northern,2.0,25842.0,LK44,85.0,0.7388235166666667,0.7505555999999999,98.530288
2012-02-01,2012-02,February,Nuwara Eliya,Central,2.0,41749.0,LK23,58.0,0.7606654866666668,0.7738566566666667,98.39883333333334
2012-02-01,2012-02,February,Polonnaruwa,North Central,2.0,25836.0,LK72,116.0,0.77457038,0.7762176233333333,99.80097833333333
2012-02-01,2012-02,February,Puttalam,North Western,2.0,25838.0,LK62,107.0,0.7093211766666666,0.7083814966666667,100.12268666666667
2012-02-01,2012-02,February,Ratnapura,Sabaragamuwa,2.0,25845.0,LK91,108.0,0.7914647933333333,0.8001612833333334,98.97725200000001
2012-02-01,2012-02,February,Trincomalee,Eastern,2.0,25834.0,LK53,83.0,0.7194931499999999,0.73724276,97.73655466666668
2012-02-01,2012-02,February,Vavuniya,Northern,2.0,25843.0,LK43,65.0,0.7599532833333335,0.7669161,99.14209
2012-03-01,2012-03,March,Ampara,Eastern,2.0,25832.0,LK52,147.0,0.6806596066666666,0.6993939033333333,97.49781
2012-03-01,2012-03,March,Anuradhapura,North Central,2.0,25835.0,LK71,235.0,0.7020378666666667,0.7122368166666666,98.66131833333333
2012-03-01,2012-03,March,Badulla,Uva,2.0,25849.0,LK81,94.0,0.74792411,0.7597539233333334,98.53935133333334
2012-03-01,2012-03,March,Batticaloa,Eastern,2.0,25833.0,LK51,82.0,0.60265283,0.6270425733333332,96.39025333333332
2012-03-01,2012-03,March,Colombo,Western,2.0,25851.0,LK11,23.0,0.64454926,0.6577345133333333,98.13740466666667
2012-03-01,2012-03,March,Galle,Southern,2.0,25846.0,LK31,54.0,0.7736567666666666,0.7874191600000001,98.35654
2012-03-01,2012-03,March,Gampaha,Western,2.0,25852.0,LK12,47.0,0.69449715,0.6998973133333334,99.27951333333333
2012-03-01,2012-03,March,Hambantota,Southern,2.0,25847.0,LK33,85.0,0.7237991999999999,0.7118593333333333,101.56340999999999
2012-03-01,2012-03,March,Jaffna,Northern,2.0,25839.0,LK41,31.0,0.48754838333333333,0.5109923333333334,95.81595466666666
2012-03-01,2012-03,March,Kalutara,Western,2.0,25853.0,LK13,52.0,0.7625615033333334,0.77279975,98.75645133333335
2012-03-01,2012-03,March,Kandy,Central,2.0,41748.0,LK21,60.0,0.7622138666666666,0.7727419133333333,98.720463
2012-03-01,2012-03,March,Kegalle,Sabaragamuwa,2.0,25844.0,LK92,55.0,0.7875981900000001,0.7990706866666667,98.64887333333333
2012-03-01,2012-03,March,Kilinochchi,Northern,2.0,25840.0,LK45,41.0,0.5485170566666667,0.58135265,94.79427
2012-03-01,2012-03,March,Kurunegala,North Western,2.0,25837.0,LK61,158.0,0.70236073,0.6883870466666666,101.89255333333334
2012-03-01,2012-03,March,Mannar,Northern,2.0,25841.0,LK42,65.0,0.6972251133333334,0.7011477333333334,99.47555
2012-03-01,2012-03,March,Matale,Central,2.0,25830.0,LK22,67.0,0.77151092,0.7756171233333333,99.50082666666667
2012-03-01,2012-03,March,Matara,Southern,2.0,25848.0,LK32,39.0,0.7814563833333333,0.7825581666666667,99.86778133333333
2012-03-01,2012-03,March,Monaragala,Uva,2.0,25850.0,LK82,186.0,0.7542684666666667,0.7631427466666666,98.90887966666666
2012-03-01,2012-03,March,Mullaitivu,Northern,2.0,25842.0,LK44,85.0,0.7085944766666668,0.7284733299999999,97.446705
2012-03-01,2012-03,March,Nuwara Eliya,Central,2.0,41749.0,LK23,58.0,0.7565741133333334,0.76845832,98.547958
2012-03-01,2012-03,March,Polonnaruwa,North Central,2.0,25836.0,LK72,116.0,0.7177074299999999,0.7271072466666667,98.78264999999999
2012-03-01,2012-03,March,Puttalam,North Western,2.0,25838.0,LK62,107.0,0.6882688,0.6856575333333333,100.35552133333334
2012-03-01,2012-03,March,Ratnapura,Sabaragamuwa,2.0,25845.0,LK91,108.0,0.7891793066666667,0.7967155966666667,99.10993
2012-03-01,2012-03,March,Trincomalee,Eastern,2.0,25834.0,LK53,83.0,0.6711690333333333,0.6988553533333333,96.30318333333334
2012-03-01,2012-03,March,Vavuniya,Northern,2.0,25843.0,LK43,65.0,0.7227384433333333,0.7414863666666666,97.630558
2012-04-01,2012-04,April,Ampara,Eastern,2.0,25832.0,LK52,147.0,0.6606974800000001,0.6831142633333332,96.94257
2012-04-01,2012-04,April,Anuradhapura,North Central,2.0,25835.0,LK71,235.0,0.7061333333333334,0.71229456,99.19115133333332
2012-04-01,2012-04,April,Badulla,Uva,2.0,25849.0,LK81,94.0,0.7431028333333334,0.7551976666666667,98.49812333333334
2012-04-01,2012-04,April,Batticaloa,Eastern,2.0,25833.0,LK51,82.0,0.5721674533333333,0.60768549,94.59872333333334
2012-04-01,2012-04,April,Colombo,Western,2.0,25851.0,LK11,23.0,0.6620623066666667,0.6772539700000001,97.91124666666667
2012-04-01,2012-04,April,Galle,Southern,2.0,25846.0,LK31,54.0,0.77988332,0.79412357,98.31333666666667
2012-04-01,2012-04,April,Gampaha,Western,2.0,25852.0,LK12,47.0,0.715195,0.7242393766666666,98.83520933333334
2012-04-01,2012-04,April,Hambantota,Southern,2.0,25847.0,LK33,85.0,0.6943332999999999,0.7008370866666667,99.13584666666667
2012-04-01,2012-04,April,Jaffna,Northern,2.0,25839.0,LK41,31.0,0.4745311833333334,0.49807874333333335,95.703712
2012-04-01,2012-04,April,Kalutara,Western,2.0,25853.0,LK13,52.0,0.7744358733333333,0.7875598333333333,98.43316333333333
2012-04-01,2012-04,April,Kandy,Central,2.0,41748.0,LK21,60.0,0.7681788833333334,0.7766860666666666,98.97097666666667
2012-04-01,2012-04,April,Kegalle,Sabaragamuwa,2.0,25844.0,LK92,55.0,0.8031393433333333,0.8171027799999999,98.39049999999999
2012-04-01,2012-04,April,Kilinochchi,Northern,2.0,25840.0,LK45,41.0,0.5326536466666667,0.5641594166666667,94.870685
2012-04-01,2012-04,April,Kurunegala,North Western,2.0,25837.0,LK61,158.0,0.7306130333333334,0.7250464233333332,100.73215466666666
2012-04-01,2012-04,April,Mannar,Northern,2.0,25841.0,LK42,65.0,0.6739148733333332,0.6830917666666667,98.74733533333334
2012-04-01,2012-04,April,Matale,Central,2.0,25830.0,LK22,67.0,0.7592377933333333,0.76829087,98.89393666666668
2012-04-01,2012-04,April,Matara,Southern,2.0,25848.0,LK32,39.0,0.7854991466666666,0.78895477,99.58903199999999
2012-04-01,2012-04,April,Monaragala,Uva,2.0,25850.0,LK82,186.0,0.7511064333333334,0.7644638666666667,98.360975
2012-04-01,2012-04,April,Mullaitivu,Northern,2.0,25842.0,LK44,85.0,0.7015270366666666,0.714852,98.25838466666666
2012-04-01,2012-04,April,Nuwara Eliya,Central,2.0,41749.0,LK23,58.0,0.7623976866666666,0.7739699466666666,98.59588133333334
2012-04-01,2012-04,April,Polonnaruwa,North Central,2.0,25836.0,LK72,116.0,0.6797013999999999,0.69618518,97.79023666666667
2012-04-01,2012-04,April,Puttalam,North Western,2.0,25838.0,LK62,107.0,0.7001018633333334,0.6956772999999999,100.59459133333333
2012-04-01,2012-04,April,Ratnapura,Sabaragamuwa,2.0,25845.0,LK91,108.0,0.7925882666666667,0.8041900966666665,98.64268
2012-04-01,2012-04,April,Trincomalee,Eastern,2.0,25834.0,LK53,83.0,0.6578887333333333,0.6763330233333334,97.46181666666666
2012-04-01,2012-04,April,Vavuniya,Northern,2.0,25843.0,LK43,65.0,0.7222076466666666,0.7370928533333334,98.108466
2012-05-01,2012-05,May,Ampara,Eastern,2.0,25832.0,LK52,147.0,0.6562754666666667,0.6942442600000001,94.90228166666667
2012-05-01,2012-05,May,Anuradhapura,North Central,2.0,25835.0,LK71,235.0,0.6953368433333332,0.72566436,96.08553333333333
2012-05-01,2012-05,May,Badulla,Uva,2.0,25849.0,LK81,94.0,0.7295549266666667,0.7554970333333334,96.77788199999999
2012-05-01,2012-05,May,Batticaloa,Eastern,2.0,25833.0,LK51,82.0,0.5568581033333333,0.6097193333333334,91.98856533333333
2012-05-01,2012-05,May,Colombo,Western,2.0,25851.0,LK11,23.0,0.6822202666666666,0.6955265166666668,98.21403866666667
2012-05-01,2012-05,May,Galle,Southern,2.0,25846.0,LK31,54.0,0.7824191300000001,0.8004023433333334,97.88535866666666
2012-05-01,2012-05,May,Gampaha,Western,2.0,25852.0,LK12,47.0,0.7299361566666667,0.74915808,97.59625
2012-05-01,2012-05,May,Hambantota,Southern,2.0,25847.0,LK33,85.0,0.6765239233333333,0.7062601000000001,96.06825266666665
2012-05-01,2012-05,May,Jaffna,Northern,2.0,25839.0,LK41,31.0,0.4679107466666667,0.49670642333333337,94.73006133333332
2012-05-01,2012-05,May,Kalutara,Western,2.0,25853.0,LK13,52.0,0.78336215,0.7966547366666666,98.429845
2012-05-01,2012-05,May,Kandy,Central,2.0,41748.0,LK21,60.0,0.7680966433333333,0.7845254766666666,98.03218666666668
2012-05-01,2012-05,May,Kegalle,Sabaragamuwa,2.0,25844.0,LK92,55.0,0.8120818,0.8317203266666667,97.77322199999999
2012-05-01,2012-05,May,Kilinochchi,Northern,2.0,25840.0,LK45,41.0,0.5293544666666666,0.5603386866666668,94.92298666666666
2012-05-01,2012-05,May,Kurunegala,North Western,2.0,25837.0,LK61,158.0,0.7505379533333333,0.7688743966666666,97.76856333333335
2012-05-01,2012-05,May,Mannar,Northern,2.0,25841.0,LK42,65.0,0.6489881966666666,0.67330281,96.63295166666666
2012-05-01,2012-05,May,Matale,Central,2.0,25830.0,LK22,67.0,0.7477671533333333,0.7697553166666666,97.31659333333334
2012-05-01,2012-05,May,Matara,Southern,2.0,25848.0,LK32,39.0,0.7915692466666666,0.8025984233333333,98.70722833333333
2012-05-01,2012-05,May,Monaragala,Uva,2.0,25850.0,LK82,186.0,0.72747562,0.7616334866666667,95.78717999999999
2012-05-01,2012-05,May,Mullaitivu,Northern,2.0,25842.0,LK44,85.0,0.6909086233333334,0.70917131,97.592852
2012-05-01,2012-05,May,Nuwara Eliya,Central,2.0,41749.0,LK23,58.0,0.7578390666666667,0.7783765833333334,97.52074966666667
2012-05-01,2012-05,May,Polonnaruwa,North Central,2.0,25836.0,LK72,116.0,0.6588678166666667,0.6925152333333333,95.467798
2012-05-01,2012-05,May,Puttalam,North Western,2.0,25838.0,LK62,107.0,0.6997380166666667,0.7109920000000001,98.522948
2012-05-01,2012-05,May,Ratnapura,Sabaragamuwa,2.0,25845.0,LK91,108.0,0.7891024533333333,0.8096791900000001,97.60654799999999
2012-05-01,2012-05,May,Trincomalee,Eastern,2.0,25834.0,LK53,83.0,0.6482566099999999,0.6749312466666666,96.32048666666667
2012-05-01,2012-05,May,Vavuniya,Northern,2.0,25843.0,LK43,65.0,0.70763897,0.73722455,96.23620666666666
2012-06-01,2012-06,June,Ampara,Eastern,2.0,25832.0,LK52,147.0,0.6462827466666666,0.69607917,93.32582000000001
2012-06-01,2012-06,June,Anuradhapura,North Central,2.0,25835.0,LK71,235.0,0.63849985,0.6999913666666666,91.79930166666668
2012-06-01,2012-06,June,Badulla,Uva,2.0,25849.0,LK81,94.0,0.7015446666666666,0.7429939533333334,94.77240866666666
2012-06-01,2012-06,June,Batticaloa,Eastern,2.0,25833.0,LK51,82.0,0.5268162333333334,0.5971564333333333,89.12826199999999
2012-06-01,2012-06,June,Colombo,Western,2.0,25851.0,LK11,23.0,0.69736374,0.7040921833333332,99.10761866666667
2012-06-01,2012-06,June,Galle,Southern,2.0,25846.0,LK31,54.0,0.78803702,0.8009732366666666,98.480038
2012-06-01,2012-06,June,Gampaha,Western,2.0,25852.0,LK12,47.0,0.7412283333333334,0.7584368933333333,97.87147666666665
2012-06-01,2012-06,June,Hambantota,Southern,2.0,25847.0,LK33,85.0,0.6711694066666668,0.6984099533333333,96.36433333333332
2012-06-01,2012-06,June,Jaffna,Northern,2.0,25839.0,LK41,31.0,0.42837311333333333,0.48190153666666663,89.92392666666666
2012-06-01,2012-06,June,Kalutara,Western,2.0,25853.0,LK13,52.0,0.7938282066666668,0.7987041333333332,99.42563
2012-06-01,2012-06,June,Kandy,Central,2.0,41748.0,LK21,60.0,0.7605066666666667,0.7865019333333333,96.89239200000002
2012-06-01,2012-06,June,Kegalle,Sabaragamuwa,2.0,25844.0,LK92,55.0,0.8192575633333333,0.8373326266666666,97.96293366666667
2012-06-01,2012-06,June,Kilinochchi,Northern,2.0,25840.0,LK45,41.0,0.5141300666666667,0.5513656466666667,93.80649666666666
2012-06-01,2012-06,June,Kurunegala,North Western,2.0,25837.0,LK61,158.0,0.7436689933333334,0.7748695666666666,96.21768999999999
2012-06-01,2012-06,June,Mannar,Northern,2.0,25841.0,LK42,65.0,0.6045794566666667,0.6502179333333333,93.476255
2012-06-01,2012-06,June,Matale,Central,2.0,25830.0,LK22,67.0,0.7264880466666667,0.7593344433333332,95.9422
2012-06-01,2012-06,June,Matara,Southern,2.0,25848.0,LK32,39.0,0.8004580766666667,0.8112293133333334,98.74917699999999
2012-06-01,2012-06,June,Monaragala,Uva,2.0,25850.0,LK82,186.0,0.6859705766666666,0.7310031866666667,94.23586266666666
2012-06-01,2012-06,June,Mullaitivu,Northern,2.0,25842.0,LK44,85.0,0.66031922,0.6991408666666666,94.81476666666667
2012-06-01,2012-06,June,Nuwara Eliya,Central,2.0,41749.0,LK23,58.0,0.7460166433333333,0.7738468,96.62196
2012-06-01,2012-06,June,Polonnaruwa,North Central,2.0,25836.0,LK72,116.0,0.6481485333333333,0.6941723433333333,93.81511866666666
2012-06-01,2012-06,June,Puttalam,North Western,2.0,25838.0,LK62,107.0,0.6593591733333334,0.7017504666666667,94.35201466666666
2012-06-01,2012-06,June,Ratnapura,Sabaragamuwa,2.0,25845.0,LK91,108.0,0.7884876200000001,0.8067291666666666,97.87147133333333
2012-06-01,2012-06,June,Trincomalee,Eastern,2.0,25834.0,LK53,83.0,0.6154598433333333,0.6693011666666666,92.51270333333332
2012-06-01,2012-06,June,Vavuniya,Northern,2.0,25843.0,LK43,65.0,0.6489492,0.7127846833333332,91.62159133333334
2012-07-01,2012-07,July,Ampara,Eastern,2.0,25832.0,LK52,147.0,0.62504329,0.66297264,94.688688
2012-07-01,2012-07,July,Anuradhapura,North Central,2.0,25835.0,LK71,235.0,0.6208269366666667,0.66451175,93.89333199999999
2012-07-01,2012-07,July,Badulla,Uva,2.0,25849.0,LK81,94.0,0.6814325866666667,0.7170180433333333,95.36178333333334
2012-07-01,2012-07,July,Batticaloa,Eastern,2.0,25833.0,LK51,82.0,0.49773696666666667,0.5537752966666667,90.73159666666668
2012-07-01,2012-07,July,Colombo,Western,2.0,25851.0,LK11,23.0,0.6966782366666667,0.7042327766666666,98.99838033333333
2012-07-01,2012-07,July,Galle,Southern,2.0,25846.0,LK31,54.0,0.7911796,0.7963837866666666,99.38545333333333
2012-07-01,2012-07,July,Gampaha,Western,2.0,25852.0,LK12,47.0,0.7460623700000001,0.7523134333333333,99.222282
2012-07-01,2012-07,July,Hambantota,Southern,2.0,25847.0,LK33,85.0,0.6553137133333333,0.6664425666666667,98.44771133333332
2012-07-01,2012-07,July,Jaffna,Northern,2.0,25839.0,LK41,31.0,0.4005559066666667,0.46375180666666665,87.69835533333332
2012-07-01,2012-07,July,Kalutara,Western,2.0,25853.0,LK13,52.0,0.7961903666666666,0.7950797433333333,100.13156666666667
2012-07-01,2012-07,July,Kandy,Central,2.0,41748.0,LK21,60.0,0.7605960833333333,0.7818825266666667,97.44163666666667
2012-07-01,2012-07,July,Kegalle,Sabaragamuwa,2.0,25844.0,LK92,55.0,0.8290593766666667,0.8361627166666666,99.19906166666665
2012-07-01,2012-07,July,Kilinochchi,Northern,2.0,25840.0,LK45,41.0,0.49301625666666665,0.5403985833333333,91.971298
2012-07-01,2012-07,July,Kurunegala,North Western,2.0,25837.0,LK61,158.0,0.7141723666666667,0.7443222666666666,96.20313333333333
2012-07-01,2012-07,July,Mannar,Northern,2.0,25841.0,LK42,65.0,0.5715553999999999,0.62472038,92.118225
2012-07-01,2012-07,July,Matale,Central,2.0,25830.0,LK22,67.0,0.7190666433333334,0.7411886500000001,97.20651199999999
2012-07-01,2012-07,July,Matara,Southern,2.0,25848.0,LK32,39.0,0.8021102333333333,0.8077109,99.34722333333333
2012-07-01,2012-07,July,Monaragala,Uva,2.0,25850.0,LK82,186.0,0.65710682,0.6853212933333334,96.170552
2012-07-01,2012-07,July,Mullaitivu,Northern,2.0,25842.0,LK44,85.0,0.6359662533333333,0.6886919566666667,92.861338
2012-07-01,2012-07,July,Nuwara Eliya,Central,2.0,41749.0,LK23,58.0,0.7406459566666667,0.7643455466666667,97.09004800000001
2012-07-01,2012-07,July,Polonnaruwa,North Central,2.0,25836.0,LK72,116.0,0.66237527,0.6896422566666667,96.31535466666666
2012-07-01,2012-07,July,Puttalam,North Western,2.0,25838.0,LK62,107.0,0.607876,0.6679628466666667,91.62492666666667
2012-07-01,2012-07,July,Ratnapura,Sabaragamuwa,2.0,25845.0,LK91,108.0,0.7848666466666666,0.7948234166666667,98.82206833333333
2012-07-01,2012-07,July,Trincomalee,Eastern,2.0,25834.0,LK53,83.0,0.6043457633333333,0.6580614966666667,92.41390666666666
2012-07-01,2012-07,July,Vavuniya,Northern,2.0,25843.0,LK43,65.0,0.6149128,0.68687702,90.23313166666667
2012-08-01,2012-08,August,Ampara,Eastern,2.0,25832.0,LK52,147.0,0.59974104,0.6297521233333333,95.58526
2012-08-01,2012-08,August,Anuradhapura,North Central,2.0,25835.0,LK71,235.0,0.5977777266666667,0.6509886466666667,92.40838166666667
2012-08-01,2012-08,August,Badulla,Uva,2.0,25849.0,LK81,94.0,0.6617712633333334,0.7010389,94.77056666666665
2012-08-01,2012-08,August,Batticaloa,Eastern,2.0,25833.0,LK51,82.0,0.4818926666666667,0.5290863866666666,91.850355
2012-08-01,2012-08,August,Colombo,Western,2.0,25851.0,LK11,23.0,0.6920710033333334,0.6977320533333332,99.24307833333334
2012-08-01,2012-08,August,Galle,Southern,2.0,25846.0,LK31,54.0,0.7951512133333333,0.79401784,100.13428133333332
2012-08-01,2012-08,August,Gampaha,Western,2.0,25852.0,LK12,47.0,0.7405148833333334,0.7410126333333333,99.93728666666668
2012-08-01,2012-08,August,Hambantota,Southern,2.0,25847.0,LK33,85.0,0.63064745,0.6358906333333333,99.23971833333333
2012-08-01,2012-08,August,Jaffna,Northern,2.0,25839.0,LK41,31.0,0.40128706999999997,0.46041914,88.41116166666666
2012-08-01,2012-08,August,Kalutara,Western,2.0,25853.0,LK13,52.0,0.79174037,0.7902804933333334,100.17372666666667
2012-08-01,2012-08,August,Kandy,Central,2.0,41748.0,LK21,60.0,0.7574883,0.7761413999999999,97.74211500000001
2012-08-01,2012-08,August,Kegalle,Sabaragamuwa,2.0,25844.0,LK92,55.0,0.8320606,0.83049366,100.17822000000001
2012-08-01,2012-08,August,Kilinochchi,Northern,2.0,25840.0,LK45,41.0,0.4686008,0.5262446000000001,89.99408
2012-08-01,2012-08,August,Kurunegala,North Western,2.0,25837.0,LK61,158.0,0.6674191966666667,0.7056622866666666,94.93464466666666
2012-08-01,2012-08,August,Mannar,Northern,2.0,25841.0,LK42,65.0,0.5536491833333334,0.6115338466666667,91.24968333333334
2012-08-01,2012-08,August,Matale,Central,2.0,25830.0,LK22,67.0,0.7057049666666666,0.72781648,97.15626866666666
2012-08-01,2012-08,August,Matara,Southern,2.0,25848.0,LK32,39.0,0.7993025500000001,0.7997613100000001,99.946552
2012-08-01,2012-08,August,Monaragala,Uva,2.0,25850.0,LK82,186.0,0.6402542833333333,0.6643590033333333,96.62544000000001
2012-08-01,2012-08,August,Mullaitivu,Northern,2.0,25842.0,LK44,85.0,0.6251392,0.6894681,91.30139333333334
2012-08-01,2012-08,August,Nuwara Eliya,Central,2.0,41749.0,LK23,58.0,0.7398304333333333,0.7604915800000001,97.45079333333332
2012-08-01,2012-08,August,Polonnaruwa,North Central,2.0,25836.0,LK72,116.0,0.6416316166666667,0.6756234133333333,95.304818
2012-08-01,2012-08,August,Puttalam,North Western,2.0,25838.0,LK62,107.0,0.5692953166666667,0.6345897133333334,90.46089
2012-08-01,2012-08,August,Ratnapura,Sabaragamuwa,2.0,25845.0,LK91,108.0,0.7776379333333333,0.7835099900000001,99.29592333333333
2012-08-01,2012-08,August,Trincomalee,Eastern,2.0,25834.0,LK53,83.0,0.5959172766666666,0.6609511433333334,90.85487666666666
2012-08-01,2012-08,August,Vavuniya,Northern,2.0,25843.0,LK43,65.0,0.6030333166666666,0.6878702466666667,88.50644199999999
2012-09-01,2012-09,September,Ampara,Eastern,2.0,25832.0,LK52,147.0,0.6074394333333334,0.6329594333333334,96.25886666666666
2012-09-01,2012-09,September,Anuradhapura,North Central,2.0,25835.0,LK71,235.0,0.5738456533333333,0.6619698366666666,87.62557666666667
2012-09-01,2012-09,September,Badulla,Uva,2.0,25849.0,LK81,94.0,0.65925637,0.7060127666666668,93.814615
2012-09-01,2012-09,September,Batticaloa,Eastern,2.0,25833.0,LK51,82.0,0.4960422666666667,0.5397494566666667,92.58198833333334
2012-09-01,2012-09,September,Colombo,Western,2.0,25851.0,LK11,23.0,0.6890101566666668,0.6961392833333333,99.04467
2012-09-01,2012-09,September,Galle,Southern,2.0,25846.0,LK31,54.0,0.8002073799999999,0.7968295466666667,100.39904166666668
2012-09-01,2012-09,September,Gampaha,Western,2.0,25852.0,LK12,47.0,0.7361858,0.7382961266666667,99.732434
2012-09-01,2012-09,September,Hambantota,Southern,2.0,25847.0,LK33,85.0,0.6379650633333332,0.63163102,100.92742833333334
2012-09-01,2012-09,September,Jaffna,Northern,2.0,25839.0,LK41,31.0,0.4464935466666667,0.4845341333333333,92.85169833333333
2012-09-01,2012-09,September,Kalutara,Western,2.0,25853.0,LK13,52.0,0.7892999866666667,0.79020558,99.89235366666666
2012-09-01,2012-09,September,Kandy,Central,2.0,41748.0,LK21,60.0,0.75610944,0.77577225,97.61884533333334
2012-09-01,2012-09,September,Kegalle,Sabaragamuwa,2.0,25844.0,LK92,55.0,0.82792543,0.82574345,100.24905133333334
2012-09-01,2012-09,September,Kilinochchi,Northern,2.0,25840.0,LK45,41.0,0.4732780466666667,0.52585062,90.862588
2012-09-01,2012-09,September,Kurunegala,North Western,2.0,25837.0,LK61,158.0,0.6513160133333334,0.7007411133333333,93.41748
2012-09-01,2012-09,September,Mannar,Northern,2.0,25841.0,LK42,65.0,0.5747712833333334,0.62242828,92.89810133333333
2012-09-01,2012-09,September,Matale,Central,2.0,25830.0,LK22,67.0,0.6935626433333333,0.73437527,94.79926499999999
2012-09-01,2012-09,September,Matara,Southern,2.0,25848.0,LK32,39.0,0.80261622,0.7964650633333333,100.72666533333332
2012-09-01,2012-09,September,Monaragala,Uva,2.0,25850.0,LK82,186.0,0.64778653,0.67865846,95.763395
2012-09-01,2012-09,September,Mullaitivu,Northern,2.0,25842.0,LK44,85.0,0.6466396233333334,0.7039018433333334,92.39699666666667
2012-09-01,2012-09,September,Nuwara Eliya,Central,2.0,41749.0,LK23,58.0,0.7491114633333332,0.7645634333333334,98.10235166666666
2012-09-01,2012-09,September,Polonnaruwa,North Central,2.0,25836.0,LK72,116.0,0.5981066,0.66211692,91.01139666666666
2012-09-01,2012-09,September,Puttalam,North Western,2.0,25838.0,LK62,107.0,0.5771775466666668,0.6389632333333334,91.02460466666666
2012-09-01,2012-09,September,Ratnapura,Sabaragamuwa,2.0,25845.0,LK91,108.0,0.7793839166666666,0.7821766166666667,99.66442
2012-09-01,2012-09,September,Trincomalee,Eastern,2.0,25834.0,LK53,83.0,0.6077590166666668,0.67273578,91.00218466666666
2012-09-01,2012-09,September,Vavuniya,Northern,2.0,25843.0,LK43,65.0,0.6211712866666667,0.7114957333333334,88.12786999999999
2012-10-01,2012-10,October,Ampara,Eastern,2.0,25832.0,LK52,147.0,0.66635712,0.6726984566666667,99.10478333333333
2012-10-01,2012-10,October,Anuradhapura,North Central,2.0,25835.0,LK71,235.0,0.6371412799999999,0.7050825566666666,90.96266000000001
2012-10-01,2012-10,October,Badulla,Uva,2.0,25849.0,LK81,94.0,0.7081787199999999,0.73642772,96.39206300000001
2012-10-01,2012-10,October,Batticaloa,Eastern,2.0,25833.0,LK51,82.0,0.5657280333333333,0.58577872,96.79843
2012-10-01,2012-10,October,Colombo,Western,2.0,25851.0,LK11,23.0,0.68613186,0.6993316900000001,98.23863
2012-10-01,2012-10,October,Galle,Southern,2.0,25846.0,LK31,54.0,0.8022660333333334,0.80463834,99.72294
2012-10-01,2012-10,October,Gampaha,Western,2.0,25852.0,LK12,47.0,0.7381368766666666,0.7456929666666667,99.051038
2012-10-01,2012-10,October,Hambantota,Southern,2.0,25847.0,LK33,85.0,0.68743058,0.67526712,101.67210333333333
2012-10-01,2012-10,October,Jaffna,Northern,2.0,25839.0,LK41,31.0,0.5286365599999999,0.53861731,98.26992466666667
2012-10-01,2012-10,October,Kalutara,Western,2.0,25853.0,LK13,52.0,0.7884474333333333,0.7947389133333332,99.25548866666668
2012-10-01,2012-10,October,Kandy,Central,2.0,41748.0,LK21,60.0,0.7744910966666666,0.7867203666666667,98.535985
2012-10-01,2012-10,October,Kegalle,Sabaragamuwa,2.0,25844.0,LK92,55.0,0.8234139333333333,0.8250890333333333,99.80863799999999
2012-10-01,2012-10,October,Kilinochchi,Northern,2.0,25840.0,LK45,41.0,0.54743412,0.5664579066666667,96.85836866666666
2012-10-01,2012-10,October,Kurunegala,North Western,2.0,25837.0,LK61,158.0,0.6921972433333333,0.7316796600000001,94.93624666666666
2012-10-01,2012-10,October,Mannar,Northern,2.0,25841.0,LK42,65.0,0.6589476866666667,0.6693824666666667,98.52200333333333
2012-10-01,2012-10,October,Matale,Central,2.0,25830.0,LK22,67.0,0.7354353066666667,0.7646746466666666,96.39688999999998
2012-10-01,2012-10,October,Matara,Southern,2.0,25848.0,LK32,39.0,0.80931109,0.8024033333333334,100.81053333333334
2012-10-01,2012-10,October,Monaragala,Uva,2.0,25850.0,LK82,186.0,0.7045390533333333,0.7241691666666666,97.447286
2012-10-01,2012-10,October,Mullaitivu,Northern,2.0,25842.0,LK44,85.0,0.7053058666666666,0.7338299833333334,96.34915333333333
2012-10-01,2012-10,October,Nuwara Eliya,Central,2.0,41749.0,LK23,58.0,0.7713948133333334,0.7775780666666666,99.25075399999999
2012-10-01,2012-10,October,Polonnaruwa,North Central,2.0,25836.0,LK72,116.0,0.6540479733333333,0.6956889,94.37504333333334
2012-10-01,2012-10,October,Puttalam,North Western,2.0,25838.0,LK62,107.0,0.6493277333333333,0.6856798166666667,95.03194666666667
2012-10-01,2012-10,October,Ratnapura,Sabaragamuwa,2.0,25845.0,LK91,108.0,0.7942583299999999,0.7957741733333333,99.81991533333333
2012-10-01,2012-10,October,Trincomalee,Eastern,2.0,25834.0,LK53,83.0,0.6786244833333334,0.7037558566666666,96.641933
2012-10-01,2012-10,October,Vavuniya,Northern,2.0,25843.0,LK43,65.0,0.6997200133333333,0.7542895333333334,93.19231333333333
2012-11-01,2012-11,November,Ampara,Eastern,2.0,25832.0,LK52,147.0,0.7346516666666667,0.73024149,100.56605
2012-11-01,2012-11,November,Anuradhapura,North Central,2.0,25835.0,LK71,235.0,0.7314957666666667,0.75418649,97.16170466666667
2012-11-01,2012-11,November,Badulla,Uva,2.0,25849.0,LK81,94.0,0.7660138133333333,0.7692643666666666,99.59992133333333
2012-11-01,2012-11,November,Batticaloa,Eastern,2.0,25833.0,LK51,82.0,0.6768780233333334,0.6684093433333334,101.16317
2012-11-01,2012-11,November,Colombo,Western,2.0,25851.0,LK11,23.0,0.6867637499999999,0.6999362000000001,98.24365666666667
2012-11-01,2012-11,November,Galle,Southern,2.0,25846.0,LK31,54.0,0.8081839366666667,0.8110670066666666,99.66506333333332
2012-11-01,2012-11,November,Gampaha,Western,2.0,25852.0,LK12,47.0,0.7501375466666667,0.7596452866666666,98.82535166666666
2012-11-01,2012-11,November,Hambantota,Southern,2.0,25847.0,LK33,85.0,0.7461729433333333,0.7371608566666668,101.152913
2012-11-01,2012-11,November,Jaffna,Northern,2.0,25839.0,LK41,31.0,0.5999752333333334,0.6011712133333333,99.81675733333333
2012-11-01,2012-11,November,Kalutara,Western,2.0,25853.0,LK13,52.0,0.7928063833333333,0.7982270133333333,99.36087333333334
2012-11-01,2012-11,November,Kandy,Central,2.0,41748.0,LK21,60.0,0.8001788866666667,0.8012197633333334,99.87698
2012-11-01,2012-11,November,Kegalle,Sabaragamuwa,2.0,25844.0,LK92,55.0,0.8244563333333333,0.82791171,99.606403
2012-11-01,2012-11,November,Kilinochchi,Northern,2.0,25840.0,LK45,41.0,0.6528691000000001,0.6432878833333334,101.36785966666666
2012-11-01,2012-11,November,Kurunegala,North Western,2.0,25837.0,LK61,158.0,0.7544626500000001,0.7751060133333333,97.48987066666666
2012-11-01,2012-11,November,Mannar,Northern,2.0,25841.0,LK42,65.0,0.7218651,0.7253331,99.55518533333334
2012-11-01,2012-11,November,Matale,Central,2.0,25830.0,LK22,67.0,0.786898,0.7938021000000001,99.17964166666667
2012-11-01,2012-11,November,Matara,Southern,2.0,25848.0,LK32,39.0,0.8216059666666666,0.81549072,100.70658666666667
2012-11-01,2012-11,November,Monaragala,Uva,2.0,25850.0,LK82,186.0,0.7747797166666667,0.77563148,99.89144666666668
2012-11-01,2012-11,November,Mullaitivu,Northern,2.0,25842.0,LK44,85.0,0.7505054833333333,0.7649793100000001,98.22279166666665
2012-11-01,2012-11,November,Nuwara Eliya,Central,2.0,41749.0,LK23,58.0,0.79611953,0.7932364766666667,100.34122133333334
2012-11-01,2012-11,November,Polonnaruwa,North Central,2.0,25836.0,LK72,116.0,0.7324019966666667,0.7374111633333333,99.36081
2012-11-01,2012-11,November,Puttalam,North Western,2.0,25838.0,LK62,107.0,0.7202295800000001,0.7389796133333334,97.61906333333333
2012-11-01,2012-11,November,Ratnapura,Sabaragamuwa,2.0,25845.0,LK91,108.0,0.8141999866666666,0.8127910133333334,100.16331333333333
2012-11-01,2012-11,November,Trincomalee,Eastern,2.0,25834.0,LK53,83.0,0.7426437666666666,0.7405627566666667,100.25892133333333
2012-11-01,2012-11,November,Vavuniya,Northern,2.0,25843.0,LK43,65.0,0.7630363966666667,0.7915826566666667,96.60318666666667
2012-12-01,2012-12,December,Ampara,Eastern,2.0,25832.0,LK52,147.0,0.7796052166666666,0.7766607333333333,100.35645166666666
2012-12-01,2012-12,December,Anuradhapura,North Central,2.0,25835.0,LK71,235.0,0.79105589,0.7848832833333333,100.73536999999999
2012-12-01,2012-12,December,Badulla,Uva,2.0,25849.0,LK81,94.0,0.7933673566666667,0.7869486866666667,100.76572
2012-12-01,2012-12,December,Batticaloa,Eastern,2.0,25833.0,LK51,82.0,0.7349788333333334,0.7287191533333334,100.80959
2012-12-01,2012-12,December,Colombo,Western,2.0,25851.0,LK11,23.0,0.6899927333333333,0.6931179466666667,99.58206666666666
2012-12-01,2012-12,December,Galle,Southern,2.0,25846.0,LK31,54.0,0.8152684899999999,0.8138152533333334,100.16817666666667
2012-12-01,2012-12,December,Gampaha,Western,2.0,25852.0,LK12,47.0,0.7644375633333333,0.7628569066666667,100.19645333333334
2012-12-01,2012-12,December,Hambantota,Southern,2.0,25847.0,LK33,85.0,0.7741505599999999,0.7700227133333333,100.50168866666667
2012-12-01,2012-12,December,Jaffna,Northern,2.0,25839.0,LK41,31.0,0.6187117999999999,0.6252972966666667,99.02507666666668
2012-12-01,2012-12,December,Kalutara,Western,2.0,25853.0,LK13,52.0,0.79608651,0.7963954366666667,99.96379633333333
2012-12-01,2012-12,December,Kandy,Central,2.0,41748.0,LK21,60.0,0.8107333033333334,0.8061117200000001,100.53985666666667
2012-12-01,2012-12,December,Kegalle,Sabaragamuwa,2.0,25844.0,LK92,55.0,0.8272532900000001,0.8268434299999999,100.04728833333333
2012-12-01,2012-12,December,Kilinochchi,Northern,2.0,25840.0,LK45,41.0,0.70467316,0.6934801566666667,101.50760666666667
2012-12-01,2012-12,December,Kurunegala,North Western,2.0,25837.0,LK61,158.0,0.8052052433333333,0.8019920066666666,100.37416333333333
2012-12-01,2012-12,December,Mannar,Northern,2.0,25841.0,LK42,65.0,0.7466471466666667,0.7516517333333333,99.37544000000001
2012-12-01,2012-12,December,Matale,Central,2.0,25830.0,LK22,67.0,0.8140676333333333,0.8089373566666667,100.59555333333333
2012-12-01,2012-12,December,Matara,Southern,2.0,25848.0,LK32,39.0,0.83222652,0.8252643266666667,100.79536
2012-12-01,2012-12,December,Monaragala,Uva,2.0,25850.0,LK82,186.0,0.8140834833333334,0.8032846,101.26384666666667
2012-12-01,2012-12,December,Mullaitivu,Northern,2.0,25842.0,LK44,85.0,0.7672788,0.7785315666666667,98.64169533333335
2012-12-01,2012-12,December,Nuwara Eliya,Central,2.0,41749.0,LK23,58.0,0.8057591666666667,0.7976402033333333,100.958035
2012-12-01,2012-12,December,Polonnaruwa,North Central,2.0,25836.0,LK72,116.0,0.7593235166666666,0.7602516,99.88548700000001
2012-12-01,2012-12,December,Puttalam,North Western,2.0,25838.0,LK62,107.0,0.7510819333333334,0.7589746666666667,99.02380799999999
2012-12-01,2012-12,December,Ratnapura,Sabaragamuwa,2.0,25845.0,LK91,108.0,0.8214268333333333,0.81920739,100.25533333333334
2012-12-01,2012-12,December,Trincomalee,Eastern,2.0,25834.0,LK53,83.0,0.7694116366666667,0.76396468,100.670295
2012-12-01,2012-12,December,Vavuniya,Northern,2.0,25843.0,LK43,65.0,0.7936492233333334,0.8042701600000001,98.75621533333333
2013-01-01,2013-01,January,Ampara,Eastern,2.0,25832.0,LK52,147.0,0.7840938866666667,0.7833097133333333,100.09407333333333
2013-01-01,2013-01,January,Anuradhapura,North Central,2.0,25835.0,LK71,235.0,0.8003357000000001,0.7924991,100.92915666666666
2013-01-01,2013-01,January,Badulla,Uva,2.0,25849.0,LK81,94.0,0.8024918133333333,0.7926376866666667,101.16941366666667
2013-01-01,2013-01,January,Batticaloa,Eastern,2.0,25833.0,LK51,82.0,0.7132113699999999,0.7211823599999999,98.96268500000001
2013-01-01,2013-01,January,Colombo,Western,2.0,25851.0,LK11,23.0,0.6806332999999999,0.6720614033333333,101.18871999999999
2013-01-01,2013-01,January,Galle,Southern,2.0,25846.0,LK31,54.0,0.8137845633333334,0.8078158633333333,100.69578
2013-01-01,2013-01,January,Gampaha,Western,2.0,25852.0,LK12,47.0,0.75654821,0.7362003333333332,102.593725
2013-01-01,2013-01,January,Hambantota,Southern,2.0,25847.0,LK33,85.0,0.793829,0.77555122,102.21570000000001
2013-01-01,2013-01,January,Jaffna,Northern,2.0,25839.0,LK41,31.0,0.60335911,0.6014972866666667,100.30537166666666
2013-01-01,2013-01,January,Kalutara,Western,2.0,25853.0,LK13,52.0,0.7849448666666667,0.7819341033333332,100.36194666666665
2013-01-01,2013-01,January,Kandy,Central,2.0,41748.0,LK21,60.0,0.8080761033333334,0.7984849533333334,101.13086
2013-01-01,2013-01,January,Kegalle,Sabaragamuwa,2.0,25844.0,LK92,55.0,0.8216684866666667,0.8109299999999999,101.24917466666666
2013-01-01,2013-01,January,Kilinochchi,Northern,2.0,25840.0,LK45,41.0,0.6893739533333333,0.6806254666666667,101.20134333333333
2013-01-01,2013-01,January,Kurunegala,North Western,2.0,25837.0,LK61,158.0,0.8083498100000001,0.7805691266666667,103.355768
2013-01-01,2013-01,January,Mannar,Northern,2.0,25841.0,LK42,65.0,0.7537235666666667,0.7527504566666666,100.12264599999999
2013-01-01,2013-01,January,Matale,Central,2.0,25830.0,LK22,67.0,0.8223825666666666,0.8147227899999999,100.88552833333334
2013-01-01,2013-01,January,Matara,Southern,2.0,25848.0,LK32,39.0,0.8260717999999999,0.8164981633333334,101.10498833333334
2013-01-01,2013-01,January,Monaragala,Uva,2.0,25850.0,LK82,186.0,0.8195756233333333,0.8022891,102.02844333333333
2013-01-01,2013-01,January,Mullaitivu,Northern,2.0,25842.0,LK44,85.0,0.7656607333333333,0.7719806333333333,99.23224
2013-01-01,2013-01,January,Nuwara Eliya,Central,2.0,41749.0,LK23,58.0,0.8027459633333334,0.7875915333333333,101.81003700000001
2013-01-01,2013-01,January,Polonnaruwa,North Central,2.0,25836.0,LK72,116.0,0.77735918,0.7867867866666667,98.874962
2013-01-01,2013-01,January,Puttalam,North Western,2.0,25838.0,LK62,107.0,0.7562034133333334,0.7442575466666667,101.51226666666666
2013-01-01,2013-01,January,Ratnapura,Sabaragamuwa,2.0,25845.0,LK91,108.0,0.8192845666666666,0.8121014333333333,100.83379666666667
2013-01-01,2013-01,January,Trincomalee,Eastern,2.0,25834.0,LK53,83.0,0.7592385333333334,0.76624178,99.13962333333332
2013-01-01,2013-01,January,Vavuniya,Northern,2.0,25843.0,LK43,65.0,0.7931892,0.7948951333333333,99.79951799999999
2013-02-01,2013-02,February,Ampara,Eastern,2.0,25832.0,LK52,147.0,0.7508623633333333,0.7432987,100.96095466666667
2013-02-01,2013-02,February,Anuradhapura,North Central,2.0,25835.0,LK71,235.0,0.7621935999999999,0.75761819,100.56834966666668
2013-02-01,2013-02,February,Badulla,Uva,2.0,25849.0,LK81,94.0,0.7911464566666666,0.7792860999999999,101.43114166666668
2013-02-01,2013-02,February,Batticaloa,Eastern,2.0,25833.0,LK51,82.0,0.6640430700000001,0.6692407333333333,99.28680666666666
2013-02-01,2013-02,February,Colombo,Western,2.0,25851.0,LK11,23.0,0.66313475,0.6544099333333334,101.23846333333331
2013-02-01,2013-02,February,Galle,Southern,2.0,25846.0,LK31,54.0,0.79669318,0.7933937333333333,100.39087533333333
2013-02-01,2013-02,February,Gampaha,Western,2.0,25852.0,LK12,47.0,0.7264666466666667,0.7034402433333332,103.05562333333334
2013-02-01,2013-02,February,Hambantota,Southern,2.0,25847.0,LK33,85.0,0.7811434999999999,0.7486602666666666,104.07386333333334
2013-02-01,2013-02,February,Jaffna,Northern,2.0,25839.0,LK41,31.0,0.5829870633333333,0.5498484466666667,105.56047633333333
2013-02-01,2013-02,February,Kalutara,Western,2.0,25853.0,LK13,52.0,0.7677134466666667,0.7683292866666666,99.924488
2013-02-01,2013-02,February,Kandy,Central,2.0,41748.0,LK21,60.0,0.7951044266666667,0.7830002333333334,101.45358333333333
2013-02-01,2013-02,February,Kegalle,Sabaragamuwa,2.0,25844.0,LK92,55.0,0.80832242,0.7953982866666666,101.528633
2013-02-01,2013-02,February,Kilinochchi,Northern,2.0,25840.0,LK45,41.0,0.6460886166666667,0.62443539,103.22863466666666
2013-02-01,2013-02,February,Kurunegala,North Western,2.0,25837.0,LK61,158.0,0.7579599,0.7190770733333333,105.06130666666667
2013-02-01,2013-02,February,Mannar,Northern,2.0,25841.0,LK42,65.0,0.74567949,0.7307267533333333,101.92067000000002
2013-02-01,2013-02,February,Matale,Central,2.0,25830.0,LK22,67.0,0.80457312,0.7999620333333333,100.54262466666667
2013-02-01,2013-02,February,Matara,Southern,2.0,25848.0,LK32,39.0,0.8042393,0.7943172133333333,101.17533533333334
2013-02-01,2013-02,February,Monaragala,Uva,2.0,25850.0,LK82,186.0,0.7986886833333333,0.7800976533333334,102.24025999999999
2013-02-01,2013-02,February,Mullaitivu,Northern,2.0,25842.0,LK44,85.0,0.7523462533333333,0.7505555999999999,100.22658
2013-02-01,2013-02,February,Nuwara Eliya,Central,2.0,41749.0,LK23,58.0,0.7905781333333334,0.7738566566666667,102.02971000000001
2013-02-01,2013-02,February,Polonnaruwa,North Central,2.0,25836.0,LK72,116.0,0.7669988333333334,0.7762176233333333,98.88693166666667
2013-02-01,2013-02,February,Puttalam,North Western,2.0,25838.0,LK62,107.0,0.74175918,0.7083814966666667,104.40971866666666
2013-02-01,2013-02,February,Ratnapura,Sabaragamuwa,2.0,25845.0,LK91,108.0,0.8102111066666667,0.8001612833333334,101.18225
2013-02-01,2013-02,February,Trincomalee,Eastern,2.0,25834.0,LK53,83.0,0.72607665,0.73724276,98.58549666666666
2013-02-01,2013-02,February,Vavuniya,Northern,2.0,25843.0,LK43,65.0,0.7754881666666668,0.7669161,101.053965
2013-03-01,2013-03,March,Ampara,Eastern,2.0,25832.0,LK52,147.0,0.71616482,0.6993939033333333,102.23995533333334
2013-03-01,2013-03,March,Anuradhapura,North Central,2.0,25835.0,LK71,235.0,0.7215980000000001,0.7122368166666666,101.22848133333332
2013-03-01,2013-03,March,Badulla,Uva,2.0,25849.0,LK81,94.0,0.7743669966666666,0.7597539233333334,101.80472166666668
2013-03-01,2013-03,March,Batticaloa,Eastern,2.0,25833.0,LK51,82.0,0.63554919,0.6270425733333332,101.26236833333333
2013-03-01,2013-03,March,Colombo,Western,2.0,25851.0,LK11,23.0,0.6648666533333333,0.6577345133333333,101.00852666666667
2013-03-01,2013-03,March,Galle,Southern,2.0,25846.0,LK31,54.0,0.7889629433333334,0.7874191600000001,100.18437999999999
2013-03-01,2013-03,March,Gampaha,Western,2.0,25852.0,LK12,47.0,0.7177581399999999,0.6998973133333334,102.38338666666665
2013-03-01,2013-03,March,Hambantota,Southern,2.0,25847.0,LK33,85.0,0.7452019533333334,0.7118593333333333,104.37141666666666
2013-03-01,2013-03,March,Jaffna,Northern,2.0,25839.0,LK41,31.0,0.5644903166666667,0.5109923333333334,109.53924666666667
2013-03-01,2013-03,March,Kalutara,Western,2.0,25853.0,LK13,52.0,0.7699301233333333,0.77279975,99.65125666666667
2013-03-01,2013-03,March,Kandy,Central,2.0,41748.0,LK21,60.0,0.78636441,0.7727419133333333,101.65572033333332
2013-03-01,2013-03,March,Kegalle,Sabaragamuwa,2.0,25844.0,LK92,55.0,0.8087721,0.7990706866666667,101.14328
2013-03-01,2013-03,March,Kilinochchi,Northern,2.0,25840.0,LK45,41.0,0.6174634133333333,0.58135265,105.724813
2013-03-01,2013-03,March,Kurunegala,North Western,2.0,25837.0,LK61,158.0,0.7209854433333334,0.6883870466666666,104.41628333333334
2013-03-01,2013-03,March,Mannar,Northern,2.0,25841.0,LK42,65.0,0.7232697333333333,0.7011477333333334,102.94423466666667
2013-03-01,2013-03,March,Matale,Central,2.0,25830.0,LK22,67.0,0.7798845499999999,0.7756171233333333,100.51628999999998
2013-03-01,2013-03,March,Matara,Southern,2.0,25848.0,LK32,39.0,0.79110852,0.7825581666666667,101.02689333333335
2013-03-01,2013-03,March,Monaragala,Uva,2.0,25850.0,LK82,186.0,0.7815960266666666,0.7631427466666666,102.26911833333332
2013-03-01,2013-03,March,Mullaitivu,Northern,2.0,25842.0,LK44,85.0,0.7410517333333333,0.7284733299999999,101.61803333333334
2013-03-01,2013-03,March,Nuwara Eliya,Central,2.0,41749.0,LK23,58.0,0.7845838933333334,0.76845832,101.97026466666667
2013-03-01,2013-03,March,Polonnaruwa,North Central,2.0,25836.0,LK72,116.0,0.7231195333333332,0.7271072466666667,99.48906166666666
2013-03-01,2013-03,March,Puttalam,North Western,2.0,25838.0,LK62,107.0,0.7222015466666667,0.6856575333333333,104.96636333333333
2013-03-01,2013-03,March,Ratnapura,Sabaragamuwa,2.0,25845.0,LK91,108.0,0.8055135666666667,0.7967155966666667,101.03919833333333
2013-03-01,2013-03,March,Trincomalee,Eastern,2.0,25834.0,LK53,83.0,0.7013658533333333,0.6988553533333333,100.34199000000001
2013-03-01,2013-03,March,Vavuniya,Northern,2.0,25843.0,LK43,65.0,0.7607328,0.7414863666666666,102.43277333333333
2013-04-01,2013-04,April,Ampara,Eastern,2.0,25832.0,LK52,147.0,0.6960031666666667,0.6831142633333332,101.758395
2013-04-01,2013-04,April,Anuradhapura,North Central,2.0,25835.0,LK71,235.0,0.7062476366666667,0.71229456,99.21320833333334
2013-04-01,2013-04,April,Badulla,Uva,2.0,25849.0,LK81,94.0,0.7662081133333333,0.7551976666666667,101.367677
2013-04-01,2013-04,April,Batticaloa,Eastern,2.0,25833.0,LK51,82.0,0.6237085266666667,0.60768549,102.43683499999999
2013-04-01,2013-04,April,Colombo,Western,2.0,25851.0,LK11,23.0,0.6762448933333333,0.6772539700000001,99.86404133333333
2013-04-01,2013-04,April,Galle,Southern,2.0,25846.0,LK31,54.0,0.7952203600000001,0.79412357,100.12975999999999
2013-04-01,2013-04,April,Gampaha,Western,2.0,25852.0,LK12,47.0,0.7310744533333334,0.7242393766666666,100.88674200000001
2013-04-01,2013-04,April,Hambantota,Southern,2.0,25847.0,LK33,85.0,0.7087031100000001,0.7008370866666667,101.04971833333333
2013-04-01,2013-04,April,Jaffna,Northern,2.0,25839.0,LK41,31.0,0.5279580566666667,0.49807874333333335,105.450495
2013-04-01,2013-04,April,Kalutara,Western,2.0,25853.0,LK13,52.0,0.7846160000000001,0.7875598333333333,99.64838866666666
2013-04-01,2013-04,April,Kandy,Central,2.0,41748.0,LK21,60.0,0.7845422000000001,0.7766860666666666,100.95110833333332
2013-04-01,2013-04,April,Kegalle,Sabaragamuwa,2.0,25844.0,LK92,55.0,0.8215587766666667,0.8171027799999999,100.51468
2013-04-01,2013-04,April,Kilinochchi,Northern,2.0,25840.0,LK45,41.0,0.5960617733333333,0.5641594166666667,105.19318033333333
2013-04-01,2013-04,April,Kurunegala,North Western,2.0,25837.0,LK61,158.0,0.7290930166666666,0.7250464233333332,100.54060866666667
2013-04-01,2013-04,April,Mannar,Northern,2.0,25841.0,LK42,65.0,0.6902687200000001,0.6830917666666667,100.97655466666667
2013-04-01,2013-04,April,Matale,Central,2.0,25830.0,LK22,67.0,0.7670303399999999,0.76829087,99.84627
2013-04-01,2013-04,April,Matara,Southern,2.0,25848.0,LK32,39.0,0.7920854466666668,0.78895477,100.37392666666666
2013-04-01,2013-04,April,Monaragala,Uva,2.0,25850.0,LK82,186.0,0.7771840233333333,0.7644638666666667,101.56223166666666
2013-04-01,2013-04,April,Mullaitivu,Northern,2.0,25842.0,LK44,85.0,0.7295854633333333,0.714852,101.92607833333334
2013-04-01,2013-04,April,Nuwara Eliya,Central,2.0,41749.0,LK23,58.0,0.78528502,0.7739699466666666,101.37378166666667
2013-04-01,2013-04,April,Polonnaruwa,North Central,2.0,25836.0,LK72,116.0,0.6950137833333333,0.69618518,99.84324333333332
2013-04-01,2013-04,April,Puttalam,North Western,2.0,25838.0,LK62,107.0,0.7025161999999999,0.6956772999999999,100.92759666666666
2013-04-01,2013-04,April,Ratnapura,Sabaragamuwa,2.0,25845.0,LK91,108.0,0.8064080166666666,0.8041900966666665,100.26029999999999
2013-04-01,2013-04,April,Trincomalee,Eastern,2.0,25834.0,LK53,83.0,0.6823116100000001,0.6763330233333334,100.82263
2013-04-01,2013-04,April,Vavuniya,Northern,2.0,25843.0,LK43,65.0,0.74910152,0.7370928533333334,101.52674533333334
2013-05-01,2013-05,May,Ampara,Eastern,2.0,25832.0,LK52,147.0,0.69815987,0.6942442600000001,100.52829000000001
2013-05-01,2013-05,May,Anuradhapura,North Central,2.0,25835.0,LK71,235.0,0.71465727,0.72566436,98.58203733333333
2013-05-01,2013-05,May,Badulla,Uva,2.0,25849.0,LK81,94.0,0.7603645366666667,0.7554970333333334,100.60378866666667
2013-05-01,2013-05,May,Batticaloa,Eastern,2.0,25833.0,LK51,82.0,0.6308564799999999,0.6097193333333334,103.20391533333334
2013-05-01,2013-05,May,Colombo,Western,2.0,25851.0,LK11,23.0,0.6910492666666667,0.6955265166666668,99.39896633333332
2013-05-01,2013-05,May,Galle,Southern,2.0,25846.0,LK31,54.0,0.8055561299999999,0.8004023433333334,100.60586866666667
2013-05-01,2013-05,May,Gampaha,Western,2.0,25852.0,LK12,47.0,0.74993402,0.74915808,100.09744166666667
2013-05-01,2013-05,May,Hambantota,Southern,2.0,25847.0,LK33,85.0,0.7030403533333334,0.7062601000000001,99.57422666666666
2013-05-01,2013-05,May,Jaffna,Northern,2.0,25839.0,LK41,31.0,0.4944591166666667,0.49670642333333337,99.58590199999999
2013-05-01,2013-05,May,Kalutara,Western,2.0,25853.0,LK13,52.0,0.7959916433333333,0.7966547366666666,99.92152800000001
2013-05-01,2013-05,May,Kandy,Central,2.0,41748.0,LK21,60.0,0.7879921933333334,0.7845254766666666,100.41546
2013-05-01,2013-05,May,Kegalle,Sabaragamuwa,2.0,25844.0,LK92,55.0,0.8334484666666667,0.8317203266666667,100.19610499999999
2013-05-01,2013-05,May,Kilinochchi,Northern,2.0,25840.0,LK45,41.0,0.58009835,0.5603386866666668,103.23662
2013-05-01,2013-05,May,Kurunegala,North Western,2.0,25837.0,LK61,158.0,0.7634276099999999,0.7688743966666666,99.33337166666666
2013-05-01,2013-05,May,Mannar,Northern,2.0,25841.0,LK42,65.0,0.6656491999999999,0.67330281,98.940592
2013-05-01,2013-05,May,Matale,Central,2.0,25830.0,LK22,67.0,0.7661875466666667,0.7697553166666666,99.56488166666666
2013-05-01,2013-05,May,Matara,Southern,2.0,25848.0,LK32,39.0,0.7994563966666667,0.8025984233333333,99.63244866666668
2013-05-01,2013-05,May,Monaragala,Uva,2.0,25850.0,LK82,186.0,0.7715709566666668,0.7616334866666667,101.22469866666667
2013-05-01,2013-05,May,Mullaitivu,Northern,2.0,25842.0,LK44,85.0,0.72004746,0.70917131,101.43241499999999
2013-05-01,2013-05,May,Nuwara Eliya,Central,2.0,41749.0,LK23,58.0,0.78390688,0.7783765833333334,100.66761066666668
2013-05-01,2013-05,May,Polonnaruwa,North Central,2.0,25836.0,LK72,116.0,0.6913037133333333,0.6925152333333333,99.83681533333333
2013-05-01,2013-05,May,Puttalam,North Western,2.0,25838.0,LK62,107.0,0.6949582166666667,0.7109920000000001,97.89360333333333
2013-05-01,2013-05,May,Ratnapura,Sabaragamuwa,2.0,25845.0,LK91,108.0,0.8078768333333333,0.8096791900000001,99.79036
2013-05-01,2013-05,May,Trincomalee,Eastern,2.0,25834.0,LK53,83.0,0.6782176533333333,0.6749312466666666,100.45334333333334
2013-05-01,2013-05,May,Vavuniya,Northern,2.0,25843.0,LK43,65.0,0.7394071666666666,0.73722455,100.27693
2013-06-01,2013-06,June,Ampara,Eastern,2.0,25832.0,LK52,147.0,0.6882448566666666,0.69607917,98.94920866666666
2013-06-01,2013-06,June,Anuradhapura,North Central,2.0,25835.0,LK71,235.0,0.70565005,0.6999913666666666,100.76384833333334
2013-06-01,2013-06,June,Badulla,Uva,2.0,25849.0,LK81,94.0,0.7416641666666667,0.7429939533333334,99.83229733333333
2013-06-01,2013-06,June,Batticaloa,Eastern,2.0,25833.0,LK51,82.0,0.60474025,0.5971564333333333,101.16261666666666
2013-06-01,2013-06,June,Colombo,Western,2.0,25851.0,LK11,23.0,0.7060014433333333,0.7040921833333332,100.253
2013-06-01,2013-06,June,Galle,Southern,2.0,25846.0,LK31,54.0,0.80520304,0.8009732366666666,100.49693666666667
2013-06-01,2013-06,June,Gampaha,Western,2.0,25852.0,LK12,47.0,0.7617049533333334,0.7584368933333333,100.40429333333334
2013-06-01,2013-06,June,Hambantota,Southern,2.0,25847.0,LK33,85.0,0.71576703,0.6984099533333333,102.324845
2013-06-01,2013-06,June,Jaffna,Northern,2.0,25839.0,LK41,31.0,0.46893762666666666,0.48190153666666663,97.56143200000001
2013-06-01,2013-06,June,Kalutara,Western,2.0,25853.0,LK13,52.0,0.8000134233333333,0.7987041333333332,100.15430466666668
2013-06-01,2013-06,June,Kandy,Central,2.0,41748.0,LK21,60.0,0.7909922133333334,0.7865019333333333,100.53684
2013-06-01,2013-06,June,Kegalle,Sabaragamuwa,2.0,25844.0,LK92,55.0,0.8391599833333334,0.8373326266666666,100.20592666666666
2013-06-01,2013-06,June,Kilinochchi,Northern,2.0,25840.0,LK45,41.0,0.56910242,0.5513656466666667,102.95045666666665
2013-06-01,2013-06,June,Kurunegala,North Western,2.0,25837.0,LK61,158.0,0.7752546333333333,0.7748695666666666,100.04740466666668
2013-06-01,2013-06,June,Mannar,Northern,2.0,25841.0,LK42,65.0,0.6483856,0.6502179333333333,99.74509333333333
2013-06-01,2013-06,June,Matale,Central,2.0,25830.0,LK22,67.0,0.76208157,0.7593344433333332,100.34148466666666
2013-06-01,2013-06,June,Matara,Southern,2.0,25848.0,LK32,39.0,0.8026444133333334,0.8112293133333334,99.00324
2013-06-01,2013-06,June,Monaragala,Uva,2.0,25850.0,LK82,186.0,0.7452753833333333,0.7310031866666667,101.83218
2013-06-01,2013-06,June,Mullaitivu,Northern,2.0,25842.0,LK44,85.0,0.7090215566666668,0.6991408666666666,101.318688
2013-06-01,2013-06,June,Nuwara Eliya,Central,2.0,41749.0,LK23,58.0,0.77648616,0.7738468,100.320443
2013-06-01,2013-06,June,Polonnaruwa,North Central,2.0,25836.0,LK72,116.0,0.6977735666666667,0.6941723433333333,100.48319
2013-06-01,2013-06,June,Puttalam,North Western,2.0,25838.0,LK62,107.0,0.6864912633333334,0.7017504666666667,97.97051466666666
2013-06-01,2013-06,June,Ratnapura,Sabaragamuwa,2.0,25845.0,LK91,108.0,0.8077962666666667,0.8067291666666666,100.12505333333333
2013-06-01,2013-06,June,Trincomalee,Eastern,2.0,25834.0,LK53,83.0,0.6832003766666667,0.6693011666666666,101.93453333333332
2013-06-01,2013-06,June,Vavuniya,Northern,2.0,25843.0,LK43,65.0,0.7193302433333333,0.7127846833333332,100.861678
2013-07-01,2013-07,July,Ampara,Eastern,2.0,25832.0,LK52,147.0,0.6666863933333333,0.66297264,100.53243533333334
2013-07-01,2013-07,July,Anuradhapura,North Central,2.0,25835.0,LK71,235.0,0.6817127466666667,0.66451175,102.407108
2013-07-01,2013-07,July,Badulla,Uva,2.0,25849.0,LK81,94.0,0.72302798,0.7170180433333333,100.78542833333334
2013-07-01,2013-07,July,Batticaloa,Eastern,2.0,25833.0,LK51,82.0,0.5558792666666666,0.5537752966666667,100.34663
2013-07-01,2013-07,July,Colombo,Western,2.0,25851.0,LK11,23.0,0.7094507333333334,0.7042327766666666,100.691998
2013-07-01,2013-07,July,Galle,Southern,2.0,25846.0,LK31,54.0,0.8005925666666666,0.7963837866666666,100.49744666666668
2013-07-01,2013-07,July,Gampaha,Western,2.0,25852.0,LK12,47.0,0.7615389833333334,0.7523134333333333,101.15093333333334
2013-07-01,2013-07,July,Hambantota,Southern,2.0,25847.0,LK33,85.0,0.7026254666666666,0.6664425666666667,105.05227333333333
2013-07-01,2013-07,July,Jaffna,Northern,2.0,25839.0,LK41,31.0,0.4549440633333333,0.46375180666666665,98.29025
2013-07-01,2013-07,July,Kalutara,Western,2.0,25853.0,LK13,52.0,0.7978416366666666,0.7950797433333333,100.32697333333333
2013-07-01,2013-07,July,Kandy,Central,2.0,41748.0,LK21,60.0,0.7926816433333332,0.7818825266666667,101.29873333333335
2013-07-01,2013-07,July,Kegalle,Sabaragamuwa,2.0,25844.0,LK92,55.0,0.8376290633333333,0.8361627166666666,100.16557133333333
2013-07-01,2013-07,July,Kilinochchi,Northern,2.0,25840.0,LK45,41.0,0.5540406266666666,0.5403985833333333,102.30810133333334
2013-07-01,2013-07,July,Kurunegala,North Western,2.0,25837.0,LK61,158.0,0.7445605333333334,0.7443222666666666,100.029473
2013-07-01,2013-07,July,Mannar,Northern,2.0,25841.0,LK42,65.0,0.6329297,0.62472038,101.21889866666668
2013-07-01,2013-07,July,Matale,Central,2.0,25830.0,LK22,67.0,0.7569467433333333,0.7411886500000001,101.99404833333334
2013-07-01,2013-07,July,Matara,Southern,2.0,25848.0,LK32,39.0,0.8006256333333334,0.8077109,99.17407833333334
2013-07-01,2013-07,July,Monaragala,Uva,2.0,25850.0,LK82,186.0,0.7123859833333333,0.6853212933333334,103.68547866666667
2013-07-01,2013-07,July,Mullaitivu,Northern,2.0,25842.0,LK44,85.0,0.6967858433333333,0.6886919566666667,101.09556333333335
2013-07-01,2013-07,July,Nuwara Eliya,Central,2.0,41749.0,LK23,58.0,0.77163503,0.7643455466666667,100.895595
2013-07-01,2013-07,July,Polonnaruwa,North Central,2.0,25836.0,LK72,116.0,0.7159060033333334,0.6896422566666667,103.55239999999999
2013-07-01,2013-07,July,Puttalam,North Western,2.0,25838.0,LK62,107.0,0.6530479666666666,0.6679628466666667,97.92505333333334
2013-07-01,2013-07,July,Ratnapura,Sabaragamuwa,2.0,25845.0,LK91,108.0,0.8058900833333333,0.7948234166666667,101.31132333333333
2013-07-01,2013-07,July,Trincomalee,Eastern,2.0,25834.0,LK53,83.0,0.6808959433333334,0.6580614966666667,103.22451833333334
2013-07-01,2013-07,July,Vavuniya,Northern,2.0,25843.0,LK43,65.0,0.6978091900000001,0.68687702,101.48310666666667
2013-08-01,2013-08,August,Ampara,Eastern,2.0,25832.0,LK52,147.0,0.63919501,0.6297521233333333,101.38761066666666
2013-08-01,2013-08,August,Anuradhapura,North Central,2.0,25835.0,LK71,235.0,0.6672042366666666,0.6509886466666667,102.31328666666667
2013-08-01,2013-08,August,Badulla,Uva,2.0,25849.0,LK81,94.0,0.7083574333333332,0.7010389,100.974604
2013-08-01,2013-08,August,Batticaloa,Eastern,2.0,25833.0,LK51,82.0,0.52276909,0.5290863866666666,98.90778
2013-08-01,2013-08,August,Colombo,Western,2.0,25851.0,LK11,23.0,0.7004463433333333,0.6977320533333332,100.36252966666666
2013-08-01,2013-08,August,Galle,Southern,2.0,25846.0,LK31,54.0,0.8012672566666668,0.79401784,100.85892333333334
2013-08-01,2013-08,August,Gampaha,Western,2.0,25852.0,LK12,47.0,0.7549155666666666,0.7410126333333333,101.75769666666667
2013-08-01,2013-08,August,Hambantota,Southern,2.0,25847.0,LK33,85.0,0.6583450666666667,0.6358906333333333,103.26645
2013-08-01,2013-08,August,Jaffna,Northern,2.0,25839.0,LK41,31.0,0.47179461333333333,0.46041914,102.22113666666667
2013-08-01,2013-08,August,Kalutara,Western,2.0,25853.0,LK13,52.0,0.7962173,0.7902804933333334,100.706658
2013-08-01,2013-08,August,Kandy,Central,2.0,41748.0,LK21,60.0,0.7940638433333334,0.7761413999999999,102.169742
2013-08-01,2013-08,August,Kegalle,Sabaragamuwa,2.0,25844.0,LK92,55.0,0.8338836033333333,0.83049366,100.38511
2013-08-01,2013-08,August,Kilinochchi,Northern,2.0,25840.0,LK45,41.0,0.5336666666666666,0.5262446000000001,101.28724799999999
2013-08-01,2013-08,August,Kurunegala,North Western,2.0,25837.0,LK61,158.0,0.70619217,0.7056622866666666,100.07233666666666
2013-08-01,2013-08,August,Mannar,Northern,2.0,25841.0,LK42,65.0,0.6276846166666666,0.6115338466666667,102.44178333333333
2013-08-01,2013-08,August,Matale,Central,2.0,25830.0,LK22,67.0,0.7505860533333334,0.72781648,102.92777333333333
2013-08-01,2013-08,August,Matara,Southern,2.0,25848.0,LK32,39.0,0.7964025366666667,0.7997613100000001,99.60520866666667
2013-08-01,2013-08,August,Monaragala,Uva,2.0,25850.0,LK82,186.0,0.6909059033333333,0.6643590033333333,103.71591666666666
2013-08-01,2013-08,August,Mullaitivu,Northern,2.0,25842.0,LK44,85.0,0.69579136,0.6894681,100.85559
2013-08-01,2013-08,August,Nuwara Eliya,Central,2.0,41749.0,LK23,58.0,0.7725839099999999,0.7604915800000001,101.49197333333332
2013-08-01,2013-08,August,Polonnaruwa,North Central,2.0,25836.0,LK72,116.0,0.6948399366666665,0.6756234133333333,102.64229999999999
2013-08-01,2013-08,August,Puttalam,North Western,2.0,25838.0,LK62,107.0,0.6323495133333333,0.6345897133333334,99.67971
2013-08-01,2013-08,August,Ratnapura,Sabaragamuwa,2.0,25845.0,LK91,108.0,0.79798917,0.7835099900000001,101.73706499999999
2013-08-01,2013-08,August,Trincomalee,Eastern,2.0,25834.0,LK53,83.0,0.6627027666666666,0.6609511433333334,100.24926533333333
2013-08-01,2013-08,August,Vavuniya,Northern,2.0,25843.0,LK43,65.0,0.6977163733333334,0.6878702466666667,101.33391533333334
2013-09-01,2013-09,September,Ampara,Eastern,2.0,25832.0,LK52,147.0,0.6264514666666666,0.6329594333333334,99.05652333333335
2013-09-01,2013-09,September,Anuradhapura,North Central,2.0,25835.0,LK71,235.0,0.6824754333333334,0.6619698366666666,102.88496200000002
2013-09-01,2013-09,September,Badulla,Uva,2.0,25849.0,LK81,94.0,0.7161414533333333,0.7060127666666668,101.34060666666666
2013-09-01,2013-09,September,Batticaloa,Eastern,2.0,25833.0,LK51,82.0,0.5182260133333333,0.5397494566666667,96.36170533333335
2013-09-01,2013-09,September,Colombo,Western,2.0,25851.0,LK11,23.0,0.6924449199999999,0.6961392833333333,99.50493033333333
2013-09-01,2013-09,September,Galle,Southern,2.0,25846.0,LK31,54.0,0.8045659966666667,0.7968295466666667,100.91357666666666
2013-09-01,2013-09,September,Gampaha,Western,2.0,25852.0,LK12,47.0,0.7505907666666666,0.7382961266666667,101.559725
2013-09-01,2013-09,September,Hambantota,Southern,2.0,25847.0,LK33,85.0,0.6404251,0.63163102,101.29247166666666
2013-09-01,2013-09,September,Jaffna,Northern,2.0,25839.0,LK41,31.0,0.5145763433333334,0.4845341333333333,105.62294000000001
2013-09-01,2013-09,September,Kalutara,Western,2.0,25853.0,LK13,52.0,0.7986391033333334,0.79020558,101.00378866666667
2013-09-01,2013-09,September,Kandy,Central,2.0,41748.0,LK21,60.0,0.7978433366666667,0.77577225,102.672963
2013-09-01,2013-09,September,Kegalle,Sabaragamuwa,2.0,25844.0,LK92,55.0,0.8304951533333332,0.82574345,100.54257966666667
2013-09-01,2013-09,September,Kilinochchi,Northern,2.0,25840.0,LK45,41.0,0.5221430833333334,0.52585062,99.36409166666665
2013-09-01,2013-09,September,Kurunegala,North Western,2.0,25837.0,LK61,158.0,0.7195694,0.7007411133333333,102.50450666666666
2013-09-01,2013-09,September,Mannar,Northern,2.0,25841.0,LK42,65.0,0.64118307,0.62242828,102.79372000000001
2013-09-01,2013-09,September,Matale,Central,2.0,25830.0,LK22,67.0,0.7630915033333334,0.73437527,103.66136
2013-09-01,2013-09,September,Matara,Southern,2.0,25848.0,LK32,39.0,0.8019427,0.7964650633333333,100.64705166666666
2013-09-01,2013-09,September,Monaragala,Uva,2.0,25850.0,LK82,186.0,0.6909913799999999,0.67865846,101.70237133333335
2013-09-01,2013-09,September,Mullaitivu,Northern,2.0,25842.0,LK44,85.0,0.6970454633333333,0.7039018433333334,99.09699333333333
2013-09-01,2013-09,September,Nuwara Eliya,Central,2.0,41749.0,LK23,58.0,0.7799207133333333,0.7645634333333334,101.88547
2013-09-01,2013-09,September,Polonnaruwa,North Central,2.0,25836.0,LK72,116.0,0.66124338,0.66211692,99.879555
2013-09-01,2013-09,September,Puttalam,North Western,2.0,25838.0,LK62,107.0,0.6639127466666667,0.6389632333333334,103.61403666666666
2013-09-01,2013-09,September,Ratnapura,Sabaragamuwa,2.0,25845.0,LK91,108.0,0.79589812,0.7821766166666667,101.64897333333333
2013-09-01,2013-09,September,Trincomalee,Eastern,2.0,25834.0,LK53,83.0,0.6480228466666667,0.67273578,96.58900333333334
2013-09-01,2013-09,September,Vavuniya,Northern,2.0,25843.0,LK43,65.0,0.71556253,0.7114957333333334,100.54373666666667
2013-10-01,2013-10,October,Ampara,Eastern,2.0,25832.0,LK52,147.0,0.6442906866666667,0.6726984566666667,96.07522666666667
2013-10-01,2013-10,October,Anuradhapura,North Central,2.0,25835.0,LK71,235.0,0.69563969,0.7050825566666666,98.77029166666667
2013-10-01,2013-10,October,Badulla,Uva,2.0,25849.0,LK81,94.0,0.73770742,0.73642772,100.16608000000001
2013-10-01,2013-10,October,Batticaloa,Eastern,2.0,25833.0,LK51,82.0,0.5389345533333333,0.58577872,92.65553666666666
2013-10-01,2013-10,October,Colombo,Western,2.0,25851.0,LK11,23.0,0.6956550333333333,0.6993316900000001,99.50925833333334
2013-10-01,2013-10,October,Galle,Southern,2.0,25846.0,LK31,54.0,0.8108437799999999,0.80463834,100.72633866666666
2013-10-01,2013-10,October,Gampaha,Western,2.0,25852.0,LK12,47.0,0.75380492,0.7456929666666667,101.020098
2013-10-01,2013-10,October,Hambantota,Southern,2.0,25847.0,LK33,85.0,0.6715925333333334,0.67526712,99.50737
2013-10-01,2013-10,October,Jaffna,Northern,2.0,25839.0,LK41,31.0,0.5491021466666667,0.53861731,101.81675333333334
2013-10-01,2013-10,October,Kalutara,Western,2.0,25853.0,LK13,52.0,0.8004410000000001,0.7947389133333332,100.67515166666668
2013-10-01,2013-10,October,Kandy,Central,2.0,41748.0,LK21,60.0,0.7977149866666666,0.7867203666666667,101.31677133333334
2013-10-01,2013-10,October,Kegalle,Sabaragamuwa,2.0,25844.0,LK92,55.0,0.8264594066666667,0.8250890333333333,100.15668866666665
2013-10-01,2013-10,October,Kilinochchi,Northern,2.0,25840.0,LK45,41.0,0.5376674733333333,0.5664579066666667,95.35255866666667
2013-10-01,2013-10,October,Kurunegala,North Western,2.0,25837.0,LK61,158.0,0.7476333366666666,0.7316796600000001,102.05091833333334
2013-10-01,2013-10,October,Mannar,Northern,2.0,25841.0,LK42,65.0,0.6699692333333332,0.6693824666666667,100.09772666666667
2013-10-01,2013-10,October,Matale,Central,2.0,25830.0,LK22,67.0,0.7778830666666666,0.7646746466666666,101.63129133333332
2013-10-01,2013-10,October,Matara,Southern,2.0,25848.0,LK32,39.0,0.81224528,0.8024033333333334,101.15462500000001
2013-10-01,2013-10,October,Monaragala,Uva,2.0,25850.0,LK82,186.0,0.7137397499999999,0.7241691666666666,98.66350666666666
2013-10-01,2013-10,October,Mullaitivu,Northern,2.0,25842.0,LK44,85.0,0.7067674333333334,0.7338299833333334,96.55151733333332
2013-10-01,2013-10,October,Nuwara Eliya,Central,2.0,41749.0,LK23,58.0,0.7856752466666667,0.7775780666666666,100.98052666666668
2013-10-01,2013-10,October,Polonnaruwa,North Central,2.0,25836.0,LK72,116.0,0.6707640466666667,0.6956889,96.66329999999999
2013-10-01,2013-10,October,Puttalam,North Western,2.0,25838.0,LK62,107.0,0.7083379866666667,0.6856798166666667,103.093915
2013-10-01,2013-10,October,Ratnapura,Sabaragamuwa,2.0,25845.0,LK91,108.0,0.8051043,0.7957741733333333,101.10447666666668
2013-10-01,2013-10,October,Trincomalee,Eastern,2.0,25834.0,LK53,83.0,0.6562385533333334,0.7037558566666666,93.695372
2013-10-01,2013-10,October,Vavuniya,Northern,2.0,25843.0,LK43,65.0,0.7335112566666666,0.7542895333333334,97.42301166666668
2013-11-01,2013-11,November,Ampara,Eastern,2.0,25832.0,LK52,147.0,0.7039825666666667,0.73024149,96.62638133333333
2013-11-01,2013-11,November,Anuradhapura,North Central,2.0,25835.0,LK71,235.0,0.7390601166666667,0.75418649,98.11579333333333
2013-11-01,2013-11,November,Badulla,Uva,2.0,25849.0,LK81,94.0,0.7675563433333333,0.7692643666666666,99.79241666666667
2013-11-01,2013-11,November,Batticaloa,Eastern,2.0,25833.0,LK51,82.0,0.61836745,0.6684093433333334,93.00059966666667
2013-11-01,2013-11,November,Colombo,Western,2.0,25851.0,LK11,23.0,0.6948666333333334,0.6999362000000001,99.32382
2013-11-01,2013-11,November,Galle,Southern,2.0,25846.0,LK31,54.0,0.8128197133333334,0.8110670066666666,100.203728
2013-11-01,2013-11,November,Gampaha,Western,2.0,25852.0,LK12,47.0,0.76384964,0.7596452866666666,100.51992
2013-11-01,2013-11,November,Hambantota,Southern,2.0,25847.0,LK33,85.0,0.7256270499999999,0.7371608566666668,98.531955
2013-11-01,2013-11,November,Jaffna,Northern,2.0,25839.0,LK41,31.0,0.6065903,0.6011712133333333,100.82355366666667
2013-11-01,2013-11,November,Kalutara,Western,2.0,25853.0,LK13,52.0,0.8001333,0.7982270133333333,100.22480333333334
2013-11-01,2013-11,November,Kandy,Central,2.0,41748.0,LK21,60.0,0.8006038766666667,0.8012197633333334,99.92838133333333
2013-11-01,2013-11,November,Kegalle,Sabaragamuwa,2.0,25844.0,LK92,55.0,0.8233975766666667,0.82791171,99.48598
2013-11-01,2013-11,November,Kilinochchi,Northern,2.0,25840.0,LK45,41.0,0.61609268,0.6432878833333334,96.045112
2013-11-01,2013-11,November,Kurunegala,North Western,2.0,25837.0,LK61,158.0,0.7788772166666668,0.7751060133333333,100.46017666666667
2013-11-01,2013-11,November,Mannar,Northern,2.0,25841.0,LK42,65.0,0.7225994666666667,0.7253331,99.64388833333334
2013-11-01,2013-11,November,Matale,Central,2.0,25830.0,LK22,67.0,0.7932198866666668,0.7938021000000001,99.93250466666666
2013-11-01,2013-11,November,Matara,Southern,2.0,25848.0,LK32,39.0,0.8216666199999999,0.81549072,100.71443466666666
2013-11-01,2013-11,November,Monaragala,Uva,2.0,25850.0,LK82,186.0,0.7607786666666666,0.77563148,98.199258
2013-11-01,2013-11,November,Mullaitivu,Northern,2.0,25842.0,LK44,85.0,0.7400799666666668,0.7649793100000001,96.94190166666665
2013-11-01,2013-11,November,Nuwara Eliya,Central,2.0,41749.0,LK23,58.0,0.7922315766666667,0.7932364766666667,99.88159666666667
2013-11-01,2013-11,November,Polonnaruwa,North Central,2.0,25836.0,LK72,116.0,0.71995573,0.7374111633333333,97.77890500000001
2013-11-01,2013-11,November,Puttalam,North Western,2.0,25838.0,LK62,107.0,0.75169188,0.7389796133333334,101.61407833333334
2013-11-01,2013-11,November,Ratnapura,Sabaragamuwa,2.0,25845.0,LK91,108.0,0.8149558200000001,0.8127910133333334,100.25175866666666
2013-11-01,2013-11,November,Trincomalee,Eastern,2.0,25834.0,LK53,83.0,0.7099305133333332,0.7405627566666667,96.11628133333333
2013-11-01,2013-11,November,Vavuniya,Northern,2.0,25843.0,LK43,65.0,0.7745861266666667,0.7915826566666667,97.97783499999998
2013-12-01,2013-12,December,Ampara,Eastern,2.0,25832.0,LK52,147.0,0.7686299,0.7766607333333333,99.01918333333333
2013-12-01,2013-12,December,Anuradhapura,North Central,2.0,25835.0,LK71,235.0,0.7750462166666666,0.7848832833333333,98.82064466666667
2013-12-01,2013-12,December,Badulla,Uva,2.0,25849.0,LK81,94.0,0.7835996433333333,0.7869486866666667,99.599335
2013-12-01,2013-12,December,Batticaloa,Eastern,2.0,25833.0,LK51,82.0,0.7174845133333333,0.7287191533333334,98.53980999999999
2013-12-01,2013-12,December,Colombo,Western,2.0,25851.0,LK11,23.0,0.6801130166666667,0.6931179466666667,98.248484
2013-12-01,2013-12,December,Galle,Southern,2.0,25846.0,LK31,54.0,0.8123771333333334,0.8138152533333334,99.83353
2013-12-01,2013-12,December,Gampaha,Western,2.0,25852.0,LK12,47.0,0.7599716000000001,0.7628569066666667,99.6441
2013-12-01,2013-12,December,Hambantota,Southern,2.0,25847.0,LK33,85.0,0.76975529,0.7700227133333333,99.96513633333335
2013-12-01,2013-12,December,Jaffna,Northern,2.0,25839.0,LK41,31.0,0.6444042966666667,0.6252972966666667,102.828954
2013-12-01,2013-12,December,Kalutara,Western,2.0,25853.0,LK13,52.0,0.7913268999999999,0.7963954366666667,99.400738
2013-12-01,2013-12,December,Kandy,Central,2.0,41748.0,LK21,60.0,0.80293941,0.8061117200000001,99.62947966666667
2013-12-01,2013-12,December,Kegalle,Sabaragamuwa,2.0,25844.0,LK92,55.0,0.81775515,0.8268434299999999,98.96339666666665
2013-12-01,2013-12,December,Kilinochchi,Northern,2.0,25840.0,LK45,41.0,0.6954975666666666,0.6934801566666667,100.26452966666666
2013-12-01,2013-12,December,Kurunegala,North Western,2.0,25837.0,LK61,158.0,0.80027384,0.8019920066666666,99.79869000000001
2013-12-01,2013-12,December,Mannar,Northern,2.0,25841.0,LK42,65.0,0.7523594333333333,0.7516517333333333,100.08849033333333
2013-12-01,2013-12,December,Matale,Central,2.0,25830.0,LK22,67.0,0.80491293,0.8089373566666667,99.53104
2013-12-01,2013-12,December,Matara,Southern,2.0,25848.0,LK32,39.0,0.82508635,0.8252643266666667,99.97989
2013-12-01,2013-12,December,Monaragala,Uva,2.0,25850.0,LK82,186.0,0.7950126900000001,0.8032846,99.02906533333334
2013-12-01,2013-12,December,Mullaitivu,Northern,2.0,25842.0,LK44,85.0,0.76519488,0.7785315666666667,98.38979166666667
2013-12-01,2013-12,December,Nuwara Eliya,Central,2.0,41749.0,LK23,58.0,0.7927862,0.7976402033333333,99.42735
2013-12-01,2013-12,December,Polonnaruwa,North Central,2.0,25836.0,LK72,116.0,0.7606591799999999,0.7602516,100.04265333333335
2013-12-01,2013-12,December,Puttalam,North Western,2.0,25838.0,LK62,107.0,0.7658622533333334,0.7589746666666667,100.85165
2013-12-01,2013-12,December,Ratnapura,Sabaragamuwa,2.0,25845.0,LK91,108.0,0.8165666333333333,0.81920739,99.696205
2013-12-01,2013-12,December,Trincomalee,Eastern,2.0,25834.0,LK53,83.0,0.7512200800000001,0.76396468,98.43197166666668
2013-12-01,2013-12,December,Vavuniya,Northern,2.0,25843.0,LK43,65.0,0.7916609866666667,0.8042701600000001,98.52395333333334
2014-01-01,2014-01,January,Ampara,Eastern,2.0,25832.0,LK52,147.0,0.7952893333333334,0.7833097133333333,101.439978
2014-01-01,2014-01,January,Anuradhapura,North Central,2.0,25835.0,LK71,235.0,0.7889322999999999,0.7924991,99.577658
2014-01-01,2014-01,January,Badulla,Uva,2.0,25849.0,LK81,94.0,0.7964014133333333,0.7926376866666667,100.44693666666667
2014-01-01,2014-01,January,Batticaloa,Eastern,2.0,25833.0,LK51,82.0,0.7375081,0.7211823599999999,102.12137
2014-01-01,2014-01,January,Colombo,Western,2.0,25851.0,LK11,23.0,0.6510985333333333,0.6720614033333333,97.09382
2014-01-01,2014-01,January,Galle,Southern,2.0,25846.0,LK31,54.0,0.8048722,0.8078158633333333,99.65674999999999
2014-01-01,2014-01,January,Gampaha,Western,2.0,25852.0,LK12,47.0,0.7193772866666667,0.7362003333333332,97.85123666666668
2014-01-01,2014-01,January,Hambantota,Southern,2.0,25847.0,LK33,85.0,0.76777293,0.77555122,99.05471999999999
2014-01-01,2014-01,January,Jaffna,Northern,2.0,25839.0,LK41,31.0,0.6231204333333333,0.6014972866666667,103.316388
2014-01-01,2014-01,January,Kalutara,Western,2.0,25853.0,LK13,52.0,0.7710762466666666,0.7819341033333332,98.69377666666666
2014-01-01,2014-01,January,Kandy,Central,2.0,41748.0,LK21,60.0,0.7985560833333333,0.7984849533333334,100.00814000000001
2014-01-01,2014-01,January,Kegalle,Sabaragamuwa,2.0,25844.0,LK92,55.0,0.7987830333333333,0.8109299999999999,98.58797666666668
2014-01-01,2014-01,January,Kilinochchi,Northern,2.0,25840.0,LK45,41.0,0.69139995,0.6806254666666667,101.47489666666667
2014-01-01,2014-01,January,Kurunegala,North Western,2.0,25837.0,LK61,158.0,0.7727734266666667,0.7805691266666667,99.05412666666666
2014-01-01,2014-01,January,Mannar,Northern,2.0,25841.0,LK42,65.0,0.7472871666666666,0.7527504566666666,99.31791333333332
2014-01-01,2014-01,January,Matale,Central,2.0,25830.0,LK22,67.0,0.81669152,0.8147227899999999,100.22779866666667
2014-01-01,2014-01,January,Matara,Southern,2.0,25848.0,LK32,39.0,0.8092367233333334,0.8164981633333334,99.16083333333334
2014-01-01,2014-01,January,Monaragala,Uva,2.0,25850.0,LK82,186.0,0.8031480066666666,0.8022891,100.10119333333334
2014-01-01,2014-01,January,Mullaitivu,Northern,2.0,25842.0,LK44,85.0,0.7677462633333333,0.7719806333333333,99.48606
2014-01-01,2014-01,January,Nuwara Eliya,Central,2.0,41749.0,LK23,58.0,0.7836994133333333,0.7875915333333333,99.53526833333335
2014-01-01,2014-01,January,Polonnaruwa,North Central,2.0,25836.0,LK72,116.0,0.8051836066666667,0.7867867866666667,102.19748333333332
2014-01-01,2014-01,January,Puttalam,North Western,2.0,25838.0,LK62,107.0,0.7405657133333333,0.7442575466666667,99.52980666666667
2014-01-01,2014-01,January,Ratnapura,Sabaragamuwa,2.0,25845.0,LK91,108.0,0.8091799466666666,0.8121014333333333,99.66110833333335
2014-01-01,2014-01,January,Trincomalee,Eastern,2.0,25834.0,LK53,83.0,0.76929477,0.76624178,100.37723333333334
2014-01-01,2014-01,January,Vavuniya,Northern,2.0,25843.0,LK43,65.0,0.78653742,0.7948951333333333,99.01241
2014-02-01,2014-02,February,Ampara,Eastern,2.0,25832.0,LK52,147.0,0.7560127066666666,0.7432987,101.59741533333333
2014-02-01,2014-02,February,Anuradhapura,North Central,2.0,25835.0,LK71,235.0,0.7550138666666667,0.75761819,99.67147499999999
2014-02-01,2014-02,February,Badulla,Uva,2.0,25849.0,LK81,94.0,0.7854400666666667,0.7792860999999999,100.74160666666667
2014-02-01,2014-02,February,Batticaloa,Eastern,2.0,25833.0,LK51,82.0,0.68169345,0.6692407333333333,101.72053333333334
2014-02-01,2014-02,February,Colombo,Western,2.0,25851.0,LK11,23.0,0.6269637666666666,0.6544099333333334,96.103134
2014-02-01,2014-02,February,Galle,Southern,2.0,25846.0,LK31,54.0,0.7894487566666667,0.7933937333333333,99.53182166666666
2014-02-01,2014-02,February,Gampaha,Western,2.0,25852.0,LK12,47.0,0.6729865333333334,0.7034402433333332,95.95616833333332
2014-02-01,2014-02,February,Hambantota,Southern,2.0,25847.0,LK33,85.0,0.7134227333333333,0.7486602666666666,95.575968
2014-02-01,2014-02,February,Jaffna,Northern,2.0,25839.0,LK41,31.0,0.55653868,0.5498484466666667,101.09080666666667
2014-02-01,2014-02,February,Kalutara,Western,2.0,25853.0,LK13,52.0,0.7528647199999999,0.7683292866666666,98.109958
2014-02-01,2014-02,February,Kandy,Central,2.0,41748.0,LK21,60.0,0.7763205200000001,0.7830002333333334,99.19655666666667
2014-02-01,2014-02,February,Kegalle,Sabaragamuwa,2.0,25844.0,LK92,55.0,0.77939633,0.7953982866666666,98.10700666666666
2014-02-01,2014-02,February,Kilinochchi,Northern,2.0,25840.0,LK45,41.0,0.6249178466666666,0.62443539,100.05353333333333
2014-02-01,2014-02,February,Kurunegala,North Western,2.0,25837.0,LK61,158.0,0.6892156100000001,0.7190770733333333,96.09341866666666
2014-02-01,2014-02,February,Mannar,Northern,2.0,25841.0,LK42,65.0,0.7127486966666666,0.7307267533333333,97.69319666666667
2014-02-01,2014-02,February,Matale,Central,2.0,25830.0,LK22,67.0,0.8012492366666667,0.7999620333333333,100.15026833333333
2014-02-01,2014-02,February,Matara,Southern,2.0,25848.0,LK32,39.0,0.7867512466666667,0.7943172133333333,99.104642
2014-02-01,2014-02,February,Monaragala,Uva,2.0,25850.0,LK82,186.0,0.7750340133333333,0.7800976533333334,99.38641533333333
2014-02-01,2014-02,February,Mullaitivu,Northern,2.0,25842.0,LK44,85.0,0.7473842833333334,0.7505555999999999,99.60223866666666
2014-02-01,2014-02,February,Nuwara Eliya,Central,2.0,41749.0,LK23,58.0,0.7674108999999999,0.7738566566666667,99.21719966666667
2014-02-01,2014-02,February,Polonnaruwa,North Central,2.0,25836.0,LK72,116.0,0.7884554233333333,0.7762176233333333,101.47303
2014-02-01,2014-02,February,Puttalam,North Western,2.0,25838.0,LK62,107.0,0.6871725766666668,0.7083814966666667,97.19479799999999
2014-02-01,2014-02,February,Ratnapura,Sabaragamuwa,2.0,25845.0,LK91,108.0,0.7957716066666666,0.8001612833333334,99.483295
2014-02-01,2014-02,February,Trincomalee,Eastern,2.0,25834.0,LK53,83.0,0.7514377233333334,0.73724276,101.80244466666666
2014-02-01,2014-02,February,Vavuniya,Northern,2.0,25843.0,LK43,65.0,0.7611789600000001,0.7669161,99.29605333333335
2014-03-01,2014-03,March,Ampara,Eastern,2.0,25832.0,LK52,147.0,0.6953834333333333,0.6993939033333333,99.45482333333332
2014-03-01,2014-03,March,Anuradhapura,North Central,2.0,25835.0,LK71,235.0,0.6882923266666667,0.7122368166666666,96.84868466666666
2014-03-01,2014-03,March,Badulla,Uva,2.0,25849.0,LK81,94.0,0.75789112,0.7597539233333334,99.76767666666666
2014-03-01,2014-03,March,Batticaloa,Eastern,2.0,25833.0,LK51,82.0,0.6196138000000001,0.6270425733333332,98.89073
2014-03-01,2014-03,March,Colombo,Western,2.0,25851.0,LK11,23.0,0.6306564966666667,0.6577345133333333,96.17270833333333
2014-03-01,2014-03,March,Galle,Southern,2.0,25846.0,LK31,54.0,0.7821493666666667,0.7874191600000001,99.37066499999999
2014-03-01,2014-03,March,Gampaha,Western,2.0,25852.0,LK12,47.0,0.6729971466666668,0.6998973133333334,96.41021799999999
2014-03-01,2014-03,March,Hambantota,Southern,2.0,25847.0,LK33,85.0,0.6604619433333333,0.7118593333333333,93.25110466666666
2014-03-01,2014-03,March,Jaffna,Northern,2.0,25839.0,LK41,31.0,0.4912462333333334,0.5109923333333334,96.46253666666667
2014-03-01,2014-03,March,Kalutara,Western,2.0,25853.0,LK13,52.0,0.7541916666666667,0.77279975,97.73822333333334
2014-03-01,2014-03,March,Kandy,Central,2.0,41748.0,LK21,60.0,0.7561266333333334,0.7727419133333333,97.98003
2014-03-01,2014-03,March,Kegalle,Sabaragamuwa,2.0,25844.0,LK92,55.0,0.7836666666666666,0.7990706866666667,98.18519966666668
2014-03-01,2014-03,March,Kilinochchi,Northern,2.0,25840.0,LK45,41.0,0.5579934999999999,0.58135265,96.28377
2014-03-01,2014-03,March,Kurunegala,North Western,2.0,25837.0,LK61,158.0,0.6322879666666666,0.6883870466666666,92.40259466666667
2014-03-01,2014-03,March,Mannar,Northern,2.0,25841.0,LK42,65.0,0.6770984333333333,0.7011477333333334,96.79736000000001
2014-03-01,2014-03,March,Matale,Central,2.0,25830.0,LK22,67.0,0.7671064466666667,0.7756171233333333,98.96625166666666
2014-03-01,2014-03,March,Matara,Southern,2.0,25848.0,LK32,39.0,0.7780085333333333,0.7825581666666667,99.45360999999998
2014-03-01,2014-03,March,Monaragala,Uva,2.0,25850.0,LK82,186.0,0.741981,0.7631427466666666,97.39609
2014-03-01,2014-03,March,Mullaitivu,Northern,2.0,25842.0,LK44,85.0,0.71457684,0.7284733299999999,98.21154000000001
2014-03-01,2014-03,March,Nuwara Eliya,Central,2.0,41749.0,LK23,58.0,0.7587919333333334,0.76845832,98.81897666666667
2014-03-01,2014-03,March,Polonnaruwa,North Central,2.0,25836.0,LK72,116.0,0.7165422333333332,0.7271072466666667,98.62609666666667
2014-03-01,2014-03,March,Puttalam,North Western,2.0,25838.0,LK62,107.0,0.65362241,0.6856575333333333,95.64513666666666
2014-03-01,2014-03,March,Ratnapura,Sabaragamuwa,2.0,25845.0,LK91,108.0,0.7867046133333333,0.7967155966666667,98.81778700000001
2014-03-01,2014-03,March,Trincomalee,Eastern,2.0,25834.0,LK53,83.0,0.69853895,0.6988553533333333,99.945545
2014-03-01,2014-03,March,Vavuniya,Northern,2.0,25843.0,LK43,65.0,0.7242789333333333,0.7414863666666666,97.82280333333334
2014-04-01,2014-04,April,Ampara,Eastern,2.0,25832.0,LK52,147.0,0.6644888833333333,0.6831142633333332,97.45943166666666
2014-04-01,2014-04,April,Anuradhapura,North Central,2.0,25835.0,LK71,235.0,0.6937689433333333,0.71229456,97.558118
2014-04-01,2014-04,April,Badulla,Uva,2.0,25849.0,LK81,94.0,0.74503544,0.7551976666666667,98.737935
2014-04-01,2014-04,April,Batticaloa,Eastern,2.0,25833.0,LK51,82.0,0.5883979333333333,0.60768549,97.06744333333334
2014-04-01,2014-04,April,Colombo,Western,2.0,25851.0,LK11,23.0,0.6600536,0.6772539700000001,97.63123166666666
2014-04-01,2014-04,April,Galle,Southern,2.0,25846.0,LK31,54.0,0.7910573966666666,0.79412357,99.636645
2014-04-01,2014-04,April,Gampaha,Western,2.0,25852.0,LK12,47.0,0.7143886333333334,0.7242393766666666,98.72185333333333
2014-04-01,2014-04,April,Hambantota,Southern,2.0,25847.0,LK33,85.0,0.66114628,0.7008370866666667,94.712125
2014-04-01,2014-04,April,Jaffna,Northern,2.0,25839.0,LK41,31.0,0.4622010733333333,0.49807874333333335,93.453663
2014-04-01,2014-04,April,Kalutara,Western,2.0,25853.0,LK13,52.0,0.7745512666666666,0.7875598333333333,98.44572533333333
2014-04-01,2014-04,April,Kandy,Central,2.0,41748.0,LK21,60.0,0.7554499933333334,0.7766860666666666,97.43083333333334
2014-04-01,2014-04,April,Kegalle,Sabaragamuwa,2.0,25844.0,LK92,55.0,0.8081775466666666,0.8171027799999999,98.96915133333334
2014-04-01,2014-04,April,Kilinochchi,Northern,2.0,25840.0,LK45,41.0,0.5206764,0.5641594166666667,92.91865
2014-04-01,2014-04,April,Kurunegala,North Western,2.0,25837.0,LK61,158.0,0.6832008166666667,0.7250464233333332,94.57010000000001
2014-04-01,2014-04,April,Mannar,Northern,2.0,25841.0,LK42,65.0,0.6675943666666666,0.6830917666666667,97.88840666666665
2014-04-01,2014-04,April,Matale,Central,2.0,25830.0,LK22,67.0,0.7566378,0.76829087,98.57542666666666
2014-04-01,2014-04,April,Matara,Southern,2.0,25848.0,LK32,39.0,0.7864324366666667,0.78895477,99.69930666666666
2014-04-01,2014-04,April,Monaragala,Uva,2.0,25850.0,LK82,186.0,0.7401433666666666,0.7644638666666667,97.01334200000001
2014-04-01,2014-04,April,Mullaitivu,Northern,2.0,25842.0,LK44,85.0,0.69416468,0.714852,97.29530199999999
2014-04-01,2014-04,April,Nuwara Eliya,Central,2.0,41749.0,LK23,58.0,0.76201146,0.7739699466666666,98.54863
2014-04-01,2014-04,April,Polonnaruwa,North Central,2.0,25836.0,LK72,116.0,0.6765224,0.69618518,97.36564
2014-04-01,2014-04,April,Puttalam,North Western,2.0,25838.0,LK62,107.0,0.6813981166666667,0.6956772999999999,98.076252
2014-04-01,2014-04,April,Ratnapura,Sabaragamuwa,2.0,25845.0,LK91,108.0,0.7957320633333334,0.8041900966666665,99.00913666666668
2014-04-01,2014-04,April,Trincomalee,Eastern,2.0,25834.0,LK53,83.0,0.6537634466666667,0.6763330233333334,96.89140000000002
2014-04-01,2014-04,April,Vavuniya,Northern,2.0,25843.0,LK43,65.0,0.7181015466666666,0.7370928533333334,97.58616666666666
2014-05-01,2014-05,May,Ampara,Eastern,2.0,25832.0,LK52,147.0,0.6833959333333333,0.6942442600000001,98.53989333333334
2014-05-01,2014-05,May,Anuradhapura,North Central,2.0,25835.0,LK71,235.0,0.73301758,0.72566436,100.94750333333333
2014-05-01,2014-05,May,Badulla,Uva,2.0,25849.0,LK81,94.0,0.7554595333333333,0.7554970333333334,99.99637
2014-05-01,2014-05,May,Batticaloa,Eastern,2.0,25833.0,LK51,82.0,0.6108496,0.6097193333333334,100.16981333333332
2014-05-01,2014-05,May,Colombo,Western,2.0,25851.0,LK11,23.0,0.68307822,0.6955265166666668,98.33097333333335
2014-05-01,2014-05,May,Galle,Southern,2.0,25846.0,LK31,54.0,0.7955209700000001,0.8004023433333334,99.42614666666667
2014-05-01,2014-05,May,Gampaha,Western,2.0,25852.0,LK12,47.0,0.7453588233333334,0.74915808,99.52528
2014-05-01,2014-05,May,Hambantota,Southern,2.0,25847.0,LK33,85.0,0.6712948933333333,0.7062601000000001,95.37671333333333
2014-05-01,2014-05,May,Jaffna,Northern,2.0,25839.0,LK41,31.0,0.45740427666666666,0.49670642333333337,92.80996166666667
2014-05-01,2014-05,May,Kalutara,Western,2.0,25853.0,LK13,52.0,0.78818973,0.7966547366666666,99.00015666666667
2014-05-01,2014-05,May,Kandy,Central,2.0,41748.0,LK21,60.0,0.7717333166666666,0.7845254766666666,98.46653500000001
2014-05-01,2014-05,May,Kegalle,Sabaragamuwa,2.0,25844.0,LK92,55.0,0.8279102800000001,0.8317203266666667,99.56781666666666
2014-05-01,2014-05,May,Kilinochchi,Northern,2.0,25840.0,LK45,41.0,0.5115519833333333,0.5603386866666668,92.005925
2014-05-01,2014-05,May,Kurunegala,North Western,2.0,25837.0,LK61,158.0,0.7580018866666668,0.7688743966666666,98.66833466666667
2014-05-01,2014-05,May,Mannar,Northern,2.0,25841.0,LK42,65.0,0.6823717833333333,0.67330281,101.25822133333334
2014-05-01,2014-05,May,Matale,Central,2.0,25830.0,LK22,67.0,0.7666845266666668,0.7697553166666666,99.62544666666668
2014-05-01,2014-05,May,Matara,Southern,2.0,25848.0,LK32,39.0,0.7953444033333333,0.8025984233333333,99.15038866666667
2014-05-01,2014-05,May,Monaragala,Uva,2.0,25850.0,LK82,186.0,0.7444216499999999,0.7616334866666667,97.879007
2014-05-01,2014-05,May,Mullaitivu,Northern,2.0,25842.0,LK44,85.0,0.6894529333333334,0.70917131,97.40208666666666
2014-05-01,2014-05,May,Nuwara Eliya,Central,2.0,41749.0,LK23,58.0,0.7698649333333334,0.7783765833333334,98.97249133333334
2014-05-01,2014-05,May,Polonnaruwa,North Central,2.0,25836.0,LK72,116.0,0.6962430866666667,0.6925152333333333,100.50261666666665
2014-05-01,2014-05,May,Puttalam,North Western,2.0,25838.0,LK62,107.0,0.7162261233333332,0.7109920000000001,100.68737533333332
2014-05-01,2014-05,May,Ratnapura,Sabaragamuwa,2.0,25845.0,LK91,108.0,0.8066851466666667,0.8096791900000001,99.65169133333332
2014-05-01,2014-05,May,Trincomalee,Eastern,2.0,25834.0,LK53,83.0,0.6574995766666666,0.6749312466666666,97.59532999999999
2014-05-01,2014-05,May,Vavuniya,Northern,2.0,25843.0,LK43,65.0,0.7315179333333334,0.73722455,99.27573833333334
2014-06-01,2014-06,June,Ampara,Eastern,2.0,25832.0,LK52,147.0,0.6765283200000001,0.69607917,97.37266
2014-06-01,2014-06,June,Anuradhapura,North Central,2.0,25835.0,LK71,235.0,0.6827828333333333,0.6999913666666666,97.687022
2014-06-01,2014-06,June,Badulla,Uva,2.0,25849.0,LK81,94.0,0.74561024,0.7429939533333334,100.32614533333333
2014-06-01,2014-06,June,Batticaloa,Eastern,2.0,25833.0,LK51,82.0,0.5991170433333334,0.5971564333333333,100.28607466666666
2014-06-01,2014-06,June,Colombo,Western,2.0,25851.0,LK11,23.0,0.6830753466666667,0.7040921833333332,97.21317333333333
2014-06-01,2014-06,June,Galle,Southern,2.0,25846.0,LK31,54.0,0.7931073666666667,0.8009732366666666,99.07563333333333
2014-06-01,2014-06,June,Gampaha,Western,2.0,25852.0,LK12,47.0,0.7483631133333333,0.7584368933333333,98.75387
2014-06-01,2014-06,June,Hambantota,Southern,2.0,25847.0,LK33,85.0,0.6354674333333333,0.6984099533333333,91.58342666666665
2014-06-01,2014-06,June,Jaffna,Northern,2.0,25839.0,LK41,31.0,0.4316387033333333,0.48190153666666663,90.54323466666666
2014-06-01,2014-06,June,Kalutara,Western,2.0,25853.0,LK13,52.0,0.7873692333333334,0.7987041333333332,98.66441133333335
2014-06-01,2014-06,June,Kandy,Central,2.0,41748.0,LK21,60.0,0.7805016533333333,0.7865019333333333,99.28271
2014-06-01,2014-06,June,Kegalle,Sabaragamuwa,2.0,25844.0,LK92,55.0,0.8321302733333334,0.8373326266666666,99.413722
2014-06-01,2014-06,June,Kilinochchi,Northern,2.0,25840.0,LK45,41.0,0.48939836666666664,0.5513656466666667,89.691245
2014-06-01,2014-06,June,Kurunegala,North Western,2.0,25837.0,LK61,158.0,0.7642398633333333,0.7748695666666666,98.71025866666666
2014-06-01,2014-06,June,Mannar,Northern,2.0,25841.0,LK42,65.0,0.6630276866666667,0.6502179333333333,101.82429833333333
2014-06-01,2014-06,June,Matale,Central,2.0,25830.0,LK22,67.0,0.7458745999999999,0.7593344433333332,98.33365833333333
2014-06-01,2014-06,June,Matara,Southern,2.0,25848.0,LK32,39.0,0.7986572399999999,0.8112293133333334,98.54020666666668
2014-06-01,2014-06,June,Monaragala,Uva,2.0,25850.0,LK82,186.0,0.6994426433333333,0.7310031866666667,95.94572166666667
2014-06-01,2014-06,June,Mullaitivu,Northern,2.0,25842.0,LK44,85.0,0.66362351,0.6991408666666666,95.25523
2014-06-01,2014-06,June,Nuwara Eliya,Central,2.0,41749.0,LK23,58.0,0.7680425,0.7738468,99.29539499999998
2014-06-01,2014-06,June,Polonnaruwa,North Central,2.0,25836.0,LK72,116.0,0.67563963,0.6941723433333333,97.51255166666668
2014-06-01,2014-06,June,Puttalam,North Western,2.0,25838.0,LK62,107.0,0.70309935,0.7017504666666667,100.17647333333333
2014-06-01,2014-06,June,Ratnapura,Sabaragamuwa,2.0,25845.0,LK91,108.0,0.8007737600000001,0.8067291666666666,99.30433133333334
2014-06-01,2014-06,June,Trincomalee,Eastern,2.0,25834.0,LK53,83.0,0.63784655,0.6693011666666666,95.62205999999999
2014-06-01,2014-06,June,Vavuniya,Northern,2.0,25843.0,LK43,65.0,0.6981799533333333,0.7127846833333332,98.07685500000001
2014-07-01,2014-07,July,Ampara,Eastern,2.0,25832.0,LK52,147.0,0.6173475933333333,0.66297264,93.590662
2014-07-01,2014-07,July,Anuradhapura,North Central,2.0,25835.0,LK71,235.0,0.6226059166666666,0.66451175,94.12966133333333
2014-07-01,2014-07,July,Badulla,Uva,2.0,25849.0,LK81,94.0,0.7016482,0.7170180433333333,97.99041833333332
2014-07-01,2014-07,July,Batticaloa,Eastern,2.0,25833.0,LK51,82.0,0.5284577333333333,0.5537752966666667,95.79042
2014-07-01,2014-07,July,Colombo,Western,2.0,25851.0,LK11,23.0,0.6758072133333334,0.7042327766666666,96.23159666666668
2014-07-01,2014-07,July,Galle,Southern,2.0,25846.0,LK31,54.0,0.7915907133333334,0.7963837866666666,99.43407333333333
2014-07-01,2014-07,July,Gampaha,Western,2.0,25852.0,LK12,47.0,0.7396978533333334,0.7523134333333333,98.42860999999999
2014-07-01,2014-07,July,Hambantota,Southern,2.0,25847.0,LK33,85.0,0.5923744833333333,0.6664425666666667,89.65539333333334
2014-07-01,2014-07,July,Jaffna,Northern,2.0,25839.0,LK41,31.0,0.41091720000000004,0.46375180666666665,89.719315
2014-07-01,2014-07,July,Kalutara,Western,2.0,25853.0,LK13,52.0,0.7866538200000001,0.7950797433333333,99.00371333333334
2014-07-01,2014-07,July,Kandy,Central,2.0,41748.0,LK21,60.0,0.7776544166666666,0.7818825266666667,99.49186666666667
2014-07-01,2014-07,July,Kegalle,Sabaragamuwa,2.0,25844.0,LK92,55.0,0.8334593466666668,0.8361627166666666,99.6954
2014-07-01,2014-07,July,Kilinochchi,Northern,2.0,25840.0,LK45,41.0,0.4713666566666667,0.5403985833333333,88.30968666666666
2014-07-01,2014-07,July,Kurunegala,North Western,2.0,25837.0,LK61,158.0,0.7323531500000001,0.7443222666666666,98.498552
2014-07-01,2014-07,July,Mannar,Northern,2.0,25841.0,LK42,65.0,0.6239702566666666,0.62472038,99.88643666666667
2014-07-01,2014-07,July,Matale,Central,2.0,25830.0,LK22,67.0,0.7151467333333333,0.7411886500000001,96.70740666666666
2014-07-01,2014-07,July,Matara,Southern,2.0,25848.0,LK32,39.0,0.8022982500000001,0.8077109,99.36966366666667
2014-07-01,2014-07,July,Monaragala,Uva,2.0,25850.0,LK82,186.0,0.6377084000000001,0.6853212933333334,93.51775500000001
2014-07-01,2014-07,July,Mullaitivu,Northern,2.0,25842.0,LK44,85.0,0.6389819566666667,0.6886919566666667,93.27021333333334
2014-07-01,2014-07,July,Nuwara Eliya,Central,2.0,41749.0,LK23,58.0,0.7584373433333332,0.7643455466666667,99.27446033333332
2014-07-01,2014-07,July,Polonnaruwa,North Central,2.0,25836.0,LK72,116.0,0.6197879000000001,0.6896422566666667,90.55206833333334
2014-07-01,2014-07,July,Puttalam,North Western,2.0,25838.0,LK62,107.0,0.6629594799999999,0.6679628466666667,99.30584333333333
2014-07-01,2014-07,July,Ratnapura,Sabaragamuwa,2.0,25845.0,LK91,108.0,0.7842663666666666,0.7948234166666667,98.75007
2014-07-01,2014-07,July,Trincomalee,Eastern,2.0,25834.0,LK53,83.0,0.6054835333333334,0.6580614966666667,92.57392533333332
2014-07-01,2014-07,July,Vavuniya,Northern,2.0,25843.0,LK43,65.0,0.6543322833333334,0.68687702,95.58071333333334
2014-08-01,2014-08,August,Ampara,Eastern,2.0,25832.0,LK52,147.0,0.59187026,0.6297521233333333,94.43391266666667
2014-08-01,2014-08,August,Anuradhapura,North Central,2.0,25835.0,LK71,235.0,0.6225080666666667,0.6509886466666667,95.937742
2014-08-01,2014-08,August,Badulla,Uva,2.0,25849.0,LK81,94.0,0.6810372333333333,0.7010389,97.33766166666668
2014-08-01,2014-08,August,Batticaloa,Eastern,2.0,25833.0,LK51,82.0,0.5109825,0.5290863866666666,96.87657
2014-08-01,2014-08,August,Colombo,Western,2.0,25851.0,LK11,23.0,0.6817565033333333,0.6977320533333332,97.864508
2014-08-01,2014-08,August,Galle,Southern,2.0,25846.0,LK31,54.0,0.8006017966666666,0.79401784,100.78004666666668
2014-08-01,2014-08,August,Gampaha,Western,2.0,25852.0,LK12,47.0,0.7429240866666666,0.7410126333333333,100.24331166666667
2014-08-01,2014-08,August,Hambantota,Southern,2.0,25847.0,LK33,85.0,0.5615591999999999,0.6358906333333333,89.16511133333331
2014-08-01,2014-08,August,Jaffna,Northern,2.0,25839.0,LK41,31.0,0.42641072666666663,0.46041914,93.32964466666665
2014-08-01,2014-08,August,Kalutara,Western,2.0,25853.0,LK13,52.0,0.79747179,0.7902804933333334,100.856272
2014-08-01,2014-08,August,Kandy,Central,2.0,41748.0,LK21,60.0,0.7740888666666667,0.7761413999999999,99.751688
2014-08-01,2014-08,August,Kegalle,Sabaragamuwa,2.0,25844.0,LK92,55.0,0.8364999566666667,0.83049366,100.68247133333334
2014-08-01,2014-08,August,Kilinochchi,Northern,2.0,25840.0,LK45,41.0,0.48271218,0.5262446000000001,92.45485666666667
2014-08-01,2014-08,August,Kurunegala,North Western,2.0,25837.0,LK61,158.0,0.7176147533333334,0.7056622866666666,101.592338
2014-08-01,2014-08,August,Mannar,Northern,2.0,25841.0,LK42,65.0,0.62168817,0.6115338466666667,101.53604
2014-08-01,2014-08,August,Matale,Central,2.0,25830.0,LK22,67.0,0.7064382833333335,0.72781648,97.25211266666668
2014-08-01,2014-08,August,Matara,Southern,2.0,25848.0,LK32,39.0,0.80682732,0.7997613100000001,100.83244166666667
2014-08-01,2014-08,August,Monaragala,Uva,2.0,25850.0,LK82,186.0,0.6166924566666666,0.6643590033333333,93.32774866666666
2014-08-01,2014-08,August,Mullaitivu,Northern,2.0,25842.0,LK44,85.0,0.6550741,0.6894681,95.345643
2014-08-01,2014-08,August,Nuwara Eliya,Central,2.0,41749.0,LK23,58.0,0.7562689533333332,0.7604915800000001,99.47900533333335
2014-08-01,2014-08,August,Polonnaruwa,North Central,2.0,25836.0,LK72,116.0,0.6118129066666667,0.6756234133333333,91.219245
2014-08-01,2014-08,August,Puttalam,North Western,2.0,25838.0,LK62,107.0,0.6449548333333334,0.6345897133333334,101.52141833333333
2014-08-01,2014-08,August,Ratnapura,Sabaragamuwa,2.0,25845.0,LK91,108.0,0.7747546200000001,0.7835099900000001,98.94997166666667
2014-08-01,2014-08,August,Trincomalee,Eastern,2.0,25834.0,LK53,83.0,0.6339971333333333,0.6609511433333334,96.20336333333334
2014-08-01,2014-08,August,Vavuniya,Northern,2.0,25843.0,LK43,65.0,0.6608589833333333,0.6878702466666667,96.33434666666666
2014-09-01,2014-09,September,Ampara,Eastern,2.0,25832.0,LK52,147.0,0.6251816066666667,0.6329594333333334,98.8504
2014-09-01,2014-09,September,Anuradhapura,North Central,2.0,25835.0,LK71,235.0,0.6687335933333333,0.6619698366666666,100.93742366666667
2014-09-01,2014-09,September,Badulla,Uva,2.0,25849.0,LK81,94.0,0.7050804833333334,0.7060127666666668,99.8707
2014-09-01,2014-09,September,Batticaloa,Eastern,2.0,25833.0,LK51,82.0,0.5431154333333333,0.5397494566666667,100.564678
2014-09-01,2014-09,September,Colombo,Western,2.0,25851.0,LK11,23.0,0.6930057766666667,0.6961392833333333,99.57989200000002
2014-09-01,2014-09,September,Galle,Southern,2.0,25846.0,LK31,54.0,0.81433455,0.7968295466666667,102.06671666666666
2014-09-01,2014-09,September,Gampaha,Western,2.0,25852.0,LK12,47.0,0.7542361366666667,0.7382961266666667,102.02187199999999
2014-09-01,2014-09,September,Hambantota,Southern,2.0,25847.0,LK33,85.0,0.5737192000000001,0.63163102,91.49715333333332
2014-09-01,2014-09,September,Jaffna,Northern,2.0,25839.0,LK41,31.0,0.47477094,0.4845341333333333,98.15035333333333
2014-09-01,2014-09,September,Kalutara,Western,2.0,25853.0,LK13,52.0,0.8069352333333333,0.79020558,101.99106866666666
2014-09-01,2014-09,September,Kandy,Central,2.0,41748.0,LK21,60.0,0.7809066333333333,0.77577225,100.62112133333333
2014-09-01,2014-09,September,Kegalle,Sabaragamuwa,2.0,25844.0,LK92,55.0,0.8350248366666667,0.82574345,101.05987333333333
2014-09-01,2014-09,September,Kilinochchi,Northern,2.0,25840.0,LK45,41.0,0.5244203166666667,0.52585062,99.73683833333332
2014-09-01,2014-09,September,Kurunegala,North Western,2.0,25837.0,LK61,158.0,0.7351506166666667,0.7007411133333333,104.58174666666666
2014-09-01,2014-09,September,Mannar,Northern,2.0,25841.0,LK42,65.0,0.65488,0.62242828,104.81794333333333
2014-09-01,2014-09,September,Matale,Central,2.0,25830.0,LK22,67.0,0.7257034466666666,0.73437527,98.889628
2014-09-01,2014-09,September,Matara,Southern,2.0,25848.0,LK32,39.0,0.8115812,0.7964650633333333,101.78577
2014-09-01,2014-09,September,Monaragala,Uva,2.0,25850.0,LK82,186.0,0.65017365,0.67865846,96.078822
2014-09-01,2014-09,September,Mullaitivu,Northern,2.0,25842.0,LK44,85.0,0.7033439333333332,0.7039018433333334,99.91708999999999
2014-09-01,2014-09,September,Nuwara Eliya,Central,2.0,41749.0,LK23,58.0,0.7665235300000001,0.7645634333333334,100.2398
2014-09-01,2014-09,September,Polonnaruwa,North Central,2.0,25836.0,LK72,116.0,0.6553778499999999,0.66211692,99.04994933333334
2014-09-01,2014-09,September,Puttalam,North Western,2.0,25838.0,LK62,107.0,0.6709996466666667,0.6389632333333334,104.644408
2014-09-01,2014-09,September,Ratnapura,Sabaragamuwa,2.0,25845.0,LK91,108.0,0.7812218666666667,0.7821766166666667,99.88460533333334
2014-09-01,2014-09,September,Trincomalee,Eastern,2.0,25834.0,LK53,83.0,0.6825321066666667,0.67273578,101.34935333333334
2014-09-01,2014-09,September,Vavuniya,Northern,2.0,25843.0,LK43,65.0,0.7131979333333334,0.7114957333333334,100.21222333333333
2014-10-01,2014-10,October,Ampara,Eastern,2.0,25832.0,LK52,147.0,0.6824584833333334,0.6726984566666667,101.35004833333333
2014-10-01,2014-10,October,Anuradhapura,North Central,2.0,25835.0,LK71,235.0,0.7295385766666667,0.7050825566666666,103.24846866666667
2014-10-01,2014-10,October,Badulla,Uva,2.0,25849.0,LK81,94.0,0.7556244666666667,0.73642772,102.43831
2014-10-01,2014-10,October,Batticaloa,Eastern,2.0,25833.0,LK51,82.0,0.5931845333333333,0.58577872,101.170343
2014-10-01,2014-10,October,Colombo,Western,2.0,25851.0,LK11,23.0,0.6988072233333332,0.6993316900000001,99.92997466666667
2014-10-01,2014-10,October,Galle,Southern,2.0,25846.0,LK31,54.0,0.8240388833333334,0.80463834,102.27038666666665
2014-10-01,2014-10,October,Gampaha,Western,2.0,25852.0,LK12,47.0,0.7622730133333334,0.7456929666666667,102.08483666666666
2014-10-01,2014-10,October,Hambantota,Southern,2.0,25847.0,LK33,85.0,0.6411109833333334,0.67526712,95.26881666666668
2014-10-01,2014-10,October,Jaffna,Northern,2.0,25839.0,LK41,31.0,0.5493075066666667,0.53861731,101.79076533333334
2014-10-01,2014-10,October,Kalutara,Western,2.0,25853.0,LK13,52.0,0.8100108533333333,0.7947389133333332,101.80820533333333
2014-10-01,2014-10,October,Kandy,Central,2.0,41748.0,LK21,60.0,0.8030999733333334,0.7867203666666667,101.956522
2014-10-01,2014-10,October,Kegalle,Sabaragamuwa,2.0,25844.0,LK92,55.0,0.8363084233333334,0.8250890333333333,101.282045
2014-10-01,2014-10,October,Kilinochchi,Northern,2.0,25840.0,LK45,41.0,0.59864388,0.5664579066666667,105.19941999999999
2014-10-01,2014-10,October,Kurunegala,North Western,2.0,25837.0,LK61,158.0,0.7640752866666668,0.7316796600000001,104.15272533333332
2014-10-01,2014-10,October,Mannar,Northern,2.0,25841.0,LK42,65.0,0.7106353766666667,0.6693824666666667,105.74488333333333
2014-10-01,2014-10,October,Matale,Central,2.0,25830.0,LK22,67.0,0.7766531966666667,0.7646746466666666,101.46559466666668
2014-10-01,2014-10,October,Matara,Southern,2.0,25848.0,LK32,39.0,0.8181923000000001,0.8024033333333334,101.85255
2014-10-01,2014-10,October,Monaragala,Uva,2.0,25850.0,LK82,186.0,0.7178453633333334,0.7241691666666666,99.17442666666666
2014-10-01,2014-10,October,Mullaitivu,Northern,2.0,25842.0,LK44,85.0,0.7508423066666667,0.7338299833333334,102.16982833333333
2014-10-01,2014-10,October,Nuwara Eliya,Central,2.0,41749.0,LK23,58.0,0.7868379166666667,0.7775780666666666,101.11817333333333
2014-10-01,2014-10,October,Polonnaruwa,North Central,2.0,25836.0,LK72,116.0,0.7160769833333335,0.6956889,102.740952
2014-10-01,2014-10,October,Puttalam,North Western,2.0,25838.0,LK62,107.0,0.7195722666666667,0.6856798166666667,104.61939866666667
2014-10-01,2014-10,October,Ratnapura,Sabaragamuwa,2.0,25845.0,LK91,108.0,0.8049833,0.7957741733333333,101.08771999999999
2014-10-01,2014-10,October,Trincomalee,Eastern,2.0,25834.0,LK53,83.0,0.7179104333333334,0.7037558566666666,101.88600166666667
2014-10-01,2014-10,October,Vavuniya,Northern,2.0,25843.0,LK43,65.0,0.7702312633333334,0.7542895333333334,101.98467
2014-11-01,2014-11,November,Ampara,Eastern,2.0,25832.0,LK52,147.0,0.7335857,0.73024149,100.43382333333334
2014-11-01,2014-11,November,Anuradhapura,North Central,2.0,25835.0,LK71,235.0,0.7602953,0.75418649,100.765237
2014-11-01,2014-11,November,Badulla,Uva,2.0,25849.0,LK81,94.0,0.7817535333333333,0.7692643666666666,101.52748333333334
2014-11-01,2014-11,November,Batticaloa,Eastern,2.0,25833.0,LK51,82.0,0.6716011866666666,0.6684093433333334,100.44922833333334
2014-11-01,2014-11,November,Colombo,Western,2.0,25851.0,LK11,23.0,0.70316375,0.6999362000000001,100.43055166666666
2014-11-01,2014-11,November,Galle,Southern,2.0,25846.0,LK31,54.0,0.8251703666666667,0.8110670066666666,101.638118
2014-11-01,2014-11,November,Gampaha,Western,2.0,25852.0,LK12,47.0,0.7701389833333333,0.7596452866666666,101.29649166666667
2014-11-01,2014-11,November,Hambantota,Southern,2.0,25847.0,LK33,85.0,0.7137804000000001,0.7371608566666668,97.02592333333332
2014-11-01,2014-11,November,Jaffna,Northern,2.0,25839.0,LK41,31.0,0.62207631,0.6011712133333333,103.21324
2014-11-01,2014-11,November,Kalutara,Western,2.0,25853.0,LK13,52.0,0.8075967833333334,0.7982270133333333,101.104685
2014-11-01,2014-11,November,Kandy,Central,2.0,41748.0,LK21,60.0,0.8179722233333333,0.8012197633333334,101.96839833333333
2014-11-01,2014-11,November,Kegalle,Sabaragamuwa,2.0,25844.0,LK92,55.0,0.8413605466666666,0.82791171,101.53186333333333
2014-11-01,2014-11,November,Kilinochchi,Northern,2.0,25840.0,LK45,41.0,0.6826983466666666,0.6432878833333334,105.69384500000001
2014-11-01,2014-11,November,Kurunegala,North Western,2.0,25837.0,LK61,158.0,0.7951084233333333,0.7751060133333333,102.42782
2014-11-01,2014-11,November,Mannar,Northern,2.0,25841.0,LK42,65.0,0.7426348633333334,0.7253331,102.24838666666666
2014-11-01,2014-11,November,Matale,Central,2.0,25830.0,LK22,67.0,0.8036860200000001,0.7938021000000001,101.17314133333333
2014-11-01,2014-11,November,Matara,Southern,2.0,25848.0,LK32,39.0,0.8277785999999999,0.81549072,101.42032
2014-11-01,2014-11,November,Monaragala,Uva,2.0,25850.0,LK82,186.0,0.7737252633333332,0.77563148,99.767722
2014-11-01,2014-11,November,Mullaitivu,Northern,2.0,25842.0,LK44,85.0,0.7768937133333332,0.7649793100000001,101.46410866666668
2014-11-01,2014-11,November,Nuwara Eliya,Central,2.0,41749.0,LK23,58.0,0.8032453733333332,0.7932364766666667,101.18708333333332
2014-11-01,2014-11,November,Polonnaruwa,North Central,2.0,25836.0,LK72,116.0,0.73543535,0.7374111633333333,99.75617
2014-11-01,2014-11,November,Puttalam,North Western,2.0,25838.0,LK62,107.0,0.7568541666666667,0.7389796133333334,102.27253666666667
2014-11-01,2014-11,November,Ratnapura,Sabaragamuwa,2.0,25845.0,LK91,108.0,0.8210018166666666,0.8127910133333334,100.952127
2014-11-01,2014-11,November,Trincomalee,Eastern,2.0,25834.0,LK53,83.0,0.7377626333333334,0.7405627566666667,99.65158666666667
2014-11-01,2014-11,November,Vavuniya,Northern,2.0,25843.0,LK43,65.0,0.7936676666666668,0.7915826566666667,100.25189166666667
2014-12-01,2014-12,December,Ampara,Eastern,2.0,25832.0,LK52,147.0,0.7712183366666666,0.7766607333333333,99.345778
2014-12-01,2014-12,December,Anuradhapura,North Central,2.0,25835.0,LK71,235.0,0.7816917533333333,0.7848832833333333,99.62016533333333
2014-12-01,2014-12,December,Badulla,Uva,2.0,25849.0,LK81,94.0,0.7918177166666668,0.7869486866666667,100.58224166666666
2014-12-01,2014-12,December,Batticaloa,Eastern,2.0,25833.0,LK51,82.0,0.7208621466666667,0.7287191533333334,98.996945
2014-12-01,2014-12,December,Colombo,Western,2.0,25851.0,LK11,23.0,0.7000623133333334,0.6931179466666667,100.93452666666667
2014-12-01,2014-12,December,Galle,Southern,2.0,25846.0,LK31,54.0,0.8224283666666666,0.8138152533333334,100.99714333333334
2014-12-01,2014-12,December,Gampaha,Western,2.0,25852.0,LK12,47.0,0.7731829533333333,0.7628569066666667,101.27051
2014-12-01,2014-12,December,Hambantota,Southern,2.0,25847.0,LK33,85.0,0.7516066533333333,0.7700227133333333,97.75288499999999
2014-12-01,2014-12,December,Jaffna,Northern,2.0,25839.0,LK41,31.0,0.6405624,0.6252972966666667,102.26083
2014-12-01,2014-12,December,Kalutara,Western,2.0,25853.0,LK13,52.0,0.8038942333333333,0.7963954366666667,100.88600666666667
2014-12-01,2014-12,December,Kandy,Central,2.0,41748.0,LK21,60.0,0.8192205133333333,0.8061117200000001,101.53119
2014-12-01,2014-12,December,Kegalle,Sabaragamuwa,2.0,25844.0,LK92,55.0,0.8386357333333333,0.8268434299999999,101.34454666666666
2014-12-01,2014-12,December,Kilinochchi,Northern,2.0,25840.0,LK45,41.0,0.7232992,0.6934801566666667,104.015468
2014-12-01,2014-12,December,Kurunegala,North Western,2.0,25837.0,LK61,158.0,0.8138194200000001,0.8019920066666666,101.389403
2014-12-01,2014-12,December,Mannar,Northern,2.0,25841.0,LK42,65.0,0.7442769333333333,0.7516517333333333,99.08242333333334
2014-12-01,2014-12,December,Matale,Central,2.0,25830.0,LK22,67.0,0.8103656466666666,0.8089373566666667,100.16742166666667
2014-12-01,2014-12,December,Matara,Southern,2.0,25848.0,LK32,39.0,0.8347213333333334,0.8252643266666667,101.08053
2014-12-01,2014-12,December,Monaragala,Uva,2.0,25850.0,LK82,186.0,0.8057593133333333,0.8032846,100.28931533333332
2014-12-01,2014-12,December,Mullaitivu,Northern,2.0,25842.0,LK44,85.0,0.7837274133333333,0.7785315666666667,100.62736833333334
2014-12-01,2014-12,December,Nuwara Eliya,Central,2.0,41749.0,LK23,58.0,0.8089442133333332,0.7976402033333333,101.333687
2014-12-01,2014-12,December,Polonnaruwa,North Central,2.0,25836.0,LK72,116.0,0.7358008333333332,0.7602516,96.98758333333335
2014-12-01,2014-12,December,Puttalam,North Western,2.0,25838.0,LK62,107.0,0.7671563633333335,0.7589746666666667,101.01161466666667
2014-12-01,2014-12,December,Ratnapura,Sabaragamuwa,2.0,25845.0,LK91,108.0,0.8262903666666667,0.81920739,100.81487
2014-12-01,2014-12,December,Trincomalee,Eastern,2.0,25834.0,LK53,83.0,0.7444301000000001,0.76396468,97.60282366666667
2014-12-01,2014-12,December,Vavuniya,Northern,2.0,25843.0,LK43,65.0,0.7943958700000001,0.8042701600000001,98.844366
2015-01-01,2015-01,January,Ampara,Eastern,2.0,25832.0,LK52,147.0,0.7677795666666668,0.7833097133333333,98.13520999999999
2015-01-01,2015-01,January,Anuradhapura,North Central,2.0,25835.0,LK71,235.0,0.7790049333333333,0.7924991,98.39704333333333
2015-01-01,2015-01,January,Badulla,Uva,2.0,25849.0,LK81,94.0,0.7950741066666667,0.7926376866666667,100.28898
2015-01-01,2015-01,January,Batticaloa,Eastern,2.0,25833.0,LK51,82.0,0.7026044433333333,0.7211823599999999,97.58884
2015-01-01,2015-01,January,Colombo,Western,2.0,25851.0,LK11,23.0,0.67505216,0.6720614033333333,100.412083
2015-01-01,2015-01,January,Galle,Southern,2.0,25846.0,LK31,54.0,0.81441478,0.8078158633333333,100.76957333333333
2015-01-01,2015-01,January,Gampaha,Western,2.0,25852.0,LK12,47.0,0.7445113166666667,0.7362003333333332,101.05508833333333
2015-01-01,2015-01,January,Hambantota,Southern,2.0,25847.0,LK33,85.0,0.7636525000000001,0.77555122,98.55986033333333
2015-01-01,2015-01,January,Jaffna,Northern,2.0,25839.0,LK41,31.0,0.6071333,0.6014972866666667,100.85718666666666
2015-01-01,2015-01,January,Kalutara,Western,2.0,25853.0,LK13,52.0,0.7895935733333334,0.7819341033333332,100.92063
2015-01-01,2015-01,January,Kandy,Central,2.0,41748.0,LK21,60.0,0.8079455333333333,0.7984849533333334,101.11456666666668
2015-01-01,2015-01,January,Kegalle,Sabaragamuwa,2.0,25844.0,LK92,55.0,0.8175326666666667,0.8109299999999999,100.76599833333334
2015-01-01,2015-01,January,Kilinochchi,Northern,2.0,25840.0,LK45,41.0,0.6871308566666666,0.6806254666666667,100.87122466666666
2015-01-01,2015-01,January,Kurunegala,North Western,2.0,25837.0,LK61,158.0,0.7772079966666666,0.7805691266666667,99.58673333333333
2015-01-01,2015-01,January,Mannar,Northern,2.0,25841.0,LK42,65.0,0.7417353666666667,0.7527504566666666,98.62872666666668
2015-01-01,2015-01,January,Matale,Central,2.0,25830.0,LK22,67.0,0.80946966,0.8147227899999999,99.392428
2015-01-01,2015-01,January,Matara,Southern,2.0,25848.0,LK32,39.0,0.82587092,0.8164981633333334,101.08161533333333
2015-01-01,2015-01,January,Monaragala,Uva,2.0,25850.0,LK82,186.0,0.8036301,0.8022891,100.15603666666668
2015-01-01,2015-01,January,Mullaitivu,Northern,2.0,25842.0,LK44,85.0,0.7716121333333333,0.7719806333333333,99.95396466666666
2015-01-01,2015-01,January,Nuwara Eliya,Central,2.0,41749.0,LK23,58.0,0.7986051566666666,0.7875915333333333,101.31432133333334
2015-01-01,2015-01,January,Polonnaruwa,North Central,2.0,25836.0,LK72,116.0,0.7611123599999999,0.7867867866666667,96.92925333333334
2015-01-01,2015-01,January,Puttalam,North Western,2.0,25838.0,LK62,107.0,0.7476682066666666,0.7442575466666667,100.42868666666668
2015-01-01,2015-01,January,Ratnapura,Sabaragamuwa,2.0,25845.0,LK91,108.0,0.8188762199999999,0.8121014333333333,100.78558666666667
2015-01-01,2015-01,January,Trincomalee,Eastern,2.0,25834.0,LK53,83.0,0.7446285166666667,0.76624178,97.353987
2015-01-01,2015-01,January,Vavuniya,Northern,2.0,25843.0,LK43,65.0,0.78384614,0.7948951333333333,98.69301666666667
2015-02-01,2015-02,February,Ampara,Eastern,2.0,25832.0,LK52,147.0,0.7332952066666666,0.7432987,98.74668666666666
2015-02-01,2015-02,February,Anuradhapura,North Central,2.0,25835.0,LK71,235.0,0.7436746,0.75761819,98.27691333333333
2015-02-01,2015-02,February,Badulla,Uva,2.0,25849.0,LK81,94.0,0.78031557,0.7792860999999999,100.12457
2015-02-01,2015-02,February,Batticaloa,Eastern,2.0,25833.0,LK51,82.0,0.6558577133333333,0.6692407333333333,98.14772166666667
2015-02-01,2015-02,February,Colombo,Western,2.0,25851.0,LK11,23.0,0.6539289533333333,0.6544099333333334,99.93167333333334
2015-02-01,2015-02,February,Galle,Southern,2.0,25846.0,LK31,54.0,0.8070129333333332,0.7933937333333333,101.61611166666667
2015-02-01,2015-02,February,Gampaha,Western,2.0,25852.0,LK12,47.0,0.7116269333333333,0.7034402433333332,101.087875
2015-02-01,2015-02,February,Hambantota,Southern,2.0,25847.0,LK33,85.0,0.7512191933333333,0.7486602666666666,100.32771166666667
2015-02-01,2015-02,February,Jaffna,Northern,2.0,25839.0,LK41,31.0,0.5463505066666666,0.5498484466666667,99.41422666666666
2015-02-01,2015-02,February,Kalutara,Western,2.0,25853.0,LK13,52.0,0.7791948666666667,0.7683292866666666,101.32812266666667
2015-02-01,2015-02,February,Kandy,Central,2.0,41748.0,LK21,60.0,0.7936199666666667,0.7830002333333334,101.27569
2015-02-01,2015-02,February,Kegalle,Sabaragamuwa,2.0,25844.0,LK92,55.0,0.8018630033333333,0.7953982866666666,100.76498533333331
2015-02-01,2015-02,February,Kilinochchi,Northern,2.0,25840.0,LK45,41.0,0.6104341233333334,0.62443539,97.918055
2015-02-01,2015-02,February,Kurunegala,North Western,2.0,25837.0,LK61,158.0,0.7130784233333333,0.7190770733333333,99.22695
2015-02-01,2015-02,February,Mannar,Northern,2.0,25841.0,LK42,65.0,0.7298338333333333,0.7307267533333333,99.89023666666667
2015-02-01,2015-02,February,Matale,Central,2.0,25830.0,LK22,67.0,0.7953263333333332,0.7999620333333333,99.45505533333333
2015-02-01,2015-02,February,Matara,Southern,2.0,25848.0,LK32,39.0,0.7999880300000001,0.7943172133333333,100.67053333333332
2015-02-01,2015-02,February,Monaragala,Uva,2.0,25850.0,LK82,186.0,0.7767250466666668,0.7800976533333334,99.59398533333332
2015-02-01,2015-02,February,Mullaitivu,Northern,2.0,25842.0,LK44,85.0,0.7472850666666666,0.7505555999999999,99.59200866666667
2015-02-01,2015-02,February,Nuwara Eliya,Central,2.0,41749.0,LK23,58.0,0.7817356133333333,0.7738566566666667,100.95623666666665
2015-02-01,2015-02,February,Polonnaruwa,North Central,2.0,25836.0,LK72,116.0,0.7693226866666666,0.7762176233333333,99.17159933333333
2015-02-01,2015-02,February,Puttalam,North Western,2.0,25838.0,LK62,107.0,0.7145133666666666,0.7083814966666667,100.81148
2015-02-01,2015-02,February,Ratnapura,Sabaragamuwa,2.0,25845.0,LK91,108.0,0.8069184866666667,0.8001612833333334,100.79508333333335
2015-02-01,2015-02,February,Trincomalee,Eastern,2.0,25834.0,LK53,83.0,0.7314381666666666,0.73724276,99.26986333333333
2015-02-01,2015-02,February,Vavuniya,Northern,2.0,25843.0,LK43,65.0,0.7642692333333333,0.7669161,99.68018000000001
2015-03-01,2015-03,March,Ampara,Eastern,2.0,25832.0,LK52,147.0,0.7031276433333332,0.6993939033333333,100.50382333333333
2015-03-01,2015-03,March,Anuradhapura,North Central,2.0,25835.0,LK71,235.0,0.7064246933333335,0.7122368166666666,99.24058833333333
2015-03-01,2015-03,March,Badulla,Uva,2.0,25849.0,LK81,94.0,0.7660520833333333,0.7597539233333334,100.77929999999999
2015-03-01,2015-03,March,Batticaloa,Eastern,2.0,25833.0,LK51,82.0,0.6244065,0.6270425733333332,99.61481166666668
2015-03-01,2015-03,March,Colombo,Western,2.0,25851.0,LK11,23.0,0.6593159266666667,0.6577345133333333,100.222617
2015-03-01,2015-03,March,Galle,Southern,2.0,25846.0,LK31,54.0,0.80657221,0.7874191600000001,102.287188
2015-03-01,2015-03,March,Gampaha,Western,2.0,25852.0,LK12,47.0,0.71279433,0.6998973133333334,101.719243
2015-03-01,2015-03,March,Hambantota,Southern,2.0,25847.0,LK33,85.0,0.7238690133333333,0.7118593333333333,101.57718666666666
2015-03-01,2015-03,March,Jaffna,Northern,2.0,25839.0,LK41,31.0,0.5143258,0.5109923333333334,100.60365033333333
2015-03-01,2015-03,March,Kalutara,Western,2.0,25853.0,LK13,52.0,0.7891570099999999,0.77279975,101.98783800000001
2015-03-01,2015-03,March,Kandy,Central,2.0,41748.0,LK21,60.0,0.7870866466666667,0.7727419133333333,101.74363699999999
2015-03-01,2015-03,March,Kegalle,Sabaragamuwa,2.0,25844.0,LK92,55.0,0.8101151400000001,0.7990706866666667,101.30029633333334
2015-03-01,2015-03,March,Kilinochchi,Northern,2.0,25840.0,LK45,41.0,0.5755731666666667,0.58135265,99.09602333333333
2015-03-01,2015-03,March,Kurunegala,North Western,2.0,25837.0,LK61,158.0,0.6945088333333334,0.6883870466666666,100.82853333333333
2015-03-01,2015-03,March,Mannar,Northern,2.0,25841.0,LK42,65.0,0.7126123033333333,0.7011477333333334,101.53030666666666
2015-03-01,2015-03,March,Matale,Central,2.0,25830.0,LK22,67.0,0.77746564,0.7756171233333333,100.22650666666665
2015-03-01,2015-03,March,Matara,Southern,2.0,25848.0,LK32,39.0,0.7852564033333334,0.7825581666666667,100.32408333333335
2015-03-01,2015-03,March,Monaragala,Uva,2.0,25850.0,LK82,186.0,0.7648254466666667,0.7631427466666666,100.20759866666667
2015-03-01,2015-03,March,Mullaitivu,Northern,2.0,25842.0,LK44,85.0,0.7319874133333334,0.7284733299999999,100.45423
2015-03-01,2015-03,March,Nuwara Eliya,Central,2.0,41749.0,LK23,58.0,0.77790456,0.76845832,101.15411666666667
2015-03-01,2015-03,March,Polonnaruwa,North Central,2.0,25836.0,LK72,116.0,0.7307554466666666,0.7271072466666667,100.47232666666666
2015-03-01,2015-03,March,Puttalam,North Western,2.0,25838.0,LK62,107.0,0.69931338,0.6856575333333333,101.85725333333333
2015-03-01,2015-03,March,Ratnapura,Sabaragamuwa,2.0,25845.0,LK91,108.0,0.8078209333333333,0.7967155966666667,101.31142533333333
2015-03-01,2015-03,March,Trincomalee,Eastern,2.0,25834.0,LK53,83.0,0.7057152233333334,0.6988553533333333,100.92072133333333
2015-03-01,2015-03,March,Vavuniya,Northern,2.0,25843.0,LK43,65.0,0.75094203,0.7414863666666666,101.196935
2015-04-01,2015-04,April,Ampara,Eastern,2.0,25832.0,LK52,147.0,0.6939013666666667,0.6831142633333332,101.47117333333334
2015-04-01,2015-04,April,Anuradhapura,North Central,2.0,25835.0,LK71,235.0,0.7181960233333333,0.71229456,100.77010866666667
2015-04-01,2015-04,April,Badulla,Uva,2.0,25849.0,LK81,94.0,0.7689127533333333,0.7551976666666667,101.70323666666667
2015-04-01,2015-04,April,Batticaloa,Eastern,2.0,25833.0,LK51,82.0,0.61422358,0.60768549,100.99517833333334
2015-04-01,2015-04,April,Colombo,Western,2.0,25851.0,LK11,23.0,0.6833043166666667,0.6772539700000001,100.83085
2015-04-01,2015-04,April,Galle,Southern,2.0,25846.0,LK31,54.0,0.80990923,0.79412357,101.87053333333334
2015-04-01,2015-04,April,Gampaha,Western,2.0,25852.0,LK12,47.0,0.7382205466666667,0.7242393766666666,101.806638
2015-04-01,2015-04,April,Hambantota,Southern,2.0,25847.0,LK33,85.0,0.71305094,0.7008370866666667,101.62636333333334
2015-04-01,2015-04,April,Jaffna,Northern,2.0,25839.0,LK41,31.0,0.5187365700000001,0.49807874333333335,103.76968366666667
2015-04-01,2015-04,April,Kalutara,Western,2.0,25853.0,LK13,52.0,0.8010647333333333,0.7875598333333333,101.61329833333333
2015-04-01,2015-04,April,Kandy,Central,2.0,41748.0,LK21,60.0,0.79225,0.7766860666666666,101.88288666666666
2015-04-01,2015-04,April,Kegalle,Sabaragamuwa,2.0,25844.0,LK92,55.0,0.8288927333333334,0.8171027799999999,101.36016
2015-04-01,2015-04,April,Kilinochchi,Northern,2.0,25840.0,LK45,41.0,0.5857642,0.5641594166666667,103.52130666666666
2015-04-01,2015-04,April,Kurunegala,North Western,2.0,25837.0,LK61,158.0,0.7407725366666668,0.7250464233333332,102.02626333333335
2015-04-01,2015-04,April,Mannar,Northern,2.0,25841.0,LK42,65.0,0.7051953533333334,0.6830917666666667,103.01633833333334
2015-04-01,2015-04,April,Matale,Central,2.0,25830.0,LK22,67.0,0.7809268666666666,0.76829087,101.54392266666667
2015-04-01,2015-04,April,Matara,Southern,2.0,25848.0,LK32,39.0,0.7961615200000001,0.78895477,100.85803833333334
2015-04-01,2015-04,April,Monaragala,Uva,2.0,25850.0,LK82,186.0,0.7726309499999999,0.7644638666666667,101.00236333333334
2015-04-01,2015-04,April,Mullaitivu,Northern,2.0,25842.0,LK44,85.0,0.7330133166666667,0.714852,102.37582966666668
2015-04-01,2015-04,April,Nuwara Eliya,Central,2.0,41749.0,LK23,58.0,0.7881678000000001,0.7739699466666666,101.72290633333334
2015-04-01,2015-04,April,Polonnaruwa,North Central,2.0,25836.0,LK72,116.0,0.7026261500000001,0.69618518,100.86333833333333
2015-04-01,2015-04,April,Puttalam,North Western,2.0,25838.0,LK62,107.0,0.7213837966666666,0.6956772999999999,103.44425666666666
2015-04-01,2015-04,April,Ratnapura,Sabaragamuwa,2.0,25845.0,LK91,108.0,0.8199795833333333,0.8041900966666665,101.84830166666666
2015-04-01,2015-04,April,Trincomalee,Eastern,2.0,25834.0,LK53,83.0,0.6920008000000001,0.6763330233333334,102.15790366666666
2015-04-01,2015-04,April,Vavuniya,Northern,2.0,25843.0,LK43,65.0,0.75563999,0.7370928533333334,102.35586966666666
2015-05-01,2015-05,May,Ampara,Eastern,2.0,25832.0,LK52,147.0,0.71925622,0.6942442600000001,103.35591366666667
2015-05-01,2015-05,May,Anuradhapura,North Central,2.0,25835.0,LK71,235.0,0.7478689433333333,0.72566436,102.86488666666666
2015-05-01,2015-05,May,Badulla,Uva,2.0,25849.0,LK81,94.0,0.7699506666666668,0.7554970333333334,101.79481133333333
2015-05-01,2015-05,May,Batticaloa,Eastern,2.0,25833.0,LK51,82.0,0.6445272166666666,0.6097193333333334,105.27409466666666
2015-05-01,2015-05,May,Colombo,Western,2.0,25851.0,LK11,23.0,0.7014376666666667,0.6955265166666668,100.79373866666667
2015-05-01,2015-05,May,Galle,Southern,2.0,25846.0,LK31,54.0,0.8126981333333333,0.8004023433333334,101.44596866666666
2015-05-01,2015-05,May,Gampaha,Western,2.0,25852.0,LK12,47.0,0.7587432433333333,0.74915808,101.20061
2015-05-01,2015-05,May,Hambantota,Southern,2.0,25847.0,LK33,85.0,0.7247623500000001,0.7062601000000001,102.44646499999999
2015-05-01,2015-05,May,Jaffna,Northern,2.0,25839.0,LK41,31.0,0.53146989,0.49670642333333337,106.36085533333333
2015-05-01,2015-05,May,Kalutara,Western,2.0,25853.0,LK13,52.0,0.8055313833333333,0.7966547366666666,101.04852566666666
2015-05-01,2015-05,May,Kandy,Central,2.0,41748.0,LK21,60.0,0.7946399999999999,0.7845254766666666,101.21231666666667
2015-05-01,2015-05,May,Kegalle,Sabaragamuwa,2.0,25844.0,LK92,55.0,0.8390351300000001,0.8317203266666667,100.83010999999999
2015-05-01,2015-05,May,Kilinochchi,Northern,2.0,25840.0,LK45,41.0,0.60942032,0.5603386866666668,108.04372333333333
2015-05-01,2015-05,May,Kurunegala,North Western,2.0,25837.0,LK61,158.0,0.7865782333333334,0.7688743966666666,102.16129333333333
2015-05-01,2015-05,May,Mannar,Northern,2.0,25841.0,LK42,65.0,0.7013548633333334,0.67330281,103.879256
2015-05-01,2015-05,May,Matale,Central,2.0,25830.0,LK22,67.0,0.7847801,0.7697553166666666,101.83316333333333
2015-05-01,2015-05,May,Matara,Southern,2.0,25848.0,LK32,39.0,0.8174546899999999,0.8025984233333333,101.74142533333332
2015-05-01,2015-05,May,Monaragala,Uva,2.0,25850.0,LK82,186.0,0.77860231,0.7616334866666667,102.09323333333333
2015-05-01,2015-05,May,Mullaitivu,Northern,2.0,25842.0,LK44,85.0,0.7397172166666667,0.70917131,104.02460500000001
2015-05-01,2015-05,May,Nuwara Eliya,Central,2.0,41749.0,LK23,58.0,0.7915787133333333,0.7783765833333334,101.59373966666665
2015-05-01,2015-05,May,Polonnaruwa,North Central,2.0,25836.0,LK72,116.0,0.7050962466666667,0.6925152333333333,101.69486
2015-05-01,2015-05,May,Puttalam,North Western,2.0,25838.0,LK62,107.0,0.7474339166666667,0.7109920000000001,104.78797533333334
2015-05-01,2015-05,May,Ratnapura,Sabaragamuwa,2.0,25845.0,LK91,108.0,0.8255774566666667,0.8096791900000001,101.84932833333333
2015-05-01,2015-05,May,Trincomalee,Eastern,2.0,25834.0,LK53,83.0,0.6998598533333333,0.6749312466666666,103.43870333333332
2015-05-01,2015-05,May,Vavuniya,Northern,2.0,25843.0,LK43,65.0,0.7657251166666666,0.73722455,103.62262199999999
2015-06-01,2015-06,June,Ampara,Eastern,2.0,25832.0,LK52,147.0,0.7419555400000001,0.69607917,106.15011666666665
2015-06-01,2015-06,June,Anuradhapura,North Central,2.0,25835.0,LK71,235.0,0.7423527466666666,0.6999913666666666,105.65208533333333
2015-06-01,2015-06,June,Badulla,Uva,2.0,25849.0,LK81,94.0,0.7696904,0.7429939533333334,103.36941
2015-06-01,2015-06,June,Batticaloa,Eastern,2.0,25833.0,LK51,82.0,0.6571775999999999,0.5971564333333333,109.27177666666667
2015-06-01,2015-06,June,Colombo,Western,2.0,25851.0,LK11,23.0,0.7058550566666666,0.7040921833333332,100.23383
2015-06-01,2015-06,June,Galle,Southern,2.0,25846.0,LK31,54.0,0.8114962800000001,0.8009732366666666,101.23657866666667
2015-06-01,2015-06,June,Gampaha,Western,2.0,25852.0,LK12,47.0,0.7645631,0.7584368933333333,100.757775
2015-06-01,2015-06,June,Hambantota,Southern,2.0,25847.0,LK33,85.0,0.7146815466666667,0.6984099533333333,102.17375299999999
2015-06-01,2015-06,June,Jaffna,Northern,2.0,25839.0,LK41,31.0,0.5210569633333334,0.48190153666666663,107.35806500000001
2015-06-01,2015-06,June,Kalutara,Western,2.0,25853.0,LK13,52.0,0.8081179333333334,0.7987041333333332,101.10924166666666
2015-06-01,2015-06,June,Kandy,Central,2.0,41748.0,LK21,60.0,0.7957566533333335,0.7865019333333333,101.10639666666667
2015-06-01,2015-06,June,Kegalle,Sabaragamuwa,2.0,25844.0,LK92,55.0,0.8426720766666667,0.8373326266666666,100.60173866666666
2015-06-01,2015-06,June,Kilinochchi,Northern,2.0,25840.0,LK45,41.0,0.6041073033333334,0.5513656466666667,108.76683666666666
2015-06-01,2015-06,June,Kurunegala,North Western,2.0,25837.0,LK61,158.0,0.7925417600000001,0.7748695666666666,102.14115666666667
2015-06-01,2015-06,June,Mannar,Northern,2.0,25841.0,LK42,65.0,0.6821230433333333,0.6502179333333333,104.55815333333334
2015-06-01,2015-06,June,Matale,Central,2.0,25830.0,LK22,67.0,0.7814522233333333,0.7593344433333332,102.73315333333333
2015-06-01,2015-06,June,Matara,Southern,2.0,25848.0,LK32,39.0,0.8335880133333333,0.8112293133333334,102.59596666666665
2015-06-01,2015-06,June,Monaragala,Uva,2.0,25850.0,LK82,186.0,0.7622670133333332,0.7310031866666667,104.00877000000001
2015-06-01,2015-06,June,Mullaitivu,Northern,2.0,25842.0,LK44,85.0,0.7376537133333333,0.6991408666666666,105.14101333333333
2015-06-01,2015-06,June,Nuwara Eliya,Central,2.0,41749.0,LK23,58.0,0.7866287200000001,0.7738468,101.55155666666667
2015-06-01,2015-06,June,Polonnaruwa,North Central,2.0,25836.0,LK72,116.0,0.7287008500000001,0.6941723433333333,104.63941533333333
2015-06-01,2015-06,June,Puttalam,North Western,2.0,25838.0,LK62,107.0,0.7498732033333333,0.7017504666666667,106.40395333333333
2015-06-01,2015-06,June,Ratnapura,Sabaragamuwa,2.0,25845.0,LK91,108.0,0.8216935,0.8067291666666666,101.74663166666666
2015-06-01,2015-06,June,Trincomalee,Eastern,2.0,25834.0,LK53,83.0,0.7062104133333333,0.6693011666666666,105.13100133333334
2015-06-01,2015-06,June,Vavuniya,Northern,2.0,25843.0,LK43,65.0,0.7520779333333333,0.7127846833333332,105.15202866666668
2015-07-01,2015-07,July,Ampara,Eastern,2.0,25832.0,LK52,147.0,0.6967296433333333,0.66297264,104.71921200000001
2015-07-01,2015-07,July,Anuradhapura,North Central,2.0,25835.0,LK71,235.0,0.6994315966666665,0.66451175,104.88085333333333
2015-07-01,2015-07,July,Badulla,Uva,2.0,25849.0,LK81,94.0,0.7516028,0.7170180433333333,104.509297
2015-07-01,2015-07,July,Batticaloa,Eastern,2.0,25833.0,LK51,82.0,0.5805479733333333,0.5537752966666667,104.38773333333334
2015-07-01,2015-07,July,Colombo,Western,2.0,25851.0,LK11,23.0,0.70558838,0.7042327766666666,100.18038433333334
2015-07-01,2015-07,July,Galle,Southern,2.0,25846.0,LK31,54.0,0.8100055333333334,0.7963837866666666,101.60971666666667
2015-07-01,2015-07,July,Gampaha,Western,2.0,25852.0,LK12,47.0,0.7571723033333333,0.7523134333333333,100.60590533333334
2015-07-01,2015-07,July,Hambantota,Southern,2.0,25847.0,LK33,85.0,0.6961513333333333,0.6664425666666667,104.159275
2015-07-01,2015-07,July,Jaffna,Northern,2.0,25839.0,LK41,31.0,0.4945042866666666,0.46375180666666665,105.98404166666667
2015-07-01,2015-07,July,Kalutara,Western,2.0,25853.0,LK13,52.0,0.8098736999999999,0.7950797433333333,101.75119666666666
2015-07-01,2015-07,July,Kandy,Central,2.0,41748.0,LK21,60.0,0.79555163,0.7818825266666667,101.64352866666667
2015-07-01,2015-07,July,Kegalle,Sabaragamuwa,2.0,25844.0,LK92,55.0,0.8434775766666668,0.8361627166666666,100.82571133333333
2015-07-01,2015-07,July,Kilinochchi,Northern,2.0,25840.0,LK45,41.0,0.5683438766666667,0.5403985833333333,104.72686333333333
2015-07-01,2015-07,July,Kurunegala,North Western,2.0,25837.0,LK61,158.0,0.7470563233333333,0.7443222666666666,100.33685666666668
2015-07-01,2015-07,July,Mannar,Northern,2.0,25841.0,LK42,65.0,0.65966151,0.62472038,105.18179500000001
2015-07-01,2015-07,July,Matale,Central,2.0,25830.0,LK22,67.0,0.7580213666666666,0.7411886500000001,102.12609200000001
2015-07-01,2015-07,July,Matara,Southern,2.0,25848.0,LK32,39.0,0.8375102466666666,0.8077109,103.47473000000001
2015-07-01,2015-07,July,Monaragala,Uva,2.0,25850.0,LK82,186.0,0.7215019466666667,0.6853212933333334,104.91955
2015-07-01,2015-07,July,Mullaitivu,Northern,2.0,25842.0,LK44,85.0,0.71969801,0.6886919566666667,104.19655666666667
2015-07-01,2015-07,July,Nuwara Eliya,Central,2.0,41749.0,LK23,58.0,0.7799833133333333,0.7643455466666667,101.92060333333332
2015-07-01,2015-07,July,Polonnaruwa,North Central,2.0,25836.0,LK72,116.0,0.7171629166666666,0.6896422566666667,103.71902533333332
2015-07-01,2015-07,July,Puttalam,North Western,2.0,25838.0,LK62,107.0,0.71986665,0.6679628466666667,107.23529
2015-07-01,2015-07,July,Ratnapura,Sabaragamuwa,2.0,25845.0,LK91,108.0,0.8150938133333333,0.7948234166666667,102.40094466666666
2015-07-01,2015-07,July,Trincomalee,Eastern,2.0,25834.0,LK53,83.0,0.6801501966666667,0.6580614966666667,103.11798666666668
2015-07-01,2015-07,July,Vavuniya,Northern,2.0,25843.0,LK43,65.0,0.7178040866666667,0.68687702,104.19442533333334
2015-08-01,2015-08,August,Ampara,Eastern,2.0,25832.0,LK52,147.0,0.6412045333333334,0.6297521233333333,101.68180166666667
2015-08-01,2015-08,August,Anuradhapura,North Central,2.0,25835.0,LK71,235.0,0.6847565699999999,0.6509886466666667,104.81749
2015-08-01,2015-08,August,Badulla,Uva,2.0,25849.0,LK81,94.0,0.7328169833333334,0.7010389,104.23109199999999
2015-08-01,2015-08,August,Batticaloa,Eastern,2.0,25833.0,LK51,82.0,0.5083808733333334,0.5290863866666666,96.42089333333332
2015-08-01,2015-08,August,Colombo,Western,2.0,25851.0,LK11,23.0,0.7105536,0.6977320533333332,101.71564000000001
2015-08-01,2015-08,August,Galle,Southern,2.0,25846.0,LK31,54.0,0.8138289866666666,0.79401784,102.34723000000001
2015-08-01,2015-08,August,Gampaha,Western,2.0,25852.0,LK12,47.0,0.7519900133333334,0.7410126333333333,101.38879000000001
2015-08-01,2015-08,August,Hambantota,Southern,2.0,25847.0,LK33,85.0,0.6933745,0.6358906333333333,108.39189833333334
2015-08-01,2015-08,August,Jaffna,Northern,2.0,25839.0,LK41,31.0,0.48626126666666664,0.46041914,105.06474733333334
2015-08-01,2015-08,August,Kalutara,Western,2.0,25853.0,LK13,52.0,0.8126339133333333,0.7902804933333334,102.66043533333334
2015-08-01,2015-08,August,Kandy,Central,2.0,41748.0,LK21,60.0,0.7972483133333332,0.7761413999999999,102.55534999999999
2015-08-01,2015-08,August,Kegalle,Sabaragamuwa,2.0,25844.0,LK92,55.0,0.8422648266666667,0.83049366,101.33712200000001
2015-08-01,2015-08,August,Kilinochchi,Northern,2.0,25840.0,LK45,41.0,0.5450081,0.5262446000000001,103.25782466666668
2015-08-01,2015-08,August,Kurunegala,North Western,2.0,25837.0,LK61,158.0,0.7122101000000001,0.7056622866666666,100.87435333333333
2015-08-01,2015-08,August,Mannar,Northern,2.0,25841.0,LK42,65.0,0.6603404966666667,0.6115338466666667,107.37855
2015-08-01,2015-08,August,Matale,Central,2.0,25830.0,LK22,67.0,0.7496268866666668,0.72781648,102.80516333333333
2015-08-01,2015-08,August,Matara,Southern,2.0,25848.0,LK32,39.0,0.8292700666666667,0.7997613100000001,103.472225
2015-08-01,2015-08,August,Monaragala,Uva,2.0,25850.0,LK82,186.0,0.7018283066666666,0.6643590033333333,105.245497
2015-08-01,2015-08,August,Mullaitivu,Northern,2.0,25842.0,LK44,85.0,0.7121360766666666,0.6894681,103.06584199999999
2015-08-01,2015-08,August,Nuwara Eliya,Central,2.0,41749.0,LK23,58.0,0.78089251,0.7604915800000001,102.51711999999999
2015-08-01,2015-08,August,Polonnaruwa,North Central,2.0,25836.0,LK72,116.0,0.6922660533333334,0.6756234133333333,102.29392533333333
2015-08-01,2015-08,August,Puttalam,North Western,2.0,25838.0,LK62,107.0,0.6912417333333334,0.6345897133333334,108.276978
2015-08-01,2015-08,August,Ratnapura,Sabaragamuwa,2.0,25845.0,LK91,108.0,0.8149771333333332,0.7835099900000001,103.77611833333333
2015-08-01,2015-08,August,Trincomalee,Eastern,2.0,25834.0,LK53,83.0,0.6582156333333333,0.6609511433333334,99.61678
2015-08-01,2015-08,August,Vavuniya,Northern,2.0,25843.0,LK43,65.0,0.70966665,0.6878702466666667,102.953672
2015-09-01,2015-09,September,Ampara,Eastern,2.0,25832.0,LK52,147.0,0.65402468,0.6329594333333334,103.07665533333333
2015-09-01,2015-09,September,Anuradhapura,North Central,2.0,25835.0,LK71,235.0,0.7275935766666667,0.6619698366666666,109.20908666666666
2015-09-01,2015-09,September,Badulla,Uva,2.0,25849.0,LK81,94.0,0.7445110133333334,0.7060127666666668,105.08991833333334
2015-09-01,2015-09,September,Batticaloa,Eastern,2.0,25833.0,LK51,82.0,0.5200955366666667,0.5397494566666667,96.65350533333333
2015-09-01,2015-09,September,Colombo,Western,2.0,25851.0,LK11,23.0,0.7219753466666666,0.6961392833333333,103.46244466666667
2015-09-01,2015-09,September,Galle,Southern,2.0,25846.0,LK31,54.0,0.8187740666666666,0.7968295466666667,102.59137333333332
2015-09-01,2015-09,September,Gampaha,Western,2.0,25852.0,LK12,47.0,0.7629439466666667,0.7382961266666667,103.12637666666667
2015-09-01,2015-09,September,Hambantota,Southern,2.0,25847.0,LK33,85.0,0.7150407533333333,0.63163102,112.23393733333334
2015-09-01,2015-09,September,Jaffna,Northern,2.0,25839.0,LK41,31.0,0.5104709466666667,0.4845341333333333,104.85051333333332
2015-09-01,2015-09,September,Kalutara,Western,2.0,25853.0,LK13,52.0,0.8193923133333333,0.79020558,103.47362833333334
2015-09-01,2015-09,September,Kandy,Central,2.0,41748.0,LK21,60.0,0.8067605533333334,0.77577225,103.75228299999999
2015-09-01,2015-09,September,Kegalle,Sabaragamuwa,2.0,25844.0,LK92,55.0,0.8440757766666667,0.82574345,102.09360666666667
2015-09-01,2015-09,September,Kilinochchi,Northern,2.0,25840.0,LK45,41.0,0.5567008066666667,0.52585062,105.35319833333334
2015-09-01,2015-09,September,Kurunegala,North Western,2.0,25837.0,LK61,158.0,0.7377117999999999,0.7007411133333333,104.91973666666667
2015-09-01,2015-09,September,Mannar,Northern,2.0,25841.0,LK42,65.0,0.6811204866666666,0.62242828,108.72994333333332
2015-09-01,2015-09,September,Matale,Central,2.0,25830.0,LK22,67.0,0.7749934999999999,0.73437527,105.17491666666666
2015-09-01,2015-09,September,Matara,Southern,2.0,25848.0,LK32,39.0,0.82231451,0.7964650633333333,103.05381799999999
2015-09-01,2015-09,September,Monaragala,Uva,2.0,25850.0,LK82,186.0,0.72856022,0.67865846,106.84540499999999
2015-09-01,2015-09,September,Mullaitivu,Northern,2.0,25842.0,LK44,85.0,0.7272791833333333,0.7039018433333334,103.10006333333332
2015-09-01,2015-09,September,Nuwara Eliya,Central,2.0,41749.0,LK23,58.0,0.7886016866666666,0.7645634333333334,102.95086666666667
2015-09-01,2015-09,September,Polonnaruwa,North Central,2.0,25836.0,LK72,116.0,0.6958329966666668,0.66211692,104.73266466666666
2015-09-01,2015-09,September,Puttalam,North Western,2.0,25838.0,LK62,107.0,0.6981314466666667,0.6389632333333334,108.59023466666667
2015-09-01,2015-09,September,Ratnapura,Sabaragamuwa,2.0,25845.0,LK91,108.0,0.8197817466666667,0.7821766166666667,104.51884233333334
2015-09-01,2015-09,September,Trincomalee,Eastern,2.0,25834.0,LK53,83.0,0.6805546066666667,0.67273578,101.07403133333332
2015-09-01,2015-09,September,Vavuniya,Northern,2.0,25843.0,LK43,65.0,0.7467912766666666,0.7114957333333334,104.62773499999999
2015-10-01,2015-10,October,Ampara,Eastern,2.0,25832.0,LK52,147.0,0.7089863799999999,0.6726984566666667,105.02047366666666
2015-10-01,2015-10,October,Anuradhapura,North Central,2.0,25835.0,LK71,235.0,0.7636503166666667,0.7050825566666666,107.790003
2015-10-01,2015-10,October,Badulla,Uva,2.0,25849.0,LK81,94.0,0.7748343700000001,0.73642772,104.89058333333332
2015-10-01,2015-10,October,Batticaloa,Eastern,2.0,25833.0,LK51,82.0,0.5869914533333334,0.58577872,100.179975
2015-10-01,2015-10,October,Colombo,Western,2.0,25851.0,LK11,23.0,0.72425072,0.6993316900000001,103.32597833333334
2015-10-01,2015-10,October,Galle,Southern,2.0,25846.0,LK31,54.0,0.8240203333333334,0.80463834,102.26840666666665
2015-10-01,2015-10,October,Gampaha,Western,2.0,25852.0,LK12,47.0,0.7783531666666667,0.7456929666666667,104.10468166666665
2015-10-01,2015-10,October,Hambantota,Southern,2.0,25847.0,LK33,85.0,0.7496866333333333,0.67526712,110.296454
2015-10-01,2015-10,October,Jaffna,Northern,2.0,25839.0,LK41,31.0,0.5692441,0.53861731,105.20471666666667
2015-10-01,2015-10,October,Kalutara,Western,2.0,25853.0,LK13,52.0,0.8234813666666666,0.7947389133333332,103.40292333333333
2015-10-01,2015-10,October,Kandy,Central,2.0,41748.0,LK21,60.0,0.8194028000000001,0.7867203666666667,103.90682333333332
2015-10-01,2015-10,October,Kegalle,Sabaragamuwa,2.0,25844.0,LK92,55.0,0.8478854466666667,0.8250890333333333,102.60506333333335
2015-10-01,2015-10,October,Kilinochchi,Northern,2.0,25840.0,LK45,41.0,0.6076129866666666,0.5664579066666667,106.67221333333333
2015-10-01,2015-10,October,Kurunegala,North Western,2.0,25837.0,LK61,158.0,0.7720425999999999,0.7316796600000001,105.17502533333334
2015-10-01,2015-10,October,Mannar,Northern,2.0,25841.0,LK42,65.0,0.7147338200000001,0.6693824666666667,106.32998300000001
2015-10-01,2015-10,October,Matale,Central,2.0,25830.0,LK22,67.0,0.80634822,0.7646746466666666,105.12263866666667
2015-10-01,2015-10,October,Matara,Southern,2.0,25848.0,LK32,39.0,0.8270649133333334,0.8024033333333334,102.89366833333334
2015-10-01,2015-10,October,Monaragala,Uva,2.0,25850.0,LK82,186.0,0.77113241,0.7241691666666666,106.07920833333333
2015-10-01,2015-10,October,Mullaitivu,Northern,2.0,25842.0,LK44,85.0,0.7555870166666666,0.7338299833333334,102.779515
2015-10-01,2015-10,October,Nuwara Eliya,Central,2.0,41749.0,LK23,58.0,0.8020109,0.7775780666666666,102.95277933333334
2015-10-01,2015-10,October,Polonnaruwa,North Central,2.0,25836.0,LK72,116.0,0.7446244133333334,0.6956889,106.57021666666667
2015-10-01,2015-10,October,Puttalam,North Western,2.0,25838.0,LK62,107.0,0.7350946866666667,0.6856798166666667,106.73316
2015-10-01,2015-10,October,Ratnapura,Sabaragamuwa,2.0,25845.0,LK91,108.0,0.8294407,0.7957741733333333,103.982645
2015-10-01,2015-10,October,Trincomalee,Eastern,2.0,25834.0,LK53,83.0,0.7300807166666666,0.7037558566666666,103.49367
2015-10-01,2015-10,October,Vavuniya,Northern,2.0,25843.0,LK43,65.0,0.7930728,0.7542895333333334,104.83163
2015-11-01,2015-11,November,Ampara,Eastern,2.0,25832.0,LK52,147.0,0.7585285599999999,0.73024149,103.636275
2015-11-01,2015-11,November,Anuradhapura,North Central,2.0,25835.0,LK71,235.0,0.7727435233333333,0.75418649,102.31855999999999
2015-11-01,2015-11,November,Badulla,Uva,2.0,25849.0,LK81,94.0,0.7949478333333334,0.7692643666666666,103.13726466666667
2015-11-01,2015-11,November,Batticaloa,Eastern,2.0,25833.0,LK51,82.0,0.6700186800000001,0.6684093433333334,100.22278166666666
2015-11-01,2015-11,November,Colombo,Western,2.0,25851.0,LK11,23.0,0.7130971,0.6999362000000001,101.75465466666667
2015-11-01,2015-11,November,Galle,Southern,2.0,25846.0,LK31,54.0,0.8260358,0.8110670066666666,101.73850466666666
2015-11-01,2015-11,November,Gampaha,Western,2.0,25852.0,LK12,47.0,0.7869276333333334,0.7596452866666666,103.37106366666667
2015-11-01,2015-11,November,Hambantota,Southern,2.0,25847.0,LK33,85.0,0.7770129200000001,0.7371608566666668,105.081082
2015-11-01,2015-11,November,Jaffna,Northern,2.0,25839.0,LK41,31.0,0.6294494433333333,0.6011712133333333,104.35013333333335
2015-11-01,2015-11,November,Kalutara,Western,2.0,25853.0,LK13,52.0,0.8200839333333333,0.7982270133333333,102.57682833333332
2015-11-01,2015-11,November,Kandy,Central,2.0,41748.0,LK21,60.0,0.8285755266666667,0.8012197633333334,103.21433166666667
2015-11-01,2015-11,November,Kegalle,Sabaragamuwa,2.0,25844.0,LK92,55.0,0.8476660333333333,0.82791171,102.25024333333333
2015-11-01,2015-11,November,Kilinochchi,Northern,2.0,25840.0,LK45,41.0,0.6890536333333334,0.6432878833333334,106.60699199999999
2015-11-01,2015-11,November,Kurunegala,North Western,2.0,25837.0,LK61,158.0,0.7944911333333334,0.7751060133333333,102.356852
2015-11-01,2015-11,November,Mannar,Northern,2.0,25841.0,LK42,65.0,0.7484123,0.7253331,102.98572266666667
2015-11-01,2015-11,November,Matale,Central,2.0,25830.0,LK22,67.0,0.8174477333333333,0.7938021000000001,102.80517333333334
2015-11-01,2015-11,November,Matara,Southern,2.0,25848.0,LK32,39.0,0.83360514,0.81549072,102.09415433333334
2015-11-01,2015-11,November,Monaragala,Uva,2.0,25850.0,LK82,186.0,0.8066951166666666,0.77563148,103.76869199999999
2015-11-01,2015-11,November,Mullaitivu,Northern,2.0,25842.0,LK44,85.0,0.7803556866666667,0.7649793100000001,101.887428
2015-11-01,2015-11,November,Nuwara Eliya,Central,2.0,41749.0,LK23,58.0,0.8159580133333333,0.7932364766666667,102.69463666666667
2015-11-01,2015-11,November,Polonnaruwa,North Central,2.0,25836.0,LK72,116.0,0.76292412,0.7374111633333333,103.24809666666665
2015-11-01,2015-11,November,Puttalam,North Western,2.0,25838.0,LK62,107.0,0.7732544899999999,0.7389796133333334,104.35140466666667
2015-11-01,2015-11,November,Ratnapura,Sabaragamuwa,2.0,25845.0,LK91,108.0,0.8365709666666667,0.8127910133333334,102.75722666666667
2015-11-01,2015-11,November,Trincomalee,Eastern,2.0,25834.0,LK53,83.0,0.7581333166666666,0.7405627566666667,102.22565466666667
2015-11-01,2015-11,November,Vavuniya,Northern,2.0,25843.0,LK43,65.0,0.8114896966666666,0.7915826566666667,102.36962999999999
2015-12-01,2015-12,December,Ampara,Eastern,2.0,25832.0,LK52,147.0,0.7979197133333334,0.7766607333333333,102.57265
2015-12-01,2015-12,December,Anuradhapura,North Central,2.0,25835.0,LK71,235.0,0.7944239666666667,0.7848832833333333,101.14306366666666
2015-12-01,2015-12,December,Badulla,Uva,2.0,25849.0,LK81,94.0,0.8082528400000001,0.7869486866666667,102.54594166666668
2015-12-01,2015-12,December,Batticaloa,Eastern,2.0,25833.0,LK51,82.0,0.7458902,0.7287191533333334,102.19721
2015-12-01,2015-12,December,Colombo,Western,2.0,25851.0,LK11,23.0,0.7005840466666666,0.6931179466666667,101.004352
2015-12-01,2015-12,December,Galle,Southern,2.0,25846.0,LK31,54.0,0.8267246866666667,0.8138152533333334,101.49448
2015-12-01,2015-12,December,Gampaha,Western,2.0,25852.0,LK12,47.0,0.7800709033333333,0.7628569066666667,102.11668833333333
2015-12-01,2015-12,December,Hambantota,Southern,2.0,25847.0,LK33,85.0,0.7919654500000001,0.7700227133333333,102.67811866666666
2015-12-01,2015-12,December,Jaffna,Northern,2.0,25839.0,LK41,31.0,0.6506634466666666,0.6252972966666667,103.75623666666667
2015-12-01,2015-12,December,Kalutara,Western,2.0,25853.0,LK13,52.0,0.8168987,0.7963954366666667,102.42241333333334
2015-12-01,2015-12,December,Kandy,Central,2.0,41748.0,LK21,60.0,0.8289232866666666,0.8061117200000001,102.66453200000001
2015-12-01,2015-12,December,Kegalle,Sabaragamuwa,2.0,25844.0,LK92,55.0,0.8446054066666666,0.8268434299999999,102.02562333333333
2015-12-01,2015-12,December,Kilinochchi,Northern,2.0,25840.0,LK45,41.0,0.73323331,0.6934801566666667,105.35123166666666
2015-12-01,2015-12,December,Kurunegala,North Western,2.0,25837.0,LK61,158.0,0.8171516666666667,0.8019920066666666,101.778765
2015-12-01,2015-12,December,Mannar,Northern,2.0,25841.0,LK42,65.0,0.7650697000000001,0.7516517333333333,101.67453
2015-12-01,2015-12,December,Matale,Central,2.0,25830.0,LK22,67.0,0.8237835800000001,0.8089373566666667,101.72917
2015-12-01,2015-12,December,Matara,Southern,2.0,25848.0,LK32,39.0,0.83585637,0.8252643266666667,101.21036333333332
2015-12-01,2015-12,December,Monaragala,Uva,2.0,25850.0,LK82,186.0,0.824855,0.8032846,102.52935666666667
2015-12-01,2015-12,December,Mullaitivu,Northern,2.0,25842.0,LK44,85.0,0.7925548766666667,0.7785315666666667,101.69270166666666
2015-12-01,2015-12,December,Nuwara Eliya,Central,2.0,41749.0,LK23,58.0,0.8213292666666666,0.7976402033333333,102.79474666666665
2015-12-01,2015-12,December,Polonnaruwa,North Central,2.0,25836.0,LK72,116.0,0.7714491233333334,0.7602516,101.38271166666668
2015-12-01,2015-12,December,Puttalam,North Western,2.0,25838.0,LK62,107.0,0.7834943733333333,0.7589746666666667,103.03121
2015-12-01,2015-12,December,Ratnapura,Sabaragamuwa,2.0,25845.0,LK91,108.0,0.8365731233333333,0.81920739,101.99789533333335
2015-12-01,2015-12,December,Trincomalee,Eastern,2.0,25834.0,LK53,83.0,0.7789582133333334,0.76396468,101.84213299999999
2015-12-01,2015-12,December,Vavuniya,Northern,2.0,25843.0,LK43,65.0,0.8133307099999999,0.8042701600000001,101.06083533333333
2016-01-01,2016-01,January,Ampara,Eastern,2.0,25832.0,LK52,147.0,0.79570565,0.7833097133333333,101.48446333333334
2016-01-01,2016-01,January,Anuradhapura,North Central,2.0,25835.0,LK71,235.0,0.7966287933333334,0.7924991,100.48838833333333
2016-01-01,2016-01,January,Badulla,Uva,2.0,25849.0,LK81,94.0,0.8063613566666668,0.7926376866666667,101.62810166666667
2016-01-01,2016-01,January,Batticaloa,Eastern,2.0,25833.0,LK51,82.0,0.7370422666666666,0.7211823599999999,102.04678666666666
2016-01-01,2016-01,January,Colombo,Western,2.0,25851.0,LK11,23.0,0.6792564966666667,0.6720614033333333,100.99679133333332
2016-01-01,2016-01,January,Galle,Southern,2.0,25846.0,LK31,54.0,0.82312093,0.8078158633333333,101.78512666666666
2016-01-01,2016-01,January,Gampaha,Western,2.0,25852.0,LK12,47.0,0.7404184333333333,0.7362003333333332,100.53043333333333
2016-01-01,2016-01,January,Hambantota,Southern,2.0,25847.0,LK33,85.0,0.7849529333333334,0.77555122,101.13663333333334
2016-01-01,2016-01,January,Jaffna,Northern,2.0,25839.0,LK41,31.0,0.6169838833333333,0.6014972866666667,102.36737833333332
2016-01-01,2016-01,January,Kalutara,Western,2.0,25853.0,LK13,52.0,0.8034160199999999,0.7819341033333332,102.58283
2016-01-01,2016-01,January,Kandy,Central,2.0,41748.0,LK21,60.0,0.8142232966666666,0.7984849533333334,101.85365033333333
2016-01-01,2016-01,January,Kegalle,Sabaragamuwa,2.0,25844.0,LK92,55.0,0.8271981466666668,0.8109299999999999,101.88919333333332
2016-01-01,2016-01,January,Kilinochchi,Northern,2.0,25840.0,LK45,41.0,0.6896715166666666,0.6806254666666667,101.21219333333333
2016-01-01,2016-01,January,Kurunegala,North Western,2.0,25837.0,LK61,158.0,0.79522528,0.7805691266666667,101.75845333333332
2016-01-01,2016-01,January,Mannar,Northern,2.0,25841.0,LK42,65.0,0.7640117633333334,0.7527504566666666,101.40258333333334
2016-01-01,2016-01,January,Matale,Central,2.0,25830.0,LK22,67.0,0.8220029533333334,0.8147227899999999,100.84144666666667
2016-01-01,2016-01,January,Matara,Southern,2.0,25848.0,LK32,39.0,0.8238777700000001,0.8164981633333334,100.85167366666667
2016-01-01,2016-01,January,Monaragala,Uva,2.0,25850.0,LK82,186.0,0.8095046233333333,0.8022891,100.84380499999999
2016-01-01,2016-01,January,Mullaitivu,Northern,2.0,25842.0,LK44,85.0,0.7787180066666667,0.7719806333333333,100.81810666666667
2016-01-01,2016-01,January,Nuwara Eliya,Central,2.0,41749.0,LK23,58.0,0.8102574533333334,0.7875915333333333,102.70571199999999
2016-01-01,2016-01,January,Polonnaruwa,North Central,2.0,25836.0,LK72,116.0,0.7947939466666667,0.7867867866666667,100.95803533333333
2016-01-01,2016-01,January,Puttalam,North Western,2.0,25838.0,LK62,107.0,0.7645597966666666,0.7442575466666667,102.55478833333332
2016-01-01,2016-01,January,Ratnapura,Sabaragamuwa,2.0,25845.0,LK91,108.0,0.82523547,0.8121014333333333,101.52315666666668
2016-01-01,2016-01,January,Trincomalee,Eastern,2.0,25834.0,LK53,83.0,0.7747044000000001,0.76624178,101.034973
2016-01-01,2016-01,January,Vavuniya,Northern,2.0,25843.0,LK43,65.0,0.7965143533333334,0.7948951333333333,100.18955533333333
2016-02-01,2016-02,February,Ampara,Eastern,2.0,25832.0,LK52,147.0,0.7465407633333333,0.7432987,100.40602166666667
2016-02-01,2016-02,February,Anuradhapura,North Central,2.0,25835.0,LK71,235.0,0.7484117566666667,0.75761819,98.852548
2016-02-01,2016-02,February,Badulla,Uva,2.0,25849.0,LK81,94.0,0.7858687833333334,0.7792860999999999,100.79371266666665
2016-02-01,2016-02,February,Batticaloa,Eastern,2.0,25833.0,LK51,82.0,0.6654739633333333,0.6692407333333333,99.46301666666666
2016-02-01,2016-02,February,Colombo,Western,2.0,25851.0,LK11,23.0,0.6627028866666667,0.6544099333333334,101.17737466666667
2016-02-01,2016-02,February,Galle,Southern,2.0,25846.0,LK31,54.0,0.8162364000000001,0.7933937333333333,102.70920666666666
2016-02-01,2016-02,February,Gampaha,Western,2.0,25852.0,LK12,47.0,0.6995921833333334,0.7034402433333332,99.48832
2016-02-01,2016-02,February,Hambantota,Southern,2.0,25847.0,LK33,85.0,0.7378799866666667,0.7486602666666666,98.64022999999999
2016-02-01,2016-02,February,Jaffna,Northern,2.0,25839.0,LK41,31.0,0.5538171900000001,0.5498484466666667,100.65180866666667
2016-02-01,2016-02,February,Kalutara,Western,2.0,25853.0,LK13,52.0,0.79492565,0.7683292866666666,103.25040200000001
2016-02-01,2016-02,February,Kandy,Central,2.0,41748.0,LK21,60.0,0.79316939,0.7830002333333334,101.22070666666667
2016-02-01,2016-02,February,Kegalle,Sabaragamuwa,2.0,25844.0,LK92,55.0,0.8096290766666666,0.7953982866666666,101.68327633333332
2016-02-01,2016-02,February,Kilinochchi,Northern,2.0,25840.0,LK45,41.0,0.60091299,0.62443539,96.49121133333334
2016-02-01,2016-02,February,Kurunegala,North Western,2.0,25837.0,LK61,158.0,0.7138689833333333,0.7190770733333333,99.306845
2016-02-01,2016-02,February,Mannar,Northern,2.0,25841.0,LK42,65.0,0.7337061399999999,0.7307267533333333,100.37611666666668
2016-02-01,2016-02,February,Matale,Central,2.0,25830.0,LK22,67.0,0.7998417666666667,0.7999620333333333,99.98533466666667
2016-02-01,2016-02,February,Matara,Southern,2.0,25848.0,LK32,39.0,0.8008948533333333,0.7943172133333333,100.77860166666666
2016-02-01,2016-02,February,Monaragala,Uva,2.0,25850.0,LK82,186.0,0.7735856600000001,0.7800976533333334,99.213258
2016-02-01,2016-02,February,Mullaitivu,Northern,2.0,25842.0,LK44,85.0,0.7470431033333332,0.7505555999999999,99.55785833333334
2016-02-01,2016-02,February,Nuwara Eliya,Central,2.0,41749.0,LK23,58.0,0.7946270333333333,0.7738566566666667,102.52104666666666
2016-02-01,2016-02,February,Polonnaruwa,North Central,2.0,25836.0,LK72,116.0,0.7770956833333335,0.7762176233333333,100.10388633333332
2016-02-01,2016-02,February,Puttalam,North Western,2.0,25838.0,LK62,107.0,0.7236828333333333,0.7083814966666667,102.01546
2016-02-01,2016-02,February,Ratnapura,Sabaragamuwa,2.0,25845.0,LK91,108.0,0.811587,0.8001612833333334,101.34381833333333
2016-02-01,2016-02,February,Trincomalee,Eastern,2.0,25834.0,LK53,83.0,0.7350517666666666,0.73724276,99.71702
2016-02-01,2016-02,February,Vavuniya,Northern,2.0,25843.0,LK43,65.0,0.7559030666666667,0.7669161,98.64640833333333
2016-03-01,2016-03,March,Ampara,Eastern,2.0,25832.0,LK52,147.0,0.6977473866666667,0.6993939033333333,99.77714466666667
2016-03-01,2016-03,March,Anuradhapura,North Central,2.0,25835.0,LK71,235.0,0.6871182666666668,0.7122368166666666,96.69597466666666
2016-03-01,2016-03,March,Badulla,Uva,2.0,25849.0,LK81,94.0,0.7657960866666667,0.7597539233333334,100.74528199999999
2016-03-01,2016-03,March,Batticaloa,Eastern,2.0,25833.0,LK51,82.0,0.60350284,0.6270425733333332,96.509598
2016-03-01,2016-03,March,Colombo,Western,2.0,25851.0,LK11,23.0,0.6617144866666667,0.6577345133333333,100.56434333333334
2016-03-01,2016-03,March,Galle,Southern,2.0,25846.0,LK31,54.0,0.8083660466666668,0.7874191600000001,102.50150000000001
2016-03-01,2016-03,March,Gampaha,Western,2.0,25852.0,LK12,47.0,0.6927241033333332,0.6998973133333334,99.04447499999999
2016-03-01,2016-03,March,Hambantota,Southern,2.0,25847.0,LK33,85.0,0.6757270200000001,0.7118593333333333,95.24665399999999
2016-03-01,2016-03,March,Jaffna,Northern,2.0,25839.0,LK41,31.0,0.5007913833333334,0.5109923333333334,98.16881799999999
2016-03-01,2016-03,March,Kalutara,Western,2.0,25853.0,LK13,52.0,0.7977935666666666,0.77279975,103.03916166666666
2016-03-01,2016-03,March,Kandy,Central,2.0,41748.0,LK21,60.0,0.7830244333333334,0.7727419133333333,101.24972666666667
2016-03-01,2016-03,March,Kegalle,Sabaragamuwa,2.0,25844.0,LK92,55.0,0.8132642200000001,0.7990706866666667,101.67172999999998
2016-03-01,2016-03,March,Kilinochchi,Northern,2.0,25840.0,LK45,41.0,0.5430097433333333,0.58135265,93.92003833333335
2016-03-01,2016-03,March,Kurunegala,North Western,2.0,25837.0,LK61,158.0,0.6692706566666667,0.6883870466666666,97.411
2016-03-01,2016-03,March,Mannar,Northern,2.0,25841.0,LK42,65.0,0.6857723,0.7011477333333334,97.94626533333333
2016-03-01,2016-03,March,Matale,Central,2.0,25830.0,LK22,67.0,0.7755776000000001,0.7756171233333333,99.994828
2016-03-01,2016-03,March,Matara,Southern,2.0,25848.0,LK32,39.0,0.7869538266666667,0.7825581666666667,100.52792666666666
2016-03-01,2016-03,March,Monaragala,Uva,2.0,25850.0,LK82,186.0,0.7505580233333333,0.7631427466666666,98.45195
2016-03-01,2016-03,March,Mullaitivu,Northern,2.0,25842.0,LK44,85.0,0.7112623333333333,0.7284733299999999,97.785435
2016-03-01,2016-03,March,Nuwara Eliya,Central,2.0,41749.0,LK23,58.0,0.78510973,0.76845832,102.034558
2016-03-01,2016-03,March,Polonnaruwa,North Central,2.0,25836.0,LK72,116.0,0.7160177833333333,0.7271072466666667,98.56156166666666
2016-03-01,2016-03,March,Puttalam,North Western,2.0,25838.0,LK62,107.0,0.6917127366666667,0.6856575333333333,100.82182333333333
2016-03-01,2016-03,March,Ratnapura,Sabaragamuwa,2.0,25845.0,LK91,108.0,0.8055854666666665,0.7967155966666667,101.04761333333333
2016-03-01,2016-03,March,Trincomalee,Eastern,2.0,25834.0,LK53,83.0,0.6819614333333334,0.6988553533333333,97.73419000000001
2016-03-01,2016-03,March,Vavuniya,Northern,2.0,25843.0,LK43,65.0,0.7134584500000001,0.7414863666666666,96.4554
2016-04-01,2016-04,April,Ampara,Eastern,2.0,25832.0,LK52,147.0,0.6776333133333333,0.6831142633333332,99.252235
2016-04-01,2016-04,April,Anuradhapura,North Central,2.0,25835.0,LK71,235.0,0.68545641,0.71229456,96.47142333333333
2016-04-01,2016-04,April,Badulla,Uva,2.0,25849.0,LK81,94.0,0.7573921866666667,0.7551976666666667,100.2724
2016-04-01,2016-04,April,Batticaloa,Eastern,2.0,25833.0,LK51,82.0,0.57111582,0.60768549,94.439792
2016-04-01,2016-04,April,Colombo,Western,2.0,25851.0,LK11,23.0,0.6749869366666666,0.6772539700000001,99.68832366666668
2016-04-01,2016-04,April,Galle,Southern,2.0,25846.0,LK31,54.0,0.8104079999999999,0.79412357,101.929223
2016-04-01,2016-04,April,Gampaha,Western,2.0,25852.0,LK12,47.0,0.7151737333333333,0.7242393766666666,98.82655166666666
2016-04-01,2016-04,April,Hambantota,Southern,2.0,25847.0,LK33,85.0,0.6627345,0.7008370866666667,94.92308866666667
2016-04-01,2016-04,April,Jaffna,Northern,2.0,25839.0,LK41,31.0,0.47390966000000007,0.49807874333333335,95.59006333333333
2016-04-01,2016-04,April,Kalutara,Western,2.0,25853.0,LK13,52.0,0.8030743233333334,0.7875598333333333,101.85296666666666
2016-04-01,2016-04,April,Kandy,Central,2.0,41748.0,LK21,60.0,0.7877005666666667,0.7766860666666666,101.33177333333333
2016-04-01,2016-04,April,Kegalle,Sabaragamuwa,2.0,25844.0,LK92,55.0,0.83189638,0.8171027799999999,101.70577033333332
2016-04-01,2016-04,April,Kilinochchi,Northern,2.0,25840.0,LK45,41.0,0.5266016133333333,0.5641594166666667,93.886195
2016-04-01,2016-04,April,Kurunegala,North Western,2.0,25837.0,LK61,158.0,0.7171223333333333,0.7250464233333332,98.95906333333333
2016-04-01,2016-04,April,Mannar,Northern,2.0,25841.0,LK42,65.0,0.66148459,0.6830917666666667,97.05354999999999
2016-04-01,2016-04,April,Matale,Central,2.0,25830.0,LK22,67.0,0.7689094533333334,0.76829087,100.07525
2016-04-01,2016-04,April,Matara,Southern,2.0,25848.0,LK32,39.0,0.79632819,0.78895477,100.87799466666667
2016-04-01,2016-04,April,Monaragala,Uva,2.0,25850.0,LK82,186.0,0.7579309866666666,0.7644638666666667,99.19665333333334
2016-04-01,2016-04,April,Mullaitivu,Northern,2.0,25842.0,LK44,85.0,0.6906003866666667,0.714852,96.829503
2016-04-01,2016-04,April,Nuwara Eliya,Central,2.0,41749.0,LK23,58.0,0.7832746866666667,0.7739699466666666,101.12950866666667
2016-04-01,2016-04,April,Polonnaruwa,North Central,2.0,25836.0,LK72,116.0,0.6771157933333334,0.69618518,97.44458333333334
2016-04-01,2016-04,April,Puttalam,North Western,2.0,25838.0,LK62,107.0,0.6953806933333334,0.6956772999999999,99.95886333333333
2016-04-01,2016-04,April,Ratnapura,Sabaragamuwa,2.0,25845.0,LK91,108.0,0.8160583,0.8041900966666665,101.38866666666667
2016-04-01,2016-04,April,Trincomalee,Eastern,2.0,25834.0,LK53,83.0,0.6427184566666667,0.6763330233333334,95.37085833333333
2016-04-01,2016-04,April,Vavuniya,Northern,2.0,25843.0,LK43,65.0,0.7095727833333333,0.7370928533333334,96.50216666666665
2016-05-01,2016-05,May,Ampara,Eastern,2.0,25832.0,LK52,147.0,0.7047321666666667,0.6942442600000001,101.40361466666667
2016-05-01,2016-05,May,Anuradhapura,North Central,2.0,25835.0,LK71,235.0,0.7377232333333333,0.72566436,101.55830333333334
2016-05-01,2016-05,May,Badulla,Uva,2.0,25849.0,LK81,94.0,0.7710790466666667,0.7554970333333334,101.93574666666666
2016-05-01,2016-05,May,Batticaloa,Eastern,2.0,25833.0,LK51,82.0,0.6019613666666667,0.6097193333333334,98.82157666666666
2016-05-01,2016-05,May,Colombo,Western,2.0,25851.0,LK11,23.0,0.6969362333333334,0.6955265166666668,100.188382
2016-05-01,2016-05,May,Galle,Southern,2.0,25846.0,LK31,54.0,0.81672713,0.8004023433333334,101.91976
2016-05-01,2016-05,May,Gampaha,Western,2.0,25852.0,LK12,47.0,0.7528659333333333,0.74915808,100.46101133333333
2016-05-01,2016-05,May,Hambantota,Southern,2.0,25847.0,LK33,85.0,0.7147345033333333,0.7062601000000001,101.11977999999999
2016-05-01,2016-05,May,Jaffna,Northern,2.0,25839.0,LK41,31.0,0.4962816833333334,0.49670642333333337,99.93007999999999
2016-05-01,2016-05,May,Kalutara,Western,2.0,25853.0,LK13,52.0,0.8125038433333334,0.7966547366666666,101.87188833333333
2016-05-01,2016-05,May,Kandy,Central,2.0,41748.0,LK21,60.0,0.8044272,0.7845254766666666,102.38430666666666
2016-05-01,2016-05,May,Kegalle,Sabaragamuwa,2.0,25844.0,LK92,55.0,0.8481490666666667,0.8317203266666667,101.86343333333332
2016-05-01,2016-05,May,Kilinochchi,Northern,2.0,25840.0,LK45,41.0,0.55249106,0.5603386866666668,98.71830666666666
2016-05-01,2016-05,May,Kurunegala,North Western,2.0,25837.0,LK61,158.0,0.7844824866666666,0.7688743966666666,101.90155033333333
2016-05-01,2016-05,May,Mannar,Northern,2.0,25841.0,LK42,65.0,0.6779728,0.67330281,100.65433800000001
2016-05-01,2016-05,May,Matale,Central,2.0,25830.0,LK22,67.0,0.78462237,0.7697553166666666,101.81451333333332
2016-05-01,2016-05,May,Matara,Southern,2.0,25848.0,LK32,39.0,0.8145871533333334,0.8025984233333333,101.406187
2016-05-01,2016-05,May,Monaragala,Uva,2.0,25850.0,LK82,186.0,0.7790077000000001,0.7616334866666667,102.14484800000001
2016-05-01,2016-05,May,Mullaitivu,Northern,2.0,25842.0,LK44,85.0,0.7032172466666666,0.70917131,99.21854333333333
2016-05-01,2016-05,May,Nuwara Eliya,Central,2.0,41749.0,LK23,58.0,0.7895884999999999,0.7783765833333334,101.35347999999999
2016-05-01,2016-05,May,Polonnaruwa,North Central,2.0,25836.0,LK72,116.0,0.6936574666666667,0.6925152333333333,100.15474666666667
2016-05-01,2016-05,May,Puttalam,North Western,2.0,25838.0,LK62,107.0,0.7280205166666667,0.7109920000000001,102.23602999999999
2016-05-01,2016-05,May,Ratnapura,Sabaragamuwa,2.0,25845.0,LK91,108.0,0.8300252666666667,0.8096791900000001,102.36662833333332
2016-05-01,2016-05,May,Trincomalee,Eastern,2.0,25834.0,LK53,83.0,0.6559779,0.6749312466666666,97.38537533333333
2016-05-01,2016-05,May,Vavuniya,Northern,2.0,25843.0,LK43,65.0,0.7416153433333333,0.73722455,100.56364866666667
2016-06-01,2016-06,June,Ampara,Eastern,2.0,25832.0,LK52,147.0,0.72342993,0.69607917,103.66637666666666
2016-06-01,2016-06,June,Anuradhapura,North Central,2.0,25835.0,LK71,235.0,0.7406799766666667,0.6999913666666666,105.43310466666667
2016-06-01,2016-06,June,Badulla,Uva,2.0,25849.0,LK81,94.0,0.7687574266666667,0.7429939533333334,103.24869666666666
2016-06-01,2016-06,June,Batticaloa,Eastern,2.0,25833.0,LK51,82.0,0.6235581166666667,0.5971564333333333,104.088445
2016-06-01,2016-06,June,Colombo,Western,2.0,25851.0,LK11,23.0,0.6999985633333333,0.7040921833333332,99.45741
2016-06-01,2016-06,June,Galle,Southern,2.0,25846.0,LK31,54.0,0.8087956633333334,0.8009732366666666,100.91891466666668
2016-06-01,2016-06,June,Gampaha,Western,2.0,25852.0,LK12,47.0,0.76370141,0.7584368933333333,100.65109666666666
2016-06-01,2016-06,June,Hambantota,Southern,2.0,25847.0,LK33,85.0,0.7344035,0.6984099533333333,104.80919333333333
2016-06-01,2016-06,June,Jaffna,Northern,2.0,25839.0,LK41,31.0,0.5425204266666667,0.48190153666666663,111.42491666666666
2016-06-01,2016-06,June,Kalutara,Western,2.0,25853.0,LK13,52.0,0.8073262533333333,0.7987041333333332,101.015695
2016-06-01,2016-06,June,Kandy,Central,2.0,41748.0,LK21,60.0,0.8061700066666667,0.7865019333333333,102.35109866666666
2016-06-01,2016-06,June,Kegalle,Sabaragamuwa,2.0,25844.0,LK92,55.0,0.8447018133333333,0.8373326266666666,100.83058199999999
2016-06-01,2016-06,June,Kilinochchi,Northern,2.0,25840.0,LK45,41.0,0.5853910666666667,0.5513656466666667,105.66618666666666
2016-06-01,2016-06,June,Kurunegala,North Western,2.0,25837.0,LK61,158.0,0.7953875266666667,0.7748695666666666,102.48693333333334
2016-06-01,2016-06,June,Mannar,Northern,2.0,25841.0,LK42,65.0,0.6950179333333333,0.6502179333333333,106.41278
2016-06-01,2016-06,June,Matale,Central,2.0,25830.0,LK22,67.0,0.7839148666666667,0.7593344433333332,103.037347
2016-06-01,2016-06,June,Matara,Southern,2.0,25848.0,LK32,39.0,0.8172503933333334,0.8112293133333334,100.69936733333334
2016-06-01,2016-06,June,Monaragala,Uva,2.0,25850.0,LK82,186.0,0.7585723999999999,0.7310031866666667,103.52900199999999
2016-06-01,2016-06,June,Mullaitivu,Northern,2.0,25842.0,LK44,85.0,0.7273631133333334,0.6991408666666666,103.77215000000001
2016-06-01,2016-06,June,Nuwara Eliya,Central,2.0,41749.0,LK23,58.0,0.7864522666666667,0.7738468,101.52998533333334
2016-06-01,2016-06,June,Polonnaruwa,North Central,2.0,25836.0,LK72,116.0,0.7280884933333334,0.6941723433333333,104.55629633333332
2016-06-01,2016-06,June,Puttalam,North Western,2.0,25838.0,LK62,107.0,0.7429841,0.7017504666666667,105.491285
2016-06-01,2016-06,June,Ratnapura,Sabaragamuwa,2.0,25845.0,LK91,108.0,0.82301599,0.8067291666666666,101.90024333333334
2016-06-01,2016-06,June,Trincomalee,Eastern,2.0,25834.0,LK53,83.0,0.7008674200000001,0.6693011666666666,104.39442000000001
2016-06-01,2016-06,June,Vavuniya,Northern,2.0,25843.0,LK43,65.0,0.7534297433333332,0.7127846833333332,105.33992
2016-07-01,2016-07,July,Ampara,Eastern,2.0,25832.0,LK52,147.0,0.69511951,0.66297264,104.515495
2016-07-01,2016-07,July,Anuradhapura,North Central,2.0,25835.0,LK71,235.0,0.7215734533333333,0.66451175,107.99257666666666
2016-07-01,2016-07,July,Badulla,Uva,2.0,25849.0,LK81,94.0,0.7476492666666666,0.7170180433333333,103.99611333333333
2016-07-01,2016-07,July,Batticaloa,Eastern,2.0,25833.0,LK51,82.0,0.5934877766666666,0.5537752966666667,106.58569999999999
2016-07-01,2016-07,July,Colombo,Western,2.0,25851.0,LK11,23.0,0.6846260833333333,0.7042327766666666,97.39996133333334
2016-07-01,2016-07,July,Galle,Southern,2.0,25846.0,LK31,54.0,0.7970999966666668,0.7963837866666666,100.08454666666667
2016-07-01,2016-07,July,Gampaha,Western,2.0,25852.0,LK12,47.0,0.7458254966666668,0.7523134333333333,99.19021500000001
2016-07-01,2016-07,July,Hambantota,Southern,2.0,25847.0,LK33,85.0,0.70119606,0.6664425666666667,104.84830166666666
2016-07-01,2016-07,July,Jaffna,Northern,2.0,25839.0,LK41,31.0,0.5443623666666667,0.46375180666666665,115.689078
2016-07-01,2016-07,July,Kalutara,Western,2.0,25853.0,LK13,52.0,0.7908313800000001,0.7950797433333333,99.49701666666665
2016-07-01,2016-07,July,Kandy,Central,2.0,41748.0,LK21,60.0,0.7923816466666667,0.7818825266666667,101.26162
2016-07-01,2016-07,July,Kegalle,Sabaragamuwa,2.0,25844.0,LK92,55.0,0.83301149,0.8361627166666666,99.64434
2016-07-01,2016-07,July,Kilinochchi,Northern,2.0,25840.0,LK45,41.0,0.5909983666666666,0.5403985833333333,108.57257533333332
2016-07-01,2016-07,July,Kurunegala,North Western,2.0,25837.0,LK61,158.0,0.7632972466666667,0.7443222666666666,102.39055533333334
2016-07-01,2016-07,July,Mannar,Northern,2.0,25841.0,LK42,65.0,0.6885271666666667,0.62472038,109.46066499999999
2016-07-01,2016-07,July,Matale,Central,2.0,25830.0,LK22,67.0,0.7673372833333333,0.7411886500000001,103.305085
2016-07-01,2016-07,July,Matara,Southern,2.0,25848.0,LK32,39.0,0.8087580666666666,0.8077109,100.12197333333334
2016-07-01,2016-07,July,Monaragala,Uva,2.0,25850.0,LK82,186.0,0.7127460499999999,0.6853212933333334,103.72954666666668
2016-07-01,2016-07,July,Mullaitivu,Northern,2.0,25842.0,LK44,85.0,0.7358046800000001,0.6886919566666667,106.37834333333335
2016-07-01,2016-07,July,Nuwara Eliya,Central,2.0,41749.0,LK23,58.0,0.7763775566666666,0.7643455466666667,101.477348
2016-07-01,2016-07,July,Polonnaruwa,North Central,2.0,25836.0,LK72,116.0,0.748079,0.6896422566666667,107.90252666666667
2016-07-01,2016-07,July,Puttalam,North Western,2.0,25838.0,LK62,107.0,0.7208669799999999,0.6679628466666667,107.37360133333334
2016-07-01,2016-07,July,Ratnapura,Sabaragamuwa,2.0,25845.0,LK91,108.0,0.8052524533333333,0.7948234166666667,101.23440333333333
2016-07-01,2016-07,July,Trincomalee,Eastern,2.0,25834.0,LK53,83.0,0.7198774833333333,0.6580614966666667,108.73150333333335
2016-07-01,2016-07,July,Vavuniya,Northern,2.0,25843.0,LK43,65.0,0.7423174,0.68687702,107.52385333333332
2016-08-01,2016-08,August,Ampara,Eastern,2.0,25832.0,LK52,147.0,0.65468795,0.6297521233333333,103.66103333333332
2016-08-01,2016-08,August,Anuradhapura,North Central,2.0,25835.0,LK71,235.0,0.7019830533333332,0.6509886466666667,107.27414500000002
2016-08-01,2016-08,August,Badulla,Uva,2.0,25849.0,LK81,94.0,0.7246272833333333,0.7010389,103.13843766666666
2016-08-01,2016-08,August,Batticaloa,Eastern,2.0,25833.0,LK51,82.0,0.5556109833333334,0.5290863866666666,104.57704666666666
2016-08-01,2016-08,August,Colombo,Western,2.0,25851.0,LK11,23.0,0.6765376666666666,0.6977320533333332,97.16546333333334
2016-08-01,2016-08,August,Galle,Southern,2.0,25846.0,LK31,54.0,0.7970728,0.79401784,100.36195333333335
2016-08-01,2016-08,August,Gampaha,Western,2.0,25852.0,LK12,47.0,0.72308723,0.7410126333333333,97.73223
2016-08-01,2016-08,August,Hambantota,Southern,2.0,25847.0,LK33,85.0,0.6482909666666666,0.6358906333333333,101.79443466666667
2016-08-01,2016-08,August,Jaffna,Northern,2.0,25839.0,LK41,31.0,0.51998709,0.46041914,111.679862
2016-08-01,2016-08,August,Kalutara,Western,2.0,25853.0,LK13,52.0,0.7884775300000001,0.7902804933333334,99.785588
2016-08-01,2016-08,August,Kandy,Central,2.0,41748.0,LK21,60.0,0.7790783333333332,0.7761413999999999,100.35501866666668
2016-08-01,2016-08,August,Kegalle,Sabaragamuwa,2.0,25844.0,LK92,55.0,0.8298636199999999,0.83049366,99.92859166666666
2016-08-01,2016-08,August,Kilinochchi,Northern,2.0,25840.0,LK45,41.0,0.5719511966666667,0.5262446000000001,107.92662933333334
2016-08-01,2016-08,August,Kurunegala,North Western,2.0,25837.0,LK61,158.0,0.7094459666666667,0.7056622866666666,100.48831166666668
2016-08-01,2016-08,August,Mannar,Northern,2.0,25841.0,LK42,65.0,0.6740271533333333,0.6115338466666667,109.44613700000001
2016-08-01,2016-08,August,Matale,Central,2.0,25830.0,LK22,67.0,0.7384830666666667,0.72781648,101.369228
2016-08-01,2016-08,August,Matara,Southern,2.0,25848.0,LK32,39.0,0.79936578,0.7997613100000001,99.95318133333335
2016-08-01,2016-08,August,Monaragala,Uva,2.0,25850.0,LK82,186.0,0.6825741966666666,0.6643590033333333,102.54911666666668
2016-08-01,2016-08,August,Mullaitivu,Northern,2.0,25842.0,LK44,85.0,0.7264666533333334,0.6894681,105.005928
2016-08-01,2016-08,August,Nuwara Eliya,Central,2.0,41749.0,LK23,58.0,0.7681718000000001,0.7604915800000001,100.94761
2016-08-01,2016-08,August,Polonnaruwa,North Central,2.0,25836.0,LK72,116.0,0.7260410866666667,0.6756234133333333,106.93663333333335
2016-08-01,2016-08,August,Puttalam,North Western,2.0,25838.0,LK62,107.0,0.6689090333333333,0.6345897133333334,105.00171133333333
2016-08-01,2016-08,August,Ratnapura,Sabaragamuwa,2.0,25845.0,LK91,108.0,0.7925626433333334,0.7835099900000001,101.08568000000001
2016-08-01,2016-08,August,Trincomalee,Eastern,2.0,25834.0,LK53,83.0,0.7118373333333333,0.6609511433333334,107.16227533333334
2016-08-01,2016-08,August,Vavuniya,Northern,2.0,25843.0,LK43,65.0,0.7242348433333333,0.6878702466666667,104.936008
2016-09-01,2016-09,September,Ampara,Eastern,2.0,25832.0,LK52,147.0,0.61614421,0.6329594333333334,97.55431800000001
2016-09-01,2016-09,September,Anuradhapura,North Central,2.0,25835.0,LK71,235.0,0.6392392666666668,0.6619698366666666,96.83799666666665
2016-09-01,2016-09,September,Badulla,Uva,2.0,25849.0,LK81,94.0,0.6867925566666666,0.7060127666666668,97.46856333333334
2016-09-01,2016-09,September,Batticaloa,Eastern,2.0,25833.0,LK51,82.0,0.5159601666666667,0.5397494566666667,95.99553333333334
2016-09-01,2016-09,September,Colombo,Western,2.0,25851.0,LK11,23.0,0.6692840833333333,0.6961392833333333,96.401021
2016-09-01,2016-09,September,Galle,Southern,2.0,25846.0,LK31,54.0,0.7990771333333333,0.7968295466666667,100.26569
2016-09-01,2016-09,September,Gampaha,Western,2.0,25852.0,LK12,47.0,0.69736099,0.7382961266666667,94.807722
2016-09-01,2016-09,September,Hambantota,Southern,2.0,25847.0,LK33,85.0,0.5930619,0.63163102,94.35524166666666
2016-09-01,2016-09,September,Jaffna,Northern,2.0,25839.0,LK41,31.0,0.5033924666666666,0.4845341333333333,103.577218
2016-09-01,2016-09,September,Kalutara,Western,2.0,25853.0,LK13,52.0,0.7876236866666666,0.79020558,99.69288166666666
2016-09-01,2016-09,September,Kandy,Central,2.0,41748.0,LK21,60.0,0.7628060866666667,0.77577225,98.43072333333333
2016-09-01,2016-09,September,Kegalle,Sabaragamuwa,2.0,25844.0,LK92,55.0,0.8229623866666667,0.82574345,99.682232
2016-09-01,2016-09,September,Kilinochchi,Northern,2.0,25840.0,LK45,41.0,0.5344544733333333,0.52585062,101.511008
2016-09-01,2016-09,September,Kurunegala,North Western,2.0,25837.0,LK61,158.0,0.6451820333333332,0.7007411133333333,92.61140333333333
2016-09-01,2016-09,September,Mannar,Northern,2.0,25841.0,LK42,65.0,0.6462861233333334,0.62242828,103.57311666666668
2016-09-01,2016-09,September,Matale,Central,2.0,25830.0,LK22,67.0,0.7016079333333334,0.73437527,95.83340033333333
2016-09-01,2016-09,September,Matara,Southern,2.0,25848.0,LK32,39.0,0.7882657666666667,0.7964650633333333,99.03142000000001
2016-09-01,2016-09,September,Monaragala,Uva,2.0,25850.0,LK82,186.0,0.66318689,0.67865846,97.89340466666665
2016-09-01,2016-09,September,Mullaitivu,Northern,2.0,25842.0,LK44,85.0,0.7059976200000001,0.7039018433333334,100.28943466666665
2016-09-01,2016-09,September,Nuwara Eliya,Central,2.0,41749.0,LK23,58.0,0.7626086166666667,0.7645634333333334,99.76101166666668
2016-09-01,2016-09,September,Polonnaruwa,North Central,2.0,25836.0,LK72,116.0,0.6407523,0.66211692,97.00542666666666
2016-09-01,2016-09,September,Puttalam,North Western,2.0,25838.0,LK62,107.0,0.6230006,0.6389632333333334,97.70476333333333
2016-09-01,2016-09,September,Ratnapura,Sabaragamuwa,2.0,25845.0,LK91,108.0,0.7787021333333334,0.7821766166666667,99.58342133333333
2016-09-01,2016-09,September,Trincomalee,Eastern,2.0,25834.0,LK53,83.0,0.6586389166666666,0.67273578,98.06872
2016-09-01,2016-09,September,Vavuniya,Northern,2.0,25843.0,LK43,65.0,0.6934892100000001,0.7114957333333334,97.659598
2016-10-01,2016-10,October,Ampara,Eastern,2.0,25832.0,LK52,147.0,0.62862132,0.6726984566666667,93.899475
2016-10-01,2016-10,October,Anuradhapura,North Central,2.0,25835.0,LK71,235.0,0.6400587166666667,0.7050825566666666,91.37112633333334
2016-10-01,2016-10,October,Badulla,Uva,2.0,25849.0,LK81,94.0,0.69308579,0.73642772,94.48480333333333
2016-10-01,2016-10,October,Batticaloa,Eastern,2.0,25833.0,LK51,82.0,0.5271211466666667,0.58577872,90.77234500000002
2016-10-01,2016-10,October,Colombo,Western,2.0,25851.0,LK11,23.0,0.6637058033333333,0.6993316900000001,95.24582666666667
2016-10-01,2016-10,October,Galle,Southern,2.0,25846.0,LK31,54.0,0.8044617166666667,0.80463834,99.979174
2016-10-01,2016-10,October,Gampaha,Western,2.0,25852.0,LK12,47.0,0.6942439533333333,0.7456929666666667,93.53289533333333
2016-10-01,2016-10,October,Hambantota,Southern,2.0,25847.0,LK33,85.0,0.6135376366666666,0.67526712,91.47449
2016-10-01,2016-10,October,Jaffna,Northern,2.0,25839.0,LK41,31.0,0.5205107433333334,0.53861731,96.95372166666668
2016-10-01,2016-10,October,Kalutara,Western,2.0,25853.0,LK13,52.0,0.7902397,0.7947389133333332,99.46717833333334
2016-10-01,2016-10,October,Kandy,Central,2.0,41748.0,LK21,60.0,0.7639472233333334,0.7867203666666667,97.27788833333334
2016-10-01,2016-10,October,Kegalle,Sabaragamuwa,2.0,25844.0,LK92,55.0,0.8175793533333332,0.8250890333333333,99.14184999999999
2016-10-01,2016-10,October,Kilinochchi,Northern,2.0,25840.0,LK45,41.0,0.5275479666666666,0.5664579066666667,93.73371333333334
2016-10-01,2016-10,October,Kurunegala,North Western,2.0,25837.0,LK61,158.0,0.6512527233333333,0.7316796600000001,89.69554666666666
2016-10-01,2016-10,October,Mannar,Northern,2.0,25841.0,LK42,65.0,0.6482799833333334,0.6693824666666667,97.08761
2016-10-01,2016-10,October,Matale,Central,2.0,25830.0,LK22,67.0,0.7053766,0.7646746466666666,92.71728999999999
2016-10-01,2016-10,October,Matara,Southern,2.0,25848.0,LK32,39.0,0.79035382,0.8024033333333334,98.58619800000001
2016-10-01,2016-10,October,Monaragala,Uva,2.0,25850.0,LK82,186.0,0.6873858266666667,0.7241691666666666,95.24420200000002
2016-10-01,2016-10,October,Mullaitivu,Northern,2.0,25842.0,LK44,85.0,0.7076270366666667,0.7338299833333334,96.66140133333333
2016-10-01,2016-10,October,Nuwara Eliya,Central,2.0,41749.0,LK23,58.0,0.76854252,0.7775780666666666,98.90853266666666
2016-10-01,2016-10,October,Polonnaruwa,North Central,2.0,25836.0,LK72,116.0,0.6284545666666667,0.6956889,90.97194300000001
2016-10-01,2016-10,October,Puttalam,North Western,2.0,25838.0,LK62,107.0,0.63890655,0.6856798166666667,93.64293500000001
2016-10-01,2016-10,October,Ratnapura,Sabaragamuwa,2.0,25845.0,LK91,108.0,0.7845329933333334,0.7957741733333333,98.67056133333334
2016-10-01,2016-10,October,Trincomalee,Eastern,2.0,25834.0,LK53,83.0,0.64638271,0.7037558566666666,92.38807666666666
2016-10-01,2016-10,October,Vavuniya,Northern,2.0,25843.0,LK43,65.0,0.7038856333333333,0.7542895333333334,93.73049866666666
2016-11-01,2016-11,November,Ampara,Eastern,2.0,25832.0,LK52,147.0,0.7060523466666666,0.73024149,96.87863666666665
2016-11-01,2016-11,November,Anuradhapura,North Central,2.0,25835.0,LK71,235.0,0.73838565,0.75418649,98.01542533333334
2016-11-01,2016-11,November,Badulla,Uva,2.0,25849.0,LK81,94.0,0.7519616666666668,0.7692643666666666,97.87992666666666
2016-11-01,2016-11,November,Batticaloa,Eastern,2.0,25833.0,LK51,82.0,0.6311950966666666,0.6684093433333334,94.771418
2016-11-01,2016-11,November,Colombo,Western,2.0,25851.0,LK11,23.0,0.66130867,0.6999362000000001,94.84910833333333
2016-11-01,2016-11,November,Galle,Southern,2.0,25846.0,LK31,54.0,0.8158864,0.8110670066666666,100.55949533333335
2016-11-01,2016-11,November,Gampaha,Western,2.0,25852.0,LK12,47.0,0.7208694800000001,0.7596452866666666,95.20912
2016-11-01,2016-11,November,Hambantota,Southern,2.0,25847.0,LK33,85.0,0.70536038,0.7371608566666668,95.93759866666666
2016-11-01,2016-11,November,Jaffna,Northern,2.0,25839.0,LK41,31.0,0.5773859666666666,0.6011712133333333,96.33948333333335
2016-11-01,2016-11,November,Kalutara,Western,2.0,25853.0,LK13,52.0,0.7984275533333333,0.7982270133333333,100.02360666666668
2016-11-01,2016-11,November,Kandy,Central,2.0,41748.0,LK21,60.0,0.7879044566666668,0.8012197633333334,98.43442333333333
2016-11-01,2016-11,November,Kegalle,Sabaragamuwa,2.0,25844.0,LK92,55.0,0.8217163333333333,0.82791171,99.29425166666665
2016-11-01,2016-11,November,Kilinochchi,Northern,2.0,25840.0,LK45,41.0,0.5921512233333334,0.6432878833333334,92.59843333333333
2016-11-01,2016-11,November,Kurunegala,North Western,2.0,25837.0,LK61,158.0,0.7357645333333332,0.7751060133333333,95.21617333333334
2016-11-01,2016-11,November,Mannar,Northern,2.0,25841.0,LK42,65.0,0.7067420266666667,0.7253331,97.59052633333333
2016-11-01,2016-11,November,Matale,Central,2.0,25830.0,LK22,67.0,0.7679566933333334,0.7938021000000001,96.92906333333333
2016-11-01,2016-11,November,Matara,Southern,2.0,25848.0,LK32,39.0,0.80707688,0.81549072,99.02726333333334
2016-11-01,2016-11,November,Monaragala,Uva,2.0,25850.0,LK82,186.0,0.7585636133333334,0.77563148,97.92133066666668
2016-11-01,2016-11,November,Mullaitivu,Northern,2.0,25842.0,LK44,85.0,0.7430960533333334,0.7649793100000001,97.31114333333335
2016-11-01,2016-11,November,Nuwara Eliya,Central,2.0,41749.0,LK23,58.0,0.7873471200000001,0.7932364766666667,99.30066533333333
2016-11-01,2016-11,November,Polonnaruwa,North Central,2.0,25836.0,LK72,116.0,0.7208709666666667,0.7374111633333333,97.8834
2016-11-01,2016-11,November,Puttalam,North Western,2.0,25838.0,LK62,107.0,0.7087146266666666,0.7389796133333334,96.15060999999999
2016-11-01,2016-11,November,Ratnapura,Sabaragamuwa,2.0,25845.0,LK91,108.0,0.8083962800000001,0.8127910133333334,99.48952866666667
2016-11-01,2016-11,November,Trincomalee,Eastern,2.0,25834.0,LK53,83.0,0.7057517933333334,0.7405627566666667,95.58519
2016-11-01,2016-11,November,Vavuniya,Northern,2.0,25843.0,LK43,65.0,0.7652517666666667,0.7915826566666667,96.86377833333334
2016-12-01,2016-12,December,Ampara,Eastern,2.0,25832.0,LK52,147.0,0.7711219766666666,0.7766607333333333,99.32606333333332
2016-12-01,2016-12,December,Anuradhapura,North Central,2.0,25835.0,LK71,235.0,0.78342,0.7848832833333333,99.82706866666666
2016-12-01,2016-12,December,Badulla,Uva,2.0,25849.0,LK81,94.0,0.7873528033333334,0.7869486866666667,100.04731833333334
2016-12-01,2016-12,December,Batticaloa,Eastern,2.0,25833.0,LK51,82.0,0.7131333333333334,0.7287191533333334,97.99255799999999
2016-12-01,2016-12,December,Colombo,Western,2.0,25851.0,LK11,23.0,0.65344492,0.6931179466666667,94.66181966666666
2016-12-01,2016-12,December,Galle,Southern,2.0,25846.0,LK31,54.0,0.8209086133333333,0.8138152533333334,100.82117
2016-12-01,2016-12,December,Gampaha,Western,2.0,25852.0,LK12,47.0,0.7307985666666666,0.7628569066666667,96.05650666666666
2016-12-01,2016-12,December,Hambantota,Southern,2.0,25847.0,LK33,85.0,0.7560635366666667,0.7700227133333333,98.29789866666665
2016-12-01,2016-12,December,Jaffna,Northern,2.0,25839.0,LK41,31.0,0.6135515699999999,0.6252972966666667,98.26012866666667
2016-12-01,2016-12,December,Kalutara,Western,2.0,25853.0,LK13,52.0,0.7969756366666667,0.7963954366666667,100.06855866666668
2016-12-01,2016-12,December,Kandy,Central,2.0,41748.0,LK21,60.0,0.8018388666666666,0.8061117200000001,99.50092833333333
2016-12-01,2016-12,December,Kegalle,Sabaragamuwa,2.0,25844.0,LK92,55.0,0.8227314766666667,0.8268434299999999,99.53121666666665
2016-12-01,2016-12,December,Kilinochchi,Northern,2.0,25840.0,LK45,41.0,0.6749381799999999,0.6934801566666667,97.49324333333334
2016-12-01,2016-12,December,Kurunegala,North Western,2.0,25837.0,LK61,158.0,0.7783470166666667,0.8019920066666666,97.22448266666667
2016-12-01,2016-12,December,Mannar,Northern,2.0,25841.0,LK42,65.0,0.7484200066666666,0.7516517333333333,99.59556666666667
2016-12-01,2016-12,December,Matale,Central,2.0,25830.0,LK22,67.0,0.8065422400000001,0.8089373566666667,99.72003666666667
2016-12-01,2016-12,December,Matara,Southern,2.0,25848.0,LK32,39.0,0.8229076666666666,0.8252643266666667,99.73048
2016-12-01,2016-12,December,Monaragala,Uva,2.0,25850.0,LK82,186.0,0.8010283,0.8032846,99.73478499999999
2016-12-01,2016-12,December,Mullaitivu,Northern,2.0,25842.0,LK44,85.0,0.7713462633333333,0.7785315666666667,99.13206866666667
2016-12-01,2016-12,December,Nuwara Eliya,Central,2.0,41749.0,LK23,58.0,0.7989660500000001,0.7976402033333333,100.15657499999999
2016-12-01,2016-12,December,Polonnaruwa,North Central,2.0,25836.0,LK72,116.0,0.7610560300000001,0.7602516,100.10323999999999
2016-12-01,2016-12,December,Puttalam,North Western,2.0,25838.0,LK62,107.0,0.7482096333333333,0.7589746666666667,98.66889166666668
2016-12-01,2016-12,December,Ratnapura,Sabaragamuwa,2.0,25845.0,LK91,108.0,0.8219950266666668,0.81920739,100.32068833333334
2016-12-01,2016-12,December,Trincomalee,Eastern,2.0,25834.0,LK53,83.0,0.7533843,0.76396468,98.69653833333332
2016-12-01,2016-12,December,Vavuniya,Northern,2.0,25843.0,LK43,65.0,0.7988774233333333,0.8042701600000001,99.36825533333332
2017-01-01,2017-01,January,Ampara,Eastern,2.0,25832.0,LK52,147.0,0.7912738866666666,0.7833097133333333,100.95977333333333
2017-01-01,2017-01,January,Anuradhapura,North Central,2.0,25835.0,LK71,235.0,0.7846835,0.7924991,99.07306166666666
2017-01-01,2017-01,January,Badulla,Uva,2.0,25849.0,LK81,94.0,0.7991173633333334,0.7926376866666667,100.76940866666666
2017-01-01,2017-01,January,Batticaloa,Eastern,2.0,25833.0,LK51,82.0,0.72573495,0.7211823599999999,100.60012666666667
2017-01-01,2017-01,January,Colombo,Western,2.0,25851.0,LK11,23.0,0.6444434666666666,0.6720614033333333,96.18110933333332
2017-01-01,2017-01,January,Galle,Southern,2.0,25846.0,LK31,54.0,0.8144820666666667,0.8078158633333333,100.77749
2017-01-01,2017-01,January,Gampaha,Western,2.0,25852.0,LK12,47.0,0.7135063666666667,0.7362003333333332,97.11928
2017-01-01,2017-01,January,Hambantota,Southern,2.0,25847.0,LK33,85.0,0.7599333033333333,0.77555122,98.10913999999998
2017-01-01,2017-01,January,Jaffna,Northern,2.0,25839.0,LK41,31.0,0.6121924333333334,0.6014972866666667,101.66141666666665
2017-01-01,2017-01,January,Kalutara,Western,2.0,25853.0,LK13,52.0,0.7862890833333332,0.7819341033333332,100.52521366666667
2017-01-01,2017-01,January,Kandy,Central,2.0,41748.0,LK21,60.0,0.7998955333333333,0.7984849533333334,100.16729666666667
2017-01-01,2017-01,January,Kegalle,Sabaragamuwa,2.0,25844.0,LK92,55.0,0.8116963466666668,0.8109299999999999,100.090593
2017-01-01,2017-01,January,Kilinochchi,Northern,2.0,25840.0,LK45,41.0,0.6990512166666667,0.6806254666666667,102.53780466666666
2017-01-01,2017-01,January,Kurunegala,North Western,2.0,25837.0,LK61,158.0,0.7710619966666666,0.7805691266666667,98.87199633333334
2017-01-01,2017-01,January,Mannar,Northern,2.0,25841.0,LK42,65.0,0.7566373999999999,0.7527504566666666,100.48526
2017-01-01,2017-01,January,Matale,Central,2.0,25830.0,LK22,67.0,0.8175840666666666,0.8147227899999999,100.33115133333332
2017-01-01,2017-01,January,Matara,Southern,2.0,25848.0,LK32,39.0,0.8239751766666666,0.8164981633333334,100.86499866666668
2017-01-01,2017-01,January,Monaragala,Uva,2.0,25850.0,LK82,186.0,0.8039204,0.8022891,100.19257
2017-01-01,2017-01,January,Mullaitivu,Northern,2.0,25842.0,LK44,85.0,0.7781650633333334,0.7719806333333333,100.75407666666666
2017-01-01,2017-01,January,Nuwara Eliya,Central,2.0,41749.0,LK23,58.0,0.79312126,0.7875915333333333,100.66084000000001
2017-01-01,2017-01,January,Polonnaruwa,North Central,2.0,25836.0,LK72,116.0,0.7817899166666668,0.7867867866666667,99.40175666666666
2017-01-01,2017-01,January,Puttalam,North Western,2.0,25838.0,LK62,107.0,0.7416591866666667,0.7442575466666667,99.67658999999999
2017-01-01,2017-01,January,Ratnapura,Sabaragamuwa,2.0,25845.0,LK91,108.0,0.8172700599999999,0.8121014333333333,100.59981499999999
2017-01-01,2017-01,January,Trincomalee,Eastern,2.0,25834.0,LK53,83.0,0.7738204666666667,0.76624178,100.93124666666667
2017-01-01,2017-01,January,Vavuniya,Northern,2.0,25843.0,LK43,65.0,0.8029871599999999,0.7948951333333333,100.96023833333334
2017-02-01,2017-02,February,Ampara,Eastern,2.0,25832.0,LK52,147.0,0.7657260533333333,0.7432987,102.83349666666668
2017-02-01,2017-02,February,Anuradhapura,North Central,2.0,25835.0,LK71,235.0,0.76659515,0.75761819,101.12661533333333
2017-02-01,2017-02,February,Badulla,Uva,2.0,25849.0,LK81,94.0,0.7957379000000001,0.7792860999999999,101.98616966666667
2017-02-01,2017-02,February,Batticaloa,Eastern,2.0,25833.0,LK51,82.0,0.6821145999999999,0.6692407333333333,101.78741666666667
2017-02-01,2017-02,February,Colombo,Western,2.0,25851.0,LK11,23.0,0.64336518,0.6544099333333334,98.43359500000001
2017-02-01,2017-02,February,Galle,Southern,2.0,25846.0,LK31,54.0,0.8058043,0.7933937333333333,101.47251866666666
2017-02-01,2017-02,February,Gampaha,Western,2.0,25852.0,LK12,47.0,0.6931496333333333,0.7034402433333332,98.63666
2017-02-01,2017-02,February,Hambantota,Southern,2.0,25847.0,LK33,85.0,0.7539772433333334,0.7486602666666666,100.67883666666667
2017-02-01,2017-02,February,Jaffna,Northern,2.0,25839.0,LK41,31.0,0.5785376166666666,0.5498484466666667,104.79689666666667
2017-02-01,2017-02,February,Kalutara,Western,2.0,25853.0,LK13,52.0,0.7822499866666667,0.7683292866666666,101.70156166666668
2017-02-01,2017-02,February,Kandy,Central,2.0,41748.0,LK21,60.0,0.7924927433333333,0.7830002333333334,101.14081499999999
2017-02-01,2017-02,February,Kegalle,Sabaragamuwa,2.0,25844.0,LK92,55.0,0.8013030166666667,0.7953982866666666,100.69856333333333
2017-02-01,2017-02,February,Kilinochchi,Northern,2.0,25840.0,LK45,41.0,0.648839,0.62443539,103.61250833333334
2017-02-01,2017-02,February,Kurunegala,North Western,2.0,25837.0,LK61,158.0,0.7408875166666666,0.7190770733333333,102.85475966666667
2017-02-01,2017-02,February,Mannar,Northern,2.0,25841.0,LK42,65.0,0.74135946,0.7307267533333333,101.36386133333333
2017-02-01,2017-02,February,Matale,Central,2.0,25830.0,LK22,67.0,0.8104532133333334,0.7999620333333333,101.23680999999999
2017-02-01,2017-02,February,Matara,Southern,2.0,25848.0,LK32,39.0,0.8082914666666667,0.7943172133333333,101.65549333333333
2017-02-01,2017-02,February,Monaragala,Uva,2.0,25850.0,LK82,186.0,0.7926612566666668,0.7800976533333334,101.51666
2017-02-01,2017-02,February,Mullaitivu,Northern,2.0,25842.0,LK44,85.0,0.76032623,0.7505555999999999,101.220152
2017-02-01,2017-02,February,Nuwara Eliya,Central,2.0,41749.0,LK23,58.0,0.7834212333333334,0.7738566566666667,101.16141166666667
2017-02-01,2017-02,February,Polonnaruwa,North Central,2.0,25836.0,LK72,116.0,0.7906502666666667,0.7762176233333333,101.75792666666666
2017-02-01,2017-02,February,Puttalam,North Western,2.0,25838.0,LK62,107.0,0.7142619533333333,0.7083814966666667,100.77713666666666
2017-02-01,2017-02,February,Ratnapura,Sabaragamuwa,2.0,25845.0,LK91,108.0,0.8094910299999999,0.8001612833333334,101.09793166666667
2017-02-01,2017-02,February,Trincomalee,Eastern,2.0,25834.0,LK53,83.0,0.7592180566666666,0.73724276,102.79670833333334
2017-02-01,2017-02,February,Vavuniya,Northern,2.0,25843.0,LK43,65.0,0.78155176,0.7669161,101.79286166666667
2017-03-01,2017-03,March,Ampara,Eastern,2.0,25832.0,LK52,147.0,0.7221013333333334,0.6993939033333333,103.02445866666666
2017-03-01,2017-03,March,Anuradhapura,North Central,2.0,25835.0,LK71,235.0,0.7393439466666667,0.7122368166666666,103.55717333333332
2017-03-01,2017-03,March,Badulla,Uva,2.0,25849.0,LK81,94.0,0.7818832800000001,0.7597539233333334,102.73219666666667
2017-03-01,2017-03,March,Batticaloa,Eastern,2.0,25833.0,LK51,82.0,0.6262113666666665,0.6270425733333332,99.86503333333333
2017-03-01,2017-03,March,Colombo,Western,2.0,25851.0,LK11,23.0,0.6534391166666667,0.6577345133333333,99.39304666666668
2017-03-01,2017-03,March,Galle,Southern,2.0,25846.0,LK31,54.0,0.8054932,0.7874191600000001,102.15828833333335
2017-03-01,2017-03,March,Gampaha,Western,2.0,25852.0,LK12,47.0,0.6938276533333333,0.6998973133333334,99.19084500000001
2017-03-01,2017-03,March,Hambantota,Southern,2.0,25847.0,LK33,85.0,0.7370474333333333,0.7118593333333333,103.308512
2017-03-01,2017-03,March,Jaffna,Northern,2.0,25839.0,LK41,31.0,0.5353376366666667,0.5109923333333334,104.32632166666667
2017-03-01,2017-03,March,Kalutara,Western,2.0,25853.0,LK13,52.0,0.7895891033333333,0.77279975,102.04093333333333
2017-03-01,2017-03,March,Kandy,Central,2.0,41748.0,LK21,60.0,0.7876783266666667,0.7727419133333333,101.81554666666666
2017-03-01,2017-03,March,Kegalle,Sabaragamuwa,2.0,25844.0,LK92,55.0,0.8032854466666667,0.7990706866666667,100.49695466666667
2017-03-01,2017-03,March,Kilinochchi,Northern,2.0,25840.0,LK45,41.0,0.5907398066666666,0.58135265,101.47409800000001
2017-03-01,2017-03,March,Kurunegala,North Western,2.0,25837.0,LK61,158.0,0.7190489233333333,0.6883870466666666,104.15361133333333
2017-03-01,2017-03,March,Mannar,Northern,2.0,25841.0,LK42,65.0,0.7067194899999999,0.7011477333333334,100.73403333333333
2017-03-01,2017-03,March,Matale,Central,2.0,25830.0,LK22,67.0,0.7954358233333334,0.7756171233333333,102.40144666666667
2017-03-01,2017-03,March,Matara,Southern,2.0,25848.0,LK32,39.0,0.7949871733333334,0.7825581666666667,101.49274666666668
2017-03-01,2017-03,March,Monaragala,Uva,2.0,25850.0,LK82,186.0,0.7816883466666668,0.7631427466666666,102.28053666666666
2017-03-01,2017-03,March,Mullaitivu,Northern,2.0,25842.0,LK44,85.0,0.7316219633333333,0.7284733299999999,100.40099866666667
2017-03-01,2017-03,March,Nuwara Eliya,Central,2.0,41749.0,LK23,58.0,0.7815798433333333,0.76845832,101.60319
2017-03-01,2017-03,March,Polonnaruwa,North Central,2.0,25836.0,LK72,116.0,0.75844252,0.7271072466666667,104.02927199999999
2017-03-01,2017-03,March,Puttalam,North Western,2.0,25838.0,LK62,107.0,0.6872794233333334,0.6856575333333333,100.21914666666667
2017-03-01,2017-03,March,Ratnapura,Sabaragamuwa,2.0,25845.0,LK91,108.0,0.8095111033333334,0.7967155966666667,101.51122833333334
2017-03-01,2017-03,March,Trincomalee,Eastern,2.0,25834.0,LK53,83.0,0.7180762833333333,0.6988553533333333,102.556308
2017-03-01,2017-03,March,Vavuniya,Northern,2.0,25843.0,LK43,65.0,0.75277691,0.7414863666666666,101.42359833333335
2017-04-01,2017-04,April,Ampara,Eastern,2.0,25832.0,LK52,147.0,0.6798782533333334,0.6831142633333332,99.55966466666666
2017-04-01,2017-04,April,Anuradhapura,North Central,2.0,25835.0,LK71,235.0,0.70979446,0.71229456,99.68586666666666
2017-04-01,2017-04,April,Badulla,Uva,2.0,25849.0,LK81,94.0,0.76068616,0.7551976666666667,100.68270833333334
2017-04-01,2017-04,April,Batticaloa,Eastern,2.0,25833.0,LK51,82.0,0.58209631,0.60768549,96.10734000000001
2017-04-01,2017-04,April,Colombo,Western,2.0,25851.0,LK11,23.0,0.6680623033333334,0.6772539700000001,98.73829
2017-04-01,2017-04,April,Galle,Southern,2.0,25846.0,LK31,54.0,0.8092215833333333,0.79412357,101.7892
2017-04-01,2017-04,April,Gampaha,Western,2.0,25852.0,LK12,47.0,0.7135489333333332,0.7242393766666666,98.62085666666667
2017-04-01,2017-04,April,Hambantota,Southern,2.0,25847.0,LK33,85.0,0.7128317566666666,0.7008370866666667,101.599552
2017-04-01,2017-04,April,Jaffna,Northern,2.0,25839.0,LK41,31.0,0.4925999833333334,0.49807874333333335,98.99938133333335
2017-04-01,2017-04,April,Kalutara,Western,2.0,25853.0,LK13,52.0,0.7974826733333334,0.7875598333333333,101.186125
2017-04-01,2017-04,April,Kandy,Central,2.0,41748.0,LK21,60.0,0.7881849633333333,0.7766860666666666,101.39170999999999
2017-04-01,2017-04,April,Kegalle,Sabaragamuwa,2.0,25844.0,LK92,55.0,0.8202418166666666,0.8171027799999999,100.36152
2017-04-01,2017-04,April,Kilinochchi,Northern,2.0,25840.0,LK45,41.0,0.5460698833333333,0.5641594166666667,97.05127166666666
2017-04-01,2017-04,April,Kurunegala,North Western,2.0,25837.0,LK61,158.0,0.7302632833333332,0.7250464233333332,100.69564333333334
2017-04-01,2017-04,April,Mannar,Northern,2.0,25841.0,LK42,65.0,0.6577087,0.6830917666666667,96.533698
2017-04-01,2017-04,April,Matale,Central,2.0,25830.0,LK22,67.0,0.7794492533333334,0.76829087,101.36439666666666
2017-04-01,2017-04,April,Matara,Southern,2.0,25848.0,LK32,39.0,0.7935196466666667,0.78895477,100.54541
2017-04-01,2017-04,April,Monaragala,Uva,2.0,25850.0,LK82,186.0,0.77208028,0.7644638666666667,100.93613
2017-04-01,2017-04,April,Mullaitivu,Northern,2.0,25842.0,LK44,85.0,0.6990568433333334,0.714852,97.93317
2017-04-01,2017-04,April,Nuwara Eliya,Central,2.0,41749.0,LK23,58.0,0.7869488366666667,0.7739699466666666,101.575415
2017-04-01,2017-04,April,Polonnaruwa,North Central,2.0,25836.0,LK72,116.0,0.69656032,0.69618518,100.04618833333332
2017-04-01,2017-04,April,Puttalam,North Western,2.0,25838.0,LK62,107.0,0.6741791066666667,0.6956772999999999,97.12438633333333
2017-04-01,2017-04,April,Ratnapura,Sabaragamuwa,2.0,25845.0,LK91,108.0,0.8137938133333332,0.8041900966666665,101.12461166666667
2017-04-01,2017-04,April,Trincomalee,Eastern,2.0,25834.0,LK53,83.0,0.6546437666666667,0.6763330233333334,97.00881
2017-04-01,2017-04,April,Vavuniya,Northern,2.0,25843.0,LK43,65.0,0.7266328,0.7370928533333334,98.67258533333332
2017-05-01,2017-05,May,Ampara,Eastern,2.0,25832.0,LK52,147.0,0.67218999,0.6942442600000001,97.03678333333333
2017-05-01,2017-05,May,Anuradhapura,North Central,2.0,25835.0,LK71,235.0,0.71342622,0.72566436,98.42403633333333
2017-05-01,2017-05,May,Badulla,Uva,2.0,25849.0,LK81,94.0,0.7539138133333333,0.7554970333333334,99.80396833333333
2017-05-01,2017-05,May,Batticaloa,Eastern,2.0,25833.0,LK51,82.0,0.5766361666666667,0.6097193333333334,94.98482466666667
2017-05-01,2017-05,May,Colombo,Western,2.0,25851.0,LK11,23.0,0.6841768166666666,0.6955265166666668,98.47697133333334
2017-05-01,2017-05,May,Galle,Southern,2.0,25846.0,LK31,54.0,0.8098462733333333,0.8004023433333334,101.11072
2017-05-01,2017-05,May,Gampaha,Western,2.0,25852.0,LK12,47.0,0.7417162999999999,0.74915808,99.066575
2017-05-01,2017-05,May,Hambantota,Southern,2.0,25847.0,LK33,85.0,0.7033839000000001,0.7062601000000001,99.61973599999999
2017-05-01,2017-05,May,Jaffna,Northern,2.0,25839.0,LK41,31.0,0.4764731,0.49670642333333337,96.29832333333333
2017-05-01,2017-05,May,Kalutara,Western,2.0,25853.0,LK13,52.0,0.8009576866666667,0.7966547366666666,100.50834533333334
2017-05-01,2017-05,May,Kandy,Central,2.0,41748.0,LK21,60.0,0.7923232933333333,0.7845254766666666,100.934418
2017-05-01,2017-05,May,Kegalle,Sabaragamuwa,2.0,25844.0,LK92,55.0,0.8407981933333333,0.8317203266666667,101.02887066666666
2017-05-01,2017-05,May,Kilinochchi,Northern,2.0,25840.0,LK45,41.0,0.5243650333333333,0.5603386866666668,94.10537466666666
2017-05-01,2017-05,May,Kurunegala,North Western,2.0,25837.0,LK61,158.0,0.7612951133333333,0.7688743966666666,99.07303200000001
2017-05-01,2017-05,May,Mannar,Northern,2.0,25841.0,LK42,65.0,0.629601,0.67330281,93.95686799999999
2017-05-01,2017-05,May,Matale,Central,2.0,25830.0,LK22,67.0,0.77819948,0.7697553166666666,101.03052666666667
2017-05-01,2017-05,May,Matara,Southern,2.0,25848.0,LK32,39.0,0.8005572466666666,0.8025984233333333,99.76118166666667
2017-05-01,2017-05,May,Monaragala,Uva,2.0,25850.0,LK82,186.0,0.76556846,0.7616334866666667,100.48617999999999
2017-05-01,2017-05,May,Mullaitivu,Northern,2.0,25842.0,LK44,85.0,0.6806505533333334,0.70917131,96.24252666666666
2017-05-01,2017-05,May,Nuwara Eliya,Central,2.0,41749.0,LK23,58.0,0.7909011233333333,0.7783765833333334,101.51194666666667
2017-05-01,2017-05,May,Polonnaruwa,North Central,2.0,25836.0,LK72,116.0,0.6814381800000001,0.6925152333333333,98.50844133333334
2017-05-01,2017-05,May,Puttalam,North Western,2.0,25838.0,LK62,107.0,0.6752003000000001,0.7109920000000001,95.29698666666667
2017-05-01,2017-05,May,Ratnapura,Sabaragamuwa,2.0,25845.0,LK91,108.0,0.8216688266666666,0.8096791900000001,101.39458466666667
2017-05-01,2017-05,May,Trincomalee,Eastern,2.0,25834.0,LK53,83.0,0.6288116333333332,0.6749312466666666,93.63812
2017-05-01,2017-05,May,Vavuniya,Northern,2.0,25843.0,LK43,65.0,0.7253989666666666,0.73722455,98.49991499999999
2017-06-01,2017-06,June,Ampara,Eastern,2.0,25832.0,LK52,147.0,0.6882834166666667,0.69607917,98.96022533333333
2017-06-01,2017-06,June,Anuradhapura,North Central,2.0,25835.0,LK71,235.0,0.6915506166666666,0.6999913666666666,98.86626866666666
2017-06-01,2017-06,June,Badulla,Uva,2.0,25849.0,LK81,94.0,0.75020319,0.7429939533333334,100.91059133333333
2017-06-01,2017-06,June,Batticaloa,Eastern,2.0,25833.0,LK51,82.0,0.5841085233333333,0.5971564333333333,97.99695833333334
2017-06-01,2017-06,June,Colombo,Western,2.0,25851.0,LK11,23.0,0.6954217233333333,0.7040921833333332,98.85018000000001
2017-06-01,2017-06,June,Galle,Southern,2.0,25846.0,LK31,54.0,0.8083691166666668,0.8009732366666666,100.86914
2017-06-01,2017-06,June,Gampaha,Western,2.0,25852.0,LK12,47.0,0.7561070833333333,0.7584368933333333,99.71176833333334
2017-06-01,2017-06,June,Hambantota,Southern,2.0,25847.0,LK33,85.0,0.7062337333333334,0.6984099533333333,101.04841333333333
2017-06-01,2017-06,June,Jaffna,Northern,2.0,25839.0,LK41,31.0,0.46171397,0.48190153666666663,96.20796
2017-06-01,2017-06,June,Kalutara,Western,2.0,25853.0,LK13,52.0,0.8012179333333332,0.7987041333333332,100.29619866666667
2017-06-01,2017-06,June,Kandy,Central,2.0,41748.0,LK21,60.0,0.7937360999999999,0.7865019333333333,100.8648
2017-06-01,2017-06,June,Kegalle,Sabaragamuwa,2.0,25844.0,LK92,55.0,0.8501035766666667,0.8373326266666666,101.43924833333334
2017-06-01,2017-06,June,Kilinochchi,Northern,2.0,25840.0,LK45,41.0,0.5167511966666667,0.5513656466666667,94.24539499999999
2017-06-01,2017-06,June,Kurunegala,North Western,2.0,25837.0,LK61,158.0,0.7669896533333334,0.7748695666666666,99.043625
2017-06-01,2017-06,June,Mannar,Northern,2.0,25841.0,LK42,65.0,0.6036045766666667,0.6502179333333333,93.34004666666665
2017-06-01,2017-06,June,Matale,Central,2.0,25830.0,LK22,67.0,0.7708154033333333,0.7593344433333332,101.41806333333334
2017-06-01,2017-06,June,Matara,Southern,2.0,25848.0,LK32,39.0,0.8082213500000001,0.8112293133333334,99.65066833333333
2017-06-01,2017-06,June,Monaragala,Uva,2.0,25850.0,LK82,186.0,0.74528154,0.7310031866666667,101.833456
2017-06-01,2017-06,June,Mullaitivu,Northern,2.0,25842.0,LK44,85.0,0.6643023166666667,0.6991408666666666,95.34868
2017-06-01,2017-06,June,Nuwara Eliya,Central,2.0,41749.0,LK23,58.0,0.7901729733333333,0.7738468,101.982038
2017-06-01,2017-06,June,Polonnaruwa,North Central,2.0,25836.0,LK72,116.0,0.6857238,0.6941723433333333,98.86515000000001
2017-06-01,2017-06,June,Puttalam,North Western,2.0,25838.0,LK62,107.0,0.6564650666666667,0.7017504666666667,93.971637
2017-06-01,2017-06,June,Ratnapura,Sabaragamuwa,2.0,25845.0,LK91,108.0,0.8259805433333334,0.8067291666666666,102.24757166666666
2017-06-01,2017-06,June,Trincomalee,Eastern,2.0,25834.0,LK53,83.0,0.6244316666666666,0.6693011666666666,93.76266666666668
2017-06-01,2017-06,June,Vavuniya,Northern,2.0,25843.0,LK43,65.0,0.7042784333333333,0.7127846833333332,98.87986333333333
2017-07-01,2017-07,July,Ampara,Eastern,2.0,25832.0,LK52,147.0,0.682468,0.66297264,102.75089133333331
2017-07-01,2017-07,July,Anuradhapura,North Central,2.0,25835.0,LK71,235.0,0.6495354566666667,0.66451175,97.90653133333335
2017-07-01,2017-07,July,Badulla,Uva,2.0,25849.0,LK81,94.0,0.73317055,0.7170180433333333,102.10864333333332
2017-07-01,2017-07,July,Batticaloa,Eastern,2.0,25833.0,LK51,82.0,0.5745768333333333,0.5537752966666667,103.47846499999999
2017-07-01,2017-07,July,Colombo,Western,2.0,25851.0,LK11,23.0,0.6913912966666667,0.7042327766666666,98.29712166666667
2017-07-01,2017-07,July,Galle,Southern,2.0,25846.0,LK31,54.0,0.8035709999999999,0.7963837866666666,100.84904533333334
2017-07-01,2017-07,July,Gampaha,Western,2.0,25852.0,LK12,47.0,0.7424871999999999,0.7523134333333333,98.774015
2017-07-01,2017-07,July,Hambantota,Southern,2.0,25847.0,LK33,85.0,0.6806333233333334,0.6664425666666667,101.97613833333332
2017-07-01,2017-07,July,Jaffna,Northern,2.0,25839.0,LK41,31.0,0.45700858333333333,0.46375180666666665,98.69671799999999
2017-07-01,2017-07,July,Kalutara,Western,2.0,25853.0,LK13,52.0,0.7979429166666666,0.7950797433333333,100.33889666666666
2017-07-01,2017-07,July,Kandy,Central,2.0,41748.0,LK21,60.0,0.7865743966666666,0.7818825266666667,100.56372666666668
2017-07-01,2017-07,July,Kegalle,Sabaragamuwa,2.0,25844.0,LK92,55.0,0.8430090766666667,0.8361627166666666,100.77220666666666
2017-07-01,2017-07,July,Kilinochchi,Northern,2.0,25840.0,LK45,41.0,0.5113552833333334,0.5403985833333333,95.08344866666668
2017-07-01,2017-07,July,Kurunegala,North Western,2.0,25837.0,LK61,158.0,0.7260048266666667,0.7443222666666666,97.68726366666665
2017-07-01,2017-07,July,Mannar,Northern,2.0,25841.0,LK42,65.0,0.5738687100000001,0.62472038,92.463932
2017-07-01,2017-07,July,Matale,Central,2.0,25830.0,LK22,67.0,0.7487412666666667,0.7411886500000001,100.95313633333335
2017-07-01,2017-07,July,Matara,Southern,2.0,25848.0,LK32,39.0,0.8096068333333334,0.8077109,100.22136333333333
2017-07-01,2017-07,July,Monaragala,Uva,2.0,25850.0,LK82,186.0,0.7111345666666667,0.6853212933333334,103.51563333333333
2017-07-01,2017-07,July,Mullaitivu,Northern,2.0,25842.0,LK44,85.0,0.6585854733333333,0.6886919566666667,95.925475
2017-07-01,2017-07,July,Nuwara Eliya,Central,2.0,41749.0,LK23,58.0,0.7828068966666667,0.7643455466666667,102.266975
2017-07-01,2017-07,July,Polonnaruwa,North Central,2.0,25836.0,LK72,116.0,0.6823982466666667,0.6896422566666667,99.02158333333334
2017-07-01,2017-07,July,Puttalam,North Western,2.0,25838.0,LK62,107.0,0.6122918766666666,0.6679628466666667,92.24101133333333
2017-07-01,2017-07,July,Ratnapura,Sabaragamuwa,2.0,25845.0,LK91,108.0,0.8156342466666667,0.7948234166666667,102.46278666666667
2017-07-01,2017-07,July,Trincomalee,Eastern,2.0,25834.0,LK53,83.0,0.6408570166666667,0.6580614966666667,97.57299033333334
2017-07-01,2017-07,July,Vavuniya,Northern,2.0,25843.0,LK43,65.0,0.6772707499999999,0.68687702,98.69883499999999
2017-08-01,2017-08,August,Ampara,Eastern,2.0,25832.0,LK52,147.0,0.6726657500000001,0.6297521233333333,106.31952333333334
2017-08-01,2017-08,August,Anuradhapura,North Central,2.0,25835.0,LK71,235.0,0.6817572933333333,0.6509886466666667,104.39088333333332
2017-08-01,2017-08,August,Badulla,Uva,2.0,25849.0,LK81,94.0,0.73624181,0.7010389,104.68994500000001
2017-08-01,2017-08,August,Batticaloa,Eastern,2.0,25833.0,LK51,82.0,0.5884089,0.5290863866666666,110.24841533333334
2017-08-01,2017-08,August,Colombo,Western,2.0,25851.0,LK11,23.0,0.6836129999999999,0.6977320533333332,98.11187333333334
2017-08-01,2017-08,August,Galle,Southern,2.0,25846.0,LK31,54.0,0.7995660333333333,0.79401784,100.65735000000001
2017-08-01,2017-08,August,Gampaha,Western,2.0,25852.0,LK12,47.0,0.7273304766666667,0.7410126333333333,98.27049966666668
2017-08-01,2017-08,August,Hambantota,Southern,2.0,25847.0,LK33,85.0,0.6459909666666667,0.6358906333333333,101.47526533333333
2017-08-01,2017-08,August,Jaffna,Northern,2.0,25839.0,LK41,31.0,0.48434513333333334,0.46041914,104.678038
2017-08-01,2017-08,August,Kalutara,Western,2.0,25853.0,LK13,52.0,0.7957115233333334,0.7902804933333334,100.64649133333334
2017-08-01,2017-08,August,Kandy,Central,2.0,41748.0,LK21,60.0,0.7849844133333334,0.7761413999999999,101.07107166666667
2017-08-01,2017-08,August,Kegalle,Sabaragamuwa,2.0,25844.0,LK92,55.0,0.8343793733333333,0.83049366,100.44148200000001
2017-08-01,2017-08,August,Kilinochchi,Northern,2.0,25840.0,LK45,41.0,0.5158495766666666,0.5262446000000001,98.20194833333333
2017-08-01,2017-08,August,Kurunegala,North Western,2.0,25837.0,LK61,158.0,0.69805,0.7056622866666666,99.00529
2017-08-01,2017-08,August,Mannar,Northern,2.0,25841.0,LK42,65.0,0.5844610166666667,0.6115338466666667,95.90936666666668
2017-08-01,2017-08,August,Matale,Central,2.0,25830.0,LK22,67.0,0.7419691166666667,0.72781648,101.82105166666668
2017-08-01,2017-08,August,Matara,Southern,2.0,25848.0,LK32,39.0,0.80784274,0.7997613100000001,100.95153499999999
2017-08-01,2017-08,August,Monaragala,Uva,2.0,25850.0,LK82,186.0,0.7031155666666667,0.6643590033333333,105.42613999999999
2017-08-01,2017-08,August,Mullaitivu,Northern,2.0,25842.0,LK44,85.0,0.6880980166666667,0.6894681,99.81141466666668
2017-08-01,2017-08,August,Nuwara Eliya,Central,2.0,41749.0,LK23,58.0,0.7812563166666667,0.7604915800000001,102.56198833333333
2017-08-01,2017-08,August,Polonnaruwa,North Central,2.0,25836.0,LK72,116.0,0.7049445333333333,0.6756234133333333,104.05814333333335
2017-08-01,2017-08,August,Puttalam,North Western,2.0,25838.0,LK62,107.0,0.5927127466666667,0.6345897133333334,93.89380799999999
2017-08-01,2017-08,August,Ratnapura,Sabaragamuwa,2.0,25845.0,LK91,108.0,0.8035999933333334,0.7835099900000001,102.41072000000001
2017-08-01,2017-08,August,Trincomalee,Eastern,2.0,25834.0,LK53,83.0,0.6997867333333333,0.6609511433333334,105.45642
2017-08-01,2017-08,August,Vavuniya,Northern,2.0,25843.0,LK43,65.0,0.7205984333333334,0.6878702466666667,104.42553666666667
2017-09-01,2017-09,September,Ampara,Eastern,2.0,25832.0,LK52,147.0,0.6840974666666666,0.6329594333333334,107.49178333333333
2017-09-01,2017-09,September,Anuradhapura,North Central,2.0,25835.0,LK71,235.0,0.7525758800000001,0.6619698366666666,112.719935
2017-09-01,2017-09,September,Badulla,Uva,2.0,25849.0,LK81,94.0,0.7614354099999999,0.7060127666666668,107.33121333333332
2017-09-01,2017-09,September,Batticaloa,Eastern,2.0,25833.0,LK51,82.0,0.6116016066666666,0.5397494566666667,112.193418
2017-09-01,2017-09,September,Colombo,Western,2.0,25851.0,LK11,23.0,0.68797533,0.6961392833333333,98.90567533333335
2017-09-01,2017-09,September,Galle,Southern,2.0,25846.0,LK31,54.0,0.8043913166666666,0.7968295466666667,100.89282200000001
2017-09-01,2017-09,September,Gampaha,Western,2.0,25852.0,LK12,47.0,0.73394818,0.7382961266666667,99.44810666666666
2017-09-01,2017-09,September,Hambantota,Southern,2.0,25847.0,LK33,85.0,0.6523298,0.63163102,103.03621966666667
2017-09-01,2017-09,September,Jaffna,Northern,2.0,25839.0,LK41,31.0,0.53205589,0.4845341333333333,108.89067666666666
2017-09-01,2017-09,September,Kalutara,Western,2.0,25853.0,LK13,52.0,0.80314871,0.79020558,101.54032833333333
2017-09-01,2017-09,September,Kandy,Central,2.0,41748.0,LK21,60.0,0.8006472233333334,0.77577225,103.01183199999998
2017-09-01,2017-09,September,Kegalle,Sabaragamuwa,2.0,25844.0,LK92,55.0,0.8368066833333333,0.82574345,101.26354666666667
2017-09-01,2017-09,September,Kilinochchi,Northern,2.0,25840.0,LK45,41.0,0.5339016,0.52585062,101.39508866666665
2017-09-01,2017-09,September,Kurunegala,North Western,2.0,25837.0,LK61,158.0,0.7486299366666667,0.7007411133333333,106.36925333333333
2017-09-01,2017-09,September,Mannar,Northern,2.0,25841.0,LK42,65.0,0.63246819,0.62242828,101.48502333333333
2017-09-01,2017-09,September,Matale,Central,2.0,25830.0,LK22,67.0,0.7757159366666667,0.73437527,105.26635
2017-09-01,2017-09,September,Matara,Southern,2.0,25848.0,LK32,39.0,0.8100956899999999,0.7964650633333333,101.61029
2017-09-01,2017-09,September,Monaragala,Uva,2.0,25850.0,LK82,186.0,0.7253797333333333,0.67865846,106.41716000000001
2017-09-01,2017-09,September,Mullaitivu,Northern,2.0,25842.0,LK44,85.0,0.7244470466666666,0.7039018433333334,102.72363
2017-09-01,2017-09,September,Nuwara Eliya,Central,2.0,41749.0,LK23,58.0,0.7915534333333333,0.7645634333333334,103.31317899999999
2017-09-01,2017-09,September,Polonnaruwa,North Central,2.0,25836.0,LK72,116.0,0.7326313,0.66211692,109.90202
2017-09-01,2017-09,September,Puttalam,North Western,2.0,25838.0,LK62,107.0,0.64806325,0.6389632333333334,101.30139333333334
2017-09-01,2017-09,September,Ratnapura,Sabaragamuwa,2.0,25845.0,LK91,108.0,0.8113225033333333,0.7821766166666667,103.50195366666667
2017-09-01,2017-09,September,Trincomalee,Eastern,2.0,25834.0,LK53,83.0,0.7392674333333332,0.67273578,109.20644866666667
2017-09-01,2017-09,September,Vavuniya,Northern,2.0,25843.0,LK43,65.0,0.7732143333333333,0.7114957333333334,108.10811633333333
2017-10-01,2017-10,October,Ampara,Eastern,2.0,25832.0,LK52,147.0,0.7045036333333333,0.6726984566666667,104.42309366666666
2017-10-01,2017-10,October,Anuradhapura,North Central,2.0,25835.0,LK71,235.0,0.77024722,0.7050825566666666,108.67664333333335
2017-10-01,2017-10,October,Badulla,Uva,2.0,25849.0,LK81,94.0,0.77355565,0.73642772,104.73641833333333
2017-10-01,2017-10,October,Batticaloa,Eastern,2.0,25833.0,LK51,82.0,0.6335520333333333,0.58577872,107.55375866666667
2017-10-01,2017-10,October,Colombo,Western,2.0,25851.0,LK11,23.0,0.6935680966666666,0.6993316900000001,99.23103666666667
2017-10-01,2017-10,October,Galle,Southern,2.0,25846.0,LK31,54.0,0.8136937999999999,0.80463834,101.05950666666666
2017-10-01,2017-10,October,Gampaha,Western,2.0,25852.0,LK12,47.0,0.7505482,0.7456929666666667,100.60988666666667
2017-10-01,2017-10,October,Hambantota,Southern,2.0,25847.0,LK33,85.0,0.6848451,0.67526712,101.34173466666668
2017-10-01,2017-10,October,Jaffna,Northern,2.0,25839.0,LK41,31.0,0.5692472666666667,0.53861731,105.25648
2017-10-01,2017-10,October,Kalutara,Western,2.0,25853.0,LK13,52.0,0.8075365,0.7947389133333332,101.51527133333333
2017-10-01,2017-10,October,Kandy,Central,2.0,41748.0,LK21,60.0,0.81206666,0.7867203666666667,103.03052333333333
2017-10-01,2017-10,October,Kegalle,Sabaragamuwa,2.0,25844.0,LK92,55.0,0.8411848666666666,0.8250890333333333,101.83929133333334
2017-10-01,2017-10,October,Kilinochchi,Northern,2.0,25840.0,LK45,41.0,0.5766056566666666,0.5664579066666667,101.64705
2017-10-01,2017-10,October,Kurunegala,North Western,2.0,25837.0,LK61,158.0,0.79470422,0.7316796600000001,108.07556866666665
2017-10-01,2017-10,October,Mannar,Northern,2.0,25841.0,LK42,65.0,0.6704117866666667,0.6693824666666667,100.16893666666665
2017-10-01,2017-10,October,Matale,Central,2.0,25830.0,LK22,67.0,0.8025134033333333,0.7646746466666666,104.65499666666666
2017-10-01,2017-10,October,Matara,Southern,2.0,25848.0,LK32,39.0,0.8142085166666666,0.8024033333333334,101.38543666666668
2017-10-01,2017-10,October,Monaragala,Uva,2.0,25850.0,LK82,186.0,0.7455488833333334,0.7241691666666666,102.78679833333332
2017-10-01,2017-10,October,Mullaitivu,Northern,2.0,25842.0,LK44,85.0,0.7485047100000001,0.7338299833333334,101.87817166666667
2017-10-01,2017-10,October,Nuwara Eliya,Central,2.0,41749.0,LK23,58.0,0.8022925000000001,0.7775780666666666,102.98757833333333
2017-10-01,2017-10,October,Polonnaruwa,North Central,2.0,25836.0,LK72,116.0,0.7498913533333335,0.6956889,107.29761333333333
2017-10-01,2017-10,October,Puttalam,North Western,2.0,25838.0,LK62,107.0,0.71180215,0.6856798166666667,103.56011000000001
2017-10-01,2017-10,October,Ratnapura,Sabaragamuwa,2.0,25845.0,LK91,108.0,0.8236296433333333,0.7957741733333333,103.29564
2017-10-01,2017-10,October,Trincomalee,Eastern,2.0,25834.0,LK53,83.0,0.7490225,0.7037558566666666,106.024905
2017-10-01,2017-10,October,Vavuniya,Northern,2.0,25843.0,LK43,65.0,0.7899415166666667,0.7542895333333334,104.454052
2017-11-01,2017-11,November,Ampara,Eastern,2.0,25832.0,LK52,147.0,0.7415131333333335,0.73024149,101.45269333333333
2017-11-01,2017-11,November,Anuradhapura,North Central,2.0,25835.0,LK71,235.0,0.7762207066666665,0.75418649,102.75099133333333
2017-11-01,2017-11,November,Badulla,Uva,2.0,25849.0,LK81,94.0,0.7821606233333332,0.7692643666666666,101.57778666666667
2017-11-01,2017-11,November,Batticaloa,Eastern,2.0,25833.0,LK51,82.0,0.6989901999999999,0.6684093433333334,104.27102000000001
2017-11-01,2017-11,November,Colombo,Western,2.0,25851.0,LK11,23.0,0.68603622,0.6999362000000001,98.14622666666666
2017-11-01,2017-11,November,Galle,Southern,2.0,25846.0,LK31,54.0,0.8207956566666667,0.8110670066666666,101.12983666666666
2017-11-01,2017-11,November,Gampaha,Western,2.0,25852.0,LK12,47.0,0.75972904,0.7596452866666666,100.01173666666666
2017-11-01,2017-11,November,Hambantota,Southern,2.0,25847.0,LK33,85.0,0.72949918,0.7371608566666668,99.03171999999999
2017-11-01,2017-11,November,Jaffna,Northern,2.0,25839.0,LK41,31.0,0.6082096433333334,0.6011712133333333,101.09203833333333
2017-11-01,2017-11,November,Kalutara,Western,2.0,25853.0,LK13,52.0,0.8045237,0.7982270133333333,100.742418
2017-11-01,2017-11,November,Kandy,Central,2.0,41748.0,LK21,60.0,0.81838164,0.8012197633333334,102.01705333333332
2017-11-01,2017-11,November,Kegalle,Sabaragamuwa,2.0,25844.0,LK92,55.0,0.8430241833333333,0.82791171,101.72154499999999
2017-11-01,2017-11,November,Kilinochchi,Northern,2.0,25840.0,LK45,41.0,0.66030406,0.6432878833333334,102.447517
2017-11-01,2017-11,November,Kurunegala,North Western,2.0,25837.0,LK61,158.0,0.8065930433333334,0.7751060133333333,103.83122266666668
2017-11-01,2017-11,November,Mannar,Northern,2.0,25841.0,LK42,65.0,0.70543435,0.7253331,97.43656400000002
2017-11-01,2017-11,November,Matale,Central,2.0,25830.0,LK22,67.0,0.8097189,0.7938021000000001,101.88942666666667
2017-11-01,2017-11,November,Matara,Southern,2.0,25848.0,LK32,39.0,0.8225205,0.81549072,100.81284533333333
2017-11-01,2017-11,November,Monaragala,Uva,2.0,25850.0,LK82,186.0,0.7738802666666666,0.77563148,99.79184466666668
2017-11-01,2017-11,November,Mullaitivu,Northern,2.0,25842.0,LK44,85.0,0.7692399866666667,0.7649793100000001,100.52466166666666
2017-11-01,2017-11,November,Nuwara Eliya,Central,2.0,41749.0,LK23,58.0,0.8110160833333334,0.7932364766666667,102.10937333333334
2017-11-01,2017-11,November,Polonnaruwa,North Central,2.0,25836.0,LK72,116.0,0.7582534366666667,0.7374111633333333,102.65448633333334
2017-11-01,2017-11,November,Puttalam,North Western,2.0,25838.0,LK62,107.0,0.7506280466666667,0.7389796133333334,101.48273
2017-11-01,2017-11,November,Ratnapura,Sabaragamuwa,2.0,25845.0,LK91,108.0,0.8300474766666667,0.8127910133333334,102.00101533333333
2017-11-01,2017-11,November,Trincomalee,Eastern,2.0,25834.0,LK53,83.0,0.7553240466666667,0.7405627566666667,101.87481866666667
2017-11-01,2017-11,November,Vavuniya,Northern,2.0,25843.0,LK43,65.0,0.8023061400000001,0.7915826566666667,101.277452
2017-12-01,2017-12,December,Ampara,Eastern,2.0,25832.0,LK52,147.0,0.7801938633333334,0.7766607333333333,100.42988133333334
2017-12-01,2017-12,December,Anuradhapura,North Central,2.0,25835.0,LK71,235.0,0.7855768666666666,0.7848832833333333,100.08852333333334
2017-12-01,2017-12,December,Badulla,Uva,2.0,25849.0,LK81,94.0,0.7885503333333334,0.7869486866666667,100.19265533333333
2017-12-01,2017-12,December,Batticaloa,Eastern,2.0,25833.0,LK51,82.0,0.7493312966666666,0.7287191533333334,102.65380499999999
2017-12-01,2017-12,December,Colombo,Western,2.0,25851.0,LK11,23.0,0.6701130133333333,0.6931179466666667,96.90288733333334
2017-12-01,2017-12,December,Galle,Southern,2.0,25846.0,LK31,54.0,0.8216518566666666,0.8138152533333334,100.90723666666666
2017-12-01,2017-12,December,Gampaha,Western,2.0,25852.0,LK12,47.0,0.7515290499999999,0.7628569066666667,98.6053
2017-12-01,2017-12,December,Hambantota,Southern,2.0,25847.0,LK33,85.0,0.7569352533333333,0.7700227133333333,98.40414866666667
2017-12-01,2017-12,December,Jaffna,Northern,2.0,25839.0,LK41,31.0,0.6242107233333333,0.6252972966666667,99.83932
2017-12-01,2017-12,December,Kalutara,Western,2.0,25853.0,LK13,52.0,0.7959884333333335,0.7963954366666667,99.95154666666667
2017-12-01,2017-12,December,Kandy,Central,2.0,41748.0,LK21,60.0,0.8133155233333333,0.8061117200000001,100.84140966666666
2017-12-01,2017-12,December,Kegalle,Sabaragamuwa,2.0,25844.0,LK92,55.0,0.8343054333333333,0.8268434299999999,100.85042333333332
2017-12-01,2017-12,December,Kilinochchi,Northern,2.0,25840.0,LK45,41.0,0.7052170566666667,0.6934801566666667,101.58478333333333
2017-12-01,2017-12,December,Kurunegala,North Western,2.0,25837.0,LK61,158.0,0.8012386,0.8019920066666666,99.91484633333334
2017-12-01,2017-12,December,Mannar,Northern,2.0,25841.0,LK42,65.0,0.7389399833333333,0.7516517333333333,98.41207333333334
2017-12-01,2017-12,December,Matale,Central,2.0,25830.0,LK22,67.0,0.8110681466666666,0.8089373566666667,100.24964
2017-12-01,2017-12,December,Matara,Southern,2.0,25848.0,LK32,39.0,0.82983335,0.8252643266666667,100.52201333333333
2017-12-01,2017-12,December,Monaragala,Uva,2.0,25850.0,LK82,186.0,0.7997908533333332,0.8032846,99.59031166666666
2017-12-01,2017-12,December,Mullaitivu,Northern,2.0,25842.0,LK44,85.0,0.77750587,0.7785315666666667,99.87644999999999
2017-12-01,2017-12,December,Nuwara Eliya,Central,2.0,41749.0,LK23,58.0,0.8083378933333334,0.7976402033333333,101.26188466666667
2017-12-01,2017-12,December,Polonnaruwa,North Central,2.0,25836.0,LK72,116.0,0.7561548766666667,0.7602516,99.50141833333333
2017-12-01,2017-12,December,Puttalam,North Western,2.0,25838.0,LK62,107.0,0.75985324,0.7589746666666667,100.10901466666667
2017-12-01,2017-12,December,Ratnapura,Sabaragamuwa,2.0,25845.0,LK91,108.0,0.8321614133333334,0.81920739,101.49033666666666
2017-12-01,2017-12,December,Trincomalee,Eastern,2.0,25834.0,LK53,83.0,0.7691341,0.76396468,100.63546000000001
2017-12-01,2017-12,December,Vavuniya,Northern,2.0,25843.0,LK43,65.0,0.8052225333333333,0.8042701600000001,100.11180666666667
2018-01-01,2018-01,January,Ampara,Eastern,2.0,25832.0,LK52,147.0,0.7788196833333334,0.7833097133333333,99.45896999999998
2018-01-01,2018-01,January,Anuradhapura,North Central,2.0,25835.0,LK71,235.0,0.7728727466666667,0.7924991,97.66796
2018-01-01,2018-01,January,Badulla,Uva,2.0,25849.0,LK81,94.0,0.7913935799999999,0.7926376866666667,99.85257666666666
2018-01-01,2018-01,January,Batticaloa,Eastern,2.0,25833.0,LK51,82.0,0.7074003700000001,0.7211823599999999,98.19044166666667
2018-01-01,2018-01,January,Colombo,Western,2.0,25851.0,LK11,23.0,0.64626812,0.6720614033333333,96.42891999999999
2018-01-01,2018-01,January,Galle,Southern,2.0,25846.0,LK31,54.0,0.8115635533333334,0.8078158633333333,100.43672499999998
2018-01-01,2018-01,January,Gampaha,Western,2.0,25852.0,LK12,47.0,0.71765458,0.7362003333333332,97.64033666666667
2018-01-01,2018-01,January,Hambantota,Southern,2.0,25847.0,LK33,85.0,0.7706035,0.77555122,99.402395
2018-01-01,2018-01,January,Jaffna,Northern,2.0,25839.0,LK41,31.0,0.5910601933333334,0.6014972866666667,98.38562666666667
2018-01-01,2018-01,January,Kalutara,Western,2.0,25853.0,LK13,52.0,0.77830508,0.7819341033333332,99.56414
2018-01-01,2018-01,January,Kandy,Central,2.0,41748.0,LK21,60.0,0.7993455466666667,0.7984849533333334,100.10135333333334
2018-01-01,2018-01,January,Kegalle,Sabaragamuwa,2.0,25844.0,LK92,55.0,0.8129296833333334,0.8109299999999999,100.23244666666666
2018-01-01,2018-01,January,Kilinochchi,Northern,2.0,25840.0,LK45,41.0,0.6581121766666667,0.6806254666666667,96.89177166666667
2018-01-01,2018-01,January,Kurunegala,North Western,2.0,25837.0,LK61,158.0,0.7542793333333333,0.7805691266666667,96.82360166666666
2018-01-01,2018-01,January,Mannar,Northern,2.0,25841.0,LK42,65.0,0.7442702233333334,0.7527504566666666,98.94237666666668
2018-01-01,2018-01,January,Matale,Central,2.0,25830.0,LK22,67.0,0.8088661500000001,0.8147227899999999,99.32262333333334
2018-01-01,2018-01,January,Matara,Southern,2.0,25848.0,LK32,39.0,0.8229076700000001,0.8164981633333334,100.74043466666667
2018-01-01,2018-01,January,Monaragala,Uva,2.0,25850.0,LK82,186.0,0.7997238166666666,0.8022891,99.69920666666667
2018-01-01,2018-01,January,Mullaitivu,Northern,2.0,25842.0,LK44,85.0,0.7593548666666666,0.7719806333333333,98.460872
2018-01-01,2018-01,January,Nuwara Eliya,Central,2.0,41749.0,LK23,58.0,0.7954344666666667,0.7875915333333333,100.93667
2018-01-01,2018-01,January,Polonnaruwa,North Central,2.0,25836.0,LK72,116.0,0.7723853399999999,0.7867867866666667,98.27839666666667
2018-01-01,2018-01,January,Puttalam,North Western,2.0,25838.0,LK62,107.0,0.7283105433333333,0.7442575466666667,97.98448466666667
2018-01-01,2018-01,January,Ratnapura,Sabaragamuwa,2.0,25845.0,LK91,108.0,0.8251099000000001,0.8121014333333333,101.50927533333333
2018-01-01,2018-01,January,Trincomalee,Eastern,2.0,25834.0,LK53,83.0,0.7652851333333333,0.76624178,99.88093166666665
2018-01-01,2018-01,January,Vavuniya,Northern,2.0,25843.0,LK43,65.0,0.7782502666666667,0.7948951333333333,98.02480833333334
2018-02-01,2018-02,February,Ampara,Eastern,2.0,25832.0,LK52,147.0,0.7379160833333334,0.7432987,99.32699866666667
2018-02-01,2018-02,February,Anuradhapura,North Central,2.0,25835.0,LK71,235.0,0.7262029666666666,0.75761819,96.10584833333333
2018-02-01,2018-02,February,Badulla,Uva,2.0,25849.0,LK81,94.0,0.7849315333333333,0.7792860999999999,100.68239200000001
2018-02-01,2018-02,February,Batticaloa,Eastern,2.0,25833.0,LK51,82.0,0.6287174666666667,0.6692407333333333,94.36003533333333
2018-02-01,2018-02,February,Colombo,Western,2.0,25851.0,LK11,23.0,0.63632462,0.6544099333333334,97.43357166666665
2018-02-01,2018-02,February,Galle,Southern,2.0,25846.0,LK31,54.0,0.8012734133333334,0.7933937333333333,100.93535533333333
2018-02-01,2018-02,February,Gampaha,Western,2.0,25852.0,LK12,47.0,0.6881893433333334,0.7034402433333332,97.97706166666667
2018-02-01,2018-02,February,Hambantota,Southern,2.0,25847.0,LK33,85.0,0.7550548899999999,0.7486602666666666,100.804328
2018-02-01,2018-02,February,Jaffna,Northern,2.0,25839.0,LK41,31.0,0.53364947,0.5498484466666667,97.30130666666666
2018-02-01,2018-02,February,Kalutara,Western,2.0,25853.0,LK13,52.0,0.77159551,0.7683292866666666,100.39964466666667
2018-02-01,2018-02,February,Kandy,Central,2.0,41748.0,LK21,60.0,0.78762112,0.7830002333333334,100.55566333333333
2018-02-01,2018-02,February,Kegalle,Sabaragamuwa,2.0,25844.0,LK92,55.0,0.8033739333333333,0.7953982866666666,100.94401333333333
2018-02-01,2018-02,February,Kilinochchi,Northern,2.0,25840.0,LK45,41.0,0.5725601466666667,0.62443539,92.29154166666667
2018-02-01,2018-02,February,Kurunegala,North Western,2.0,25837.0,LK61,158.0,0.6882455533333335,0.7190770733333333,95.99503333333332
2018-02-01,2018-02,February,Mannar,Northern,2.0,25841.0,LK42,65.0,0.7038563999999999,0.7307267533333333,96.54957166666667
2018-02-01,2018-02,February,Matale,Central,2.0,25830.0,LK22,67.0,0.7945691333333333,0.7999620333333333,99.36596533333334
2018-02-01,2018-02,February,Matara,Southern,2.0,25848.0,LK32,39.0,0.80461791,0.7943172133333333,101.22065866666667
2018-02-01,2018-02,February,Monaragala,Uva,2.0,25850.0,LK82,186.0,0.7819723633333333,0.7800976533333334,100.22762833333333
2018-02-01,2018-02,February,Mullaitivu,Northern,2.0,25842.0,LK44,85.0,0.7217862500000001,0.7505555999999999,96.40276666666666
2018-02-01,2018-02,February,Nuwara Eliya,Central,2.0,41749.0,LK23,58.0,0.7867631833333334,0.7738566566666667,101.567325
2018-02-01,2018-02,February,Polonnaruwa,North Central,2.0,25836.0,LK72,116.0,0.7757991299999999,0.7762176233333333,99.95706666666666
2018-02-01,2018-02,February,Puttalam,North Western,2.0,25838.0,LK62,107.0,0.6782806533333333,0.7083814966666667,96.02782666666667
2018-02-01,2018-02,February,Ratnapura,Sabaragamuwa,2.0,25845.0,LK91,108.0,0.8169907233333333,0.8001612833333334,101.97990666666665
2018-02-01,2018-02,February,Trincomalee,Eastern,2.0,25834.0,LK53,83.0,0.72586983,0.73724276,98.55133933333333
2018-02-01,2018-02,February,Vavuniya,Northern,2.0,25843.0,LK43,65.0,0.7312179099999999,0.7669161,95.62521333333332
2018-03-01,2018-03,March,Ampara,Eastern,2.0,25832.0,LK52,147.0,0.7115587199999999,0.6993939033333333,101.63472966666666
2018-03-01,2018-03,March,Anuradhapura,North Central,2.0,25835.0,LK71,235.0,0.6833014,0.7122368166666666,96.20792166666666
2018-03-01,2018-03,March,Badulla,Uva,2.0,25849.0,LK81,94.0,0.76984285,0.7597539233333334,101.24628333333332
2018-03-01,2018-03,March,Batticaloa,Eastern,2.0,25833.0,LK51,82.0,0.6043516233333334,0.6270425733333332,96.66908733333334
2018-03-01,2018-03,March,Colombo,Western,2.0,25851.0,LK11,23.0,0.6481477999999999,0.6577345133333333,98.64351333333333
2018-03-01,2018-03,March,Galle,Southern,2.0,25846.0,LK31,54.0,0.8014610966666668,0.7874191600000001,101.67675666666666
2018-03-01,2018-03,March,Gampaha,Western,2.0,25852.0,LK12,47.0,0.6889858000000001,0.6998973133333334,98.54400466666665
2018-03-01,2018-03,March,Hambantota,Southern,2.0,25847.0,LK33,85.0,0.7258384233333333,0.7118593333333333,101.83780166666668
2018-03-01,2018-03,March,Jaffna,Northern,2.0,25839.0,LK41,31.0,0.5019806400000001,0.5109923333333334,98.40004466666666
2018-03-01,2018-03,March,Kalutara,Western,2.0,25853.0,LK13,52.0,0.7842461433333333,0.77279975,101.39030666666667
2018-03-01,2018-03,March,Kandy,Central,2.0,41748.0,LK21,60.0,0.7813772033333333,0.7727419133333333,101.04968833333334
2018-03-01,2018-03,March,Kegalle,Sabaragamuwa,2.0,25844.0,LK92,55.0,0.8127060366666666,0.7990706866666667,101.60551666666667
2018-03-01,2018-03,March,Kilinochchi,Northern,2.0,25840.0,LK45,41.0,0.5289170533333333,0.58135265,91.69952466666666
2018-03-01,2018-03,March,Kurunegala,North Western,2.0,25837.0,LK61,158.0,0.6713788833333334,0.6883870466666666,97.69529
2018-03-01,2018-03,March,Mannar,Northern,2.0,25841.0,LK42,65.0,0.6579364,0.7011477333333334,94.24496533333333
2018-03-01,2018-03,March,Matale,Central,2.0,25830.0,LK22,67.0,0.7736143866666666,0.7756171233333333,99.75852666666667
2018-03-01,2018-03,March,Matara,Southern,2.0,25848.0,LK32,39.0,0.7942145100000001,0.7825581666666667,101.400075
2018-03-01,2018-03,March,Monaragala,Uva,2.0,25850.0,LK82,186.0,0.7721522933333334,0.7631427466666666,101.108635
2018-03-01,2018-03,March,Mullaitivu,Northern,2.0,25842.0,LK44,85.0,0.6943399533333333,0.7284733299999999,95.615348
2018-03-01,2018-03,March,Nuwara Eliya,Central,2.0,41749.0,LK23,58.0,0.7845471,0.76845832,101.96574666666667
2018-03-01,2018-03,March,Polonnaruwa,North Central,2.0,25836.0,LK72,116.0,0.7415016799999999,0.7271072466666667,101.85730666666666
2018-03-01,2018-03,March,Puttalam,North Western,2.0,25838.0,LK62,107.0,0.65994392,0.6856575333333333,96.50609000000001
2018-03-01,2018-03,March,Ratnapura,Sabaragamuwa,2.0,25845.0,LK91,108.0,0.8148037,0.7967155966666667,102.136308
2018-03-01,2018-03,March,Trincomalee,Eastern,2.0,25834.0,LK53,83.0,0.6814269,0.6988553533333333,97.67062
2018-03-01,2018-03,March,Vavuniya,Northern,2.0,25843.0,LK43,65.0,0.7020512866666667,0.7414863666666666,95.01892666666667
2018-04-01,2018-04,April,Ampara,Eastern,2.0,25832.0,LK52,147.0,0.7134290133333333,0.6831142633333332,104.13492000000001
2018-04-01,2018-04,April,Anuradhapura,North Central,2.0,25835.0,LK71,235.0,0.7041934566666667,0.71229456,98.92883666666667
2018-04-01,2018-04,April,Badulla,Uva,2.0,25849.0,LK81,94.0,0.7674655499999999,0.7551976666666667,101.52328466666667
2018-04-01,2018-04,April,Batticaloa,Eastern,2.0,25833.0,LK51,82.0,0.6296073266666666,0.60768549,103.33644399999999
2018-04-01,2018-04,April,Colombo,Western,2.0,25851.0,LK11,23.0,0.6755782199999999,0.6772539700000001,99.76801833333333
2018-04-01,2018-04,April,Galle,Southern,2.0,25846.0,LK31,54.0,0.8103283633333334,0.79412357,101.91960466666667
2018-04-01,2018-04,April,Gampaha,Western,2.0,25852.0,LK12,47.0,0.7209219633333334,0.7242393766666666,99.56819
2018-04-01,2018-04,April,Hambantota,Southern,2.0,25847.0,LK33,85.0,0.7204168733333334,0.7008370866666667,102.60723333333334
2018-04-01,2018-04,April,Jaffna,Northern,2.0,25839.0,LK41,31.0,0.4966612666666667,0.49807874333333335,99.741492
2018-04-01,2018-04,April,Kalutara,Western,2.0,25853.0,LK13,52.0,0.8022275866666666,0.7875598333333333,101.75122833333334
2018-04-01,2018-04,April,Kandy,Central,2.0,41748.0,LK21,60.0,0.7871183333333334,0.7766860666666666,101.26156666666667
2018-04-01,2018-04,April,Kegalle,Sabaragamuwa,2.0,25844.0,LK92,55.0,0.8327351366666665,0.8171027799999999,101.80266166666667
2018-04-01,2018-04,April,Kilinochchi,Northern,2.0,25840.0,LK45,41.0,0.52921221,0.5641594166666667,94.31242200000001
2018-04-01,2018-04,April,Kurunegala,North Western,2.0,25837.0,LK61,158.0,0.7330088233333334,0.7250464233333332,101.01124166666666
2018-04-01,2018-04,April,Mannar,Northern,2.0,25841.0,LK42,65.0,0.6545527999999999,0.6830917666666667,96.11053333333332
2018-04-01,2018-04,April,Matale,Central,2.0,25830.0,LK22,67.0,0.77208357,0.76829087,100.46306466666665
2018-04-01,2018-04,April,Matara,Southern,2.0,25848.0,LK32,39.0,0.8030965499999999,0.78895477,101.68500999999999
2018-04-01,2018-04,April,Monaragala,Uva,2.0,25850.0,LK82,186.0,0.7797607333333333,0.7644638666666667,101.87764800000001
2018-04-01,2018-04,April,Mullaitivu,Northern,2.0,25842.0,LK44,85.0,0.6912152766666667,0.714852,96.91139
2018-04-01,2018-04,April,Nuwara Eliya,Central,2.0,41749.0,LK23,58.0,0.7895798333333334,0.7739699466666666,101.89451533333333
2018-04-01,2018-04,April,Polonnaruwa,North Central,2.0,25836.0,LK72,116.0,0.7104419666666667,0.69618518,101.91046666666666
2018-04-01,2018-04,April,Puttalam,North Western,2.0,25838.0,LK62,107.0,0.6986027966666667,0.6956772999999999,100.38120833333335
2018-04-01,2018-04,April,Ratnapura,Sabaragamuwa,2.0,25845.0,LK91,108.0,0.8213688299999999,0.8041900966666665,102.011105
2018-04-01,2018-04,April,Trincomalee,Eastern,2.0,25834.0,LK53,83.0,0.6629871166666667,0.6763330233333334,98.16395
2018-04-01,2018-04,April,Vavuniya,Northern,2.0,25843.0,LK43,65.0,0.7199989533333334,0.7370928533333334,97.82572
2018-05-01,2018-05,May,Ampara,Eastern,2.0,25832.0,LK52,147.0,0.724856,0.6942442600000001,104.11392000000001
2018-05-01,2018-05,May,Anuradhapura,North Central,2.0,25835.0,LK71,235.0,0.7487392633333334,0.72566436,102.97746333333333
2018-05-01,2018-05,May,Badulla,Uva,2.0,25849.0,LK81,94.0,0.7784829466666666,0.7554970333333334,102.85436666666668
2018-05-01,2018-05,May,Batticaloa,Eastern,2.0,25833.0,LK51,82.0,0.66004876,0.6097193333333334,107.62790333333334
2018-05-01,2018-05,May,Colombo,Western,2.0,25851.0,LK11,23.0,0.6949434666666666,0.6955265166666668,99.92225
2018-05-01,2018-05,May,Galle,Southern,2.0,25846.0,LK31,54.0,0.8176530666666667,0.8004023433333334,102.02853833333334
2018-05-01,2018-05,May,Gampaha,Western,2.0,25852.0,LK12,47.0,0.7507155833333333,0.74915808,100.19499
2018-05-01,2018-05,May,Hambantota,Southern,2.0,25847.0,LK33,85.0,0.7338803466666667,0.7062601000000001,103.65209366666666
2018-05-01,2018-05,May,Jaffna,Northern,2.0,25839.0,LK41,31.0,0.5085322133333333,0.49670642333333337,102.16510666666666
2018-05-01,2018-05,May,Kalutara,Western,2.0,25853.0,LK13,52.0,0.80910254,0.7966547366666666,101.47048666666667
2018-05-01,2018-05,May,Kandy,Central,2.0,41748.0,LK21,60.0,0.7995266233333332,0.7845254766666666,101.79738333333334
2018-05-01,2018-05,May,Kegalle,Sabaragamuwa,2.0,25844.0,LK92,55.0,0.8460551166666667,0.8317203266666667,101.62625666666668
2018-05-01,2018-05,May,Kilinochchi,Northern,2.0,25840.0,LK45,41.0,0.5545739666666667,0.5603386866666668,99.05787
2018-05-01,2018-05,May,Kurunegala,North Western,2.0,25837.0,LK61,158.0,0.7893200366666666,0.7688743966666666,102.49711500000001
2018-05-01,2018-05,May,Mannar,Northern,2.0,25841.0,LK42,65.0,0.6747446,0.67330281,100.20350333333333
2018-05-01,2018-05,May,Matale,Central,2.0,25830.0,LK22,67.0,0.78327212,0.7697553166666666,101.649228
2018-05-01,2018-05,May,Matara,Southern,2.0,25848.0,LK32,39.0,0.81978202,0.8025984233333333,102.01568466666667
2018-05-01,2018-05,May,Monaragala,Uva,2.0,25850.0,LK82,186.0,0.7853919233333334,0.7616334866666667,102.92861833333332
2018-05-01,2018-05,May,Mullaitivu,Northern,2.0,25842.0,LK44,85.0,0.7123835,0.70917131,100.42549333333334
2018-05-01,2018-05,May,Nuwara Eliya,Central,2.0,41749.0,LK23,58.0,0.7938373466666667,0.7783765833333334,101.86639000000001
2018-05-01,2018-05,May,Polonnaruwa,North Central,2.0,25836.0,LK72,116.0,0.7119965433333334,0.6925152333333333,102.62387799999999
2018-05-01,2018-05,May,Puttalam,North Western,2.0,25838.0,LK62,107.0,0.7455451399999999,0.7109920000000001,104.53924333333333
2018-05-01,2018-05,May,Ratnapura,Sabaragamuwa,2.0,25845.0,LK91,108.0,0.82769907,0.8096791900000001,102.09610666666667
2018-05-01,2018-05,May,Trincomalee,Eastern,2.0,25834.0,LK53,83.0,0.6895048133333334,0.6749312466666666,102.01016333333332
2018-05-01,2018-05,May,Vavuniya,Northern,2.0,25843.0,LK43,65.0,0.7540753333333333,0.73722455,102.14474533333333
2018-06-01,2018-06,June,Ampara,Eastern,2.0,25832.0,LK52,147.0,0.7235777733333334,0.69607917,103.685353
2018-06-01,2018-06,June,Anuradhapura,North Central,2.0,25835.0,LK71,235.0,0.73262238,0.6999913666666666,104.34465133333333
2018-06-01,2018-06,June,Badulla,Uva,2.0,25849.0,LK81,94.0,0.7717996400000001,0.7429939533333334,103.63253666666667
2018-06-01,2018-06,June,Batticaloa,Eastern,2.0,25833.0,LK51,82.0,0.6522824766666666,0.5971564333333333,108.51329666666668
2018-06-01,2018-06,June,Colombo,Western,2.0,25851.0,LK11,23.0,0.7001767866666667,0.7040921833333332,99.48086533333333
2018-06-01,2018-06,June,Galle,Southern,2.0,25846.0,LK31,54.0,0.8145086133333334,0.8009732366666666,101.59038166666666
2018-06-01,2018-06,June,Gampaha,Western,2.0,25852.0,LK12,47.0,0.7573624,0.7584368933333333,99.86706199999999
2018-06-01,2018-06,June,Hambantota,Southern,2.0,25847.0,LK33,85.0,0.7240748666666666,0.6984099533333333,103.42718333333333
2018-06-01,2018-06,June,Jaffna,Northern,2.0,25839.0,LK41,31.0,0.4937999933333333,0.48190153666666663,102.23097333333334
2018-06-01,2018-06,June,Kalutara,Western,2.0,25853.0,LK13,52.0,0.8061089466666665,0.7987041333333332,100.87244333333332
2018-06-01,2018-06,June,Kandy,Central,2.0,41748.0,LK21,60.0,0.8014355333333333,0.7865019333333333,101.78520833333333
2018-06-01,2018-06,June,Kegalle,Sabaragamuwa,2.0,25844.0,LK92,55.0,0.8461017866666666,0.8373326266666666,100.98830166666666
2018-06-01,2018-06,June,Kilinochchi,Northern,2.0,25840.0,LK45,41.0,0.5460747733333333,0.5513656466666667,99.114758
2018-06-01,2018-06,June,Kurunegala,North Western,2.0,25837.0,LK61,158.0,0.7928712933333334,0.7748695666666666,102.18245999999999
2018-06-01,2018-06,June,Mannar,Northern,2.0,25841.0,LK42,65.0,0.6479404966666666,0.6502179333333333,99.66494333333333
2018-06-01,2018-06,June,Matale,Central,2.0,25830.0,LK22,67.0,0.7745074500000001,0.7593344433333332,101.87413666666667
2018-06-01,2018-06,June,Matara,Southern,2.0,25848.0,LK32,39.0,0.8190461233333334,0.8112293133333334,100.90801666666668
2018-06-01,2018-06,June,Monaragala,Uva,2.0,25850.0,LK82,186.0,0.7575723733333334,0.7310031866666667,103.40120999999999
2018-06-01,2018-06,June,Mullaitivu,Northern,2.0,25842.0,LK44,85.0,0.7123015166666667,0.6991408666666666,101.75557866666666
2018-06-01,2018-06,June,Nuwara Eliya,Central,2.0,41749.0,LK23,58.0,0.7858557333333334,0.7738468,101.45713
2018-06-01,2018-06,June,Polonnaruwa,North Central,2.0,25836.0,LK72,116.0,0.7175335833333333,0.6941723433333333,103.13911866666668
2018-06-01,2018-06,June,Puttalam,North Western,2.0,25838.0,LK62,107.0,0.7450236800000001,0.7017504666666667,105.75824166666666
2018-06-01,2018-06,June,Ratnapura,Sabaragamuwa,2.0,25845.0,LK91,108.0,0.82267372,0.8067291666666666,101.86076333333334
2018-06-01,2018-06,June,Trincomalee,Eastern,2.0,25834.0,LK53,83.0,0.7075518000000001,0.6693011666666666,105.31835666666666
2018-06-01,2018-06,June,Vavuniya,Northern,2.0,25843.0,LK43,65.0,0.7393112666666667,0.7127846833333332,103.473042
2018-07-01,2018-07,July,Ampara,Eastern,2.0,25832.0,LK52,147.0,0.6813864000000001,0.66297264,102.56832133333334
2018-07-01,2018-07,July,Anuradhapura,North Central,2.0,25835.0,LK71,235.0,0.6747736033333332,0.66451175,101.42465833333334
2018-07-01,2018-07,July,Badulla,Uva,2.0,25849.0,LK81,94.0,0.7412474733333333,0.7170180433333333,103.15457333333332
2018-07-01,2018-07,July,Batticaloa,Eastern,2.0,25833.0,LK51,82.0,0.5871569066666666,0.5537752966666667,105.49760199999999
2018-07-01,2018-07,July,Colombo,Western,2.0,25851.0,LK11,23.0,0.6881854833333333,0.7042327766666666,97.87131
2018-07-01,2018-07,July,Galle,Southern,2.0,25846.0,LK31,54.0,0.8001475,0.7963837866666666,100.44406500000001
2018-07-01,2018-07,July,Gampaha,Western,2.0,25852.0,LK12,47.0,0.7452971666666667,0.7523134333333333,99.12432333333334
2018-07-01,2018-07,July,Hambantota,Southern,2.0,25847.0,LK33,85.0,0.6746203999999999,0.6664425666666667,101.12323666666667
2018-07-01,2018-07,July,Jaffna,Northern,2.0,25839.0,LK41,31.0,0.4604042933333334,0.46375180666666665,99.34215999999999
2018-07-01,2018-07,July,Kalutara,Western,2.0,25853.0,LK13,52.0,0.7981473933333333,0.7950797433333333,100.36265333333334
2018-07-01,2018-07,July,Kandy,Central,2.0,41748.0,LK21,60.0,0.79347498,0.7818825266666667,101.39313333333332
2018-07-01,2018-07,July,Kegalle,Sabaragamuwa,2.0,25844.0,LK92,55.0,0.8372993733333333,0.8361627166666666,100.12786666666666
2018-07-01,2018-07,July,Kilinochchi,Northern,2.0,25840.0,LK45,41.0,0.5113528666666666,0.5403985833333333,95.07468366666667
2018-07-01,2018-07,July,Kurunegala,North Western,2.0,25837.0,LK61,158.0,0.76404259,0.7443222666666666,102.48387500000001
2018-07-01,2018-07,July,Mannar,Northern,2.0,25841.0,LK42,65.0,0.5935030766666667,0.62472038,95.36205333333334
2018-07-01,2018-07,July,Matale,Central,2.0,25830.0,LK22,67.0,0.7524979799999999,0.7411886500000001,101.42844166666667
2018-07-01,2018-07,July,Matara,Southern,2.0,25848.0,LK32,39.0,0.79967948,0.8077109,99.06244666666667
2018-07-01,2018-07,July,Monaragala,Uva,2.0,25850.0,LK82,186.0,0.7054065966666666,0.6853212933333334,102.72261333333331
2018-07-01,2018-07,July,Mullaitivu,Northern,2.0,25842.0,LK44,85.0,0.6847117466666667,0.6886919566666667,99.45925399999999
2018-07-01,2018-07,July,Nuwara Eliya,Central,2.0,41749.0,LK23,58.0,0.7710654866666666,0.7643455466666667,100.82474866666666
2018-07-01,2018-07,July,Polonnaruwa,North Central,2.0,25836.0,LK72,116.0,0.712254,0.6896422566666667,103.05544666666667
2018-07-01,2018-07,July,Puttalam,North Western,2.0,25838.0,LK62,107.0,0.7152597733333333,0.6679628466666667,106.59131133333334
2018-07-01,2018-07,July,Ratnapura,Sabaragamuwa,2.0,25845.0,LK91,108.0,0.8058962866666667,0.7948234166666667,101.30987
2018-07-01,2018-07,July,Trincomalee,Eastern,2.0,25834.0,LK53,83.0,0.6866931666666667,0.6580614966666667,104.04205666666667
2018-07-01,2018-07,July,Vavuniya,Northern,2.0,25843.0,LK43,65.0,0.68857329,0.68687702,100.22390666666666
2018-08-01,2018-08,August,Ampara,Eastern,2.0,25832.0,LK52,147.0,0.61874672,0.6297521233333333,98.373785
2018-08-01,2018-08,August,Anuradhapura,North Central,2.0,25835.0,LK71,235.0,0.6322764666666667,0.6509886466666667,97.33006533333334
2018-08-01,2018-08,August,Badulla,Uva,2.0,25849.0,LK81,94.0,0.7094560200000001,0.7010389,101.11984466666667
2018-08-01,2018-08,August,Batticaloa,Eastern,2.0,25833.0,LK51,82.0,0.5288735666666667,0.5290863866666666,99.96087499999999
2018-08-01,2018-08,August,Colombo,Western,2.0,25851.0,LK11,23.0,0.66811012,0.6977320533333332,96.03756800000001
2018-08-01,2018-08,August,Galle,Southern,2.0,25846.0,LK31,54.0,0.7887326833333334,0.79401784,99.37382333333333
2018-08-01,2018-08,August,Gampaha,Western,2.0,25852.0,LK12,47.0,0.7199247999999999,0.7410126333333333,97.332425
2018-08-01,2018-08,August,Hambantota,Southern,2.0,25847.0,LK33,85.0,0.6105521333333334,0.6358906333333333,96.29757333333333
2018-08-01,2018-08,August,Jaffna,Northern,2.0,25839.0,LK41,31.0,0.44481612000000004,0.46041914,96.94565499999999
2018-08-01,2018-08,August,Kalutara,Western,2.0,25853.0,LK13,52.0,0.78420063,0.7902804933333334,99.27612333333333
2018-08-01,2018-08,August,Kandy,Central,2.0,41748.0,LK21,60.0,0.7827866433333334,0.7761413999999999,100.80437833333333
2018-08-01,2018-08,August,Kegalle,Sabaragamuwa,2.0,25844.0,LK92,55.0,0.8236024433333333,0.83049366,99.21705866666667
2018-08-01,2018-08,August,Kilinochchi,Northern,2.0,25840.0,LK45,41.0,0.47894388666666665,0.5262446000000001,91.78693166666666
2018-08-01,2018-08,August,Kurunegala,North Western,2.0,25837.0,LK61,158.0,0.7128635000000001,0.7056622866666666,100.94534
2018-08-01,2018-08,August,Mannar,Northern,2.0,25841.0,LK42,65.0,0.55387075,0.6115338466666667,91.28247966666667
2018-08-01,2018-08,August,Matale,Central,2.0,25830.0,LK22,67.0,0.7399925500000001,0.72781648,101.56605166666667
2018-08-01,2018-08,August,Matara,Southern,2.0,25848.0,LK32,39.0,0.7817025633333333,0.7997613100000001,97.87458466666665
2018-08-01,2018-08,August,Monaragala,Uva,2.0,25850.0,LK82,186.0,0.6662359866666666,0.6643590033333333,100.26214866666668
2018-08-01,2018-08,August,Mullaitivu,Northern,2.0,25842.0,LK44,85.0,0.66258467,0.6894681,96.36581333333334
2018-08-01,2018-08,August,Nuwara Eliya,Central,2.0,41749.0,LK23,58.0,0.7649873333333334,0.7604915800000001,100.55468666666667
2018-08-01,2018-08,August,Polonnaruwa,North Central,2.0,25836.0,LK72,116.0,0.6760315966666667,0.6756234133333333,100.05256666666666
2018-08-01,2018-08,August,Puttalam,North Western,2.0,25838.0,LK62,107.0,0.6722461000000001,0.6345897133333334,105.49515000000001
2018-08-01,2018-08,August,Ratnapura,Sabaragamuwa,2.0,25845.0,LK91,108.0,0.7912169333333333,0.7835099900000001,100.92459333333333
2018-08-01,2018-08,August,Trincomalee,Eastern,2.0,25834.0,LK53,83.0,0.6539044,0.6609511433333334,99.01194533333334
2018-08-01,2018-08,August,Vavuniya,Northern,2.0,25843.0,LK43,65.0,0.6579968833333334,0.6878702466666667,95.95421
2018-09-01,2018-09,September,Ampara,Eastern,2.0,25832.0,LK52,147.0,0.6206673500000001,0.6329594333333334,98.19127666666667
2018-09-01,2018-09,September,Anuradhapura,North Central,2.0,25835.0,LK71,235.0,0.6467899133333334,0.6619698366666666,97.85419166666667
2018-09-01,2018-09,September,Badulla,Uva,2.0,25849.0,LK81,94.0,0.7238847333333333,0.7060127666666668,102.35793000000001
2018-09-01,2018-09,September,Batticaloa,Eastern,2.0,25833.0,LK51,82.0,0.5378597466666667,0.5397494566666667,99.67258666666667
2018-09-01,2018-09,September,Colombo,Western,2.0,25851.0,LK11,23.0,0.6617173666666667,0.6961392833333333,95.38648
2018-09-01,2018-09,September,Galle,Southern,2.0,25846.0,LK31,54.0,0.7923030400000001,0.7968295466666667,99.46496633333334
2018-09-01,2018-09,September,Gampaha,Western,2.0,25852.0,LK12,47.0,0.7120127533333332,0.7382961266666667,96.66547466666667
2018-09-01,2018-09,September,Hambantota,Southern,2.0,25847.0,LK33,85.0,0.6161027200000001,0.63163102,97.70828166666666
2018-09-01,2018-09,September,Jaffna,Northern,2.0,25839.0,LK41,31.0,0.46942256,0.4845341333333333,97.15838466666666
2018-09-01,2018-09,September,Kalutara,Western,2.0,25853.0,LK13,52.0,0.7786025566666667,0.79020558,98.61889033333334
2018-09-01,2018-09,September,Kandy,Central,2.0,41748.0,LK21,60.0,0.7913505466666667,0.77577225,101.88566466666667
2018-09-01,2018-09,September,Kegalle,Sabaragamuwa,2.0,25844.0,LK92,55.0,0.8213363,0.82574345,99.497075
2018-09-01,2018-09,September,Kilinochchi,Northern,2.0,25840.0,LK45,41.0,0.48006909333333336,0.52585062,92.04043
2018-09-01,2018-09,September,Kurunegala,North Western,2.0,25837.0,LK61,158.0,0.6919502233333333,0.7007411133333333,98.82784
2018-09-01,2018-09,September,Mannar,Northern,2.0,25841.0,LK42,65.0,0.5725343466666667,0.62242828,92.56325700000001
2018-09-01,2018-09,September,Matale,Central,2.0,25830.0,LK22,67.0,0.76149099,0.73437527,103.45277366666669
2018-09-01,2018-09,September,Matara,Southern,2.0,25848.0,LK32,39.0,0.7830828766666666,0.7964650633333333,98.41892
2018-09-01,2018-09,September,Monaragala,Uva,2.0,25850.0,LK82,186.0,0.68990535,0.67865846,101.53183533333333
2018-09-01,2018-09,September,Mullaitivu,Northern,2.0,25842.0,LK44,85.0,0.6785921433333334,0.7039018433333334,96.63802666666668
2018-09-01,2018-09,September,Nuwara Eliya,Central,2.0,41749.0,LK23,58.0,0.77601436,0.7645634333333334,101.40470666666666
2018-09-01,2018-09,September,Polonnaruwa,North Central,2.0,25836.0,LK72,116.0,0.67654223,0.66211692,102.02299
2018-09-01,2018-09,September,Puttalam,North Western,2.0,25838.0,LK62,107.0,0.66045635,0.6389632333333334,103.12048833333334
2018-09-01,2018-09,September,Ratnapura,Sabaragamuwa,2.0,25845.0,LK91,108.0,0.7942666833333334,0.7821766166666667,101.45212466666668
2018-09-01,2018-09,September,Trincomalee,Eastern,2.0,25834.0,LK53,83.0,0.6622321333333333,0.67273578,98.54227666666667
2018-09-01,2018-09,September,Vavuniya,Northern,2.0,25843.0,LK43,65.0,0.6871276833333333,0.7114957333333334,96.78957333333334
2018-10-01,2018-10,October,Ampara,Eastern,2.0,25832.0,LK52,147.0,0.6851033900000001,0.6726984566666667,101.708533
2018-10-01,2018-10,October,Anuradhapura,North Central,2.0,25835.0,LK71,235.0,0.7238107500000001,0.7050825566666666,102.47535799999999
2018-10-01,2018-10,October,Badulla,Uva,2.0,25849.0,LK81,94.0,0.7705279666666667,0.73642772,104.33925666666666
2018-10-01,2018-10,October,Batticaloa,Eastern,2.0,25833.0,LK51,82.0,0.5958260366666667,0.58577872,101.57620666666666
2018-10-01,2018-10,October,Colombo,Western,2.0,25851.0,LK11,23.0,0.6764999666666668,0.6993316900000001,96.95258466666667
2018-10-01,2018-10,October,Galle,Southern,2.0,25846.0,LK31,54.0,0.8120641466666667,0.80463834,100.86797999999999
2018-10-01,2018-10,October,Gampaha,Western,2.0,25852.0,LK12,47.0,0.7337184,0.7456929666666667,98.493825
2018-10-01,2018-10,October,Hambantota,Southern,2.0,25847.0,LK33,85.0,0.7015906,0.67526712,103.616572
2018-10-01,2018-10,October,Jaffna,Northern,2.0,25839.0,LK41,31.0,0.5454419566666666,0.53861731,101.12592266666667
2018-10-01,2018-10,October,Kalutara,Western,2.0,25853.0,LK13,52.0,0.7937974,0.7947389133333332,99.88787333333333
2018-10-01,2018-10,October,Kandy,Central,2.0,41748.0,LK21,60.0,0.8110610933333332,0.7867203666666667,102.90984166666665
2018-10-01,2018-10,October,Kegalle,Sabaragamuwa,2.0,25844.0,LK92,55.0,0.8306442333333334,0.8250890333333333,100.63471
2018-10-01,2018-10,October,Kilinochchi,Northern,2.0,25840.0,LK45,41.0,0.5575983533333333,0.5664579066666667,98.50918833333333
2018-10-01,2018-10,October,Kurunegala,North Western,2.0,25837.0,LK61,158.0,0.7411157833333334,0.7316796600000001,101.19776
2018-10-01,2018-10,October,Mannar,Northern,2.0,25841.0,LK42,65.0,0.6584132833333333,0.6693824666666667,98.44915966666667
2018-10-01,2018-10,October,Matale,Central,2.0,25830.0,LK22,67.0,0.80057412,0.7646746466666666,104.41156799999999
2018-10-01,2018-10,October,Matara,Southern,2.0,25848.0,LK32,39.0,0.8034281866666667,0.8024033333333334,100.11900666666668
2018-10-01,2018-10,October,Monaragala,Uva,2.0,25850.0,LK82,186.0,0.75720805,0.7241691666666666,104.26601533333333
2018-10-01,2018-10,October,Mullaitivu,Northern,2.0,25842.0,LK44,85.0,0.7234682333333332,0.7338299833333334,98.67463066666666
2018-10-01,2018-10,October,Nuwara Eliya,Central,2.0,41749.0,LK23,58.0,0.79799078,0.7775780666666666,102.46616166666666
2018-10-01,2018-10,October,Polonnaruwa,North Central,2.0,25836.0,LK72,116.0,0.7307060133333333,0.6956889,104.70749333333333
2018-10-01,2018-10,October,Puttalam,North Western,2.0,25838.0,LK62,107.0,0.71640402,0.6856798166666667,104.17221666666667
2018-10-01,2018-10,October,Ratnapura,Sabaragamuwa,2.0,25845.0,LK91,108.0,0.81566479,0.7957741733333333,102.351872
2018-10-01,2018-10,October,Trincomalee,Eastern,2.0,25834.0,LK53,83.0,0.7050807200000001,0.7037558566666666,100.17788333333333
2018-10-01,2018-10,October,Vavuniya,Northern,2.0,25843.0,LK43,65.0,0.7515820466666666,0.7542895333333334,99.65685
2018-11-01,2018-11,November,Ampara,Eastern,2.0,25832.0,LK52,147.0,0.7422419566666667,0.73024149,101.54055166666667
2018-11-01,2018-11,November,Anuradhapura,North Central,2.0,25835.0,LK71,235.0,0.7642682000000001,0.75418649,101.25755666666667
2018-11-01,2018-11,November,Badulla,Uva,2.0,25849.0,LK81,94.0,0.7888577666666666,0.7692643666666666,102.39528333333332
2018-11-01,2018-11,November,Batticaloa,Eastern,2.0,25833.0,LK51,82.0,0.6805979533333333,0.6684093433333334,101.69607
2018-11-01,2018-11,November,Colombo,Western,2.0,25851.0,LK11,23.0,0.67773041,0.6999362000000001,97.03873833333334
2018-11-01,2018-11,November,Galle,Southern,2.0,25846.0,LK31,54.0,0.8202537166666667,0.8110670066666666,101.06709166666667
2018-11-01,2018-11,November,Gampaha,Western,2.0,25852.0,LK12,47.0,0.7468815333333333,0.7596452866666666,98.424353
2018-11-01,2018-11,November,Hambantota,Southern,2.0,25847.0,LK33,85.0,0.75853605,0.7371608566666668,102.72601333333334
2018-11-01,2018-11,November,Jaffna,Northern,2.0,25839.0,LK41,31.0,0.6279913666666667,0.6011712133333333,104.11014666666667
2018-11-01,2018-11,November,Kalutara,Western,2.0,25853.0,LK13,52.0,0.80121213,0.7982270133333333,100.35196
2018-11-01,2018-11,November,Kandy,Central,2.0,41748.0,LK21,60.0,0.81589386,0.8012197633333334,101.72509666666667
2018-11-01,2018-11,November,Kegalle,Sabaragamuwa,2.0,25844.0,LK92,55.0,0.8346945166666666,0.82791171,100.77267333333333
2018-11-01,2018-11,November,Kilinochchi,Northern,2.0,25840.0,LK45,41.0,0.6629381866666667,0.6432878833333334,102.82185466666665
2018-11-01,2018-11,November,Kurunegala,North Western,2.0,25837.0,LK61,158.0,0.7917708966666668,0.7751060133333333,102.02064866666667
2018-11-01,2018-11,November,Mannar,Northern,2.0,25841.0,LK42,65.0,0.7191066333333334,0.7253331,99.199898
2018-11-01,2018-11,November,Matale,Central,2.0,25830.0,LK22,67.0,0.8118079433333333,0.7938021000000001,102.13696533333332
2018-11-01,2018-11,November,Matara,Southern,2.0,25848.0,LK32,39.0,0.8204777633333333,0.81549072,100.57657666666667
2018-11-01,2018-11,November,Monaragala,Uva,2.0,25850.0,LK82,186.0,0.7997800633333334,0.77563148,102.93219666666666
2018-11-01,2018-11,November,Mullaitivu,Northern,2.0,25842.0,LK44,85.0,0.7542356833333334,0.7649793100000001,98.68251666666667
2018-11-01,2018-11,November,Nuwara Eliya,Central,2.0,41749.0,LK23,58.0,0.8094729666666667,0.7932364766666667,101.926528
2018-11-01,2018-11,November,Polonnaruwa,North Central,2.0,25836.0,LK72,116.0,0.7448577666666667,0.7374111633333333,100.952242
2018-11-01,2018-11,November,Puttalam,North Western,2.0,25838.0,LK62,107.0,0.76262364,0.7389796133333334,103.003935
2018-11-01,2018-11,November,Ratnapura,Sabaragamuwa,2.0,25845.0,LK91,108.0,0.8280984666666668,0.8127910133333334,101.77501666666666
2018-11-01,2018-11,November,Trincomalee,Eastern,2.0,25834.0,LK53,83.0,0.7341048,0.7405627566666667,99.18296
2018-11-01,2018-11,November,Vavuniya,Northern,2.0,25843.0,LK43,65.0,0.7884363633333334,0.7915826566666667,99.62744333333335
2018-12-01,2018-12,December,Ampara,Eastern,2.0,25832.0,LK52,147.0,0.7855217433333334,0.7766607333333333,101.07375366666668
2018-12-01,2018-12,December,Anuradhapura,North Central,2.0,25835.0,LK71,235.0,0.7920294999999999,0.7848832833333333,100.85628166666667
2018-12-01,2018-12,December,Badulla,Uva,2.0,25849.0,LK81,94.0,0.7977329466666667,0.7869486866666667,101.28915833333333
2018-12-01,2018-12,December,Batticaloa,Eastern,2.0,25833.0,LK51,82.0,0.73917884,0.7287191533333334,101.34537166666667
2018-12-01,2018-12,December,Colombo,Western,2.0,25851.0,LK11,23.0,0.6633521433333334,0.6931179466666667,95.99359533333332
2018-12-01,2018-12,December,Galle,Southern,2.0,25846.0,LK31,54.0,0.8158900966666667,0.8138152533333334,100.24026666666667
2018-12-01,2018-12,December,Gampaha,Western,2.0,25852.0,LK12,47.0,0.7459162999999999,0.7628569066666667,97.91584499999999
2018-12-01,2018-12,December,Hambantota,Southern,2.0,25847.0,LK33,85.0,0.7740948966666666,0.7700227133333333,100.50040333333334
2018-12-01,2018-12,December,Jaffna,Northern,2.0,25839.0,LK41,31.0,0.6504440466666667,0.6252972966666667,103.72414866666666
2018-12-01,2018-12,December,Kalutara,Western,2.0,25853.0,LK13,52.0,0.7944544666666666,0.7963954366666667,99.77031466666666
2018-12-01,2018-12,December,Kandy,Central,2.0,41748.0,LK21,60.0,0.8112483133333334,0.8061117200000001,100.59996166666667
2018-12-01,2018-12,December,Kegalle,Sabaragamuwa,2.0,25844.0,LK92,55.0,0.8295612,0.8268434299999999,100.30968166666666
2018-12-01,2018-12,December,Kilinochchi,Northern,2.0,25840.0,LK45,41.0,0.7073056633333333,0.6934801566666667,101.86589
2018-12-01,2018-12,December,Kurunegala,North Western,2.0,25837.0,LK61,158.0,0.8101234033333333,0.8019920066666666,100.95594666666666
2018-12-01,2018-12,December,Mannar,Northern,2.0,25841.0,LK42,65.0,0.7492794766666666,0.7516517333333333,99.702
2018-12-01,2018-12,December,Matale,Central,2.0,25830.0,LK22,67.0,0.8163616866666666,0.8089373566666667,100.86539333333333
2018-12-01,2018-12,December,Matara,Southern,2.0,25848.0,LK32,39.0,0.8251837133333334,0.8252643266666667,99.99099000000001
2018-12-01,2018-12,December,Monaragala,Uva,2.0,25850.0,LK82,186.0,0.8117630433333334,0.8032846,100.99600133333333
2018-12-01,2018-12,December,Mullaitivu,Northern,2.0,25842.0,LK44,85.0,0.7664623166666668,0.7785315666666667,98.54327866666667
2018-12-01,2018-12,December,Nuwara Eliya,Central,2.0,41749.0,LK23,58.0,0.8071154966666666,0.7976402033333333,101.11773333333333
2018-12-01,2018-12,December,Polonnaruwa,North Central,2.0,25836.0,LK72,116.0,0.7629629433333333,0.7602516,100.33118666666667
2018-12-01,2018-12,December,Puttalam,North Western,2.0,25838.0,LK62,107.0,0.76995699,0.7589746666666667,101.35798
2018-12-01,2018-12,December,Ratnapura,Sabaragamuwa,2.0,25845.0,LK91,108.0,0.8275221766666667,0.81920739,100.95662
2018-12-01,2018-12,December,Trincomalee,Eastern,2.0,25834.0,LK53,83.0,0.7646569866666667,0.76396468,100.08357000000001
2018-12-01,2018-12,December,Vavuniya,Northern,2.0,25843.0,LK43,65.0,0.7983276933333333,0.8042701600000001,99.30437500000001
2019-01-01,2019-01,January,Ampara,Eastern,2.0,25832.0,LK52,147.0,0.7861065666666667,0.7833097133333333,100.33429666666666
2019-01-01,2019-01,January,Anuradhapura,North Central,2.0,25835.0,LK71,235.0,0.7922012666666666,0.7924991,99.96227166666667
2019-01-01,2019-01,January,Badulla,Uva,2.0,25849.0,LK81,94.0,0.8029716166666666,0.7926376866666667,101.22647333333333
2019-01-01,2019-01,January,Batticaloa,Eastern,2.0,25833.0,LK51,82.0,0.7171442899999999,0.7211823599999999,99.46515333333333
2019-01-01,2019-01,January,Colombo,Western,2.0,25851.0,LK11,23.0,0.6423652133333334,0.6720614033333333,95.88836933333334
2019-01-01,2019-01,January,Galle,Southern,2.0,25846.0,LK31,54.0,0.8038425866666666,0.8078158633333333,99.53646333333332
2019-01-01,2019-01,January,Gampaha,Western,2.0,25852.0,LK12,47.0,0.7193482000000001,0.7362003333333332,97.855275
2019-01-01,2019-01,January,Hambantota,Southern,2.0,25847.0,LK33,85.0,0.7580987966666667,0.77555122,97.88309666666667
2019-01-01,2019-01,January,Jaffna,Northern,2.0,25839.0,LK41,31.0,0.60936771,0.6014972866666667,101.19312000000001
2019-01-01,2019-01,January,Kalutara,Western,2.0,25853.0,LK13,52.0,0.7755595866666667,0.7819341033333332,99.23329666666666
2019-01-01,2019-01,January,Kandy,Central,2.0,41748.0,LK21,60.0,0.7998983133333333,0.7984849533333334,100.16657166666666
2019-01-01,2019-01,January,Kegalle,Sabaragamuwa,2.0,25844.0,LK92,55.0,0.81196906,0.8109299999999999,100.12086
2019-01-01,2019-01,January,Kilinochchi,Northern,2.0,25840.0,LK45,41.0,0.6631999733333332,0.6806254666666667,97.591785
2019-01-01,2019-01,January,Kurunegala,North Western,2.0,25837.0,LK61,158.0,0.7709356333333334,0.7805691266666667,98.82977333333334
2019-01-01,2019-01,January,Mannar,Northern,2.0,25841.0,LK42,65.0,0.7608389633333333,0.7527504566666666,101.00797133333333
2019-01-01,2019-01,January,Matale,Central,2.0,25830.0,LK22,67.0,0.81434228,0.8147227899999999,99.95568666666668
2019-01-01,2019-01,January,Matara,Southern,2.0,25848.0,LK32,39.0,0.8135529666666667,0.8164981633333334,99.659922
2019-01-01,2019-01,January,Monaragala,Uva,2.0,25850.0,LK82,186.0,0.7958094633333334,0.8022891,99.23795866666667
2019-01-01,2019-01,January,Mullaitivu,Northern,2.0,25842.0,LK44,85.0,0.75861488,0.7719806333333333,98.37315000000001
2019-01-01,2019-01,January,Nuwara Eliya,Central,2.0,41749.0,LK23,58.0,0.79596088,0.7875915333333333,100.99945666666667
2019-01-01,2019-01,January,Polonnaruwa,North Central,2.0,25836.0,LK72,116.0,0.7970689499999999,0.7867867866666667,101.22922999999999
2019-01-01,2019-01,January,Puttalam,North Western,2.0,25838.0,LK62,107.0,0.7494962333333334,0.7442575466666667,100.65870666666666
2019-01-01,2019-01,January,Ratnapura,Sabaragamuwa,2.0,25845.0,LK91,108.0,0.8160438133333333,0.8121014333333333,100.45710133333334
2019-01-01,2019-01,January,Trincomalee,Eastern,2.0,25834.0,LK53,83.0,0.7649361266666667,0.76624178,99.83787633333333
2019-01-01,2019-01,January,Vavuniya,Northern,2.0,25843.0,LK43,65.0,0.7866410266666666,0.7948951333333333,99.02116666666666
2019-02-01,2019-02,February,Ampara,Eastern,2.0,25832.0,LK52,147.0,0.7425315066666666,0.7432987,99.90066200000001
2019-02-01,2019-02,February,Anuradhapura,North Central,2.0,25835.0,LK71,235.0,0.7404375666666666,0.75761819,97.86136833333335
2019-02-01,2019-02,February,Badulla,Uva,2.0,25849.0,LK81,94.0,0.7877964333333333,0.7792860999999999,101.02462200000001
2019-02-01,2019-02,February,Batticaloa,Eastern,2.0,25833.0,LK51,82.0,0.6492958999999999,0.6692407333333333,97.21653500000001
2019-02-01,2019-02,February,Colombo,Western,2.0,25851.0,LK11,23.0,0.6301739066666666,0.6544099333333334,96.55992666666667
2019-02-01,2019-02,February,Galle,Southern,2.0,25846.0,LK31,54.0,0.7903746666666667,0.7933937333333333,99.64240466666666
2019-02-01,2019-02,February,Gampaha,Western,2.0,25852.0,LK12,47.0,0.6816545866666667,0.7034402433333332,97.10618
2019-02-01,2019-02,February,Hambantota,Southern,2.0,25847.0,LK33,85.0,0.7140557,0.7486602666666666,95.66247666666668
2019-02-01,2019-02,February,Jaffna,Northern,2.0,25839.0,LK41,31.0,0.53936022,0.5498484466666667,98.23200866666667
2019-02-01,2019-02,February,Kalutara,Western,2.0,25853.0,LK13,52.0,0.7625416666666666,0.7683292866666666,99.292825
2019-02-01,2019-02,February,Kandy,Central,2.0,41748.0,LK21,60.0,0.7846983333333334,0.7830002333333334,100.20361333333334
2019-02-01,2019-02,February,Kegalle,Sabaragamuwa,2.0,25844.0,LK92,55.0,0.7980860333333334,0.7953982866666666,100.31799833333334
2019-02-01,2019-02,February,Kilinochchi,Northern,2.0,25840.0,LK45,41.0,0.5821821100000001,0.62443539,93.71882166666667
2019-02-01,2019-02,February,Kurunegala,North Western,2.0,25837.0,LK61,158.0,0.7035265333333333,0.7190770733333333,97.980092
2019-02-01,2019-02,February,Mannar,Northern,2.0,25841.0,LK42,65.0,0.7312097166666667,0.7307267533333333,100.05528500000001
2019-02-01,2019-02,February,Matale,Central,2.0,25830.0,LK22,67.0,0.7914263500000001,0.7999620333333333,98.99285666666667
2019-02-01,2019-02,February,Matara,Southern,2.0,25848.0,LK32,39.0,0.7908316000000001,0.7943172133333333,99.58701033333334
2019-02-01,2019-02,February,Monaragala,Uva,2.0,25850.0,LK82,186.0,0.7697535666666667,0.7800976533333334,98.75421833333333
2019-02-01,2019-02,February,Mullaitivu,Northern,2.0,25842.0,LK44,85.0,0.7305427366666667,0.7505555999999999,97.497248
2019-02-01,2019-02,February,Nuwara Eliya,Central,2.0,41749.0,LK23,58.0,0.7823424866666667,0.7738566566666667,101.02970166666667
2019-02-01,2019-02,February,Polonnaruwa,North Central,2.0,25836.0,LK72,116.0,0.7738597666666666,0.7762176233333333,99.705595
2019-02-01,2019-02,February,Puttalam,North Western,2.0,25838.0,LK62,107.0,0.71081462,0.7083814966666667,100.31823166666668
2019-02-01,2019-02,February,Ratnapura,Sabaragamuwa,2.0,25845.0,LK91,108.0,0.8045623366666667,0.8001612833333334,100.517763
2019-02-01,2019-02,February,Trincomalee,Eastern,2.0,25834.0,LK53,83.0,0.7200204466666666,0.73724276,97.80307
2019-02-01,2019-02,February,Vavuniya,Northern,2.0,25843.0,LK43,65.0,0.7478410000000001,0.7669161,97.65976833333333
2019-03-01,2019-03,March,Ampara,Eastern,2.0,25832.0,LK52,147.0,0.6877321833333333,0.6993939033333333,98.43509333333333
2019-03-01,2019-03,March,Anuradhapura,North Central,2.0,25835.0,LK71,235.0,0.6711704666666667,0.7122368166666666,94.59974199999999
2019-03-01,2019-03,March,Badulla,Uva,2.0,25849.0,LK81,94.0,0.7546411333333333,0.7597539233333334,99.36521
2019-03-01,2019-03,March,Batticaloa,Eastern,2.0,25833.0,LK51,82.0,0.5896019833333334,0.6270425733333332,94.45680866666667
2019-03-01,2019-03,March,Colombo,Western,2.0,25851.0,LK11,23.0,0.6340304233333334,0.6577345133333333,96.651543
2019-03-01,2019-03,March,Galle,Southern,2.0,25846.0,LK31,54.0,0.7847715833333333,0.7874191600000001,99.68388333333333
2019-03-01,2019-03,March,Gampaha,Western,2.0,25852.0,LK12,47.0,0.6669467866666666,0.6998973133333334,95.60835166666668
2019-03-01,2019-03,March,Hambantota,Southern,2.0,25847.0,LK33,85.0,0.6743741,0.7118593333333333,95.0797
2019-03-01,2019-03,March,Jaffna,Northern,2.0,25839.0,LK41,31.0,0.47856344,0.5109923333333334,94.20061533333335
2019-03-01,2019-03,March,Kalutara,Western,2.0,25853.0,LK13,52.0,0.7660724433333334,0.77279975,99.18285166666665
2019-03-01,2019-03,March,Kandy,Central,2.0,41748.0,LK21,60.0,0.7672594199999999,0.7727419133333333,99.33308166666666
2019-03-01,2019-03,March,Kegalle,Sabaragamuwa,2.0,25844.0,LK92,55.0,0.7988993733333333,0.7990706866666667,99.98077066666667
2019-03-01,2019-03,March,Kilinochchi,Northern,2.0,25840.0,LK45,41.0,0.5250024333333333,0.58135265,91.06376666666667
2019-03-01,2019-03,March,Kurunegala,North Western,2.0,25837.0,LK61,158.0,0.6649417533333334,0.6883870466666666,96.82612999999999
2019-03-01,2019-03,March,Mannar,Northern,2.0,25841.0,LK42,65.0,0.6744461066666666,0.7011477333333334,96.43254333333334
2019-03-01,2019-03,March,Matale,Central,2.0,25830.0,LK22,67.0,0.7506755666666667,0.7756171233333333,96.97452666666668
2019-03-01,2019-03,March,Matara,Southern,2.0,25848.0,LK32,39.0,0.7777820333333333,0.7825581666666667,99.42627833333334
2019-03-01,2019-03,March,Monaragala,Uva,2.0,25850.0,LK82,186.0,0.7514236333333333,0.7631427466666666,98.55811666666666
2019-03-01,2019-03,March,Mullaitivu,Northern,2.0,25842.0,LK44,85.0,0.6933893766666666,0.7284733299999999,95.48809666666666
2019-03-01,2019-03,March,Nuwara Eliya,Central,2.0,41749.0,LK23,58.0,0.7686827266666666,0.76845832,100.02750333333334
2019-03-01,2019-03,March,Polonnaruwa,North Central,2.0,25836.0,LK72,116.0,0.6922813033333334,0.7271072466666667,95.49128866666666
2019-03-01,2019-03,March,Puttalam,North Western,2.0,25838.0,LK62,107.0,0.6716659966666666,0.6856575333333333,98.095492
2019-03-01,2019-03,March,Ratnapura,Sabaragamuwa,2.0,25845.0,LK91,108.0,0.7995700433333334,0.7967155966666667,100.33724666666666
2019-03-01,2019-03,March,Trincomalee,Eastern,2.0,25834.0,LK53,83.0,0.6574345199999999,0.6988553533333333,94.45379333333334
2019-03-01,2019-03,March,Vavuniya,Northern,2.0,25843.0,LK43,65.0,0.7007743833333334,0.7414863666666666,94.8503
2019-04-01,2019-04,April,Ampara,Eastern,2.0,25832.0,LK52,147.0,0.6560111000000001,0.6831142633333332,96.30311333333333
2019-04-01,2019-04,April,Anuradhapura,North Central,2.0,25835.0,LK71,235.0,0.6578544666666667,0.71229456,92.855095
2019-04-01,2019-04,April,Badulla,Uva,2.0,25849.0,LK81,94.0,0.7363407666666667,0.7551976666666667,97.65836866666666
2019-04-01,2019-04,April,Batticaloa,Eastern,2.0,25833.0,LK51,82.0,0.55446381,0.60768549,91.90719533333333
2019-04-01,2019-04,April,Colombo,Western,2.0,25851.0,LK11,23.0,0.6479043299999999,0.6772539700000001,95.96495866666667
2019-04-01,2019-04,April,Galle,Southern,2.0,25846.0,LK31,54.0,0.7916259166666667,0.79412357,99.70371333333333
2019-04-01,2019-04,April,Gampaha,Western,2.0,25852.0,LK12,47.0,0.6848184466666667,0.7242393766666666,94.90644666666667
2019-04-01,2019-04,April,Hambantota,Southern,2.0,25847.0,LK33,85.0,0.6712835166666666,0.7008370866666667,96.06269866666666
2019-04-01,2019-04,April,Jaffna,Northern,2.0,25839.0,LK41,31.0,0.4396892233333333,0.49807874333333335,89.34586999999999
2019-04-01,2019-04,April,Kalutara,Western,2.0,25853.0,LK13,52.0,0.7776461666666666,0.7875598333333333,98.81624
2019-04-01,2019-04,April,Kandy,Central,2.0,41748.0,LK21,60.0,0.7626055333333334,0.7766860666666666,98.29695133333333
2019-04-01,2019-04,April,Kegalle,Sabaragamuwa,2.0,25844.0,LK92,55.0,0.8115745400000001,0.8171027799999999,99.3628
2019-04-01,2019-04,April,Kilinochchi,Northern,2.0,25840.0,LK45,41.0,0.49795608,0.5641594166666667,89.22026833333332
2019-04-01,2019-04,April,Kurunegala,North Western,2.0,25837.0,LK61,158.0,0.6865537666666667,0.7250464233333332,95.02943133333333
2019-04-01,2019-04,April,Mannar,Northern,2.0,25841.0,LK42,65.0,0.6333671833333333,0.6830917666666667,93.21579666666666
2019-04-01,2019-04,April,Matale,Central,2.0,25830.0,LK22,67.0,0.7363845800000001,0.76829087,96.10047966666667
2019-04-01,2019-04,April,Matara,Southern,2.0,25848.0,LK32,39.0,0.7851281999999999,0.78895477,99.54345
2019-04-01,2019-04,April,Monaragala,Uva,2.0,25850.0,LK82,186.0,0.7431926366666667,0.7644638666666667,97.38875333333333
2019-04-01,2019-04,April,Mullaitivu,Northern,2.0,25842.0,LK44,85.0,0.66426822,0.714852,93.38562166666667
2019-04-01,2019-04,April,Nuwara Eliya,Central,2.0,41749.0,LK23,58.0,0.76534367,0.7739699466666666,98.95330000000001
2019-04-01,2019-04,April,Polonnaruwa,North Central,2.0,25836.0,LK72,116.0,0.6344450866666667,0.69618518,91.72463533333332
2019-04-01,2019-04,April,Puttalam,North Western,2.0,25838.0,LK62,107.0,0.6673367533333333,0.6956772999999999,96.19911666666667
2019-04-01,2019-04,April,Ratnapura,Sabaragamuwa,2.0,25845.0,LK91,108.0,0.8027712666666668,0.8041900966666665,99.83411666666666
2019-04-01,2019-04,April,Trincomalee,Eastern,2.0,25834.0,LK53,83.0,0.6095593833333334,0.6763330233333334,90.804755
2019-04-01,2019-04,April,Vavuniya,Northern,2.0,25843.0,LK43,65.0,0.6829825433333333,0.7370928533333334,93.12491
2019-05-01,2019-05,May,Ampara,Eastern,2.0,25832.0,LK52,147.0,0.6720378666666668,0.6942442600000001,97.01344333333333
2019-05-01,2019-05,May,Anuradhapura,North Central,2.0,25835.0,LK71,235.0,0.6847713,0.72566436,94.72883866666666
2019-05-01,2019-05,May,Badulla,Uva,2.0,25849.0,LK81,94.0,0.7399694666666666,0.7554970333333334,98.07300333333335
2019-05-01,2019-05,May,Batticaloa,Eastern,2.0,25833.0,LK51,82.0,0.5586991566666667,0.6097193333333334,92.26595999999999
2019-05-01,2019-05,May,Colombo,Western,2.0,25851.0,LK11,23.0,0.6692058200000001,0.6955265166666668,96.46792666666666
2019-05-01,2019-05,May,Galle,Southern,2.0,25846.0,LK31,54.0,0.8041710000000001,0.8004023433333334,100.44291833333334
2019-05-01,2019-05,May,Gampaha,Western,2.0,25852.0,LK12,47.0,0.7241694666666666,0.74915808,96.86804166666667
2019-05-01,2019-05,May,Hambantota,Southern,2.0,25847.0,LK33,85.0,0.6918940833333332,0.7062601000000001,98.10019666666666
2019-05-01,2019-05,May,Jaffna,Northern,2.0,25839.0,LK41,31.0,0.4297419233333333,0.49670642333333337,87.75158666666668
2019-05-01,2019-05,May,Kalutara,Western,2.0,25853.0,LK13,52.0,0.7927102100000001,0.7966547366666666,99.53364666666668
2019-05-01,2019-05,May,Kandy,Central,2.0,41748.0,LK21,60.0,0.7742060666666667,0.7845254766666666,98.76304666666665
2019-05-01,2019-05,May,Kegalle,Sabaragamuwa,2.0,25844.0,LK92,55.0,0.8286635866666666,0.8317203266666667,99.652722
2019-05-01,2019-05,May,Kilinochchi,Northern,2.0,25840.0,LK45,41.0,0.5033796566666666,0.5603386866666668,90.66962166666667
2019-05-01,2019-05,May,Kurunegala,North Western,2.0,25837.0,LK61,158.0,0.7475563166666667,0.7688743966666666,97.38946033333333
2019-05-01,2019-05,May,Mannar,Northern,2.0,25841.0,LK42,65.0,0.6234645966666666,0.67330281,93.11141333333335
2019-05-01,2019-05,May,Matale,Central,2.0,25830.0,LK22,67.0,0.7476144166666666,0.7697553166666666,97.29957833333333
2019-05-01,2019-05,May,Matara,Southern,2.0,25848.0,LK32,39.0,0.80357435,0.8025984233333333,100.11361133333332
2019-05-01,2019-05,May,Monaragala,Uva,2.0,25850.0,LK82,186.0,0.7418972533333333,0.7616334866666667,97.56991866666665
2019-05-01,2019-05,May,Mullaitivu,Northern,2.0,25842.0,LK44,85.0,0.6586058333333333,0.70917131,93.34028
2019-05-01,2019-05,May,Nuwara Eliya,Central,2.0,41749.0,LK23,58.0,0.7725775833333334,0.7783765833333334,99.299965
2019-05-01,2019-05,May,Polonnaruwa,North Central,2.0,25836.0,LK72,116.0,0.6432703833333333,0.6925152333333333,93.36873800000001
2019-05-01,2019-05,May,Puttalam,North Western,2.0,25838.0,LK62,107.0,0.6883644733333334,0.7109920000000001,97.02605799999999
2019-05-01,2019-05,May,Ratnapura,Sabaragamuwa,2.0,25845.0,LK91,108.0,0.81098918,0.8096791900000001,100.15229
2019-05-01,2019-05,May,Trincomalee,Eastern,2.0,25834.0,LK53,83.0,0.6126630033333333,0.6749312466666666,91.4104
2019-05-01,2019-05,May,Vavuniya,Northern,2.0,25843.0,LK43,65.0,0.6962456500000002,0.73722455,94.79672466666666
2019-06-01,2019-06,June,Ampara,Eastern,2.0,25832.0,LK52,147.0,0.6835238,0.69607917,98.31718333333333
2019-06-01,2019-06,June,Anuradhapura,North Central,2.0,25835.0,LK71,235.0,0.661876,0.6999913666666666,94.91356133333333
2019-06-01,2019-06,June,Badulla,Uva,2.0,25849.0,LK81,94.0,0.7403992833333333,0.7429939533333334,99.67576000000001
2019-06-01,2019-06,June,Batticaloa,Eastern,2.0,25833.0,LK51,82.0,0.5597020233333333,0.5971564333333333,94.21744666666666
2019-06-01,2019-06,June,Colombo,Western,2.0,25851.0,LK11,23.0,0.6848158999999999,0.7040921833333332,97.44365666666666
2019-06-01,2019-06,June,Galle,Southern,2.0,25846.0,LK31,54.0,0.8090129266666667,0.8009732366666666,100.94484166666666
2019-06-01,2019-06,June,Gampaha,Western,2.0,25852.0,LK12,47.0,0.7537439533333333,0.7584368933333333,99.41957633333334
2019-06-01,2019-06,June,Hambantota,Southern,2.0,25847.0,LK33,85.0,0.6951199866666666,0.6984099533333333,99.56106333333334
2019-06-01,2019-06,June,Jaffna,Northern,2.0,25839.0,LK41,31.0,0.42913118333333333,0.48190153666666663,90.08998866666667
2019-06-01,2019-06,June,Kalutara,Western,2.0,25853.0,LK13,52.0,0.8013384666666666,0.7987041333333332,100.31048166666666
2019-06-01,2019-06,June,Kandy,Central,2.0,41748.0,LK21,60.0,0.7812505433333333,0.7865019333333333,99.37225866666667
2019-06-01,2019-06,June,Kegalle,Sabaragamuwa,2.0,25844.0,LK92,55.0,0.8395781333333333,0.8373326266666666,100.25303333333333
2019-06-01,2019-06,June,Kilinochchi,Northern,2.0,25840.0,LK45,41.0,0.5220178733333333,0.5513656466666667,95.12632
2019-06-01,2019-06,June,Kurunegala,North Western,2.0,25837.0,LK61,158.0,0.7714955433333334,0.7748695666666666,99.59242666666667
2019-06-01,2019-06,June,Mannar,Northern,2.0,25841.0,LK42,65.0,0.6121128166666666,0.6502179333333333,94.561672
2019-06-01,2019-06,June,Matale,Central,2.0,25830.0,LK22,67.0,0.7384482666666666,0.7593344433333332,97.41767666666665
2019-06-01,2019-06,June,Matara,Southern,2.0,25848.0,LK32,39.0,0.8179803200000001,0.8112293133333334,100.78374866666667
2019-06-01,2019-06,June,Monaragala,Uva,2.0,25850.0,LK82,186.0,0.7208822100000001,0.7310031866666667,98.70769666666666
2019-06-01,2019-06,June,Mullaitivu,Northern,2.0,25842.0,LK44,85.0,0.6632399533333334,0.6991408666666666,95.20984600000001
2019-06-01,2019-06,June,Nuwara Eliya,Central,2.0,41749.0,LK23,58.0,0.7742637666666666,0.7738468,100.05103666666666
2019-06-01,2019-06,June,Polonnaruwa,North Central,2.0,25836.0,LK72,116.0,0.6817971100000001,0.6941723433333333,98.33586533333335
2019-06-01,2019-06,June,Puttalam,North Western,2.0,25838.0,LK62,107.0,0.68711994,0.7017504666666667,98.05587200000001
2019-06-01,2019-06,June,Ratnapura,Sabaragamuwa,2.0,25845.0,LK91,108.0,0.8159944066666668,0.8067291666666666,101.08208866666666
2019-06-01,2019-06,June,Trincomalee,Eastern,2.0,25834.0,LK53,83.0,0.64306463,0.6693011666666666,96.35620333333334
2019-06-01,2019-06,June,Vavuniya,Northern,2.0,25843.0,LK43,65.0,0.6808994766666666,0.7127846833333332,95.819005
2019-07-01,2019-07,July,Ampara,Eastern,2.0,25832.0,LK52,147.0,0.6561035999999999,0.66297264,99.04464
2019-07-01,2019-07,July,Anuradhapura,North Central,2.0,25835.0,LK71,235.0,0.6320883366666666,0.66451175,95.46858666666667
2019-07-01,2019-07,July,Badulla,Uva,2.0,25849.0,LK81,94.0,0.7325506866666668,0.7170180433333333,102.03059666666667
2019-07-01,2019-07,July,Batticaloa,Eastern,2.0,25833.0,LK51,82.0,0.5337337033333333,0.5537752966666667,96.69857999999999
2019-07-01,2019-07,July,Colombo,Western,2.0,25851.0,LK11,23.0,0.6900188133333334,0.7042327766666666,98.11620333333333
2019-07-01,2019-07,July,Galle,Southern,2.0,25846.0,LK31,54.0,0.8085123333333333,0.7963837866666666,101.43319333333334
2019-07-01,2019-07,July,Gampaha,Western,2.0,25852.0,LK12,47.0,0.7573021266666666,0.7523134333333333,100.62313666666667
2019-07-01,2019-07,July,Hambantota,Southern,2.0,25847.0,LK33,85.0,0.6739505666666666,0.6664425666666667,101.05699033333333
2019-07-01,2019-07,July,Jaffna,Northern,2.0,25839.0,LK41,31.0,0.4416967766666667,0.46375180666666665,95.72201333333334
2019-07-01,2019-07,July,Kalutara,Western,2.0,25853.0,LK13,52.0,0.8049345766666667,0.7950797433333333,101.16672666666666
2019-07-01,2019-07,July,Kandy,Central,2.0,41748.0,LK21,60.0,0.78368995,0.7818825266666667,100.21809133333333
2019-07-01,2019-07,July,Kegalle,Sabaragamuwa,2.0,25844.0,LK92,55.0,0.8414139199999999,0.8361627166666666,100.59291333333334
2019-07-01,2019-07,July,Kilinochchi,Northern,2.0,25840.0,LK45,41.0,0.52268535,0.5403985833333333,97.00033
2019-07-01,2019-07,July,Kurunegala,North Western,2.0,25837.0,LK61,158.0,0.7511254866666667,0.7443222666666666,100.86777666666666
2019-07-01,2019-07,July,Mannar,Northern,2.0,25841.0,LK42,65.0,0.59451383,0.62472038,95.52450166666667
2019-07-01,2019-07,July,Matale,Central,2.0,25830.0,LK22,67.0,0.7170711266666666,0.7411886500000001,96.95291333333334
2019-07-01,2019-07,July,Matara,Southern,2.0,25848.0,LK32,39.0,0.8209982833333332,0.8077109,101.54961666666667
2019-07-01,2019-07,July,Monaragala,Uva,2.0,25850.0,LK82,186.0,0.6874395766666667,0.6853212933333334,100.29361333333334
2019-07-01,2019-07,July,Mullaitivu,Northern,2.0,25842.0,LK44,85.0,0.6623250766666667,0.6886919566666667,96.43081
2019-07-01,2019-07,July,Nuwara Eliya,Central,2.0,41749.0,LK23,58.0,0.7695453566666667,0.7643455466666667,100.63878666666666
2019-07-01,2019-07,July,Polonnaruwa,North Central,2.0,25836.0,LK72,116.0,0.6904511333333333,0.6896422566666667,100.10912666666667
2019-07-01,2019-07,July,Puttalam,North Western,2.0,25838.0,LK62,107.0,0.6699785066666667,0.6679628466666667,100.30225366666666
2019-07-01,2019-07,July,Ratnapura,Sabaragamuwa,2.0,25845.0,LK91,108.0,0.8159218666666668,0.7948234166666667,102.49949666666667
2019-07-01,2019-07,July,Trincomalee,Eastern,2.0,25834.0,LK53,83.0,0.65296222,0.6580614966666667,99.28064666666667
2019-07-01,2019-07,July,Vavuniya,Northern,2.0,25843.0,LK43,65.0,0.6525569133333333,0.68687702,95.34158166666667
2019-08-01,2019-08,August,Ampara,Eastern,2.0,25832.0,LK52,147.0,0.6383246833333334,0.6297521233333333,101.26618133333334
2019-08-01,2019-08,August,Anuradhapura,North Central,2.0,25835.0,LK71,235.0,0.6478204200000001,0.6509886466666667,99.54880333333334
2019-08-01,2019-08,August,Badulla,Uva,2.0,25849.0,LK81,94.0,0.7213766066666668,0.7010389,102.70749466666666
2019-08-01,2019-08,August,Batticaloa,Eastern,2.0,25833.0,LK51,82.0,0.5320085133333333,0.5290863866666666,100.50725866666666
2019-08-01,2019-08,August,Colombo,Western,2.0,25851.0,LK11,23.0,0.69206521,0.6977320533333332,99.24257666666666
2019-08-01,2019-08,August,Galle,Southern,2.0,25846.0,LK31,54.0,0.8107450166666667,0.79401784,101.981847
2019-08-01,2019-08,August,Gampaha,Western,2.0,25852.0,LK12,47.0,0.7559304866666666,0.7410126333333333,101.88687666666668
2019-08-01,2019-08,August,Hambantota,Southern,2.0,25847.0,LK33,85.0,0.6769160533333333,0.6358906333333333,105.99835666666667
2019-08-01,2019-08,August,Jaffna,Northern,2.0,25839.0,LK41,31.0,0.47744729999999996,0.46041914,103.32448666666666
2019-08-01,2019-08,August,Kalutara,Western,2.0,25853.0,LK13,52.0,0.8064833333333333,0.7902804933333334,101.928375
2019-08-01,2019-08,August,Kandy,Central,2.0,41748.0,LK21,60.0,0.7891783233333333,0.7761413999999999,101.57847
2019-08-01,2019-08,August,Kegalle,Sabaragamuwa,2.0,25844.0,LK92,55.0,0.8438254666666666,0.83049366,101.51459299999999
2019-08-01,2019-08,August,Kilinochchi,Northern,2.0,25840.0,LK45,41.0,0.51264063,0.5262446000000001,97.64123066666666
2019-08-01,2019-08,August,Kurunegala,North Western,2.0,25837.0,LK61,158.0,0.7463309833333334,0.7056622866666666,105.39655166666667
2019-08-01,2019-08,August,Mannar,Northern,2.0,25841.0,LK42,65.0,0.5833615,0.6115338466666667,95.74150333333334
2019-08-01,2019-08,August,Matale,Central,2.0,25830.0,LK22,67.0,0.7191855666666666,0.72781648,98.89196
2019-08-01,2019-08,August,Matara,Southern,2.0,25848.0,LK32,39.0,0.81960341,0.7997613100000001,102.335472
2019-08-01,2019-08,August,Monaragala,Uva,2.0,25850.0,LK82,186.0,0.6754777666666666,0.6643590033333333,101.55690533333332
2019-08-01,2019-08,August,Mullaitivu,Northern,2.0,25842.0,LK44,85.0,0.66215371,0.6894681,96.30612
2019-08-01,2019-08,August,Nuwara Eliya,Central,2.0,41749.0,LK23,58.0,0.7680149166666667,0.7604915800000001,100.928252
2019-08-01,2019-08,August,Polonnaruwa,North Central,2.0,25836.0,LK72,116.0,0.6590741433333333,0.6756234133333333,97.71245800000001
2019-08-01,2019-08,August,Puttalam,North Western,2.0,25838.0,LK62,107.0,0.68036949,0.6345897133333334,106.70263
2019-08-01,2019-08,August,Ratnapura,Sabaragamuwa,2.0,25845.0,LK91,108.0,0.8194931833333333,0.7835099900000001,104.31831
2019-08-01,2019-08,August,Trincomalee,Eastern,2.0,25834.0,LK53,83.0,0.6445485999999999,0.6609511433333334,97.69584666666667
2019-08-01,2019-08,August,Vavuniya,Northern,2.0,25843.0,LK43,65.0,0.6536430633333333,0.6878702466666667,95.35967466666666
2019-09-01,2019-09,September,Ampara,Eastern,2.0,25832.0,LK52,147.0,0.6622101866666666,0.6329594333333334,104.27520700000001
2019-09-01,2019-09,September,Anuradhapura,North Central,2.0,25835.0,LK71,235.0,0.6853775866666667,0.6619698366666666,103.27637166666666
2019-09-01,2019-09,September,Badulla,Uva,2.0,25849.0,LK81,94.0,0.72815709,0.7060127666666668,102.92596666666667
2019-09-01,2019-09,September,Batticaloa,Eastern,2.0,25833.0,LK51,82.0,0.5718597333333334,0.5397494566666667,105.42966966666665
2019-09-01,2019-09,September,Colombo,Western,2.0,25851.0,LK11,23.0,0.6930058133333334,0.6961392833333333,99.58007166666668
2019-09-01,2019-09,September,Galle,Southern,2.0,25846.0,LK31,54.0,0.8165289666666666,0.7968295466666667,102.32619833333332
2019-09-01,2019-09,September,Gampaha,Western,2.0,25852.0,LK12,47.0,0.7608623766666667,0.7382961266666667,102.86259
2019-09-01,2019-09,September,Hambantota,Southern,2.0,25847.0,LK33,85.0,0.7150368533333333,0.63163102,112.22846133333333
2019-09-01,2019-09,September,Jaffna,Northern,2.0,25839.0,LK41,31.0,0.5400924533333333,0.4845341333333333,110.36929500000001
2019-09-01,2019-09,September,Kalutara,Western,2.0,25853.0,LK13,52.0,0.8059743433333333,0.79020558,101.87684633333333
2019-09-01,2019-09,September,Kandy,Central,2.0,41748.0,LK21,60.0,0.7951116699999999,0.77577225,102.34171166666665
2019-09-01,2019-09,September,Kegalle,Sabaragamuwa,2.0,25844.0,LK92,55.0,0.8451460466666667,0.82574345,102.21561000000001
2019-09-01,2019-09,September,Kilinochchi,Northern,2.0,25840.0,LK45,41.0,0.52607638,0.52585062,100.031572
2019-09-01,2019-09,September,Kurunegala,North Western,2.0,25837.0,LK61,158.0,0.7700892233333333,0.7007411133333333,109.23648000000001
2019-09-01,2019-09,September,Mannar,Northern,2.0,25841.0,LK42,65.0,0.6127338333333333,0.62242828,98.54391833333334
2019-09-01,2019-09,September,Matale,Central,2.0,25830.0,LK22,67.0,0.7452054666666666,0.73437527,101.37678999999999
2019-09-01,2019-09,September,Matara,Southern,2.0,25848.0,LK32,39.0,0.8184854533333333,0.7964650633333333,102.60147166666667
2019-09-01,2019-09,September,Monaragala,Uva,2.0,25850.0,LK82,186.0,0.7094670166666667,0.67865846,104.21812
2019-09-01,2019-09,September,Mullaitivu,Northern,2.0,25842.0,LK44,85.0,0.68869369,0.7039018433333334,97.97542666666668
2019-09-01,2019-09,September,Nuwara Eliya,Central,2.0,41749.0,LK23,58.0,0.77500975,0.7645634333333334,101.28208000000001
2019-09-01,2019-09,September,Polonnaruwa,North Central,2.0,25836.0,LK72,116.0,0.6568844699999999,0.66211692,99.261185
2019-09-01,2019-09,September,Puttalam,North Western,2.0,25838.0,LK62,107.0,0.7198996666666666,0.6389632333333334,111.74368666666668
2019-09-01,2019-09,September,Ratnapura,Sabaragamuwa,2.0,25845.0,LK91,108.0,0.8274386000000001,0.7821766166666667,105.43896833333334
2019-09-01,2019-09,September,Trincomalee,Eastern,2.0,25834.0,LK53,83.0,0.6539413500000001,0.67273578,97.39193
2019-09-01,2019-09,September,Vavuniya,Northern,2.0,25843.0,LK43,65.0,0.70169331,0.7114957333333334,98.69475166666666
2019-10-01,2019-10,October,Ampara,Eastern,2.0,25832.0,LK52,147.0,0.7114022333333333,0.6726984566666667,105.36260333333333
2019-10-01,2019-10,October,Anuradhapura,North Central,2.0,25835.0,LK71,235.0,0.7456273666666666,0.7050825566666666,105.37933333333332
2019-10-01,2019-10,October,Badulla,Uva,2.0,25849.0,LK81,94.0,0.7678347333333333,0.73642772,103.99476333333332
2019-10-01,2019-10,October,Batticaloa,Eastern,2.0,25833.0,LK51,82.0,0.6294914233333334,0.58577872,106.89464666666667
2019-10-01,2019-10,October,Colombo,Western,2.0,25851.0,LK11,23.0,0.6953738866666667,0.6993316900000001,99.47186033333332
2019-10-01,2019-10,October,Galle,Southern,2.0,25846.0,LK31,54.0,0.8233795866666668,0.80463834,102.19329333333333
2019-10-01,2019-10,October,Gampaha,Western,2.0,25852.0,LK12,47.0,0.7642063666666666,0.7456929666666667,102.32840499999999
2019-10-01,2019-10,October,Hambantota,Southern,2.0,25847.0,LK33,85.0,0.7563787999999999,0.67526712,111.22924166666667
2019-10-01,2019-10,October,Jaffna,Northern,2.0,25839.0,LK41,31.0,0.60491503,0.53861731,111.28079466666667
2019-10-01,2019-10,October,Kalutara,Western,2.0,25853.0,LK13,52.0,0.8082416033333333,0.7947389133333332,101.59863966666667
2019-10-01,2019-10,October,Kandy,Central,2.0,41748.0,LK21,60.0,0.8081183200000001,0.7867203666666667,102.55782166666665
2019-10-01,2019-10,October,Kegalle,Sabaragamuwa,2.0,25844.0,LK92,55.0,0.8405084433333334,0.8250890333333333,101.76217666666666
2019-10-01,2019-10,October,Kilinochchi,Northern,2.0,25840.0,LK45,41.0,0.5955991666666667,0.5664579066666667,104.68864
2019-10-01,2019-10,October,Kurunegala,North Western,2.0,25837.0,LK61,158.0,0.7799510166666667,0.7316796600000001,106.19983
2019-10-01,2019-10,October,Mannar,Northern,2.0,25841.0,LK42,65.0,0.6831014999999999,0.6693824666666667,101.90027666666667
2019-10-01,2019-10,October,Matale,Central,2.0,25830.0,LK22,67.0,0.7838422399999999,0.7646746466666666,102.355308
2019-10-01,2019-10,October,Matara,Southern,2.0,25848.0,LK32,39.0,0.8203136433333333,0.8024033333333334,102.10203333333334
2019-10-01,2019-10,October,Monaragala,Uva,2.0,25850.0,LK82,186.0,0.7636966,0.7241691666666666,105.11525
2019-10-01,2019-10,October,Mullaitivu,Northern,2.0,25842.0,LK44,85.0,0.7408352800000001,0.7338299833333334,100.88775666666668
2019-10-01,2019-10,October,Nuwara Eliya,Central,2.0,41749.0,LK23,58.0,0.7919827333333332,0.7775780666666666,101.74010666666668
2019-10-01,2019-10,October,Polonnaruwa,North Central,2.0,25836.0,LK72,116.0,0.7299979733333334,0.6956889,104.59668666666666
2019-10-01,2019-10,October,Puttalam,North Western,2.0,25838.0,LK62,107.0,0.75302148,0.6856798166666667,109.19041133333333
2019-10-01,2019-10,October,Ratnapura,Sabaragamuwa,2.0,25845.0,LK91,108.0,0.8315478466666667,0.7957741733333333,104.23362000000002
2019-10-01,2019-10,October,Trincomalee,Eastern,2.0,25834.0,LK53,83.0,0.71156786,0.7037558566666666,101.02940000000001
2019-10-01,2019-10,October,Vavuniya,Northern,2.0,25843.0,LK43,65.0,0.7715810099999999,0.7542895333333334,102.14758833333333
2019-11-01,2019-11,November,Ampara,Eastern,2.0,25832.0,LK52,147.0,0.75624692,0.73024149,103.34427999999998
2019-11-01,2019-11,November,Anuradhapura,North Central,2.0,25835.0,LK71,235.0,0.77733544,0.75418649,102.88535999999999
2019-11-01,2019-11,November,Badulla,Uva,2.0,25849.0,LK81,94.0,0.7930691,0.7692643666666666,102.90881833333333
2019-11-01,2019-11,November,Batticaloa,Eastern,2.0,25833.0,LK51,82.0,0.6908617666666667,0.6684093433333334,103.15695
2019-11-01,2019-11,November,Colombo,Western,2.0,25851.0,LK11,23.0,0.6944695533333333,0.6999362000000001,99.27099166666666
2019-11-01,2019-11,November,Galle,Southern,2.0,25846.0,LK31,54.0,0.8251289666666667,0.8110670066666666,101.63328533333333
2019-11-01,2019-11,November,Gampaha,Western,2.0,25852.0,LK12,47.0,0.7689921666666667,0.7596452866666666,101.15513666666668
2019-11-01,2019-11,November,Hambantota,Southern,2.0,25847.0,LK33,85.0,0.7719709466666668,0.7371608566666668,104.44349833333332
2019-11-01,2019-11,November,Jaffna,Northern,2.0,25839.0,LK41,31.0,0.6532849466666667,0.6011712133333333,108.02684800000002
2019-11-01,2019-11,November,Kalutara,Western,2.0,25853.0,LK13,52.0,0.8092140566666667,0.7982270133333333,101.29530666666666
2019-11-01,2019-11,November,Kandy,Central,2.0,41748.0,LK21,60.0,0.8176983166666667,0.8012197633333334,101.93658
2019-11-01,2019-11,November,Kegalle,Sabaragamuwa,2.0,25844.0,LK92,55.0,0.8388672333333332,0.82791171,101.24792666666667
2019-11-01,2019-11,November,Kilinochchi,Northern,2.0,25840.0,LK45,41.0,0.6898918333333333,0.6432878833333334,106.729168
2019-11-01,2019-11,November,Kurunegala,North Western,2.0,25837.0,LK61,158.0,0.7912200033333333,0.7751060133333333,101.95929333333333
2019-11-01,2019-11,November,Mannar,Northern,2.0,25841.0,LK42,65.0,0.7378410033333332,0.7253331,101.61484666666666
2019-11-01,2019-11,November,Matale,Central,2.0,25830.0,LK22,67.0,0.8044955000000001,0.7938021000000001,101.26856500000001
2019-11-01,2019-11,November,Matara,Southern,2.0,25848.0,LK32,39.0,0.82467433,0.81549072,101.06228866666667
2019-11-01,2019-11,November,Monaragala,Uva,2.0,25850.0,LK82,186.0,0.8000694999999999,0.77563148,102.96666333333333
2019-11-01,2019-11,November,Mullaitivu,Northern,2.0,25842.0,LK44,85.0,0.7750454800000001,0.7649793100000001,101.23642
2019-11-01,2019-11,November,Nuwara Eliya,Central,2.0,41749.0,LK23,58.0,0.80862354,0.7932364766666667,101.82478166666665
2019-11-01,2019-11,November,Polonnaruwa,North Central,2.0,25836.0,LK72,116.0,0.7557436666666666,0.7374111633333333,102.33597333333334
2019-11-01,2019-11,November,Puttalam,North Western,2.0,25838.0,LK62,107.0,0.76818379,0.7389796133333334,103.71482333333331
2019-11-01,2019-11,November,Ratnapura,Sabaragamuwa,2.0,25845.0,LK91,108.0,0.83223948,0.8127910133333334,102.25555666666666
2019-11-01,2019-11,November,Trincomalee,Eastern,2.0,25834.0,LK53,83.0,0.7463449566666668,0.7405627566666667,100.73488533333334
2019-11-01,2019-11,November,Vavuniya,Northern,2.0,25843.0,LK43,65.0,0.8056486966666666,0.7915826566666667,101.672803
2019-12-01,2019-12,December,Ampara,Eastern,2.0,25832.0,LK52,147.0,0.7884625499999999,0.7766607333333333,101.43308
2019-12-01,2019-12,December,Anuradhapura,North Central,2.0,25835.0,LK71,235.0,0.79634295,0.7848832833333333,101.37541
2019-12-01,2019-12,December,Badulla,Uva,2.0,25849.0,LK81,94.0,0.8006726666666667,0.7869486866666667,101.640812
2019-12-01,2019-12,December,Batticaloa,Eastern,2.0,25833.0,LK51,82.0,0.7346796433333335,0.7287191533333334,100.77063133333333
2019-12-01,2019-12,December,Colombo,Western,2.0,25851.0,LK11,23.0,0.6849753733333334,0.6931179466666667,98.90357999999999
2019-12-01,2019-12,December,Galle,Southern,2.0,25846.0,LK31,54.0,0.8235555333333333,0.8138152533333334,101.12761533333332
2019-12-01,2019-12,December,Gampaha,Western,2.0,25852.0,LK12,47.0,0.7686212833333333,0.7628569066666667,100.70875666666666
2019-12-01,2019-12,December,Hambantota,Southern,2.0,25847.0,LK33,85.0,0.7867239166666667,0.7700227133333333,102.03858166666667
2019-12-01,2019-12,December,Jaffna,Northern,2.0,25839.0,LK41,31.0,0.6509333333333333,0.6252972966666667,103.79722333333332
2019-12-01,2019-12,December,Kalutara,Western,2.0,25853.0,LK13,52.0,0.8078531999999999,0.7963954366666667,101.35380666666667
2019-12-01,2019-12,December,Kandy,Central,2.0,41748.0,LK21,60.0,0.8187405666666666,0.8061117200000001,101.47513666666667
2019-12-01,2019-12,December,Kegalle,Sabaragamuwa,2.0,25844.0,LK92,55.0,0.83955576,0.8268434299999999,101.44998666666667
2019-12-01,2019-12,December,Kilinochchi,Northern,2.0,25840.0,LK45,41.0,0.7231690966666666,0.6934801566666667,104.00355133333333
2019-12-01,2019-12,December,Kurunegala,North Western,2.0,25837.0,LK61,158.0,0.8149742466666666,0.8019920066666666,101.52360266666666
2019-12-01,2019-12,December,Mannar,Northern,2.0,25841.0,LK42,65.0,0.7689384433333334,0.7516517333333333,102.15521966666667
2019-12-01,2019-12,December,Matale,Central,2.0,25830.0,LK22,67.0,0.8166795800000001,0.8089373566666667,100.901745
2019-12-01,2019-12,December,Matara,Southern,2.0,25848.0,LK32,39.0,0.8288905566666666,0.8252643266666667,100.41436833333334
2019-12-01,2019-12,December,Monaragala,Uva,2.0,25850.0,LK82,186.0,0.8166471,0.8032846,101.56748666666668
2019-12-01,2019-12,December,Mullaitivu,Northern,2.0,25842.0,LK44,85.0,0.7846862433333334,0.7785315666666667,100.74298866666668
2019-12-01,2019-12,December,Nuwara Eliya,Central,2.0,41749.0,LK23,58.0,0.8149741466666667,0.7976402033333333,102.04507000000001
2019-12-01,2019-12,December,Polonnaruwa,North Central,2.0,25836.0,LK72,116.0,0.7531410866666667,0.7602516,99.12717033333332
2019-12-01,2019-12,December,Puttalam,North Western,2.0,25838.0,LK62,107.0,0.7757504333333333,0.7589746666666667,102.07376199999999
2019-12-01,2019-12,December,Ratnapura,Sabaragamuwa,2.0,25845.0,LK91,108.0,0.8319413333333333,0.81920739,101.46501533333333
2019-12-01,2019-12,December,Trincomalee,Eastern,2.0,25834.0,LK53,83.0,0.76477067,0.76396468,100.09898666666668
2019-12-01,2019-12,December,Vavuniya,Northern,2.0,25843.0,LK43,65.0,0.81224306,0.8042701600000001,100.93351333333334
2020-01-01,2020-01,January,Ampara,Eastern,2.0,25832.0,LK52,147.0,0.7788870833333333,0.7833097133333333,99.46495533333332
2020-01-01,2020-01,January,Anuradhapura,North Central,2.0,25835.0,LK71,235.0,0.7887577033333333,0.7924991,99.55282533333333
2020-01-01,2020-01,January,Badulla,Uva,2.0,25849.0,LK81,94.0,0.8022368833333333,0.7926376866666667,101.13894
2020-01-01,2020-01,January,Batticaloa,Eastern,2.0,25833.0,LK51,82.0,0.7024824966666667,0.7211823599999999,97.55786133333334
2020-01-01,2020-01,January,Colombo,Western,2.0,25851.0,LK11,23.0,0.6574057999999999,0.6720614033333333,97.96707466666668
2020-01-01,2020-01,January,Galle,Southern,2.0,25846.0,LK31,54.0,0.81395125,0.8078158633333333,100.71484666666667
2020-01-01,2020-01,January,Gampaha,Western,2.0,25852.0,LK12,47.0,0.7288581333333334,0.7362003333333332,99.05512666666668
2020-01-01,2020-01,January,Hambantota,Southern,2.0,25847.0,LK33,85.0,0.7800819166666667,0.77555122,100.54665166666666
2020-01-01,2020-01,January,Jaffna,Northern,2.0,25839.0,LK41,31.0,0.6032946,0.6014972866666667,100.26341000000001
2020-01-01,2020-01,January,Kalutara,Western,2.0,25853.0,LK13,52.0,0.7934935466666667,0.7819341033333332,101.38890333333332
2020-01-01,2020-01,January,Kandy,Central,2.0,41748.0,LK21,60.0,0.8081072233333334,0.7984849533333334,101.133232
2020-01-01,2020-01,January,Kegalle,Sabaragamuwa,2.0,25844.0,LK92,55.0,0.8206484333333334,0.8109299999999999,101.12674666666668
2020-01-01,2020-01,January,Kilinochchi,Northern,2.0,25840.0,LK45,41.0,0.65732682,0.6806254666666667,96.77533833333332
2020-01-01,2020-01,January,Kurunegala,North Western,2.0,25837.0,LK61,158.0,0.7753160133333333,0.7805691266666667,99.34681133333333
2020-01-01,2020-01,January,Mannar,Northern,2.0,25841.0,LK42,65.0,0.7623461333333333,0.7527504566666666,101.192018
2020-01-01,2020-01,January,Matale,Central,2.0,25830.0,LK22,67.0,0.8183979733333334,0.8147227899999999,100.42465666666668
2020-01-01,2020-01,January,Matara,Southern,2.0,25848.0,LK32,39.0,0.8211042466666667,0.8164981633333334,100.53147866666666
2020-01-01,2020-01,January,Monaragala,Uva,2.0,25850.0,LK82,186.0,0.8034724133333334,0.8022891,100.13660666666665
2020-01-01,2020-01,January,Mullaitivu,Northern,2.0,25842.0,LK44,85.0,0.7678105366666667,0.7719806333333333,99.48930333333334
2020-01-01,2020-01,January,Nuwara Eliya,Central,2.0,41749.0,LK23,58.0,0.8047218266666666,0.7875915333333333,102.044515
2020-01-01,2020-01,January,Polonnaruwa,North Central,2.0,25836.0,LK72,116.0,0.7863100433333333,0.7867867866666667,99.94030333333335
2020-01-01,2020-01,January,Puttalam,North Western,2.0,25838.0,LK62,107.0,0.7578953166666667,0.7442575466666667,101.713872
2020-01-01,2020-01,January,Ratnapura,Sabaragamuwa,2.0,25845.0,LK91,108.0,0.8193950233333333,0.8121014333333333,100.84492866666666
2020-01-01,2020-01,January,Trincomalee,Eastern,2.0,25834.0,LK53,83.0,0.7646718533333333,0.76624178,99.805963
2020-01-01,2020-01,January,Vavuniya,Northern,2.0,25843.0,LK43,65.0,0.7877318133333334,0.7948951333333333,99.14675833333332
2020-02-01,2020-02,February,Ampara,Eastern,2.0,25832.0,LK52,147.0,0.71945872,0.7432987,96.98284866666665
2020-02-01,2020-02,February,Anuradhapura,North Central,2.0,25835.0,LK71,235.0,0.7310131866666666,0.75761819,96.69290333333333
2020-02-01,2020-02,February,Badulla,Uva,2.0,25849.0,LK81,94.0,0.7790960666666668,0.7792860999999999,99.97411333333334
2020-02-01,2020-02,February,Batticaloa,Eastern,2.0,25833.0,LK51,82.0,0.6177052833333333,0.6692407333333333,92.80867
2020-02-01,2020-02,February,Colombo,Western,2.0,25851.0,LK11,23.0,0.6284333333333333,0.6544099333333334,96.31078866666667
2020-02-01,2020-02,February,Galle,Southern,2.0,25846.0,LK31,54.0,0.7979005666666668,0.7933937333333333,100.53417166666667
2020-02-01,2020-02,February,Gampaha,Western,2.0,25852.0,LK12,47.0,0.6696461,0.7034402433333332,95.50739933333334
2020-02-01,2020-02,February,Hambantota,Southern,2.0,25847.0,LK33,85.0,0.7278517566666668,0.7486602666666666,97.38133333333333
2020-02-01,2020-02,February,Jaffna,Northern,2.0,25839.0,LK41,31.0,0.5439537533333333,0.5498484466666667,99.01423333333332
2020-02-01,2020-02,February,Kalutara,Western,2.0,25853.0,LK13,52.0,0.7702262433333334,0.7683292866666666,100.23104000000001
2020-02-01,2020-02,February,Kandy,Central,2.0,41748.0,LK21,60.0,0.7840716466666665,0.7830002333333334,100.12692533333332
2020-02-01,2020-02,February,Kegalle,Sabaragamuwa,2.0,25844.0,LK92,55.0,0.7918066333333332,0.7953982866666666,99.57413866666667
2020-02-01,2020-02,February,Kilinochchi,Northern,2.0,25840.0,LK45,41.0,0.5678373666666666,0.62443539,91.59185666666667
2020-02-01,2020-02,February,Kurunegala,North Western,2.0,25837.0,LK61,158.0,0.6778847866666666,0.7190770733333333,94.61999200000001
2020-02-01,2020-02,February,Mannar,Northern,2.0,25841.0,LK42,65.0,0.7136399766666667,0.7307267533333333,97.80233
2020-02-01,2020-02,February,Matale,Central,2.0,25830.0,LK22,67.0,0.79104622,0.7999620333333333,98.94717333333334
2020-02-01,2020-02,February,Matara,Southern,2.0,25848.0,LK32,39.0,0.7922059766666667,0.7943172133333333,99.74755333333333
2020-02-01,2020-02,February,Monaragala,Uva,2.0,25850.0,LK82,186.0,0.7649239966666667,0.7800976533333334,98.167153
2020-02-01,2020-02,February,Mullaitivu,Northern,2.0,25842.0,LK44,85.0,0.7239305500000001,0.7505555999999999,96.66775833333334
2020-02-01,2020-02,February,Nuwara Eliya,Central,2.0,41749.0,LK23,58.0,0.7831787066666666,0.7738566566666667,101.130352
2020-02-01,2020-02,February,Polonnaruwa,North Central,2.0,25836.0,LK72,116.0,0.7739870433333333,0.7762176233333333,99.722178
2020-02-01,2020-02,February,Puttalam,North Western,2.0,25838.0,LK62,107.0,0.7095616833333334,0.7083814966666667,100.14936
2020-02-01,2020-02,February,Ratnapura,Sabaragamuwa,2.0,25845.0,LK91,108.0,0.7962966066666667,0.8001612833333334,99.54433999999999
2020-02-01,2020-02,February,Trincomalee,Eastern,2.0,25834.0,LK53,83.0,0.7132525866666667,0.73724276,96.93777499999999
2020-02-01,2020-02,February,Vavuniya,Northern,2.0,25843.0,LK43,65.0,0.7334482166666666,0.7669161,95.89457333333333
2020-03-01,2020-03,March,Ampara,Eastern,2.0,25832.0,LK52,147.0,0.6613519166666667,0.6993939033333333,94.91936466666668
2020-03-01,2020-03,March,Anuradhapura,North Central,2.0,25835.0,LK71,235.0,0.6728309,0.7122368166666666,94.82755000000002
2020-03-01,2020-03,March,Badulla,Uva,2.0,25849.0,LK81,94.0,0.74826382,0.7597539233333334,98.57979499999999
2020-03-01,2020-03,March,Batticaloa,Eastern,2.0,25833.0,LK51,82.0,0.5527377766666667,0.6270425733333332,89.01656666666666
2020-03-01,2020-03,March,Colombo,Western,2.0,25851.0,LK11,23.0,0.6249782133333334,0.6577345133333333,95.371348
2020-03-01,2020-03,March,Galle,Southern,2.0,25846.0,LK31,54.0,0.78785923,0.7874191600000001,100.0526
2020-03-01,2020-03,March,Gampaha,Western,2.0,25852.0,LK12,47.0,0.6497035533333334,0.6998973133333334,93.30706466666668
2020-03-01,2020-03,March,Hambantota,Southern,2.0,25847.0,LK33,85.0,0.6705921333333333,0.7118593333333333,94.57957499999999
2020-03-01,2020-03,March,Jaffna,Northern,2.0,25839.0,LK41,31.0,0.50093979,0.5109923333333334,98.20201333333334
2020-03-01,2020-03,March,Kalutara,Western,2.0,25853.0,LK13,52.0,0.76319101,0.77279975,98.83291666666666
2020-03-01,2020-03,March,Kandy,Central,2.0,41748.0,LK21,60.0,0.76273108,0.7727419133333333,98.78277833333334
2020-03-01,2020-03,March,Kegalle,Sabaragamuwa,2.0,25844.0,LK92,55.0,0.78443452,0.7990706866666667,98.27698199999999
2020-03-01,2020-03,March,Kilinochchi,Northern,2.0,25840.0,LK45,41.0,0.52336259,0.58135265,90.81867333333332
2020-03-01,2020-03,March,Kurunegala,North Western,2.0,25837.0,LK61,158.0,0.6312250833333333,0.6883870466666666,92.25799533333334
2020-03-01,2020-03,March,Mannar,Northern,2.0,25841.0,LK42,65.0,0.6649363833333334,0.7011477333333334,95.17486666666666
2020-03-01,2020-03,March,Matale,Central,2.0,25830.0,LK22,67.0,0.754595,0.7756171233333333,97.451992
2020-03-01,2020-03,March,Matara,Southern,2.0,25848.0,LK32,39.0,0.7696991233333333,0.7825581666666667,98.45524133333333
2020-03-01,2020-03,March,Monaragala,Uva,2.0,25850.0,LK82,186.0,0.7311800600000001,0.7631427466666666,96.06808699999999
2020-03-01,2020-03,March,Mullaitivu,Northern,2.0,25842.0,LK44,85.0,0.6869054866666667,0.7284733299999999,94.658995
2020-03-01,2020-03,March,Nuwara Eliya,Central,2.0,41749.0,LK23,58.0,0.7670597366666666,0.76845832,99.82916666666667
2020-03-01,2020-03,March,Polonnaruwa,North Central,2.0,25836.0,LK72,116.0,0.7006439366666667,0.7271072466666667,96.57661333333333
2020-03-01,2020-03,March,Puttalam,North Western,2.0,25838.0,LK62,107.0,0.6748800566666667,0.6856575333333333,98.53421533333334
2020-03-01,2020-03,March,Ratnapura,Sabaragamuwa,2.0,25845.0,LK91,108.0,0.7865283833333333,0.7967155966666667,98.79679333333333
2020-03-01,2020-03,March,Trincomalee,Eastern,2.0,25834.0,LK53,83.0,0.6478666333333333,0.6988553533333333,93.18129333333333
2020-03-01,2020-03,March,Vavuniya,Northern,2.0,25843.0,LK43,65.0,0.6930964033333332,0.7414863666666666,93.88487200000002
2020-04-01,2020-04,April,Ampara,Eastern,2.0,25832.0,LK52,147.0,0.6593033866666667,0.6831142633333332,96.75055533333334
2020-04-01,2020-04,April,Anuradhapura,North Central,2.0,25835.0,LK71,235.0,0.6801066333333333,0.71229456,95.76814766666666
2020-04-01,2020-04,April,Badulla,Uva,2.0,25849.0,LK81,94.0,0.7469609633333333,0.7551976666666667,98.97624666666667
2020-04-01,2020-04,April,Batticaloa,Eastern,2.0,25833.0,LK51,82.0,0.5425772,0.60768549,90.10270333333334
2020-04-01,2020-04,April,Colombo,Western,2.0,25851.0,LK11,23.0,0.6545202833333333,0.6772539700000001,96.86873533333333
2020-04-01,2020-04,April,Galle,Southern,2.0,25846.0,LK31,54.0,0.7978679,0.79412357,100.44275833333334
2020-04-01,2020-04,April,Gampaha,Western,2.0,25852.0,LK12,47.0,0.6857715999999999,0.7242393766666666,95.02164333333333
2020-04-01,2020-04,April,Hambantota,Southern,2.0,25847.0,LK33,85.0,0.6725744866666666,0.7008370866666667,96.23315333333333
2020-04-01,2020-04,April,Jaffna,Northern,2.0,25839.0,LK41,31.0,0.4786612833333333,0.49807874333333335,96.456982
2020-04-01,2020-04,April,Kalutara,Western,2.0,25853.0,LK13,52.0,0.7819147666666666,0.7875598333333333,99.32439
2020-04-01,2020-04,April,Kandy,Central,2.0,41748.0,LK21,60.0,0.7660060966666666,0.7766860666666666,98.70696533333334
2020-04-01,2020-04,April,Kegalle,Sabaragamuwa,2.0,25844.0,LK92,55.0,0.8072654166666666,0.8171027799999999,98.86271133333334
2020-04-01,2020-04,April,Kilinochchi,Northern,2.0,25840.0,LK45,41.0,0.528439,0.5641594166666667,94.18795
2020-04-01,2020-04,April,Kurunegala,North Western,2.0,25837.0,LK61,158.0,0.6914411466666667,0.7250464233333332,95.63047666666667
2020-04-01,2020-04,April,Mannar,Northern,2.0,25841.0,LK42,65.0,0.6521805,0.6830917666666667,95.78592166666665
2020-04-01,2020-04,April,Matale,Central,2.0,25830.0,LK22,67.0,0.7515149333333334,0.76829087,97.94881666666667
2020-04-01,2020-04,April,Matara,Southern,2.0,25848.0,LK32,39.0,0.7791068333333334,0.78895477,98.82453199999999
2020-04-01,2020-04,April,Monaragala,Uva,2.0,25850.0,LK82,186.0,0.7387955333333333,0.7644638666666667,96.84658666666667
2020-04-01,2020-04,April,Mullaitivu,Northern,2.0,25842.0,LK44,85.0,0.6830701800000001,0.714852,95.84663666666665
2020-04-01,2020-04,April,Nuwara Eliya,Central,2.0,41749.0,LK23,58.0,0.77145805,0.7739699466666666,99.69438000000001
2020-04-01,2020-04,April,Polonnaruwa,North Central,2.0,25836.0,LK72,116.0,0.6653973999999999,0.69618518,95.87651999999999
2020-04-01,2020-04,April,Puttalam,North Western,2.0,25838.0,LK62,107.0,0.69235514,0.6956772999999999,99.548408
2020-04-01,2020-04,April,Ratnapura,Sabaragamuwa,2.0,25845.0,LK91,108.0,0.8048382666666667,0.8041900966666665,100.07414333333334
2020-04-01,2020-04,April,Trincomalee,Eastern,2.0,25834.0,LK53,83.0,0.6282822966666667,0.6763330233333334,93.38705533333332
2020-04-01,2020-04,April,Vavuniya,Northern,2.0,25843.0,LK43,65.0,0.7009486933333333,0.7370928533333334,95.405425
2020-05-01,2020-05,May,Ampara,Eastern,2.0,25832.0,LK52,147.0,0.7172958666666668,0.6942442600000001,103.08880333333333
2020-05-01,2020-05,May,Anuradhapura,North Central,2.0,25835.0,LK71,235.0,0.73956666,0.72566436,101.79693999999999
2020-05-01,2020-05,May,Badulla,Uva,2.0,25849.0,LK81,94.0,0.7756074233333333,0.7554970333333334,102.49891533333334
2020-05-01,2020-05,May,Batticaloa,Eastern,2.0,25833.0,LK51,82.0,0.590687,0.6097193333333334,97.11225333333334
2020-05-01,2020-05,May,Colombo,Western,2.0,25851.0,LK11,23.0,0.68935358,0.6955265166666668,99.16925666666667
2020-05-01,2020-05,May,Galle,Southern,2.0,25846.0,LK31,54.0,0.8113604666666667,0.8004023433333334,101.28839166666667
2020-05-01,2020-05,May,Gampaha,Western,2.0,25852.0,LK12,47.0,0.74049358,0.74915808,98.90934533333332
2020-05-01,2020-05,May,Hambantota,Southern,2.0,25847.0,LK33,85.0,0.7153387999999999,0.7062601000000001,101.19996966666668
2020-05-01,2020-05,May,Jaffna,Northern,2.0,25839.0,LK41,31.0,0.48319031333333334,0.49670642333333337,97.53042333333333
2020-05-01,2020-05,May,Kalutara,Western,2.0,25853.0,LK13,52.0,0.8034621366666667,0.7966547366666666,100.80336333333332
2020-05-01,2020-05,May,Kandy,Central,2.0,41748.0,LK21,60.0,0.7925660833333333,0.7845254766666666,100.96225666666668
2020-05-01,2020-05,May,Kegalle,Sabaragamuwa,2.0,25844.0,LK92,55.0,0.8390345333333333,0.8317203266666667,100.82794999999999
2020-05-01,2020-05,May,Kilinochchi,Northern,2.0,25840.0,LK45,41.0,0.5685585333333334,0.5603386866666668,101.35091333333332
2020-05-01,2020-05,May,Kurunegala,North Western,2.0,25837.0,LK61,158.0,0.7821464133333333,0.7688743966666666,101.60928666666666
2020-05-01,2020-05,May,Mannar,Northern,2.0,25841.0,LK42,65.0,0.6750897033333333,0.67330281,100.25531333333333
2020-05-01,2020-05,May,Matale,Central,2.0,25830.0,LK22,67.0,0.7829785666666668,0.7697553166666666,101.61481833333335
2020-05-01,2020-05,May,Matara,Southern,2.0,25848.0,LK32,39.0,0.8056205066666666,0.8025984233333333,100.35270866666667
2020-05-01,2020-05,May,Monaragala,Uva,2.0,25850.0,LK82,186.0,0.7715642966666666,0.7616334866666667,101.23056700000001
2020-05-01,2020-05,May,Mullaitivu,Northern,2.0,25842.0,LK44,85.0,0.7083705666666668,0.70917131,99.89769533333333
2020-05-01,2020-05,May,Nuwara Eliya,Central,2.0,41749.0,LK23,58.0,0.7909310333333334,0.7783765833333334,101.51555
2020-05-01,2020-05,May,Polonnaruwa,North Central,2.0,25836.0,LK72,116.0,0.7229387833333334,0.6925152333333333,104.09955666666667
2020-05-01,2020-05,May,Puttalam,North Western,2.0,25838.0,LK62,107.0,0.7328582433333333,0.7109920000000001,102.87173866666666
2020-05-01,2020-05,May,Ratnapura,Sabaragamuwa,2.0,25845.0,LK91,108.0,0.8265076833333334,0.8096791900000001,101.95736466666666
2020-05-01,2020-05,May,Trincomalee,Eastern,2.0,25834.0,LK53,83.0,0.67345421,0.6749312466666666,99.79596833333333
2020-05-01,2020-05,May,Vavuniya,Northern,2.0,25843.0,LK43,65.0,0.74510512,0.73722455,101.00795533333333
2020-06-01,2020-06,June,Ampara,Eastern,2.0,25832.0,LK52,147.0,0.7457294666666666,0.69607917,106.65837833333335
2020-06-01,2020-06,June,Anuradhapura,North Central,2.0,25835.0,LK71,235.0,0.7625191333333333,0.6999913666666666,108.36017
2020-06-01,2020-06,June,Badulla,Uva,2.0,25849.0,LK81,94.0,0.7931233833333334,0.7429939533333334,106.32756666666667
2020-06-01,2020-06,June,Batticaloa,Eastern,2.0,25833.0,LK51,82.0,0.6236983399999999,0.5971564333333333,104.120028
2020-06-01,2020-06,June,Colombo,Western,2.0,25851.0,LK11,23.0,0.7112072500000001,0.7040921833333332,100.94324999999999
2020-06-01,2020-06,June,Galle,Southern,2.0,25846.0,LK31,54.0,0.8195536899999999,0.8009732366666666,102.18365666666666
2020-06-01,2020-06,June,Gampaha,Western,2.0,25852.0,LK12,47.0,0.7721999933333333,0.7584368933333333,101.70252666666666
2020-06-01,2020-06,June,Hambantota,Southern,2.0,25847.0,LK33,85.0,0.7375085866666667,0.6984099533333333,105.230565
2020-06-01,2020-06,June,Jaffna,Northern,2.0,25839.0,LK41,31.0,0.4995107366666667,0.48190153666666663,103.33453033333335
2020-06-01,2020-06,June,Kalutara,Western,2.0,25853.0,LK13,52.0,0.8185339433333333,0.7987041333333332,102.33666333333333
2020-06-01,2020-06,June,Kandy,Central,2.0,41748.0,LK21,60.0,0.8135488766666666,0.7865019333333333,103.23352166666666
2020-06-01,2020-06,June,Kegalle,Sabaragamuwa,2.0,25844.0,LK92,55.0,0.85543998,0.8373326266666666,102.04060333333332
2020-06-01,2020-06,June,Kilinochchi,Northern,2.0,25840.0,LK45,41.0,0.5916804666666667,0.5513656466666667,106.7086
2020-06-01,2020-06,June,Kurunegala,North Western,2.0,25837.0,LK61,158.0,0.8114221,0.7748695666666666,104.43344666666667
2020-06-01,2020-06,June,Mannar,Northern,2.0,25841.0,LK42,65.0,0.6890753799999999,0.6502179333333333,105.56537666666667
2020-06-01,2020-06,June,Matale,Central,2.0,25830.0,LK22,67.0,0.8004343199999999,0.7593344433333332,105.08218466666666
2020-06-01,2020-06,June,Matara,Southern,2.0,25848.0,LK32,39.0,0.82688031,0.8112293133333334,101.81698333333333
2020-06-01,2020-06,June,Monaragala,Uva,2.0,25850.0,LK82,186.0,0.7785578633333333,0.7310031866666667,106.10869466666668
2020-06-01,2020-06,June,Mullaitivu,Northern,2.0,25842.0,LK44,85.0,0.7321921533333334,0.6991408666666666,104.41665833333333
2020-06-01,2020-06,June,Nuwara Eliya,Central,2.0,41749.0,LK23,58.0,0.8002126199999999,0.7738468,103.20117733333332
2020-06-01,2020-06,June,Polonnaruwa,North Central,2.0,25836.0,LK72,116.0,0.7808994,0.6941723433333333,111.65303166666666
2020-06-01,2020-06,June,Puttalam,North Western,2.0,25838.0,LK62,107.0,0.7456052666666667,0.7017504666666667,105.84012466666667
2020-06-01,2020-06,June,Ratnapura,Sabaragamuwa,2.0,25845.0,LK91,108.0,0.8332786566666667,0.8067291666666666,103.09960999999998
2020-06-01,2020-06,June,Trincomalee,Eastern,2.0,25834.0,LK53,83.0,0.7078759066666667,0.6693011666666666,105.36568833333332
2020-06-01,2020-06,June,Vavuniya,Northern,2.0,25843.0,LK43,65.0,0.7646189433333334,0.7127846833333332,106.81199333333332
2020-07-01,2020-07,July,Ampara,Eastern,2.0,25832.0,LK52,147.0,0.7276972533333333,0.66297264,109.084408
2020-07-01,2020-07,July,Anuradhapura,North Central,2.0,25835.0,LK71,235.0,0.7593154433333332,0.66451175,113.27315866666667
2020-07-01,2020-07,July,Badulla,Uva,2.0,25849.0,LK81,94.0,0.7929446333333333,0.7170180433333333,109.90459666666668
2020-07-01,2020-07,July,Batticaloa,Eastern,2.0,25833.0,LK51,82.0,0.6147942766666666,0.5537752966666667,110.13168
2020-07-01,2020-07,July,Colombo,Western,2.0,25851.0,LK11,23.0,0.7177390933333333,0.7042327766666666,101.79086333333333
2020-07-01,2020-07,July,Galle,Southern,2.0,25846.0,LK31,54.0,0.8204524533333334,0.7963837866666666,102.84365333333334
2020-07-01,2020-07,July,Gampaha,Western,2.0,25852.0,LK12,47.0,0.77245814,0.7523134333333333,102.51042333333334
2020-07-01,2020-07,July,Hambantota,Southern,2.0,25847.0,LK33,85.0,0.7364176466666666,0.6664425666666667,109.77960866666668
2020-07-01,2020-07,July,Jaffna,Northern,2.0,25839.0,LK41,31.0,0.5211225833333334,0.46375180666666665,111.17961333333334
2020-07-01,2020-07,July,Kalutara,Western,2.0,25853.0,LK13,52.0,0.82081536,0.7950797433333333,103.045228
2020-07-01,2020-07,July,Kandy,Central,2.0,41748.0,LK21,60.0,0.82138831,0.7818825266666667,104.74958499999998
2020-07-01,2020-07,July,Kegalle,Sabaragamuwa,2.0,25844.0,LK92,55.0,0.8551545166666666,0.8361627166666666,102.14308333333334
2020-07-01,2020-07,July,Kilinochchi,Northern,2.0,25840.0,LK45,41.0,0.5818154233333334,0.5403985833333333,107.01213833333334
2020-07-01,2020-07,July,Kurunegala,North Western,2.0,25837.0,LK61,158.0,0.7905337333333332,0.7443222666666666,105.82492333333333
2020-07-01,2020-07,July,Mannar,Northern,2.0,25841.0,LK42,65.0,0.6881102466666666,0.62472038,109.39954466666667
2020-07-01,2020-07,July,Matale,Central,2.0,25830.0,LK22,67.0,0.8026940000000001,0.7411886500000001,107.77735
2020-07-01,2020-07,July,Matara,Southern,2.0,25848.0,LK32,39.0,0.8341222300000001,0.8077109,103.07976133333334
2020-07-01,2020-07,July,Monaragala,Uva,2.0,25850.0,LK82,186.0,0.7669956833333332,0.6853212933333334,111.11935633333333
2020-07-01,2020-07,July,Mullaitivu,Northern,2.0,25842.0,LK44,85.0,0.7371321166666668,0.6886919566666667,106.557348
2020-07-01,2020-07,July,Nuwara Eliya,Central,2.0,41749.0,LK23,58.0,0.7990217999999999,0.7643455466666667,104.25863533333332
2020-07-01,2020-07,July,Polonnaruwa,North Central,2.0,25836.0,LK72,116.0,0.7795197966666668,0.6896422566666667,112.14873499999999
2020-07-01,2020-07,July,Puttalam,North Western,2.0,25838.0,LK62,107.0,0.7306691666666666,0.6679628466666667,108.74948533333334
2020-07-01,2020-07,July,Ratnapura,Sabaragamuwa,2.0,25845.0,LK91,108.0,0.8330030366666668,0.7948234166666667,104.52081533333335
2020-07-01,2020-07,July,Trincomalee,Eastern,2.0,25834.0,LK53,83.0,0.7013208733333333,0.6580614966666667,106.10846199999999
2020-07-01,2020-07,July,Vavuniya,Northern,2.0,25843.0,LK43,65.0,0.7664712766666666,0.68687702,110.80314366666666
2020-08-01,2020-08,August,Ampara,Eastern,2.0,25832.0,LK52,147.0,0.6857022533333333,0.6297521233333333,108.22637333333334
2020-08-01,2020-08,August,Anuradhapura,North Central,2.0,25835.0,LK71,235.0,0.72570283,0.6509886466666667,110.65753666666667
2020-08-01,2020-08,August,Badulla,Uva,2.0,25849.0,LK81,94.0,0.7710872266666667,0.7010389,109.32486533333334
2020-08-01,2020-08,August,Batticaloa,Eastern,2.0,25833.0,LK51,82.0,0.58946342,0.5290863866666666,110.42400666666667
2020-08-01,2020-08,August,Colombo,Western,2.0,25851.0,LK11,23.0,0.7045579466666666,0.6977320533333332,100.91206199999999
2020-08-01,2020-08,August,Galle,Southern,2.0,25846.0,LK31,54.0,0.81076477,0.79401784,101.98421333333333
2020-08-01,2020-08,August,Gampaha,Western,2.0,25852.0,LK12,47.0,0.7542787,0.7410126333333333,101.676468
2020-08-01,2020-08,August,Hambantota,Southern,2.0,25847.0,LK33,85.0,0.70710978,0.6358906333333333,110.37783333333334
2020-08-01,2020-08,August,Jaffna,Northern,2.0,25839.0,LK41,31.0,0.5304784766666667,0.46041914,113.72831333333333
2020-08-01,2020-08,August,Kalutara,Western,2.0,25853.0,LK13,52.0,0.8077602233333333,0.7902804933333334,102.07990333333333
2020-08-01,2020-08,August,Kandy,Central,2.0,41748.0,LK21,60.0,0.8175838799999999,0.7761413999999999,105.01625
2020-08-01,2020-08,August,Kegalle,Sabaragamuwa,2.0,25844.0,LK92,55.0,0.8445727533333334,0.83049366,101.59868
2020-08-01,2020-08,August,Kilinochchi,Northern,2.0,25840.0,LK45,41.0,0.5557885966666666,0.5262446000000001,105.124632
2020-08-01,2020-08,August,Kurunegala,North Western,2.0,25837.0,LK61,158.0,0.7576550133333333,0.7056622866666666,106.88123533333334
2020-08-01,2020-08,August,Mannar,Northern,2.0,25841.0,LK42,65.0,0.6752543366666667,0.6115338466666667,109.63188333333333
2020-08-01,2020-08,August,Matale,Central,2.0,25830.0,LK22,67.0,0.7885521999999999,0.72781648,107.807368
2020-08-01,2020-08,August,Matara,Southern,2.0,25848.0,LK32,39.0,0.8246718,0.7997613100000001,102.93078333333334
2020-08-01,2020-08,August,Monaragala,Uva,2.0,25850.0,LK82,186.0,0.7376378,0.6643590033333333,110.25673
2020-08-01,2020-08,August,Mullaitivu,Northern,2.0,25842.0,LK44,85.0,0.7183615533333333,0.6894681,103.91029666666667
2020-08-01,2020-08,August,Nuwara Eliya,Central,2.0,41749.0,LK23,58.0,0.7970729566666667,0.7604915800000001,104.51348
2020-08-01,2020-08,August,Polonnaruwa,North Central,2.0,25836.0,LK72,116.0,0.7141376133333334,0.6756234133333333,105.29289
2020-08-01,2020-08,August,Puttalam,North Western,2.0,25838.0,LK62,107.0,0.7103342333333332,0.6345897133333334,111.06631666666668
2020-08-01,2020-08,August,Ratnapura,Sabaragamuwa,2.0,25845.0,LK91,108.0,0.8231688233333333,0.7835099900000001,104.757625
2020-08-01,2020-08,August,Trincomalee,Eastern,2.0,25834.0,LK53,83.0,0.6661698333333333,0.6609511433333334,100.73826666666666
2020-08-01,2020-08,August,Vavuniya,Northern,2.0,25843.0,LK43,65.0,0.7441789833333333,0.6878702466666667,107.64025333333332
2020-09-01,2020-09,September,Ampara,Eastern,2.0,25832.0,LK52,147.0,0.66509001,0.6329594333333334,104.71868666666667
2020-09-01,2020-09,September,Anuradhapura,North Central,2.0,25835.0,LK71,235.0,0.6851964233333333,0.6619698366666666,103.28352666666666
2020-09-01,2020-09,September,Badulla,Uva,2.0,25849.0,LK81,94.0,0.7482194833333334,0.7060127666666668,105.59177666666666
2020-09-01,2020-09,September,Batticaloa,Eastern,2.0,25833.0,LK51,82.0,0.56054227,0.5397494566666667,103.55512533333335
2020-09-01,2020-09,September,Colombo,Western,2.0,25851.0,LK11,23.0,0.69401882,0.6961392833333333,99.71590666666667
2020-09-01,2020-09,September,Galle,Southern,2.0,25846.0,LK31,54.0,0.8094512233333333,0.7968295466666667,101.49048866666668
2020-09-01,2020-09,September,Gampaha,Western,2.0,25852.0,LK12,47.0,0.7485616799999999,0.7382961266666667,101.30232033333334
2020-09-01,2020-09,September,Hambantota,Southern,2.0,25847.0,LK33,85.0,0.6801552766666666,0.63163102,107.125668
2020-09-01,2020-09,September,Jaffna,Northern,2.0,25839.0,LK41,31.0,0.5372612566666667,0.4845341333333333,109.88894166666667
2020-09-01,2020-09,September,Kalutara,Western,2.0,25853.0,LK13,52.0,0.8012768833333332,0.79020558,101.31777666666666
2020-09-01,2020-09,September,Kandy,Central,2.0,41748.0,LK21,60.0,0.8110272033333333,0.77577225,104.27001333333334
2020-09-01,2020-09,September,Kegalle,Sabaragamuwa,2.0,25844.0,LK92,55.0,0.8372314800000001,0.82574345,101.31181166666666
2020-09-01,2020-09,September,Kilinochchi,Northern,2.0,25840.0,LK45,41.0,0.5399487500000001,0.52585062,102.458005
2020-09-01,2020-09,September,Kurunegala,North Western,2.0,25837.0,LK61,158.0,0.7522554833333333,0.7007411133333333,106.86312833333334
2020-09-01,2020-09,September,Mannar,Northern,2.0,25841.0,LK42,65.0,0.6701435866666667,0.62242828,107.11046333333333
2020-09-01,2020-09,September,Matale,Central,2.0,25830.0,LK22,67.0,0.7697352999999999,0.73437527,104.51585666666666
2020-09-01,2020-09,September,Matara,Southern,2.0,25848.0,LK32,39.0,0.8123196133333334,0.7964650633333333,101.873085
2020-09-01,2020-09,September,Monaragala,Uva,2.0,25850.0,LK82,186.0,0.71479101,0.67865846,104.97699666666666
2020-09-01,2020-09,September,Mullaitivu,Northern,2.0,25842.0,LK44,85.0,0.70062114,0.7039018433333334,99.574118
2020-09-01,2020-09,September,Nuwara Eliya,Central,2.0,41749.0,LK23,58.0,0.7957856,0.7645634333333334,103.83418999999999
2020-09-01,2020-09,September,Polonnaruwa,North Central,2.0,25836.0,LK72,116.0,0.6629373,0.66211692,100.118433
2020-09-01,2020-09,September,Puttalam,North Western,2.0,25838.0,LK62,107.0,0.7049411166666667,0.6389632333333334,109.58976666666668
2020-09-01,2020-09,September,Ratnapura,Sabaragamuwa,2.0,25845.0,LK91,108.0,0.8132638666666666,0.7821766166666667,103.73648800000001
2020-09-01,2020-09,September,Trincomalee,Eastern,2.0,25834.0,LK53,83.0,0.6525140466666667,0.67273578,97.20817699999999
2020-09-01,2020-09,September,Vavuniya,Northern,2.0,25843.0,LK43,65.0,0.7141825533333334,0.7114957333333334,100.37680666666667
2020-10-01,2020-10,October,Ampara,Eastern,2.0,25832.0,LK52,147.0,0.6611396433333333,0.6726984566666667,98.42927666666667
2020-10-01,2020-10,October,Anuradhapura,North Central,2.0,25835.0,LK71,235.0,0.6698324466666667,0.7050825566666666,95.36247333333334
2020-10-01,2020-10,October,Badulla,Uva,2.0,25849.0,LK81,94.0,0.7359953833333334,0.73642772,99.96284333333334
2020-10-01,2020-10,October,Batticaloa,Eastern,2.0,25833.0,LK51,82.0,0.5575459333333334,0.58577872,95.59435
2020-10-01,2020-10,October,Colombo,Western,2.0,25851.0,LK11,23.0,0.6945811666666666,0.6993316900000001,99.36604666666666
2020-10-01,2020-10,October,Galle,Southern,2.0,25846.0,LK31,54.0,0.81316047,0.80463834,100.997885
2020-10-01,2020-10,October,Gampaha,Western,2.0,25852.0,LK12,47.0,0.7499908,0.7456929666666667,100.54110833333334
2020-10-01,2020-10,October,Hambantota,Southern,2.0,25847.0,LK33,85.0,0.68924195,0.67526712,101.968788
2020-10-01,2020-10,October,Jaffna,Northern,2.0,25839.0,LK41,31.0,0.5659128999999999,0.53861731,104.68396333333334
2020-10-01,2020-10,October,Kalutara,Western,2.0,25853.0,LK13,52.0,0.80193585,0.7947389133333332,100.85221333333334
2020-10-01,2020-10,October,Kandy,Central,2.0,41748.0,LK21,60.0,0.8057527466666666,0.7867203666666667,102.27738666666666
2020-10-01,2020-10,October,Kegalle,Sabaragamuwa,2.0,25844.0,LK92,55.0,0.8374175166666666,0.8250890333333333,101.40879333333334
2020-10-01,2020-10,October,Kilinochchi,Northern,2.0,25840.0,LK45,41.0,0.5479113766666667,0.5664579066666667,97.02876299999998
2020-10-01,2020-10,October,Kurunegala,North Western,2.0,25837.0,LK61,158.0,0.7635428133333333,0.7316796600000001,104.09285466666667
2020-10-01,2020-10,October,Mannar,Northern,2.0,25841.0,LK42,65.0,0.6735625533333334,0.6693824666666667,100.62401799999999
2020-10-01,2020-10,October,Matale,Central,2.0,25830.0,LK22,67.0,0.7638701133333333,0.7646746466666666,99.91505133333334
2020-10-01,2020-10,October,Matara,Southern,2.0,25848.0,LK32,39.0,0.8125521,0.8024033333333334,101.19127333333334
2020-10-01,2020-10,October,Monaragala,Uva,2.0,25850.0,LK82,186.0,0.7210055466666666,0.7241691666666666,99.61317133333334
2020-10-01,2020-10,October,Mullaitivu,Northern,2.0,25842.0,LK44,85.0,0.7058023666666666,0.7338299833333334,96.42924133333334
2020-10-01,2020-10,October,Nuwara Eliya,Central,2.0,41749.0,LK23,58.0,0.7939735433333334,0.7775780666666666,101.98381166666667
2020-10-01,2020-10,October,Polonnaruwa,North Central,2.0,25836.0,LK72,116.0,0.6485422333333334,0.6956889,93.70120666666666
2020-10-01,2020-10,October,Puttalam,North Western,2.0,25838.0,LK62,107.0,0.7102408066666667,0.6856798166666667,103.37942466666668
2020-10-01,2020-10,October,Ratnapura,Sabaragamuwa,2.0,25845.0,LK91,108.0,0.8094129333333333,0.7957741733333333,101.61649333333334
2020-10-01,2020-10,October,Trincomalee,Eastern,2.0,25834.0,LK53,83.0,0.65644497,0.7037558566666666,93.73254000000001
2020-10-01,2020-10,October,Vavuniya,Northern,2.0,25843.0,LK43,65.0,0.71196562,0.7542895333333334,94.749035
2020-11-01,2020-11,November,Ampara,Eastern,2.0,25832.0,LK52,147.0,0.7136161033333334,0.73024149,97.85155533333334
2020-11-01,2020-11,November,Anuradhapura,North Central,2.0,25835.0,LK71,235.0,0.7123970033333333,0.75418649,94.79274199999999
2020-11-01,2020-11,November,Badulla,Uva,2.0,25849.0,LK81,94.0,0.7560989166666667,0.7692643666666666,98.39044466666667
2020-11-01,2020-11,November,Batticaloa,Eastern,2.0,25833.0,LK51,82.0,0.6467833166666667,0.6684093433333334,96.94132333333334
2020-11-01,2020-11,November,Colombo,Western,2.0,25851.0,LK11,23.0,0.6981159233333334,0.6999362000000001,99.75747533333333
2020-11-01,2020-11,November,Galle,Southern,2.0,25846.0,LK31,54.0,0.81293331,0.8110670066666666,100.216858
2020-11-01,2020-11,November,Gampaha,Western,2.0,25852.0,LK12,47.0,0.7624354333333333,0.7596452866666666,100.344198
2020-11-01,2020-11,November,Hambantota,Southern,2.0,25847.0,LK33,85.0,0.7238270466666666,0.7371608566666668,98.30909866666667
2020-11-01,2020-11,November,Jaffna,Northern,2.0,25839.0,LK41,31.0,0.6057225733333333,0.6011712133333333,100.70769633333333
2020-11-01,2020-11,November,Kalutara,Western,2.0,25853.0,LK13,52.0,0.8058063999999999,0.7982270133333333,100.89348666666666
2020-11-01,2020-11,November,Kandy,Central,2.0,41748.0,LK21,60.0,0.8110922166666666,0.8012197633333334,101.16008
2020-11-01,2020-11,November,Kegalle,Sabaragamuwa,2.0,25844.0,LK92,55.0,0.8420532999999999,0.82791171,101.61081200000001
2020-11-01,2020-11,November,Kilinochchi,Northern,2.0,25840.0,LK45,41.0,0.6166048666666667,0.6432878833333334,96.12968000000001
2020-11-01,2020-11,November,Kurunegala,North Western,2.0,25837.0,LK61,158.0,0.7829223433333333,0.7751060133333333,100.95439133333332
2020-11-01,2020-11,November,Mannar,Northern,2.0,25841.0,LK42,65.0,0.70606561,0.7253331,97.51422000000001
2020-11-01,2020-11,November,Matale,Central,2.0,25830.0,LK22,67.0,0.7802601333333333,0.7938021000000001,98.39402333333334
2020-11-01,2020-11,November,Matara,Southern,2.0,25848.0,LK32,39.0,0.8198136233333333,0.81549072,100.50009666666666
2020-11-01,2020-11,November,Monaragala,Uva,2.0,25850.0,LK82,186.0,0.7621293633333334,0.77563148,98.36154
2020-11-01,2020-11,November,Mullaitivu,Northern,2.0,25842.0,LK44,85.0,0.74071725,0.7649793100000001,97.01861333333333
2020-11-01,2020-11,November,Nuwara Eliya,Central,2.0,41749.0,LK23,58.0,0.8016419133333333,0.7932364766666667,100.997012
2020-11-01,2020-11,November,Polonnaruwa,North Central,2.0,25836.0,LK72,116.0,0.7074218333333334,0.7374111633333333,96.17364666666667
2020-11-01,2020-11,November,Puttalam,North Western,2.0,25838.0,LK62,107.0,0.7367909466666666,0.7389796133333334,99.72442666666666
2020-11-01,2020-11,November,Ratnapura,Sabaragamuwa,2.0,25845.0,LK91,108.0,0.8146138866666667,0.8127910133333334,100.21170333333333
2020-11-01,2020-11,November,Trincomalee,Eastern,2.0,25834.0,LK53,83.0,0.7023630533333334,0.7405627566666667,95.15551666666666
2020-11-01,2020-11,November,Vavuniya,Northern,2.0,25843.0,LK43,65.0,0.7586461433333334,0.7915826566666667,96.07841466666667
2020-12-01,2020-12,December,Ampara,Eastern,2.0,25832.0,LK52,147.0,0.7856664200000001,0.7766607333333333,101.082588
2020-12-01,2020-12,December,Anuradhapura,North Central,2.0,25835.0,LK71,235.0,0.7725914433333333,0.7848832833333333,98.518717
2020-12-01,2020-12,December,Badulla,Uva,2.0,25849.0,LK81,94.0,0.7917595333333334,0.7869486866666667,100.57173
2020-12-01,2020-12,December,Batticaloa,Eastern,2.0,25833.0,LK51,82.0,0.7378857533333333,0.7287191533333334,101.17221466666666
2020-12-01,2020-12,December,Colombo,Western,2.0,25851.0,LK11,23.0,0.6999159333333335,0.6931179466666667,100.91658666666667
2020-12-01,2020-12,December,Galle,Southern,2.0,25846.0,LK31,54.0,0.8190950666666668,0.8138152533333334,100.61113
2020-12-01,2020-12,December,Gampaha,Western,2.0,25852.0,LK12,47.0,0.7696716166666667,0.7628569066666667,100.83880333333333
2020-12-01,2020-12,December,Hambantota,Southern,2.0,25847.0,LK33,85.0,0.7664713333333334,0.7700227133333333,99.561798
2020-12-01,2020-12,December,Jaffna,Northern,2.0,25839.0,LK41,31.0,0.6269881533333334,0.6252972966666667,100.25038033333333
2020-12-01,2020-12,December,Kalutara,Western,2.0,25853.0,LK13,52.0,0.8134237166666667,0.7963954366666667,102.01263999999999
2020-12-01,2020-12,December,Kandy,Central,2.0,41748.0,LK21,60.0,0.8167260833333333,0.8061117200000001,101.23985666666665
2020-12-01,2020-12,December,Kegalle,Sabaragamuwa,2.0,25844.0,LK92,55.0,0.8392830333333334,0.8268434299999999,101.41856033333333
2020-12-01,2020-12,December,Kilinochchi,Northern,2.0,25840.0,LK45,41.0,0.6915292533333334,0.6934801566666667,99.72910666666667
2020-12-01,2020-12,December,Kurunegala,North Western,2.0,25837.0,LK61,158.0,0.8017208533333333,0.8019920066666666,99.968118
2020-12-01,2020-12,December,Mannar,Northern,2.0,25841.0,LK42,65.0,0.74482102,0.7516517333333333,99.144235
2020-12-01,2020-12,December,Matale,Central,2.0,25830.0,LK22,67.0,0.80511292,0.8089373566666667,99.55313333333334
2020-12-01,2020-12,December,Matara,Southern,2.0,25848.0,LK32,39.0,0.8299863133333334,0.8252643266666667,100.53928833333333
2020-12-01,2020-12,December,Monaragala,Uva,2.0,25850.0,LK82,186.0,0.8016189766666667,0.8032846,99.80238000000001
2020-12-01,2020-12,December,Mullaitivu,Northern,2.0,25842.0,LK44,85.0,0.7720039,0.7785315666666667,99.21132499999999
2020-12-01,2020-12,December,Nuwara Eliya,Central,2.0,41749.0,LK23,58.0,0.8081723866666667,0.7976402033333333,101.24271
2020-12-01,2020-12,December,Polonnaruwa,North Central,2.0,25836.0,LK72,116.0,0.7897163433333333,0.7602516,103.62494866666667
2020-12-01,2020-12,December,Puttalam,North Western,2.0,25838.0,LK62,107.0,0.7658417333333333,0.7589746666666667,100.84817966666667
2020-12-01,2020-12,December,Ratnapura,Sabaragamuwa,2.0,25845.0,LK91,108.0,0.82471727,0.81920739,100.63387999999999
2020-12-01,2020-12,December,Trincomalee,Eastern,2.0,25834.0,LK53,83.0,0.759408,0.76396468,99.43515833333333
2020-12-01,2020-12,December,Vavuniya,Northern,2.0,25843.0,LK43,65.0,0.8012389600000001,0.8042701600000001,99.64432
2021-01-01,2021-01,January,Ampara,Eastern,2.0,25832.0,LK52,147.0,0.7974512466666667,0.7833097133333333,101.69544833333333
2021-01-01,2021-01,January,Anuradhapura,North Central,2.0,25835.0,LK71,235.0,0.8060591566666666,0.7924991,101.61145666666665
2021-01-01,2021-01,January,Badulla,Uva,2.0,25849.0,LK81,94.0,0.8114765666666667,0.7926376866666667,102.23591833333334
2021-01-01,2021-01,January,Batticaloa,Eastern,2.0,25833.0,LK51,82.0,0.7219902333333333,0.7211823599999999,100.09315
2021-01-01,2021-01,January,Colombo,Western,2.0,25851.0,LK11,23.0,0.6830173766666666,0.6720614033333333,101.51530333333334
2021-01-01,2021-01,January,Galle,Southern,2.0,25846.0,LK31,54.0,0.8270018333333334,0.8078158633333333,102.23825133333334
2021-01-01,2021-01,January,Gampaha,Western,2.0,25852.0,LK12,47.0,0.7458985633333333,0.7362003333333332,101.23337
2021-01-01,2021-01,January,Hambantota,Southern,2.0,25847.0,LK33,85.0,0.79359841,0.77555122,102.18674533333332
2021-01-01,2021-01,January,Jaffna,Northern,2.0,25839.0,LK41,31.0,0.6142967633333333,0.6014972866666667,101.97593866666666
2021-01-01,2021-01,January,Kalutara,Western,2.0,25853.0,LK13,52.0,0.8083916033333334,0.7819341033333332,103.18030800000001
2021-01-01,2021-01,January,Kandy,Central,2.0,41748.0,LK21,60.0,0.8156355300000001,0.7984849533333334,102.02234666666668
2021-01-01,2021-01,January,Kegalle,Sabaragamuwa,2.0,25844.0,LK92,55.0,0.8246829999999999,0.8109299999999999,101.59799333333335
2021-01-01,2021-01,January,Kilinochchi,Northern,2.0,25840.0,LK45,41.0,0.6963390066666667,0.6806254666666667,102.15130333333333
2021-01-01,2021-01,January,Kurunegala,North Western,2.0,25837.0,LK61,158.0,0.78952212,0.7805691266666667,101.08363866666667
2021-01-01,2021-01,January,Mannar,Northern,2.0,25841.0,LK42,65.0,0.7690205166666667,0.7527504566666666,102.02903666666667
2021-01-01,2021-01,January,Matale,Central,2.0,25830.0,LK22,67.0,0.82124424,0.8147227899999999,100.75436666666667
2021-01-01,2021-01,January,Matara,Southern,2.0,25848.0,LK32,39.0,0.8328999899999999,0.8164981633333334,101.89515666666667
2021-01-01,2021-01,January,Monaragala,Uva,2.0,25850.0,LK82,186.0,0.8173998,0.8022891,101.77505466666666
2021-01-01,2021-01,January,Mullaitivu,Northern,2.0,25842.0,LK44,85.0,0.7740819566666666,0.7719806333333333,100.25526833333333
2021-01-01,2021-01,January,Nuwara Eliya,Central,2.0,41749.0,LK23,58.0,0.8055672033333333,0.7875915333333333,102.14729166666666
2021-01-01,2021-01,January,Polonnaruwa,North Central,2.0,25836.0,LK72,116.0,0.81619565,0.7867867866666667,103.519605
2021-01-01,2021-01,January,Puttalam,North Western,2.0,25838.0,LK62,107.0,0.7666573,0.7442575466666667,102.82371166666667
2021-01-01,2021-01,January,Ratnapura,Sabaragamuwa,2.0,25845.0,LK91,108.0,0.8313299233333332,0.8121014333333333,102.23176466666666
2021-01-01,2021-01,January,Trincomalee,Eastern,2.0,25834.0,LK53,83.0,0.77203694,0.76624178,100.70845000000001
2021-01-01,2021-01,January,Vavuniya,Northern,2.0,25843.0,LK43,65.0,0.8033133333333332,0.7948951333333333,100.99590133333334
2021-02-01,2021-02,February,Ampara,Eastern,2.0,25832.0,LK52,147.0,0.7464777666666667,0.7432987,100.39484133333333
2021-02-01,2021-02,February,Anuradhapura,North Central,2.0,25835.0,LK71,235.0,0.7709208466666667,0.75761819,101.64043500000001
2021-02-01,2021-02,February,Badulla,Uva,2.0,25849.0,LK81,94.0,0.79515,0.7792860999999999,101.9113
2021-02-01,2021-02,February,Batticaloa,Eastern,2.0,25833.0,LK51,82.0,0.64985568,0.6692407333333333,97.29433666666667
2021-02-01,2021-02,February,Colombo,Western,2.0,25851.0,LK11,23.0,0.65403041,0.6544099333333334,99.94470533333333
2021-02-01,2021-02,February,Galle,Southern,2.0,25846.0,LK31,54.0,0.8144962866666666,0.7933937333333333,102.501178
2021-02-01,2021-02,February,Gampaha,Western,2.0,25852.0,LK12,47.0,0.7085773,0.7034402433333332,100.68039333333333
2021-02-01,2021-02,February,Hambantota,Southern,2.0,25847.0,LK33,85.0,0.7549842866666667,0.7486602666666666,100.78339666666666
2021-02-01,2021-02,February,Jaffna,Northern,2.0,25839.0,LK41,31.0,0.56535588,0.5498484466666667,102.58293833333335
2021-02-01,2021-02,February,Kalutara,Western,2.0,25853.0,LK13,52.0,0.7852538399999999,0.7683292866666666,102.06743666666667
2021-02-01,2021-02,February,Kandy,Central,2.0,41748.0,LK21,60.0,0.8017461,0.7830002333333334,102.24998799999999
2021-02-01,2021-02,February,Kegalle,Sabaragamuwa,2.0,25844.0,LK92,55.0,0.8059981666666666,0.7953982866666666,101.25337833333333
2021-02-01,2021-02,February,Kilinochchi,Northern,2.0,25840.0,LK45,41.0,0.6217796433333334,0.62443539,99.58053333333334
2021-02-01,2021-02,February,Kurunegala,North Western,2.0,25837.0,LK61,158.0,0.7286938566666668,0.7190770733333333,101.24761433333333
2021-02-01,2021-02,February,Mannar,Northern,2.0,25841.0,LK42,65.0,0.75473588,0.7307267533333333,103.07580633333333
2021-02-01,2021-02,February,Matale,Central,2.0,25830.0,LK22,67.0,0.8050373166666667,0.7999620333333333,100.59601133333335
2021-02-01,2021-02,February,Matara,Southern,2.0,25848.0,LK32,39.0,0.8114059299999999,0.7943172133333333,102.02260000000001
2021-02-01,2021-02,February,Monaragala,Uva,2.0,25850.0,LK82,186.0,0.7984840333333333,0.7800976533333334,102.21404766666667
2021-02-01,2021-02,February,Mullaitivu,Northern,2.0,25842.0,LK44,85.0,0.7451544800000001,0.7505555999999999,99.32273633333334
2021-02-01,2021-02,February,Nuwara Eliya,Central,2.0,41749.0,LK23,58.0,0.7944683499999999,0.7738566566666667,102.50169666666666
2021-02-01,2021-02,February,Polonnaruwa,North Central,2.0,25836.0,LK72,116.0,0.76198532,0.7762176233333333,98.26165733333335
2021-02-01,2021-02,February,Puttalam,North Western,2.0,25838.0,LK62,107.0,0.7327971666666667,0.7083814966666667,103.21923
2021-02-01,2021-02,February,Ratnapura,Sabaragamuwa,2.0,25845.0,LK91,108.0,0.8212826999999999,0.8001612833333334,102.48398866666668
2021-02-01,2021-02,February,Trincomalee,Eastern,2.0,25834.0,LK53,83.0,0.7289068333333333,0.73724276,98.93583833333334
2021-02-01,2021-02,February,Vavuniya,Northern,2.0,25843.0,LK43,65.0,0.7662343333333334,0.7669161,99.91243200000001
2021-03-01,2021-03,March,Ampara,Eastern,2.0,25832.0,LK52,147.0,0.70229386,0.6993939033333333,100.39164
2021-03-01,2021-03,March,Anuradhapura,North Central,2.0,25835.0,LK71,235.0,0.7067185633333333,0.7122368166666666,99.26595999999999
2021-03-01,2021-03,March,Badulla,Uva,2.0,25849.0,LK81,94.0,0.7673609666666666,0.7597539233333334,100.93803966666667
2021-03-01,2021-03,March,Batticaloa,Eastern,2.0,25833.0,LK51,82.0,0.6059211066666667,0.6270425733333332,96.88432466666666
2021-03-01,2021-03,March,Colombo,Western,2.0,25851.0,LK11,23.0,0.6505130366666666,0.6577345133333333,98.97982366666668
2021-03-01,2021-03,March,Galle,Southern,2.0,25846.0,LK31,54.0,0.8000240166666667,0.7874191600000001,101.50534833333334
2021-03-01,2021-03,March,Gampaha,Western,2.0,25852.0,LK12,47.0,0.7007787100000001,0.6998973133333334,100.11833333333334
2021-03-01,2021-03,March,Hambantota,Southern,2.0,25847.0,LK33,85.0,0.7085219199999999,0.7118593333333333,99.561827
2021-03-01,2021-03,March,Jaffna,Northern,2.0,25839.0,LK41,31.0,0.5196967499999999,0.5109923333333334,101.54593966666665
2021-03-01,2021-03,March,Kalutara,Western,2.0,25853.0,LK13,52.0,0.7789826666666667,0.77279975,100.75234999999999
2021-03-01,2021-03,March,Kandy,Central,2.0,41748.0,LK21,60.0,0.78634612,0.7727419133333333,101.653204
2021-03-01,2021-03,March,Kegalle,Sabaragamuwa,2.0,25844.0,LK92,55.0,0.8037794133333334,0.7990706866666667,100.55533366666667
2021-03-01,2021-03,March,Kilinochchi,Northern,2.0,25840.0,LK45,41.0,0.55631055,0.58135265,96.02389666666666
2021-03-01,2021-03,March,Kurunegala,North Western,2.0,25837.0,LK61,158.0,0.6914242700000001,0.6883870466666666,100.41194666666667
2021-03-01,2021-03,March,Mannar,Northern,2.0,25841.0,LK42,65.0,0.72237125,0.7011477333333334,102.82309466666668
2021-03-01,2021-03,March,Matale,Central,2.0,25830.0,LK22,67.0,0.77777759,0.7756171233333333,100.26146999999999
2021-03-01,2021-03,March,Matara,Southern,2.0,25848.0,LK32,39.0,0.7915239233333334,0.7825581666666667,101.07663866666667
2021-03-01,2021-03,March,Monaragala,Uva,2.0,25850.0,LK82,186.0,0.7756670133333333,0.7631427466666666,101.539573
2021-03-01,2021-03,March,Mullaitivu,Northern,2.0,25842.0,LK44,85.0,0.7173854633333333,0.7284733299999999,98.57536166666667
2021-03-01,2021-03,March,Nuwara Eliya,Central,2.0,41749.0,LK23,58.0,0.78510571,0.76845832,102.03402666666666
2021-03-01,2021-03,March,Polonnaruwa,North Central,2.0,25836.0,LK72,116.0,0.6998746766666667,0.7271072466666667,96.50255466666665
2021-03-01,2021-03,March,Puttalam,North Western,2.0,25838.0,LK62,107.0,0.7094289433333333,0.6856575333333333,103.23131000000001
2021-03-01,2021-03,March,Ratnapura,Sabaragamuwa,2.0,25845.0,LK91,108.0,0.81234105,0.7967155966666667,101.84555166666667
2021-03-01,2021-03,March,Trincomalee,Eastern,2.0,25834.0,LK53,83.0,0.6879899233333333,0.6988553533333333,98.550815
2021-03-01,2021-03,March,Vavuniya,Northern,2.0,25843.0,LK43,65.0,0.7298728166666667,0.7414863666666666,98.53034533333334
2021-04-01,2021-04,April,Ampara,Eastern,2.0,25832.0,LK52,147.0,0.7064008666666667,0.6831142633333332,103.17524266666668
2021-04-01,2021-04,April,Anuradhapura,North Central,2.0,25835.0,LK71,235.0,0.7022423999999999,0.71229456,98.67442799999999
2021-04-01,2021-04,April,Badulla,Uva,2.0,25849.0,LK81,94.0,0.7620907833333334,0.7551976666666667,100.85567333333331
2021-04-01,2021-04,April,Batticaloa,Eastern,2.0,25833.0,LK51,82.0,0.6088447033333333,0.60768549,100.178975
2021-04-01,2021-04,April,Colombo,Western,2.0,25851.0,LK11,23.0,0.6751434533333334,0.6772539700000001,99.70717333333333
2021-04-01,2021-04,April,Galle,Southern,2.0,25846.0,LK31,54.0,0.8020648,0.79412357,100.94078466666667
2021-04-01,2021-04,April,Gampaha,Western,2.0,25852.0,LK12,47.0,0.7207056333333334,0.7242393766666666,99.54513133333334
2021-04-01,2021-04,April,Hambantota,Southern,2.0,25847.0,LK33,85.0,0.7030643,0.7008370866666667,100.295975
2021-04-01,2021-04,April,Jaffna,Northern,2.0,25839.0,LK41,31.0,0.50571938,0.49807874333333335,101.39427333333333
2021-04-01,2021-04,April,Kalutara,Western,2.0,25853.0,LK13,52.0,0.7933057333333333,0.7875598333333333,100.68527466666667
2021-04-01,2021-04,April,Kandy,Central,2.0,41748.0,LK21,60.0,0.7861189,0.7766860666666666,101.141007
2021-04-01,2021-04,April,Kegalle,Sabaragamuwa,2.0,25844.0,LK92,55.0,0.8192666333333333,0.8171027799999999,100.24933333333333
2021-04-01,2021-04,April,Kilinochchi,Northern,2.0,25840.0,LK45,41.0,0.5436528266666666,0.5641594166666667,96.66384333333333
2021-04-01,2021-04,April,Kurunegala,North Western,2.0,25837.0,LK61,158.0,0.7200816333333333,0.7250464233333332,99.35969533333333
2021-04-01,2021-04,April,Mannar,Northern,2.0,25841.0,LK42,65.0,0.7014215233333333,0.6830917666666667,102.50097799999999
2021-04-01,2021-04,April,Matale,Central,2.0,25830.0,LK22,67.0,0.77433381,0.76829087,100.73804833333334
2021-04-01,2021-04,April,Matara,Southern,2.0,25848.0,LK32,39.0,0.79378033,0.78895477,100.57513366666666
2021-04-01,2021-04,April,Monaragala,Uva,2.0,25850.0,LK82,186.0,0.7726896,0.7644638666666667,101.00989333333332
2021-04-01,2021-04,April,Mullaitivu,Northern,2.0,25842.0,LK44,85.0,0.7142403533333334,0.714852,99.921852
2021-04-01,2021-04,April,Nuwara Eliya,Central,2.0,41749.0,LK23,58.0,0.7879252533333334,0.7739699466666666,101.69361666666667
2021-04-01,2021-04,April,Polonnaruwa,North Central,2.0,25836.0,LK72,116.0,0.6950137666666666,0.69618518,99.84681499999999
2021-04-01,2021-04,April,Puttalam,North Western,2.0,25838.0,LK62,107.0,0.7193115,0.6956772999999999,103.16923000000001
2021-04-01,2021-04,April,Ratnapura,Sabaragamuwa,2.0,25845.0,LK91,108.0,0.8173678333333333,0.8041900966666665,101.54263866666668
2021-04-01,2021-04,April,Trincomalee,Eastern,2.0,25834.0,LK53,83.0,0.6815417533333333,0.6763330233333334,100.720078
2021-04-01,2021-04,April,Vavuniya,Northern,2.0,25843.0,LK43,65.0,0.7284845999999999,0.7370928533333334,98.90481866666666
2021-05-01,2021-05,May,Ampara,Eastern,2.0,25832.0,LK52,147.0,0.7477682333333333,0.6942442600000001,107.18796533333334
2021-05-01,2021-05,May,Anuradhapura,North Central,2.0,25835.0,LK71,235.0,0.7437290566666667,0.72566436,102.33111333333333
2021-05-01,2021-05,May,Badulla,Uva,2.0,25849.0,LK81,94.0,0.7791453833333334,0.7554970333333334,102.93726666666667
2021-05-01,2021-05,May,Batticaloa,Eastern,2.0,25833.0,LK51,82.0,0.6455178433333333,0.6097193333333334,105.42493533333334
2021-05-01,2021-05,May,Colombo,Western,2.0,25851.0,LK11,23.0,0.69629419,0.6955265166666668,100.10368166666666
2021-05-01,2021-05,May,Galle,Southern,2.0,25846.0,LK31,54.0,0.81036542,0.8004023433333334,101.17145000000001
2021-05-01,2021-05,May,Gampaha,Western,2.0,25852.0,LK12,47.0,0.7403588333333334,0.74915808,98.89981033333333
2021-05-01,2021-05,May,Hambantota,Southern,2.0,25847.0,LK33,85.0,0.71670432,0.7062601000000001,101.38093333333332
2021-05-01,2021-05,May,Jaffna,Northern,2.0,25839.0,LK41,31.0,0.5153580633333333,0.49670642333333337,103.414175
2021-05-01,2021-05,May,Kalutara,Western,2.0,25853.0,LK13,52.0,0.8080435866666665,0.7966547366666666,101.34494133333334
2021-05-01,2021-05,May,Kandy,Central,2.0,41748.0,LK21,60.0,0.7974077666666667,0.7845254766666666,101.54335533333334
2021-05-01,2021-05,May,Kegalle,Sabaragamuwa,2.0,25844.0,LK92,55.0,0.8361866333333333,0.8317203266666667,100.50624833333332
2021-05-01,2021-05,May,Kilinochchi,Northern,2.0,25840.0,LK45,41.0,0.5725983499999999,0.5603386866666668,102.01188666666667
2021-05-01,2021-05,May,Kurunegala,North Western,2.0,25837.0,LK61,158.0,0.7695963866666666,0.7688743966666666,100.08510666666666
2021-05-01,2021-05,May,Mannar,Northern,2.0,25841.0,LK42,65.0,0.7022133333333334,0.67330281,103.99960333333333
2021-05-01,2021-05,May,Matale,Central,2.0,25830.0,LK22,67.0,0.7869736166666668,0.7697553166666666,102.10118
2021-05-01,2021-05,May,Matara,Southern,2.0,25848.0,LK32,39.0,0.8091914133333332,0.8025984233333333,100.772935
2021-05-01,2021-05,May,Monaragala,Uva,2.0,25850.0,LK82,186.0,0.7778469333333332,0.7616334866666667,102.00032
2021-05-01,2021-05,May,Mullaitivu,Northern,2.0,25842.0,LK44,85.0,0.7280105633333335,0.70917131,102.48265333333335
2021-05-01,2021-05,May,Nuwara Eliya,Central,2.0,41749.0,LK23,58.0,0.7955051466666667,0.7783765833333334,102.06773666666668
2021-05-01,2021-05,May,Polonnaruwa,North Central,2.0,25836.0,LK72,116.0,0.7366922333333333,0.6925152333333333,105.95087333333333
2021-05-01,2021-05,May,Puttalam,North Western,2.0,25838.0,LK62,107.0,0.7406878333333333,0.7109920000000001,103.90158533333333
2021-05-01,2021-05,May,Ratnapura,Sabaragamuwa,2.0,25845.0,LK91,108.0,0.8267707,0.8096791900000001,101.988052
2021-05-01,2021-05,May,Trincomalee,Eastern,2.0,25834.0,LK53,83.0,0.7049983666666666,0.6749312466666666,104.14748033333335
2021-05-01,2021-05,May,Vavuniya,Northern,2.0,25843.0,LK43,65.0,0.7513558866666666,0.73722455,101.7978
2021-06-01,2021-06,June,Ampara,Eastern,2.0,25832.0,LK52,147.0,0.7527530433333333,0.69607917,107.59520166666668
2021-06-01,2021-06,June,Anuradhapura,North Central,2.0,25835.0,LK71,235.0,0.7388448,0.6999913666666666,105.18939666666667
2021-06-01,2021-06,June,Badulla,Uva,2.0,25849.0,LK81,94.0,0.7859354666666666,0.7429939533333334,105.41912166666667
2021-06-01,2021-06,June,Batticaloa,Eastern,2.0,25833.0,LK51,82.0,0.6435951000000001,0.5971564333333333,107.17832666666668
2021-06-01,2021-06,June,Colombo,Western,2.0,25851.0,LK11,23.0,0.70214784,0.7040921833333332,99.74216366666667
2021-06-01,2021-06,June,Galle,Southern,2.0,25846.0,LK31,54.0,0.8152030533333333,0.8009732366666666,101.67228666666666
2021-06-01,2021-06,June,Gampaha,Western,2.0,25852.0,LK12,47.0,0.75398935,0.7584368933333333,99.449965
2021-06-01,2021-06,June,Hambantota,Southern,2.0,25847.0,LK33,85.0,0.7111317600000001,0.6984099533333333,101.70025666666668
2021-06-01,2021-06,June,Jaffna,Northern,2.0,25839.0,LK41,31.0,0.52462148,0.48190153666666663,108.04741
2021-06-01,2021-06,June,Kalutara,Western,2.0,25853.0,LK13,52.0,0.81275061,0.7987041333333332,101.65509333333334
2021-06-01,2021-06,June,Kandy,Central,2.0,41748.0,LK21,60.0,0.8068616666666667,0.7865019333333333,102.43401999999999
2021-06-01,2021-06,June,Kegalle,Sabaragamuwa,2.0,25844.0,LK92,55.0,0.8469284533333333,0.8373326266666666,101.08138533333333
2021-06-01,2021-06,June,Kilinochchi,Northern,2.0,25840.0,LK45,41.0,0.5942186866666667,0.5513656466666667,107.13252333333332
2021-06-01,2021-06,June,Kurunegala,North Western,2.0,25837.0,LK61,158.0,0.7924050333333333,0.7748695666666666,102.12948666666666
2021-06-01,2021-06,June,Mannar,Northern,2.0,25841.0,LK42,65.0,0.6932117766666667,0.6502179333333333,106.14789333333333
2021-06-01,2021-06,June,Matale,Central,2.0,25830.0,LK22,67.0,0.7931984866666667,0.7593344433333332,104.18738533333334
2021-06-01,2021-06,June,Matara,Southern,2.0,25848.0,LK32,39.0,0.8231948533333333,0.8112293133333334,101.38916533333334
2021-06-01,2021-06,June,Monaragala,Uva,2.0,25850.0,LK82,186.0,0.76647847,0.7310031866666667,104.55443166666667
2021-06-01,2021-06,June,Mullaitivu,Northern,2.0,25842.0,LK44,85.0,0.7257521333333333,0.6991408666666666,103.55326866666667
2021-06-01,2021-06,June,Nuwara Eliya,Central,2.0,41749.0,LK23,58.0,0.7987132,0.7738468,103.01908333333334
2021-06-01,2021-06,June,Polonnaruwa,North Central,2.0,25836.0,LK72,116.0,0.7643261200000001,0.6941723433333333,109.42679333333332
2021-06-01,2021-06,June,Puttalam,North Western,2.0,25838.0,LK62,107.0,0.7490373533333333,0.7017504666666667,106.29666000000002
2021-06-01,2021-06,June,Ratnapura,Sabaragamuwa,2.0,25845.0,LK91,108.0,0.82995025,0.8067291666666666,102.71088733333333
2021-06-01,2021-06,June,Trincomalee,Eastern,2.0,25834.0,LK53,83.0,0.71021565,0.6693011666666666,105.68896833333334
2021-06-01,2021-06,June,Vavuniya,Northern,2.0,25843.0,LK43,65.0,0.7434589666666667,0.7127846833333332,104.02840199999999
2021-07-01,2021-07,July,Ampara,Eastern,2.0,25832.0,LK52,147.0,0.7154249166666666,0.66297264,107.35455133333333
2021-07-01,2021-07,July,Anuradhapura,North Central,2.0,25835.0,LK71,235.0,0.7181522166666667,0.66451175,107.50932999999999
2021-07-01,2021-07,July,Badulla,Uva,2.0,25849.0,LK81,94.0,0.7746148733333333,0.7170180433333333,107.51076466666666
2021-07-01,2021-07,July,Batticaloa,Eastern,2.0,25833.0,LK51,82.0,0.6103223366666667,0.5537752966666667,109.376005
2021-07-01,2021-07,July,Colombo,Western,2.0,25851.0,LK11,23.0,0.70279705,0.7042327766666666,99.81002533333333
2021-07-01,2021-07,July,Galle,Southern,2.0,25846.0,LK31,54.0,0.8154789766666667,0.7963837866666666,102.25628666666667
2021-07-01,2021-07,July,Gampaha,Western,2.0,25852.0,LK12,47.0,0.7594673533333333,0.7523134333333333,100.89308333333334
2021-07-01,2021-07,July,Hambantota,Southern,2.0,25847.0,LK33,85.0,0.6891623333333333,0.6664425666666667,103.17431
2021-07-01,2021-07,July,Jaffna,Northern,2.0,25839.0,LK41,31.0,0.52725051,0.46375180666666665,112.36539333333333
2021-07-01,2021-07,July,Kalutara,Western,2.0,25853.0,LK13,52.0,0.8128576833333333,0.7950797433333333,102.10401333333334
2021-07-01,2021-07,July,Kandy,Central,2.0,41748.0,LK21,60.0,0.8122816466666668,0.7818825266666667,103.65493666666667
2021-07-01,2021-07,July,Kegalle,Sabaragamuwa,2.0,25844.0,LK92,55.0,0.8497684799999999,0.8361627166666666,101.53558500000001
2021-07-01,2021-07,July,Kilinochchi,Northern,2.0,25840.0,LK45,41.0,0.5912154233333333,0.5403985833333333,108.60441133333332
2021-07-01,2021-07,July,Kurunegala,North Western,2.0,25837.0,LK61,158.0,0.7851759533333333,0.7443222666666666,105.15773999999999
2021-07-01,2021-07,July,Mannar,Northern,2.0,25841.0,LK42,65.0,0.6752712666666666,0.62472038,107.49174133333334
2021-07-01,2021-07,July,Matale,Central,2.0,25830.0,LK22,67.0,0.7940969999999999,0.7411886500000001,106.69064199999998
2021-07-01,2021-07,July,Matara,Southern,2.0,25848.0,LK32,39.0,0.8277845766666667,0.8077109,102.34079333333334
2021-07-01,2021-07,July,Monaragala,Uva,2.0,25850.0,LK82,186.0,0.74574818,0.6853212933333334,108.22891
2021-07-01,2021-07,July,Mullaitivu,Northern,2.0,25842.0,LK44,85.0,0.7198105666666667,0.6886919566666667,104.21260166666667
2021-07-01,2021-07,July,Nuwara Eliya,Central,2.0,41749.0,LK23,58.0,0.7970258366666667,0.7643455466666667,104.013507
2021-07-01,2021-07,July,Polonnaruwa,North Central,2.0,25836.0,LK72,116.0,0.75184021,0.6896422566666667,108.40558466666666
2021-07-01,2021-07,July,Puttalam,North Western,2.0,25838.0,LK62,107.0,0.73052992,0.6679628466666667,108.72457333333334
2021-07-01,2021-07,July,Ratnapura,Sabaragamuwa,2.0,25845.0,LK91,108.0,0.8257527333333333,0.7948234166666667,103.66212
2021-07-01,2021-07,July,Trincomalee,Eastern,2.0,25834.0,LK53,83.0,0.7010911666666667,0.6580614966666667,106.07660466666668
2021-07-01,2021-07,July,Vavuniya,Northern,2.0,25843.0,LK43,65.0,0.7313451,0.68687702,106.035572
2021-08-01,2021-08,August,Ampara,Eastern,2.0,25832.0,LK52,147.0,0.6758804833333333,0.6297521233333333,106.78529833333334
2021-08-01,2021-08,August,Anuradhapura,North Central,2.0,25835.0,LK71,235.0,0.6900121833333334,0.6509886466666667,105.56634000000001
2021-08-01,2021-08,August,Badulla,Uva,2.0,25849.0,LK81,94.0,0.7496212466666666,0.7010389,106.46756866666668
2021-08-01,2021-08,August,Batticaloa,Eastern,2.0,25833.0,LK51,82.0,0.5828223433333334,0.5290863866666666,109.27821999999999
2021-08-01,2021-08,August,Colombo,Western,2.0,25851.0,LK11,23.0,0.7028753333333334,0.6977320533333332,100.68834333333332
2021-08-01,2021-08,August,Galle,Southern,2.0,25846.0,LK31,54.0,0.8145037066666667,0.79401784,102.42718533333334
2021-08-01,2021-08,August,Gampaha,Western,2.0,25852.0,LK12,47.0,0.7550588333333333,0.7410126333333333,101.77609333333334
2021-08-01,2021-08,August,Hambantota,Southern,2.0,25847.0,LK33,85.0,0.6581101566666666,0.6358906333333333,103.23977166666667
2021-08-01,2021-08,August,Jaffna,Northern,2.0,25839.0,LK41,31.0,0.5164548366666667,0.46041914,110.98580666666668
2021-08-01,2021-08,August,Kalutara,Western,2.0,25853.0,LK13,52.0,0.8100730433333334,0.7902804933333334,102.35546333333333
2021-08-01,2021-08,August,Kandy,Central,2.0,41748.0,LK21,60.0,0.8122821666666667,0.7761413999999999,104.37482333333332
2021-08-01,2021-08,August,Kegalle,Sabaragamuwa,2.0,25844.0,LK92,55.0,0.8471285000000001,0.83049366,101.88935533333334
2021-08-01,2021-08,August,Kilinochchi,Northern,2.0,25840.0,LK45,41.0,0.5582967433333333,0.5262446000000001,105.55653
2021-08-01,2021-08,August,Kurunegala,North Western,2.0,25837.0,LK61,158.0,0.7581860366666667,0.7056622866666666,106.95038799999999
2021-08-01,2021-08,August,Mannar,Northern,2.0,25841.0,LK42,65.0,0.6536251333333333,0.6115338466666667,106.36209166666667
2021-08-01,2021-08,August,Matale,Central,2.0,25830.0,LK22,67.0,0.7825641666666666,0.72781648,107.03796
2021-08-01,2021-08,August,Matara,Southern,2.0,25848.0,LK32,39.0,0.8222316033333333,0.7997613100000001,102.64425
2021-08-01,2021-08,August,Monaragala,Uva,2.0,25850.0,LK82,186.0,0.7304096466666667,0.6643590033333333,109.24602933333334
2021-08-01,2021-08,August,Mullaitivu,Northern,2.0,25842.0,LK44,85.0,0.7152258566666667,0.6894681,103.48394333333333
2021-08-01,2021-08,August,Nuwara Eliya,Central,2.0,41749.0,LK23,58.0,0.7964953833333334,0.7604915800000001,104.44221833333334
2021-08-01,2021-08,August,Polonnaruwa,North Central,2.0,25836.0,LK72,116.0,0.6901086233333333,0.6756234133333333,101.98507000000001
2021-08-01,2021-08,August,Puttalam,North Western,2.0,25838.0,LK62,107.0,0.6934009066666666,0.6345897133333334,108.58653333333332
2021-08-01,2021-08,August,Ratnapura,Sabaragamuwa,2.0,25845.0,LK91,108.0,0.81968301,0.7835099900000001,104.34020500000001
2021-08-01,2021-08,August,Trincomalee,Eastern,2.0,25834.0,LK53,83.0,0.6886457433333334,0.6609511433333334,103.89684799999999
2021-08-01,2021-08,August,Vavuniya,Northern,2.0,25843.0,LK43,65.0,0.72505075,0.6878702466666667,105.04131
2021-09-01,2021-09,September,Ampara,Eastern,2.0,25832.0,LK52,147.0,0.6708609766666668,0.6329594333333334,105.55349666666666
2021-09-01,2021-09,September,Anuradhapura,North Central,2.0,25835.0,LK71,235.0,0.6882496133333333,0.6619698366666666,103.69190833333334
2021-09-01,2021-09,September,Badulla,Uva,2.0,25849.0,LK81,94.0,0.7465858000000001,0.7060127666666668,105.36807700000001
2021-09-01,2021-09,September,Batticaloa,Eastern,2.0,25833.0,LK51,82.0,0.5670890333333333,0.5397494566666667,104.65213666666666
2021-09-01,2021-09,September,Colombo,Western,2.0,25851.0,LK11,23.0,0.7045985199999999,0.6961392833333333,101.13376799999999
2021-09-01,2021-09,September,Galle,Southern,2.0,25846.0,LK31,54.0,0.8159722133333333,0.7968295466666667,102.26072333333333
2021-09-01,2021-09,September,Gampaha,Western,2.0,25852.0,LK12,47.0,0.7524176866666666,0.7382961266666667,101.79147866666666
2021-09-01,2021-09,September,Hambantota,Southern,2.0,25847.0,LK33,85.0,0.6608627333333333,0.63163102,104.28612666666668
2021-09-01,2021-09,September,Jaffna,Northern,2.0,25839.0,LK41,31.0,0.5206892466666666,0.4845341333333333,106.77850133333334
2021-09-01,2021-09,September,Kalutara,Western,2.0,25853.0,LK13,52.0,0.8069877999999999,0.79020558,101.99753333333332
2021-09-01,2021-09,September,Kandy,Central,2.0,41748.0,LK21,60.0,0.8127021866666667,0.77577225,104.47235666666667
2021-09-01,2021-09,September,Kegalle,Sabaragamuwa,2.0,25844.0,LK92,55.0,0.8425036233333333,0.82574345,101.91378666666667
2021-09-01,2021-09,September,Kilinochchi,Northern,2.0,25840.0,LK45,41.0,0.5413389833333334,0.52585062,102.69199266666668
2021-09-01,2021-09,September,Kurunegala,North Western,2.0,25837.0,LK61,158.0,0.7420489333333333,0.7007411133333333,105.50560666666667
2021-09-01,2021-09,September,Mannar,Northern,2.0,25841.0,LK42,65.0,0.6529676566666667,0.62242828,104.54579333333334
2021-09-01,2021-09,September,Matale,Central,2.0,25830.0,LK22,67.0,0.7713253333333334,0.73437527,104.71551333333333
2021-09-01,2021-09,September,Matara,Southern,2.0,25848.0,LK32,39.0,0.8160504033333332,0.7964650633333333,102.31382333333333
2021-09-01,2021-09,September,Monaragala,Uva,2.0,25850.0,LK82,186.0,0.7333198633333332,0.67865846,107.50993999999999
2021-09-01,2021-09,September,Mullaitivu,Northern,2.0,25842.0,LK44,85.0,0.7229823366666667,0.7039018433333334,102.53279333333334
2021-09-01,2021-09,September,Nuwara Eliya,Central,2.0,41749.0,LK23,58.0,0.8007235666666667,0.7645634333333334,104.43965633333335
2021-09-01,2021-09,September,Polonnaruwa,North Central,2.0,25836.0,LK72,116.0,0.6682146533333334,0.66211692,100.85458166666666
2021-09-01,2021-09,September,Puttalam,North Western,2.0,25838.0,LK62,107.0,0.6789233499999999,0.6389632333333334,105.80808533333334
2021-09-01,2021-09,September,Ratnapura,Sabaragamuwa,2.0,25845.0,LK91,108.0,0.8174055333333333,0.7821766166666667,104.23379
2021-09-01,2021-09,September,Trincomalee,Eastern,2.0,25834.0,LK53,83.0,0.6916546166666667,0.67273578,102.61904333333332
2021-09-01,2021-09,September,Vavuniya,Northern,2.0,25843.0,LK43,65.0,0.7366030633333334,0.7114957333333334,103.30223166666667
2021-10-01,2021-10,October,Ampara,Eastern,2.0,25832.0,LK52,147.0,0.7009861666666666,0.6726984566666667,103.92811666666667
2021-10-01,2021-10,October,Anuradhapura,North Central,2.0,25835.0,LK71,235.0,0.7246119066666666,0.7050825566666666,102.603097
2021-10-01,2021-10,October,Badulla,Uva,2.0,25849.0,LK81,94.0,0.7698258866666667,0.73642772,104.25441000000001
2021-10-01,2021-10,October,Batticaloa,Eastern,2.0,25833.0,LK51,82.0,0.5960995699999999,0.58577872,101.63069333333334
2021-10-01,2021-10,October,Colombo,Western,2.0,25851.0,LK11,23.0,0.7051231800000001,0.6993316900000001,100.77304366666665
2021-10-01,2021-10,October,Galle,Southern,2.0,25846.0,LK31,54.0,0.8198721999999999,0.80463834,101.78290466666665
2021-10-01,2021-10,October,Gampaha,Western,2.0,25852.0,LK12,47.0,0.7562652266666667,0.7456929666666667,101.32951333333334
2021-10-01,2021-10,October,Hambantota,Southern,2.0,25847.0,LK33,85.0,0.7037949,0.67526712,103.95174200000001
2021-10-01,2021-10,October,Jaffna,Northern,2.0,25839.0,LK41,31.0,0.56906019,0.53861731,105.185183
2021-10-01,2021-10,October,Kalutara,Western,2.0,25853.0,LK13,52.0,0.8074454833333333,0.7947389133333332,101.504397
2021-10-01,2021-10,October,Kandy,Central,2.0,41748.0,LK21,60.0,0.8184432999999999,0.7867203666666667,103.79273166666667
2021-10-01,2021-10,October,Kegalle,Sabaragamuwa,2.0,25844.0,LK92,55.0,0.8401678599999999,0.8250890333333333,101.72316466666666
2021-10-01,2021-10,October,Kilinochchi,Northern,2.0,25840.0,LK45,41.0,0.5834211033333333,0.5664579066666667,102.74602333333333
2021-10-01,2021-10,October,Kurunegala,North Western,2.0,25837.0,LK61,158.0,0.75677783,0.7316796600000001,103.22099366666667
2021-10-01,2021-10,October,Mannar,Northern,2.0,25841.0,LK42,65.0,0.6900502433333333,0.6693824666666667,102.88944
2021-10-01,2021-10,October,Matale,Central,2.0,25830.0,LK22,67.0,0.7881979966666667,0.7646746466666666,102.892085
2021-10-01,2021-10,October,Matara,Southern,2.0,25848.0,LK32,39.0,0.81812904,0.8024033333333334,101.845348
2021-10-01,2021-10,October,Monaragala,Uva,2.0,25850.0,LK82,186.0,0.7588283033333333,0.7241691666666666,104.49581333333333
2021-10-01,2021-10,October,Mullaitivu,Northern,2.0,25842.0,LK44,85.0,0.7471352800000001,0.7338299833333334,101.70080866666666
2021-10-01,2021-10,October,Nuwara Eliya,Central,2.0,41749.0,LK23,58.0,0.8081626133333333,0.7775780666666666,103.69701500000001
2021-10-01,2021-10,October,Polonnaruwa,North Central,2.0,25836.0,LK72,116.0,0.7211408,0.6956889,103.40973866666667
2021-10-01,2021-10,October,Puttalam,North Western,2.0,25838.0,LK62,107.0,0.7114486000000001,0.6856798166666667,103.51704000000001
2021-10-01,2021-10,October,Ratnapura,Sabaragamuwa,2.0,25845.0,LK91,108.0,0.8223709666666666,0.7957741733333333,103.14682533333333
2021-10-01,2021-10,October,Trincomalee,Eastern,2.0,25834.0,LK53,83.0,0.7174413533333333,0.7037558566666666,101.82144
2021-10-01,2021-10,October,Vavuniya,Northern,2.0,25843.0,LK43,65.0,0.7660399999999999,0.7542895333333334,101.47099666666668
2021-11-01,2021-11,November,Ampara,Eastern,2.0,25832.0,LK52,147.0,0.74257457,0.73024149,101.58971000000001
2021-11-01,2021-11,November,Anuradhapura,North Central,2.0,25835.0,LK71,235.0,0.7507554433333333,0.75418649,99.58018333333332
2021-11-01,2021-11,November,Badulla,Uva,2.0,25849.0,LK81,94.0,0.7883205233333334,0.7692643666666666,102.32872466666667
2021-11-01,2021-11,November,Batticaloa,Eastern,2.0,25833.0,LK51,82.0,0.6786329066666666,0.6684093433333334,101.42628
2021-11-01,2021-11,November,Colombo,Western,2.0,25851.0,LK11,23.0,0.6987419966666666,0.6999362000000001,99.84047
2021-11-01,2021-11,November,Galle,Southern,2.0,25846.0,LK31,54.0,0.8248944733333333,0.8110670066666666,101.60585333333334
2021-11-01,2021-11,November,Gampaha,Western,2.0,25852.0,LK12,47.0,0.7607893366666666,0.7596452866666666,100.14291333333334
2021-11-01,2021-11,November,Hambantota,Southern,2.0,25847.0,LK33,85.0,0.7414834866666666,0.7371608566666668,100.56341333333334
2021-11-01,2021-11,November,Jaffna,Northern,2.0,25839.0,LK41,31.0,0.62393975,0.6011712133333333,103.50897333333334
2021-11-01,2021-11,November,Kalutara,Western,2.0,25853.0,LK13,52.0,0.80880641,0.7982270133333333,101.24725033333334
2021-11-01,2021-11,November,Kandy,Central,2.0,41748.0,LK21,60.0,0.8244249833333334,0.8012197633333334,102.72704800000001
2021-11-01,2021-11,November,Kegalle,Sabaragamuwa,2.0,25844.0,LK92,55.0,0.8394048466666666,0.82791171,101.30925166666667
2021-11-01,2021-11,November,Kilinochchi,Northern,2.0,25840.0,LK45,41.0,0.6626975466666667,0.6432878833333334,102.80511633333333
2021-11-01,2021-11,November,Kurunegala,North Western,2.0,25837.0,LK61,158.0,0.7809101166666667,0.7751060133333333,100.71159033333333
2021-11-01,2021-11,November,Mannar,Northern,2.0,25841.0,LK42,65.0,0.7274763933333332,0.7253331,100.28259333333334
2021-11-01,2021-11,November,Matale,Central,2.0,25830.0,LK22,67.0,0.8081706333333334,0.7938021000000001,101.70449366666666
2021-11-01,2021-11,November,Matara,Southern,2.0,25848.0,LK32,39.0,0.82691792,0.81549072,101.32102333333334
2021-11-01,2021-11,November,Monaragala,Uva,2.0,25850.0,LK82,186.0,0.78968958,0.77563148,101.70930833333334
2021-11-01,2021-11,November,Mullaitivu,Northern,2.0,25842.0,LK44,85.0,0.7717995833333333,0.7649793100000001,100.83798733333333
2021-11-01,2021-11,November,Nuwara Eliya,Central,2.0,41749.0,LK23,58.0,0.81692642,0.7932364766666667,102.81014499999999
2021-11-01,2021-11,November,Polonnaruwa,North Central,2.0,25836.0,LK72,116.0,0.75741376,0.7374111633333333,102.54473333333333
2021-11-01,2021-11,November,Puttalam,North Western,2.0,25838.0,LK62,107.0,0.7484277333333335,0.7389796133333334,101.20389133333333
2021-11-01,2021-11,November,Ratnapura,Sabaragamuwa,2.0,25845.0,LK91,108.0,0.82992372,0.8127910133333334,101.98674
2021-11-01,2021-11,November,Trincomalee,Eastern,2.0,25834.0,LK53,83.0,0.7448100033333334,0.7405627566666667,100.53880500000001
2021-11-01,2021-11,November,Vavuniya,Northern,2.0,25843.0,LK43,65.0,0.7881410066666668,0.7915826566666667,99.59334966666665
2021-12-01,2021-12,December,Ampara,Eastern,2.0,25832.0,LK52,147.0,0.7821085833333333,0.7766607333333333,100.65949
2021-12-01,2021-12,December,Anuradhapura,North Central,2.0,25835.0,LK71,235.0,0.7759331666666668,0.7848832833333333,98.92736366666668
2021-12-01,2021-12,December,Badulla,Uva,2.0,25849.0,LK81,94.0,0.7989446666666667,0.7869486866666667,101.43401666666666
2021-12-01,2021-12,December,Batticaloa,Eastern,2.0,25833.0,LK51,82.0,0.7357231333333334,0.7287191533333334,100.90071633333334
2021-12-01,2021-12,December,Colombo,Western,2.0,25851.0,LK11,23.0,0.6850999666666667,0.6931179466666667,98.92065666666667
2021-12-01,2021-12,December,Galle,Southern,2.0,25846.0,LK31,54.0,0.8233487033333334,0.8138152533333334,101.10370999999999
2021-12-01,2021-12,December,Gampaha,Western,2.0,25852.0,LK12,47.0,0.7544574566666666,0.7628569066666667,98.96602133333333
2021-12-01,2021-12,December,Hambantota,Southern,2.0,25847.0,LK33,85.0,0.75780663,0.7700227133333333,98.51178499999999
2021-12-01,2021-12,December,Jaffna,Northern,2.0,25839.0,LK41,31.0,0.6366365333333334,0.6252972966666667,101.67942666666666
2021-12-01,2021-12,December,Kalutara,Western,2.0,25853.0,LK13,52.0,0.8054089433333335,0.7963954366666667,101.06491333333334
2021-12-01,2021-12,December,Kandy,Central,2.0,41748.0,LK21,60.0,0.82084219,0.8061117200000001,101.72059033333333
2021-12-01,2021-12,December,Kegalle,Sabaragamuwa,2.0,25844.0,LK92,55.0,0.8350357,0.8268434299999999,100.93414333333334
2021-12-01,2021-12,December,Kilinochchi,Northern,2.0,25840.0,LK45,41.0,0.7017056833333334,0.6934801566666667,101.11224666666668
2021-12-01,2021-12,December,Kurunegala,North Western,2.0,25837.0,LK61,158.0,0.7907413166666667,0.8019920066666666,98.68116466666667
2021-12-01,2021-12,December,Mannar,Northern,2.0,25841.0,LK42,65.0,0.7559430833333334,0.7516517333333333,100.53360666666667
2021-12-01,2021-12,December,Matale,Central,2.0,25830.0,LK22,67.0,0.8154999900000001,0.8089373566666667,100.76490999999999
2021-12-01,2021-12,December,Matara,Southern,2.0,25848.0,LK32,39.0,0.8314290333333334,0.8252643266666667,100.70443833333333
2021-12-01,2021-12,December,Monaragala,Uva,2.0,25850.0,LK82,186.0,0.8083166466666666,0.8032846,100.59043000000001
2021-12-01,2021-12,December,Mullaitivu,Northern,2.0,25842.0,LK44,85.0,0.7833344866666666,0.7785315666666667,100.57976000000001
2021-12-01,2021-12,December,Nuwara Eliya,Central,2.0,41749.0,LK23,58.0,0.8172695266666666,0.7976402033333333,102.31569666666667
2021-12-01,2021-12,December,Polonnaruwa,North Central,2.0,25836.0,LK72,116.0,0.7652034166666667,0.7602516,100.61416666666666
2021-12-01,2021-12,December,Puttalam,North Western,2.0,25838.0,LK62,107.0,0.7613716266666666,0.7589746666666667,100.296402
2021-12-01,2021-12,December,Ratnapura,Sabaragamuwa,2.0,25845.0,LK91,108.0,0.8301452899999999,0.81920739,101.258405
2021-12-01,2021-12,December,Trincomalee,Eastern,2.0,25834.0,LK53,83.0,0.7680810833333332,0.76396468,100.505495
2021-12-01,2021-12,December,Vavuniya,Northern,2.0,25843.0,LK43,65.0,0.79949023,0.8042701600000001,99.44033866666666
2022-01-01,2022-01,January,Ampara,Eastern,2.0,25832.0,LK52,147.0,0.7853346800000001,0.7833097133333333,100.240905
2022-01-01,2022-01,January,Anuradhapura,North Central,2.0,25835.0,LK71,235.0,0.78442549,0.7924991,99.04099333333333
2022-01-01,2022-01,January,Badulla,Uva,2.0,25849.0,LK81,94.0,0.8030687866666666,0.7926376866666667,101.23795666666666
2022-01-01,2022-01,January,Batticaloa,Eastern,2.0,25833.0,LK51,82.0,0.71856829,0.7211823599999999,99.65317666666668
2022-01-01,2022-01,January,Colombo,Western,2.0,25851.0,LK11,23.0,0.6661463533333333,0.6720614033333333,99.18177166666665
2022-01-01,2022-01,January,Galle,Southern,2.0,25846.0,LK31,54.0,0.8125308166666666,0.8078158633333333,100.54962666666667
2022-01-01,2022-01,January,Gampaha,Western,2.0,25852.0,LK12,47.0,0.7254914666666666,0.7362003333333332,98.638175
2022-01-01,2022-01,January,Hambantota,Southern,2.0,25847.0,LK33,85.0,0.7637607633333333,0.77555122,98.57211
2022-01-01,2022-01,January,Jaffna,Northern,2.0,25839.0,LK41,31.0,0.6154827666666667,0.6014972866666667,102.16194333333333
2022-01-01,2022-01,January,Kalutara,Western,2.0,25853.0,LK13,52.0,0.7940621366666667,0.7819341033333332,101.45861033333334
2022-01-01,2022-01,January,Kandy,Central,2.0,41748.0,LK21,60.0,0.8074572066666666,0.7984849533333334,101.05692966666668
2022-01-01,2022-01,January,Kegalle,Sabaragamuwa,2.0,25844.0,LK92,55.0,0.8195205333333333,0.8109299999999999,100.99855133333334
2022-01-01,2022-01,January,Kilinochchi,Northern,2.0,25840.0,LK45,41.0,0.66489917,0.6806254666666667,97.83478533333333
2022-01-01,2022-01,January,Kurunegala,North Western,2.0,25837.0,LK61,158.0,0.7547573533333333,0.7805691266666667,96.88485366666667
2022-01-01,2022-01,January,Mannar,Northern,2.0,25841.0,LK42,65.0,0.7631563666666666,0.7527504566666666,101.29598133333333
2022-01-01,2022-01,January,Matale,Central,2.0,25830.0,LK22,67.0,0.81727709,0.8147227899999999,100.29523999999999
2022-01-01,2022-01,January,Matara,Southern,2.0,25848.0,LK32,39.0,0.82578118,0.8164981633333334,101.07274333333334
2022-01-01,2022-01,January,Monaragala,Uva,2.0,25850.0,LK82,186.0,0.8049334900000001,0.8022891,100.30997333333335
2022-01-01,2022-01,January,Mullaitivu,Northern,2.0,25842.0,LK44,85.0,0.7727466333333334,0.7719806333333333,100.09196866666667
2022-01-01,2022-01,January,Nuwara Eliya,Central,2.0,41749.0,LK23,58.0,0.8079223933333334,0.7875915333333333,102.42791866666666
2022-01-01,2022-01,January,Polonnaruwa,North Central,2.0,25836.0,LK72,116.0,0.7885603166666666,0.7867867866666667,100.21229666666666
2022-01-01,2022-01,January,Puttalam,North Western,2.0,25838.0,LK62,107.0,0.7473143133333333,0.7442575466666667,100.38583633333333
2022-01-01,2022-01,January,Ratnapura,Sabaragamuwa,2.0,25845.0,LK91,108.0,0.82495581,0.8121014333333333,101.49167833333333
2022-01-01,2022-01,January,Trincomalee,Eastern,2.0,25834.0,LK53,83.0,0.7693542,0.76624178,100.38104
2022-01-01,2022-01,January,Vavuniya,Northern,2.0,25843.0,LK43,65.0,0.78809641,0.7948951333333333,99.193355
2022-02-01,2022-02,February,Ampara,Eastern,2.0,25832.0,LK52,147.0,0.7425999833333333,0.7432987,99.91638166666667
2022-02-01,2022-02,February,Anuradhapura,North Central,2.0,25835.0,LK71,235.0,0.7462734833333333,0.75761819,98.59462966666666
2022-02-01,2022-02,February,Badulla,Uva,2.0,25849.0,LK81,94.0,0.7924801,0.7792860999999999,101.59209266666666
2022-02-01,2022-02,February,Batticaloa,Eastern,2.0,25833.0,LK51,82.0,0.6636939000000001,0.6692407333333333,99.23821666666667
2022-02-01,2022-02,February,Colombo,Western,2.0,25851.0,LK11,23.0,0.6487231766666667,0.6544099333333334,99.192358
2022-02-01,2022-02,February,Galle,Southern,2.0,25846.0,LK31,54.0,0.8023462866666667,0.7933937333333333,101.06230999999998
2022-02-01,2022-02,February,Gampaha,Western,2.0,25852.0,LK12,47.0,0.6949836833333333,0.7034402433333332,98.87809333333333
2022-02-01,2022-02,February,Hambantota,Southern,2.0,25847.0,LK33,85.0,0.7410984333333334,0.7486602666666666,99.05610333333334
2022-02-01,2022-02,February,Jaffna,Northern,2.0,25839.0,LK41,31.0,0.5883096666666666,0.5498484466666667,106.44297666666667
2022-02-01,2022-02,February,Kalutara,Western,2.0,25853.0,LK13,52.0,0.77993971,0.7683292866666666,101.418572
2022-02-01,2022-02,February,Kandy,Central,2.0,41748.0,LK21,60.0,0.79071664,0.7830002333333334,100.92658966666666
2022-02-01,2022-02,February,Kegalle,Sabaragamuwa,2.0,25844.0,LK92,55.0,0.8078708899999999,0.7953982866666666,101.47559533333333
2022-02-01,2022-02,February,Kilinochchi,Northern,2.0,25840.0,LK45,41.0,0.60668292,0.62443539,97.37822333333334
2022-02-01,2022-02,February,Kurunegala,North Western,2.0,25837.0,LK61,158.0,0.69389957,0.7190770733333333,96.73185333333333
2022-02-01,2022-02,February,Mannar,Northern,2.0,25841.0,LK42,65.0,0.7329789666666667,0.7307267533333333,100.28468466666668
2022-02-01,2022-02,February,Matale,Central,2.0,25830.0,LK22,67.0,0.80132882,0.7999620333333333,100.16116666666666
2022-02-01,2022-02,February,Matara,Southern,2.0,25848.0,LK32,39.0,0.8100256,0.7943172133333333,101.861825
2022-02-01,2022-02,February,Monaragala,Uva,2.0,25850.0,LK82,186.0,0.7818268700000001,0.7800976533333334,100.208595
2022-02-01,2022-02,February,Mullaitivu,Northern,2.0,25842.0,LK44,85.0,0.7460149,0.7505555999999999,99.43223666666667
2022-02-01,2022-02,February,Nuwara Eliya,Central,2.0,41749.0,LK23,58.0,0.7979379233333334,0.7738566566666667,102.92330333333332
2022-02-01,2022-02,February,Polonnaruwa,North Central,2.0,25836.0,LK72,116.0,0.7752448099999999,0.7762176233333333,99.882157
2022-02-01,2022-02,February,Puttalam,North Western,2.0,25838.0,LK62,107.0,0.7169881400000001,0.7083814966666667,101.13793199999999
2022-02-01,2022-02,February,Ratnapura,Sabaragamuwa,2.0,25845.0,LK91,108.0,0.81855709,0.8001612833333334,102.16435200000001
2022-02-01,2022-02,February,Trincomalee,Eastern,2.0,25834.0,LK53,83.0,0.73817988,0.73724276,100.11889666666667
2022-02-01,2022-02,February,Vavuniya,Northern,2.0,25843.0,LK43,65.0,0.7531261366666667,0.7669161,98.31067
2022-03-01,2022-03,March,Ampara,Eastern,2.0,25832.0,LK52,147.0,0.7137015666666667,0.6993939033333333,101.91845
2022-03-01,2022-03,March,Anuradhapura,North Central,2.0,25835.0,LK71,235.0,0.7027313300000001,0.7122368166666666,98.755245
2022-03-01,2022-03,March,Badulla,Uva,2.0,25849.0,LK81,94.0,0.7786471333333332,0.7597539233333334,102.334728
2022-03-01,2022-03,March,Batticaloa,Eastern,2.0,25833.0,LK51,82.0,0.6419589166666667,0.6270425733333332,102.21537333333333
2022-03-01,2022-03,March,Colombo,Western,2.0,25851.0,LK11,23.0,0.6465130266666667,0.6577345133333333,98.41569199999999
2022-03-01,2022-03,March,Galle,Southern,2.0,25846.0,LK31,54.0,0.7998839433333332,0.7874191600000001,101.48843
2022-03-01,2022-03,March,Gampaha,Western,2.0,25852.0,LK12,47.0,0.6906708833333334,0.6998973133333334,98.769872
2022-03-01,2022-03,March,Hambantota,Southern,2.0,25847.0,LK33,85.0,0.7101603666666666,0.7118593333333333,99.78015033333334
2022-03-01,2022-03,March,Jaffna,Northern,2.0,25839.0,LK41,31.0,0.5762892266666667,0.5109923333333334,111.65890966666666
2022-03-01,2022-03,March,Kalutara,Western,2.0,25853.0,LK13,52.0,0.7784839533333333,0.77279975,100.69146666666666
2022-03-01,2022-03,March,Kandy,Central,2.0,41748.0,LK21,60.0,0.7818233266666667,0.7727419133333333,101.10389966666666
2022-03-01,2022-03,March,Kegalle,Sabaragamuwa,2.0,25844.0,LK92,55.0,0.8119036166666667,0.7990706866666667,101.51160499999999
2022-03-01,2022-03,March,Kilinochchi,Northern,2.0,25840.0,LK45,41.0,0.5815113666666667,0.58135265,100.03715466666667
2022-03-01,2022-03,March,Kurunegala,North Western,2.0,25837.0,LK61,158.0,0.66844282,0.6883870466666666,97.29845166666667
2022-03-01,2022-03,March,Mannar,Northern,2.0,25841.0,LK42,65.0,0.6977015,0.7011477333333334,99.54180000000001
2022-03-01,2022-03,March,Matale,Central,2.0,25830.0,LK22,67.0,0.77922832,0.7756171233333333,100.43816866666667
2022-03-01,2022-03,March,Matara,Southern,2.0,25848.0,LK32,39.0,0.8020162000000001,0.7825581666666667,102.33719666666667
2022-03-01,2022-03,March,Monaragala,Uva,2.0,25850.0,LK82,186.0,0.7671541333333334,0.7631427466666666,100.49368
2022-03-01,2022-03,March,Mullaitivu,Northern,2.0,25842.0,LK44,85.0,0.7271642866666667,0.7284733299999999,99.83390666666666
2022-03-01,2022-03,March,Nuwara Eliya,Central,2.0,41749.0,LK23,58.0,0.7911689466666667,0.76845832,102.77483366666667
2022-03-01,2022-03,March,Polonnaruwa,North Central,2.0,25836.0,LK72,116.0,0.7285669499999999,0.7271072466666667,100.19349166666666
2022-03-01,2022-03,March,Puttalam,North Western,2.0,25838.0,LK62,107.0,0.6972211666666667,0.6856575333333333,101.57207466666667
2022-03-01,2022-03,March,Ratnapura,Sabaragamuwa,2.0,25845.0,LK91,108.0,0.8170354533333333,0.7967155966666667,102.399884
2022-03-01,2022-03,March,Trincomalee,Eastern,2.0,25834.0,LK53,83.0,0.7050493633333333,0.6988553533333333,100.83267466666666
2022-03-01,2022-03,March,Vavuniya,Northern,2.0,25843.0,LK43,65.0,0.7306179533333333,0.7414863666666666,98.62898033333333
2022-04-01,2022-04,April,Ampara,Eastern,2.0,25832.0,LK52,147.0,0.7119863866666667,0.6831142633333332,103.93809133333333
2022-04-01,2022-04,April,Anuradhapura,North Central,2.0,25835.0,LK71,235.0,0.7175114800000001,0.71229456,100.67879666666666
2022-04-01,2022-04,April,Badulla,Uva,2.0,25849.0,LK81,94.0,0.78379075,0.7551976666666667,103.550652
2022-04-01,2022-04,April,Batticaloa,Eastern,2.0,25833.0,LK51,82.0,0.6358637966666667,0.60768549,104.28502666666667
2022-04-01,2022-04,April,Colombo,Western,2.0,25851.0,LK11,23.0,0.6663332999999999,0.6772539700000001,98.496155
2022-04-01,2022-04,April,Galle,Southern,2.0,25846.0,LK31,54.0,0.8093413533333335,0.79412357,101.80267666666667
2022-04-01,2022-04,April,Gampaha,Western,2.0,25852.0,LK12,47.0,0.7199751666666666,0.7242393766666666,99.44488333333334
2022-04-01,2022-04,April,Hambantota,Southern,2.0,25847.0,LK33,85.0,0.7107066733333333,0.7008370866666667,101.31354666666668
2022-04-01,2022-04,April,Jaffna,Northern,2.0,25839.0,LK41,31.0,0.5829601833333333,0.49807874333333335,115.48741166666667
2022-04-01,2022-04,April,Kalutara,Western,2.0,25853.0,LK13,52.0,0.79255767,0.7875598333333333,100.59661
2022-04-01,2022-04,April,Kandy,Central,2.0,41748.0,LK21,60.0,0.7904794,0.7766860666666666,101.66793333333334
2022-04-01,2022-04,April,Kegalle,Sabaragamuwa,2.0,25844.0,LK92,55.0,0.82979028,0.8171027799999999,101.46318033333334
2022-04-01,2022-04,April,Kilinochchi,Northern,2.0,25840.0,LK45,41.0,0.58304469,0.5641594166666667,103.07680333333333
2022-04-01,2022-04,April,Kurunegala,North Western,2.0,25837.0,LK61,158.0,0.72018985,0.7250464233333332,99.35812
2022-04-01,2022-04,April,Mannar,Northern,2.0,25841.0,LK42,65.0,0.6933379199999999,0.6830917666666667,101.40012333333334
2022-04-01,2022-04,April,Matale,Central,2.0,25830.0,LK22,67.0,0.7778323233333334,0.76829087,101.16568833333334
2022-04-01,2022-04,April,Matara,Southern,2.0,25848.0,LK32,39.0,0.8069017033333333,0.78895477,102.13999866666666
2022-04-01,2022-04,April,Monaragala,Uva,2.0,25850.0,LK82,186.0,0.7745883333333333,0.7644638666666667,101.24261000000001
2022-04-01,2022-04,April,Mullaitivu,Northern,2.0,25842.0,LK44,85.0,0.72469606,0.714852,101.28806666666667
2022-04-01,2022-04,April,Nuwara Eliya,Central,2.0,41749.0,LK23,58.0,0.7948235566666666,0.7739699466666666,102.53085166666666
2022-04-01,2022-04,April,Polonnaruwa,North Central,2.0,25836.0,LK72,116.0,0.7171982766666667,0.69618518,102.81853000000001
2022-04-01,2022-04,April,Puttalam,North Western,2.0,25838.0,LK62,107.0,0.7159270833333333,0.6956772999999999,102.71175666666666
2022-04-01,2022-04,April,Ratnapura,Sabaragamuwa,2.0,25845.0,LK91,108.0,0.8224882466666666,0.8041900966666665,102.14241333333332
2022-04-01,2022-04,April,Trincomalee,Eastern,2.0,25834.0,LK53,83.0,0.6961501466666666,0.6763330233333334,102.72958666666666
2022-04-01,2022-04,April,Vavuniya,Northern,2.0,25843.0,LK43,65.0,0.74393435,0.7370928533333334,100.86780600000002
2022-05-01,2022-05,May,Ampara,Eastern,2.0,25832.0,LK52,147.0,0.7136501000000001,0.6942442600000001,102.61227666666667
2022-05-01,2022-05,May,Anuradhapura,North Central,2.0,25835.0,LK71,235.0,0.7345006966666666,0.72566436,101.138458
2022-05-01,2022-05,May,Badulla,Uva,2.0,25849.0,LK81,94.0,0.77572302,0.7554970333333334,102.50952
2022-05-01,2022-05,May,Batticaloa,Eastern,2.0,25833.0,LK51,82.0,0.6329971466666667,0.6097193333333334,103.52903333333335
2022-05-01,2022-05,May,Colombo,Western,2.0,25851.0,LK11,23.0,0.6920318666666666,0.6955265166666668,99.53013133333333
2022-05-01,2022-05,May,Galle,Southern,2.0,25846.0,LK31,54.0,0.8134079999999999,0.8004023433333334,101.52955333333334
2022-05-01,2022-05,May,Gampaha,Western,2.0,25852.0,LK12,47.0,0.7564418100000001,0.74915808,100.90988
2022-05-01,2022-05,May,Hambantota,Southern,2.0,25847.0,LK33,85.0,0.7149909766666666,0.7062601000000001,101.15464000000001
2022-05-01,2022-05,May,Jaffna,Northern,2.0,25839.0,LK41,31.0,0.5642354633333334,0.49670642333333337,112.34764333333334
2022-05-01,2022-05,May,Kalutara,Western,2.0,25853.0,LK13,52.0,0.8003031833333333,0.7966547366666666,100.431088
2022-05-01,2022-05,May,Kandy,Central,2.0,41748.0,LK21,60.0,0.8000705333333333,0.7845254766666666,101.86283166666668
2022-05-01,2022-05,May,Kegalle,Sabaragamuwa,2.0,25844.0,LK92,55.0,0.8424987666666667,0.8317203266666667,101.22294333333333
2022-05-01,2022-05,May,Kilinochchi,Northern,2.0,25840.0,LK45,41.0,0.5958219333333333,0.5603386866666668,105.81588700000002
2022-05-01,2022-05,May,Kurunegala,North Western,2.0,25837.0,LK61,158.0,0.7766923933333333,0.7688743966666666,100.95396833333332
2022-05-01,2022-05,May,Mannar,Northern,2.0,25841.0,LK42,65.0,0.69125382,0.67330281,102.48068666666666
2022-05-01,2022-05,May,Matale,Central,2.0,25830.0,LK22,67.0,0.7807328099999999,0.7697553166666666,101.33903
2022-05-01,2022-05,May,Matara,Southern,2.0,25848.0,LK32,39.0,0.8110743466666667,0.8025984233333333,100.995725
2022-05-01,2022-05,May,Monaragala,Uva,2.0,25850.0,LK82,186.0,0.7705426333333333,0.7616334866666667,101.09632866666668
2022-05-01,2022-05,May,Mullaitivu,Northern,2.0,25842.0,LK44,85.0,0.72478981,0.70917131,102.05741533333332
2022-05-01,2022-05,May,Nuwara Eliya,Central,2.0,41749.0,LK23,58.0,0.7989620333333334,0.7783765833333334,102.48503533333333
2022-05-01,2022-05,May,Polonnaruwa,North Central,2.0,25836.0,LK72,116.0,0.7107887933333333,0.6925152333333333,102.46043166666668
2022-05-01,2022-05,May,Puttalam,North Western,2.0,25838.0,LK62,107.0,0.7397317499999999,0.7109920000000001,103.77649333333333
2022-05-01,2022-05,May,Ratnapura,Sabaragamuwa,2.0,25845.0,LK91,108.0,0.8240712599999999,0.8096791900000001,101.674188
2022-05-01,2022-05,May,Trincomalee,Eastern,2.0,25834.0,LK53,83.0,0.68705702,0.6749312466666666,101.67277533333333
2022-05-01,2022-05,May,Vavuniya,Northern,2.0,25843.0,LK43,65.0,0.75396717,0.73722455,102.127682
2022-06-01,2022-06,June,Ampara,Eastern,2.0,25832.0,LK52,147.0,0.7031138333333334,0.69607917,100.94354499999999
2022-06-01,2022-06,June,Anuradhapura,North Central,2.0,25835.0,LK71,235.0,0.7084304866666667,0.6999913666666666,101.13328
2022-06-01,2022-06,June,Badulla,Uva,2.0,25849.0,LK81,94.0,0.7489170266666667,0.7429939533333334,100.74751333333332
2022-06-01,2022-06,June,Batticaloa,Eastern,2.0,25833.0,LK51,82.0,0.6168186666666666,0.5971564333333333,103.04021666666665
2022-06-01,2022-06,June,Colombo,Western,2.0,25851.0,LK11,23.0,0.7015564933333334,0.7040921833333332,99.66379133333334
2022-06-01,2022-06,June,Galle,Southern,2.0,25846.0,LK31,54.0,0.8094147833333333,0.8009732366666666,100.99193333333334
2022-06-01,2022-06,June,Gampaha,Western,2.0,25852.0,LK12,47.0,0.7629283333333333,0.7584368933333333,100.55551000000001
2022-06-01,2022-06,June,Hambantota,Southern,2.0,25847.0,LK33,85.0,0.6967549000000001,0.6984099533333333,99.78002333333335
2022-06-01,2022-06,June,Jaffna,Northern,2.0,25839.0,LK41,31.0,0.5355279466666666,0.48190153666666663,110.08538500000002
2022-06-01,2022-06,June,Kalutara,Western,2.0,25853.0,LK13,52.0,0.79863332,0.7987041333333332,99.99166166666667
2022-06-01,2022-06,June,Kandy,Central,2.0,41748.0,LK21,60.0,0.7993072133333333,0.7865019333333333,101.53081666666667
2022-06-01,2022-06,June,Kegalle,Sabaragamuwa,2.0,25844.0,LK92,55.0,0.8404478833333333,0.8373326266666666,100.35113
2022-06-01,2022-06,June,Kilinochchi,Northern,2.0,25840.0,LK45,41.0,0.6164934633333333,0.5513656466666667,110.83713499999999
2022-06-01,2022-06,June,Kurunegala,North Western,2.0,25837.0,LK61,158.0,0.77966602,0.7748695666666666,100.581398
2022-06-01,2022-06,June,Mannar,Northern,2.0,25841.0,LK42,65.0,0.6676722766666666,0.6502179333333333,102.49685333333333
2022-06-01,2022-06,June,Matale,Central,2.0,25830.0,LK22,67.0,0.7728895233333333,0.7593344433333332,101.67661866666667
2022-06-01,2022-06,June,Matara,Southern,2.0,25848.0,LK32,39.0,0.8132324533333333,0.8112293133333334,100.23257000000001
2022-06-01,2022-06,June,Monaragala,Uva,2.0,25850.0,LK82,186.0,0.7389046266666667,0.7310031866666667,101.01826666666666
2022-06-01,2022-06,June,Mullaitivu,Northern,2.0,25842.0,LK44,85.0,0.7174372466666666,0.6991408666666666,102.44291
2022-06-01,2022-06,June,Nuwara Eliya,Central,2.0,41749.0,LK23,58.0,0.79302297,0.7738468,102.327692
2022-06-01,2022-06,June,Polonnaruwa,North Central,2.0,25836.0,LK72,116.0,0.6968620666666666,0.6941723433333333,100.36126666666667
2022-06-01,2022-06,June,Puttalam,North Western,2.0,25838.0,LK62,107.0,0.73426913,0.7017504666666667,104.32893666666666
2022-06-01,2022-06,June,Ratnapura,Sabaragamuwa,2.0,25845.0,LK91,108.0,0.8174672533333333,0.8067291666666666,101.25345733333334
2022-06-01,2022-06,June,Trincomalee,Eastern,2.0,25834.0,LK53,83.0,0.6827654166666667,0.6693011666666666,101.87524333333333
2022-06-01,2022-06,June,Vavuniya,Northern,2.0,25843.0,LK43,65.0,0.7453717866666666,0.7127846833333332,104.28303533333333
2022-07-01,2022-07,July,Ampara,Eastern,2.0,25832.0,LK52,147.0,0.6849212866666666,0.66297264,103.09608966666667
2022-07-01,2022-07,July,Anuradhapura,North Central,2.0,25835.0,LK71,235.0,0.7061490533333333,0.66451175,105.84368833333333
2022-07-01,2022-07,July,Badulla,Uva,2.0,25849.0,LK81,94.0,0.7456939466666667,0.7170180433333333,103.74969833333334
2022-07-01,2022-07,July,Batticaloa,Eastern,2.0,25833.0,LK51,82.0,0.5825581233333333,0.5537752966666667,104.77972
2022-07-01,2022-07,July,Colombo,Western,2.0,25851.0,LK11,23.0,0.6949347566666667,0.7042327766666666,98.76697
2022-07-01,2022-07,July,Galle,Southern,2.0,25846.0,LK31,54.0,0.8053407133333333,0.7963837866666666,101.05830866666668
2022-07-01,2022-07,July,Gampaha,Western,2.0,25852.0,LK12,47.0,0.7488999666666666,0.7523134333333333,99.57388366666667
2022-07-01,2022-07,July,Hambantota,Southern,2.0,25847.0,LK33,85.0,0.7001458666666668,0.6664425666666667,104.73360533333334
2022-07-01,2022-07,July,Jaffna,Northern,2.0,25839.0,LK41,31.0,0.5271698833333334,0.46375180666666665,112.35224333333333
2022-07-01,2022-07,July,Kalutara,Western,2.0,25853.0,LK13,52.0,0.79564038,0.7950797433333333,100.06643000000001
2022-07-01,2022-07,July,Kandy,Central,2.0,41748.0,LK21,60.0,0.8030188833333334,0.7818825266666667,102.54198266666667
2022-07-01,2022-07,July,Kegalle,Sabaragamuwa,2.0,25844.0,LK92,55.0,0.8359963333333335,0.8361627166666666,99.98140333333333
2022-07-01,2022-07,July,Kilinochchi,Northern,2.0,25840.0,LK45,41.0,0.6053625666666667,0.5403985833333333,110.99848833333333
2022-07-01,2022-07,July,Kurunegala,North Western,2.0,25837.0,LK61,158.0,0.7623385666666667,0.7443222666666666,102.28539666666666
2022-07-01,2022-07,July,Mannar,Northern,2.0,25841.0,LK42,65.0,0.6546691966666667,0.62472038,104.44458166666668
2022-07-01,2022-07,July,Matale,Central,2.0,25830.0,LK22,67.0,0.7744014833333334,0.7411886500000001,104.20418266666667
2022-07-01,2022-07,July,Matara,Southern,2.0,25848.0,LK32,39.0,0.8172436,0.8077109,101.11185666666667
2022-07-01,2022-07,July,Monaragala,Uva,2.0,25850.0,LK82,186.0,0.7264324133333333,0.6853212933333334,105.61515833333333
2022-07-01,2022-07,July,Mullaitivu,Northern,2.0,25842.0,LK44,85.0,0.70829881,0.6886919566666667,102.65429333333333
2022-07-01,2022-07,July,Nuwara Eliya,Central,2.0,41749.0,LK23,58.0,0.78894194,0.7643455466666667,103.021043
2022-07-01,2022-07,July,Polonnaruwa,North Central,2.0,25836.0,LK72,116.0,0.7239201,0.6896422566666667,104.63962333333332
2022-07-01,2022-07,July,Puttalam,North Western,2.0,25838.0,LK62,107.0,0.7148326766666666,0.6679628466666667,106.54211866666667
2022-07-01,2022-07,July,Ratnapura,Sabaragamuwa,2.0,25845.0,LK91,108.0,0.8137169433333332,0.7948234166666667,102.23827
2022-07-01,2022-07,July,Trincomalee,Eastern,2.0,25834.0,LK53,83.0,0.70369637,0.6580614966666667,106.44703666666668
2022-07-01,2022-07,July,Vavuniya,Northern,2.0,25843.0,LK43,65.0,0.7374117666666665,0.68687702,106.85893633333335
2022-08-01,2022-08,August,Ampara,Eastern,2.0,25832.0,LK52,147.0,0.6766208666666667,0.6297521233333333,106.89945666666667
2022-08-01,2022-08,August,Anuradhapura,North Central,2.0,25835.0,LK71,235.0,0.7215648,0.6509886466666667,110.06835699999999
2022-08-01,2022-08,August,Badulla,Uva,2.0,25849.0,LK81,94.0,0.7561719666666668,0.7010389,107.341933
2022-08-01,2022-08,August,Batticaloa,Eastern,2.0,25833.0,LK51,82.0,0.5706975666666667,0.5290863866666666,107.187045
2022-08-01,2022-08,August,Colombo,Western,2.0,25851.0,LK11,23.0,0.68443041,0.6977320533333332,98.22068533333334
2022-08-01,2022-08,August,Galle,Southern,2.0,25846.0,LK31,54.0,0.7994320699999999,0.79401784,100.64150333333333
2022-08-01,2022-08,August,Gampaha,Western,2.0,25852.0,LK12,47.0,0.7311361666666668,0.7410126333333333,98.75050800000001
2022-08-01,2022-08,August,Hambantota,Southern,2.0,25847.0,LK33,85.0,0.7073568466666668,0.6358906333333333,110.42036
2022-08-01,2022-08,August,Jaffna,Northern,2.0,25839.0,LK41,31.0,0.5405397466666667,0.46041914,115.69692933333333
2022-08-01,2022-08,August,Kalutara,Western,2.0,25853.0,LK13,52.0,0.7887301233333334,0.7902804933333334,99.81536466666667
2022-08-01,2022-08,August,Kandy,Central,2.0,41748.0,LK21,60.0,0.8091211333333334,0.7761413999999999,103.992188
2022-08-01,2022-08,August,Kegalle,Sabaragamuwa,2.0,25844.0,LK92,55.0,0.8336187666666666,0.83049366,100.355
2022-08-01,2022-08,August,Kilinochchi,Northern,2.0,25840.0,LK45,41.0,0.5756121533333333,0.5262446000000001,108.56435533333332
2022-08-01,2022-08,August,Kurunegala,North Western,2.0,25837.0,LK61,158.0,0.7475841466666666,0.7056622866666666,105.55078633333333
2022-08-01,2022-08,August,Mannar,Northern,2.0,25841.0,LK42,65.0,0.6568886966666666,0.6115338466666667,106.85662166666667
2022-08-01,2022-08,August,Matale,Central,2.0,25830.0,LK22,67.0,0.7834029666666668,0.72781648,107.1472
2022-08-01,2022-08,August,Matara,Southern,2.0,25848.0,LK32,39.0,0.8067512933333333,0.7997613100000001,100.82190333333334
2022-08-01,2022-08,August,Monaragala,Uva,2.0,25850.0,LK82,186.0,0.7398532233333333,0.6643590033333333,110.56902333333333
2022-08-01,2022-08,August,Mullaitivu,Northern,2.0,25842.0,LK44,85.0,0.7117207666666667,0.6894681,103.00903333333333
2022-08-01,2022-08,August,Nuwara Eliya,Central,2.0,41749.0,LK23,58.0,0.7886884666666667,0.7604915800000001,103.47899033333334
2022-08-01,2022-08,August,Polonnaruwa,North Central,2.0,25836.0,LK72,116.0,0.7589675033333334,0.6756234133333333,111.49589533333334
2022-08-01,2022-08,August,Puttalam,North Western,2.0,25838.0,LK62,107.0,0.6870962,0.6345897133333334,107.66766533333333
2022-08-01,2022-08,August,Ratnapura,Sabaragamuwa,2.0,25845.0,LK91,108.0,0.8082672466666666,0.7835099900000001,102.96998466666666
2022-08-01,2022-08,August,Trincomalee,Eastern,2.0,25834.0,LK53,83.0,0.7146244833333334,0.6609511433333334,107.55116833333334
2022-08-01,2022-08,August,Vavuniya,Northern,2.0,25843.0,LK43,65.0,0.73719894,0.6878702466666667,106.68721666666666
2022-09-01,2022-09,September,Ampara,Eastern,2.0,25832.0,LK52,147.0,0.6734745833333333,0.6329594333333334,105.94035000000001
2022-09-01,2022-09,September,Anuradhapura,North Central,2.0,25835.0,LK71,235.0,0.7108927500000001,0.6619698366666666,106.88509666666666
2022-09-01,2022-09,September,Badulla,Uva,2.0,25849.0,LK81,94.0,0.7540602666666666,0.7060127666666668,106.36001666666668
2022-09-01,2022-09,September,Batticaloa,Eastern,2.0,25833.0,LK51,82.0,0.5847504,0.5397494566666667,107.63598466666667
2022-09-01,2022-09,September,Colombo,Western,2.0,25851.0,LK11,23.0,0.6788724466666666,0.6961392833333333,97.68587000000001
2022-09-01,2022-09,September,Galle,Southern,2.0,25846.0,LK31,54.0,0.79819936,0.7968295466666667,100.16170666666666
2022-09-01,2022-09,September,Gampaha,Western,2.0,25852.0,LK12,47.0,0.7195531733333334,0.7382961266666667,97.62247833333333
2022-09-01,2022-09,September,Hambantota,Southern,2.0,25847.0,LK33,85.0,0.668629,0.63163102,105.44280333333332
2022-09-01,2022-09,September,Jaffna,Northern,2.0,25839.0,LK41,31.0,0.5576472833333334,0.4845341333333333,113.70141533333333
2022-09-01,2022-09,September,Kalutara,Western,2.0,25853.0,LK13,52.0,0.7877544833333333,0.79020558,99.70817133333333
2022-09-01,2022-09,September,Kandy,Central,2.0,41748.0,LK21,60.0,0.8085549966666666,0.77577225,103.97009833333334
2022-09-01,2022-09,September,Kegalle,Sabaragamuwa,2.0,25844.0,LK92,55.0,0.8303921,0.82574345,100.53089666666666
2022-09-01,2022-09,September,Kilinochchi,Northern,2.0,25840.0,LK45,41.0,0.5608698866666667,0.52585062,106.08731466666666
2022-09-01,2022-09,September,Kurunegala,North Western,2.0,25837.0,LK61,158.0,0.7371109533333332,0.7007411133333333,104.84760666666666
2022-09-01,2022-09,September,Mannar,Northern,2.0,25841.0,LK42,65.0,0.6682040833333334,0.62242828,106.81452133333335
2022-09-01,2022-09,September,Matale,Central,2.0,25830.0,LK22,67.0,0.7869203666666666,0.73437527,106.70207666666666
2022-09-01,2022-09,September,Matara,Southern,2.0,25848.0,LK32,39.0,0.7954965566666666,0.7964650633333333,99.88561
2022-09-01,2022-09,September,Monaragala,Uva,2.0,25850.0,LK82,186.0,0.74330841,0.67865846,108.88582866666667
2022-09-01,2022-09,September,Mullaitivu,Northern,2.0,25842.0,LK44,85.0,0.7255313666666666,0.7039018433333334,102.870302
2022-09-01,2022-09,September,Nuwara Eliya,Central,2.0,41749.0,LK23,58.0,0.7926097666666667,0.7645634333333334,103.442918
2022-09-01,2022-09,September,Polonnaruwa,North Central,2.0,25836.0,LK72,116.0,0.7420859000000001,0.66211692,111.23234866666667
2022-09-01,2022-09,September,Puttalam,North Western,2.0,25838.0,LK62,107.0,0.6781158666666668,0.6389632333333334,105.688598
2022-09-01,2022-09,September,Ratnapura,Sabaragamuwa,2.0,25845.0,LK91,108.0,0.8009564566666666,0.7821766166666667,102.25705
2022-09-01,2022-09,September,Trincomalee,Eastern,2.0,25834.0,LK53,83.0,0.7029497533333333,0.67273578,104.18768333333333
2022-09-01,2022-09,September,Vavuniya,Northern,2.0,25843.0,LK43,65.0,0.7400046333333333,0.7114957333333334,103.75633
2022-10-01,2022-10,October,Ampara,Eastern,2.0,25832.0,LK52,147.0,0.6938990333333334,0.6726984566666667,102.94863833333334
2022-10-01,2022-10,October,Anuradhapura,North Central,2.0,25835.0,LK71,235.0,0.7286532833333333,0.7050825566666666,103.13319333333334
2022-10-01,2022-10,October,Badulla,Uva,2.0,25849.0,LK81,94.0,0.7657840166666666,0.73642772,103.74163333333333
2022-10-01,2022-10,October,Batticaloa,Eastern,2.0,25833.0,LK51,82.0,0.6184727533333333,0.58577872,105.16160500000001
2022-10-01,2022-10,October,Colombo,Western,2.0,25851.0,LK11,23.0,0.6820840533333333,0.6993316900000001,97.69826
2022-10-01,2022-10,October,Galle,Southern,2.0,25846.0,LK31,54.0,0.8122110666666668,0.80463834,100.88526333333333
2022-10-01,2022-10,October,Gampaha,Western,2.0,25852.0,LK12,47.0,0.72519928,0.7456929666666667,97.42427466666668
2022-10-01,2022-10,October,Hambantota,Southern,2.0,25847.0,LK33,85.0,0.67323685,0.67526712,99.74039599999999
2022-10-01,2022-10,October,Jaffna,Northern,2.0,25839.0,LK41,31.0,0.5994075133333333,0.53861731,110.34027833333333
2022-10-01,2022-10,October,Kalutara,Western,2.0,25853.0,LK13,52.0,0.79939998,0.7947389133333332,100.55138333333333
2022-10-01,2022-10,October,Kandy,Central,2.0,41748.0,LK21,60.0,0.81626279,0.7867203666666667,103.531695
2022-10-01,2022-10,October,Kegalle,Sabaragamuwa,2.0,25844.0,LK92,55.0,0.8316072866666667,0.8250890333333333,100.74487533333333
2022-10-01,2022-10,October,Kilinochchi,Northern,2.0,25840.0,LK45,41.0,0.5906471466666666,0.5664579066666667,103.932975
2022-10-01,2022-10,October,Kurunegala,North Western,2.0,25837.0,LK61,158.0,0.7525928,0.7316796600000001,102.68457666666666
2022-10-01,2022-10,October,Mannar,Northern,2.0,25841.0,LK42,65.0,0.69482357,0.6693824666666667,103.56177533333334
2022-10-01,2022-10,October,Matale,Central,2.0,25830.0,LK22,67.0,0.8022820566666665,0.7646746466666666,104.62465466666667
2022-10-01,2022-10,October,Matara,Southern,2.0,25848.0,LK32,39.0,0.8020110733333333,0.8024033333333334,99.953596
2022-10-01,2022-10,October,Monaragala,Uva,2.0,25850.0,LK82,186.0,0.7570965666666667,0.7241691666666666,104.27727133333333
2022-10-01,2022-10,October,Mullaitivu,Northern,2.0,25842.0,LK44,85.0,0.7510647,0.7338299833333334,102.20188
2022-10-01,2022-10,October,Nuwara Eliya,Central,2.0,41749.0,LK23,58.0,0.8091091933333333,0.7775780666666666,103.80989333333333
2022-10-01,2022-10,October,Polonnaruwa,North Central,2.0,25836.0,LK72,116.0,0.7393235433333333,0.6956889,105.87982466666666
2022-10-01,2022-10,October,Puttalam,North Western,2.0,25838.0,LK62,107.0,0.7216479866666666,0.6856798166666667,104.88998833333333
2022-10-01,2022-10,October,Ratnapura,Sabaragamuwa,2.0,25845.0,LK91,108.0,0.8104644799999999,0.7957741733333333,101.73792666666667
2022-10-01,2022-10,October,Trincomalee,Eastern,2.0,25834.0,LK53,83.0,0.7172345566666666,0.7037558566666666,101.79321133333333
2022-10-01,2022-10,October,Vavuniya,Northern,2.0,25843.0,LK43,65.0,0.76220766,0.7542895333333334,100.99132166666668
2022-11-01,2022-11,November,Ampara,Eastern,2.0,25832.0,LK52,147.0,0.7339167566666666,0.73024149,100.47963033333333
2022-11-01,2022-11,November,Anuradhapura,North Central,2.0,25835.0,LK71,235.0,0.7622775866666668,0.75418649,101.01155333333332
2022-11-01,2022-11,November,Badulla,Uva,2.0,25849.0,LK81,94.0,0.7808645333333333,0.7692643666666666,101.42011333333333
2022-11-01,2022-11,November,Batticaloa,Eastern,2.0,25833.0,LK51,82.0,0.6958951,0.6684093433333334,103.83093166666667
2022-11-01,2022-11,November,Colombo,Western,2.0,25851.0,LK11,23.0,0.6800782566666667,0.6999362000000001,97.35195533333335
2022-11-01,2022-11,November,Galle,Southern,2.0,25846.0,LK31,54.0,0.8201302333333333,0.8110670066666666,101.05274200000001
2022-11-01,2022-11,November,Gampaha,Western,2.0,25852.0,LK12,47.0,0.73920212,0.7596452866666666,97.47478233333334
2022-11-01,2022-11,November,Hambantota,Southern,2.0,25847.0,LK33,85.0,0.7247744866666667,0.7371608566666668,98.427525
2022-11-01,2022-11,November,Jaffna,Northern,2.0,25839.0,LK41,31.0,0.6560322366666668,0.6011712133333333,108.43220866666667
2022-11-01,2022-11,November,Kalutara,Western,2.0,25853.0,LK13,52.0,0.8013378000000001,0.7982270133333333,100.366828
2022-11-01,2022-11,November,Kandy,Central,2.0,41748.0,LK21,60.0,0.8201894099999999,0.8012197633333334,102.23013666666667
2022-11-01,2022-11,November,Kegalle,Sabaragamuwa,2.0,25844.0,LK92,55.0,0.8292987466666667,0.82791171,100.15821
2022-11-01,2022-11,November,Kilinochchi,Northern,2.0,25840.0,LK45,41.0,0.66873087,0.6432878833333334,103.66857933333334
2022-11-01,2022-11,November,Kurunegala,North Western,2.0,25837.0,LK61,158.0,0.7772210533333334,0.7751060133333333,100.26377500000001
2022-11-01,2022-11,November,Mannar,Northern,2.0,25841.0,LK42,65.0,0.7265328333333333,0.7253331,100.16216000000001
2022-11-01,2022-11,November,Matale,Central,2.0,25830.0,LK22,67.0,0.8095522,0.7938021000000001,101.87037
2022-11-01,2022-11,November,Matara,Southern,2.0,25848.0,LK32,39.0,0.8170119433333333,0.81549072,100.17571466666668
2022-11-01,2022-11,November,Monaragala,Uva,2.0,25850.0,LK82,186.0,0.78195301,0.77563148,100.774428
2022-11-01,2022-11,November,Mullaitivu,Northern,2.0,25842.0,LK44,85.0,0.77513802,0.7649793100000001,101.24786666666667
2022-11-01,2022-11,November,Nuwara Eliya,Central,2.0,41749.0,LK23,58.0,0.8163919333333333,0.7932364766666667,102.74801666666667
2022-11-01,2022-11,November,Polonnaruwa,North Central,2.0,25836.0,LK72,116.0,0.7496263966666667,0.7374111633333333,101.55630533333333
2022-11-01,2022-11,November,Puttalam,North Western,2.0,25838.0,LK62,107.0,0.7655616866666667,0.7389796133333334,103.37624166666666
2022-11-01,2022-11,November,Ratnapura,Sabaragamuwa,2.0,25845.0,LK91,108.0,0.8192120133333334,0.8127910133333334,100.74539333333333
2022-11-01,2022-11,November,Trincomalee,Eastern,2.0,25834.0,LK53,83.0,0.7499630133333334,0.7405627566666667,101.18780333333332
2022-11-01,2022-11,November,Vavuniya,Northern,2.0,25843.0,LK43,65.0,0.7924445966666666,0.7915826566666667,100.10265
2022-12-01,2022-12,December,Ampara,Eastern,2.0,25832.0,LK52,147.0,0.7753571233333334,0.7766607333333333,99.84180333333335
2022-12-01,2022-12,December,Anuradhapura,North Central,2.0,25835.0,LK71,235.0,0.7886127666666667,0.7848832833333333,100.44632333333334
2022-12-01,2022-12,December,Badulla,Uva,2.0,25849.0,LK81,94.0,0.7867304666666667,0.7869486866666667,99.97516333333333
2022-12-01,2022-12,December,Batticaloa,Eastern,2.0,25833.0,LK51,82.0,0.7530788166666667,0.7287191533333334,103.12988
2022-12-01,2022-12,December,Colombo,Western,2.0,25851.0,LK11,23.0,0.6761826000000001,0.6931179466666667,97.722645
2022-12-01,2022-12,December,Galle,Southern,2.0,25846.0,LK31,54.0,0.8177610766666666,0.8138152533333334,100.45683333333334
2022-12-01,2022-12,December,Gampaha,Western,2.0,25852.0,LK12,47.0,0.7507957,0.7628569066666667,98.51775333333335
2022-12-01,2022-12,December,Hambantota,Southern,2.0,25847.0,LK33,85.0,0.7594043166666666,0.7700227133333333,98.70382166666667
2022-12-01,2022-12,December,Jaffna,Northern,2.0,25839.0,LK41,31.0,0.6780268700000001,0.6252972966666667,107.80838999999999
2022-12-01,2022-12,December,Kalutara,Western,2.0,25853.0,LK13,52.0,0.7962839466666667,0.7963954366666667,99.98706499999999
2022-12-01,2022-12,December,Kandy,Central,2.0,41748.0,LK21,60.0,0.8130571999999999,0.8061117200000001,100.81125666666667
2022-12-01,2022-12,December,Kegalle,Sabaragamuwa,2.0,25844.0,LK92,55.0,0.82526,0.8268434299999999,99.81966466666667
2022-12-01,2022-12,December,Kilinochchi,Northern,2.0,25840.0,LK45,41.0,0.7174861899999999,0.6934801566666667,103.231755
2022-12-01,2022-12,December,Kurunegala,North Western,2.0,25837.0,LK61,158.0,0.7964839533333333,0.8019920066666666,99.35326466666667
2022-12-01,2022-12,December,Mannar,Northern,2.0,25841.0,LK42,65.0,0.7503451133333333,0.7516517333333333,99.83617333333332
2022-12-01,2022-12,December,Matale,Central,2.0,25830.0,LK22,67.0,0.8113482466666667,0.8089373566666667,100.28192533333333
2022-12-01,2022-12,December,Matara,Southern,2.0,25848.0,LK32,39.0,0.8274615466666667,0.8252643266666667,100.25099999999999
2022-12-01,2022-12,December,Monaragala,Uva,2.0,25850.0,LK82,186.0,0.7979790166666666,0.8032846,99.37898333333334
2022-12-01,2022-12,December,Mullaitivu,Northern,2.0,25842.0,LK44,85.0,0.7846803866666666,0.7785315666666667,100.74233333333332
2022-12-01,2022-12,December,Nuwara Eliya,Central,2.0,41749.0,LK23,58.0,0.8076551566666668,0.7976402033333333,101.18130000000001
2022-12-01,2022-12,December,Polonnaruwa,North Central,2.0,25836.0,LK72,116.0,0.7698338666666666,0.7602516,101.18094333333333
2022-12-01,2022-12,December,Puttalam,North Western,2.0,25838.0,LK62,107.0,0.77852709,0.7589746666666667,102.41697833333335
2022-12-01,2022-12,December,Ratnapura,Sabaragamuwa,2.0,25845.0,LK91,108.0,0.8199611133333334,0.81920739,100.08672833333333
2022-12-01,2022-12,December,Trincomalee,Eastern,2.0,25834.0,LK53,83.0,0.7815626333333334,0.76396468,102.16054166666667
2022-12-01,2022-12,December,Vavuniya,Northern,2.0,25843.0,LK43,65.0,0.80588253,0.8042701600000001,100.188788
2023-01-01,2023-01,January,Ampara,Eastern,2.0,25832.0,LK52,147.0,0.7858117833333332,0.7833097133333333,100.30127133333333
2023-01-01,2023-01,January,Anuradhapura,North Central,2.0,25835.0,LK71,235.0,0.7909855333333334,0.7924991,99.81962333333333
2023-01-01,2023-01,January,Badulla,Uva,2.0,25849.0,LK81,94.0,0.79104288,0.7926376866666667,99.81108
2023-01-01,2023-01,January,Batticaloa,Eastern,2.0,25833.0,LK51,82.0,0.7341642266666667,0.7211823599999999,101.67264466666666
2023-01-01,2023-01,January,Colombo,Western,2.0,25851.0,LK11,23.0,0.6718608333333332,0.6720614033333333,99.97921466666666
2023-01-01,2023-01,January,Galle,Southern,2.0,25846.0,LK31,54.0,0.8135456666666666,0.8078158633333333,100.66910666666666
2023-01-01,2023-01,January,Gampaha,Western,2.0,25852.0,LK12,47.0,0.7485765866666667,0.7362003333333332,101.58782133333334
2023-01-01,2023-01,January,Hambantota,Southern,2.0,25847.0,LK33,85.0,0.7770227,0.77555122,100.18062466666667
2023-01-01,2023-01,January,Jaffna,Northern,2.0,25839.0,LK41,31.0,0.64208819,0.6014972866666667,106.22046133333333
2023-01-01,2023-01,January,Kalutara,Western,2.0,25853.0,LK13,52.0,0.7921339466666666,0.7819341033333332,101.22904
2023-01-01,2023-01,January,Kandy,Central,2.0,41748.0,LK21,60.0,0.8068749633333333,0.7984849533333334,100.99007133333333
2023-01-01,2023-01,January,Kegalle,Sabaragamuwa,2.0,25844.0,LK92,55.0,0.8209920966666666,0.8109299999999999,101.17228999999999
2023-01-01,2023-01,January,Kilinochchi,Northern,2.0,25840.0,LK45,41.0,0.6801682866666666,0.6806254666666667,99.91848
2023-01-01,2023-01,January,Kurunegala,North Western,2.0,25837.0,LK61,158.0,0.78505081,0.7805691266666667,100.54769466666666
2023-01-01,2023-01,January,Mannar,Northern,2.0,25841.0,LK42,65.0,0.7555215333333333,0.7527504566666666,100.34519133333333
2023-01-01,2023-01,January,Matale,Central,2.0,25830.0,LK22,67.0,0.81207612,0.8147227899999999,99.69406666666667
2023-01-01,2023-01,January,Matara,Southern,2.0,25848.0,LK32,39.0,0.8238828799999999,0.8164981633333334,100.85403466666666
2023-01-01,2023-01,January,Monaragala,Uva,2.0,25850.0,LK82,186.0,0.79551932,0.8022891,99.20627999999999
2023-01-01,2023-01,January,Mullaitivu,Northern,2.0,25842.0,LK44,85.0,0.7682458666666667,0.7719806333333333,99.54332333333332
2023-01-01,2023-01,January,Nuwara Eliya,Central,2.0,41749.0,LK23,58.0,0.7963436333333332,0.7875915333333333,101.04574333333333
2023-01-01,2023-01,January,Polonnaruwa,North Central,2.0,25836.0,LK72,116.0,0.7961275533333333,0.7867867866666667,101.11724
2023-01-01,2023-01,January,Puttalam,North Western,2.0,25838.0,LK62,107.0,0.7674937266666667,0.7442575466666667,102.92828333333334
2023-01-01,2023-01,January,Ratnapura,Sabaragamuwa,2.0,25845.0,LK91,108.0,0.8193509200000001,0.8121014333333333,100.842355
2023-01-01,2023-01,January,Trincomalee,Eastern,2.0,25834.0,LK53,83.0,0.77639034,0.76624178,101.2402
2023-01-01,2023-01,January,Vavuniya,Northern,2.0,25843.0,LK43,65.0,0.7883292133333333,0.7948951333333333,99.22041866666666
2023-02-01,2023-02,February,Ampara,Eastern,2.0,25832.0,LK52,147.0,0.7476634799999999,0.7432987,100.55111533333333
2023-02-01,2023-02,February,Anuradhapura,North Central,2.0,25835.0,LK71,235.0,0.7580268,0.75761819,100.05290166666667
2023-02-01,2023-02,February,Badulla,Uva,2.0,25849.0,LK81,94.0,0.7853450333333334,0.7792860999999999,100.73210866666666
2023-02-01,2023-02,February,Batticaloa,Eastern,2.0,25833.0,LK51,82.0,0.6656662233333334,0.6692407333333333,99.49836133333334
2023-02-01,2023-02,February,Colombo,Western,2.0,25851.0,LK11,23.0,0.6657115666666668,0.6544099333333334,101.60465666666666
2023-02-01,2023-02,February,Galle,Southern,2.0,25846.0,LK31,54.0,0.80922961,0.7933937333333333,101.87891333333334
2023-02-01,2023-02,February,Gampaha,Western,2.0,25852.0,LK12,47.0,0.73263402,0.7034402433333332,103.87537333333334
2023-02-01,2023-02,February,Hambantota,Southern,2.0,25847.0,LK33,85.0,0.7698658733333333,0.7486602666666666,102.66275833333333
2023-02-01,2023-02,February,Jaffna,Northern,2.0,25839.0,LK41,31.0,0.58847527,0.5498484466666667,106.45338833333334
2023-02-01,2023-02,February,Kalutara,Western,2.0,25853.0,LK13,52.0,0.7865775466666666,0.7683292866666666,102.22998
2023-02-01,2023-02,February,Kandy,Central,2.0,41748.0,LK21,60.0,0.79850722,0.7830002333333334,101.86225
2023-02-01,2023-02,February,Kegalle,Sabaragamuwa,2.0,25844.0,LK92,55.0,0.8152945133333334,0.7953982866666666,102.35361333333333
2023-02-01,2023-02,February,Kilinochchi,Northern,2.0,25840.0,LK45,41.0,0.6061853666666667,0.62443539,97.28683000000001
2023-02-01,2023-02,February,Kurunegala,North Western,2.0,25837.0,LK61,158.0,0.7358442933333333,0.7190770733333333,102.18538033333333
2023-02-01,2023-02,February,Mannar,Northern,2.0,25841.0,LK42,65.0,0.7285143,0.7307267533333333,99.712875
2023-02-01,2023-02,February,Matale,Central,2.0,25830.0,LK22,67.0,0.8015268333333333,0.7999620333333333,100.18498
2023-02-01,2023-02,February,Matara,Southern,2.0,25848.0,LK32,39.0,0.8106324699999999,0.7943172133333333,101.93427000000001
2023-02-01,2023-02,February,Monaragala,Uva,2.0,25850.0,LK82,186.0,0.7800205866666667,0.7800976533333334,99.99255333333333
2023-02-01,2023-02,February,Mullaitivu,Northern,2.0,25842.0,LK44,85.0,0.7376901533333333,0.7505555999999999,98.39142
2023-02-01,2023-02,February,Nuwara Eliya,Central,2.0,41749.0,LK23,58.0,0.7903603033333333,0.7738566566666667,102.00418833333333
2023-02-01,2023-02,February,Polonnaruwa,North Central,2.0,25836.0,LK72,116.0,0.7764442233333333,0.7762176233333333,100.02299333333333
2023-02-01,2023-02,February,Puttalam,North Western,2.0,25838.0,LK62,107.0,0.7397292599999999,0.7083814966666667,104.13682
2023-02-01,2023-02,February,Ratnapura,Sabaragamuwa,2.0,25845.0,LK91,108.0,0.81665922,0.8001612833333334,101.94117999999999
2023-02-01,2023-02,February,Trincomalee,Eastern,2.0,25834.0,LK53,83.0,0.73252248,0.73724276,99.39614666666667
2023-02-01,2023-02,February,Vavuniya,Northern,2.0,25843.0,LK43,65.0,0.7519159066666666,0.7669161,98.16139
2023-03-01,2023-03,March,Ampara,Eastern,2.0,25832.0,LK52,147.0,0.7072455666666667,0.6993939033333333,101.05040000000001
2023-03-01,2023-03,March,Anuradhapura,North Central,2.0,25835.0,LK71,235.0,0.7120212333333334,0.7122368166666666,99.97060499999999
2023-03-01,2023-03,March,Badulla,Uva,2.0,25849.0,LK81,94.0,0.7703506566666666,0.7597539233333334,101.30909000000001
2023-03-01,2023-03,March,Batticaloa,Eastern,2.0,25833.0,LK51,82.0,0.62366259,0.6270425733333332,99.50259033333333
2023-03-01,2023-03,March,Colombo,Western,2.0,25851.0,LK11,23.0,0.6633941766666667,0.6577345133333333,100.80224
2023-03-01,2023-03,March,Galle,Southern,2.0,25846.0,LK31,54.0,0.8085635533333333,0.7874191600000001,102.52496666666667
2023-03-01,2023-03,March,Gampaha,Western,2.0,25852.0,LK12,47.0,0.7212971633333334,0.6998973133333334,102.85629133333333
2023-03-01,2023-03,March,Hambantota,Southern,2.0,25847.0,LK33,85.0,0.73193566,0.7118593333333333,102.62701
2023-03-01,2023-03,March,Jaffna,Northern,2.0,25839.0,LK41,31.0,0.55758601,0.5109923333333334,108.30783366666667
2023-03-01,2023-03,March,Kalutara,Western,2.0,25853.0,LK13,52.0,0.7858243633333334,0.77279975,101.58442833333334
2023-03-01,2023-03,March,Kandy,Central,2.0,41748.0,LK21,60.0,0.7904472033333333,0.7727419133333333,102.152085
2023-03-01,2023-03,March,Kegalle,Sabaragamuwa,2.0,25844.0,LK92,55.0,0.8165126833333334,0.7990706866666667,102.05504866666666
2023-03-01,2023-03,March,Kilinochchi,Northern,2.0,25840.0,LK45,41.0,0.5647479566666667,0.58135265,97.37480666666666
2023-03-01,2023-03,March,Kurunegala,North Western,2.0,25837.0,LK61,158.0,0.6995643133333335,0.6883870466666666,101.51453666666667
2023-03-01,2023-03,March,Mannar,Northern,2.0,25841.0,LK42,65.0,0.6890071666666667,0.7011477333333334,98.38170833333334
2023-03-01,2023-03,March,Matale,Central,2.0,25830.0,LK22,67.0,0.7822472433333333,0.7756171233333333,100.80473633333334
2023-03-01,2023-03,March,Matara,Southern,2.0,25848.0,LK32,39.0,0.8049563966666667,0.7825581666666667,102.69038333333333
2023-03-01,2023-03,March,Monaragala,Uva,2.0,25850.0,LK82,186.0,0.7654549999999999,0.7631427466666666,100.28413333333333
2023-03-01,2023-03,March,Mullaitivu,Northern,2.0,25842.0,LK44,85.0,0.7160945,0.7284733299999999,98.41161
2023-03-01,2023-03,March,Nuwara Eliya,Central,2.0,41749.0,LK23,58.0,0.7889764066666668,0.76845832,102.50693033333333
2023-03-01,2023-03,March,Polonnaruwa,North Central,2.0,25836.0,LK72,116.0,0.72236519,0.7271072466666667,99.39054133333333
2023-03-01,2023-03,March,Puttalam,North Western,2.0,25838.0,LK62,107.0,0.7149171166666667,0.6856575333333333,103.97653000000001
2023-03-01,2023-03,March,Ratnapura,Sabaragamuwa,2.0,25845.0,LK91,108.0,0.8161404033333334,0.7967155966666667,102.29420133333333
2023-03-01,2023-03,March,Trincomalee,Eastern,2.0,25834.0,LK53,83.0,0.6902638033333334,0.6988553533333333,98.85323
2023-03-01,2023-03,March,Vavuniya,Northern,2.0,25843.0,LK43,65.0,0.7239682166666667,0.7414863666666666,97.78729
2023-04-01,2023-04,April,Ampara,Eastern,2.0,25832.0,LK52,147.0,0.6991317333333334,0.6831142633333332,102.18433333333333
2023-04-01,2023-04,April,Anuradhapura,North Central,2.0,25835.0,LK71,235.0,0.71491302,0.71229456,100.34043333333334
2023-04-01,2023-04,April,Badulla,Uva,2.0,25849.0,LK81,94.0,0.7658897000000001,0.7551976666666667,101.32789666666667
2023-04-01,2023-04,April,Batticaloa,Eastern,2.0,25833.0,LK51,82.0,0.6174093333333333,0.60768549,101.480415
2023-04-01,2023-04,April,Colombo,Western,2.0,25851.0,LK11,23.0,0.67259999,0.6772539700000001,99.36154699999999
2023-04-01,2023-04,April,Galle,Southern,2.0,25846.0,LK31,54.0,0.8131789666666668,0.79412357,102.25766633333335
2023-04-01,2023-04,April,Gampaha,Western,2.0,25852.0,LK12,47.0,0.73500918,0.7242393766666666,101.39327333333334
2023-04-01,2023-04,April,Hambantota,Southern,2.0,25847.0,LK33,85.0,0.6968658666666667,0.7008370866666667,99.47207066666665
2023-04-01,2023-04,April,Jaffna,Northern,2.0,25839.0,LK41,31.0,0.5522483766666667,0.49807874333333335,109.88396666666667
2023-04-01,2023-04,April,Kalutara,Western,2.0,25853.0,LK13,52.0,0.7929044666666667,0.7875598333333333,100.63839333333333
2023-04-01,2023-04,April,Kandy,Central,2.0,41748.0,LK21,60.0,0.7965316666666666,0.7766860666666666,102.40038666666668
2023-04-01,2023-04,April,Kegalle,Sabaragamuwa,2.0,25844.0,LK92,55.0,0.8316963333333334,0.8171027799999999,101.68292866666667
2023-04-01,2023-04,April,Kilinochchi,Northern,2.0,25840.0,LK45,41.0,0.5661861733333334,0.5641594166666667,100.33309000000001
2023-04-01,2023-04,April,Kurunegala,North Western,2.0,25837.0,LK61,158.0,0.7250556866666665,0.7250464233333332,100.00352466666668
2023-04-01,2023-04,April,Mannar,Northern,2.0,25841.0,LK42,65.0,0.6816564066666667,0.6830917666666667,99.80721666666666
2023-04-01,2023-04,April,Matale,Central,2.0,25830.0,LK22,67.0,0.7798214,0.76829087,101.40892333333333
2023-04-01,2023-04,April,Matara,Southern,2.0,25848.0,LK32,39.0,0.8080170833333334,0.78895477,102.27320333333334
2023-04-01,2023-04,April,Monaragala,Uva,2.0,25850.0,LK82,186.0,0.7631358166666667,0.7644638666666667,99.83699
2023-04-01,2023-04,April,Mullaitivu,Northern,2.0,25842.0,LK44,85.0,0.7159140833333334,0.714852,100.14043
2023-04-01,2023-04,April,Nuwara Eliya,Central,2.0,41749.0,LK23,58.0,0.7938850366666667,0.7739699466666666,102.41696200000001
2023-04-01,2023-04,April,Polonnaruwa,North Central,2.0,25836.0,LK72,116.0,0.6971143566666668,0.69618518,100.12555200000001
2023-04-01,2023-04,April,Puttalam,North Western,2.0,25838.0,LK62,107.0,0.7187993566666666,0.6956772999999999,103.10126133333334
2023-04-01,2023-04,April,Ratnapura,Sabaragamuwa,2.0,25845.0,LK91,108.0,0.8202836333333333,0.8041900966666665,101.884305
2023-04-01,2023-04,April,Trincomalee,Eastern,2.0,25834.0,LK53,83.0,0.68057708,0.6763330233333334,100.58696466666667
2023-04-01,2023-04,April,Vavuniya,Northern,2.0,25843.0,LK43,65.0,0.72911897,0.7370928533333334,98.985862
2023-05-01,2023-05,May,Ampara,Eastern,2.0,25832.0,LK52,147.0,0.7272845733333333,0.6942442600000001,104.43603466666667
2023-05-01,2023-05,May,Anuradhapura,North Central,2.0,25835.0,LK71,235.0,0.7445686433333334,0.72566436,102.43873166666667
2023-05-01,2023-05,May,Badulla,Uva,2.0,25849.0,LK81,94.0,0.7721893300000001,0.7554970333333334,102.07328
2023-05-01,2023-05,May,Batticaloa,Eastern,2.0,25833.0,LK51,82.0,0.6490906066666667,0.6097193333333334,105.96654166666667
2023-05-01,2023-05,May,Colombo,Western,2.0,25851.0,LK11,23.0,0.6923318666666667,0.6955265166666668,99.56984666666666
2023-05-01,2023-05,May,Galle,Southern,2.0,25846.0,LK31,54.0,0.8186783533333334,0.8004023433333334,102.149114
2023-05-01,2023-05,May,Gampaha,Western,2.0,25852.0,LK12,47.0,0.7585304666666666,0.74915808,101.17204666666667
2023-05-01,2023-05,May,Hambantota,Southern,2.0,25847.0,LK33,85.0,0.7070325466666666,0.7062601000000001,100.10193
2023-05-01,2023-05,May,Jaffna,Northern,2.0,25839.0,LK41,31.0,0.56506557,0.49670642333333337,112.50515333333333
2023-05-01,2023-05,May,Kalutara,Western,2.0,25853.0,LK13,52.0,0.8072236899999999,0.7966547366666666,101.24780866666667
2023-05-01,2023-05,May,Kandy,Central,2.0,41748.0,LK21,60.0,0.80601275,0.7845254766666666,102.57469533333334
2023-05-01,2023-05,May,Kegalle,Sabaragamuwa,2.0,25844.0,LK92,55.0,0.8474872466666667,0.8317203266666667,101.78810333333332
2023-05-01,2023-05,May,Kilinochchi,Northern,2.0,25840.0,LK45,41.0,0.59149428,0.5603386866666668,105.10701666666667
2023-05-01,2023-05,May,Kurunegala,North Western,2.0,25837.0,LK61,158.0,0.7735050333333334,0.7688743966666666,100.56335999999999
2023-05-01,2023-05,May,Mannar,Northern,2.0,25841.0,LK42,65.0,0.6989512466666667,0.67330281,103.55004000000001
2023-05-01,2023-05,May,Matale,Central,2.0,25830.0,LK22,67.0,0.7887482333333334,0.7697553166666666,102.31755466666665
2023-05-01,2023-05,May,Matara,Southern,2.0,25848.0,LK32,39.0,0.8142580766666666,0.8025984233333333,101.36840133333332
2023-05-01,2023-05,May,Monaragala,Uva,2.0,25850.0,LK82,186.0,0.77069262,0.7616334866666667,101.12012133333333
2023-05-01,2023-05,May,Mullaitivu,Northern,2.0,25842.0,LK44,85.0,0.7323074133333334,0.70917131,103.04972500000001
2023-05-01,2023-05,May,Nuwara Eliya,Central,2.0,41749.0,LK23,58.0,0.80066778,0.7783765833333334,102.69095800000001
2023-05-01,2023-05,May,Polonnaruwa,North Central,2.0,25836.0,LK72,116.0,0.7076724,0.6925152333333333,102.04185333333334
2023-05-01,2023-05,May,Puttalam,North Western,2.0,25838.0,LK62,107.0,0.7395283266666667,0.7109920000000001,103.74934833333333
2023-05-01,2023-05,May,Ratnapura,Sabaragamuwa,2.0,25845.0,LK91,108.0,0.8261450366666666,0.8096791900000001,101.915322
2023-05-01,2023-05,May,Trincomalee,Eastern,2.0,25834.0,LK53,83.0,0.7125465633333333,0.6749312466666666,105.18863333333333
2023-05-01,2023-05,May,Vavuniya,Northern,2.0,25843.0,LK43,65.0,0.7496163833333332,0.73722455,101.57772999999999
2023-06-01,2023-06,June,Ampara,Eastern,2.0,25832.0,LK52,147.0,0.7445380699999999,0.69607917,106.49797000000001
2023-06-01,2023-06,June,Anuradhapura,North Central,2.0,25835.0,LK71,235.0,0.7291038200000001,0.6999913666666666,103.88284366666666
2023-06-01,2023-06,June,Badulla,Uva,2.0,25849.0,LK81,94.0,0.77932939,0.7429939533333334,104.58669666666667
2023-06-01,2023-06,June,Batticaloa,Eastern,2.0,25833.0,LK51,82.0,0.64625528,0.5971564333333333,107.5863
2023-06-01,2023-06,June,Colombo,Western,2.0,25851.0,LK11,23.0,0.7137231700000001,0.7040921833333332,101.27686133333333
2023-06-01,2023-06,June,Galle,Southern,2.0,25846.0,LK31,54.0,0.8169660366666666,0.8009732366666666,101.87928833333335
2023-06-01,2023-06,June,Gampaha,Western,2.0,25852.0,LK12,47.0,0.7748255,0.7584368933333333,102.02722866666666
2023-06-01,2023-06,June,Hambantota,Southern,2.0,25847.0,LK33,85.0,0.71612783,0.6984099533333333,102.37038
2023-06-01,2023-06,June,Jaffna,Northern,2.0,25839.0,LK41,31.0,0.5518731033333334,0.48190153666666663,113.15354133333334
2023-06-01,2023-06,June,Kalutara,Western,2.0,25853.0,LK13,52.0,0.8161717866666667,0.7987041333333332,102.05819000000001
2023-06-01,2023-06,June,Kandy,Central,2.0,41748.0,LK21,60.0,0.8099866666666666,0.7865019333333333,102.80750333333333
2023-06-01,2023-06,June,Kegalle,Sabaragamuwa,2.0,25844.0,LK92,55.0,0.8535957133333333,0.8373326266666666,101.83280866666666
2023-06-01,2023-06,June,Kilinochchi,Northern,2.0,25840.0,LK45,41.0,0.5960097533333334,0.5513656466666667,107.42451
2023-06-01,2023-06,June,Kurunegala,North Western,2.0,25837.0,LK61,158.0,0.7809754999999999,0.7748695666666666,100.73956333333335
2023-06-01,2023-06,June,Mannar,Northern,2.0,25841.0,LK42,65.0,0.6836415233333333,0.6502179333333333,104.77435533333333
2023-06-01,2023-06,June,Matale,Central,2.0,25830.0,LK22,67.0,0.7914711333333333,0.7593344433333332,103.97293
2023-06-01,2023-06,June,Matara,Southern,2.0,25848.0,LK32,39.0,0.8213666833333333,0.8112293133333334,101.17701333333332
2023-06-01,2023-06,June,Monaragala,Uva,2.0,25850.0,LK82,186.0,0.7660817,0.7310031866666667,104.504082
2023-06-01,2023-06,June,Mullaitivu,Northern,2.0,25842.0,LK44,85.0,0.7409513333333333,0.6991408666666666,105.58282333333334
2023-06-01,2023-06,June,Nuwara Eliya,Central,2.0,41749.0,LK23,58.0,0.7992942,0.7738468,103.08890733333332
2023-06-01,2023-06,June,Polonnaruwa,North Central,2.0,25836.0,LK72,116.0,0.73410575,0.6941723433333333,105.36499666666667
2023-06-01,2023-06,June,Puttalam,North Western,2.0,25838.0,LK62,107.0,0.7341143266666667,0.7017504666666667,104.30537
2023-06-01,2023-06,June,Ratnapura,Sabaragamuwa,2.0,25845.0,LK91,108.0,0.8232079933333334,0.8067291666666666,101.92332666666665
2023-06-01,2023-06,June,Trincomalee,Eastern,2.0,25834.0,LK53,83.0,0.7228883133333334,0.6693011666666666,107.448865
2023-06-01,2023-06,June,Vavuniya,Northern,2.0,25843.0,LK43,65.0,0.7402497433333334,0.7127846833333332,103.60147166666667
2023-07-01,2023-07,July,Ampara,Eastern,2.0,25832.0,LK52,147.0,0.7143934233333334,0.66297264,107.2054
2023-07-01,2023-07,July,Anuradhapura,North Central,2.0,25835.0,LK71,235.0,0.6792399800000001,0.66451175,102.04825333333334
2023-07-01,2023-07,July,Badulla,Uva,2.0,25849.0,LK81,94.0,0.7665759,0.7170180433333333,106.46164666666668
2023-07-01,2023-07,July,Batticaloa,Eastern,2.0,25833.0,LK51,82.0,0.5877605333333333,0.5537752966666667,105.59969466666666
2023-07-01,2023-07,July,Colombo,Western,2.0,25851.0,LK11,23.0,0.7141188466666667,0.7042327766666666,101.30993799999999
2023-07-01,2023-07,July,Galle,Southern,2.0,25846.0,LK31,54.0,0.8115857833333333,0.7963837866666666,101.79603999999999
2023-07-01,2023-07,July,Gampaha,Western,2.0,25852.0,LK12,47.0,0.7642900466666668,0.7523134333333333,101.49044133333332
2023-07-01,2023-07,July,Hambantota,Southern,2.0,25847.0,LK33,85.0,0.6896976333333332,0.6664425666666667,103.24136700000001
2023-07-01,2023-07,July,Jaffna,Northern,2.0,25839.0,LK41,31.0,0.5196849333333334,0.46375180666666665,110.878218
2023-07-01,2023-07,July,Kalutara,Western,2.0,25853.0,LK13,52.0,0.8089185866666666,0.7950797433333333,101.63699333333334
2023-07-01,2023-07,July,Kandy,Central,2.0,41748.0,LK21,60.0,0.8001110866666666,0.7818825266666667,102.19030666666667
2023-07-01,2023-07,July,Kegalle,Sabaragamuwa,2.0,25844.0,LK92,55.0,0.8424708666666666,0.8361627166666666,100.71112
2023-07-01,2023-07,July,Kilinochchi,Northern,2.0,25840.0,LK45,41.0,0.56836259,0.5403985833333333,104.72716466666667
2023-07-01,2023-07,July,Kurunegala,North Western,2.0,25837.0,LK61,158.0,0.7345443133333333,0.7443222666666666,98.75369033333334
2023-07-01,2023-07,July,Mannar,Northern,2.0,25841.0,LK42,65.0,0.64948715,0.62472038,103.665122
2023-07-01,2023-07,July,Matale,Central,2.0,25830.0,LK22,67.0,0.77380396,0.7411886500000001,104.11892833333333
2023-07-01,2023-07,July,Matara,Southern,2.0,25848.0,LK32,39.0,0.8207077333333332,0.8077109,101.51520000000001
2023-07-01,2023-07,July,Monaragala,Uva,2.0,25850.0,LK82,186.0,0.73148511,0.6853212933333334,106.27586000000001
2023-07-01,2023-07,July,Mullaitivu,Northern,2.0,25842.0,LK44,85.0,0.7263780166666667,0.6886919566666667,105.10027666666667
2023-07-01,2023-07,July,Nuwara Eliya,Central,2.0,41749.0,LK23,58.0,0.78773733,0.7643455466666667,102.87188166666665
2023-07-01,2023-07,July,Polonnaruwa,North Central,2.0,25836.0,LK72,116.0,0.7377183666666666,0.6896422566666667,106.49795533333334
2023-07-01,2023-07,July,Puttalam,North Western,2.0,25838.0,LK62,107.0,0.6953576199999999,0.6679628466666667,103.81222133333334
2023-07-01,2023-07,July,Ratnapura,Sabaragamuwa,2.0,25845.0,LK91,108.0,0.8076524333333334,0.7948234166666667,101.51758
2023-07-01,2023-07,July,Trincomalee,Eastern,2.0,25834.0,LK53,83.0,0.6874180799999999,0.6580614966666667,104.14342666666668
2023-07-01,2023-07,July,Vavuniya,Northern,2.0,25843.0,LK43,65.0,0.7009681799999999,0.68687702,101.90741866666667
2023-08-01,2023-08,August,Ampara,Eastern,2.0,25832.0,LK52,147.0,0.65976027,0.6297521233333333,104.40969333333334
2023-08-01,2023-08,August,Anuradhapura,North Central,2.0,25835.0,LK71,235.0,0.6349476633333334,0.6509886466666667,97.71118
2023-08-01,2023-08,August,Badulla,Uva,2.0,25849.0,LK81,94.0,0.7454081366666667,0.7010389,105.90736533333332
2023-08-01,2023-08,August,Batticaloa,Eastern,2.0,25833.0,LK51,82.0,0.5280442733333334,0.5290863866666666,99.81753466666667
2023-08-01,2023-08,August,Colombo,Western,2.0,25851.0,LK11,23.0,0.6939463900000001,0.6977320533333332,99.49293
2023-08-01,2023-08,August,Galle,Southern,2.0,25846.0,LK31,54.0,0.8075919766666667,0.79401784,101.60827333333333
2023-08-01,2023-08,August,Gampaha,Western,2.0,25852.0,LK12,47.0,0.73587089,0.7410126333333333,99.34898833333334
2023-08-01,2023-08,August,Hambantota,Southern,2.0,25847.0,LK33,85.0,0.6612992000000001,0.6358906333333333,103.71373166666666
2023-08-01,2023-08,August,Jaffna,Northern,2.0,25839.0,LK41,31.0,0.4875128766666667,0.46041914,105.31705
2023-08-01,2023-08,August,Kalutara,Western,2.0,25853.0,LK13,52.0,0.79537499,0.7902804933333334,100.606158
2023-08-01,2023-08,August,Kandy,Central,2.0,41748.0,LK21,60.0,0.7838260933333334,0.7761413999999999,100.93004333333333
2023-08-01,2023-08,August,Kegalle,Sabaragamuwa,2.0,25844.0,LK92,55.0,0.82477453,0.83049366,99.35018000000001
2023-08-01,2023-08,August,Kilinochchi,Northern,2.0,25840.0,LK45,41.0,0.5222633999999999,0.5262446000000001,99.30347666666667
2023-08-01,2023-08,August,Kurunegala,North Western,2.0,25837.0,LK61,158.0,0.6779322533333333,0.7056622866666666,96.33322833333334
2023-08-01,2023-08,August,Mannar,Northern,2.0,25841.0,LK42,65.0,0.6188497133333334,0.6115338466666667,101.10519333333333
2023-08-01,2023-08,August,Matale,Central,2.0,25830.0,LK22,67.0,0.7446726133333333,0.72781648,102.16663666666666
2023-08-01,2023-08,August,Matara,Southern,2.0,25848.0,LK32,39.0,0.8098503933333333,0.7997613100000001,101.18711
2023-08-01,2023-08,August,Monaragala,Uva,2.0,25850.0,LK82,186.0,0.7022491,0.6643590033333333,105.30390133333333
2023-08-01,2023-08,August,Mullaitivu,Northern,2.0,25842.0,LK44,85.0,0.70312392,0.6894681,101.84873466666666
2023-08-01,2023-08,August,Nuwara Eliya,Central,2.0,41749.0,LK23,58.0,0.7781344566666667,0.7604915800000001,102.176805
2023-08-01,2023-08,August,Polonnaruwa,North Central,2.0,25836.0,LK72,116.0,0.6906543166666667,0.6756234133333333,102.06218
2023-08-01,2023-08,August,Puttalam,North Western,2.0,25838.0,LK62,107.0,0.6582479466666666,0.6345897133333334,103.45812333333333
2023-08-01,2023-08,August,Ratnapura,Sabaragamuwa,2.0,25845.0,LK91,108.0,0.79339905,0.7835099900000001,101.186847
2023-08-01,2023-08,August,Trincomalee,Eastern,2.0,25834.0,LK53,83.0,0.6508268899999999,0.6609511433333334,98.57820333333332
2023-08-01,2023-08,August,Vavuniya,Northern,2.0,25843.0,LK43,65.0,0.6760184533333332,0.6878702466666667,98.39669166666665
2023-09-01,2023-09,September,Ampara,Eastern,2.0,25832.0,LK52,147.0,0.6623113166666666,0.6329594333333334,104.29329700000001
2023-09-01,2023-09,September,Anuradhapura,North Central,2.0,25835.0,LK71,235.0,0.6467514666666666,0.6619698366666666,97.86098533333332
2023-09-01,2023-09,September,Badulla,Uva,2.0,25849.0,LK81,94.0,0.74797195,0.7060127666666668,105.55127333333333
2023-09-01,2023-09,September,Batticaloa,Eastern,2.0,25833.0,LK51,82.0,0.54905488,0.5397494566666667,101.56202666666667
2023-09-01,2023-09,September,Colombo,Western,2.0,25851.0,LK11,23.0,0.6896072200000001,0.6961392833333333,99.124422
2023-09-01,2023-09,September,Galle,Southern,2.0,25846.0,LK31,54.0,0.8113524333333334,0.7968295466666667,101.71483
2023-09-01,2023-09,September,Gampaha,Western,2.0,25852.0,LK12,47.0,0.7355482033333334,0.7382961266666667,99.65111533333334
2023-09-01,2023-09,September,Hambantota,Southern,2.0,25847.0,LK33,85.0,0.7057254966666666,0.63163102,110.85863
2023-09-01,2023-09,September,Jaffna,Northern,2.0,25839.0,LK41,31.0,0.4928827866666667,0.4845341333333333,101.56290166666668
2023-09-01,2023-09,September,Kalutara,Western,2.0,25853.0,LK13,52.0,0.7970506333333334,0.79020558,100.81457166666667
2023-09-01,2023-09,September,Kandy,Central,2.0,41748.0,LK21,60.0,0.7876038733333334,0.77577225,101.43243466666667
2023-09-01,2023-09,September,Kegalle,Sabaragamuwa,2.0,25844.0,LK92,55.0,0.8240472233333334,0.82574345,99.80665833333335
2023-09-01,2023-09,September,Kilinochchi,Northern,2.0,25840.0,LK45,41.0,0.5215447000000001,0.52585062,99.2459
2023-09-01,2023-09,September,Kurunegala,North Western,2.0,25837.0,LK61,158.0,0.7171054866666667,0.7007411133333333,102.16885
2023-09-01,2023-09,September,Mannar,Northern,2.0,25841.0,LK42,65.0,0.62331742,0.62242828,100.13366
2023-09-01,2023-09,September,Matale,Central,2.0,25830.0,LK22,67.0,0.7566721099999999,0.73437527,102.84088166666668
2023-09-01,2023-09,September,Matara,Southern,2.0,25848.0,LK32,39.0,0.8078726199999999,0.7964650633333333,101.34762166666667
2023-09-01,2023-09,September,Monaragala,Uva,2.0,25850.0,LK82,186.0,0.7253752466666666,0.67865846,106.40742499999999
2023-09-01,2023-09,September,Mullaitivu,Northern,2.0,25842.0,LK44,85.0,0.7063345166666667,0.7039018433333334,100.32363333333335
2023-09-01,2023-09,September,Nuwara Eliya,Central,2.0,41749.0,LK23,58.0,0.7843482599999999,0.7645634333333334,102.42858533333333
2023-09-01,2023-09,September,Polonnaruwa,North Central,2.0,25836.0,LK72,116.0,0.6648106433333333,0.66211692,100.37762200000002
2023-09-01,2023-09,September,Puttalam,North Western,2.0,25838.0,LK62,107.0,0.6872457633333333,0.6389632333333334,106.99455499999999
2023-09-01,2023-09,September,Ratnapura,Sabaragamuwa,2.0,25845.0,LK91,108.0,0.8059786866666667,0.7821766166666667,102.859258
2023-09-01,2023-09,September,Trincomalee,Eastern,2.0,25834.0,LK53,83.0,0.6683313166666668,0.67273578,99.38529999999999
2023-09-01,2023-09,September,Vavuniya,Northern,2.0,25843.0,LK43,65.0,0.6913650833333334,0.7114957333333334,97.35757633333333
2023-10-01,2023-10,October,Ampara,Eastern,2.0,25832.0,LK52,147.0,0.7092864,0.6726984566666667,105.06857666666667
2023-10-01,2023-10,October,Anuradhapura,North Central,2.0,25835.0,LK71,235.0,0.69624667,0.7050825566666666,98.82623833333334
2023-10-01,2023-10,October,Badulla,Uva,2.0,25849.0,LK81,94.0,0.7680609666666666,0.73642772,104.03160466666667
2023-10-01,2023-10,October,Batticaloa,Eastern,2.0,25833.0,LK51,82.0,0.6182983466666666,0.58577872,105.10030333333333
2023-10-01,2023-10,October,Colombo,Western,2.0,25851.0,LK11,23.0,0.6996579366666666,0.6993316900000001,100.04322333333333
2023-10-01,2023-10,October,Galle,Southern,2.0,25846.0,LK31,54.0,0.8188654333333334,0.80463834,101.66487866666667
2023-10-01,2023-10,October,Gampaha,Western,2.0,25852.0,LK12,47.0,0.7499510433333333,0.7456929666666667,100.535063
2023-10-01,2023-10,October,Hambantota,Southern,2.0,25847.0,LK33,85.0,0.7498972333333334,0.67526712,110.33867666666667
2023-10-01,2023-10,October,Jaffna,Northern,2.0,25839.0,LK41,31.0,0.5591709533333334,0.53861731,103.46883866666667
2023-10-01,2023-10,October,Kalutara,Western,2.0,25853.0,LK13,52.0,0.80343778,0.7947389133333332,101.02976000000001
2023-10-01,2023-10,October,Kandy,Central,2.0,41748.0,LK21,60.0,0.8044777633333333,0.7867203666666667,102.12158966666668
2023-10-01,2023-10,October,Kegalle,Sabaragamuwa,2.0,25844.0,LK92,55.0,0.8344539266666667,0.8250890333333333,101.06998600000001
2023-10-01,2023-10,October,Kilinochchi,Northern,2.0,25840.0,LK45,41.0,0.5876853466666666,0.5664579066666667,103.411543
2023-10-01,2023-10,October,Kurunegala,North Western,2.0,25837.0,LK61,158.0,0.7749962,0.7316796600000001,105.54723333333334
2023-10-01,2023-10,October,Mannar,Northern,2.0,25841.0,LK42,65.0,0.6665189666666667,0.6693824666666667,99.60750333333334
2023-10-01,2023-10,October,Matale,Central,2.0,25830.0,LK22,67.0,0.7890467566666667,0.7646746466666666,102.99536366666666
2023-10-01,2023-10,October,Matara,Southern,2.0,25848.0,LK32,39.0,0.81671965,0.8024033333333334,101.67975333333334
2023-10-01,2023-10,October,Monaragala,Uva,2.0,25850.0,LK82,186.0,0.7664982,0.7241691666666666,105.4855
2023-10-01,2023-10,October,Mullaitivu,Northern,2.0,25842.0,LK44,85.0,0.7352062466666668,0.7338299833333334,100.17589466666668
2023-10-01,2023-10,October,Nuwara Eliya,Central,2.0,41749.0,LK23,58.0,0.7980729833333333,0.7775780666666666,102.47699666666666
2023-10-01,2023-10,October,Polonnaruwa,North Central,2.0,25836.0,LK72,116.0,0.7083071433333333,0.6956889,101.68970999999999
2023-10-01,2023-10,October,Puttalam,North Western,2.0,25838.0,LK62,107.0,0.745419,0.6856798166666667,108.13991333333333
2023-10-01,2023-10,October,Ratnapura,Sabaragamuwa,2.0,25845.0,LK91,108.0,0.8250709500000001,0.7957741733333333,103.46520133333333
2023-10-01,2023-10,October,Trincomalee,Eastern,2.0,25834.0,LK53,83.0,0.7107465866666667,0.7037558566666666,100.92696666666666
2023-10-01,2023-10,October,Vavuniya,Northern,2.0,25843.0,LK43,65.0,0.7340999699999999,0.7542895333333334,97.48877866666668
2023-11-01,2023-11,November,Ampara,Eastern,2.0,25832.0,LK52,147.0,0.7605578,0.73024149,103.88848133333333
2023-11-01,2023-11,November,Anuradhapura,North Central,2.0,25835.0,LK71,235.0,0.7467562533333334,0.75418649,99.07170466666666
2023-11-01,2023-11,November,Badulla,Uva,2.0,25849.0,LK81,94.0,0.7819481766666666,0.7692643666666666,101.55176933333333
2023-11-01,2023-11,November,Batticaloa,Eastern,2.0,25833.0,LK51,82.0,0.7112320866666666,0.6684093433333334,105.96256333333334
2023-11-01,2023-11,November,Colombo,Western,2.0,25851.0,LK11,23.0,0.7057739133333333,0.6999362000000001,100.77853333333333
2023-11-01,2023-11,November,Galle,Southern,2.0,25846.0,LK31,54.0,0.82546175,0.8110670066666666,101.67165499999999
2023-11-01,2023-11,November,Gampaha,Western,2.0,25852.0,LK12,47.0,0.7613758666666667,0.7596452866666666,100.21417166666667
2023-11-01,2023-11,November,Hambantota,Southern,2.0,25847.0,LK33,85.0,0.7607239066666667,0.7371608566666668,103.01556000000001
2023-11-01,2023-11,November,Jaffna,Northern,2.0,25839.0,LK41,31.0,0.6357612766666666,0.6011712133333333,105.30279666666667
2023-11-01,2023-11,November,Kalutara,Western,2.0,25853.0,LK13,52.0,0.8086032,0.7982270133333333,101.22325833333333
2023-11-01,2023-11,November,Kandy,Central,2.0,41748.0,LK21,60.0,0.8190438866666666,0.8012197633333334,102.09428533333333
2023-11-01,2023-11,November,Kegalle,Sabaragamuwa,2.0,25844.0,LK92,55.0,0.84457393,0.82791171,101.89782533333334
2023-11-01,2023-11,November,Kilinochchi,Northern,2.0,25840.0,LK45,41.0,0.6840308666666667,0.6432878833333334,105.86894333333333
2023-11-01,2023-11,November,Kurunegala,North Western,2.0,25837.0,LK61,158.0,0.7945031533333333,0.7751060133333333,102.36177466666668
2023-11-01,2023-11,November,Mannar,Northern,2.0,25841.0,LK42,65.0,0.7147143499999999,0.7253331,98.63127533333333
2023-11-01,2023-11,November,Matale,Central,2.0,25830.0,LK22,67.0,0.8068880166666667,0.7938021000000001,101.55237166666666
2023-11-01,2023-11,November,Matara,Southern,2.0,25848.0,LK32,39.0,0.82149657,0.81549072,100.69558
2023-11-01,2023-11,November,Monaragala,Uva,2.0,25850.0,LK82,186.0,0.7926729,0.77563148,102.07380133333334
2023-11-01,2023-11,November,Mullaitivu,Northern,2.0,25842.0,LK44,85.0,0.7665980066666668,0.7649793100000001,100.19794666666667
2023-11-01,2023-11,November,Nuwara Eliya,Central,2.0,41749.0,LK23,58.0,0.8082085833333333,0.7932364766666667,101.77629999999999
2023-11-01,2023-11,November,Polonnaruwa,North Central,2.0,25836.0,LK72,116.0,0.7432614766666666,0.7374111633333333,100.74441533333334
2023-11-01,2023-11,November,Puttalam,North Western,2.0,25838.0,LK62,107.0,0.7664887666666665,0.7389796133333334,103.501398
2023-11-01,2023-11,November,Ratnapura,Sabaragamuwa,2.0,25845.0,LK91,108.0,0.8313956,0.8127910133333334,102.15769999999999
2023-11-01,2023-11,November,Trincomalee,Eastern,2.0,25834.0,LK53,83.0,0.7536746633333333,0.7405627566666667,101.65375999999999
2023-11-01,2023-11,November,Vavuniya,Northern,2.0,25843.0,LK43,65.0,0.7734943133333334,0.7915826566666667,97.84844500000001
2023-12-01,2023-12,December,Ampara,Eastern,2.0,25832.0,LK52,147.0,0.7983081633333334,0.7766607333333333,102.62608333333333
2023-12-01,2023-12,December,Anuradhapura,North Central,2.0,25835.0,LK71,235.0,0.7907138933333333,0.7848832833333333,100.696865
2023-12-01,2023-12,December,Badulla,Uva,2.0,25849.0,LK81,94.0,0.7956737466666667,0.7869486866666667,101.04201
2023-12-01,2023-12,December,Batticaloa,Eastern,2.0,25833.0,LK51,82.0,0.7569048533333333,0.7287191533333334,103.63213833333333
2023-12-01,2023-12,December,Colombo,Western,2.0,25851.0,LK11,23.0,0.7029854866666666,0.6931179466666667,101.32863333333334
2023-12-01,2023-12,December,Galle,Southern,2.0,25846.0,LK31,54.0,0.8294808666666666,0.8138152533333334,101.81352833333334
2023-12-01,2023-12,December,Gampaha,Western,2.0,25852.0,LK12,47.0,0.76827728,0.7628569066666667,100.668045
2023-12-01,2023-12,December,Hambantota,Southern,2.0,25847.0,LK33,85.0,0.7805737,0.7700227133333333,101.28573666666666
2023-12-01,2023-12,December,Jaffna,Northern,2.0,25839.0,LK41,31.0,0.6674655833333333,0.6252972966666667,106.24431666666665
2023-12-01,2023-12,December,Kalutara,Western,2.0,25853.0,LK13,52.0,0.8082410000000001,0.7963954366666667,101.39960133333334
2023-12-01,2023-12,December,Kandy,Central,2.0,41748.0,LK21,60.0,0.8225172133333333,0.8061117200000001,101.916287
2023-12-01,2023-12,December,Kegalle,Sabaragamuwa,2.0,25844.0,LK92,55.0,0.8449030033333335,0.8268434299999999,102.05959333333334
2023-12-01,2023-12,December,Kilinochchi,Northern,2.0,25840.0,LK45,41.0,0.72995201,0.6934801566666667,104.91167
2023-12-01,2023-12,December,Kurunegala,North Western,2.0,25837.0,LK61,158.0,0.80900524,0.8019920066666666,100.823418
2023-12-01,2023-12,December,Mannar,Northern,2.0,25841.0,LK42,65.0,0.75047024,0.7516517333333333,99.84982833333333
2023-12-01,2023-12,December,Matale,Central,2.0,25830.0,LK22,67.0,0.8190119100000001,0.8089373566666667,101.17295999999999
2023-12-01,2023-12,December,Matara,Southern,2.0,25848.0,LK32,39.0,0.8239777533333333,0.8252643266666667,99.85302833333333
2023-12-01,2023-12,December,Monaragala,Uva,2.0,25850.0,LK82,186.0,0.8094369,0.8032846,100.72131333333334
2023-12-01,2023-12,December,Mullaitivu,Northern,2.0,25842.0,LK44,85.0,0.7805192,0.7785315666666667,100.240068
2023-12-01,2023-12,December,Nuwara Eliya,Central,2.0,41749.0,LK23,58.0,0.8121551666666665,0.7976402033333333,101.71254666666665
2023-12-01,2023-12,December,Polonnaruwa,North Central,2.0,25836.0,LK72,116.0,0.77099222,0.7602516,101.32376666666666
2023-12-01,2023-12,December,Puttalam,North Western,2.0,25838.0,LK62,107.0,0.7705544999999999,0.7589746666666667,101.43158
2023-12-01,2023-12,December,Ratnapura,Sabaragamuwa,2.0,25845.0,LK91,108.0,0.8321289666666667,0.81920739,101.48660866666667
2023-12-01,2023-12,December,Trincomalee,Eastern,2.0,25834.0,LK53,83.0,0.7866457666666666,0.76396468,102.78711
2023-12-01,2023-12,December,Vavuniya,Northern,2.0,25843.0,LK43,65.0,0.79959791,0.8042701600000001,99.45262466666667
2024-01-01,2024-01,January,Ampara,Eastern,2.0,25832.0,LK52,147.0,0.7839262833333334,0.7833097133333333,100.07039333333334
2024-01-01,2024-01,January,Anuradhapura,North Central,2.0,25835.0,LK71,235.0,0.7949964233333334,0.7924991,100.29541166666667
2024-01-01,2024-01,January,Badulla,Uva,2.0,25849.0,LK81,94.0,0.8069850833333333,0.7926376866666667,101.70286666666668
2024-01-01,2024-01,January,Batticaloa,Eastern,2.0,25833.0,LK51,82.0,0.7119264,0.7211823599999999,98.78304333333334
2024-01-01,2024-01,January,Colombo,Western,2.0,25851.0,LK11,23.0,0.6845420133333334,0.6720614033333333,101.72761333333334
2024-01-01,2024-01,January,Galle,Southern,2.0,25846.0,LK31,54.0,0.8251715433333334,0.8078158633333333,102.02337833333333
2024-01-01,2024-01,January,Gampaha,Western,2.0,25852.0,LK12,47.0,0.7542461,0.7362003333333332,102.29856000000001
2024-01-01,2024-01,January,Hambantota,Southern,2.0,25847.0,LK33,85.0,0.7904325133333333,0.77555122,101.802302
2024-01-01,2024-01,January,Jaffna,Northern,2.0,25839.0,LK41,31.0,0.6516386666666666,0.6014972866666667,107.69744666666668
2024-01-01,2024-01,January,Kalutara,Western,2.0,25853.0,LK13,52.0,0.7965724000000001,0.7819341033333332,101.76033333333334
2024-01-01,2024-01,January,Kandy,Central,2.0,41748.0,LK21,60.0,0.8194066333333333,0.7984849533333334,102.46671533333334
2024-01-01,2024-01,January,Kegalle,Sabaragamuwa,2.0,25844.0,LK92,55.0,0.8305842466666666,0.8109299999999999,102.28369199999999
2024-01-01,2024-01,January,Kilinochchi,Northern,2.0,25840.0,LK45,41.0,0.6863122,0.6806254666666667,100.75694666666668
2024-01-01,2024-01,January,Kurunegala,North Western,2.0,25837.0,LK61,158.0,0.7945622266666668,0.7805691266666667,101.69158666666665
2024-01-01,2024-01,January,Mannar,Northern,2.0,25841.0,LK42,65.0,0.7637133,0.7527504566666666,101.36557
2024-01-01,2024-01,January,Matale,Central,2.0,25830.0,LK22,67.0,0.8275785433333334,0.8147227899999999,101.48681333333333
2024-01-01,2024-01,January,Matara,Southern,2.0,25848.0,LK32,39.0,0.8217760166666667,0.8164981633333334,100.61102799999999
2024-01-01,2024-01,January,Monaragala,Uva,2.0,25850.0,LK82,186.0,0.8089324233333333,0.8022891,100.77963933333335
2024-01-01,2024-01,January,Mullaitivu,Northern,2.0,25842.0,LK44,85.0,0.7644991800000001,0.7719806333333333,99.08730600000001
2024-01-01,2024-01,January,Nuwara Eliya,Central,2.0,41749.0,LK23,58.0,0.8080367700000001,0.7875915333333333,102.44184166666666
2024-01-01,2024-01,January,Polonnaruwa,North Central,2.0,25836.0,LK72,116.0,0.7942425233333333,0.7867867866666667,100.89295
2024-01-01,2024-01,January,Puttalam,North Western,2.0,25838.0,LK62,107.0,0.7636582166666667,0.7442575466666667,102.447498
2024-01-01,2024-01,January,Ratnapura,Sabaragamuwa,2.0,25845.0,LK91,108.0,0.8252580100000001,0.8121014333333333,101.52620933333333
2024-01-01,2024-01,January,Trincomalee,Eastern,2.0,25834.0,LK53,83.0,0.7666690566666666,0.76624178,100.04694866666667
2024-01-01,2024-01,January,Vavuniya,Northern,2.0,25843.0,LK43,65.0,0.7927430566666667,0.7948951333333333,99.74383333333333
2024-02-01,2024-02,February,Ampara,Eastern,2.0,25832.0,LK52,147.0,0.73106145,0.7432987,98.45079166666666
2024-02-01,2024-02,February,Anuradhapura,North Central,2.0,25835.0,LK71,235.0,0.7406255,0.75761819,97.87488533333334
2024-02-01,2024-02,February,Badulla,Uva,2.0,25849.0,LK81,94.0,0.7900074233333333,0.7792860999999999,101.29080166666667
2024-02-01,2024-02,February,Batticaloa,Eastern,2.0,25833.0,LK51,82.0,0.63750728,0.6692407333333333,95.576843
2024-02-01,2024-02,February,Colombo,Western,2.0,25851.0,LK11,23.0,0.65813621,0.6544099333333334,100.52758166666666
2024-02-01,2024-02,February,Galle,Southern,2.0,25846.0,LK31,54.0,0.8086734099999999,0.7933937333333333,101.81118666666667
2024-02-01,2024-02,February,Gampaha,Western,2.0,25852.0,LK12,47.0,0.7162333266666666,0.7034402433333332,101.69414666666667
2024-02-01,2024-02,February,Hambantota,Southern,2.0,25847.0,LK33,85.0,0.7488097933333333,0.7486602666666666,100.00839833333333
2024-02-01,2024-02,February,Jaffna,Northern,2.0,25839.0,LK41,31.0,0.5935881666666667,0.5498484466666667,107.28727333333332
2024-02-01,2024-02,February,Kalutara,Western,2.0,25853.0,LK13,52.0,0.7808647133333334,0.7683292866666666,101.53145333333333
2024-02-01,2024-02,February,Kandy,Central,2.0,41748.0,LK21,60.0,0.8048399933333333,0.7830002333333334,102.62131333333332
2024-02-01,2024-02,February,Kegalle,Sabaragamuwa,2.0,25844.0,LK92,55.0,0.8153605566666666,0.7953982866666666,102.36111199999999
2024-02-01,2024-02,February,Kilinochchi,Northern,2.0,25840.0,LK45,41.0,0.6039650133333333,0.62443539,96.94655599999999
2024-02-01,2024-02,February,Kurunegala,North Western,2.0,25837.0,LK61,158.0,0.7311029333333333,0.7190770733333333,101.54848966666667
2024-02-01,2024-02,February,Mannar,Northern,2.0,25841.0,LK42,65.0,0.7271856333333333,0.7307267533333333,99.53758
2024-02-01,2024-02,February,Matale,Central,2.0,25830.0,LK22,67.0,0.8041228466666667,0.7999620333333333,100.48485999999998
2024-02-01,2024-02,February,Matara,Southern,2.0,25848.0,LK32,39.0,0.8043906,0.7943172133333333,101.19325366666668
2024-02-01,2024-02,February,Monaragala,Uva,2.0,25850.0,LK82,186.0,0.7845774133333334,0.7800976533333334,100.53852666666667
2024-02-01,2024-02,February,Mullaitivu,Northern,2.0,25842.0,LK44,85.0,0.7259850833333333,0.7505555999999999,96.92580166666666
2024-02-01,2024-02,February,Nuwara Eliya,Central,2.0,41749.0,LK23,58.0,0.7941281,0.7738566566666667,102.46002833333334
2024-02-01,2024-02,February,Polonnaruwa,North Central,2.0,25836.0,LK72,116.0,0.7568232500000001,0.7762176233333333,97.63883
2024-02-01,2024-02,February,Puttalam,North Western,2.0,25838.0,LK62,107.0,0.73039281,0.7083814966666667,102.89773000000001
2024-02-01,2024-02,February,Ratnapura,Sabaragamuwa,2.0,25845.0,LK91,108.0,0.8111935033333334,0.8001612833333334,101.29730333333333
2024-02-01,2024-02,February,Trincomalee,Eastern,2.0,25834.0,LK53,83.0,0.7030265,0.73724276,95.63793
2024-02-01,2024-02,February,Vavuniya,Northern,2.0,25843.0,LK43,65.0,0.7469666466666668,0.7669161,97.54743666666667
2024-03-01,2024-03,March,Ampara,Eastern,2.0,25832.0,LK52,147.0,0.68878209,0.6993939033333333,98.59142333333334
2024-03-01,2024-03,March,Anuradhapura,North Central,2.0,25835.0,LK71,235.0,0.6695194,0.7122368166666666,94.39091
2024-03-01,2024-03,March,Badulla,Uva,2.0,25849.0,LK81,94.0,0.7617946733333333,0.7597539233333334,100.25095666666668
2024-03-01,2024-03,March,Batticaloa,Eastern,2.0,25833.0,LK51,82.0,0.5957954833333333,0.6270425733333332,95.39321066666666
2024-03-01,2024-03,March,Colombo,Western,2.0,25851.0,LK11,23.0,0.6519854866666667,0.6577345133333333,99.18845133333333
2024-03-01,2024-03,March,Galle,Southern,2.0,25846.0,LK31,54.0,0.7980746999999999,0.7874191600000001,101.27248200000001
2024-03-01,2024-03,March,Gampaha,Western,2.0,25852.0,LK12,47.0,0.6983510533333334,0.6998973133333334,99.79548199999999
2024-03-01,2024-03,March,Hambantota,Southern,2.0,25847.0,LK33,85.0,0.6969968366666667,0.7118593333333333,98.04787466666666
2024-03-01,2024-03,March,Jaffna,Northern,2.0,25839.0,LK41,31.0,0.5435257933333334,0.5109923333333334,105.79418333333335
2024-03-01,2024-03,March,Kalutara,Western,2.0,25853.0,LK13,52.0,0.77685127,0.77279975,100.49330000000002
2024-03-01,2024-03,March,Kandy,Central,2.0,41748.0,LK21,60.0,0.7879316333333334,0.7727419133333333,101.84580999999999
2024-03-01,2024-03,March,Kegalle,Sabaragamuwa,2.0,25844.0,LK92,55.0,0.8125927066666666,0.7990706866666667,101.59386333333333
2024-03-01,2024-03,March,Kilinochchi,Northern,2.0,25840.0,LK45,41.0,0.5499414333333333,0.58135265,95.02270333333333
2024-03-01,2024-03,March,Kurunegala,North Western,2.0,25837.0,LK61,158.0,0.6700299166666667,0.6883870466666666,97.51501166666667
2024-03-01,2024-03,March,Mannar,Northern,2.0,25841.0,LK42,65.0,0.6775168833333334,0.7011477333333334,96.85009733333334
2024-03-01,2024-03,March,Matale,Central,2.0,25830.0,LK22,67.0,0.7642502499999999,0.7756171233333333,98.62100666666667
2024-03-01,2024-03,March,Matara,Southern,2.0,25848.0,LK32,39.0,0.7946350466666666,0.7825581666666667,101.45068666666667
2024-03-01,2024-03,March,Monaragala,Uva,2.0,25850.0,LK82,186.0,0.7632656,0.7631427466666666,100.01477333333332
2024-03-01,2024-03,March,Mullaitivu,Northern,2.0,25842.0,LK44,85.0,0.6959619233333333,0.7284733299999999,95.82454666666666
2024-03-01,2024-03,March,Nuwara Eliya,Central,2.0,41749.0,LK23,58.0,0.78091607,0.76845832,101.522177
2024-03-01,2024-03,March,Polonnaruwa,North Central,2.0,25836.0,LK72,116.0,0.6941738166666666,0.7271072466666667,95.76830133333334
2024-03-01,2024-03,March,Puttalam,North Western,2.0,25838.0,LK62,107.0,0.6889395733333333,0.6856575333333333,100.44393466666668
2024-03-01,2024-03,March,Ratnapura,Sabaragamuwa,2.0,25845.0,LK91,108.0,0.80475986,0.7967155966666667,100.95011
2024-03-01,2024-03,March,Trincomalee,Eastern,2.0,25834.0,LK53,83.0,0.65207389,0.6988553533333333,93.75680666666666
2024-03-01,2024-03,March,Vavuniya,Northern,2.0,25843.0,LK43,65.0,0.70080718,0.7414863666666666,94.858968
2024-04-01,2024-04,April,Ampara,Eastern,2.0,25832.0,LK52,147.0,0.6994578133333333,0.6831142633333332,102.22800966666667
2024-04-01,2024-04,April,Anuradhapura,North Central,2.0,25835.0,LK71,235.0,0.6766508766666667,0.71229456,95.31574666666666
2024-04-01,2024-04,April,Badulla,Uva,2.0,25849.0,LK81,94.0,0.7579953633333334,0.7551976666666667,100.346975
2024-04-01,2024-04,April,Batticaloa,Eastern,2.0,25833.0,LK51,82.0,0.61077801,0.60768549,100.47385333333334
2024-04-01,2024-04,April,Colombo,Western,2.0,25851.0,LK11,23.0,0.6783057633333334,0.6772539700000001,100.13950966666665
2024-04-01,2024-04,April,Galle,Southern,2.0,25846.0,LK31,54.0,0.8054623099999999,0.79412357,101.34275000000001
2024-04-01,2024-04,April,Gampaha,Western,2.0,25852.0,LK12,47.0,0.7259985333333333,0.7242393766666666,100.22210533333333
2024-04-01,2024-04,April,Hambantota,Southern,2.0,25847.0,LK33,85.0,0.7016745066666666,0.7008370866666667,100.108685
2024-04-01,2024-04,April,Jaffna,Northern,2.0,25839.0,LK41,31.0,0.5340838466666668,0.49807874333333335,106.569812
2024-04-01,2024-04,April,Kalutara,Western,2.0,25853.0,LK13,52.0,0.7934147233333334,0.7875598333333333,100.697875
2024-04-01,2024-04,April,Kandy,Central,2.0,41748.0,LK21,60.0,0.78392275,0.7766860666666666,100.875735
2024-04-01,2024-04,April,Kegalle,Sabaragamuwa,2.0,25844.0,LK92,55.0,0.8249496500000001,0.8171027799999999,100.90518833333333
2024-04-01,2024-04,April,Kilinochchi,Northern,2.0,25840.0,LK45,41.0,0.5437097333333334,0.5641594166666667,96.67304333333334
2024-04-01,2024-04,April,Kurunegala,North Western,2.0,25837.0,LK61,158.0,0.6995573566666667,0.7250464233333332,96.69847333333333
2024-04-01,2024-04,April,Mannar,Northern,2.0,25841.0,LK42,65.0,0.6680933133333333,0.6830917666666667,97.95698800000001
2024-04-01,2024-04,April,Matale,Central,2.0,25830.0,LK22,67.0,0.7567084433333333,0.76829087,98.58391999999999
2024-04-01,2024-04,April,Matara,Southern,2.0,25848.0,LK32,39.0,0.8070205100000001,0.78895477,102.152418
2024-04-01,2024-04,April,Monaragala,Uva,2.0,25850.0,LK82,186.0,0.76664298,0.7644638666666667,100.26685666666667
2024-04-01,2024-04,April,Mullaitivu,Northern,2.0,25842.0,LK44,85.0,0.6985741333333334,0.714852,97.87394533333332
2024-04-01,2024-04,April,Nuwara Eliya,Central,2.0,41749.0,LK23,58.0,0.7768419433333333,0.7739699466666666,100.34905833333335
2024-04-01,2024-04,April,Polonnaruwa,North Central,2.0,25836.0,LK72,116.0,0.68858216,0.69618518,98.98478
2024-04-01,2024-04,April,Puttalam,North Western,2.0,25838.0,LK62,107.0,0.6901981199999999,0.6956772999999999,99.262878
2024-04-01,2024-04,April,Ratnapura,Sabaragamuwa,2.0,25845.0,LK91,108.0,0.8126490666666667,0.8041900966666665,100.98992666666668
2024-04-01,2024-04,April,Trincomalee,Eastern,2.0,25834.0,LK53,83.0,0.65760722,0.6763330233333334,97.42625666666667
2024-04-01,2024-04,April,Vavuniya,Northern,2.0,25843.0,LK43,65.0,0.7094999999999999,0.7370928533333334,96.492172
2024-05-01,2024-05,May,Ampara,Eastern,2.0,25832.0,LK52,147.0,0.75160836,0.6942442600000001,107.69982333333333
2024-05-01,2024-05,May,Anuradhapura,North Central,2.0,25835.0,LK71,235.0,0.7410214233333333,0.72566436,101.986158
2024-05-01,2024-05,May,Badulla,Uva,2.0,25849.0,LK81,94.0,0.7826450133333333,0.7554970333333334,103.37266
2024-05-01,2024-05,May,Batticaloa,Eastern,2.0,25833.0,LK51,82.0,0.6643125733333334,0.6097193333333334,108.27247333333332
2024-05-01,2024-05,May,Colombo,Western,2.0,25851.0,LK11,23.0,0.7103115999999999,0.6955265166666668,101.98176866666665
2024-05-01,2024-05,May,Galle,Southern,2.0,25846.0,LK31,54.0,0.81672033,0.8004023433333334,101.918746
2024-05-01,2024-05,May,Gampaha,Western,2.0,25852.0,LK12,47.0,0.7609446733333334,0.74915808,101.47406833333334
2024-05-01,2024-05,May,Hambantota,Southern,2.0,25847.0,LK33,85.0,0.7562878133333334,0.7062601000000001,106.61439133333333
2024-05-01,2024-05,May,Jaffna,Northern,2.0,25839.0,LK41,31.0,0.5648709566666666,0.49670642333333337,112.47507
2024-05-01,2024-05,May,Kalutara,Western,2.0,25853.0,LK13,52.0,0.8057717833333333,0.7966547366666666,101.07693666666667
2024-05-01,2024-05,May,Kandy,Central,2.0,41748.0,LK21,60.0,0.7967066533333332,0.7845254766666666,101.45892866666667
2024-05-01,2024-05,May,Kegalle,Sabaragamuwa,2.0,25844.0,LK92,55.0,0.8416788,0.8317203266666667,101.12906199999999
2024-05-01,2024-05,May,Kilinochchi,Northern,2.0,25840.0,LK45,41.0,0.5800918533333334,0.5603386866666668,103.24132866666666
2024-05-01,2024-05,May,Kurunegala,North Western,2.0,25837.0,LK61,158.0,0.7677828733333333,0.7688743966666666,99.858414
2024-05-01,2024-05,May,Mannar,Northern,2.0,25841.0,LK42,65.0,0.69468768,0.67330281,102.966027
2024-05-01,2024-05,May,Matale,Central,2.0,25830.0,LK22,67.0,0.7866328,0.7697553166666666,102.06100333333332
2024-05-01,2024-05,May,Matara,Southern,2.0,25848.0,LK32,39.0,0.8227948666666666,0.8025984233333333,102.36941333333334
2024-05-01,2024-05,May,Monaragala,Uva,2.0,25850.0,LK82,186.0,0.78403243,0.7616334866666667,102.76514333333334
2024-05-01,2024-05,May,Mullaitivu,Northern,2.0,25842.0,LK44,85.0,0.7236180299999999,0.70917131,101.90596666666666
2024-05-01,2024-05,May,Nuwara Eliya,Central,2.0,41749.0,LK23,58.0,0.7849379333333334,0.7783765833333334,100.79208333333334
2024-05-01,2024-05,May,Polonnaruwa,North Central,2.0,25836.0,LK72,116.0,0.7358428,0.6925152333333333,105.836845
2024-05-01,2024-05,May,Puttalam,North Western,2.0,25838.0,LK62,107.0,0.72740028,0.7109920000000001,102.15410866666666
2024-05-01,2024-05,May,Ratnapura,Sabaragamuwa,2.0,25845.0,LK91,108.0,0.8249959666666666,0.8096791900000001,101.78159133333334
2024-05-01,2024-05,May,Trincomalee,Eastern,2.0,25834.0,LK53,83.0,0.7082654433333332,0.6749312466666666,104.597975
2024-05-01,2024-05,May,Vavuniya,Northern,2.0,25843.0,LK43,65.0,0.7488589733333333,0.73722455,101.48461000000002
2024-06-01,2024-06,June,Ampara,Eastern,2.0,25832.0,LK52,147.0,0.7728376,0.69607917,110.28808166666666
2024-06-01,2024-06,June,Anuradhapura,North Central,2.0,25835.0,LK71,235.0,0.76649418,0.6999913666666666,108.87755666666665
2024-06-01,2024-06,June,Badulla,Uva,2.0,25849.0,LK81,94.0,0.7973109800000001,0.7429939533333334,106.85327000000001
2024-06-01,2024-06,June,Batticaloa,Eastern,2.0,25833.0,LK51,82.0,0.6835048833333334,0.5971564333333333,113.34841999999999
2024-06-01,2024-06,June,Colombo,Western,2.0,25851.0,LK11,23.0,0.7184101533333335,0.7040921833333332,101.89883666666667
2024-06-01,2024-06,June,Galle,Southern,2.0,25846.0,LK31,54.0,0.8195400866666667,0.8009732366666666,102.18188166666665
2024-06-01,2024-06,June,Gampaha,Western,2.0,25852.0,LK12,47.0,0.7715418333333334,0.7584368933333333,101.62102666666668
2024-06-01,2024-06,June,Hambantota,Southern,2.0,25847.0,LK33,85.0,0.7812568566666668,0.6984099533333333,111.07142666666668
2024-06-01,2024-06,June,Jaffna,Northern,2.0,25839.0,LK41,31.0,0.5769247000000001,0.48190153666666663,117.86909333333334
2024-06-01,2024-06,June,Kalutara,Western,2.0,25853.0,LK13,52.0,0.8067685866666667,0.7987041333333332,100.95021833333334
2024-06-01,2024-06,June,Kandy,Central,2.0,41748.0,LK21,60.0,0.8115538833333332,0.7865019333333333,102.99495999999999
2024-06-01,2024-06,June,Kegalle,Sabaragamuwa,2.0,25844.0,LK92,55.0,0.8494126999999999,0.8373326266666666,101.36139333333334
2024-06-01,2024-06,June,Kilinochchi,Northern,2.0,25840.0,LK45,41.0,0.6107552666666667,0.5513656466666667,109.88105
2024-06-01,2024-06,June,Kurunegala,North Western,2.0,25837.0,LK61,158.0,0.7974132466666667,0.7748695666666666,102.73594166666668
2024-06-01,2024-06,June,Mannar,Northern,2.0,25841.0,LK42,65.0,0.70802766,0.6502179333333333,108.267758
2024-06-01,2024-06,June,Matale,Central,2.0,25830.0,LK22,67.0,0.8064825666666667,0.7593344433333332,105.82831466666669
2024-06-01,2024-06,June,Matara,Southern,2.0,25848.0,LK32,39.0,0.8276358333333333,0.8112293133333334,101.90505466666667
2024-06-01,2024-06,June,Monaragala,Uva,2.0,25850.0,LK82,186.0,0.7852395866666667,0.7310031866666667,106.96078666666666
2024-06-01,2024-06,June,Mullaitivu,Northern,2.0,25842.0,LK44,85.0,0.7386662533333332,0.6991408666666666,105.27821466666667
2024-06-01,2024-06,June,Nuwara Eliya,Central,2.0,41749.0,LK23,58.0,0.7927183633333333,0.7738468,102.29157666666667
2024-06-01,2024-06,June,Polonnaruwa,North Central,2.0,25836.0,LK72,116.0,0.7771548699999999,0.6941723433333333,111.15033999999999
2024-06-01,2024-06,June,Puttalam,North Western,2.0,25838.0,LK62,107.0,0.7527694699999999,0.7017504666666667,106.79715333333333
2024-06-01,2024-06,June,Ratnapura,Sabaragamuwa,2.0,25845.0,LK91,108.0,0.8289632299999999,0.8067291666666666,102.59559466666667
2024-06-01,2024-06,June,Trincomalee,Eastern,2.0,25834.0,LK53,83.0,0.7357634233333333,0.6693011666666666,109.24052333333333
2024-06-01,2024-06,June,Vavuniya,Northern,2.0,25843.0,LK43,65.0,0.7572830700000001,0.7127846833333332,105.83959366666666
2024-07-01,2024-07,July,Ampara,Eastern,2.0,25832.0,LK52,147.0,0.7293528133333332,0.66297264,109.30148333333334
2024-07-01,2024-07,July,Anuradhapura,North Central,2.0,25835.0,LK71,235.0,0.7256995533333334,0.66451175,108.55696333333333
2024-07-01,2024-07,July,Badulla,Uva,2.0,25849.0,LK81,94.0,0.7798935733333333,0.7170180433333333,108.19782666666667
2024-07-01,2024-07,July,Batticaloa,Eastern,2.0,25833.0,LK51,82.0,0.6398564666666666,0.5537752966666667,114.25396666666666
2024-07-01,2024-07,July,Colombo,Western,2.0,25851.0,LK11,23.0,0.70929418,0.7042327766666666,100.67080666666668
2024-07-01,2024-07,July,Galle,Southern,2.0,25846.0,LK31,54.0,0.81681046,0.7963837866666666,102.41357133333334
2024-07-01,2024-07,July,Gampaha,Western,2.0,25852.0,LK12,47.0,0.7675290733333333,0.7523134333333333,101.89774
2024-07-01,2024-07,July,Hambantota,Southern,2.0,25847.0,LK33,85.0,0.7455046666666667,0.6664425666666667,111.03034333333333
2024-07-01,2024-07,July,Jaffna,Northern,2.0,25839.0,LK41,31.0,0.5534204166666666,0.46375180666666665,117.45017
2024-07-01,2024-07,July,Kalutara,Western,2.0,25853.0,LK13,52.0,0.80398842,0.7950797433333333,101.05441333333333
2024-07-01,2024-07,July,Kandy,Central,2.0,41748.0,LK21,60.0,0.81496608,0.7818825266666667,103.97749800000001
2024-07-01,2024-07,July,Kegalle,Sabaragamuwa,2.0,25844.0,LK92,55.0,0.8464672533333334,0.8361627166666666,101.16294999999998
2024-07-01,2024-07,July,Kilinochchi,Northern,2.0,25840.0,LK45,41.0,0.6019447166666666,0.5403985833333333,110.42263666666668
2024-07-01,2024-07,July,Kurunegala,North Western,2.0,25837.0,LK61,158.0,0.7838442899999999,0.7443222666666666,104.98891866666666
2024-07-01,2024-07,July,Mannar,Northern,2.0,25841.0,LK42,65.0,0.69623022,0.62472038,110.60229333333332
2024-07-01,2024-07,July,Matale,Central,2.0,25830.0,LK22,67.0,0.7960417733333335,0.7411886500000001,106.93344666666667
2024-07-01,2024-07,July,Matara,Southern,2.0,25848.0,LK32,39.0,0.8237794800000001,0.8077109,101.87346000000001
2024-07-01,2024-07,July,Monaragala,Uva,2.0,25850.0,LK82,186.0,0.7647935499999999,0.6853212933333334,110.81870266666665
2024-07-01,2024-07,July,Mullaitivu,Northern,2.0,25842.0,LK44,85.0,0.7311779899999999,0.6886919566666667,105.75115666666666
2024-07-01,2024-07,July,Nuwara Eliya,Central,2.0,41749.0,LK23,58.0,0.7930470866666667,0.7643455466666667,103.52519333333333
2024-07-01,2024-07,July,Polonnaruwa,North Central,2.0,25836.0,LK72,116.0,0.7659551866666666,0.6896422566666667,110.314972
2024-07-01,2024-07,July,Puttalam,North Western,2.0,25838.0,LK62,107.0,0.7463716433333333,0.6679628466666667,110.94011533333332
2024-07-01,2024-07,July,Ratnapura,Sabaragamuwa,2.0,25845.0,LK91,108.0,0.8223601199999999,0.7948234166666667,103.26040333333333
2024-07-01,2024-07,July,Trincomalee,Eastern,2.0,25834.0,LK53,83.0,0.7160469766666667,0.6580614966666667,108.188067
2024-07-01,2024-07,July,Vavuniya,Northern,2.0,25843.0,LK43,65.0,0.7309415133333333,0.68687702,105.978448
2024-08-01,2024-08,August,Ampara,Eastern,2.0,25832.0,LK52,147.0,0.6842108566666667,0.6297521233333333,108.01071533333334
2024-08-01,2024-08,August,Anuradhapura,North Central,2.0,25835.0,LK71,235.0,0.709739,0.6509886466666667,108.38136999999999
2024-08-01,2024-08,August,Badulla,Uva,2.0,25849.0,LK81,94.0,0.7628343766666666,0.7010389,108.22795666666667
2024-08-01,2024-08,August,Batticaloa,Eastern,2.0,25833.0,LK51,82.0,0.60722802,0.5290863866666666,113.49348466666667
2024-08-01,2024-08,August,Colombo,Western,2.0,25851.0,LK11,23.0,0.7055188233333333,0.6977320533333332,101.04189333333333
2024-08-01,2024-08,August,Galle,Southern,2.0,25846.0,LK31,54.0,0.81772344,0.79401784,102.80865333333333
2024-08-01,2024-08,August,Gampaha,Western,2.0,25852.0,LK12,47.0,0.76912695,0.7410126333333333,103.55559666666666
2024-08-01,2024-08,August,Hambantota,Southern,2.0,25847.0,LK33,85.0,0.7155544666666667,0.6358906333333333,111.62083133333333
2024-08-01,2024-08,August,Jaffna,Northern,2.0,25839.0,LK41,31.0,0.5364386866666666,0.46041914,114.89867666666667
2024-08-01,2024-08,August,Kalutara,Western,2.0,25853.0,LK13,52.0,0.8031217666666667,0.7902804933333334,101.52831166666665
2024-08-01,2024-08,August,Kandy,Central,2.0,41748.0,LK21,60.0,0.81698887,0.7761413999999999,104.94475666666666
2024-08-01,2024-08,August,Kegalle,Sabaragamuwa,2.0,25844.0,LK92,55.0,0.8470672466666667,0.83049366,101.88277799999999
2024-08-01,2024-08,August,Kilinochchi,Northern,2.0,25840.0,LK45,41.0,0.5727894033333333,0.5262446000000001,108.07060466666667
2024-08-01,2024-08,August,Kurunegala,North Western,2.0,25837.0,LK61,158.0,0.7716885866666666,0.7056622866666666,108.74660833333333
2024-08-01,2024-08,August,Mannar,Northern,2.0,25841.0,LK42,65.0,0.6938676833333334,0.6115338466666667,112.44630533333333
2024-08-01,2024-08,August,Matale,Central,2.0,25830.0,LK22,67.0,0.7862015066666667,0.72781648,107.50670333333333
2024-08-01,2024-08,August,Matara,Southern,2.0,25848.0,LK32,39.0,0.8196572333333334,0.7997613100000001,102.34180666666667
2024-08-01,2024-08,August,Monaragala,Uva,2.0,25850.0,LK82,186.0,0.7543788166666667,0.6643590033333333,112.60174333333333
2024-08-01,2024-08,August,Mullaitivu,Northern,2.0,25842.0,LK44,85.0,0.7250846966666668,0.6894681,104.81764866666667
2024-08-01,2024-08,August,Nuwara Eliya,Central,2.0,41749.0,LK23,58.0,0.7959200833333333,0.7604915800000001,104.37125166666665
2024-08-01,2024-08,August,Polonnaruwa,North Central,2.0,25836.0,LK72,116.0,0.7319747,0.6756234133333333,107.763847
2024-08-01,2024-08,August,Puttalam,North Western,2.0,25838.0,LK62,107.0,0.7299298666666667,0.6345897133333334,113.93004666666667
2024-08-01,2024-08,August,Ratnapura,Sabaragamuwa,2.0,25845.0,LK91,108.0,0.8200728433333334,0.7835099900000001,104.38755333333334
2024-08-01,2024-08,August,Trincomalee,Eastern,2.0,25834.0,LK53,83.0,0.7051871333333333,0.6609511433333334,106.22276866666668
2024-08-01,2024-08,August,Vavuniya,Northern,2.0,25843.0,LK43,65.0,0.7311266566666667,0.6878702466666667,105.86248833333333
2024-09-01,2024-09,September,Ampara,Eastern,2.0,25832.0,LK52,147.0,0.6763081366666667,0.6329594333333334,106.35360333333334
2024-09-01,2024-09,September,Anuradhapura,North Central,2.0,25835.0,LK71,235.0,0.7012078,0.6619698366666666,105.52504966666667
2024-09-01,2024-09,September,Badulla,Uva,2.0,25849.0,LK81,94.0,0.7537013666666667,0.7060127666666668,106.31359333333334
2024-09-01,2024-09,September,Batticaloa,Eastern,2.0,25833.0,LK51,82.0,0.5934743466666667,0.5397494566666667,109.13043466666666
2024-09-01,2024-09,September,Colombo,Western,2.0,25851.0,LK11,23.0,0.7141796766666667,0.6961392833333333,102.41763166666665
2024-09-01,2024-09,September,Galle,Southern,2.0,25846.0,LK31,54.0,0.8197166433333334,0.7968295466666667,102.70291666666667
2024-09-01,2024-09,September,Gampaha,Western,2.0,25852.0,LK12,47.0,0.77628153,0.7382961266666667,104.81862000000001
2024-09-01,2024-09,September,Hambantota,Southern,2.0,25847.0,LK33,85.0,0.7154411733333333,0.63163102,112.30104333333333
2024-09-01,2024-09,September,Jaffna,Northern,2.0,25839.0,LK41,31.0,0.54813872,0.4845341333333333,111.90729333333333
2024-09-01,2024-09,September,Kalutara,Western,2.0,25853.0,LK13,52.0,0.8073691966666666,0.79020558,102.042665
2024-09-01,2024-09,September,Kandy,Central,2.0,41748.0,LK21,60.0,0.8237094466666667,0.77577225,105.80490166666668
2024-09-01,2024-09,September,Kegalle,Sabaragamuwa,2.0,25844.0,LK92,55.0,0.8495733333333333,0.82574345,102.72124333333333
2024-09-01,2024-09,September,Kilinochchi,Northern,2.0,25840.0,LK45,41.0,0.5424227666666667,0.52585062,102.885285
2024-09-01,2024-09,September,Kurunegala,North Western,2.0,25837.0,LK61,158.0,0.7659539866666667,0.7007411133333333,108.69220133333333
2024-09-01,2024-09,September,Mannar,Northern,2.0,25841.0,LK42,65.0,0.69573178,0.62242828,110.912778
2024-09-01,2024-09,September,Matale,Central,2.0,25830.0,LK22,67.0,0.7864716166666668,0.73437527,106.64547333333333
2024-09-01,2024-09,September,Matara,Southern,2.0,25848.0,LK32,39.0,0.8194273166666667,0.7964650633333333,102.71274833333332
2024-09-01,2024-09,September,Monaragala,Uva,2.0,25850.0,LK82,186.0,0.7484698833333333,0.67865846,109.59752666666667
2024-09-01,2024-09,September,Mullaitivu,Northern,2.0,25842.0,LK44,85.0,0.7235533166666667,0.7039018433333334,102.611512
2024-09-01,2024-09,September,Nuwara Eliya,Central,2.0,41749.0,LK23,58.0,0.8041517366666667,0.7645634333333334,104.85983666666668
2024-09-01,2024-09,September,Polonnaruwa,North Central,2.0,25836.0,LK72,116.0,0.7083732366666666,0.66211692,106.49614333333334
2024-09-01,2024-09,September,Puttalam,North Western,2.0,25838.0,LK62,107.0,0.7265429833333332,0.6389632333333334,112.72414833333335
2024-09-01,2024-09,September,Ratnapura,Sabaragamuwa,2.0,25845.0,LK91,108.0,0.8259135866666667,0.7821766166666667,105.25577666666668
2024-09-01,2024-09,September,Trincomalee,Eastern,2.0,25834.0,LK53,83.0,0.6999453533333333,0.67273578,103.77152466666666
2024-09-01,2024-09,September,Vavuniya,Northern,2.0,25843.0,LK43,65.0,0.7386774233333333,0.7114957333333334,103.58148633333333
2024-10-01,2024-10,October,Ampara,Eastern,2.0,25832.0,LK52,147.0,0.7009661899999999,0.6726984566666667,103.92631999999999
2024-10-01,2024-10,October,Anuradhapura,North Central,2.0,25835.0,LK71,235.0,0.7135640766666667,0.7050825566666666,101.14174633333334
2024-10-01,2024-10,October,Badulla,Uva,2.0,25849.0,LK81,94.0,0.76171025,0.73642772,103.22634633333332
2024-10-01,2024-10,October,Batticaloa,Eastern,2.0,25833.0,LK51,82.0,0.6102321,0.58577872,103.87672466666668
2024-10-01,2024-10,October,Colombo,Western,2.0,25851.0,LK11,23.0,0.7176072466666668,0.6993316900000001,102.43934666666667
2024-10-01,2024-10,October,Galle,Southern,2.0,25846.0,LK31,54.0,0.82354198,0.80463834,102.21211133333334
2024-10-01,2024-10,October,Gampaha,Western,2.0,25852.0,LK12,47.0,0.7754290333333334,0.7456929666666667,103.740168
2024-10-01,2024-10,October,Hambantota,Southern,2.0,25847.0,LK33,85.0,0.7232321333333335,0.67526712,106.66518666666667
2024-10-01,2024-10,October,Jaffna,Northern,2.0,25839.0,LK41,31.0,0.6007473166666667,0.53861731,110.569545
2024-10-01,2024-10,October,Kalutara,Western,2.0,25853.0,LK13,52.0,0.81208522,0.7947389133333332,102.05376833333332
2024-10-01,2024-10,October,Kandy,Central,2.0,41748.0,LK21,60.0,0.8290394133333333,0.7867203666666667,105.06102800000001
2024-10-01,2024-10,October,Kegalle,Sabaragamuwa,2.0,25844.0,LK92,55.0,0.8458769199999999,0.8250890333333333,102.37570666666666
2024-10-01,2024-10,October,Kilinochchi,Northern,2.0,25840.0,LK45,41.0,0.5774894166666666,0.5664579066666667,101.77919133333334
2024-10-01,2024-10,October,Kurunegala,North Western,2.0,25837.0,LK61,158.0,0.7586027333333334,0.7316796600000001,103.46758333333332
2024-10-01,2024-10,October,Mannar,Northern,2.0,25841.0,LK42,65.0,0.71250717,0.6693824666666667,106.03136133333334
2024-10-01,2024-10,October,Matale,Central,2.0,25830.0,LK22,67.0,0.7947711133333333,0.7646746466666666,103.70861666666667
2024-10-01,2024-10,October,Matara,Southern,2.0,25848.0,LK32,39.0,0.81965982,0.8024033333333334,102.02552333333334
2024-10-01,2024-10,October,Monaragala,Uva,2.0,25850.0,LK82,186.0,0.7585198833333333,0.7241691666666666,104.46212666666668
2024-10-01,2024-10,October,Mullaitivu,Northern,2.0,25842.0,LK44,85.0,0.7416093699999999,0.7338299833333334,100.99608333333333
2024-10-01,2024-10,October,Nuwara Eliya,Central,2.0,41749.0,LK23,58.0,0.8137614866666666,0.7775780666666666,104.37443666666667
2024-10-01,2024-10,October,Polonnaruwa,North Central,2.0,25836.0,LK72,116.0,0.729475,0.6956889,104.55081633333333
2024-10-01,2024-10,October,Puttalam,North Western,2.0,25838.0,LK62,107.0,0.73997258,0.6856798166666667,107.41573
2024-10-01,2024-10,October,Ratnapura,Sabaragamuwa,2.0,25845.0,LK91,108.0,0.8282428533333333,0.7957741733333333,103.84357499999999
2024-10-01,2024-10,October,Trincomalee,Eastern,2.0,25834.0,LK53,83.0,0.7115939433333334,0.7037558566666666,101.04850633333335
2024-10-01,2024-10,October,Vavuniya,Northern,2.0,25843.0,LK43,65.0,0.7560943666666665,0.7542895333333334,100.23780333333333
2024-11-01,2024-11,November,Ampara,Eastern,2.0,25832.0,LK52,147.0,0.7440607633333333,0.73024149,101.7771
2024-11-01,2024-11,November,Anuradhapura,North Central,2.0,25835.0,LK71,235.0,0.7468486333333333,0.75418649,99.09047333333335
2024-11-01,2024-11,November,Badulla,Uva,2.0,25849.0,LK81,94.0,0.7767496666666666,0.7692643666666666,100.916195
2024-11-01,2024-11,November,Batticaloa,Eastern,2.0,25833.0,LK51,82.0,0.6831251799999999,0.6684093433333334,102.04933333333334
2024-11-01,2024-11,November,Colombo,Western,2.0,25851.0,LK11,23.0,0.7062565333333334,0.6999362000000001,100.84245666666668
2024-11-01,2024-11,November,Galle,Southern,2.0,25846.0,LK31,54.0,0.8279332933333333,0.8110670066666666,101.95895666666667
2024-11-01,2024-11,November,Gampaha,Western,2.0,25852.0,LK12,47.0,0.7700510466666666,0.7596452866666666,101.28724666666666
2024-11-01,2024-11,November,Hambantota,Southern,2.0,25847.0,LK33,85.0,0.7465368333333333,0.7371608566666668,101.20078466666666
2024-11-01,2024-11,November,Jaffna,Northern,2.0,25839.0,LK41,31.0,0.6508387,0.6011712133333333,107.64575133333334
2024-11-01,2024-11,November,Kalutara,Western,2.0,25853.0,LK13,52.0,0.80859294,0.7982270133333333,101.22214866666667
2024-11-01,2024-11,November,Kandy,Central,2.0,41748.0,LK21,60.0,0.8224427,0.8012197633333334,102.49533000000001
2024-11-01,2024-11,November,Kegalle,Sabaragamuwa,2.0,25844.0,LK92,55.0,0.8360745533333334,0.82791171,100.93014333333333
2024-11-01,2024-11,November,Kilinochchi,Northern,2.0,25840.0,LK45,41.0,0.6682105266666666,0.6432878833333334,103.58161666666666
2024-11-01,2024-11,November,Kurunegala,North Western,2.0,25837.0,LK61,158.0,0.7724883666666668,0.7751060133333333,99.68886333333334
2024-11-01,2024-11,November,Mannar,Northern,2.0,25841.0,LK42,65.0,0.7342446133333334,0.7253331,101.163228
2024-11-01,2024-11,November,Matale,Central,2.0,25830.0,LK22,67.0,0.7988870533333333,0.7938021000000001,100.60512466666667
2024-11-01,2024-11,November,Matara,Southern,2.0,25848.0,LK32,39.0,0.8210581,0.81549072,100.64503666666667
2024-11-01,2024-11,November,Monaragala,Uva,2.0,25850.0,LK82,186.0,0.7858729366666667,0.77563148,101.24722466666667
2024-11-01,2024-11,November,Mullaitivu,Northern,2.0,25842.0,LK44,85.0,0.7701081966666666,0.7649793100000001,100.62897500000001
2024-11-01,2024-11,November,Nuwara Eliya,Central,2.0,41749.0,LK23,58.0,0.8138873166666666,0.7932364766666667,102.45091000000001
2024-11-01,2024-11,November,Polonnaruwa,North Central,2.0,25836.0,LK72,116.0,0.7435370566666667,0.7374111633333333,100.78278
2024-11-01,2024-11,November,Puttalam,North Western,2.0,25838.0,LK62,107.0,0.7631345633333333,0.7389796133333334,103.0707
2024-11-01,2024-11,November,Ratnapura,Sabaragamuwa,2.0,25845.0,LK91,108.0,0.8238694133333334,0.8127910133333334,101.28610666666667
2024-11-01,2024-11,November,Trincomalee,Eastern,2.0,25834.0,LK53,83.0,0.7423288933333333,0.7405627566666667,100.22118999999999
2024-11-01,2024-11,November,Vavuniya,Northern,2.0,25843.0,LK43,65.0,0.7779322666666667,0.7915826566666667,98.37927
2024-12-01,2024-12,December,Ampara,Eastern,2.0,25832.0,LK52,147.0,0.7870584866666667,0.7766607333333333,101.25944333333332
2024-12-01,2024-12,December,Anuradhapura,North Central,2.0,25835.0,LK71,235.0,0.7756729,0.7848832833333333,98.89662
2024-12-01,2024-12,December,Badulla,Uva,2.0,25849.0,LK81,94.0,0.7946790666666667,0.7869486866666667,100.92258133333333
2024-12-01,2024-12,December,Batticaloa,Eastern,2.0,25833.0,LK51,82.0,0.7475979333333332,0.7287191533333334,102.42440033333334
2024-12-01,2024-12,December,Colombo,Western,2.0,25851.0,LK11,23.0,0.6963376666666666,0.6931179466666667,100.43433333333333
2024-12-01,2024-12,December,Galle,Southern,2.0,25846.0,LK31,54.0,0.82310988,0.8138152533333334,101.07606666666668
2024-12-01,2024-12,December,Gampaha,Western,2.0,25852.0,LK12,47.0,0.7666234,0.7628569066666667,100.46342
2024-12-01,2024-12,December,Hambantota,Southern,2.0,25847.0,LK33,85.0,0.7846411333333334,0.7700227133333333,101.77858666666667
2024-12-01,2024-12,December,Jaffna,Northern,2.0,25839.0,LK41,31.0,0.6566107233333334,0.6252972966666667,104.63756799999999
2024-12-01,2024-12,December,Kalutara,Western,2.0,25853.0,LK13,52.0,0.8011968,0.7963954366666667,100.56709666666666
2024-12-01,2024-12,December,Kandy,Central,2.0,41748.0,LK21,60.0,0.8175761100000001,0.8061117200000001,101.33913666666666
2024-12-01,2024-12,December,Kegalle,Sabaragamuwa,2.0,25844.0,LK92,55.0,0.8291218100000001,0.8268434299999999,100.25993633333333
2024-12-01,2024-12,December,Kilinochchi,Northern,2.0,25840.0,LK45,41.0,0.7217690866666667,0.6934801566666667,103.80827666666666
2024-12-01,2024-12,December,Kurunegala,North Western,2.0,25837.0,LK61,158.0,0.79325526,0.8019920066666666,98.97467
2024-12-01,2024-12,December,Mannar,Northern,2.0,25841.0,LK42,65.0,0.746521,0.7516517333333333,99.36024666666667
2024-12-01,2024-12,December,Matale,Central,2.0,25830.0,LK22,67.0,0.8085149,0.8089373566666667,99.95091000000001
2024-12-01,2024-12,December,Matara,Southern,2.0,25848.0,LK32,39.0,0.8231922766666667,0.8252643266666667,99.76329833333334
2024-12-01,2024-12,December,Monaragala,Uva,2.0,25850.0,LK82,186.0,0.8060295666666667,0.8032846,100.32184333333333
2024-12-01,2024-12,December,Mullaitivu,Northern,2.0,25842.0,LK44,85.0,0.7828673899999999,0.7785315666666667,100.523544
2024-12-01,2024-12,December,Nuwara Eliya,Central,2.0,41749.0,LK23,58.0,0.81090059,0.7976402033333333,101.56445000000001
2024-12-01,2024-12,December,Polonnaruwa,North Central,2.0,25836.0,LK72,116.0,0.7687893533333333,0.7602516,101.050995
2024-12-01,2024-12,December,Puttalam,North Western,2.0,25838.0,LK62,107.0,0.7702934333333333,0.7589746666666667,101.39953700000001
2024-12-01,2024-12,December,Ratnapura,Sabaragamuwa,2.0,25845.0,LK91,108.0,0.8217962366666667,0.81920739,100.29785299999999
2024-12-01,2024-12,December,Trincomalee,Eastern,2.0,25834.0,LK53,83.0,0.77576865,0.76396468,101.44904000000001
2024-12-01,2024-12,December,Vavuniya,Northern,2.0,25843.0,LK43,65.0,0.7892313033333332,0.8042701600000001,98.23953966666666
2025-01-01,2025-01,January,Ampara,Eastern,2.0,25832.0,LK52,147.0,0.7787058866666667,0.7833097133333333,99.44316666666667
2025-01-01,2025-01,January,Anuradhapura,North Central,2.0,25835.0,LK71,235.0,0.7784172800000001,0.7924991,98.32786966666667
2025-01-01,2025-01,January,Badulla,Uva,2.0,25849.0,LK81,94.0,0.8021485566666667,0.7926376866666667,101.12850666666667
2025-01-01,2025-01,January,Batticaloa,Eastern,2.0,25833.0,LK51,82.0,0.7159597366666667,0.7211823599999999,99.30266666666667
2025-01-01,2025-01,January,Colombo,Western,2.0,25851.0,LK11,23.0,0.6864985333333333,0.6720614033333333,102.00389333333334
2025-01-01,2025-01,January,Galle,Southern,2.0,25846.0,LK31,54.0,0.8145505933333332,0.8078158633333333,100.78547666666667
2025-01-01,2025-01,January,Gampaha,Western,2.0,25852.0,LK12,47.0,0.7477552799999999,0.7362003333333332,101.47646633333333
2025-01-01,2025-01,January,Hambantota,Southern,2.0,25847.0,LK33,85.0,0.8023552433333333,0.77555122,103.24714333333333
2025-01-01,2025-01,January,Jaffna,Northern,2.0,25839.0,LK41,31.0,0.6352419333333333,0.6014972866666667,105.19252866666666
2025-01-01,2025-01,January,Kalutara,Western,2.0,25853.0,LK13,52.0,0.7870012533333334,0.7819341033333332,100.609708
2025-01-01,2025-01,January,Kandy,Central,2.0,41748.0,LK21,60.0,0.8154149866666667,0.7984849533333334,101.99642
2025-01-01,2025-01,January,Kegalle,Sabaragamuwa,2.0,25844.0,LK92,55.0,0.8205024200000001,0.8109299999999999,101.114142
2025-01-01,2025-01,January,Kilinochchi,Northern,2.0,25840.0,LK45,41.0,0.68433821,0.6806254666666667,100.49168666666667
2025-01-01,2025-01,January,Kurunegala,North Western,2.0,25837.0,LK61,158.0,0.7775276,0.7805691266666667,99.64170333333334
2025-01-01,2025-01,January,Mannar,Northern,2.0,25841.0,LK42,65.0,0.7558594466666667,0.7527504566666666,100.38979
2025-01-01,2025-01,January,Matale,Central,2.0,25830.0,LK22,67.0,0.8113183933333333,0.8147227899999999,99.60629999999999
2025-01-01,2025-01,January,Matara,Southern,2.0,25848.0,LK32,39.0,0.8222529333333334,0.8164981633333334,100.66687966666666
2025-01-01,2025-01,January,Monaragala,Uva,2.0,25850.0,LK82,186.0,0.8072603733333333,0.8022891,100.583825
2025-01-01,2025-01,January,Mullaitivu,Northern,2.0,25842.0,LK44,85.0,0.7661078199999999,0.7719806333333333,99.28371
2025-01-01,2025-01,January,Nuwara Eliya,Central,2.0,41749.0,LK23,58.0,0.80703505,0.7875915333333333,102.32239966666667
2025-01-01,2025-01,January,Polonnaruwa,North Central,2.0,25836.0,LK72,116.0,0.789554,0.7867867866666667,100.33253466666666
2025-01-01,2025-01,January,Puttalam,North Western,2.0,25838.0,LK62,107.0,0.7536482800000001,0.7442575466666667,101.185818
2025-01-01,2025-01,January,Ratnapura,Sabaragamuwa,2.0,25845.0,LK91,108.0,0.8202947466666667,0.8121014333333333,100.95147133333334
2025-01-01,2025-01,January,Trincomalee,Eastern,2.0,25834.0,LK53,83.0,0.7690867433333333,0.76624178,100.34615000000001
2025-01-01,2025-01,January,Vavuniya,Northern,2.0,25843.0,LK43,65.0,0.7782548833333333,0.7948951333333333,98.03017366666666
2025-02-01,2025-02,February,Ampara,Eastern,2.0,25832.0,LK52,147.0,0.7324380666666667,0.7432987,98.63414866666666
2025-02-01,2025-02,February,Anuradhapura,North Central,2.0,25835.0,LK71,235.0,0.7478538466666667,0.75761819,98.79648200000001
2025-02-01,2025-02,February,Badulla,Uva,2.0,25849.0,LK81,94.0,0.7894701999999999,0.7792860999999999,101.22898266666668
2025-02-01,2025-02,February,Batticaloa,Eastern,2.0,25833.0,LK51,82.0,0.6447691133333333,0.6692407333333333,96.59867466666667
2025-02-01,2025-02,February,Colombo,Western,2.0,25851.0,LK11,23.0,0.6739956266666667,0.6544099333333334,102.78022
2025-02-01,2025-02,February,Galle,Southern,2.0,25846.0,LK31,54.0,0.8059079866666666,0.7933937333333333,101.48483666666668
2025-02-01,2025-02,February,Gampaha,Western,2.0,25852.0,LK12,47.0,0.7260255133333334,0.7034402433333332,102.99923466666667
2025-02-01,2025-02,February,Hambantota,Southern,2.0,25847.0,LK33,85.0,0.7718631333333333,0.7486602666666666,102.90319866666665
2025-02-01,2025-02,February,Jaffna,Northern,2.0,25839.0,LK41,31.0,0.60205701,0.5498484466666667,108.72999333333333
2025-02-01,2025-02,February,Kalutara,Western,2.0,25853.0,LK13,52.0,0.77654678,0.7683292866666666,101.00427166666667
2025-02-01,2025-02,February,Kandy,Central,2.0,41748.0,LK21,60.0,0.8070782966666666,0.7830002333333334,102.89160166666666
2025-02-01,2025-02,February,Kegalle,Sabaragamuwa,2.0,25844.0,LK92,55.0,0.8123660366666666,0.7953982866666666,102.00731999999999
2025-02-01,2025-02,February,Kilinochchi,Northern,2.0,25840.0,LK45,41.0,0.61871379,0.62443539,99.15831800000001
2025-02-01,2025-02,February,Kurunegala,North Western,2.0,25837.0,LK61,158.0,0.7369021,0.7190770733333333,102.33569
2025-02-01,2025-02,February,Mannar,Northern,2.0,25841.0,LK42,65.0,0.7515327833333334,0.7307267533333333,102.66924833333333
2025-02-01,2025-02,February,Matale,Central,2.0,25830.0,LK22,67.0,0.8018034666666667,0.7999620333333333,100.21821466666667
2025-02-01,2025-02,February,Matara,Southern,2.0,25848.0,LK32,39.0,0.8111478233333332,0.7943172133333333,101.99472466666667
2025-02-01,2025-02,February,Monaragala,Uva,2.0,25850.0,LK82,186.0,0.7905861766666668,0.7800976533333334,101.26551533333334
2025-02-01,2025-02,February,Mullaitivu,Northern,2.0,25842.0,LK44,85.0,0.7417517466666667,0.7505555999999999,98.90124166666668
2025-02-01,2025-02,February,Nuwara Eliya,Central,2.0,41749.0,LK23,58.0,0.7964362,0.7738566566666667,102.74073666666668
2025-02-01,2025-02,February,Polonnaruwa,North Central,2.0,25836.0,LK72,116.0,0.7719482233333333,0.7762176233333333,99.48053666666665
2025-02-01,2025-02,February,Puttalam,North Western,2.0,25838.0,LK62,107.0,0.7346728633333334,0.7083814966666667,103.47613533333333
2025-02-01,2025-02,February,Ratnapura,Sabaragamuwa,2.0,25845.0,LK91,108.0,0.81560892,0.8001612833333334,101.81739166666667
2025-02-01,2025-02,February,Trincomalee,Eastern,2.0,25834.0,LK53,83.0,0.7326216966666667,0.73724276,99.41264333333334
2025-02-01,2025-02,February,Vavuniya,Northern,2.0,25843.0,LK43,65.0,0.7559256200000001,0.7669161,98.65801966666668
2025-03-01,2025-03,March,Ampara,Eastern,2.0,25832.0,LK52,147.0,0.7083963533333333,0.6993939033333333,101.21707666666667
2025-03-01,2025-03,March,Anuradhapura,North Central,2.0,25835.0,LK71,235.0,0.7153809666666667,0.7122368166666666,100.418837
2025-03-01,2025-03,March,Badulla,Uva,2.0,25849.0,LK81,94.0,0.7759031533333333,0.7597539233333334,101.99598666666667
2025-03-01,2025-03,March,Batticaloa,Eastern,2.0,25833.0,LK51,82.0,0.6233300533333334,0.6270425733333332,99.47099533333333
2025-03-01,2025-03,March,Colombo,Western,2.0,25851.0,LK11,23.0,0.6731115733333333,0.6577345133333333,102.17373333333335
2025-03-01,2025-03,March,Galle,Southern,2.0,25846.0,LK31,54.0,0.80520551,0.7874191600000001,102.123925
2025-03-01,2025-03,March,Gampaha,Western,2.0,25852.0,LK12,47.0,0.72152905,0.6998973133333334,102.88583333333334
2025-03-01,2025-03,March,Hambantota,Southern,2.0,25847.0,LK33,85.0,0.73964235,0.7118593333333333,103.65268466666667
2025-03-01,2025-03,March,Jaffna,Northern,2.0,25839.0,LK41,31.0,0.5844354833333333,0.5109923333333334,113.10675533333334
2025-03-01,2025-03,March,Kalutara,Western,2.0,25853.0,LK13,52.0,0.7813115366666666,0.77279975,101.03449166666667
2025-03-01,2025-03,March,Kandy,Central,2.0,41748.0,LK21,60.0,0.8024188666666667,0.7727419133333333,103.60731166666666
2025-03-01,2025-03,March,Kegalle,Sabaragamuwa,2.0,25844.0,LK92,55.0,0.8169521,0.7990706866666667,102.10607833333334
2025-03-01,2025-03,March,Kilinochchi,Northern,2.0,25840.0,LK45,41.0,0.59226989,0.58135265,101.74314666666668
2025-03-01,2025-03,March,Kurunegala,North Western,2.0,25837.0,LK61,158.0,0.7214691633333333,0.6883870466666666,104.48052833333334
2025-03-01,2025-03,March,Mannar,Northern,2.0,25841.0,LK42,65.0,0.7256625266666666,0.7011477333333334,103.26301166666667
2025-03-01,2025-03,March,Matale,Central,2.0,25830.0,LK22,67.0,0.7850183999999999,0.7756171233333333,101.14097199999999
2025-03-01,2025-03,March,Matara,Southern,2.0,25848.0,LK32,39.0,0.80102905,0.7825581666666667,102.21852
2025-03-01,2025-03,March,Monaragala,Uva,2.0,25850.0,LK82,186.0,0.780376,0.7631427466666666,102.11986833333333
2025-03-01,2025-03,March,Mullaitivu,Northern,2.0,25842.0,LK44,85.0,0.7275404,0.7284733299999999,99.88300533333334
2025-03-01,2025-03,March,Nuwara Eliya,Central,2.0,41749.0,LK23,58.0,0.7900724,0.76845832,102.64084166666667
2025-03-01,2025-03,March,Polonnaruwa,North Central,2.0,25836.0,LK72,116.0,0.7213807433333334,0.7271072466666667,99.26874199999999
2025-03-01,2025-03,March,Puttalam,North Western,2.0,25838.0,LK62,107.0,0.7271286533333333,0.6856575333333333,105.63842
2025-03-01,2025-03,March,Ratnapura,Sabaragamuwa,2.0,25845.0,LK91,108.0,0.8134947533333333,0.7967155966666667,101.98168666666668
2025-03-01,2025-03,March,Trincomalee,Eastern,2.0,25834.0,LK53,83.0,0.7021144333333332,0.6988553533333333,100.44359000000001
2025-03-01,2025-03,March,Vavuniya,Northern,2.0,25843.0,LK43,65.0,0.7414199633333333,0.7414863666666666,99.99372
2025-04-01,2025-04,April,Ampara,Eastern,2.0,25832.0,LK52,147.0,0.7231024533333333,0.6831142633333332,105.45378666666666
2025-04-01,2025-04,April,Anuradhapura,North Central,2.0,25835.0,LK71,235.0,0.7231642466666667,0.71229456,101.42629
2025-04-01,2025-04,April,Badulla,Uva,2.0,25849.0,LK81,94.0,0.7765634599999999,0.7551976666666667,102.65350000000001
2025-04-01,2025-04,April,Batticaloa,Eastern,2.0,25833.0,LK51,82.0,0.63731138,0.60768549,104.506708
2025-04-01,2025-04,April,Colombo,Western,2.0,25851.0,LK11,23.0,0.69163187,0.6772539700000001,101.97626366666667
2025-04-01,2025-04,April,Galle,Southern,2.0,25846.0,LK31,54.0,0.8092678866666666,0.79412357,101.79481500000001
2025-04-01,2025-04,April,Gampaha,Western,2.0,25852.0,LK12,47.0,0.7376978633333332,0.7242393766666666,101.74190700000001
2025-04-01,2025-04,April,Hambantota,Southern,2.0,25847.0,LK33,85.0,0.7408360666666667,0.7008370866666667,105.32664666666666
2025-04-01,2025-04,April,Jaffna,Northern,2.0,25839.0,LK41,31.0,0.5876397666666667,0.49807874333333335,116.34129666666666
2025-04-01,2025-04,April,Kalutara,Western,2.0,25853.0,LK13,52.0,0.7954166533333332,0.7875598333333333,100.93837666666667
2025-04-01,2025-04,April,Kandy,Central,2.0,41748.0,LK21,60.0,0.8035077566666667,0.7766860666666666,103.24561866666666
2025-04-01,2025-04,April,Kegalle,Sabaragamuwa,2.0,25844.0,LK92,55.0,0.8319945133333334,0.8171027799999999,101.71879666666666
2025-04-01,2025-04,April,Kilinochchi,Northern,2.0,25840.0,LK45,41.0,0.6045137833333333,0.5641594166666667,106.57461666666666
2025-04-01,2025-04,April,Kurunegala,North Western,2.0,25837.0,LK61,158.0,0.7478913666666666,0.7250464233333332,102.96202533333333
2025-04-01,2025-04,April,Mannar,Northern,2.0,25841.0,LK42,65.0,0.7023733,0.6830917666666667,102.62963333333333
2025-04-01,2025-04,April,Matale,Central,2.0,25830.0,LK22,67.0,0.7811626666666666,0.76829087,101.57322333333333
2025-04-01,2025-04,April,Matara,Southern,2.0,25848.0,LK32,39.0,0.8013299333333332,0.78895477,101.4763
2025-04-01,2025-04,April,Monaragala,Uva,2.0,25850.0,LK82,186.0,0.7830100233333334,0.7644638666666667,102.27724
2025-04-01,2025-04,April,Mullaitivu,Northern,2.0,25842.0,LK44,85.0,0.7270007733333333,0.714852,101.58957466666668
2025-04-01,2025-04,April,Nuwara Eliya,Central,2.0,41749.0,LK23,58.0,0.7930930833333334,0.7739699466666666,102.32117833333332
2025-04-01,2025-04,April,Polonnaruwa,North Central,2.0,25836.0,LK72,116.0,0.7012792666666666,0.69618518,100.68340666666666
2025-04-01,2025-04,April,Puttalam,North Western,2.0,25838.0,LK62,107.0,0.7329806733333334,0.6956772999999999,105.00752166666666
2025-04-01,2025-04,April,Ratnapura,Sabaragamuwa,2.0,25845.0,LK91,108.0,0.8187114166666666,0.8041900966666665,101.70041533333334
2025-04-01,2025-04,April,Trincomalee,Eastern,2.0,25834.0,LK53,83.0,0.69823448,0.6763330233333334,103.01712533333334
2025-04-01,2025-04,April,Vavuniya,Northern,2.0,25843.0,LK43,65.0,0.7441774166666667,0.7370928533333334,100.89971200000001
2025-05-01,2025-05,May,Ampara,Eastern,2.0,25832.0,LK52,147.0,0.7512661666666666,0.6942442600000001,107.66008733333332
2025-05-01,2025-05,May,Anuradhapura,North Central,2.0,25835.0,LK71,235.0,0.7419627000000001,0.72566436,102.10258133333333
2025-05-01,2025-05,May,Badulla,Uva,2.0,25849.0,LK81,94.0,0.7782368866666666,0.7554970333333334,102.82346866666667
2025-05-01,2025-05,May,Batticaloa,Eastern,2.0,25833.0,LK51,82.0,0.6615190666666667,0.6097193333333334,107.85081833333334
2025-05-01,2025-05,May,Colombo,Western,2.0,25851.0,LK11,23.0,0.7122869500000001,0.6955265166666668,102.24832833333333
2025-05-01,2025-05,May,Galle,Southern,2.0,25846.0,LK31,54.0,0.8096469133333333,0.8004023433333334,101.08711866666665
2025-05-01,2025-05,May,Gampaha,Western,2.0,25852.0,LK12,47.0,0.7558850866666665,0.74915808,100.84234166666666
2025-05-01,2025-05,May,Hambantota,Southern,2.0,25847.0,LK33,85.0,0.7607697833333334,0.7062601000000001,107.20752
2025-05-01,2025-05,May,Jaffna,Northern,2.0,25839.0,LK41,31.0,0.59272043,0.49670642333333337,117.56250999999999
2025-05-01,2025-05,May,Kalutara,Western,2.0,25853.0,LK13,52.0,0.8034608833333333,0.7966547366666666,100.80382166666668
2025-05-01,2025-05,May,Kandy,Central,2.0,41748.0,LK21,60.0,0.8012327566666667,0.7845254766666666,102.00245633333333
2025-05-01,2025-05,May,Kegalle,Sabaragamuwa,2.0,25844.0,LK92,55.0,0.8373345133333334,0.8317203266666667,100.63770333333333
2025-05-01,2025-05,May,Kilinochchi,Northern,2.0,25840.0,LK45,41.0,0.6328780266666666,0.5603386866666668,111.88739199999999
2025-05-01,2025-05,May,Kurunegala,North Western,2.0,25837.0,LK61,158.0,0.7811835500000001,0.7688743966666666,101.503556
2025-05-01,2025-05,May,Mannar,Northern,2.0,25841.0,LK42,65.0,0.6950117666666666,0.67330281,103.00373200000001
2025-05-01,2025-05,May,Matale,Central,2.0,25830.0,LK22,67.0,0.7817487166666667,0.7697553166666666,101.463328
2025-05-01,2025-05,May,Matara,Southern,2.0,25848.0,LK32,39.0,0.8086709466666667,0.8025984233333333,100.71247799999999
2025-05-01,2025-05,May,Monaragala,Uva,2.0,25850.0,LK82,186.0,0.7832127133333334,0.7616334866666667,102.66042866666668
2025-05-01,2025-05,May,Mullaitivu,Northern,2.0,25842.0,LK44,85.0,0.7354266333333334,0.70917131,103.45961
2025-05-01,2025-05,May,Nuwara Eliya,Central,2.0,41749.0,LK23,58.0,0.7966643666666666,0.7783765833333334,102.20766333333334
2025-05-01,2025-05,May,Polonnaruwa,North Central,2.0,25836.0,LK72,116.0,0.7109008766666666,0.6925152333333333,102.47684533333332
2025-05-01,2025-05,May,Puttalam,North Western,2.0,25838.0,LK62,107.0,0.7393526366666666,0.7109920000000001,103.72671666666668
2025-05-01,2025-05,May,Ratnapura,Sabaragamuwa,2.0,25845.0,LK91,108.0,0.8223876666666667,0.8096791900000001,101.47828033333333
2025-05-01,2025-05,May,Trincomalee,Eastern,2.0,25834.0,LK53,83.0,0.7124803166666668,0.6749312466666666,105.17959533333334
2025-05-01,2025-05,May,Vavuniya,Northern,2.0,25843.0,LK43,65.0,0.7512866766666667,0.73722455,101.78779466666667
2025-06-01,2025-06,June,Ampara,Eastern,2.0,25832.0,LK52,147.0,0.7520850166666667,0.69607917,107.50431533333334
2025-06-01,2025-06,June,Anuradhapura,North Central,2.0,25835.0,LK71,235.0,0.7332659,0.6999913666666666,104.44399033333333
2025-06-01,2025-06,June,Badulla,Uva,2.0,25849.0,LK81,94.0,0.7726411166666667,0.7429939533333334,103.740092
2025-06-01,2025-06,June,Batticaloa,Eastern,2.0,25833.0,LK51,82.0,0.6603459333333334,0.5971564333333333,109.76412666666666
2025-06-01,2025-06,June,Colombo,Western,2.0,25851.0,LK11,23.0,0.71747532,0.7040921833333332,101.77481
2025-06-01,2025-06,June,Galle,Southern,2.0,25846.0,LK31,54.0,0.8157043033333333,0.8009732366666666,101.73129999999999
2025-06-01,2025-06,June,Gampaha,Western,2.0,25852.0,LK12,47.0,0.7677035333333334,0.7584368933333333,101.14625333333333
2025-06-01,2025-06,June,Hambantota,Southern,2.0,25847.0,LK33,85.0,0.7715599466666667,0.6984099533333333,109.77541333333333
2025-06-01,2025-06,June,Jaffna,Northern,2.0,25839.0,LK41,31.0,0.5738752733333333,0.48190153666666663,117.28928
2025-06-01,2025-06,June,Kalutara,Western,2.0,25853.0,LK13,52.0,0.8095820333333333,0.7987041333333332,101.28179466666666
2025-06-01,2025-06,June,Kandy,Central,2.0,41748.0,LK21,60.0,0.8005060733333332,0.7865019333333333,101.67416666666666
2025-06-01,2025-06,June,Kegalle,Sabaragamuwa,2.0,25844.0,LK92,55.0,0.8378090666666665,0.8373326266666666,100.05369999999999
2025-06-01,2025-06,June,Kilinochchi,Northern,2.0,25840.0,LK45,41.0,0.6328089166666667,0.5513656466666667,113.54161700000002
2025-06-01,2025-06,June,Kurunegala,North Western,2.0,25837.0,LK61,158.0,0.7916394433333332,0.7748695666666666,102.03377
2025-06-01,2025-06,June,Mannar,Northern,2.0,25841.0,LK42,65.0,0.68549692,0.6502179333333333,105.04478866666666
2025-06-01,2025-06,June,Matale,Central,2.0,25830.0,LK22,67.0,0.7792586899999999,0.7593344433333332,102.463363
2025-06-01,2025-06,June,Matara,Southern,2.0,25848.0,LK32,39.0,0.8222837633333334,0.8112293133333334,101.28332866666666
2025-06-01,2025-06,June,Monaragala,Uva,2.0,25850.0,LK82,186.0,0.7648881466666667,0.7310031866666667,104.34672833333333
2025-06-01,2025-06,June,Mullaitivu,Northern,2.0,25842.0,LK44,85.0,0.73316823,0.6991408666666666,104.54242666666666
2025-06-01,2025-06,June,Nuwara Eliya,Central,2.0,41749.0,LK23,58.0,0.7927706433333334,0.7738468,102.29707833333333
2025-06-01,2025-06,June,Polonnaruwa,North Central,2.0,25836.0,LK72,116.0,0.7459689533333332,0.6941723433333333,106.95912666666668
2025-06-01,2025-06,June,Puttalam,North Western,2.0,25838.0,LK62,107.0,0.746095,0.7017504666666667,105.906228
2025-06-01,2025-06,June,Ratnapura,Sabaragamuwa,2.0,25845.0,LK91,108.0,0.8199700333333334,0.8067291666666666,101.54568666666667
2025-06-01,2025-06,June,Trincomalee,Eastern,2.0,25834.0,LK53,83.0,0.7192907666666667,0.6693011666666666,106.95046666666667
2025-06-01,2025-06,June,Vavuniya,Northern,2.0,25843.0,LK43,65.0,0.7350389566666666,0.7127846833333332,102.91936833333334
2025-07-01,2025-07,July,Ampara,Eastern,2.0,25832.0,LK52,147.0,0.7026841199999999,0.66297264,105.559527
2025-07-01,2025-07,July,Anuradhapura,North Central,2.0,25835.0,LK71,235.0,0.69705518,0.66451175,104.54806666666667
2025-07-01,2025-07,July,Badulla,Uva,2.0,25849.0,LK81,94.0,0.7528517666666668,0.7170180433333333,104.67353533333335
2025-07-01,2025-07,July,Batticaloa,Eastern,2.0,25833.0,LK51,82.0,0.6046743666666666,0.5537752966666667,108.41361333333333
2025-07-01,2025-07,July,Colombo,Western,2.0,25851.0,LK11,23.0,0.7103594000000001,0.7042327766666666,100.81184166666667
2025-07-01,2025-07,July,Galle,Southern,2.0,25846.0,LK31,54.0,0.8135073899999999,0.7963837866666666,102.02292666666666
2025-07-01,2025-07,July,Gampaha,Western,2.0,25852.0,LK12,47.0,0.7566368766666667,0.7523134333333333,100.53723333333333
2025-07-01,2025-07,July,Hambantota,Southern,2.0,25847.0,LK33,85.0,0.7297552666666668,0.6664425666666667,108.82377166666667
2025-07-01,2025-07,July,Jaffna,Northern,2.0,25839.0,LK41,31.0,0.5473247533333333,0.46375180666666665,116.26540333333332
2025-07-01,2025-07,July,Kalutara,Western,2.0,25853.0,LK13,52.0,0.8050788166666667,0.7950797433333333,101.182795
2025-07-01,2025-07,July,Kandy,Central,2.0,41748.0,LK21,60.0,0.7994666333333332,0.7818825266666667,102.11420666666668
2025-07-01,2025-07,July,Kegalle,Sabaragamuwa,2.0,25844.0,LK92,55.0,0.8358672533333333,0.8361627166666666,99.96671333333335
2025-07-01,2025-07,July,Kilinochchi,Northern,2.0,25840.0,LK45,41.0,0.5976764333333333,0.5403985833333333,109.69200333333333
2025-07-01,2025-07,July,Kurunegala,North Western,2.0,25837.0,LK61,158.0,0.74932784,0.7443222666666666,100.61697
2025-07-01,2025-07,July,Mannar,Northern,2.0,25841.0,LK42,65.0,0.6652661333333333,0.62472038,106.00881199999999
2025-07-01,2025-07,July,Matale,Central,2.0,25830.0,LK22,67.0,0.7653815700000001,0.7411886500000001,103.05770533333333
2025-07-01,2025-07,July,Matara,Southern,2.0,25848.0,LK32,39.0,0.8224632333333334,0.8077109,101.71969466666667
2025-07-01,2025-07,July,Monaragala,Uva,2.0,25850.0,LK82,186.0,0.7364982000000001,0.6853212933333334,106.96844333333333
2025-07-01,2025-07,July,Mullaitivu,Northern,2.0,25842.0,LK44,85.0,0.7166909333333334,0.6886919566666667,103.78929833333332
2025-07-01,2025-07,July,Nuwara Eliya,Central,2.0,41749.0,LK23,58.0,0.7857350333333333,0.7643455466666667,102.62693166666668
2025-07-01,2025-07,July,Polonnaruwa,North Central,2.0,25836.0,LK72,116.0,0.7435488466666667,0.6896422566666667,107.28634333333332
2025-07-01,2025-07,July,Puttalam,North Western,2.0,25838.0,LK62,107.0,0.7251133666666667,0.6679628466666667,107.96231166666666
2025-07-01,2025-07,July,Ratnapura,Sabaragamuwa,2.0,25845.0,LK91,108.0,0.8106675666666666,0.7948234166666667,101.87577966666667
2025-07-01,2025-07,July,Trincomalee,Eastern,2.0,25834.0,LK53,83.0,0.7016799333333333,0.6580614966666667,106.158995
2025-07-01,2025-07,July,Vavuniya,Northern,2.0,25843.0,LK43,65.0,0.7096204866666667,0.68687702,103.08542533333333
2025-08-01,2025-08,August,Ampara,Eastern,2.0,25832.0,LK52,147.0,0.6553763966666667,0.6297521233333333,103.76808
2025-08-01,2025-08,August,Anuradhapura,North Central,2.0,25835.0,LK71,235.0,0.6631766033333334,0.6509886466666667,101.73831333333334
2025-08-01,2025-08,August,Badulla,Uva,2.0,25849.0,LK81,94.0,0.73877939,0.7010389,105.02502199999999
2025-08-01,2025-08,August,Batticaloa,Eastern,2.0,25833.0,LK51,82.0,0.55703048,0.5290863866666666,104.823415
2025-08-01,2025-08,August,Colombo,Western,2.0,25851.0,LK11,23.0,0.69788259,0.6977320533333332,100.01979333333334
2025-08-01,2025-08,August,Galle,Southern,2.0,25846.0,LK31,54.0,0.80601417,0.79401784,101.42134333333333
2025-08-01,2025-08,August,Gampaha,Western,2.0,25852.0,LK12,47.0,0.73397374,0.7410126333333333,99.10926466666668
2025-08-01,2025-08,August,Hambantota,Southern,2.0,25847.0,LK33,85.0,0.6662556666666667,0.6358906333333333,104.4173
2025-08-01,2025-08,August,Jaffna,Northern,2.0,25839.0,LK41,31.0,0.5456515933333334,0.46041914,116.69701533333334
2025-08-01,2025-08,August,Kalutara,Western,2.0,25853.0,LK13,52.0,0.7924634566666667,0.7902804933333334,100.25961
2025-08-01,2025-08,August,Kandy,Central,2.0,41748.0,LK21,60.0,0.8012577466666667,0.7761413999999999,103.04048
2025-08-01,2025-08,August,Kegalle,Sabaragamuwa,2.0,25844.0,LK92,55.0,0.8326096533333334,0.83049366,100.24048533333333
2025-08-01,2025-08,August,Kilinochchi,Northern,2.0,25840.0,LK45,41.0,0.54896504,0.5262446000000001,103.93585666666667
2025-08-01,2025-08,August,Kurunegala,North Western,2.0,25837.0,LK61,158.0,0.6889847933333334,0.7056622866666666,97.78899333333334
2025-08-01,2025-08,August,Mannar,Northern,2.0,25841.0,LK42,65.0,0.6405471266666667,0.6115338466666667,104.38487133333332
2025-08-01,2025-08,August,Matale,Central,2.0,25830.0,LK22,67.0,0.7496989966666666,0.72781648,102.81313333333333
2025-08-01,2025-08,August,Matara,Southern,2.0,25848.0,LK32,39.0,0.81004869,0.7997613100000001,101.21038
2025-08-01,2025-08,August,Monaragala,Uva,2.0,25850.0,LK82,186.0,0.7235116399999999,0.6643590033333333,108.28068
2025-08-01,2025-08,August,Mullaitivu,Northern,2.0,25842.0,LK44,85.0,0.7005843,0.6894681,101.50488966666667
2025-08-01,2025-08,August,Nuwara Eliya,Central,2.0,41749.0,LK23,58.0,0.7874355999999999,0.7604915800000001,103.32442833333333
2025-08-01,2025-08,August,Polonnaruwa,North Central,2.0,25836.0,LK72,116.0,0.7064384666666667,0.6756234133333333,104.24195666666667
2025-08-01,2025-08,August,Puttalam,North Western,2.0,25838.0,LK62,107.0,0.6769351800000001,0.6345897133333334,106.17944
2025-08-01,2025-08,August,Ratnapura,Sabaragamuwa,2.0,25845.0,LK91,108.0,0.80199227,0.7835099900000001,102.217642
2025-08-01,2025-08,August,Trincomalee,Eastern,2.0,25834.0,LK53,83.0,0.6761224666666666,0.6609511433333334,102.13659
2025-08-01,2025-08,August,Vavuniya,Northern,2.0,25843.0,LK43,65.0,0.6989984499999999,0.6878702466666667,101.51083333333334
2025-09-01,2025-09,September,Ampara,Eastern,2.0,25832.0,LK52,147.0,0.6593714133333334,0.6329594333333334,103.86763666666667
2025-09-01,2025-09,September,Anuradhapura,North Central,2.0,25835.0,LK71,235.0,0.6636055066666667,0.6619698366666666,100.23225366666667
2025-09-01,2025-09,September,Badulla,Uva,2.0,25849.0,LK81,94.0,0.7389698433333334,0.7060127666666668,104.36151
2025-09-01,2025-09,September,Batticaloa,Eastern,2.0,25833.0,LK51,82.0,0.5485003700000001,0.5397494566666667,101.49616833333334
2025-09-01,2025-09,September,Colombo,Western,2.0,25851.0,LK11,23.0,0.6906956466666667,0.6961392833333333,99.27058
2025-09-01,2025-09,September,Galle,Southern,2.0,25846.0,LK31,54.0,0.8070154500000001,0.7968295466666667,101.20293333333332
2025-09-01,2025-09,September,Gampaha,Western,2.0,25852.0,LK12,47.0,0.72582409,0.7382961266666667,98.41786666666667
2025-09-01,2025-09,September,Hambantota,Southern,2.0,25847.0,LK33,85.0,0.6476121166666667,0.63163102,102.34462166666667
2025-09-01,2025-09,September,Jaffna,Northern,2.0,25839.0,LK41,31.0,0.5760945766666666,0.4845341333333333,117.134043
2025-09-01,2025-09,September,Kalutara,Western,2.0,25853.0,LK13,52.0,0.7889384700000001,0.79020558,99.84927666666665
2025-09-01,2025-09,September,Kandy,Central,2.0,41748.0,LK21,60.0,0.7995444066666666,0.77577225,102.87915199999999
2025-09-01,2025-09,September,Kegalle,Sabaragamuwa,2.0,25844.0,LK92,55.0,0.8276472500000001,0.82574345,100.21727333333332
2025-09-01,2025-09,September,Kilinochchi,Northern,2.0,25840.0,LK45,41.0,0.5329301000000001,0.52585062,101.23169033333333
2025-09-01,2025-09,September,Kurunegala,North Western,2.0,25837.0,LK61,158.0,0.6863518733333334,0.7007411133333333,98.081052
2025-09-01,2025-09,September,Mannar,Northern,2.0,25841.0,LK42,65.0,0.6337092333333333,0.62242828,101.68430166666667
2025-09-01,2025-09,September,Matale,Central,2.0,25830.0,LK22,67.0,0.7578039466666667,0.73437527,102.986102
2025-09-01,2025-09,September,Matara,Southern,2.0,25848.0,LK32,39.0,0.8025751633333332,0.7964650633333333,100.72189333333334
2025-09-01,2025-09,September,Monaragala,Uva,2.0,25850.0,LK82,186.0,0.7308024866666667,0.67865846,107.16410866666666
2025-09-01,2025-09,September,Mullaitivu,Northern,2.0,25842.0,LK44,85.0,0.7013752499999999,0.7039018433333334,99.66765466666668
2025-09-01,2025-09,September,Nuwara Eliya,Central,2.0,41749.0,LK23,58.0,0.7892798500000001,0.7645634333333334,103.03517333333333
2025-09-01,2025-09,September,Polonnaruwa,North Central,2.0,25836.0,LK72,116.0,0.6856206833333333,0.66211692,103.3007
2025-09-01,2025-09,September,Puttalam,North Western,2.0,25838.0,LK62,107.0,0.6620233466666666,0.6389632333333334,103.35379733333333
2025-09-01,2025-09,September,Ratnapura,Sabaragamuwa,2.0,25845.0,LK91,108.0,0.7986956333333334,0.7821766166666667,101.98550666666667
2025-09-01,2025-09,September,Trincomalee,Eastern,2.0,25834.0,LK53,83.0,0.6731642233333334,0.67273578,100.06258466666667
2025-09-01,2025-09,September,Vavuniya,Northern,2.0,25843.0,LK43,65.0,0.7074712666666666,0.7114957333333334,99.47760666666666
2025-10-01,2025-10,October,Ampara,Eastern,2.0,25832.0,LK52,147.0,0.6872609833333333,0.6726984566666667,102.02989666666667
2025-10-01,2025-10,October,Anuradhapura,North Central,2.0,25835.0,LK71,235.0,0.6934097733333333,0.7050825566666666,98.46589999999999
2025-10-01,2025-10,October,Badulla,Uva,2.0,25849.0,LK81,94.0,0.7572269333333334,0.73642772,102.65164033333333
2025-10-01,2025-10,October,Batticaloa,Eastern,2.0,25833.0,LK51,82.0,0.5728126066666667,0.58577872,97.97601333333334
2025-10-01,2025-10,October,Colombo,Western,2.0,25851.0,LK11,23.0,0.6863333033333333,0.6993316900000001,98.265595
2025-10-01,2025-10,October,Galle,Southern,2.0,25846.0,LK31,54.0,0.8104450466666666,0.80463834,100.67990133333335
2025-10-01,2025-10,October,Gampaha,Western,2.0,25852.0,LK12,47.0,0.7335234166666668,0.7456929666666667,98.47015333333333
2025-10-01,2025-10,October,Hambantota,Southern,2.0,25847.0,LK33,85.0,0.6903607800000001,0.67526712,102.08994
2025-10-01,2025-10,October,Jaffna,Northern,2.0,25839.0,LK41,31.0,0.6232032166666667,0.53861731,114.40842500000001
2025-10-01,2025-10,October,Kalutara,Western,2.0,25853.0,LK13,52.0,0.7888057366666666,0.7947389133333332,99.29779666666667
2025-10-01,2025-10,October,Kandy,Central,2.0,41748.0,LK21,60.0,0.8034183166666667,0.7867203666666667,101.99666666666667
2025-10-01,2025-10,October,Kegalle,Sabaragamuwa,2.0,25844.0,LK92,55.0,0.82319997,0.8250890333333333,99.78414833333333
2025-10-01,2025-10,October,Kilinochchi,Northern,2.0,25840.0,LK45,41.0,0.5733089233333334,0.5664579066666667,101.10098800000002
2025-10-01,2025-10,October,Kurunegala,North Western,2.0,25837.0,LK61,158.0,0.7200807766666667,0.7316796600000001,98.51837666666665
2025-10-01,2025-10,October,Mannar,Northern,2.0,25841.0,LK42,65.0,0.6699692266666667,0.6693824666666667,100.08720666666666
2025-10-01,2025-10,October,Matale,Central,2.0,25830.0,LK22,67.0,0.7824179,0.7646746466666666,102.1841
2025-10-01,2025-10,October,Matara,Southern,2.0,25848.0,LK32,39.0,0.8021487266666667,0.8024033333333334,99.97071999999999
2025-10-01,2025-10,October,Monaragala,Uva,2.0,25850.0,LK82,186.0,0.75540448,0.7241691666666666,104.05252
2025-10-01,2025-10,October,Mullaitivu,Northern,2.0,25842.0,LK44,85.0,0.7270580466666666,0.7338299833333334,99.13494333333334
2025-10-01,2025-10,October,Nuwara Eliya,Central,2.0,41749.0,LK23,58.0,0.7939919433333333,0.7775780666666666,101.98459666666668
2025-10-01,2025-10,October,Polonnaruwa,North Central,2.0,25836.0,LK72,116.0,0.7163583,0.6956889,102.77862
2025-10-01,2025-10,October,Puttalam,North Western,2.0,25838.0,LK62,107.0,0.6981666433333333,0.6856798166666667,101.70309000000002
2025-10-01,2025-10,October,Ratnapura,Sabaragamuwa,2.0,25845.0,LK91,108.0,0.8034675666666667,0.7957741733333333,100.91124666666667
2025-10-01,2025-10,October,Trincomalee,Eastern,2.0,25834.0,LK53,83.0,0.6887417566666666,0.7037558566666666,98.01543333333332
2025-10-01,2025-10,October,Vavuniya,Northern,2.0,25843.0,LK43,65.0,0.7354374366666666,0.7542895333333334,97.66325866666666
2025-11-01,2025-11,November,Ampara,Eastern,2.0,25832.0,LK52,147.0,0.7330063466666666,0.73024149,100.35588666666666
2025-11-01,2025-11,November,Anuradhapura,North Central,2.0,25835.0,LK71,235.0,0.7311856733333334,0.75418649,97.142065
2025-11-01,2025-11,November,Badulla,Uva,2.0,25849.0,LK81,94.0,0.77448369,0.7692643666666666,100.64105
2025-11-01,2025-11,November,Batticaloa,Eastern,2.0,25833.0,LK51,82.0,0.6585243799999999,0.6684093433333334,98.60208966666669
2025-11-01,2025-11,November,Colombo,Western,2.0,25851.0,LK11,23.0,0.6863289699999999,0.6999362000000001,98.18563333333333
2025-11-01,2025-11,November,Galle,Southern,2.0,25846.0,LK31,54.0,0.81663022,0.8110670066666666,100.64601366666666
2025-11-01,2025-11,November,Gampaha,Western,2.0,25852.0,LK12,47.0,0.7534723066666666,0.7596452866666666,99.23661
2025-11-01,2025-11,November,Hambantota,Southern,2.0,25847.0,LK33,85.0,0.7374846666666667,0.7371608566666668,100.04786866666666
2025-11-01,2025-11,November,Jaffna,Northern,2.0,25839.0,LK41,31.0,0.6636279333333334,0.6011712133333333,109.61647266666667
2025-11-01,2025-11,November,Kalutara,Western,2.0,25853.0,LK13,52.0,0.7968563766666668,0.7982270133333333,99.83830066666667
2025-11-01,2025-11,November,Kandy,Central,2.0,41748.0,LK21,60.0,0.8120222033333334,0.8012197633333334,101.26984866666668
2025-11-01,2025-11,November,Kegalle,Sabaragamuwa,2.0,25844.0,LK92,55.0,0.8293278833333333,0.82791171,100.16114
2025-11-01,2025-11,November,Kilinochchi,Northern,2.0,25840.0,LK45,41.0,0.6681471433333334,0.6432878833333334,103.56097133333333
2025-11-01,2025-11,November,Kurunegala,North Western,2.0,25837.0,LK61,158.0,0.7648037866666666,0.7751060133333333,98.74891266666667
2025-11-01,2025-11,November,Mannar,Northern,2.0,25841.0,LK42,65.0,0.7226241,0.7253331,99.65156333333334
2025-11-01,2025-11,November,Matale,Central,2.0,25830.0,LK22,67.0,0.79733182,0.7938021000000001,100.42128666666667
2025-11-01,2025-11,November,Matara,Southern,2.0,25848.0,LK32,39.0,0.8135452766666668,0.81549072,99.77513666666665
2025-11-01,2025-11,November,Monaragala,Uva,2.0,25850.0,LK82,186.0,0.7882334766666667,0.77563148,101.53173666666667
2025-11-01,2025-11,November,Mullaitivu,Northern,2.0,25842.0,LK44,85.0,0.7646961066666668,0.7649793100000001,99.96276133333333
2025-11-01,2025-11,November,Nuwara Eliya,Central,2.0,41749.0,LK23,58.0,0.8029735499999999,0.7932364766666667,101.155547
2025-11-01,2025-11,November,Polonnaruwa,North Central,2.0,25836.0,LK72,116.0,0.7273361933333334,0.7374111633333333,98.73330333333332
2025-11-01,2025-11,November,Puttalam,North Western,2.0,25838.0,LK62,107.0,0.74880278,0.7389796133333334,101.24597999999999
2025-11-01,2025-11,November,Ratnapura,Sabaragamuwa,2.0,25845.0,LK91,108.0,0.8168567866666666,0.8127910133333334,100.47124666666667
2025-11-01,2025-11,November,Trincomalee,Eastern,2.0,25834.0,LK53,83.0,0.7142871199999999,0.7405627566666667,96.67807333333333
2025-11-01,2025-11,November,Vavuniya,Northern,2.0,25843.0,LK43,65.0,0.7693076466666667,0.7915826566666667,97.3505
2025-12-01,2025-12,December,Ampara,Eastern,2.0,25832.0,LK52,147.0,0.7841059033333334,0.7766607333333333,100.89661333333333
2025-12-01,2025-12,December,Anuradhapura,North Central,2.0,25835.0,LK71,235.0,0.7697104833333334,0.7848832833333333,98.17526333333335
2025-12-01,2025-12,December,Badulla,Uva,2.0,25849.0,LK81,94.0,0.7872975333333333,0.7869486866666667,100.04062466666666
2025-12-01,2025-12,December,Batticaloa,Eastern,2.0,25833.0,LK51,82.0,0.7384211333333334,0.7287191533333334,101.23749666666667
2025-12-01,2025-12,December,Colombo,Western,2.0,25851.0,LK11,23.0,0.6833579566666667,0.6931179466666667,98.68752333333333
2025-12-01,2025-12,December,Galle,Southern,2.0,25846.0,LK31,54.0,0.8166012399999999,0.8138152533333334,100.32257
2025-12-01,2025-12,December,Gampaha,Western,2.0,25852.0,LK12,47.0,0.76273688,0.7628569066666667,99.98608333333334
2025-12-01,2025-12,December,Hambantota,Southern,2.0,25847.0,LK33,85.0,0.7756999833333333,0.7700227133333333,100.687675
2025-12-01,2025-12,December,Jaffna,Northern,2.0,25839.0,LK41,31.0,0.6645698666666666,0.6252972966666667,105.81644133333333
2025-12-01,2025-12,December,Kalutara,Western,2.0,25853.0,LK13,52.0,0.80066793,0.7963954366666667,100.50499
2025-12-01,2025-12,December,Kandy,Central,2.0,41748.0,LK21,60.0,0.8120794066666667,0.8061117200000001,100.69708333333334
2025-12-01,2025-12,December,Kegalle,Sabaragamuwa,2.0,25844.0,LK92,55.0,0.8353381866666667,0.8268434299999999,100.96936833333332
2025-12-01,2025-12,December,Kilinochchi,Northern,2.0,25840.0,LK45,41.0,0.7306463233333332,0.6934801566666667,104.99945000000001
2025-12-01,2025-12,December,Kurunegala,North Western,2.0,25837.0,LK61,158.0,0.7966661966666667,0.8019920066666666,99.37389999999999
2025-12-01,2025-12,December,Mannar,Northern,2.0,25841.0,LK42,65.0,0.7498445966666667,0.7516517333333333,99.772995
2025-12-01,2025-12,December,Matale,Central,2.0,25830.0,LK22,67.0,0.8010427366666667,0.8089373566666667,99.08090533333332
2025-12-01,2025-12,December,Matara,Southern,2.0,25848.0,LK32,39.0,0.8246580966666667,0.8252643266666667,99.93062166666668
2025-12-01,2025-12,December,Monaragala,Uva,2.0,25850.0,LK82,186.0,0.8114397666666666,0.8032846,100.95544
2025-12-01,2025-12,December,Mullaitivu,Northern,2.0,25842.0,LK44,85.0,0.7848874333333334,0.7785315666666667,100.76700333333334
2025-12-01,2025-12,December,Nuwara Eliya,Central,2.0,41749.0,LK23,58.0,0.8058430866666667,0.7976402033333333,100.96785533333333
2025-12-01,2025-12,December,Polonnaruwa,North Central,2.0,25836.0,LK72,116.0,0.7328678000000001,0.7602516,96.61198
2025-12-01,2025-12,December,Puttalam,North Western,2.0,25838.0,LK62,107.0,0.7695080666666666,0.7589746666666667,101.30186166666665
2025-12-01,2025-12,December,Ratnapura,Sabaragamuwa,2.0,25845.0,LK91,108.0,0.82503732,0.81920739,100.67070966666667
2025-12-01,2025-12,December,Trincomalee,Eastern,2.0,25834.0,LK53,83.0,0.74764095,0.76396468,97.98957133333333
2025-12-01,2025-12,December,Vavuniya,Northern,2.0,25843.0,LK43,65.0,0.80027843,0.8042701600000001,99.53205166666667
2026-01-01,2026-01,January,Ampara,Eastern,2.0,25832.0,LK52,147.0,0.7981714033333334,0.7833097133333333,101.782622
2026-01-01,2026-01,January,Anuradhapura,North Central,2.0,25835.0,LK71,235.0,0.7996717433333332,0.7924991,100.8514
2026-01-01,2026-01,January,Badulla,Uva,2.0,25849.0,LK81,94.0,0.7996418166666667,0.7926376866666667,100.83105666666667
2026-01-01,2026-01,January,Batticaloa,Eastern,2.0,25833.0,LK51,82.0,0.7391312733333333,0.7211823599999999,102.3205
2026-01-01,2026-01,January,Colombo,Western,2.0,25851.0,LK11,23.0,0.6679767866666667,0.6720614033333333,99.43559833333332
2026-01-01,2026-01,January,Galle,Southern,2.0,25846.0,LK31,54.0,0.8116104733333334,0.8078158633333333,100.44274666666666
2026-01-01,2026-01,January,Gampaha,Western,2.0,25852.0,LK12,47.0,0.7447432433333333,0.7362003333333332,101.08806333333332
2026-01-01,2026-01,January,Hambantota,Southern,2.0,25847.0,LK33,85.0,0.7987968333333333,0.77555122,102.81608466666667
2026-01-01,2026-01,January,Jaffna,Northern,2.0,25839.0,LK41,31.0,0.6410225666666667,0.6014972866666667,106.08240666666666
2026-01-01,2026-01,January,Kalutara,Western,2.0,25853.0,LK13,52.0,0.7898634333333333,0.7819341033333332,100.953552
2026-01-01,2026-01,January,Kandy,Central,2.0,41748.0,LK21,60.0,0.80692945,0.7984849533333334,100.99562333333334
2026-01-01,2026-01,January,Kegalle,Sabaragamuwa,2.0,25844.0,LK92,55.0,0.8265854366666666,0.8109299999999999,101.81894466666667
2026-01-01,2026-01,January,Kilinochchi,Northern,2.0,25840.0,LK45,41.0,0.7077950999999999,0.6806254666666667,103.70761466666666
2026-01-01,2026-01,January,Kurunegala,North Western,2.0,25837.0,LK61,158.0,0.7866392000000001,0.7805691266666667,100.73104533333333
2026-01-01,2026-01,January,Mannar,Northern,2.0,25841.0,LK42,65.0,0.7713374033333333,0.7527504566666666,102.31816033333332
2026-01-01,2026-01,January,Matale,Central,2.0,25830.0,LK22,67.0,0.81299002,0.8147227899999999,99.79946666666667
2026-01-01,2026-01,January,Matara,Southern,2.0,25848.0,LK32,39.0,0.8233486500000001,0.8164981633333334,100.79211666666667
2026-01-01,2026-01,January,Monaragala,Uva,2.0,25850.0,LK82,186.0,0.8142539333333333,0.8022891,101.40390666666667
2026-01-01,2026-01,January,Mullaitivu,Northern,2.0,25842.0,LK44,85.0,0.7726595999999999,0.7719806333333333,100.07984800000001
2026-01-01,2026-01,January,Nuwara Eliya,Central,2.0,41749.0,LK23,58.0,0.7973942133333334,0.7875915333333333,101.16999
2026-01-01,2026-01,January,Polonnaruwa,North Central,2.0,25836.0,LK72,116.0,0.7919752466666666,0.7867867866666667,100.61812333333334
2026-01-01,2026-01,January,Puttalam,North Western,2.0,25838.0,LK62,107.0,0.76317942,0.7442575466666667,102.38340999999998
2026-01-01,2026-01,January,Ratnapura,Sabaragamuwa,2.0,25845.0,LK91,108.0,0.8228746266666667,0.8121014333333333,101.24999866666667
2026-01-01,2026-01,January,Trincomalee,Eastern,2.0,25834.0,LK53,83.0,0.7760449466666667,0.76624178,101.20321666666666
2026-01-01,2026-01,January,Vavuniya,Northern,2.0,25843.0,LK43,65.0,0.7938887,0.7948951333333333,99.87696333333334
2026-02-01,2026-02,February,Ampara,Eastern,2.0,25832.0,LK52,147.0,0.7495875133333333,0.7432987,100.78753133333333
2026-02-01,2026-02,February,Anuradhapura,North Central,2.0,25835.0,LK71,235.0,0.7561308966666666,0.75761819,99.80977666666666
2026-02-01,2026-02,February,Badulla,Uva,2.0,25849.0,LK81,94.0,0.7803893,0.7792860999999999,100.132093
2026-02-01,2026-02,February,Batticaloa,Eastern,2.0,25833.0,LK51,82.0,0.6588467333333333,0.6692407333333333,98.52640000000001
2026-02-01,2026-02,February,Colombo,Western,2.0,25851.0,LK11,23.0,0.6473652,0.6544099333333334,98.99865166666666
2026-02-01,2026-02,February,Galle,Southern,2.0,25846.0,LK31,54.0,0.7952049166666667,0.7933937333333333,100.21384666666667
2026-02-01,2026-02,February,Gampaha,Western,2.0,25852.0,LK12,47.0,0.7005531666666668,0.7034402433333332,99.60997166666668
2026-02-01,2026-02,February,Hambantota,Southern,2.0,25847.0,LK33,85.0,0.7711466499999999,0.7486602666666666,102.81710166666666
2026-02-01,2026-02,February,Jaffna,Northern,2.0,25839.0,LK41,31.0,0.6036494333333334,0.5498484466666667,108.98529533333333
2026-02-01,2026-02,February,Kalutara,Western,2.0,25853.0,LK13,52.0,0.7706102399999999,0.7683292866666666,100.27803666666667
2026-02-01,2026-02,February,Kandy,Central,2.0,41748.0,LK21,60.0,0.7901999833333333,0.7830002333333334,100.86362466666667
2026-02-01,2026-02,February,Kegalle,Sabaragamuwa,2.0,25844.0,LK92,55.0,0.8020775666666666,0.7953982866666666,100.78873533333332
2026-02-01,2026-02,February,Kilinochchi,Northern,2.0,25840.0,LK45,41.0,0.62151786,0.62443539,99.53264866666666
2026-02-01,2026-02,February,Kurunegala,North Western,2.0,25837.0,LK61,158.0,0.7056590566666667,0.7190770733333333,98.22943333333335
2026-02-01,2026-02,February,Mannar,Northern,2.0,25841.0,LK42,65.0,0.7625784466666667,0.7307267533333333,104.08400466666667
2026-02-01,2026-02,February,Matale,Central,2.0,25830.0,LK22,67.0,0.7886178999999999,0.7999620333333333,98.66336799999999
2026-02-01,2026-02,February,Matara,Southern,2.0,25848.0,LK32,39.0,0.80345214,0.7943172133333333,101.08139033333333
2026-02-01,2026-02,February,Monaragala,Uva,2.0,25850.0,LK82,186.0,0.78682688,0.7800976533333334,100.80863333333333
2026-02-01,2026-02,February,Mullaitivu,Northern,2.0,25842.0,LK44,85.0,0.7301184033333333,0.7505555999999999,97.44071333333333
2026-02-01,2026-02,February,Nuwara Eliya,Central,2.0,41749.0,LK23,58.0,0.7773011133333334,0.7738566566666667,100.41690333333334
2026-02-01,2026-02,February,Polonnaruwa,North Central,2.0,25836.0,LK72,116.0,0.7829677899999999,0.7762176233333333,100.82193333333333
2026-02-01,2026-02,February,Puttalam,North Western,2.0,25838.0,LK62,107.0,0.7201928000000001,0.7083814966666667,101.55121166666667
2026-02-01,2026-02,February,Ratnapura,Sabaragamuwa,2.0,25845.0,LK91,108.0,0.8085311466666667,0.8001612833333334,100.98381566666667
2026-02-01,2026-02,February,Trincomalee,Eastern,2.0,25834.0,LK53,83.0,0.7531891233333333,0.73724276,102.02789833333333
2026-02-01,2026-02,February,Vavuniya,Northern,2.0,25843.0,LK43,65.0,0.73943638,0.7669161,96.62562166666667
