district,year,month,respiratory_cases,deaths
Ampara,2014,1,184.8292682926829,1.2439024390243902
Ampara,2014,2,174.56097560975607,1.1747967479674795
Ampara,2014,3,184.8292682926829,1.2439024390243902
Ampara,2014,4,164.29268292682926,1.105691056910569
Ampara,2014,5,154.02439024390245,1.0365853658536586
Ampara,2014,6,174.56097560975607,1.1747967479674795
Ampara,2014,7,195.09756097560972,1.3130081300813006
Ampara,2014,8,215.6341463414634,1.451219512195122
Ampara,2014,9,246.43902439024387,1.6585365853658536
Ampara,2014,10,266.9756097560975,1.7967479674796747
Ampara,2014,11,287.51219512195115,1.9349593495934956
Ampara,2014,12,277.2439024390244,1.8658536585365855
Anuradhapura,2014,1,788.7073170731707,6.512195121951219
Anuradhapura,2014,2,744.8902439024389,6.15040650406504
Anuradhapura,2014,3,788.7073170731707,6.512195121951219
Anuradhapura,2014,4,701.0731707317073,5.788617886178861
Anuradhapura,2014,5,657.2560975609756,5.426829268292683
Anuradhapura,2014,6,744.8902439024389,6.15040650406504
Anuradhapura,2014,7,832.5243902439023,6.8739837398373975
Anuradhapura,2014,8,920.1585365853658,7.597560975609755
Anuradhapura,2014,9,1051.6097560975609,8.682926829268292
Anuradhapura,2014,10,1139.2439024390244,9.40650406504065
Anuradhapura,2014,11,1226.8780487804877,10.130081300813007
Anuradhapura,2014,12,1183.060975609756,9.768292682926829
Badulla,2014,1,792.3658536585366,7.97560975609756
Badulla,2014,2,748.3455284552845,7.532520325203251
Badulla,2014,3,792.3658536585366,7.97560975609756
Badulla,2014,4,704.3252032520325,7.089430894308943
Badulla,2014,5,660.3048780487804,6.646341463414634
Badulla,2014,6,748.3455284552845,7.532520325203251
Badulla,2014,7,836.3861788617885,8.41869918699187
Badulla,2014,8,924.4268292682926,9.304878048780488
Badulla,2014,9,1056.4878048780486,10.634146341463413
Badulla,2014,10,1144.5284552845528,11.520325203252032
Badulla,2014,11,1232.5691056910566,12.406504065040648
Badulla,2014,12,1188.5487804878048,11.963414634146341
Batticaloa,2014,1,480.0731707317073,0.4390243902439024
Batticaloa,2014,2,453.40243902439016,0.41463414634146334
Batticaloa,2014,3,480.0731707317073,0.4390243902439024
Batticaloa,2014,4,426.73170731707313,0.39024390243902435
Batticaloa,2014,5,400.0609756097561,0.36585365853658536
Batticaloa,2014,6,453.40243902439016,0.41463414634146334
Batticaloa,2014,7,506.74390243902434,0.46341463414634143
Batticaloa,2014,8,560.0853658536585,0.5121951219512195
Batticaloa,2014,9,640.0975609756097,0.5853658536585366
Batticaloa,2014,10,693.4390243902438,0.6341463414634145
Batticaloa,2014,11,746.7804878048779,0.6829268292682926
Batticaloa,2014,12,720.109756097561,0.6585365853658537
Colombo,2014,1,1147.0243902439024,18.0
Colombo,2014,2,1083.3008130081298,16.999999999999996
Colombo,2014,3,1147.0243902439024,18.0
Colombo,2014,4,1019.5772357723577,15.999999999999998
Colombo,2014,5,955.8536585365854,15.0
Colombo,2014,6,1083.3008130081298,16.999999999999996
Colombo,2014,7,1210.7479674796746,18.999999999999996
Colombo,2014,8,1338.1951219512193,20.999999999999996
Colombo,2014,9,1529.3658536585365,23.999999999999996
Colombo,2014,10,1656.8130081300812,25.999999999999996
Colombo,2014,11,1784.2601626016258,27.999999999999996
Colombo,2014,12,1720.5365853658536,27.0
Galle,2014,1,951.5121951219512,7.536585365853658
Galle,2014,2,898.6504065040649,7.117886178861787
Galle,2014,3,951.5121951219512,7.536585365853658
Galle,2014,4,845.7886178861788,6.699186991869918
Galle,2014,5,792.9268292682926,6.280487804878049
Galle,2014,6,898.6504065040649,7.117886178861787
Galle,2014,7,1004.3739837398373,7.955284552845527
Galle,2014,8,1110.0975609756097,8.792682926829267
Galle,2014,9,1268.6829268292681,10.048780487804876
Galle,2014,10,1374.4065040650405,10.886178861788617
Galle,2014,11,1480.1300813008127,11.723577235772355
Galle,2014,12,1427.2682926829268,11.304878048780488
Gampaha,2014,1,1675.2439024390244,9.439024390243901
Gampaha,2014,2,1582.174796747967,8.914634146341461
Gampaha,2014,3,1675.2439024390244,9.439024390243901
Gampaha,2014,4,1489.1056910569105,8.390243902439023
Gampaha,2014,5,1396.0365853658536,7.865853658536585
Gampaha,2014,6,1582.174796747967,8.914634146341461
Gampaha,2014,7,1768.313008130081,9.963414634146341
Gampaha,2014,8,1954.451219512195,11.012195121951219
Gampaha,2014,9,2233.6585365853657,12.585365853658535
Gampaha,2014,10,2419.7967479674794,13.634146341463413
Gampaha,2014,11,2605.934959349593,14.68292682926829
Gampaha,2014,12,2512.8658536585367,14.158536585365853
Hambantota,2014,1,892.6829268292682,2.7073170731707314
Hambantota,2014,2,843.0894308943087,2.556910569105691
Hambantota,2014,3,892.6829268292682,2.7073170731707314
Hambantota,2014,4,793.4959349593495,2.40650406504065
Hambantota,2014,5,743.9024390243902,2.2560975609756095
Hambantota,2014,6,843.0894308943087,2.556910569105691
Hambantota,2014,7,942.2764227642275,2.857723577235772
Hambantota,2014,8,1041.4634146341461,3.1585365853658534
Hambantota,2014,9,1190.2439024390242,3.6097560975609753
Hambantota,2014,10,1289.430894308943,3.9105691056910565
Hambantota,2014,11,1388.6178861788615,4.211382113821138
Hambantota,2014,12,1339.0243902439024,4.060975609756097
Jaffna,2014,1,713.1219512195122,4.097560975609756
Jaffna,2014,2,673.5040650406503,3.869918699186991
Jaffna,2014,3,713.1219512195122,4.097560975609756
Jaffna,2014,4,633.8861788617885,3.642276422764227
Jaffna,2014,5,594.2682926829268,3.4146341463414633
Jaffna,2014,6,673.5040650406503,3.869918699186991
Jaffna,2014,7,752.7398373983739,4.325203252032519
Jaffna,2014,8,831.9756097560975,4.780487804878049
Jaffna,2014,9,950.8292682926829,5.463414634146341
Jaffna,2014,10,1030.0650406504064,5.918699186991869
Jaffna,2014,11,1109.3008130081298,6.3739837398373975
Jaffna,2014,12,1069.6829268292684,6.146341463414634
Kalmunai,2014,1,611.8536585365854,1.5365853658536583
Kalmunai,2014,2,577.8617886178861,1.4512195121951217
Kalmunai,2014,3,611.8536585365854,1.5365853658536583
Kalmunai,2014,4,543.8699186991869,1.3658536585365852
Kalmunai,2014,5,509.8780487804878,1.2804878048780488
Kalmunai,2014,6,577.8617886178861,1.4512195121951217
Kalmunai,2014,7,645.8455284552845,1.621951219512195
Kalmunai,2014,8,713.8292682926829,1.792682926829268
Kalmunai,2014,9,815.8048780487804,2.0487804878048776
Kalmunai,2014,10,883.7886178861788,2.219512195121951
Kalmunai,2014,11,951.7723577235771,2.390243902439024
Kalmunai,2014,12,917.780487804878,2.3048780487804876
Kalutara,2014,1,842.8536585365853,3.8048780487804876
Kalutara,2014,2,796.0284552845527,3.593495934959349
Kalutara,2014,3,842.8536585365853,3.8048780487804876
Kalutara,2014,4,749.2032520325203,3.382113821138211
Kalutara,2014,5,702.3780487804878,3.1707317073170733
Kalutara,2014,6,796.0284552845527,3.593495934959349
Kalutara,2014,7,889.6788617886177,4.016260162601625
Kalutara,2014,8,983.3292682926829,4.439024390243902
Kalutara,2014,9,1123.8048780487804,5.073170731707316
Kalutara,2014,10,1217.4552845528453,5.495934959349593
Kalutara,2014,11,1311.1056910569102,5.918699186991869
Kalutara,2014,12,1264.280487804878,5.7073170731707314
Kandy,2014,1,1275.4390243902437,16.756097560975608
Kandy,2014,2,1204.5813008130078,15.825203252032518
Kandy,2014,3,1275.4390243902437,16.756097560975608
Kandy,2014,4,1133.7235772357722,14.89430894308943
Kandy,2014,5,1062.8658536585365,13.963414634146341
Kandy,2014,6,1204.5813008130078,15.825203252032518
Kandy,2014,7,1346.2967479674794,17.686991869918696
Kandy,2014,8,1488.012195121951,19.548780487804876
Kandy,2014,9,1700.5853658536585,22.341463414634145
Kandy,2014,10,1842.30081300813,24.203252032520325
Kandy,2014,11,1984.0162601626014,26.065040650406498
Kandy,2014,12,1913.158536585366,25.134146341463413
Kegalle,2014,1,582.8048780487804,4.7560975609756095
Kegalle,2014,2,550.4268292682926,4.491869918699186
Kegalle,2014,3,582.8048780487804,4.7560975609756095
Kegalle,2014,4,518.0487804878048,4.227642276422764
Kegalle,2014,5,485.6707317073171,3.9634146341463414
Kegalle,2014,6,550.4268292682926,4.491869918699186
Kegalle,2014,7,615.1829268292682,5.020325203252032
Kegalle,2014,8,679.9390243902438,5.548780487804877
Kegalle,2014,9,777.0731707317073,6.341463414634146
Kegalle,2014,10,841.8292682926829,6.869918699186991
Kegalle,2014,11,906.5853658536583,7.398373983739837
Kegalle,2014,12,874.2073170731708,7.134146341463414
Kilinochchi,2014,1,67.3170731707317,0.36585365853658536
Kilinochchi,2014,2,63.57723577235771,0.3455284552845528
Kilinochchi,2014,3,67.3170731707317,0.36585365853658536
Kilinochchi,2014,4,59.83739837398373,0.3252032520325203
Kilinochchi,2014,5,56.09756097560975,0.3048780487804878
Kilinochchi,2014,6,63.57723577235771,0.3455284552845528
Kilinochchi,2014,7,71.05691056910568,0.3861788617886178
Kilinochchi,2014,8,78.53658536585365,0.42682926829268286
Kilinochchi,2014,9,89.7560975609756,0.4878048780487804
Kilinochchi,2014,10,97.23577235772358,0.5284552845528455
Kilinochchi,2014,11,104.71544715447153,0.5691056910569104
Kilinochchi,2014,12,100.97560975609755,0.5487804878048781
Kurunegala,2014,1,1395.951219512195,9.512195121951219
Kurunegala,2014,2,1318.3983739837397,8.983739837398373
Kurunegala,2014,3,1395.951219512195,9.512195121951219
Kurunegala,2014,4,1240.8455284552845,8.455284552845528
Kurunegala,2014,5,1163.2926829268292,7.926829268292683
Kurunegala,2014,6,1318.3983739837397,8.983739837398373
Kurunegala,2014,7,1473.5040650406502,10.040650406504064
Kurunegala,2014,8,1628.6097560975609,11.097560975609754
Kurunegala,2014,9,1861.2682926829266,12.682926829268292
Kurunegala,2014,10,2016.3739837398373,13.739837398373982
Kurunegala,2014,11,2171.4796747967475,14.796747967479673
Kurunegala,2014,12,2093.9268292682927,14.268292682926829
Mannar,2014,1,62.92682926829268,0.4390243902439024
Mannar,2014,2,59.43089430894308,0.41463414634146334
Mannar,2014,3,62.92682926829268,0.4390243902439024
Mannar,2014,4,55.93495934959349,0.39024390243902435
Mannar,2014,5,52.4390243902439,0.36585365853658536
Mannar,2014,6,59.43089430894308,0.41463414634146334
Mannar,2014,7,66.42276422764226,0.46341463414634143
Mannar,2014,8,73.41463414634146,0.5121951219512195
Mannar,2014,9,83.90243902439023,0.5853658536585366
Mannar,2014,10,90.89430894308943,0.6341463414634145
Mannar,2014,11,97.88617886178861,0.6829268292682926
Mannar,2014,12,94.39024390243902,0.6585365853658537
Matale,2014,1,441.0731707317073,4.536585365853658
Matale,2014,2,416.56910569105685,4.284552845528454
Matale,2014,3,441.0731707317073,4.536585365853658
Matale,2014,4,392.06504065040644,4.032520325203252
Matale,2014,5,367.5609756097561,3.7804878048780486
Matale,2014,6,416.56910569105685,4.284552845528454
Matale,2014,7,465.57723577235765,4.788617886178861
Matale,2014,8,514.5853658536585,5.292682926829268
Matale,2014,9,588.0975609756097,6.048780487804877
Matale,2014,10,637.1056910569105,6.5528455284552845
Matale,2014,11,686.1138211382113,7.05691056910569
Matale,2014,12,661.609756097561,6.804878048780488
Matara,2014,1,513.2195121951219,4.829268292682927
Matara,2014,2,484.70731707317066,4.560975609756097
Matara,2014,3,513.2195121951219,4.829268292682927
Matara,2014,4,456.19512195121945,4.292682926829268
Matara,2014,5,427.6829268292683,4.024390243902439
Matara,2014,6,484.70731707317066,4.560975609756097
Matara,2014,7,541.7317073170731,5.097560975609755
Matara,2014,8,598.7560975609756,5.634146341463414
Matara,2014,9,684.2926829268292,6.439024390243902
Matara,2014,10,741.3170731707316,6.97560975609756
Matara,2014,11,798.3414634146341,7.512195121951218
Matara,2014,12,769.829268292683,7.2439024390243905
Monaragala,2014,1,603.4390243902438,3.146341463414634
Monaragala,2014,2,569.9146341463413,2.9715447154471537
Monaragala,2014,3,603.4390243902438,3.146341463414634
Monaragala,2014,4,536.390243902439,2.7967479674796745
Monaragala,2014,5,502.8658536585366,2.6219512195121952
Monaragala,2014,6,569.9146341463413,2.9715447154471537
Monaragala,2014,7,636.9634146341463,3.3211382113821135
Monaragala,2014,8,704.0121951219512,3.670731707317073
Monaragala,2014,9,804.5853658536585,4.1951219512195115
Monaragala,2014,10,871.6341463414634,4.544715447154471
Monaragala,2014,11,938.6829268292681,4.89430894308943
Monaragala,2014,12,905.1585365853658,4.719512195121951
Mullaitivu,2014,1,136.8292682926829,0.2195121951219512
Mullaitivu,2014,2,129.22764227642273,0.20731707317073167
Mullaitivu,2014,3,136.8292682926829,0.2195121951219512
Mullaitivu,2014,4,121.62601626016259,0.19512195121951217
Mullaitivu,2014,5,114.02439024390243,0.18292682926829268
Mullaitivu,2014,6,129.22764227642273,0.20731707317073167
Mullaitivu,2014,7,144.43089430894307,0.23170731707317072
Mullaitivu,2014,8,159.6341463414634,0.25609756097560976
Mullaitivu,2014,9,182.43902439024387,0.2926829268292683
Mullaitivu,2014,10,197.6422764227642,0.31707317073170727
Mullaitivu,2014,11,212.84552845528452,0.3414634146341463
Mullaitivu,2014,12,205.2439024390244,0.32926829268292684
Nuwara Eliya,2014,1,479.92682926829264,6.073170731707317
Nuwara Eliya,2014,2,453.26422764227635,5.735772357723576
Nuwara Eliya,2014,3,479.92682926829264,6.073170731707317
Nuwara Eliya,2014,4,426.6016260162601,5.398373983739837
Nuwara Eliya,2014,5,399.9390243902439,5.060975609756097
Nuwara Eliya,2014,6,453.26422764227635,5.735772357723576
Nuwara Eliya,2014,7,506.58943089430886,6.410569105691056
Nuwara Eliya,2014,8,559.9146341463414,7.085365853658536
Nuwara Eliya,2014,9,639.9024390243902,8.097560975609754
Nuwara Eliya,2014,10,693.2276422764227,8.772357723577235
Nuwara Eliya,2014,11,746.5528455284551,9.447154471544714
Nuwara Eliya,2014,12,719.890243902439,9.109756097560975
Polonnaruwa,2014,1,389.48780487804873,2.6341463414634143
Polonnaruwa,2014,2,367.84959349593487,2.48780487804878
Polonnaruwa,2014,3,389.48780487804873,2.6341463414634143
Polonnaruwa,2014,4,346.2113821138211,2.341463414634146
Polonnaruwa,2014,5,324.5731707317073,2.1951219512195124
Polonnaruwa,2014,6,367.84959349593487,2.48780487804878
Polonnaruwa,2014,7,411.12601626016254,2.7804878048780486
Polonnaruwa,2014,8,454.4024390243902,3.0731707317073167
Polonnaruwa,2014,9,519.3170731707316,3.512195121951219
Polonnaruwa,2014,10,562.5934959349593,3.8048780487804876
Polonnaruwa,2014,11,605.8699186991869,4.097560975609755
Polonnaruwa,2014,12,584.2317073170732,3.951219512195122
Puttalam,2014,1,456.6585365853658,2.341463414634146
Puttalam,2014,2,431.28861788617877,2.211382113821138
Puttalam,2014,3,456.6585365853658,2.341463414634146
Puttalam,2014,4,405.91869918699183,2.08130081300813
Puttalam,2014,5,380.5487804878049,1.951219512195122
Puttalam,2014,6,431.28861788617877,2.211382113821138
Puttalam,2014,7,482.02845528455276,2.471544715447154
Puttalam,2014,8,532.7682926829268,2.7317073170731705
Puttalam,2014,9,608.8780487804877,3.121951219512195
Puttalam,2014,10,659.6178861788618,3.382113821138211
Puttalam,2014,11,710.3577235772357,3.642276422764227
Puttalam,2014,12,684.9878048780488,3.5121951219512195
Ratnapura,2014,1,841.7560975609756,4.317073170731707
Ratnapura,2014,2,794.9918699186991,4.077235772357723
Ratnapura,2014,3,841.7560975609756,4.317073170731707
Ratnapura,2014,4,748.2276422764227,3.8373983739837394
Ratnapura,2014,5,701.4634146341464,3.597560975609756
Ratnapura,2014,6,794.9918699186991,4.077235772357723
Ratnapura,2014,7,888.5203252032519,4.556910569105691
Ratnapura,2014,8,982.0487804878048,5.036585365853658
Ratnapura,2014,9,1122.341463414634,5.7560975609756095
Ratnapura,2014,10,1215.8699186991869,6.235772357723577
Ratnapura,2014,11,1309.3983739837397,6.715447154471543
Ratnapura,2014,12,1262.6341463414635,6.475609756097561
Trincomalee,2014,1,273.6585365853658,1.8292682926829267
Trincomalee,2014,2,258.45528455284546,1.727642276422764
Trincomalee,2014,3,273.6585365853658,1.8292682926829267
Trincomalee,2014,4,243.25203252032517,1.6260162601626014
Trincomalee,2014,5,228.04878048780486,1.524390243902439
Trincomalee,2014,6,258.45528455284546,1.727642276422764
Trincomalee,2014,7,288.86178861788613,1.9308943089430892
Trincomalee,2014,8,319.2682926829268,2.1341463414634143
Trincomalee,2014,9,364.87804878048775,2.4390243902439024
Trincomalee,2014,10,395.2845528455284,2.6422764227642275
Trincomalee,2014,11,425.69105691056905,2.8455284552845526
Trincomalee,2014,12,410.4878048780488,2.7439024390243905
Vavuniya,2014,1,93.0,0.36585365853658536
Vavuniya,2014,2,87.83333333333331,0.3455284552845528
Vavuniya,2014,3,93.0,0.36585365853658536
Vavuniya,2014,4,82.66666666666666,0.3252032520325203
Vavuniya,2014,5,77.5,0.3048780487804878
Vavuniya,2014,6,87.83333333333331,0.3455284552845528
Vavuniya,2014,7,98.16666666666666,0.3861788617886178
Vavuniya,2014,8,108.49999999999999,0.42682926829268286
Vavuniya,2014,9,123.99999999999999,0.4878048780487804
Vavuniya,2014,10,134.33333333333331,0.5284552845528455
Vavuniya,2014,11,144.66666666666663,0.5691056910569104
Vavuniya,2014,12,139.5,0.5487804878048781
Ampara,2015,1,207.4390243902439,1.5365853658536583
Ampara,2015,2,195.91463414634143,1.4512195121951217
Ampara,2015,3,207.4390243902439,1.5365853658536583
Ampara,2015,4,184.390243902439,1.3658536585365852
Ampara,2015,5,172.8658536585366,1.2804878048780488
Ampara,2015,6,195.91463414634143,1.4512195121951217
Ampara,2015,7,218.96341463414632,1.621951219512195
Ampara,2015,8,242.0121951219512,1.792682926829268
Ampara,2015,9,276.5853658536585,2.0487804878048776
Ampara,2015,10,299.6341463414634,2.219512195121951
Ampara,2015,11,322.68292682926824,2.390243902439024
Ampara,2015,12,311.1585365853659,2.3048780487804876
Anuradhapura,2015,1,810.2926829268292,7.536585365853658
Anuradhapura,2015,2,765.2764227642275,7.117886178861787
Anuradhapura,2015,3,810.2926829268292,7.536585365853658
Anuradhapura,2015,4,720.2601626016259,6.699186991869918
Anuradhapura,2015,5,675.2439024390244,6.280487804878049
Anuradhapura,2015,6,765.2764227642275,7.117886178861787
Anuradhapura,2015,7,855.3089430894307,7.955284552845527
Anuradhapura,2015,8,945.3414634146341,8.792682926829267
Anuradhapura,2015,9,1080.390243902439,10.048780487804876
Anuradhapura,2015,10,1170.4227642276421,10.886178861788617
Anuradhapura,2015,11,1260.4552845528453,11.723577235772355
Anuradhapura,2015,12,1215.439024390244,11.304878048780488
Badulla,2015,1,755.780487804878,9.439024390243901
Badulla,2015,2,713.7926829268291,8.914634146341461
Badulla,2015,3,755.780487804878,9.439024390243901
Badulla,2015,4,671.8048780487804,8.390243902439023
Badulla,2015,5,629.8170731707316,7.865853658536585
Badulla,2015,6,713.7926829268291,8.914634146341461
Badulla,2015,7,797.7682926829267,9.963414634146341
Badulla,2015,8,881.7439024390243,11.012195121951219
Badulla,2015,9,1007.7073170731707,12.585365853658535
Badulla,2015,10,1091.6829268292681,13.634146341463413
Badulla,2015,11,1175.6585365853657,14.68292682926829
Badulla,2015,12,1133.6707317073171,14.158536585365853
Batticaloa,2015,1,367.8292682926829,0.4390243902439024
Batticaloa,2015,2,347.39430894308936,0.41463414634146334
Batticaloa,2015,3,367.8292682926829,0.4390243902439024
Batticaloa,2015,4,326.9593495934959,0.39024390243902435
Batticaloa,2015,5,306.5243902439024,0.36585365853658536
Batticaloa,2015,6,347.39430894308936,0.41463414634146334
Batticaloa,2015,7,388.26422764227635,0.46341463414634143
Batticaloa,2015,8,429.13414634146335,0.5121951219512195
Batticaloa,2015,9,490.43902439024384,0.5853658536585366
Batticaloa,2015,10,531.3089430894308,0.6341463414634145
Batticaloa,2015,11,572.1788617886178,0.6829268292682926
Batticaloa,2015,12,551.7439024390244,0.6585365853658537
Colombo,2015,1,1037.9268292682925,16.609756097560975
Colombo,2015,2,980.2642276422763,15.686991869918696
Colombo,2015,3,1037.9268292682925,16.609756097560975
Colombo,2015,4,922.6016260162601,14.76422764227642
Colombo,2015,5,864.9390243902438,13.841463414634147
Colombo,2015,6,980.2642276422763,15.686991869918696
Colombo,2015,7,1095.5894308943089,17.53252032520325
Colombo,2015,8,1210.9146341463413,19.378048780487802
Colombo,2015,9,1383.90243902439,22.146341463414632
Colombo,2015,10,1499.2276422764226,23.991869918699184
Colombo,2015,11,1614.552845528455,25.837398373983735
Colombo,2015,12,1556.8902439024391,24.914634146341463
Galle,2015,1,960.6585365853658,11.926829268292682
Galle,2015,2,907.2886178861787,11.26422764227642
Galle,2015,3,960.6585365853658,11.926829268292682
Galle,2015,4,853.9186991869918,10.60162601626016
Galle,2015,5,800.5487804878048,9.939024390243903
Galle,2015,6,907.2886178861787,11.26422764227642
Galle,2015,7,1014.0284552845527,12.589430894308942
Galle,2015,8,1120.7682926829268,13.914634146341463
Galle,2015,9,1280.8780487804877,15.902439024390242
Galle,2015,10,1387.6178861788617,17.227642276422763
Galle,2015,11,1494.3577235772354,18.552845528455283
Galle,2015,12,1440.9878048780488,17.890243902439025
Gampaha,2015,1,1717.8292682926829,12.439024390243901
Gampaha,2015,2,1622.394308943089,11.747967479674795
Gampaha,2015,3,1717.8292682926829,12.439024390243901
Gampaha,2015,4,1526.9593495934957,11.056910569105689
Gampaha,2015,5,1431.5243902439024,10.365853658536585
Gampaha,2015,6,1622.394308943089,11.747967479674795
Gampaha,2015,7,1813.2642276422762,13.130081300813007
Gampaha,2015,8,2004.1341463414633,14.512195121951219
Gampaha,2015,9,2290.4390243902435,16.585365853658534
Gampaha,2015,10,2481.3089430894306,17.967479674796746
Gampaha,2015,11,2672.1788617886173,19.349593495934958
Gampaha,2015,12,2576.7439024390246,18.658536585365855
Hambantota,2015,1,980.9999999999999,5.1951219512195115
Hambantota,2015,2,926.4999999999999,4.906504065040649
Hambantota,2015,3,980.9999999999999,5.1951219512195115
Hambantota,2015,4,871.9999999999999,4.617886178861788
Hambantota,2015,5,817.5,4.329268292682927
Hambantota,2015,6,926.4999999999999,4.906504065040649
Hambantota,2015,7,1035.4999999999998,5.483739837398374
Hambantota,2015,8,1144.5,6.060975609756097
Hambantota,2015,9,1307.9999999999998,6.926829268292682
Hambantota,2015,10,1417.0,7.504065040650406
Hambantota,2015,11,1525.9999999999998,8.081300813008129
Hambantota,2015,12,1471.5,7.7926829268292686
Jaffna,2015,1,659.780487804878,5.1951219512195115
Jaffna,2015,2,623.1260162601625,4.906504065040649
Jaffna,2015,3,659.780487804878,5.1951219512195115
Jaffna,2015,4,586.4715447154471,4.617886178861788
Jaffna,2015,5,549.8170731707316,4.329268292682927
Jaffna,2015,6,623.1260162601625,4.906504065040649
Jaffna,2015,7,696.4349593495934,5.483739837398374
Jaffna,2015,8,769.7439024390243,6.060975609756097
Jaffna,2015,9,879.7073170731707,6.926829268292682
Jaffna,2015,10,953.0162601626016,7.504065040650406
Jaffna,2015,11,1026.3252032520325,8.081300813008129
Jaffna,2015,12,989.670731707317,7.7926829268292686
Kalmunai,2015,1,585.1463414634146,1.3170731707317072
Kalmunai,2015,2,552.6382113821137,1.24390243902439
Kalmunai,2015,3,585.1463414634146,1.3170731707317072
Kalmunai,2015,4,520.130081300813,1.170731707317073
Kalmunai,2015,5,487.6219512195122,1.0975609756097562
Kalmunai,2015,6,552.6382113821137,1.24390243902439
Kalmunai,2015,7,617.6544715447154,1.3902439024390243
Kalmunai,2015,8,682.670731707317,1.5365853658536583
Kalmunai,2015,9,780.1951219512194,1.7560975609756095
Kalmunai,2015,10,845.2113821138211,1.9024390243902438
Kalmunai,2015,11,910.2276422764226,2.0487804878048776
Kalmunai,2015,12,877.719512195122,1.975609756097561
Kalutara,2015,1,868.390243902439,5.926829268292683
Kalutara,2015,2,820.1463414634145,5.597560975609755
Kalutara,2015,3,868.390243902439,5.926829268292683
Kalutara,2015,4,771.9024390243901,5.268292682926829
Kalutara,2015,5,723.6585365853658,4.939024390243902
Kalutara,2015,6,820.1463414634145,5.597560975609755
Kalutara,2015,7,916.6341463414633,6.256097560975609
Kalutara,2015,8,1013.1219512195121,6.914634146341463
Kalutara,2015,9,1157.8536585365853,7.902439024390243
Kalutara,2015,10,1254.341463414634,8.560975609756097
Kalutara,2015,11,1350.8292682926826,9.21951219512195
Kalutara,2015,12,1302.5853658536585,8.890243902439025
Kandy,2015,1,1223.1951219512193,15.146341463414632
Kandy,2015,2,1155.2398373983738,14.304878048780486
Kandy,2015,3,1223.1951219512193,15.146341463414632
Kandy,2015,4,1087.2845528455284,13.46341463414634
Kandy,2015,5,1019.3292682926829,12.621951219512194
Kandy,2015,6,1155.2398373983738,14.304878048780486
Kandy,2015,7,1291.150406504065,15.98780487804878
Kandy,2015,8,1427.060975609756,17.67073170731707
Kandy,2015,9,1630.9268292682925,20.19512195121951
Kandy,2015,10,1766.8373983739837,21.878048780487802
Kandy,2015,11,1902.7479674796746,23.560975609756092
Kandy,2015,12,1834.7926829268292,22.71951219512195
Kegalle,2015,1,624.951219512195,6.2195121951219505
Kegalle,2015,2,590.2317073170731,5.8739837398373975
Kegalle,2015,3,624.951219512195,6.2195121951219505
Kegalle,2015,4,555.5121951219512,5.5284552845528445
Kegalle,2015,5,520.7926829268292,5.182926829268292
Kegalle,2015,6,590.2317073170731,5.8739837398373975
Kegalle,2015,7,659.670731707317,6.5650406504065035
Kegalle,2015,8,729.1097560975609,7.2560975609756095
Kegalle,2015,9,833.2682926829267,8.292682926829267
Kegalle,2015,10,902.7073170731707,8.983739837398373
Kegalle,2015,11,972.1463414634145,9.674796747967479
Kegalle,2015,12,937.4268292682926,9.329268292682928
Kilinochchi,2015,1,113.1951219512195,0.5121951219512195
Kilinochchi,2015,2,106.90650406504064,0.4837398373983739
Kilinochchi,2015,3,113.1951219512195,0.5121951219512195
Kilinochchi,2015,4,100.61788617886178,0.4552845528455284
Kilinochchi,2015,5,94.32926829268293,0.4268292682926829
Kilinochchi,2015,6,106.90650406504064,0.4837398373983739
Kilinochchi,2015,7,119.48373983739836,0.5406504065040649
Kilinochchi,2015,8,132.0609756097561,0.5975609756097561
Kilinochchi,2015,9,150.92682926829266,0.6829268292682926
Kilinochchi,2015,10,163.5040650406504,0.7398373983739837
Kilinochchi,2015,11,176.0813008130081,0.7967479674796747
Kilinochchi,2015,12,169.79268292682926,0.7682926829268293
Kurunegala,2015,1,1376.4146341463413,12.804878048780488
Kurunegala,2015,2,1299.9471544715445,12.093495934959348
Kurunegala,2015,3,1376.4146341463413,12.804878048780488
Kurunegala,2015,4,1223.4796747967478,11.38211382113821
Kurunegala,2015,5,1147.0121951219512,10.670731707317072
Kurunegala,2015,6,1299.9471544715445,12.093495934959348
Kurunegala,2015,7,1452.882113821138,13.516260162601624
Kurunegala,2015,8,1605.8170731707316,14.939024390243901
Kurunegala,2015,9,1835.2195121951218,17.073170731707314
Kurunegala,2015,10,1988.1544715447153,18.495934959349594
Kurunegala,2015,11,2141.0894308943084,19.918699186991866
Kurunegala,2015,12,2064.621951219512,19.20731707317073
Mannar,2015,1,66.07317073170731,0.2926829268292683
Mannar,2015,2,62.40243902439023,0.2764227642276422
Mannar,2015,3,66.07317073170731,0.2926829268292683
Mannar,2015,4,58.731707317073166,0.26016260162601623
Mannar,2015,5,55.0609756097561,0.24390243902439024
Mannar,2015,6,62.40243902439023,0.2764227642276422
Mannar,2015,7,69.74390243902438,0.30894308943089427
Mannar,2015,8,77.08536585365853,0.3414634146341463
Mannar,2015,9,88.09756097560975,0.39024390243902435
Mannar,2015,10,95.4390243902439,0.4227642276422764
Mannar,2015,11,102.78048780487804,0.4552845528455284
Mannar,2015,12,99.10975609756098,0.43902439024390244
Matale,2015,1,473.48780487804873,5.341463414634146
Matale,2015,2,447.1829268292682,5.044715447154471
Matale,2015,3,473.48780487804873,5.341463414634146
Matale,2015,4,420.87804878048775,4.747967479674796
Matale,2015,5,394.5731707317073,4.451219512195122
Matale,2015,6,447.1829268292682,5.044715447154471
Matale,2015,7,499.79268292682923,5.638211382113821
Matale,2015,8,552.4024390243902,6.2317073170731705
Matale,2015,9,631.3170731707316,7.121951219512194
Matale,2015,10,683.9268292682926,7.715447154471544
Matale,2015,11,736.5365853658535,8.308943089430892
Matale,2015,12,710.2317073170732,8.012195121951219
Matara,2015,1,534.2926829268292,4.097560975609756
Matara,2015,2,504.6097560975609,3.869918699186991
Matara,2015,3,534.2926829268292,4.097560975609756
Matara,2015,4,474.92682926829264,3.642276422764227
Matara,2015,5,445.2439024390244,3.4146341463414633
Matara,2015,6,504.6097560975609,3.869918699186991
Matara,2015,7,563.9756097560975,4.325203252032519
Matara,2015,8,623.3414634146341,4.780487804878049
Matara,2015,9,712.3902439024389,5.463414634146341
Matara,2015,10,771.7560975609756,5.918699186991869
Matara,2015,11,831.1219512195121,6.3739837398373975
Matara,2015,12,801.439024390244,6.146341463414634
Monaragala,2015,1,738.4390243902438,4.097560975609756
Monaragala,2015,2,697.4146341463413,3.869918699186991
Monaragala,2015,3,738.4390243902438,4.097560975609756
Monaragala,2015,4,656.390243902439,3.642276422764227
Monaragala,2015,5,615.3658536585366,3.4146341463414633
Monaragala,2015,6,697.4146341463413,3.869918699186991
Monaragala,2015,7,779.4634146341463,4.325203252032519
Monaragala,2015,8,861.5121951219511,4.780487804878049
Monaragala,2015,9,984.5853658536585,5.463414634146341
Monaragala,2015,10,1066.6341463414633,5.918699186991869
Monaragala,2015,11,1148.6829268292681,6.3739837398373975
Monaragala,2015,12,1107.658536585366,6.146341463414634
Mullaitivu,2015,1,126.29268292682926,0.2926829268292683
Mullaitivu,2015,2,119.27642276422762,0.2764227642276422
Mullaitivu,2015,3,126.29268292682926,0.2926829268292683
Mullaitivu,2015,4,112.260162601626,0.26016260162601623
Mullaitivu,2015,5,105.24390243902438,0.24390243902439024
Mullaitivu,2015,6,119.27642276422762,0.2764227642276422
Mullaitivu,2015,7,133.30894308943087,0.30894308943089427
Mullaitivu,2015,8,147.34146341463412,0.3414634146341463
Mullaitivu,2015,9,168.390243902439,0.39024390243902435
Mullaitivu,2015,10,182.42276422764226,0.4227642276422764
Mullaitivu,2015,11,196.45528455284548,0.4552845528455284
Mullaitivu,2015,12,189.4390243902439,0.43902439024390244
Nuwara Eliya,2015,1,574.5365853658536,6.585365853658536
Nuwara Eliya,2015,2,542.6178861788617,6.2195121951219505
Nuwara Eliya,2015,3,574.5365853658536,6.585365853658536
Nuwara Eliya,2015,4,510.69918699186985,5.853658536585365
Nuwara Eliya,2015,5,478.780487804878,5.48780487804878
Nuwara Eliya,2015,6,542.6178861788617,6.2195121951219505
Nuwara Eliya,2015,7,606.4552845528455,6.951219512195121
Nuwara Eliya,2015,8,670.2926829268292,7.682926829268292
Nuwara Eliya,2015,9,766.0487804878048,8.780487804878048
Nuwara Eliya,2015,10,829.8861788617886,9.512195121951219
Nuwara Eliya,2015,11,893.7235772357722,10.243902439024389
Nuwara Eliya,2015,12,861.8048780487804,9.878048780487806
Polonnaruwa,2015,1,362.92682926829264,3.585365853658536
Polonnaruwa,2015,2,342.76422764227635,3.3861788617886175
Polonnaruwa,2015,3,362.92682926829264,3.585365853658536
Polonnaruwa,2015,4,322.6016260162601,3.1869918699186988
Polonnaruwa,2015,5,302.4390243902439,2.9878048780487805
Polonnaruwa,2015,6,342.76422764227635,3.3861788617886175
Polonnaruwa,2015,7,383.0894308943089,3.784552845528455
Polonnaruwa,2015,8,423.4146341463414,4.182926829268292
Polonnaruwa,2015,9,483.9024390243902,4.780487804878049
Polonnaruwa,2015,10,524.2276422764227,5.178861788617886
Polonnaruwa,2015,11,564.5528455284552,5.577235772357723
Polonnaruwa,2015,12,544.390243902439,5.378048780487805
Puttalam,2015,1,360.73170731707313,2.4878048780487805
Puttalam,2015,2,340.69105691056905,2.349593495934959
Puttalam,2015,3,360.73170731707313,2.4878048780487805
Puttalam,2015,4,320.650406504065,2.211382113821138
Puttalam,2015,5,300.609756097561,2.073170731707317
Puttalam,2015,6,340.69105691056905,2.349593495934959
Puttalam,2015,7,380.77235772357716,2.626016260162601
Puttalam,2015,8,420.8536585365853,2.902439024390244
Puttalam,2015,9,480.9756097560975,3.317073170731707
Puttalam,2015,10,521.0569105691056,3.5934959349593494
Puttalam,2015,11,561.1382113821137,3.869918699186991
Puttalam,2015,12,541.0975609756098,3.731707317073171
Ratnapura,2015,1,902.0487804878048,6.878048780487805
Ratnapura,2015,2,851.9349593495933,6.495934959349592
Ratnapura,2015,3,902.0487804878048,6.878048780487805
Ratnapura,2015,4,801.821138211382,6.113821138211382
Ratnapura,2015,5,751.7073170731708,5.7317073170731705
Ratnapura,2015,6,851.9349593495933,6.495934959349592
Ratnapura,2015,7,952.1626016260161,7.260162601626015
Ratnapura,2015,8,1052.390243902439,8.024390243902438
Ratnapura,2015,9,1202.731707317073,9.170731707317072
Ratnapura,2015,10,1302.9593495934957,9.934959349593495
Ratnapura,2015,11,1403.1869918699185,10.699186991869917
Ratnapura,2015,12,1353.0731707317073,10.317073170731707
Trincomalee,2015,1,322.7560975609756,2.195121951219512
Trincomalee,2015,2,304.82520325203245,2.0731707317073167
Trincomalee,2015,3,322.7560975609756,2.195121951219512
Trincomalee,2015,4,286.8943089430894,1.9512195121951217
Trincomalee,2015,5,268.9634146341463,1.8292682926829267
Trincomalee,2015,6,304.82520325203245,2.0731707317073167
Trincomalee,2015,7,340.68699186991864,2.317073170731707
Trincomalee,2015,8,376.54878048780483,2.560975609756097
Trincomalee,2015,9,430.3414634146341,2.9268292682926824
Trincomalee,2015,10,466.2032520325203,3.170731707317073
Trincomalee,2015,11,502.06504065040644,3.414634146341463
Trincomalee,2015,12,484.1341463414634,3.292682926829268
Vavuniya,2015,1,134.04878048780486,1.097560975609756
Vavuniya,2015,2,126.60162601626014,1.0365853658536583
Vavuniya,2015,3,134.04878048780486,1.097560975609756
Vavuniya,2015,4,119.15447154471543,0.9756097560975608
Vavuniya,2015,5,111.70731707317073,0.9146341463414633
Vavuniya,2015,6,126.60162601626014,1.0365853658536583
Vavuniya,2015,7,141.49593495934957,1.1585365853658536
Vavuniya,2015,8,156.390243902439,1.2804878048780486
Vavuniya,2015,9,178.73170731707316,1.4634146341463412
Vavuniya,2015,10,193.6260162601626,1.5853658536585364
Vavuniya,2015,11,208.52032520325199,1.7073170731707314
Vavuniya,2015,12,201.0731707317073,1.646341463414634
Ampara,2016,1,198.4390243902439,1.2439024390243902
Ampara,2016,2,187.41463414634143,1.1747967479674795
Ampara,2016,3,198.4390243902439,1.2439024390243902
Ampara,2016,4,176.390243902439,1.105691056910569
Ampara,2016,5,165.3658536585366,1.0365853658536586
Ampara,2016,6,187.41463414634143,1.1747967479674795
Ampara,2016,7,209.46341463414632,1.3130081300813006
Ampara,2016,8,231.5121951219512,1.451219512195122
Ampara,2016,9,264.5853658536585,1.6585365853658536
Ampara,2016,10,286.6341463414634,1.7967479674796747
Ampara,2016,11,308.68292682926824,1.9349593495934956
Ampara,2016,12,297.6585365853659,1.8658536585365855
Anuradhapura,2016,1,580.9024390243902,4.609756097560975
Anuradhapura,2016,2,548.6300813008129,4.353658536585365
Anuradhapura,2016,3,580.9024390243902,4.609756097560975
Anuradhapura,2016,4,516.3577235772357,4.097560975609755
Anuradhapura,2016,5,484.0853658536585,3.841463414634146
Anuradhapura,2016,6,548.6300813008129,4.353658536585365
Anuradhapura,2016,7,613.1747967479674,4.865853658536585
Anuradhapura,2016,8,677.7195121951219,5.378048780487805
Anuradhapura,2016,9,774.5365853658536,6.146341463414633
Anuradhapura,2016,10,839.081300813008,6.658536585365853
Anuradhapura,2016,11,903.6260162601625,7.1707317073170715
Anuradhapura,2016,12,871.3536585365854,6.914634146341464
Badulla,2016,1,723.5121951219512,9.951219512195122
Badulla,2016,2,683.3170731707315,9.398373983739836
Badulla,2016,3,723.5121951219512,9.951219512195122
Badulla,2016,4,643.1219512195121,8.845528455284551
Badulla,2016,5,602.9268292682926,8.292682926829269
Badulla,2016,6,683.3170731707315,9.398373983739836
Badulla,2016,7,763.7073170731707,10.504065040650405
Badulla,2016,8,844.0975609756097,11.609756097560975
Badulla,2016,9,964.6829268292682,13.268292682926829
Badulla,2016,10,1045.0731707317073,14.373983739837398
Badulla,2016,11,1125.4634146341461,15.479674796747965
Badulla,2016,12,1085.2682926829268,14.926829268292684
Batticaloa,2016,1,402.0731707317073,0.2926829268292683
Batticaloa,2016,2,379.73577235772353,0.2764227642276422
Batticaloa,2016,3,402.0731707317073,0.2926829268292683
Batticaloa,2016,4,357.3983739837398,0.26016260162601623
Batticaloa,2016,5,335.0609756097561,0.24390243902439024
Batticaloa,2016,6,379.73577235772353,0.2764227642276422
Batticaloa,2016,7,424.410569105691,0.30894308943089427
Batticaloa,2016,8,469.0853658536585,0.3414634146341463
Batticaloa,2016,9,536.0975609756097,0.39024390243902435
Batticaloa,2016,10,580.7723577235772,0.4227642276422764
Batticaloa,2016,11,625.4471544715446,0.4552845528455284
Batticaloa,2016,12,603.109756097561,0.43902439024390244
Colombo,2016,1,1053.4390243902437,14.707317073170731
Colombo,2016,2,994.9146341463413,13.890243902439021
Colombo,2016,3,1053.4390243902437,14.707317073170731
Colombo,2016,4,936.3902439024389,13.073170731707316
Colombo,2016,5,877.8658536585366,12.25609756097561
Colombo,2016,6,994.9146341463413,13.890243902439021
Colombo,2016,7,1111.9634146341461,15.524390243902436
Colombo,2016,8,1229.0121951219512,17.15853658536585
Colombo,2016,9,1404.5853658536585,19.609756097560975
Colombo,2016,10,1521.6341463414633,21.24390243902439
Colombo,2016,11,1638.6829268292681,22.878048780487802
Colombo,2016,12,1580.158536585366,22.0609756097561
Galle,2016,1,828.2926829268292,5.926829268292683
Galle,2016,2,782.2764227642275,5.597560975609755
Galle,2016,3,828.2926829268292,5.926829268292683
Galle,2016,4,736.2601626016259,5.268292682926829
Galle,2016,5,690.2439024390244,4.939024390243902
Galle,2016,6,782.2764227642275,5.597560975609755
Galle,2016,7,874.3089430894307,6.256097560975609
Galle,2016,8,966.3414634146341,6.914634146341463
Galle,2016,9,1104.390243902439,7.902439024390243
Galle,2016,10,1196.4227642276421,8.560975609756097
Galle,2016,11,1288.4552845528453,9.21951219512195
Galle,2016,12,1242.439024390244,8.890243902439025
Gampaha,2016,1,1492.8292682926829,8.121951219512194
Gampaha,2016,2,1409.894308943089,7.6707317073170715
Gampaha,2016,3,1492.8292682926829,8.121951219512194
Gampaha,2016,4,1326.9593495934957,7.2195121951219505
Gampaha,2016,5,1244.0243902439024,6.7682926829268295
Gampaha,2016,6,1409.894308943089,7.6707317073170715
Gampaha,2016,7,1575.7642276422762,8.573170731707316
Gampaha,2016,8,1741.6341463414633,9.47560975609756
Gampaha,2016,9,1990.4390243902437,10.829268292682926
Gampaha,2016,10,2156.3089430894306,11.73170731707317
Gampaha,2016,11,2322.1788617886173,12.634146341463412
Gampaha,2016,12,2239.2439024390246,12.182926829268293
Hambantota,2016,1,825.3658536585365,3.219512195121951
Hambantota,2016,2,779.5121951219511,3.0406504065040645
Hambantota,2016,3,825.3658536585365,3.219512195121951
Hambantota,2016,4,733.6585365853658,2.8617886178861784
Hambantota,2016,5,687.8048780487804,2.6829268292682924
Hambantota,2016,6,779.5121951219511,3.0406504065040645
Hambantota,2016,7,871.2195121951219,3.398373983739837
Hambantota,2016,8,962.9268292682926,3.7560975609756095
Hambantota,2016,9,1100.4878048780486,4.292682926829268
Hambantota,2016,10,1192.1951219512193,4.650406504065041
Hambantota,2016,11,1283.90243902439,5.008130081300812
Hambantota,2016,12,1238.0487804878048,4.829268292682927
Jaffna,2016,1,599.3414634146341,2.5609756097560976
Jaffna,2016,2,566.0447154471543,2.4186991869918693
Jaffna,2016,3,599.3414634146341,2.5609756097560976
Jaffna,2016,4,532.7479674796747,2.2764227642276422
Jaffna,2016,5,499.4512195121951,2.1341463414634148
Jaffna,2016,6,566.0447154471543,2.4186991869918693
Jaffna,2016,7,632.6382113821137,2.7032520325203246
Jaffna,2016,8,699.2317073170731,2.98780487804878
Jaffna,2016,9,799.1219512195121,3.414634146341463
Jaffna,2016,10,865.7154471544715,3.6991869918699183
Jaffna,2016,11,932.3089430894307,3.9837398373983732
Jaffna,2016,12,899.0121951219512,3.841463414634146
Kalmunai,2016,1,387.4390243902439,1.097560975609756
Kalmunai,2016,2,365.91463414634137,1.0365853658536583
Kalmunai,2016,3,387.4390243902439,1.097560975609756
Kalmunai,2016,4,344.390243902439,0.9756097560975608
Kalmunai,2016,5,322.8658536585366,0.9146341463414633
Kalmunai,2016,6,365.91463414634137,1.0365853658536583
Kalmunai,2016,7,408.96341463414626,1.1585365853658536
Kalmunai,2016,8,452.0121951219512,1.2804878048780486
Kalmunai,2016,9,516.5853658536585,1.4634146341463412
Kalmunai,2016,10,559.6341463414634,1.5853658536585364
Kalmunai,2016,11,602.6829268292682,1.7073170731707314
Kalmunai,2016,12,581.1585365853658,1.646341463414634
Kalutara,2016,1,782.6341463414634,4.024390243902439
Kalutara,2016,2,739.1544715447153,3.8008130081300804
Kalutara,2016,3,782.6341463414634,4.024390243902439
Kalutara,2016,4,695.6747967479674,3.577235772357723
Kalutara,2016,5,652.1951219512194,3.3536585365853657
Kalutara,2016,6,739.1544715447153,3.8008130081300804
Kalutara,2016,7,826.1138211382113,4.247967479674796
Kalutara,2016,8,913.0731707317073,4.6951219512195115
Kalutara,2016,9,1043.5121951219512,5.365853658536585
Kalutara,2016,10,1130.4715447154472,5.8130081300813
Kalutara,2016,11,1217.430894308943,6.260162601626015
Kalutara,2016,12,1173.9512195121952,6.036585365853658
Kandy,2016,1,1122.4390243902437,13.75609756097561
Kandy,2016,2,1060.0813008130078,12.991869918699184
Kandy,2016,3,1122.4390243902437,13.75609756097561
Kandy,2016,4,997.7235772357723,12.227642276422763
Kandy,2016,5,935.3658536585366,11.463414634146341
Kandy,2016,6,1060.0813008130078,12.991869918699184
Kandy,2016,7,1184.7967479674796,14.52032520325203
Kandy,2016,8,1309.5121951219512,16.048780487804876
Kandy,2016,9,1496.5853658536585,18.341463414634145
Kandy,2016,10,1621.30081300813,19.86991869918699
Kandy,2016,11,1746.0162601626014,21.398373983739834
Kandy,2016,12,1683.658536585366,20.634146341463413
Kegalle,2016,1,586.170731707317,5.341463414634146
Kegalle,2016,2,553.6056910569105,5.044715447154471
Kegalle,2016,3,586.170731707317,5.341463414634146
Kegalle,2016,4,521.040650406504,4.747967479674796
Kegalle,2016,5,488.4756097560975,4.451219512195122
Kegalle,2016,6,553.6056910569105,5.044715447154471
Kegalle,2016,7,618.7357723577235,5.638211382113821
Kegalle,2016,8,683.8658536585365,6.2317073170731705
Kegalle,2016,9,781.560975609756,7.121951219512194
Kegalle,2016,10,846.691056910569,7.715447154471544
Kegalle,2016,11,911.8211382113819,8.308943089430892
Kegalle,2016,12,879.2560975609756,8.012195121951219
Kilinochchi,2016,1,131.1951219512195,0.6585365853658536
Kilinochchi,2016,2,123.90650406504062,0.621951219512195
Kilinochchi,2016,3,131.1951219512195,0.6585365853658536
Kilinochchi,2016,4,116.61788617886178,0.5853658536585366
Kilinochchi,2016,5,109.32926829268293,0.5487804878048781
Kilinochchi,2016,6,123.90650406504062,0.621951219512195
Kilinochchi,2016,7,138.48373983739836,0.6951219512195121
Kilinochchi,2016,8,153.06097560975607,0.7682926829268292
Kilinochchi,2016,9,174.92682926829266,0.8780487804878048
Kilinochchi,2016,10,189.5040650406504,0.9512195121951219
Kilinochchi,2016,11,204.08130081300808,1.0243902439024388
Kilinochchi,2016,12,196.79268292682926,0.9878048780487805
Kurunegala,2016,1,1174.90243902439,7.902439024390244
Kurunegala,2016,2,1109.630081300813,7.46341463414634
Kurunegala,2016,3,1174.90243902439,7.902439024390244
Kurunegala,2016,4,1044.3577235772357,7.024390243902438
Kurunegala,2016,5,979.0853658536585,6.585365853658536
Kurunegala,2016,6,1109.630081300813,7.46341463414634
Kurunegala,2016,7,1240.1747967479673,8.341463414634145
Kurunegala,2016,8,1370.7195121951218,9.21951219512195
Kurunegala,2016,9,1566.5365853658534,10.536585365853657
Kurunegala,2016,10,1697.081300813008,11.414634146341463
Kurunegala,2016,11,1827.6260162601623,12.292682926829267
Kurunegala,2016,12,1762.3536585365853,11.853658536585366
Mannar,2016,1,59.70731707317073,0.07317073170731707
Mannar,2016,2,56.39024390243901,0.06910569105691056
Mannar,2016,3,59.70731707317073,0.07317073170731707
Mannar,2016,4,53.073170731707314,0.06504065040650406
Mannar,2016,5,49.75609756097561,0.06097560975609756
Mannar,2016,6,56.39024390243901,0.06910569105691056
Mannar,2016,7,63.02439024390243,0.07723577235772357
Mannar,2016,8,69.65853658536585,0.08536585365853658
Mannar,2016,9,79.60975609756096,0.09756097560975609
Mannar,2016,10,86.24390243902438,0.1056910569105691
Mannar,2016,11,92.87804878048779,0.1138211382113821
Mannar,2016,12,89.5609756097561,0.10975609756097561
Matale,2016,1,411.73170731707313,4.170731707317073
Matale,2016,2,388.8577235772357,3.939024390243902
Matale,2016,3,411.73170731707313,4.170731707317073
Matale,2016,4,365.98373983739833,3.7073170731707314
Matale,2016,5,343.109756097561,3.475609756097561
Matale,2016,6,388.8577235772357,3.939024390243902
Matale,2016,7,434.60569105691053,4.402439024390243
Matale,2016,8,480.3536585365853,4.865853658536585
Matale,2016,9,548.9756097560975,5.560975609756097
Matale,2016,10,594.7235772357723,6.024390243902438
Matale,2016,11,640.4715447154471,6.487804878048779
Matale,2016,12,617.5975609756098,6.2560975609756095
Matara,2016,1,415.8292682926829,2.195121951219512
Matara,2016,2,392.72764227642267,2.0731707317073167
Matara,2016,3,415.8292682926829,2.195121951219512
Matara,2016,4,369.62601626016254,1.9512195121951217
Matara,2016,5,346.5243902439024,1.8292682926829267
Matara,2016,6,392.72764227642267,2.0731707317073167
Matara,2016,7,438.93089430894304,2.317073170731707
Matara,2016,8,485.13414634146335,2.560975609756097
Matara,2016,9,554.4390243902438,2.9268292682926824
Matara,2016,10,600.6422764227642,3.170731707317073
Matara,2016,11,646.8455284552845,3.414634146341463
Matara,2016,12,623.7439024390244,3.292682926829268
Monaragala,2016,1,505.5365853658536,3.8780487804878048
Monaragala,2016,2,477.45121951219505,3.6626016260162597
Monaragala,2016,3,505.5365853658536,3.8780487804878048
Monaragala,2016,4,449.36585365853654,3.447154471544715
Monaragala,2016,5,421.280487804878,3.2317073170731705
Monaragala,2016,6,477.45121951219505,3.6626016260162597
Monaragala,2016,7,533.6219512195121,4.093495934959349
Monaragala,2016,8,589.7926829268292,4.524390243902439
Monaragala,2016,9,674.0487804878048,5.170731707317072
Monaragala,2016,10,730.2195121951219,5.6016260162601625
Monaragala,2016,11,786.3902439024389,6.032520325203251
Monaragala,2016,12,758.3048780487804,5.817073170731708
Mullaitivu,2016,1,88.82926829268293,0.14634146341463414
Mullaitivu,2016,2,83.89430894308941,0.1382113821138211
Mullaitivu,2016,3,88.82926829268293,0.14634146341463414
Mullaitivu,2016,4,78.95934959349593,0.13008130081300812
Mullaitivu,2016,5,74.02439024390243,0.12195121951219512
Mullaitivu,2016,6,83.89430894308941,0.1382113821138211
Mullaitivu,2016,7,93.76422764227641,0.15447154471544713
Mullaitivu,2016,8,103.6341463414634,0.17073170731707316
Mullaitivu,2016,9,118.43902439024389,0.19512195121951217
Mullaitivu,2016,10,128.3089430894309,0.2113821138211382
Mullaitivu,2016,11,138.17886178861787,0.2276422764227642
Mullaitivu,2016,12,133.2439024390244,0.21951219512195122
Nuwara Eliya,2016,1,464.56097560975604,4.463414634146341
Nuwara Eliya,2016,2,438.75203252032514,4.215447154471544
Nuwara Eliya,2016,3,464.56097560975604,4.463414634146341
Nuwara Eliya,2016,4,412.94308943089425,3.9674796747967473
Nuwara Eliya,2016,5,387.1341463414634,3.719512195121951
Nuwara Eliya,2016,6,438.75203252032514,4.215447154471544
Nuwara Eliya,2016,7,490.36991869918694,4.711382113821138
Nuwara Eliya,2016,8,541.9878048780487,5.2073170731707314
Nuwara Eliya,2016,9,619.4146341463414,5.951219512195121
Nuwara Eliya,2016,10,671.0325203252032,6.447154471544715
Nuwara Eliya,2016,11,722.6504065040649,6.943089430894307
Nuwara Eliya,2016,12,696.8414634146342,6.695121951219512
Polonnaruwa,2016,1,294.0,2.8536585365853657
Polonnaruwa,2016,2,277.66666666666663,2.6951219512195115
Polonnaruwa,2016,3,294.0,2.8536585365853657
Polonnaruwa,2016,4,261.3333333333333,2.536585365853658
Polonnaruwa,2016,5,245.0,2.3780487804878048
Polonnaruwa,2016,6,277.66666666666663,2.6951219512195115
Polonnaruwa,2016,7,310.3333333333333,3.012195121951219
Polonnaruwa,2016,8,342.99999999999994,3.3292682926829267
Polonnaruwa,2016,9,391.99999999999994,3.804878048780487
Polonnaruwa,2016,10,424.66666666666663,4.121951219512195
Polonnaruwa,2016,11,457.33333333333326,4.439024390243902
Polonnaruwa,2016,12,441.0,4.280487804878049
Puttalam,2016,1,315.8048780487805,1.3902439024390243
Puttalam,2016,2,298.26016260162595,1.3130081300813006
Puttalam,2016,3,315.8048780487805,1.3902439024390243
Puttalam,2016,4,280.7154471544715,1.235772357723577
Puttalam,2016,5,263.1707317073171,1.1585365853658536
Puttalam,2016,6,298.26016260162595,1.3130081300813006
Puttalam,2016,7,333.3495934959349,1.4674796747967478
Puttalam,2016,8,368.43902439024384,1.621951219512195
Puttalam,2016,9,421.07317073170725,1.8536585365853657
Puttalam,2016,10,456.1626016260162,2.0081300813008127
Puttalam,2016,11,491.25203252032514,2.1626016260162597
Puttalam,2016,12,473.7073170731707,2.0853658536585367
Ratnapura,2016,1,772.5365853658536,4.170731707317073
Ratnapura,2016,2,729.6178861788617,3.939024390243902
Ratnapura,2016,3,772.5365853658536,4.170731707317073
Ratnapura,2016,4,686.6991869918699,3.7073170731707314
Ratnapura,2016,5,643.780487804878,3.475609756097561
Ratnapura,2016,6,729.6178861788617,3.939024390243902
Ratnapura,2016,7,815.4552845528455,4.402439024390243
Ratnapura,2016,8,901.2926829268292,4.865853658536585
Ratnapura,2016,9,1030.0487804878048,5.560975609756097
Ratnapura,2016,10,1115.8861788617885,6.024390243902438
Ratnapura,2016,11,1201.7235772357722,6.487804878048779
Ratnapura,2016,12,1158.8048780487804,6.2560975609756095
Trincomalee,2016,1,360.1463414634146,1.5365853658536583
Trincomalee,2016,2,340.13821138211375,1.4512195121951217
Trincomalee,2016,3,360.1463414634146,1.5365853658536583
Trincomalee,2016,4,320.13008130081295,1.3658536585365852
Trincomalee,2016,5,300.1219512195122,1.2804878048780488
Trincomalee,2016,6,340.13821138211375,1.4512195121951217
Trincomalee,2016,7,380.1544715447154,1.621951219512195
Trincomalee,2016,8,420.17073170731703,1.792682926829268
Trincomalee,2016,9,480.19512195121945,2.0487804878048776
Trincomalee,2016,10,520.2113821138211,2.219512195121951
Trincomalee,2016,11,560.2276422764227,2.390243902439024
Trincomalee,2016,12,540.219512195122,2.3048780487804876
Vavuniya,2016,1,118.3170731707317,0.5853658536585366
Vavuniya,2016,2,111.74390243902437,0.5528455284552845
Vavuniya,2016,3,118.3170731707317,0.5853658536585366
Vavuniya,2016,4,105.17073170731706,0.5203252032520325
Vavuniya,2016,5,98.59756097560975,0.4878048780487805
Vavuniya,2016,6,111.74390243902437,0.5528455284552845
Vavuniya,2016,7,124.89024390243901,0.6178861788617885
Vavuniya,2016,8,138.03658536585365,0.6829268292682926
Vavuniya,2016,9,157.7560975609756,0.7804878048780487
Vavuniya,2016,10,170.90243902439022,0.8455284552845528
Vavuniya,2016,11,184.04878048780483,0.9105691056910568
Vavuniya,2016,12,177.47560975609755,0.8780487804878049
Ampara,2017,1,210.36585365853657,1.9024390243902438
Ampara,2017,2,198.67886178861784,1.7967479674796745
Ampara,2017,3,210.36585365853657,1.9024390243902438
Ampara,2017,4,186.99186991869917,1.6910569105691056
Ampara,2017,5,175.3048780487805,1.5853658536585367
Ampara,2017,6,198.67886178861784,1.7967479674796745
Ampara,2017,7,222.05284552845526,2.0081300813008127
Ampara,2017,8,245.42682926829266,2.219512195121951
Ampara,2017,9,280.48780487804873,2.536585365853658
Ampara,2017,10,303.86178861788613,2.7479674796747964
Ampara,2017,11,327.23577235772353,2.9593495934959346
Ampara,2017,12,315.5487804878049,2.8536585365853657
Anuradhapura,2017,1,622.3170731707316,6.439024390243902
Anuradhapura,2017,2,587.7439024390243,6.081300813008129
Anuradhapura,2017,3,622.3170731707316,6.439024390243902
Anuradhapura,2017,4,553.170731707317,5.723577235772357
Anuradhapura,2017,5,518.5975609756098,5.365853658536585
Anuradhapura,2017,6,587.7439024390243,6.081300813008129
Anuradhapura,2017,7,656.8902439024389,6.796747967479674
Anuradhapura,2017,8,726.0365853658536,7.512195121951219
Anuradhapura,2017,9,829.7560975609755,8.585365853658535
Anuradhapura,2017,10,898.9024390243902,9.300813008130081
Anuradhapura,2017,11,968.0487804878047,10.016260162601624
Anuradhapura,2017,12,933.4756097560976,9.658536585365853
Badulla,2017,1,761.0487804878048,9.439024390243901
Badulla,2017,2,718.7682926829267,8.914634146341461
Badulla,2017,3,761.0487804878048,9.439024390243901
Badulla,2017,4,676.4878048780487,8.390243902439023
Badulla,2017,5,634.2073170731708,7.865853658536585
Badulla,2017,6,718.7682926829267,8.914634146341461
Badulla,2017,7,803.3292682926829,9.963414634146341
Badulla,2017,8,887.8902439024389,11.012195121951219
Badulla,2017,9,1014.7317073170731,12.585365853658535
Badulla,2017,10,1099.2926829268292,13.634146341463413
Badulla,2017,11,1183.8536585365853,14.68292682926829
Badulla,2017,12,1141.5731707317073,14.158536585365853
Batticaloa,2017,1,406.4634146341463,0.6585365853658536
Batticaloa,2017,2,383.88211382113815,0.621951219512195
Batticaloa,2017,3,406.4634146341463,0.6585365853658536
Batticaloa,2017,4,361.30081300813004,0.5853658536585366
Batticaloa,2017,5,338.7195121951219,0.5487804878048781
Batticaloa,2017,6,383.88211382113815,0.621951219512195
Batticaloa,2017,7,429.04471544715443,0.6951219512195121
Batticaloa,2017,8,474.2073170731707,0.7682926829268292
Batticaloa,2017,9,541.951219512195,0.8780487804878048
Batticaloa,2017,10,587.1138211382114,0.9512195121951219
Batticaloa,2017,11,632.2764227642275,1.0243902439024388
Batticaloa,2017,12,609.6951219512196,0.9878048780487805
Colombo,2017,1,1265.1951219512193,17.634146341463413
Colombo,2017,2,1194.9065040650405,16.654471544715445
Colombo,2017,3,1265.1951219512193,17.634146341463413
Colombo,2017,4,1124.6178861788617,15.674796747967479
Colombo,2017,5,1054.3292682926829,14.695121951219512
Colombo,2017,6,1194.9065040650405,16.654471544715445
Colombo,2017,7,1335.4837398373982,18.613821138211378
Colombo,2017,8,1476.060975609756,20.573170731707314
Colombo,2017,9,1686.9268292682925,23.512195121951216
Colombo,2017,10,1827.5040650406502,25.471544715447152
Colombo,2017,11,1968.0813008130078,27.430894308943085
Colombo,2017,12,1897.7926829268292,26.451219512195124
Galle,2017,1,824.4878048780487,10.170731707317072
Galle,2017,2,778.6829268292681,9.605691056910567
Galle,2017,3,824.4878048780487,10.170731707317072
Galle,2017,4,732.8780487804877,9.040650406504064
Galle,2017,5,687.0731707317073,8.47560975609756
Galle,2017,6,778.6829268292681,9.605691056910567
Galle,2017,7,870.2926829268291,10.735772357723576
Galle,2017,8,961.9024390243901,11.865853658536585
Galle,2017,9,1099.3170731707316,13.560975609756095
Galle,2017,10,1190.9268292682925,14.691056910569104
Galle,2017,11,1282.5365853658534,15.821138211382111
Galle,2017,12,1236.7317073170732,15.25609756097561
Gampaha,2017,1,1586.1951219512193,10.536585365853657
Gampaha,2017,2,1498.073170731707,9.95121951219512
Gampaha,2017,3,1586.1951219512193,10.536585365853657
Gampaha,2017,4,1409.951219512195,9.365853658536585
Gampaha,2017,5,1321.8292682926829,8.78048780487805
Gampaha,2017,6,1498.073170731707,9.95121951219512
Gampaha,2017,7,1674.3170731707314,11.121951219512194
Gampaha,2017,8,1850.560975609756,12.292682926829267
Gampaha,2017,9,2114.9268292682923,14.048780487804876
Gampaha,2017,10,2291.170731707317,15.21951219512195
Gampaha,2017,11,2467.414634146341,16.39024390243902
Gampaha,2017,12,2379.2926829268295,15.804878048780488
Hambantota,2017,1,903.7317073170731,4.390243902439024
Hambantota,2017,2,853.5243902439023,4.146341463414633
Hambantota,2017,3,903.7317073170731,4.390243902439024
Hambantota,2017,4,803.3170731707316,3.9024390243902434
Hambantota,2017,5,753.109756097561,3.6585365853658534
Hambantota,2017,6,853.5243902439023,4.146341463414633
Hambantota,2017,7,953.9390243902437,4.634146341463414
Hambantota,2017,8,1054.3536585365853,5.121951219512194
Hambantota,2017,9,1204.9756097560974,5.853658536585365
Hambantota,2017,10,1305.390243902439,6.341463414634146
Hambantota,2017,11,1405.8048780487802,6.829268292682926
Hambantota,2017,12,1355.5975609756097,6.585365853658536
Jaffna,2017,1,701.4878048780488,3.512195121951219
Jaffna,2017,2,662.5162601626015,3.3170731707317067
Jaffna,2017,3,701.4878048780488,3.512195121951219
Jaffna,2017,4,623.5447154471544,3.121951219512195
Jaffna,2017,5,584.5731707317073,2.926829268292683
Jaffna,2017,6,662.5162601626015,3.3170731707317067
Jaffna,2017,7,740.4593495934959,3.7073170731707314
Jaffna,2017,8,818.4024390243902,4.097560975609756
Jaffna,2017,9,935.3170731707316,4.682926829268292
Jaffna,2017,10,1013.2601626016259,5.073170731707316
Jaffna,2017,11,1091.2032520325201,5.463414634146341
Jaffna,2017,12,1052.2317073170732,5.2682926829268295
Kalmunai,2017,1,418.5365853658536,2.7073170731707314
Kalmunai,2017,2,395.28455284552837,2.556910569105691
Kalmunai,2017,3,418.5365853658536,2.7073170731707314
Kalmunai,2017,4,372.0325203252032,2.40650406504065
Kalmunai,2017,5,348.780487804878,2.2560975609756095
Kalmunai,2017,6,395.28455284552837,2.556910569105691
Kalmunai,2017,7,441.7886178861788,2.857723577235772
Kalmunai,2017,8,488.29268292682923,3.1585365853658534
Kalmunai,2017,9,558.0487804878048,3.6097560975609753
Kalmunai,2017,10,604.5528455284552,3.9105691056910565
Kalmunai,2017,11,651.0569105691055,4.211382113821138
Kalmunai,2017,12,627.8048780487804,4.060975609756097
Kalutara,2017,1,808.5365853658536,6.585365853658536
Kalutara,2017,2,763.6178861788617,6.2195121951219505
Kalutara,2017,3,808.5365853658536,6.585365853658536
Kalutara,2017,4,718.6991869918699,5.853658536585365
Kalutara,2017,5,673.780487804878,5.48780487804878
Kalutara,2017,6,763.6178861788617,6.2195121951219505
Kalutara,2017,7,853.4552845528455,6.951219512195121
Kalutara,2017,8,943.2926829268292,7.682926829268292
Kalutara,2017,9,1078.0487804878048,8.780487804878048
Kalutara,2017,10,1167.8861788617885,9.512195121951219
Kalutara,2017,11,1257.7235772357722,10.243902439024389
Kalutara,2017,12,1212.8048780487804,9.878048780487806
Kandy,2017,1,1156.0243902439024,19.317073170731707
Kandy,2017,2,1091.8008130081298,18.24390243902439
Kandy,2017,3,1156.0243902439024,19.317073170731707
Kandy,2017,4,1027.5772357723577,17.17073170731707
Kandy,2017,5,963.3536585365854,16.097560975609756
Kandy,2017,6,1091.8008130081298,18.24390243902439
Kandy,2017,7,1220.2479674796746,20.39024390243902
Kandy,2017,8,1348.6951219512193,22.536585365853657
Kandy,2017,9,1541.3658536585365,25.756097560975608
Kandy,2017,10,1669.8130081300812,27.90243902439024
Kandy,2017,11,1798.2601626016258,30.048780487804873
Kandy,2017,12,1734.0365853658536,28.975609756097562
Kegalle,2017,1,568.4634146341463,8.414634146341463
Kegalle,2017,2,536.8821138211381,7.947154471544714
Kegalle,2017,3,568.4634146341463,8.414634146341463
Kegalle,2017,4,505.30081300813004,7.479674796747966
Kegalle,2017,5,473.7195121951219,7.012195121951219
Kegalle,2017,6,536.8821138211381,7.947154471544714
Kegalle,2017,7,600.0447154471544,8.88211382113821
Kegalle,2017,8,663.2073170731707,9.817073170731707
Kegalle,2017,9,757.951219512195,11.21951219512195
Kegalle,2017,10,821.1138211382113,12.154471544715447
Kegalle,2017,11,884.2764227642275,13.089430894308942
Kegalle,2017,12,852.6951219512196,12.621951219512194
Kilinochchi,2017,1,130.90243902439025,0.5853658536585366
Kilinochchi,2017,2,123.63008130081299,0.5528455284552845
Kilinochchi,2017,3,130.90243902439025,0.5853658536585366
Kilinochchi,2017,4,116.35772357723576,0.5203252032520325
Kilinochchi,2017,5,109.08536585365853,0.4878048780487805
Kilinochchi,2017,6,123.63008130081299,0.5528455284552845
Kilinochchi,2017,7,138.17479674796746,0.6178861788617885
Kilinochchi,2017,8,152.71951219512195,0.6829268292682926
Kilinochchi,2017,9,174.53658536585365,0.7804878048780487
Kilinochchi,2017,10,189.0813008130081,0.8455284552845528
Kilinochchi,2017,11,203.62601626016257,0.9105691056910568
Kilinochchi,2017,12,196.35365853658536,0.8780487804878049
Kurunegala,2017,1,1228.7560975609756,11.853658536585366
Kurunegala,2017,2,1160.491869918699,11.19512195121951
Kurunegala,2017,3,1228.7560975609756,11.853658536585366
Kurunegala,2017,4,1092.2276422764226,10.536585365853657
Kurunegala,2017,5,1023.9634146341464,9.878048780487804
Kurunegala,2017,6,1160.491869918699,11.19512195121951
Kurunegala,2017,7,1297.0203252032518,12.512195121951217
Kurunegala,2017,8,1433.5487804878048,13.829268292682926
Kurunegala,2017,9,1638.341463414634,15.804878048780486
Kurunegala,2017,10,1774.8699186991869,17.121951219512194
Kurunegala,2017,11,1911.3983739837395,18.4390243902439
Kurunegala,2017,12,1843.1341463414635,17.78048780487805
Mannar,2017,1,57.80487804878049,0.07317073170731707
Mannar,2017,2,54.59349593495934,0.06910569105691056
Mannar,2017,3,57.80487804878049,0.07317073170731707
Mannar,2017,4,51.382113821138205,0.06504065040650406
Mannar,2017,5,48.170731707317074,0.06097560975609756
Mannar,2017,6,54.59349593495934,0.06910569105691056
Mannar,2017,7,61.01626016260162,0.07723577235772357
Mannar,2017,8,67.4390243902439,0.08536585365853658
Mannar,2017,9,77.07317073170731,0.09756097560975609
Mannar,2017,10,83.49593495934958,0.1056910569105691
Mannar,2017,11,89.91869918699186,0.1138211382113821
Mannar,2017,12,86.70731707317073,0.10975609756097561
Matale,2017,1,406.24390243902434,6.292682926829268
Matale,2017,2,383.67479674796743,5.943089430894307
Matale,2017,3,406.24390243902434,6.292682926829268
Matale,2017,4,361.10569105691053,5.593495934959349
Matale,2017,5,338.5365853658536,5.2439024390243905
Matale,2017,6,383.67479674796743,5.943089430894307
Matale,2017,7,428.81300813008124,6.642276422764227
Matale,2017,8,473.95121951219505,7.341463414634146
Matale,2017,9,541.6585365853658,8.390243902439023
Matale,2017,10,586.7967479674796,9.089430894308942
Matale,2017,11,631.9349593495934,9.78861788617886
Matale,2017,12,609.3658536585366,9.439024390243903
Matara,2017,1,485.2682926829268,1.6829268292682926
Matara,2017,2,458.3089430894308,1.5894308943089428
Matara,2017,3,485.2682926829268,1.6829268292682926
Matara,2017,4,431.3495934959349,1.4959349593495934
Matara,2017,5,404.390243902439,1.4024390243902438
Matara,2017,6,458.3089430894308,1.5894308943089428
Matara,2017,7,512.2276422764227,1.776422764227642
Matara,2017,8,566.1463414634146,1.9634146341463412
Matara,2017,9,647.0243902439024,2.24390243902439
Matara,2017,10,700.9430894308942,2.430894308943089
Matara,2017,11,754.8617886178861,2.617886178861788
Matara,2017,12,727.9024390243902,2.524390243902439
Monaragala,2017,1,574.9756097560976,3.7317073170731705
Monaragala,2017,2,543.0325203252031,3.524390243902438
Monaragala,2017,3,574.9756097560976,3.7317073170731705
Monaragala,2017,4,511.08943089430886,3.317073170731707
Monaragala,2017,5,479.1463414634146,3.1097560975609757
Monaragala,2017,6,543.0325203252031,3.524390243902438
Monaragala,2017,7,606.9186991869918,3.939024390243902
Monaragala,2017,8,670.8048780487804,4.353658536585366
Monaragala,2017,9,766.6341463414633,4.97560975609756
Monaragala,2017,10,830.520325203252,5.390243902439024
Monaragala,2017,11,894.4065040650405,5.804878048780487
Monaragala,2017,12,862.4634146341464,5.597560975609756
Mullaitivu,2017,1,107.56097560975608,0.2195121951219512
Mullaitivu,2017,2,101.58536585365852,0.20731707317073167
Mullaitivu,2017,3,107.56097560975608,0.2195121951219512
Mullaitivu,2017,4,95.60975609756096,0.19512195121951217
Mullaitivu,2017,5,89.6341463414634,0.18292682926829268
Mullaitivu,2017,6,101.58536585365852,0.20731707317073167
Mullaitivu,2017,7,113.53658536585364,0.23170731707317072
Mullaitivu,2017,8,125.48780487804876,0.25609756097560976
Mullaitivu,2017,9,143.41463414634146,0.2926829268292683
Mullaitivu,2017,10,155.36585365853657,0.31707317073170727
Mullaitivu,2017,11,167.31707317073167,0.3414634146341463
Mullaitivu,2017,12,161.34146341463415,0.32926829268292684
Nuwara Eliya,2017,1,490.9756097560975,1.097560975609756
Nuwara Eliya,2017,2,463.69918699186985,1.0365853658536583
Nuwara Eliya,2017,3,490.9756097560975,1.097560975609756
Nuwara Eliya,2017,4,436.42276422764223,0.9756097560975608
Nuwara Eliya,2017,5,409.1463414634146,0.9146341463414633
Nuwara Eliya,2017,6,463.69918699186985,1.0365853658536583
Nuwara Eliya,2017,7,518.2520325203251,1.1585365853658536
Nuwara Eliya,2017,8,572.8048780487804,1.2804878048780486
Nuwara Eliya,2017,9,654.6341463414633,1.4634146341463412
Nuwara Eliya,2017,10,709.1869918699186,1.5853658536585364
Nuwara Eliya,2017,11,763.7398373983739,1.7073170731707314
Nuwara Eliya,2017,12,736.4634146341464,1.646341463414634
Polonnaruwa,2017,1,276.73170731707313,3.7317073170731705
Polonnaruwa,2017,2,261.35772357723573,3.524390243902438
Polonnaruwa,2017,3,276.73170731707313,3.7317073170731705
Polonnaruwa,2017,4,245.98373983739836,3.317073170731707
Polonnaruwa,2017,5,230.60975609756096,3.1097560975609757
Polonnaruwa,2017,6,261.35772357723573,3.524390243902438
Polonnaruwa,2017,7,292.10569105691053,3.939024390243902
Polonnaruwa,2017,8,322.8536585365853,4.353658536585366
Polonnaruwa,2017,9,368.9756097560975,4.97560975609756
Polonnaruwa,2017,10,399.7235772357723,5.390243902439024
Polonnaruwa,2017,11,430.47154471544707,5.804878048780487
Polonnaruwa,2017,12,415.0975609756098,5.597560975609756
Puttalam,2017,1,321.5853658536585,1.7560975609756095
Puttalam,2017,2,303.7195121951219,1.6585365853658534
Puttalam,2017,3,321.5853658536585,1.7560975609756095
Puttalam,2017,4,285.8536585365853,1.5609756097560974
Puttalam,2017,5,267.9878048780488,1.4634146341463414
Puttalam,2017,6,303.7195121951219,1.6585365853658534
Puttalam,2017,7,339.45121951219505,1.8536585365853657
Puttalam,2017,8,375.18292682926824,2.048780487804878
Puttalam,2017,9,428.780487804878,2.341463414634146
Puttalam,2017,10,464.5121951219512,2.536585365853658
Puttalam,2017,11,500.2439024390243,2.7317073170731705
Puttalam,2017,12,482.3780487804878,2.6341463414634148
Ratnapura,2017,1,462.6585365853658,5.048780487804878
Ratnapura,2017,2,436.95528455284546,4.768292682926829
Ratnapura,2017,3,462.6585365853658,5.048780487804878
Ratnapura,2017,4,411.25203252032514,4.48780487804878
Ratnapura,2017,5,385.5487804878049,4.2073170731707314
Ratnapura,2017,6,436.95528455284546,4.768292682926829
Ratnapura,2017,7,488.36178861788613,5.329268292682926
Ratnapura,2017,8,539.7682926829268,5.890243902439024
Ratnapura,2017,9,616.8780487804877,6.73170731707317
Ratnapura,2017,10,668.2845528455284,7.292682926829268
Ratnapura,2017,11,719.6910569105689,7.853658536585365
Ratnapura,2017,12,693.9878048780488,7.573170731707317
Trincomalee,2017,1,342.36585365853654,1.2439024390243902
Trincomalee,2017,2,323.34552845528447,1.1747967479674795
Trincomalee,2017,3,342.36585365853654,1.2439024390243902
Trincomalee,2017,4,304.3252032520325,1.105691056910569
Trincomalee,2017,5,285.3048780487805,1.0365853658536586
Trincomalee,2017,6,323.34552845528447,1.1747967479674795
Trincomalee,2017,7,361.38617886178855,1.3130081300813006
Trincomalee,2017,8,399.42682926829264,1.451219512195122
Trincomalee,2017,9,456.48780487804873,1.6585365853658536
Trincomalee,2017,10,494.5284552845528,1.7967479674796747
Trincomalee,2017,11,532.5691056910568,1.9349593495934956
Trincomalee,2017,12,513.5487804878048,1.8658536585365855
Vavuniya,2017,1,137.48780487804876,0.7317073170731707
Vavuniya,2017,2,129.84959349593493,0.6910569105691056
Vavuniya,2017,3,137.48780487804876,0.7317073170731707
Vavuniya,2017,4,122.21138211382113,0.6504065040650406
Vavuniya,2017,5,114.57317073170732,0.6097560975609756
Vavuniya,2017,6,129.84959349593493,0.6910569105691056
Vavuniya,2017,7,145.12601626016257,0.7723577235772356
Vavuniya,2017,8,160.40243902439022,0.8536585365853657
Vavuniya,2017,9,183.31707317073167,0.9756097560975608
Vavuniya,2017,10,198.59349593495932,1.056910569105691
Vavuniya,2017,11,213.86991869918697,1.138211382113821
Vavuniya,2017,12,206.23170731707316,1.0975609756097562
Ampara,2018,1,187.8292682926829,1.024390243902439
Ampara,2018,2,177.39430894308938,0.9674796747967478
Ampara,2018,3,187.8292682926829,1.024390243902439
Ampara,2018,4,166.95934959349592,0.9105691056910568
Ampara,2018,5,156.52439024390245,0.8536585365853658
Ampara,2018,6,177.39430894308938,0.9674796747967478
Ampara,2018,7,198.2642276422764,1.0813008130081299
Ampara,2018,8,219.1341463414634,1.1951219512195121
Ampara,2018,9,250.43902439024387,1.3658536585365852
Ampara,2018,10,271.3089430894309,1.4796747967479673
Ampara,2018,11,292.17886178861784,1.5934959349593494
Ampara,2018,12,281.7439024390244,1.5365853658536586
Anuradhapura,2018,1,626.9268292682926,7.24390243902439
Anuradhapura,2018,2,592.0975609756097,6.841463414634145
Anuradhapura,2018,3,626.9268292682926,7.24390243902439
Anuradhapura,2018,4,557.2682926829268,6.439024390243902
Anuradhapura,2018,5,522.4390243902438,6.036585365853658
Anuradhapura,2018,6,592.0975609756097,6.841463414634145
Anuradhapura,2018,7,661.7560975609755,7.646341463414633
Anuradhapura,2018,8,731.4146341463414,8.451219512195122
Anuradhapura,2018,9,835.9024390243901,9.658536585365853
Anuradhapura,2018,10,905.560975609756,10.463414634146341
Anuradhapura,2018,11,975.2195121951218,11.268292682926827
Anuradhapura,2018,12,940.390243902439,10.865853658536585
Badulla,2018,1,828.7317073170731,10.024390243902438
Badulla,2018,2,782.6910569105689,9.467479674796746
Badulla,2018,3,828.7317073170731,10.024390243902438
Badulla,2018,4,736.650406504065,8.910569105691057
Badulla,2018,5,690.609756097561,8.353658536585366
Badulla,2018,6,782.6910569105689,9.467479674796746
Badulla,2018,7,874.7723577235771,10.581300813008129
Badulla,2018,8,966.8536585365853,11.69512195121951
Badulla,2018,9,1104.9756097560974,13.365853658536585
Badulla,2018,10,1197.0569105691056,14.479674796747966
Badulla,2018,11,1289.1382113821137,15.593495934959346
Badulla,2018,12,1243.0975609756097,15.036585365853659
Batticaloa,2018,1,541.3170731707316,1.3902439024390243
Batticaloa,2018,2,511.2439024390243,1.3130081300813006
Batticaloa,2018,3,541.3170731707316,1.3902439024390243
Batticaloa,2018,4,481.17073170731703,1.235772357723577
Batticaloa,2018,5,451.0975609756097,1.1585365853658536
Batticaloa,2018,6,511.2439024390243,1.3130081300813006
Batticaloa,2018,7,571.3902439024389,1.4674796747967478
Batticaloa,2018,8,631.5365853658536,1.621951219512195
Batticaloa,2018,9,721.7560975609755,1.8536585365853657
Batticaloa,2018,10,781.9024390243902,2.0081300813008127
Batticaloa,2018,11,842.0487804878047,2.1626016260162597
Batticaloa,2018,12,811.9756097560976,2.0853658536585367
Colombo,2018,1,1288.170731707317,19.46341463414634
Colombo,2018,2,1216.6056910569102,18.38211382113821
Colombo,2018,3,1288.170731707317,19.46341463414634
Colombo,2018,4,1145.040650406504,17.300813008130078
Colombo,2018,5,1073.4756097560976,16.21951219512195
Colombo,2018,6,1216.6056910569102,18.38211382113821
Colombo,2018,7,1359.7357723577234,20.54471544715447
Colombo,2018,8,1502.8658536585365,22.70731707317073
Colombo,2018,9,1717.5609756097558,25.95121951219512
Colombo,2018,10,1860.691056910569,28.11382113821138
Colombo,2018,11,2003.8211382113818,30.276422764227636
Colombo,2018,12,1932.2560975609756,29.195121951219512
Galle,2018,1,800.7073170731707,9.073170731707316
Galle,2018,2,756.2235772357723,8.569105691056908
Galle,2018,3,800.7073170731707,9.073170731707316
Galle,2018,4,711.7398373983739,8.065040650406504
Galle,2018,5,667.2560975609756,7.560975609756097
Galle,2018,6,756.2235772357723,8.569105691056908
Galle,2018,7,845.191056910569,9.577235772357723
Galle,2018,8,934.1585365853658,10.585365853658535
Galle,2018,9,1067.6097560975609,12.097560975609754
Galle,2018,10,1156.5772357723577,13.105691056910569
Galle,2018,11,1245.5447154471542,14.11382113821138
Galle,2018,12,1201.060975609756,13.609756097560975
Gampaha,2018,1,1467.5121951219512,9.951219512195122
Gampaha,2018,2,1385.9837398373982,9.398373983739836
Gampaha,2018,3,1467.5121951219512,9.951219512195122
Gampaha,2018,4,1304.4552845528453,8.845528455284551
Gampaha,2018,5,1222.9268292682927,8.292682926829269
Gampaha,2018,6,1385.9837398373982,9.398373983739836
Gampaha,2018,7,1549.0406504065038,10.504065040650405
Gampaha,2018,8,1712.0975609756097,11.609756097560975
Gampaha,2018,9,1956.6829268292681,13.268292682926829
Gampaha,2018,10,2119.7398373983738,14.373983739837398
Gampaha,2018,11,2282.7967479674794,15.479674796747965
Gampaha,2018,12,2201.268292682927,14.926829268292684
Hambantota,2018,1,971.2682926829268,4.609756097560975
Hambantota,2018,2,917.3089430894307,4.353658536585365
Hambantota,2018,3,971.2682926829268,4.609756097560975
Hambantota,2018,4,863.3495934959349,4.097560975609755
Hambantota,2018,5,809.390243902439,3.841463414634146
Hambantota,2018,6,917.3089430894307,4.353658536585365
Hambantota,2018,7,1025.2276422764226,4.865853658536585
Hambantota,2018,8,1133.1463414634145,5.378048780487805
Hambantota,2018,9,1295.0243902439022,6.146341463414633
Hambantota,2018,10,1402.9430894308941,6.658536585365853
Hambantota,2018,11,1510.8617886178858,7.1707317073170715
Hambantota,2018,12,1456.9024390243903,6.914634146341464
Jaffna,2018,1,729.0,3.512195121951219
Jaffna,2018,2,688.4999999999999,3.3170731707317067
Jaffna,2018,3,729.0,3.512195121951219
Jaffna,2018,4,647.9999999999999,3.121951219512195
Jaffna,2018,5,607.5,2.926829268292683
Jaffna,2018,6,688.4999999999999,3.3170731707317067
Jaffna,2018,7,769.4999999999999,3.7073170731707314
Jaffna,2018,8,850.4999999999999,4.097560975609756
Jaffna,2018,9,971.9999999999999,4.682926829268292
Jaffna,2018,10,1053.0,5.073170731707316
Jaffna,2018,11,1133.9999999999998,5.463414634146341
Jaffna,2018,12,1093.5,5.2682926829268295
Kalmunai,2018,1,604.9756097560975,1.5365853658536583
Kalmunai,2018,2,571.3658536585365,1.4512195121951217
Kalmunai,2018,3,604.9756097560975,1.5365853658536583
Kalmunai,2018,4,537.7560975609756,1.3658536585365852
Kalmunai,2018,5,504.1463414634146,1.2804878048780488
Kalmunai,2018,6,571.3658536585365,1.4512195121951217
Kalmunai,2018,7,638.5853658536585,1.621951219512195
Kalmunai,2018,8,705.8048780487804,1.792682926829268
Kalmunai,2018,9,806.6341463414633,2.0487804878048776
Kalmunai,2018,10,873.8536585365853,2.219512195121951
Kalmunai,2018,11,941.0731707317071,2.390243902439024
Kalmunai,2018,12,907.4634146341464,2.3048780487804876
Kalutara,2018,1,772.9024390243902,3.292682926829268
Kalutara,2018,2,729.9634146341463,3.1097560975609753
Kalutara,2018,3,772.9024390243902,3.292682926829268
Kalutara,2018,4,687.0243902439024,2.9268292682926824
Kalutara,2018,5,644.0853658536586,2.74390243902439
Kalutara,2018,6,729.9634146341463,3.1097560975609753
Kalutara,2018,7,815.8414634146341,3.4756097560975605
Kalutara,2018,8,901.7195121951219,3.841463414634146
Kalutara,2018,9,1030.5365853658536,4.390243902439024
Kalutara,2018,10,1116.4146341463413,4.7560975609756095
Kalutara,2018,11,1202.292682926829,5.121951219512194
Kalutara,2018,12,1159.3536585365853,4.939024390243903
Kandy,2018,1,1191.6585365853657,15.73170731707317
Kandy,2018,2,1125.4552845528453,14.85772357723577
Kandy,2018,3,1191.6585365853657,15.73170731707317
Kandy,2018,4,1059.2520325203252,13.983739837398373
Kandy,2018,5,993.0487804878048,13.109756097560975
Kandy,2018,6,1125.4552845528453,14.85772357723577
Kandy,2018,7,1257.861788617886,16.605691056910565
Kandy,2018,8,1390.2682926829268,18.353658536585364
Kandy,2018,9,1588.8780487804877,20.97560975609756
Kandy,2018,10,1721.2845528455284,22.723577235772357
Kandy,2018,11,1853.6910569105687,24.471544715447152
Kandy,2018,12,1787.4878048780488,23.597560975609756
Kegalle,2018,1,593.8536585365854,10.097560975609756
Kegalle,2018,2,560.8617886178861,9.536585365853657
Kegalle,2018,3,593.8536585365854,10.097560975609756
Kegalle,2018,4,527.8699186991869,8.97560975609756
Kegalle,2018,5,494.8780487804878,8.414634146341463
Kegalle,2018,6,560.8617886178861,9.536585365853657
Kegalle,2018,7,626.8455284552845,10.658536585365852
Kegalle,2018,8,692.8292682926829,11.780487804878048
Kegalle,2018,9,791.8048780487804,13.46341463414634
Kegalle,2018,10,857.7886178861788,14.585365853658535
Kegalle,2018,11,923.7723577235771,15.70731707317073
Kegalle,2018,12,890.780487804878,15.146341463414634
Kilinochchi,2018,1,125.99999999999999,0.2195121951219512
Kilinochchi,2018,2,118.99999999999997,0.20731707317073167
Kilinochchi,2018,3,125.99999999999999,0.2195121951219512
Kilinochchi,2018,4,111.99999999999999,0.19512195121951217
Kilinochchi,2018,5,105.0,0.18292682926829268
Kilinochchi,2018,6,118.99999999999997,0.20731707317073167
Kilinochchi,2018,7,132.99999999999997,0.23170731707317072
Kilinochchi,2018,8,147.0,0.25609756097560976
Kilinochchi,2018,9,167.99999999999997,0.2926829268292683
Kilinochchi,2018,10,182.0,0.31707317073170727
Kilinochchi,2018,11,195.99999999999997,0.3414634146341463
Kilinochchi,2018,12,189.0,0.32926829268292684
Kurunegala,2018,1,1148.6341463414633,10.97560975609756
Kurunegala,2018,2,1084.8211382113818,10.365853658536583
Kurunegala,2018,3,1148.6341463414633,10.97560975609756
Kurunegala,2018,4,1021.0081300813007,9.75609756097561
Kurunegala,2018,5,957.1951219512194,9.146341463414634
Kurunegala,2018,6,1084.8211382113818,10.365853658536583
Kurunegala,2018,7,1212.4471544715445,11.585365853658535
Kurunegala,2018,8,1340.0731707317073,12.804878048780486
Kurunegala,2018,9,1531.512195121951,14.634146341463413
Kurunegala,2018,10,1659.1382113821137,15.853658536585364
Kurunegala,2018,11,1786.7642276422762,17.073170731707314
Kurunegala,2018,12,1722.9512195121952,16.463414634146343
Mannar,2018,1,48.58536585365854,0.07317073170731707
Mannar,2018,2,45.88617886178861,0.06910569105691056
Mannar,2018,3,48.58536585365854,0.07317073170731707
Mannar,2018,4,43.18699186991869,0.06504065040650406
Mannar,2018,5,40.48780487804878,0.06097560975609756
Mannar,2018,6,45.88617886178861,0.06910569105691056
Mannar,2018,7,51.284552845528445,0.07723577235772357
Mannar,2018,8,56.68292682926829,0.08536585365853658
Mannar,2018,9,64.78048780487804,0.09756097560975609
Mannar,2018,10,70.17886178861788,0.1056910569105691
Mannar,2018,11,75.57723577235771,0.1138211382113821
Mannar,2018,12,72.8780487804878,0.10975609756097561
Matale,2018,1,441.1463414634146,5.48780487804878
Matale,2018,2,416.63821138211375,5.1829268292682915
Matale,2018,3,441.1463414634146,5.48780487804878
Matale,2018,4,392.13008130081295,4.878048780487805
Matale,2018,5,367.6219512195122,4.573170731707317
Matale,2018,6,416.63821138211375,5.1829268292682915
Matale,2018,7,465.65447154471536,5.792682926829268
Matale,2018,8,514.670731707317,6.402439024390243
Matale,2018,9,588.1951219512194,7.317073170731707
Matale,2018,10,637.2113821138211,7.926829268292682
Matale,2018,11,686.2276422764227,8.536585365853657
Matale,2018,12,661.719512195122,8.231707317073171
Matara,2018,1,540.0731707317073,3.6585365853658534
Matara,2018,2,510.0691056910568,3.455284552845528
Matara,2018,3,540.0731707317073,3.6585365853658534
Matara,2018,4,480.06504065040644,3.2520325203252027
Matara,2018,5,450.0609756097561,3.048780487804878
Matara,2018,6,510.0691056910568,3.455284552845528
Matara,2018,7,570.0772357723577,3.8617886178861784
Matara,2018,8,630.0853658536585,4.268292682926829
Matara,2018,9,720.0975609756097,4.878048780487805
Matara,2018,10,780.1056910569105,5.284552845528455
Matara,2018,11,840.1138211382113,5.691056910569105
Matara,2018,12,810.109756097561,5.487804878048781
Monaragala,2018,1,500.04878048780483,3.0731707317073167
Monaragala,2018,2,472.26829268292676,2.9024390243902434
Monaragala,2018,3,500.04878048780483,3.0731707317073167
Monaragala,2018,4,444.48780487804873,2.7317073170731705
Monaragala,2018,5,416.7073170731707,2.5609756097560976
Monaragala,2018,6,472.26829268292676,2.9024390243902434
Monaragala,2018,7,527.8292682926829,3.24390243902439
Monaragala,2018,8,583.390243902439,3.585365853658536
Monaragala,2018,9,666.7317073170731,4.097560975609755
Monaragala,2018,10,722.2926829268292,4.439024390243902
Monaragala,2018,11,777.8536585365853,4.780487804878048
Monaragala,2018,12,750.0731707317074,4.609756097560975
Mullaitivu,2018,1,106.39024390243902,0.07317073170731707
Mullaitivu,2018,2,100.47967479674794,0.06910569105691056
Mullaitivu,2018,3,106.39024390243902,0.07317073170731707
Mullaitivu,2018,4,94.5691056910569,0.06504065040650406
Mullaitivu,2018,5,88.65853658536585,0.06097560975609756
Mullaitivu,2018,6,100.47967479674794,0.06910569105691056
Mullaitivu,2018,7,112.30081300813006,0.07723577235772357
Mullaitivu,2018,8,124.12195121951218,0.08536585365853658
Mullaitivu,2018,9,141.85365853658536,0.09756097560975609
Mullaitivu,2018,10,153.67479674796746,0.1056910569105691
Mullaitivu,2018,11,165.49593495934957,0.1138211382113821
Mullaitivu,2018,12,159.58536585365854,0.10975609756097561
Nuwara Eliya,2018,1,504.36585365853654,4.024390243902439
Nuwara Eliya,2018,2,476.34552845528447,3.8008130081300804
Nuwara Eliya,2018,3,504.36585365853654,4.024390243902439
Nuwara Eliya,2018,4,448.32520325203245,3.577235772357723
Nuwara Eliya,2018,5,420.3048780487805,3.3536585365853657
Nuwara Eliya,2018,6,476.34552845528447,3.8008130081300804
Nuwara Eliya,2018,7,532.3861788617885,4.247967479674796
Nuwara Eliya,2018,8,588.4268292682926,4.6951219512195115
Nuwara Eliya,2018,9,672.4878048780487,5.365853658536585
Nuwara Eliya,2018,10,728.5284552845528,5.8130081300813
Nuwara Eliya,2018,11,784.5691056910567,6.260162601626015
Nuwara Eliya,2018,12,756.5487804878048,6.036585365853658
Polonnaruwa,2018,1,296.8536585365853,3.146341463414634
Polonnaruwa,2018,2,280.36178861788613,2.9715447154471537
Polonnaruwa,2018,3,296.8536585365853,3.146341463414634
Polonnaruwa,2018,4,263.86991869918694,2.7967479674796745
Polonnaruwa,2018,5,247.3780487804878,2.6219512195121952
Polonnaruwa,2018,6,280.36178861788613,2.9715447154471537
Polonnaruwa,2018,7,313.3455284552845,3.3211382113821135
Polonnaruwa,2018,8,346.3292682926829,3.670731707317073
Polonnaruwa,2018,9,395.80487804878044,4.1951219512195115
Polonnaruwa,2018,10,428.7886178861788,4.544715447154471
Polonnaruwa,2018,11,461.77235772357716,4.89430894308943
Polonnaruwa,2018,12,445.2804878048781,4.719512195121951
Puttalam,2018,1,295.9024390243902,1.4634146341463414
Puttalam,2018,2,279.4634146341463,1.3821138211382111
Puttalam,2018,3,295.9024390243902,1.4634146341463414
Puttalam,2018,4,263.0243902439024,1.3008130081300813
Puttalam,2018,5,246.58536585365854,1.2195121951219512
Puttalam,2018,6,279.4634146341463,1.3821138211382111
Puttalam,2018,7,312.3414634146341,1.5447154471544713
Puttalam,2018,8,345.2195121951219,1.7073170731707314
Puttalam,2018,9,394.5365853658536,1.9512195121951217
Puttalam,2018,10,427.4146341463414,2.113821138211382
Puttalam,2018,11,460.2926829268292,2.276422764227642
Puttalam,2018,12,443.8536585365854,2.1951219512195124
Ratnapura,2018,1,1623.731707317073,5.48780487804878
Ratnapura,2018,2,1533.5243902439022,5.1829268292682915
Ratnapura,2018,3,1623.731707317073,5.48780487804878
Ratnapura,2018,4,1443.3170731707316,4.878048780487805
Ratnapura,2018,5,1353.1097560975609,4.573170731707317
Ratnapura,2018,6,1533.5243902439022,5.1829268292682915
Ratnapura,2018,7,1713.9390243902437,5.792682926829268
Ratnapura,2018,8,1894.3536585365853,6.402439024390243
Ratnapura,2018,9,2164.975609756097,7.317073170731707
Ratnapura,2018,10,2345.3902439024387,7.926829268292682
Ratnapura,2018,11,2525.80487804878,8.536585365853657
Ratnapura,2018,12,2435.5975609756097,8.231707317073171
Trincomalee,2018,1,362.2682926829268,1.097560975609756
Trincomalee,2018,2,342.14227642276416,1.0365853658536583
Trincomalee,2018,3,362.2682926829268,1.097560975609756
Trincomalee,2018,4,322.0162601626016,0.9756097560975608
Trincomalee,2018,5,301.890243902439,0.9146341463414633
Trincomalee,2018,6,342.14227642276416,1.0365853658536583
Trincomalee,2018,7,382.39430894308936,1.1585365853658536
Trincomalee,2018,8,422.6463414634146,1.2804878048780486
Trincomalee,2018,9,483.02439024390236,1.4634146341463412
Trincomalee,2018,10,523.2764227642276,1.5853658536585364
Trincomalee,2018,11,563.5284552845527,1.7073170731707314
Trincomalee,2018,12,543.4024390243902,1.646341463414634
Vavuniya,2018,1,117.14634146341463,1.2439024390243902
Vavuniya,2018,2,110.6382113821138,1.1747967479674795
Vavuniya,2018,3,117.14634146341463,1.2439024390243902
Vavuniya,2018,4,104.130081300813,1.105691056910569
Vavuniya,2018,5,97.6219512195122,1.0365853658536586
Vavuniya,2018,6,110.6382113821138,1.1747967479674795
Vavuniya,2018,7,123.65447154471543,1.3130081300813006
Vavuniya,2018,8,136.67073170731706,1.451219512195122
Vavuniya,2018,9,156.1951219512195,1.6585365853658536
Vavuniya,2018,10,169.21138211382112,1.7967479674796747
Vavuniya,2018,11,182.22764227642273,1.9349593495934956
Vavuniya,2018,12,175.71951219512195,1.8658536585365855
Ampara,2019,1,195.80487804878047,0.6585365853658536
Ampara,2019,2,184.92682926829264,0.621951219512195
Ampara,2019,3,195.80487804878047,0.6585365853658536
Ampara,2019,4,174.04878048780486,0.5853658536585366
Ampara,2019,5,163.17073170731706,0.5487804878048781
Ampara,2019,6,184.92682926829264,0.621951219512195
Ampara,2019,7,206.68292682926827,0.6951219512195121
Ampara,2019,8,228.43902439024387,0.7682926829268292
Ampara,2019,9,261.0731707317073,0.8780487804878048
Ampara,2019,10,282.8292682926829,0.9512195121951219
Ampara,2019,11,304.58536585365846,1.0243902439024388
Ampara,2019,12,293.7073170731707,0.9878048780487805
Anuradhapura,2019,1,654.2926829268292,6.512195121951219
Anuradhapura,2019,2,617.9430894308942,6.15040650406504
Anuradhapura,2019,3,654.2926829268292,6.512195121951219
Anuradhapura,2019,4,581.5934959349593,5.788617886178861
Anuradhapura,2019,5,545.2439024390244,5.426829268292683
Anuradhapura,2019,6,617.9430894308942,6.15040650406504
Anuradhapura,2019,7,690.6422764227641,6.8739837398373975
Anuradhapura,2019,8,763.3414634146341,7.597560975609755
Anuradhapura,2019,9,872.3902439024389,8.682926829268292
Anuradhapura,2019,10,945.0894308943089,9.40650406504065
Anuradhapura,2019,11,1017.7886178861787,10.130081300813007
Anuradhapura,2019,12,981.439024390244,9.768292682926829
Badulla,2019,1,919.4634146341463,9.512195121951219
Badulla,2019,2,868.3821138211381,8.983739837398373
Badulla,2019,3,919.4634146341463,9.512195121951219
Badulla,2019,4,817.30081300813,8.455284552845528
Badulla,2019,5,766.219512195122,7.926829268292683
Badulla,2019,6,868.3821138211381,8.983739837398373
Badulla,2019,7,970.5447154471543,10.040650406504064
Badulla,2019,8,1072.7073170731705,11.097560975609754
Badulla,2019,9,1225.951219512195,12.682926829268292
Badulla,2019,10,1328.1138211382113,13.739837398373982
Badulla,2019,11,1430.2764227642274,14.796747967479673
Badulla,2019,12,1379.1951219512196,14.268292682926829
Batticaloa,2019,1,515.0487804878048,2.048780487804878
Batticaloa,2019,2,486.4349593495934,1.9349593495934956
Batticaloa,2019,3,515.0487804878048,2.048780487804878
Batticaloa,2019,4,457.82113821138205,1.8211382113821135
Batticaloa,2019,5,429.2073170731707,1.7073170731707317
Batticaloa,2019,6,486.4349593495934,1.9349593495934956
Batticaloa,2019,7,543.6626016260162,2.1626016260162597
Batticaloa,2019,8,600.890243902439,2.3902439024390243
Batticaloa,2019,9,686.7317073170731,2.7317073170731705
Batticaloa,2019,10,743.9593495934959,2.9593495934959346
Batticaloa,2019,11,801.1869918699185,3.1869918699186988
Batticaloa,2019,12,772.5731707317074,3.073170731707317
Colombo,2019,1,1286.9268292682925,17.634146341463413
Colombo,2019,2,1215.430894308943,16.654471544715445
Colombo,2019,3,1286.9268292682925,17.634146341463413
Colombo,2019,4,1143.9349593495933,15.674796747967479
Colombo,2019,5,1072.439024390244,14.695121951219512
Colombo,2019,6,1215.430894308943,16.654471544715445
Colombo,2019,7,1358.4227642276421,18.613821138211378
Colombo,2019,8,1501.4146341463413,20.573170731707314
Colombo,2019,9,1715.90243902439,23.512195121951216
Colombo,2019,10,1858.8943089430893,25.471544715447152
Colombo,2019,11,2001.8861788617883,27.430894308943085
Colombo,2019,12,1930.3902439024391,26.451219512195124
Galle,2019,1,760.2439024390244,11.414634146341463
Galle,2019,2,718.0081300813007,10.780487804878046
Galle,2019,3,760.2439024390244,11.414634146341463
Galle,2019,4,675.7723577235772,10.146341463414632
Galle,2019,5,633.5365853658536,9.512195121951219
Galle,2019,6,718.0081300813007,10.780487804878046
Galle,2019,7,802.4796747967479,12.048780487804876
Galle,2019,8,886.951219512195,13.317073170731707
Galle,2019,9,1013.6585365853657,15.219512195121949
Galle,2019,10,1098.130081300813,16.48780487804878
Galle,2019,11,1182.60162601626,17.756097560975608
Galle,2019,12,1140.3658536585365,17.121951219512194
Gampaha,2019,1,1465.0243902439024,9.0
Gampaha,2019,2,1383.634146341463,8.499999999999998
Gampaha,2019,3,1465.0243902439024,9.0
Gampaha,2019,4,1302.2439024390242,7.999999999999999
Gampaha,2019,5,1220.8536585365853,7.5
Gampaha,2019,6,1383.634146341463,8.499999999999998
Gampaha,2019,7,1546.4146341463413,9.499999999999998
Gampaha,2019,8,1709.1951219512193,10.499999999999998
Gampaha,2019,9,1953.3658536585365,11.999999999999998
Gampaha,2019,10,2116.1463414634145,12.999999999999998
Gampaha,2019,11,2278.9268292682923,13.999999999999998
Gampaha,2019,12,2197.5365853658536,13.5
Hambantota,2019,1,866.1219512195122,4.390243902439024
Hambantota,2019,2,818.0040650406503,4.146341463414633
Hambantota,2019,3,866.1219512195122,4.390243902439024
Hambantota,2019,4,769.8861788617885,3.9024390243902434
Hambantota,2019,5,721.7682926829268,3.6585365853658534
Hambantota,2019,6,818.0040650406503,4.146341463414633
Hambantota,2019,7,914.2398373983739,4.634146341463414
Hambantota,2019,8,1010.4756097560975,5.121951219512194
Hambantota,2019,9,1154.8292682926829,5.853658536585365
Hambantota,2019,10,1251.0650406504064,6.341463414634146
Hambantota,2019,11,1347.3008130081298,6.829268292682926
Hambantota,2019,12,1299.1829268292684,6.585365853658536
Jaffna,2019,1,717.0731707317073,2.926829268292683
Jaffna,2019,2,677.2357723577235,2.7642276422764223
Jaffna,2019,3,717.0731707317073,2.926829268292683
Jaffna,2019,4,637.3983739837398,2.6016260162601625
Jaffna,2019,5,597.560975609756,2.4390243902439024
Jaffna,2019,6,677.2357723577235,2.7642276422764223
Jaffna,2019,7,756.9105691056909,3.0894308943089426
Jaffna,2019,8,836.5853658536585,3.414634146341463
Jaffna,2019,9,956.0975609756097,3.9024390243902434
Jaffna,2019,10,1035.7723577235772,4.227642276422764
Jaffna,2019,11,1115.4471544715445,4.552845528455284
Jaffna,2019,12,1075.6097560975609,4.390243902439025
Kalmunai,2019,1,752.780487804878,1.170731707317073
Kalmunai,2019,2,710.9593495934959,1.105691056910569
Kalmunai,2019,3,752.780487804878,1.170731707317073
Kalmunai,2019,4,669.1382113821137,1.040650406504065
Kalmunai,2019,5,627.3170731707316,0.975609756097561
Kalmunai,2019,6,710.9593495934959,1.105691056910569
Kalmunai,2019,7,794.6016260162601,1.235772357723577
Kalmunai,2019,8,878.2439024390243,1.3658536585365852
Kalmunai,2019,9,1003.7073170731707,1.5609756097560974
Kalmunai,2019,10,1087.3495934959349,1.6910569105691056
Kalmunai,2019,11,1170.991869918699,1.8211382113821135
Kalmunai,2019,12,1129.1707317073171,1.7560975609756098
Kalutara,2019,1,761.8536585365853,3.585365853658536
Kalutara,2019,2,719.5284552845527,3.3861788617886175
Kalutara,2019,3,761.8536585365853,3.585365853658536
Kalutara,2019,4,677.2032520325203,3.1869918699186988
Kalutara,2019,5,634.8780487804878,2.9878048780487805
Kalutara,2019,6,719.5284552845527,3.3861788617886175
Kalutara,2019,7,804.1788617886178,3.784552845528455
Kalutara,2019,8,888.8292682926829,4.182926829268292
Kalutara,2019,9,1015.8048780487803,4.780487804878049
Kalutara,2019,10,1100.4552845528453,5.178861788617886
Kalutara,2019,11,1185.1056910569105,5.577235772357723
Kalutara,2019,12,1142.780487804878,5.378048780487805
Kandy,2019,1,1189.170731707317,15.21951219512195
Kandy,2019,2,1123.1056910569105,14.373983739837396
Kandy,2019,3,1189.170731707317,15.21951219512195
Kandy,2019,4,1057.040650406504,13.528455284552845
Kandy,2019,5,990.9756097560976,12.682926829268293
Kandy,2019,6,1123.1056910569105,14.373983739837396
Kandy,2019,7,1255.2357723577234,16.0650406504065
Kandy,2019,8,1387.3658536585365,17.756097560975608
Kandy,2019,9,1585.5609756097558,20.292682926829265
Kandy,2019,10,1717.691056910569,21.98373983739837
Kandy,2019,11,1849.8211382113818,23.674796747967477
Kandy,2019,12,1783.7560975609756,22.829268292682926
Kegalle,2019,1,639.5121951219512,8.414634146341463
Kegalle,2019,2,603.9837398373983,7.947154471544714
Kegalle,2019,3,639.5121951219512,8.414634146341463
Kegalle,2019,4,568.4552845528455,7.479674796747966
Kegalle,2019,5,532.9268292682926,7.012195121951219
Kegalle,2019,6,603.9837398373983,7.947154471544714
Kegalle,2019,7,675.040650406504,8.88211382113821
Kegalle,2019,8,746.0975609756097,9.817073170731707
Kegalle,2019,9,852.6829268292682,11.21951219512195
Kegalle,2019,10,923.7398373983739,12.154471544715447
Kegalle,2019,11,994.7967479674795,13.089430894308942
Kegalle,2019,12,959.2682926829268,12.621951219512194
Kilinochchi,2019,1,139.6829268292683,0.2926829268292683
Kilinochchi,2019,2,131.92276422764226,0.2764227642276422
Kilinochchi,2019,3,139.6829268292683,0.2926829268292683
Kilinochchi,2019,4,124.16260162601624,0.26016260162601623
Kilinochchi,2019,5,116.40243902439025,0.24390243902439024
Kilinochchi,2019,6,131.92276422764226,0.2764227642276422
Kilinochchi,2019,7,147.4430894308943,0.30894308943089427
Kilinochchi,2019,8,162.96341463414632,0.3414634146341463
Kilinochchi,2019,9,186.24390243902437,0.39024390243902435
Kilinochchi,2019,10,201.7642276422764,0.4227642276422764
Kilinochchi,2019,11,217.28455284552842,0.4552845528455284
Kilinochchi,2019,12,209.52439024390245,0.43902439024390244
Kurunegala,2019,1,1224.0731707317073,12.585365853658535
Kurunegala,2019,2,1156.0691056910566,11.886178861788615
Kurunegala,2019,3,1224.0731707317073,12.585365853658535
Kurunegala,2019,4,1088.0650406504064,11.186991869918698
Kurunegala,2019,5,1020.060975609756,10.487804878048781
Kurunegala,2019,6,1156.0691056910566,11.886178861788615
Kurunegala,2019,7,1292.0772357723577,13.284552845528454
Kurunegala,2019,8,1428.0853658536585,14.682926829268292
Kurunegala,2019,9,1632.0975609756097,16.780487804878046
Kurunegala,2019,10,1768.1056910569105,18.178861788617883
Kurunegala,2019,11,1904.113821138211,19.57723577235772
Kurunegala,2019,12,1836.1097560975609,18.878048780487806
Mannar,2019,1,74.48780487804878,0.0
Mannar,2019,2,70.34959349593494,0.0
Mannar,2019,3,74.48780487804878,0.0
Mannar,2019,4,66.21138211382113,0.0
Mannar,2019,5,62.073170731707314,0.0
Mannar,2019,6,70.34959349593494,0.0
Mannar,2019,7,78.62601626016259,0.0
Mannar,2019,8,86.90243902439023,0.0
Mannar,2019,9,99.3170731707317,0.0
Mannar,2019,10,107.59349593495934,0.0
Mannar,2019,11,115.86991869918697,0.0
Mannar,2019,12,111.73170731707317,0.0
Matale,2019,1,486.29268292682923,9.073170731707316
Matale,2019,2,459.27642276422756,8.569105691056908
Matale,2019,3,486.29268292682923,9.073170731707316
Matale,2019,4,432.26016260162595,8.065040650406504
Matale,2019,5,405.2439024390244,7.560975609756097
Matale,2019,6,459.27642276422756,8.569105691056908
Matale,2019,7,513.3089430894308,9.577235772357723
Matale,2019,8,567.3414634146341,10.585365853658535
Matale,2019,9,648.390243902439,12.097560975609754
Matale,2019,10,702.4227642276422,13.105691056910569
Matale,2019,11,756.4552845528455,14.11382113821138
Matale,2019,12,729.439024390244,13.609756097560975
Matara,2019,1,550.6829268292682,2.7804878048780486
Matara,2019,2,520.0894308943089,2.626016260162601
Matara,2019,3,550.6829268292682,2.7804878048780486
Matara,2019,4,489.49593495934954,2.471544715447154
Matara,2019,5,458.9024390243902,2.317073170731707
Matara,2019,6,520.0894308943089,2.626016260162601
Matara,2019,7,581.2764227642276,2.9349593495934956
Matara,2019,8,642.4634146341463,3.24390243902439
Matara,2019,9,734.2439024390243,3.7073170731707314
Matara,2019,10,795.430894308943,4.016260162601625
Matara,2019,11,856.6178861788617,4.325203252032519
Matara,2019,12,826.0243902439024,4.170731707317073
Monaragala,2019,1,423.6585365853658,3.146341463414634
Monaragala,2019,2,400.12195121951214,2.9715447154471537
Monaragala,2019,3,423.6585365853658,3.146341463414634
Monaragala,2019,4,376.5853658536585,2.7967479674796745
Monaragala,2019,5,353.0487804878049,2.6219512195121952
Monaragala,2019,6,400.12195121951214,2.9715447154471537
Monaragala,2019,7,447.19512195121945,3.3211382113821135
Monaragala,2019,8,494.2682926829268,3.670731707317073
Monaragala,2019,9,564.8780487804877,4.1951219512195115
Monaragala,2019,10,611.951219512195,4.544715447154471
Monaragala,2019,11,659.0243902439023,4.89430894308943
Monaragala,2019,12,635.4878048780488,4.719512195121951
Mullaitivu,2019,1,108.21951219512195,0.2926829268292683
Mullaitivu,2019,2,102.20731707317071,0.2764227642276422
Mullaitivu,2019,3,108.21951219512195,0.2926829268292683
Mullaitivu,2019,4,96.1951219512195,0.26016260162601623
Mullaitivu,2019,5,90.1829268292683,0.24390243902439024
Mullaitivu,2019,6,102.20731707317071,0.2764227642276422
Mullaitivu,2019,7,114.23170731707316,0.30894308943089427
Mullaitivu,2019,8,126.2560975609756,0.3414634146341463
Mullaitivu,2019,9,144.29268292682926,0.39024390243902435
Mullaitivu,2019,10,156.3170731707317,0.4227642276422764
Mullaitivu,2019,11,168.34146341463412,0.4552845528455284
Mullaitivu,2019,12,162.32926829268294,0.43902439024390244
Nuwara Eliya,2019,1,464.3414634146341,4.24390243902439
Nuwara Eliya,2019,2,438.5447154471544,4.008130081300813
Nuwara Eliya,2019,3,464.3414634146341,4.24390243902439
Nuwara Eliya,2019,4,412.74796747967474,3.7723577235772354
Nuwara Eliya,2019,5,386.9512195121951,3.5365853658536586
Nuwara Eliya,2019,6,438.5447154471544,4.008130081300813
Nuwara Eliya,2019,7,490.13821138211375,4.479674796747967
Nuwara Eliya,2019,8,541.7317073170731,4.951219512195122
Nuwara Eliya,2019,9,619.1219512195121,5.658536585365853
Nuwara Eliya,2019,10,670.7154471544715,6.130081300813008
Nuwara Eliya,2019,11,722.3089430894307,6.601626016260162
Nuwara Eliya,2019,12,696.5121951219512,6.365853658536586
Polonnaruwa,2019,1,329.04878048780483,3.585365853658536
Polonnaruwa,2019,2,310.76829268292676,3.3861788617886175
Polonnaruwa,2019,3,329.04878048780483,3.585365853658536
Polonnaruwa,2019,4,292.48780487804873,3.1869918699186988
Polonnaruwa,2019,5,274.2073170731707,2.9878048780487805
Polonnaruwa,2019,6,310.76829268292676,3.3861788617886175
Polonnaruwa,2019,7,347.32926829268285,3.784552845528455
Polonnaruwa,2019,8,383.890243902439,4.182926829268292
Polonnaruwa,2019,9,438.73170731707313,4.780487804878049
Polonnaruwa,2019,10,475.29268292682923,5.178861788617886
Polonnaruwa,2019,11,511.85365853658527,5.577235772357723
Polonnaruwa,2019,12,493.5731707317073,5.378048780487805
Puttalam,2019,1,361.0975609756097,2.6341463414634143
Puttalam,2019,2,341.03658536585357,2.48780487804878
Puttalam,2019,3,361.0975609756097,2.6341463414634143
Puttalam,2019,4,320.9756097560975,2.341463414634146
Puttalam,2019,5,300.9146341463415,2.1951219512195124
Puttalam,2019,6,341.03658536585357,2.48780487804878
Puttalam,2019,7,381.1585365853658,2.7804878048780486
Puttalam,2019,8,421.280487804878,3.0731707317073167
Puttalam,2019,9,481.4634146341463,3.512195121951219
Puttalam,2019,10,521.5853658536585,3.8048780487804876
Puttalam,2019,11,561.7073170731707,4.097560975609755
Puttalam,2019,12,541.6463414634146,3.951219512195122
Ratnapura,2019,1,908.3414634146341,3.585365853658536
Ratnapura,2019,2,857.8780487804877,3.3861788617886175
Ratnapura,2019,3,908.3414634146341,3.585365853658536
Ratnapura,2019,4,807.4146341463414,3.1869918699186988
Ratnapura,2019,5,756.951219512195,2.9878048780487805
Ratnapura,2019,6,857.8780487804877,3.3861788617886175
Ratnapura,2019,7,958.8048780487803,3.784552845528455
Ratnapura,2019,8,1059.7317073170732,4.182926829268292
Ratnapura,2019,9,1211.121951219512,4.780487804878049
Ratnapura,2019,10,1312.0487804878048,5.178861788617886
Ratnapura,2019,11,1412.9756097560974,5.577235772357723
Ratnapura,2019,12,1362.5121951219512,5.378048780487805
Trincomalee,2019,1,400.8292682926829,1.3170731707317072
Trincomalee,2019,2,378.56097560975604,1.24390243902439
Trincomalee,2019,3,400.8292682926829,1.3170731707317072
Trincomalee,2019,4,356.29268292682923,1.170731707317073
Trincomalee,2019,5,334.0243902439024,1.0975609756097562
Trincomalee,2019,6,378.56097560975604,1.24390243902439
Trincomalee,2019,7,423.0975609756097,1.3902439024390243
Trincomalee,2019,8,467.63414634146335,1.5365853658536583
Trincomalee,2019,9,534.4390243902438,1.7560975609756095
Trincomalee,2019,10,578.9756097560975,1.9024390243902438
Trincomalee,2019,11,623.5121951219511,2.0487804878048776
Trincomalee,2019,12,601.2439024390244,1.975609756097561
Vavuniya,2019,1,118.60975609756098,1.170731707317073
Vavuniya,2019,2,112.02032520325201,1.105691056910569
Vavuniya,2019,3,118.60975609756098,1.170731707317073
Vavuniya,2019,4,105.43089430894308,1.040650406504065
Vavuniya,2019,5,98.84146341463415,0.975609756097561
Vavuniya,2019,6,112.02032520325201,1.105691056910569
Vavuniya,2019,7,125.19918699186991,1.235772357723577
Vavuniya,2019,8,138.3780487804878,1.3658536585365852
Vavuniya,2019,9,158.14634146341461,1.5609756097560974
Vavuniya,2019,10,171.3252032520325,1.6910569105691056
Vavuniya,2019,11,184.50406504065037,1.8211382113821135
Vavuniya,2019,12,177.91463414634146,1.7560975609756098
Ampara,2020,1,129.14634146341461,0.6585365853658536
Ampara,2020,2,121.97154471544714,0.621951219512195
Ampara,2020,3,129.14634146341461,0.6585365853658536
Ampara,2020,4,114.79674796747966,0.5853658536585366
Ampara,2020,5,107.6219512195122,0.5487804878048781
Ampara,2020,6,121.97154471544714,0.621951219512195
Ampara,2020,7,136.3211382113821,0.6951219512195121
Ampara,2020,8,150.67073170731706,0.7682926829268292
Ampara,2020,9,172.1951219512195,0.8780487804878048
Ampara,2020,10,186.54471544715446,0.9512195121951219
Ampara,2020,11,200.89430894308938,1.0243902439024388
Ampara,2020,12,193.71951219512195,0.9878048780487805
Anuradhapura,2020,1,381.5853658536585,3.0731707317073167
Anuradhapura,2020,2,360.38617886178855,2.9024390243902434
Anuradhapura,2020,3,381.5853658536585,3.0731707317073167
Anuradhapura,2020,4,339.18699186991864,2.7317073170731705
Anuradhapura,2020,5,317.9878048780488,2.5609756097560976
Anuradhapura,2020,6,360.38617886178855,2.9024390243902434
Anuradhapura,2020,7,402.7845528455284,3.24390243902439
Anuradhapura,2020,8,445.18292682926824,3.585365853658536
Anuradhapura,2020,9,508.780487804878,4.097560975609755
Anuradhapura,2020,10,551.1788617886178,4.439024390243902
Anuradhapura,2020,11,593.5772357723577,4.780487804878048
Anuradhapura,2020,12,572.3780487804878,4.609756097560975
Badulla,2020,1,511.8292682926829,4.829268292682927
Badulla,2020,2,483.39430894308936,4.560975609756097
Badulla,2020,3,511.8292682926829,4.829268292682927
Badulla,2020,4,454.95934959349586,4.292682926829268
Badulla,2020,5,426.5243902439024,4.024390243902439
Badulla,2020,6,483.39430894308936,4.560975609756097
Badulla,2020,7,540.2642276422763,5.097560975609755
Badulla,2020,8,597.1341463414634,5.634146341463414
Badulla,2020,9,682.4390243902438,6.439024390243902
Badulla,2020,10,739.3089430894308,6.97560975609756
Badulla,2020,11,796.1788617886177,7.512195121951218
Badulla,2020,12,767.7439024390244,7.2439024390243905
Batticaloa,2020,1,308.1219512195122,0.36585365853658536
Batticaloa,2020,2,291.00406504065035,0.3455284552845528
Batticaloa,2020,3,308.1219512195122,0.36585365853658536
Batticaloa,2020,4,273.8861788617886,0.3252032520325203
Batticaloa,2020,5,256.7682926829268,0.3048780487804878
Batticaloa,2020,6,291.00406504065035,0.3455284552845528
Batticaloa,2020,7,325.23983739837394,0.3861788617886178
Batticaloa,2020,8,359.4756097560975,0.42682926829268286
Batticaloa,2020,9,410.82926829268285,0.4878048780487804
Batticaloa,2020,10,445.06504065040644,0.5284552845528455
Batticaloa,2020,11,479.30081300813,0.5691056910569104
Batticaloa,2020,12,462.1829268292683,0.5487804878048781
Colombo,2020,1,626.4146341463414,6.292682926829268
Colombo,2020,2,591.6138211382113,5.943089430894307
Colombo,2020,3,626.4146341463414,6.292682926829268
Colombo,2020,4,556.8130081300812,5.593495934959349
Colombo,2020,5,522.0121951219512,5.2439024390243905
Colombo,2020,6,591.6138211382113,5.943089430894307
Colombo,2020,7,661.2154471544715,6.642276422764227
Colombo,2020,8,730.8170731707316,7.341463414634146
Colombo,2020,9,835.2195121951219,8.390243902439023
Colombo,2020,10,904.821138211382,9.089430894308942
Colombo,2020,11,974.4227642276421,9.78861788617886
Colombo,2020,12,939.6219512195122,9.439024390243903
Galle,2020,1,467.04878048780483,6.0
Galle,2020,2,441.10162601626007,5.666666666666666
Galle,2020,3,467.04878048780483,6.0
Galle,2020,4,415.1544715447154,5.333333333333333
Galle,2020,5,389.2073170731707,5.0
Galle,2020,6,441.10162601626007,5.666666666666666
Galle,2020,7,492.99593495934954,6.333333333333332
Galle,2020,8,544.890243902439,6.999999999999999
Galle,2020,9,622.7317073170731,7.999999999999999
Galle,2020,10,674.6260162601626,8.666666666666666
Galle,2020,11,726.5203252032519,9.333333333333332
Galle,2020,12,700.5731707317074,9.0
Gampaha,2020,1,677.4878048780488,4.829268292682927
Gampaha,2020,2,639.8495934959349,4.560975609756097
Gampaha,2020,3,677.4878048780488,4.829268292682927
Gampaha,2020,4,602.2113821138211,4.292682926829268
Gampaha,2020,5,564.5731707317073,4.024390243902439
Gampaha,2020,6,639.8495934959349,4.560975609756097
Gampaha,2020,7,715.1260162601625,5.097560975609755
Gampaha,2020,8,790.4024390243902,5.634146341463414
Gampaha,2020,9,903.3170731707316,6.439024390243902
Gampaha,2020,10,978.5934959349593,6.97560975609756
Gampaha,2020,11,1053.8699186991869,7.512195121951218
Gampaha,2020,12,1016.2317073170732,7.2439024390243905
Hambantota,2020,1,484.5365853658536,2.048780487804878
Hambantota,2020,2,457.6178861788617,1.9349593495934956
Hambantota,2020,3,484.5365853658536,2.048780487804878
Hambantota,2020,4,430.69918699186985,1.8211382113821135
Hambantota,2020,5,403.780487804878,1.7073170731707317
Hambantota,2020,6,457.6178861788617,1.9349593495934956
Hambantota,2020,7,511.45528455284546,2.1626016260162597
Hambantota,2020,8,565.2926829268292,2.3902439024390243
Hambantota,2020,9,646.0487804878048,2.7317073170731705
Hambantota,2020,10,699.8861788617886,2.9593495934959346
Hambantota,2020,11,753.7235772357723,3.1869918699186988
Hambantota,2020,12,726.8048780487804,3.073170731707317
Jaffna,2020,1,416.1951219512195,1.975609756097561
Jaffna,2020,2,393.07317073170725,1.865853658536585
Jaffna,2020,3,416.1951219512195,1.975609756097561
Jaffna,2020,4,369.9512195121951,1.7560975609756095
Jaffna,2020,5,346.8292682926829,1.646341463414634
Jaffna,2020,6,393.07317073170725,1.865853658536585
Jaffna,2020,7,439.31707317073165,2.085365853658536
Jaffna,2020,8,485.56097560975604,2.3048780487804876
Jaffna,2020,9,554.9268292682926,2.6341463414634143
Jaffna,2020,10,601.170731707317,2.8536585365853657
Jaffna,2020,11,647.4146341463413,3.0731707317073167
Jaffna,2020,12,624.2926829268292,2.9634146341463414
Kalmunai,2020,1,369.5853658536585,0.8048780487804877
Kalmunai,2020,2,349.05284552845524,0.7601626016260161
Kalmunai,2020,3,369.5853658536585,0.8048780487804877
Kalmunai,2020,4,328.520325203252,0.7154471544715446
Kalmunai,2020,5,307.9878048780488,0.6707317073170731
Kalmunai,2020,6,349.05284552845524,0.7601626016260161
Kalmunai,2020,7,390.11788617886174,0.8495934959349593
Kalmunai,2020,8,431.18292682926824,0.9390243902439024
Kalmunai,2020,9,492.780487804878,1.073170731707317
Kalmunai,2020,10,533.8455284552845,1.1626016260162602
Kalmunai,2020,11,574.9105691056909,1.252032520325203
Kalmunai,2020,12,554.3780487804878,1.2073170731707317
Kalutara,2020,1,429.36585365853654,1.975609756097561
Kalutara,2020,2,405.51219512195115,1.865853658536585
Kalutara,2020,3,429.36585365853654,1.975609756097561
Kalutara,2020,4,381.6585365853658,1.7560975609756095
Kalutara,2020,5,357.8048780487805,1.646341463414634
Kalutara,2020,6,405.51219512195115,1.865853658536585
Kalutara,2020,7,453.21951219512187,2.085365853658536
Kalutara,2020,8,500.92682926829264,2.3048780487804876
Kalutara,2020,9,572.4878048780487,2.6341463414634143
Kalutara,2020,10,620.1951219512194,2.8536585365853657
Kalutara,2020,11,667.9024390243901,3.0731707317073167
Kalutara,2020,12,644.0487804878048,2.9634146341463414
Kandy,2020,1,716.1219512195122,9.0
Kandy,2020,2,676.3373983739837,8.499999999999998
Kandy,2020,3,716.1219512195122,9.0
Kandy,2020,4,636.5528455284552,7.999999999999999
Kandy,2020,5,596.7682926829268,7.5
Kandy,2020,6,676.3373983739837,8.499999999999998
Kandy,2020,7,755.9065040650405,9.499999999999998
Kandy,2020,8,835.4756097560975,10.499999999999998
Kandy,2020,9,954.8292682926829,11.999999999999998
Kandy,2020,10,1034.3983739837397,12.999999999999998
Kandy,2020,11,1113.9674796747966,13.999999999999998
Kandy,2020,12,1074.1829268292684,13.5
Kegalle,2020,1,333.29268292682923,3.4390243902439024
Kegalle,2020,2,314.77642276422756,3.247967479674796
Kegalle,2020,3,333.29268292682923,3.4390243902439024
Kegalle,2020,4,296.260162601626,3.056910569105691
Kegalle,2020,5,277.7439024390244,2.8658536585365852
Kegalle,2020,6,314.77642276422756,3.247967479674796
Kegalle,2020,7,351.80894308943084,3.6300813008130075
Kegalle,2020,8,388.8414634146341,4.012195121951219
Kegalle,2020,9,444.39024390243895,4.585365853658536
Kegalle,2020,10,481.42276422764223,4.967479674796747
Kegalle,2020,11,518.4552845528455,5.3495934959349585
Kegalle,2020,12,499.9390243902439,5.158536585365853
Kilinochchi,2020,1,85.7560975609756,0.14634146341463414
Kilinochchi,2020,2,80.99186991869917,0.1382113821138211
Kilinochchi,2020,3,85.7560975609756,0.14634146341463414
Kilinochchi,2020,4,76.22764227642276,0.13008130081300812
Kilinochchi,2020,5,71.46341463414635,0.12195121951219512
Kilinochchi,2020,6,80.99186991869917,0.1382113821138211
Kilinochchi,2020,7,90.52032520325201,0.15447154471544713
Kilinochchi,2020,8,100.04878048780488,0.17073170731707316
Kilinochchi,2020,9,114.34146341463413,0.19512195121951217
Kilinochchi,2020,10,123.86991869918698,0.2113821138211382
Kilinochchi,2020,11,133.39837398373982,0.2276422764227642
Kilinochchi,2020,12,128.6341463414634,0.21951219512195122
Kurunegala,2020,1,647.0487804878048,2.195121951219512
Kurunegala,2020,2,611.1016260162601,2.0731707317073167
Kurunegala,2020,3,647.0487804878048,2.195121951219512
Kurunegala,2020,4,575.1544715447154,1.9512195121951217
Kurunegala,2020,5,539.2073170731708,1.8292682926829267
Kurunegala,2020,6,611.1016260162601,2.0731707317073167
Kurunegala,2020,7,682.9959349593495,2.317073170731707
Kurunegala,2020,8,754.890243902439,2.560975609756097
Kurunegala,2020,9,862.7317073170731,2.9268292682926824
Kurunegala,2020,10,934.6260162601625,3.170731707317073
Kurunegala,2020,11,1006.5203252032519,3.414634146341463
Kurunegala,2020,12,970.5731707317074,3.292682926829268
Mannar,2020,1,36.80487804878049,0.0
Mannar,2020,2,34.76016260162601,0.0
Mannar,2020,3,36.80487804878049,0.0
Mannar,2020,4,32.71544715447154,0.0
Mannar,2020,5,30.670731707317074,0.0
Mannar,2020,6,34.76016260162601,0.0
Mannar,2020,7,38.849593495934954,0.0
Mannar,2020,8,42.9390243902439,0.0
Mannar,2020,9,49.073170731707314,0.0
Mannar,2020,10,53.162601626016254,0.0
Mannar,2020,11,57.252032520325194,0.0
Mannar,2020,12,55.207317073170735,0.0
Matale,2020,1,271.9024390243902,3.8780487804878048
Matale,2020,2,256.79674796747963,3.6626016260162597
Matale,2020,3,271.9024390243902,3.8780487804878048
Matale,2020,4,241.69105691056907,3.447154471544715
Matale,2020,5,226.58536585365854,3.2317073170731705
Matale,2020,6,256.79674796747963,3.6626016260162597
Matale,2020,7,287.00813008130075,4.093495934959349
Matale,2020,8,317.2195121951219,4.524390243902439
Matale,2020,9,362.5365853658536,5.170731707317072
Matale,2020,10,392.74796747967474,5.6016260162601625
Matale,2020,11,422.95934959349586,6.032520325203251
Matale,2020,12,407.8536585365854,5.817073170731708
Matara,2020,1,355.3170731707317,1.975609756097561
Matara,2020,2,335.57723577235765,1.865853658536585
Matara,2020,3,355.3170731707317,1.975609756097561
Matara,2020,4,315.8373983739837,1.7560975609756095
Matara,2020,5,296.0975609756097,1.646341463414634
Matara,2020,6,335.57723577235765,1.865853658536585
Matara,2020,7,375.05691056910564,2.085365853658536
Matara,2020,8,414.5365853658536,2.3048780487804876
Matara,2020,9,473.75609756097555,2.6341463414634143
Matara,2020,10,513.2357723577236,2.8536585365853657
Matara,2020,11,552.7154471544715,3.0731707317073167
Matara,2020,12,532.9756097560976,2.9634146341463414
Monaragala,2020,1,320.1219512195122,2.4878048780487805
Monaragala,2020,2,302.33739837398366,2.349593495934959
Monaragala,2020,3,320.1219512195122,2.4878048780487805
Monaragala,2020,4,284.55284552845524,2.211382113821138
Monaragala,2020,5,266.7682926829268,2.073170731707317
Monaragala,2020,6,302.33739837398366,2.349593495934959
Monaragala,2020,7,337.9065040650406,2.626016260162601
Monaragala,2020,8,373.4756097560975,2.902439024390244
Monaragala,2020,9,426.82926829268285,3.317073170731707
Monaragala,2020,10,462.3983739837398,3.5934959349593494
Monaragala,2020,11,497.96747967479666,3.869918699186991
Monaragala,2020,12,480.1829268292683,3.731707317073171
Mullaitivu,2020,1,67.7560975609756,0.14634146341463414
Mullaitivu,2020,2,63.99186991869917,0.1382113821138211
Mullaitivu,2020,3,67.7560975609756,0.14634146341463414
Mullaitivu,2020,4,60.227642276422756,0.13008130081300812
Mullaitivu,2020,5,56.46341463414634,0.12195121951219512
Mullaitivu,2020,6,63.99186991869917,0.1382113821138211
Mullaitivu,2020,7,71.52032520325203,0.15447154471544713
Mullaitivu,2020,8,79.04878048780488,0.17073170731707316
Mullaitivu,2020,9,90.34146341463413,0.19512195121951217
Mullaitivu,2020,10,97.86991869918698,0.2113821138211382
Mullaitivu,2020,11,105.39837398373982,0.2276422764227642
Mullaitivu,2020,12,101.63414634146342,0.21951219512195122
Nuwara Eliya,2020,1,295.390243902439,2.926829268292683
Nuwara Eliya,2020,2,278.97967479674793,2.7642276422764223
Nuwara Eliya,2020,3,295.390243902439,2.926829268292683
Nuwara Eliya,2020,4,262.5691056910569,2.6016260162601625
Nuwara Eliya,2020,5,246.15853658536585,2.4390243902439024
Nuwara Eliya,2020,6,278.97967479674793,2.7642276422764223
Nuwara Eliya,2020,7,311.80081300813004,3.0894308943089426
Nuwara Eliya,2020,8,344.62195121951214,3.414634146341463
Nuwara Eliya,2020,9,393.8536585365853,3.9024390243902434
Nuwara Eliya,2020,10,426.67479674796743,4.227642276422764
Nuwara Eliya,2020,11,459.49593495934954,4.552845528455284
Nuwara Eliya,2020,12,443.0853658536585,4.390243902439025
Polonnaruwa,2020,1,185.78048780487805,1.3170731707317072
Polonnaruwa,2020,2,175.45934959349592,1.24390243902439
Polonnaruwa,2020,3,185.78048780487805,1.3170731707317072
Polonnaruwa,2020,4,165.1382113821138,1.170731707317073
Polonnaruwa,2020,5,154.8170731707317,1.0975609756097562
Polonnaruwa,2020,6,175.45934959349592,1.24390243902439
Polonnaruwa,2020,7,196.10162601626013,1.3902439024390243
Polonnaruwa,2020,8,216.74390243902437,1.5365853658536583
Polonnaruwa,2020,9,247.7073170731707,1.7560975609756095
Polonnaruwa,2020,10,268.3495934959349,1.9024390243902438
Polonnaruwa,2020,11,288.99186991869914,2.0487804878048776
Polonnaruwa,2020,12,278.6707317073171,1.975609756097561
Puttalam,2020,1,195.5121951219512,1.6097560975609755
Puttalam,2020,2,184.65040650406502,1.5203252032520322
Puttalam,2020,3,195.5121951219512,1.6097560975609755
Puttalam,2020,4,173.78861788617886,1.4308943089430892
Puttalam,2020,5,162.9268292682927,1.3414634146341462
Puttalam,2020,6,184.65040650406502,1.5203252032520322
Puttalam,2020,7,206.37398373983737,1.6991869918699185
Puttalam,2020,8,228.09756097560972,1.8780487804878048
Puttalam,2020,9,260.68292682926824,2.146341463414634
Puttalam,2020,10,282.4065040650406,2.3252032520325203
Puttalam,2020,11,304.13008130081295,2.504065040650406
Puttalam,2020,12,293.2682926829268,2.4146341463414633
Ratnapura,2020,1,765.0731707317073,3.585365853658536
Ratnapura,2020,2,722.5691056910567,3.3861788617886175
Ratnapura,2020,3,765.0731707317073,3.585365853658536
Ratnapura,2020,4,680.0650406504064,3.1869918699186988
Ratnapura,2020,5,637.560975609756,2.9878048780487805
Ratnapura,2020,6,722.5691056910567,3.3861788617886175
Ratnapura,2020,7,807.5772357723577,3.784552845528455
Ratnapura,2020,8,892.5853658536585,4.182926829268292
Ratnapura,2020,9,1020.0975609756097,4.780487804878049
Ratnapura,2020,10,1105.1056910569105,5.178861788617886
Ratnapura,2020,11,1190.1138211382113,5.577235772357723
Ratnapura,2020,12,1147.6097560975609,5.378048780487805
Trincomalee,2020,1,199.24390243902437,0.14634146341463414
Trincomalee,2020,2,188.17479674796743,0.1382113821138211
Trincomalee,2020,3,199.24390243902437,0.14634146341463414
Trincomalee,2020,4,177.10569105691056,0.13008130081300812
Trincomalee,2020,5,166.03658536585365,0.12195121951219512
Trincomalee,2020,6,188.17479674796743,0.1382113821138211
Trincomalee,2020,7,210.31300813008127,0.15447154471544713
Trincomalee,2020,8,232.4512195121951,0.17073170731707316
Trincomalee,2020,9,265.6585365853658,0.19512195121951217
Trincomalee,2020,10,287.79674796747963,0.2113821138211382
Trincomalee,2020,11,309.93495934959344,0.2276422764227642
Trincomalee,2020,12,298.8658536585366,0.21951219512195122
Vavuniya,2020,1,78.36585365853658,0.8048780487804877
Vavuniya,2020,2,74.01219512195121,0.7601626016260161
Vavuniya,2020,3,78.36585365853658,0.8048780487804877
Vavuniya,2020,4,69.65853658536585,0.7154471544715446
Vavuniya,2020,5,65.30487804878048,0.6707317073170731
Vavuniya,2020,6,74.01219512195121,0.7601626016260161
Vavuniya,2020,7,82.71951219512194,0.8495934959349593
Vavuniya,2020,8,91.42682926829268,0.9390243902439024
Vavuniya,2020,9,104.48780487804876,1.073170731707317
Vavuniya,2020,10,113.1951219512195,1.1626016260162602
Vavuniya,2020,11,121.90243902439022,1.252032520325203
Vavuniya,2020,12,117.54878048780488,1.2073170731707317
Ampara,2021,1,93.14634146341463,0.6585365853658536
Ampara,2021,2,87.97154471544714,0.621951219512195
Ampara,2021,3,93.14634146341463,0.6585365853658536
Ampara,2021,4,82.79674796747966,0.5853658536585366
Ampara,2021,5,77.6219512195122,0.5487804878048781
Ampara,2021,6,87.97154471544714,0.621951219512195
Ampara,2021,7,98.3211382113821,0.6951219512195121
Ampara,2021,8,108.67073170731706,0.7682926829268292
Ampara,2021,9,124.1951219512195,0.8780487804878048
Ampara,2021,10,134.54471544715446,0.9512195121951219
Ampara,2021,11,144.8943089430894,1.0243902439024388
Ampara,2021,12,139.71951219512195,0.9878048780487805
Anuradhapura,2021,1,239.2682926829268,2.268292682926829
Anuradhapura,2021,2,225.97560975609753,2.142276422764227
Anuradhapura,2021,3,239.2682926829268,2.268292682926829
Anuradhapura,2021,4,212.68292682926827,2.016260162601626
Anuradhapura,2021,5,199.390243902439,1.8902439024390243
Anuradhapura,2021,6,225.97560975609753,2.142276422764227
Anuradhapura,2021,7,252.56097560975607,2.3943089430894307
Anuradhapura,2021,8,279.1463414634146,2.646341463414634
Anuradhapura,2021,9,319.0243902439024,3.0243902439024386
Anuradhapura,2021,10,345.60975609756093,3.2764227642276422
Anuradhapura,2021,11,372.19512195121945,3.528455284552845
Anuradhapura,2021,12,358.9024390243902,3.402439024390244
Badulla,2021,1,279.8048780487805,3.7317073170731705
Badulla,2021,2,264.26016260162595,3.524390243902438
Badulla,2021,3,279.8048780487805,3.7317073170731705
Badulla,2021,4,248.71544715447152,3.317073170731707
Badulla,2021,5,233.17073170731706,3.1097560975609757
Badulla,2021,6,264.26016260162595,3.524390243902438
Badulla,2021,7,295.3495934959349,3.939024390243902
Badulla,2021,8,326.4390243902439,4.353658536585366
Badulla,2021,9,373.07317073170725,4.97560975609756
Badulla,2021,10,404.1626016260162,5.390243902439024
Badulla,2021,11,435.25203252032514,5.804878048780487
Badulla,2021,12,419.7073170731707,5.597560975609756
Batticaloa,2021,1,183.4390243902439,0.8780487804878048
Batticaloa,2021,2,173.24796747967477,0.8292682926829267
Batticaloa,2021,3,183.4390243902439,0.8780487804878048
Batticaloa,2021,4,163.05691056910567,0.7804878048780487
Batticaloa,2021,5,152.8658536585366,0.7317073170731707
Batticaloa,2021,6,173.24796747967477,0.8292682926829267
Batticaloa,2021,7,193.63008130081298,0.9268292682926829
Batticaloa,2021,8,214.0121951219512,1.024390243902439
Batticaloa,2021,9,244.58536585365852,1.170731707317073
Batticaloa,2021,10,264.9674796747967,1.268292682926829
Batticaloa,2021,11,285.3495934959349,1.3658536585365852
Batticaloa,2021,12,275.1585365853659,1.3170731707317074
Colombo,2021,1,412.68292682926824,8.707317073170731
Colombo,2021,2,389.75609756097555,8.223577235772357
Colombo,2021,3,412.68292682926824,8.707317073170731
Colombo,2021,4,366.8292682926829,7.739837398373983
Colombo,2021,5,343.9024390243902,7.2560975609756095
Colombo,2021,6,389.75609756097555,8.223577235772357
Colombo,2021,7,435.60975609756093,9.191056910569104
Colombo,2021,8,481.4634146341463,10.158536585365853
Colombo,2021,9,550.2439024390243,11.609756097560973
Colombo,2021,10,596.0975609756097,12.577235772357723
Colombo,2021,11,641.951219512195,13.54471544715447
Colombo,2021,12,619.0243902439024,13.060975609756097
Galle,2021,1,355.5365853658536,5.634146341463414
Galle,2021,2,335.78455284552837,5.321138211382113
Galle,2021,3,355.5365853658536,5.634146341463414
Galle,2021,4,316.0325203252032,5.008130081300813
Galle,2021,5,296.280487804878,4.695121951219512
Galle,2021,6,335.78455284552837,5.321138211382113
Galle,2021,7,375.2886178861788,5.947154471544715
Galle,2021,8,414.79268292682923,6.573170731707316
Galle,2021,9,474.04878048780483,7.512195121951219
Galle,2021,10,513.5528455284552,8.13821138211382
Galle,2021,11,553.0569105691056,8.76422764227642
Galle,2021,12,533.3048780487804,8.451219512195122
Gampaha,2021,1,342.9512195121951,3.219512195121951
Gampaha,2021,2,323.89837398373976,3.0406504065040645
Gampaha,2021,3,342.9512195121951,3.219512195121951
Gampaha,2021,4,304.8455284552845,2.8617886178861784
Gampaha,2021,5,285.7926829268293,2.6829268292682924
Gampaha,2021,6,323.89837398373976,3.0406504065040645
Gampaha,2021,7,362.00406504065035,3.398373983739837
Gampaha,2021,8,400.10975609756093,3.7560975609756095
Gampaha,2021,9,457.26829268292676,4.292682926829268
Gampaha,2021,10,495.37398373983734,4.650406504065041
Gampaha,2021,11,533.4796747967479,5.008130081300812
Gampaha,2021,12,514.4268292682926,4.829268292682927
Hambantota,2021,1,286.8292682926829,1.2439024390243902
Hambantota,2021,2,270.89430894308936,1.1747967479674795
Hambantota,2021,3,286.8292682926829,1.2439024390243902
Hambantota,2021,4,254.95934959349592,1.105691056910569
Hambantota,2021,5,239.02439024390245,1.0365853658536586
Hambantota,2021,6,270.89430894308936,1.1747967479674795
Hambantota,2021,7,302.7642276422764,1.3130081300813006
Hambantota,2021,8,334.6341463414634,1.451219512195122
Hambantota,2021,9,382.43902439024384,1.6585365853658536
Hambantota,2021,10,414.30894308943084,1.7967479674796747
Hambantota,2021,11,446.17886178861784,1.9349593495934956
Hambantota,2021,12,430.2439024390244,1.8658536585365855
Jaffna,2021,1,350.6341463414634,2.048780487804878
Jaffna,2021,2,331.15447154471536,1.9349593495934956
Jaffna,2021,3,350.6341463414634,2.048780487804878
Jaffna,2021,4,311.67479674796743,1.8211382113821135
Jaffna,2021,5,292.1951219512195,1.7073170731707317
Jaffna,2021,6,331.15447154471536,1.9349593495934956
Jaffna,2021,7,370.11382113821134,2.1626016260162597
Jaffna,2021,8,409.0731707317073,2.3902439024390243
Jaffna,2021,9,467.51219512195115,2.7317073170731705
Jaffna,2021,10,506.4715447154471,2.9593495934959346
Jaffna,2021,11,545.430894308943,3.1869918699186988
Jaffna,2021,12,525.9512195121952,3.073170731707317
Kalmunai,2021,1,266.4146341463414,0.7317073170731707
Kalmunai,2021,2,251.61382113821134,0.6910569105691056
Kalmunai,2021,3,266.4146341463414,0.7317073170731707
Kalmunai,2021,4,236.81300813008127,0.6504065040650406
Kalmunai,2021,5,222.0121951219512,0.6097560975609756
Kalmunai,2021,6,251.61382113821134,0.6910569105691056
Kalmunai,2021,7,281.2154471544715,0.7723577235772356
Kalmunai,2021,8,310.8170731707317,0.8536585365853657
Kalmunai,2021,9,355.2195121951219,0.9756097560975608
Kalmunai,2021,10,384.8211382113821,1.056910569105691
Kalmunai,2021,11,414.42276422764223,1.138211382113821
Kalmunai,2021,12,399.6219512195122,1.0975609756097562
Kalutara,2021,1,236.34146341463412,1.3902439024390243
Kalutara,2021,2,223.2113821138211,1.3130081300813006
Kalutara,2021,3,236.34146341463412,1.3902439024390243
Kalutara,2021,4,210.0813008130081,1.235772357723577
Kalutara,2021,5,196.9512195121951,1.1585365853658536
Kalutara,2021,6,223.2113821138211,1.3130081300813006
Kalutara,2021,7,249.47154471544712,1.4674796747967478
Kalutara,2021,8,275.73170731707313,1.621951219512195
Kalutara,2021,9,315.12195121951214,1.8536585365853657
Kalutara,2021,10,341.3821138211382,2.0081300813008127
Kalutara,2021,11,367.64227642276416,2.1626016260162597
Kalutara,2021,12,354.5121951219512,2.0853658536585367
Kandy,2021,1,405.5853658536585,7.536585365853658
Kandy,2021,2,383.05284552845524,7.117886178861787
Kandy,2021,3,405.5853658536585,7.536585365853658
Kandy,2021,4,360.520325203252,6.699186991869918
Kandy,2021,5,337.9878048780488,6.280487804878049
Kandy,2021,6,383.05284552845524,7.117886178861787
Kandy,2021,7,428.11788617886174,7.955284552845527
Kandy,2021,8,473.18292682926824,8.792682926829267
Kandy,2021,9,540.780487804878,10.048780487804876
Kandy,2021,10,585.8455284552845,10.886178861788617
Kandy,2021,11,630.9105691056909,11.723577235772355
Kandy,2021,12,608.3780487804878,11.304878048780488
Kegalle,2021,1,174.4390243902439,3.4390243902439024
Kegalle,2021,2,164.74796747967477,3.247967479674796
Kegalle,2021,3,174.4390243902439,3.4390243902439024
Kegalle,2021,4,155.05691056910567,3.056910569105691
Kegalle,2021,5,145.3658536585366,2.8658536585365852
Kegalle,2021,6,164.74796747967477,3.247967479674796
Kegalle,2021,7,184.13008130081298,3.6300813008130075
Kegalle,2021,8,203.5121951219512,4.012195121951219
Kegalle,2021,9,232.58536585365852,4.585365853658536
Kegalle,2021,10,251.96747967479672,4.967479674796747
Kegalle,2021,11,271.3495934959349,5.3495934959349585
Kegalle,2021,12,261.6585365853659,5.158536585365853
Kilinochchi,2021,1,77.1951219512195,0.07317073170731707
Kilinochchi,2021,2,72.90650406504064,0.06910569105691056
Kilinochchi,2021,3,77.1951219512195,0.07317073170731707
Kilinochchi,2021,4,68.61788617886178,0.06504065040650406
Kilinochchi,2021,5,64.32926829268293,0.06097560975609756
Kilinochchi,2021,6,72.90650406504064,0.06910569105691056
Kilinochchi,2021,7,81.48373983739836,0.07723577235772357
Kilinochchi,2021,8,90.06097560975608,0.08536585365853658
Kilinochchi,2021,9,102.92682926829268,0.09756097560975609
Kilinochchi,2021,10,111.5040650406504,0.1056910569105691
Kilinochchi,2021,11,120.08130081300811,0.1138211382113821
Kilinochchi,2021,12,115.79268292682927,0.10975609756097561
Kurunegala,2021,1,448.9024390243902,6.073170731707317
Kurunegala,2021,2,423.96341463414626,5.735772357723576
Kurunegala,2021,3,448.9024390243902,6.073170731707317
Kurunegala,2021,4,399.0243902439024,5.398373983739837
Kurunegala,2021,5,374.0853658536585,5.060975609756097
Kurunegala,2021,6,423.96341463414626,5.735772357723576
Kurunegala,2021,7,473.84146341463406,6.410569105691056
Kurunegala,2021,8,523.7195121951219,7.085365853658536
Kurunegala,2021,9,598.5365853658536,8.097560975609754
Kurunegala,2021,10,648.4146341463414,8.772357723577235
Kurunegala,2021,11,698.2926829268291,9.447154471544714
Kurunegala,2021,12,673.3536585365854,9.109756097560975
Mannar,2021,1,19.68292682926829,0.07317073170731707
Mannar,2021,2,18.58943089430894,0.06910569105691056
Mannar,2021,3,19.68292682926829,0.07317073170731707
Mannar,2021,4,17.49593495934959,0.06504065040650406
Mannar,2021,5,16.402439024390244,0.06097560975609756
Mannar,2021,6,18.58943089430894,0.06910569105691056
Mannar,2021,7,20.77642276422764,0.07723577235772357
Mannar,2021,8,22.96341463414634,0.08536585365853658
Mannar,2021,9,26.24390243902439,0.09756097560975609
Mannar,2021,10,28.43089430894309,0.1056910569105691
Mannar,2021,11,30.617886178861784,0.1138211382113821
Mannar,2021,12,29.524390243902438,0.10975609756097561
Matale,2021,1,146.6341463414634,2.6341463414634143
Matale,2021,2,138.48780487804876,2.48780487804878
Matale,2021,3,146.6341463414634,2.6341463414634143
Matale,2021,4,130.34146341463412,2.341463414634146
Matale,2021,5,122.1951219512195,2.1951219512195124
Matale,2021,6,138.48780487804876,2.48780487804878
Matale,2021,7,154.78048780487802,2.7804878048780486
Matale,2021,8,171.0731707317073,3.0731707317073167
Matale,2021,9,195.5121951219512,3.512195121951219
Matale,2021,10,211.80487804878047,3.8048780487804876
Matale,2021,11,228.09756097560972,4.097560975609755
Matale,2021,12,219.9512195121951,3.951219512195122
Matara,2021,1,171.21951219512195,0.6585365853658536
Matara,2021,2,161.7073170731707,0.621951219512195
Matara,2021,3,171.21951219512195,0.6585365853658536
Matara,2021,4,152.1951219512195,0.5853658536585366
Matara,2021,5,142.6829268292683,0.5487804878048781
Matara,2021,6,161.7073170731707,0.621951219512195
Matara,2021,7,180.73170731707316,0.6951219512195121
Matara,2021,8,199.7560975609756,0.7682926829268292
Matara,2021,9,228.29268292682926,0.8780487804878048
Matara,2021,10,247.31707317073167,0.9512195121951219
Matara,2021,11,266.3414634146341,1.0243902439024388
Matara,2021,12,256.8292682926829,0.9878048780487805
Monaragala,2021,1,202.7560975609756,2.4146341463414633
Monaragala,2021,2,191.49186991869917,2.2804878048780486
Monaragala,2021,3,202.7560975609756,2.4146341463414633
Monaragala,2021,4,180.22764227642276,2.146341463414634
Monaragala,2021,5,168.96341463414635,2.0121951219512195
Monaragala,2021,6,191.49186991869917,2.2804878048780486
Monaragala,2021,7,214.020325203252,2.5487804878048776
Monaragala,2021,8,236.54878048780486,2.817073170731707
Monaragala,2021,9,270.3414634146341,3.219512195121951
Monaragala,2021,10,292.869918699187,3.48780487804878
Monaragala,2021,11,315.39837398373976,3.756097560975609
Monaragala,2021,12,304.1341463414634,3.6219512195121952
Mullaitivu,2021,1,48.0,0.36585365853658536
Mullaitivu,2021,2,45.33333333333333,0.3455284552845528
Mullaitivu,2021,3,48.0,0.36585365853658536
Mullaitivu,2021,4,42.666666666666664,0.3252032520325203
Mullaitivu,2021,5,40.0,0.3048780487804878
Mullaitivu,2021,6,45.33333333333333,0.3455284552845528
Mullaitivu,2021,7,50.66666666666666,0.3861788617886178
Mullaitivu,2021,8,55.99999999999999,0.42682926829268286
Mullaitivu,2021,9,63.99999999999999,0.4878048780487804
Mullaitivu,2021,10,69.33333333333333,0.5284552845528455
Mullaitivu,2021,11,74.66666666666666,0.5691056910569104
Mullaitivu,2021,12,72.0,0.5487804878048781
Nuwara Eliya,2021,1,181.24390243902437,4.463414634146341
Nuwara Eliya,2021,2,171.17479674796743,4.215447154471544
Nuwara Eliya,2021,3,181.24390243902437,4.463414634146341
Nuwara Eliya,2021,4,161.10569105691056,3.9674796747967473
Nuwara Eliya,2021,5,151.03658536585365,3.719512195121951
Nuwara Eliya,2021,6,171.17479674796743,4.215447154471544
Nuwara Eliya,2021,7,191.31300813008127,4.711382113821138
Nuwara Eliya,2021,8,211.4512195121951,5.2073170731707314
Nuwara Eliya,2021,9,241.65853658536582,5.951219512195121
Nuwara Eliya,2021,10,261.79674796747963,6.447154471544715
Nuwara Eliya,2021,11,281.93495934959344,6.943089430894307
Nuwara Eliya,2021,12,271.8658536585366,6.695121951219512
Polonnaruwa,2021,1,133.97560975609755,1.2439024390243902
Polonnaruwa,2021,2,126.53252032520322,1.1747967479674795
Polonnaruwa,2021,3,133.97560975609755,1.2439024390243902
Polonnaruwa,2021,4,119.08943089430893,1.105691056910569
Polonnaruwa,2021,5,111.64634146341463,1.0365853658536586
Polonnaruwa,2021,6,126.53252032520322,1.1747967479674795
Polonnaruwa,2021,7,141.41869918699186,1.3130081300813006
Polonnaruwa,2021,8,156.30487804878047,1.451219512195122
Polonnaruwa,2021,9,178.6341463414634,1.6585365853658536
Polonnaruwa,2021,10,193.520325203252,1.7967479674796747
Polonnaruwa,2021,11,208.40650406504062,1.9349593495934956
Polonnaruwa,2021,12,200.96341463414635,1.8658536585365855
Puttalam,2021,1,168.0731707317073,2.341463414634146
Puttalam,2021,2,158.73577235772356,2.211382113821138
Puttalam,2021,3,168.0731707317073,2.341463414634146
Puttalam,2021,4,149.39837398373982,2.08130081300813
Puttalam,2021,5,140.0609756097561,1.951219512195122
Puttalam,2021,6,158.73577235772356,2.211382113821138
Puttalam,2021,7,177.41056910569102,2.471544715447154
Puttalam,2021,8,196.08536585365852,2.7317073170731705
Puttalam,2021,9,224.09756097560972,3.121951219512195
Puttalam,2021,10,242.77235772357722,3.382113821138211
Puttalam,2021,11,261.44715447154465,3.642276422764227
Puttalam,2021,12,252.109756097561,3.5121951219512195
Ratnapura,2021,1,387.80487804878044,2.268292682926829
Ratnapura,2021,2,366.26016260162595,2.142276422764227
Ratnapura,2021,3,387.80487804878044,2.268292682926829
Ratnapura,2021,4,344.7154471544715,2.016260162601626
Ratnapura,2021,5,323.1707317073171,1.8902439024390243
Ratnapura,2021,6,366.26016260162595,2.142276422764227
Ratnapura,2021,7,409.3495934959349,2.3943089430894307
Ratnapura,2021,8,452.43902439024384,2.646341463414634
Ratnapura,2021,9,517.0731707317073,3.0243902439024386
Ratnapura,2021,10,560.1626016260162,3.2764227642276422
Ratnapura,2021,11,603.2520325203251,3.528455284552845
Ratnapura,2021,12,581.7073170731708,3.402439024390244
Trincomalee,2021,1,104.26829268292683,0.4390243902439024
Trincomalee,2021,2,98.47560975609754,0.41463414634146334
Trincomalee,2021,3,104.26829268292683,0.4390243902439024
Trincomalee,2021,4,92.68292682926828,0.39024390243902435
Trincomalee,2021,5,86.89024390243902,0.36585365853658536
Trincomalee,2021,6,98.47560975609754,0.41463414634146334
Trincomalee,2021,7,110.06097560975608,0.46341463414634143
Trincomalee,2021,8,121.64634146341463,0.5121951219512195
Trincomalee,2021,9,139.02439024390242,0.5853658536585366
Trincomalee,2021,10,150.60975609756096,0.6341463414634145
Trincomalee,2021,11,162.19512195121948,0.6829268292682926
Trincomalee,2021,12,156.40243902439025,0.6585365853658537
Vavuniya,2021,1,71.48780487804878,0.36585365853658536
Vavuniya,2021,2,67.51626016260161,0.3455284552845528
Vavuniya,2021,3,71.48780487804878,0.36585365853658536
Vavuniya,2021,4,63.544715447154466,0.3252032520325203
Vavuniya,2021,5,59.573170731707314,0.3048780487804878
Vavuniya,2021,6,67.51626016260161,0.3455284552845528
Vavuniya,2021,7,75.45934959349593,0.3861788617886178
Vavuniya,2021,8,83.40243902439023,0.42682926829268286
Vavuniya,2021,9,95.3170731707317,0.4878048780487804
Vavuniya,2021,10,103.260162601626,0.5284552845528455
Vavuniya,2021,11,111.20325203252031,0.5691056910569104
Vavuniya,2021,12,107.23170731707317,0.5487804878048781
Ampara,2022,1,243.73170731707316,1.6097560975609755
Ampara,2022,2,230.19105691056907,1.5203252032520322
Ampara,2022,3,243.73170731707316,1.6097560975609755
Ampara,2022,4,216.65040650406502,1.4308943089430892
Ampara,2022,5,203.10975609756096,1.3414634146341462
Ampara,2022,6,230.19105691056907,1.5203252032520322
Ampara,2022,7,257.2723577235772,1.6991869918699185
Ampara,2022,8,284.3536585365853,1.8780487804878048
Ampara,2022,9,324.9756097560975,2.146341463414634
Ampara,2022,10,352.05691056910564,2.3252032520325203
Ampara,2022,11,379.13821138211375,2.504065040650406
Ampara,2022,12,365.5975609756098,2.4146341463414633
Anuradhapura,2022,1,514.5365853658536,8.195121951219512
Anuradhapura,2022,2,485.95121951219505,7.739837398373982
Anuradhapura,2022,3,514.5365853658536,8.195121951219512
Anuradhapura,2022,4,457.36585365853654,7.284552845528454
Anuradhapura,2022,5,428.780487804878,6.829268292682927
Anuradhapura,2022,6,485.95121951219505,7.739837398373982
Anuradhapura,2022,7,543.1219512195121,8.650406504065039
Anuradhapura,2022,8,600.2926829268292,9.560975609756097
Anuradhapura,2022,9,686.0487804878048,10.926829268292682
Anuradhapura,2022,10,743.2195121951219,11.837398373983739
Anuradhapura,2022,11,800.3902439024389,12.747967479674795
Anuradhapura,2022,12,771.8048780487804,12.292682926829269
Badulla,2022,1,598.9756097560975,9.146341463414634
Badulla,2022,2,565.6991869918699,8.63821138211382
Badulla,2022,3,598.9756097560975,9.146341463414634
Badulla,2022,4,532.4227642276422,8.130081300813007
Badulla,2022,5,499.1463414634146,7.621951219512195
Badulla,2022,6,565.6991869918699,8.63821138211382
Badulla,2022,7,632.2520325203251,9.654471544715445
Badulla,2022,8,698.8048780487804,10.670731707317072
Badulla,2022,9,798.6341463414633,12.19512195121951
Badulla,2022,10,865.1869918699186,13.211382113821138
Badulla,2022,11,931.7398373983739,14.227642276422761
Badulla,2022,12,898.4634146341464,13.71951219512195
Batticaloa,2022,1,370.0243902439024,2.048780487804878
Batticaloa,2022,2,349.46747967479666,1.9349593495934956
Batticaloa,2022,3,370.0243902439024,2.048780487804878
Batticaloa,2022,4,328.910569105691,1.8211382113821135
Batticaloa,2022,5,308.3536585365854,1.7073170731707317
Batticaloa,2022,6,349.46747967479666,1.9349593495934956
Batticaloa,2022,7,390.58130081300806,2.1626016260162597
Batticaloa,2022,8,431.69512195121945,2.3902439024390243
Batticaloa,2022,9,493.36585365853654,2.7317073170731705
Batticaloa,2022,10,534.4796747967479,2.9593495934959346
Batticaloa,2022,11,575.5934959349593,3.1869918699186988
Batticaloa,2022,12,555.0365853658536,3.073170731707317
Colombo,2022,1,1274.560975609756,16.756097560975608
Colombo,2022,2,1203.752032520325,15.825203252032518
Colombo,2022,3,1274.560975609756,16.756097560975608
Colombo,2022,4,1132.9430894308941,14.89430894308943
Colombo,2022,5,1062.1341463414633,13.963414634146341
Colombo,2022,6,1203.752032520325,15.825203252032518
Colombo,2022,7,1345.3699186991869,17.686991869918696
Colombo,2022,8,1486.9878048780486,19.548780487804876
Colombo,2022,9,1699.4146341463413,22.341463414634145
Colombo,2022,10,1841.0325203252032,24.203252032520325
Colombo,2022,11,1982.6504065040647,26.065040650406498
Colombo,2022,12,1911.841463414634,25.134146341463413
Galle,2022,1,930.0,8.780487804878048
Galle,2022,2,878.3333333333331,8.292682926829267
Galle,2022,3,930.0,8.780487804878048
Galle,2022,4,826.6666666666666,7.804878048780487
Galle,2022,5,775.0,7.317073170731707
Galle,2022,6,878.3333333333331,8.292682926829267
Galle,2022,7,981.6666666666665,9.268292682926829
Galle,2022,8,1085.0,10.243902439024389
Galle,2022,9,1239.9999999999998,11.70731707317073
Galle,2022,10,1343.3333333333333,12.682926829268292
Galle,2022,11,1446.6666666666665,13.658536585365852
Galle,2022,12,1395.0,13.170731707317072
Gampaha,2022,1,924.5853658536585,6.658536585365853
Gampaha,2022,2,873.2195121951218,6.28861788617886
Gampaha,2022,3,924.5853658536585,6.658536585365853
Gampaha,2022,4,821.8536585365853,5.918699186991869
Gampaha,2022,5,770.4878048780488,5.548780487804878
Gampaha,2022,6,873.2195121951218,6.28861788617886
Gampaha,2022,7,975.9512195121949,7.0284552845528445
Gampaha,2022,8,1078.6829268292681,7.768292682926829
Gampaha,2022,9,1232.780487804878,8.878048780487804
Gampaha,2022,10,1335.5121951219512,9.617886178861788
Gampaha,2022,11,1438.2439024390242,10.35772357723577
Gampaha,2022,12,1386.878048780488,9.987804878048781
Hambantota,2022,1,630.2195121951219,2.7804878048780486
Hambantota,2022,2,595.2073170731707,2.626016260162601
Hambantota,2022,3,630.2195121951219,2.7804878048780486
Hambantota,2022,4,560.1951219512194,2.471544715447154
Hambantota,2022,5,525.1829268292682,2.317073170731707
Hambantota,2022,6,595.2073170731707,2.626016260162601
Hambantota,2022,7,665.2317073170731,2.9349593495934956
Hambantota,2022,8,735.2560975609755,3.24390243902439
Hambantota,2022,9,840.2926829268292,3.7073170731707314
Hambantota,2022,10,910.3170731707316,4.016260162601625
Hambantota,2022,11,980.341463414634,4.325203252032519
Hambantota,2022,12,945.329268292683,4.170731707317073
Jaffna,2022,1,683.4146341463414,2.8536585365853657
Jaffna,2022,2,645.4471544715446,2.6951219512195115
Jaffna,2022,3,683.4146341463414,2.8536585365853657
Jaffna,2022,4,607.4796747967479,2.536585365853658
Jaffna,2022,5,569.5121951219512,2.3780487804878048
Jaffna,2022,6,645.4471544715446,2.6951219512195115
Jaffna,2022,7,721.3821138211381,3.012195121951219
Jaffna,2022,8,797.3170731707316,3.3292682926829267
Jaffna,2022,9,911.2195121951219,3.804878048780487
Jaffna,2022,10,987.1544715447154,4.121951219512195
Jaffna,2022,11,1063.0894308943089,4.439024390243902
Jaffna,2022,12,1025.1219512195123,4.280487804878049
Kalmunai,2022,1,555.1463414634146,1.2439024390243902
Kalmunai,2022,2,524.3048780487804,1.1747967479674795
Kalmunai,2022,3,555.1463414634146,1.2439024390243902
Kalmunai,2022,4,493.46341463414626,1.105691056910569
Kalmunai,2022,5,462.6219512195122,1.0365853658536586
Kalmunai,2022,6,524.3048780487804,1.1747967479674795
Kalmunai,2022,7,585.9878048780487,1.3130081300813006
Kalmunai,2022,8,647.670731707317,1.451219512195122
Kalmunai,2022,9,740.1951219512194,1.6585365853658536
Kalmunai,2022,10,801.8780487804877,1.7967479674796747
Kalmunai,2022,11,863.5609756097559,1.9349593495934956
Kalmunai,2022,12,832.719512195122,1.8658536585365855
Kalutara,2022,1,671.2682926829268,3.3658536585365852
Kalutara,2022,2,633.9756097560975,3.1788617886178856
Kalutara,2022,3,671.2682926829268,3.3658536585365852
Kalutara,2022,4,596.6829268292682,2.991869918699187
Kalutara,2022,5,559.390243902439,2.8048780487804876
Kalutara,2022,6,633.9756097560975,3.1788617886178856
Kalutara,2022,7,708.560975609756,3.552845528455284
Kalutara,2022,8,783.1463414634146,3.9268292682926824
Kalutara,2022,9,895.0243902439023,4.48780487804878
Kalutara,2022,10,969.6097560975609,4.861788617886178
Kalutara,2022,11,1044.1951219512193,5.235772357723576
Kalutara,2022,12,1006.9024390243902,5.048780487804878
Kandy,2022,1,853.6097560975609,14.268292682926829
Kandy,2022,2,806.1869918699185,13.475609756097558
Kandy,2022,3,853.6097560975609,14.268292682926829
Kandy,2022,4,758.7642276422763,12.682926829268292
Kandy,2022,5,711.3414634146342,11.890243902439025
Kandy,2022,6,806.1869918699185,13.475609756097558
Kandy,2022,7,901.0325203252031,15.060975609756095
Kandy,2022,8,995.8780487804877,16.646341463414632
Kandy,2022,9,1138.1463414634145,19.024390243902438
Kandy,2022,10,1232.9918699186992,20.609756097560975
Kandy,2022,11,1327.8373983739834,22.19512195121951
Kandy,2022,12,1280.4146341463415,21.402439024390244
Kegalle,2022,1,366.2195121951219,6.951219512195122
Kegalle,2022,2,345.87398373983734,6.565040650406503
Kegalle,2022,3,366.2195121951219,6.951219512195122
Kegalle,2022,4,325.5284552845528,6.178861788617885
Kegalle,2022,5,305.1829268292683,5.7926829268292686
Kegalle,2022,6,345.87398373983734,6.565040650406503
Kegalle,2022,7,386.56504065040644,7.3373983739837385
Kegalle,2022,8,427.25609756097555,8.109756097560975
Kegalle,2022,9,488.29268292682923,9.268292682926829
Kegalle,2022,10,528.9837398373984,10.040650406504064
Kegalle,2022,11,569.6747967479674,10.813008130081299
Kegalle,2022,12,549.329268292683,10.426829268292684
Kilinochchi,2022,1,132.73170731707316,0.2195121951219512
Kilinochchi,2022,2,125.35772357723575,0.20731707317073167
Kilinochchi,2022,3,132.73170731707316,0.2195121951219512
Kilinochchi,2022,4,117.98373983739836,0.19512195121951217
Kilinochchi,2022,5,110.60975609756098,0.18292682926829268
Kilinochchi,2022,6,125.35772357723575,0.20731707317073167
Kilinochchi,2022,7,140.10569105691056,0.23170731707317072
Kilinochchi,2022,8,154.85365853658536,0.25609756097560976
Kilinochchi,2022,9,176.97560975609755,0.2926829268292683
Kilinochchi,2022,10,191.72357723577235,0.31707317073170727
Kilinochchi,2022,11,206.47154471544712,0.3414634146341463
Kilinochchi,2022,12,199.09756097560975,0.32926829268292684
Kurunegala,2022,1,905.7073170731707,11.121951219512194
Kurunegala,2022,2,855.3902439024389,10.504065040650405
Kurunegala,2022,3,905.7073170731707,11.121951219512194
Kurunegala,2022,4,805.0731707317073,9.886178861788617
Kurunegala,2022,5,754.7560975609756,9.268292682926829
Kurunegala,2022,6,855.3902439024389,10.504065040650405
Kurunegala,2022,7,956.0243902439023,11.739837398373982
Kurunegala,2022,8,1056.6585365853657,12.97560975609756
Kurunegala,2022,9,1207.6097560975609,14.829268292682926
Kurunegala,2022,10,1308.2439024390244,16.0650406504065
Kurunegala,2022,11,1408.8780487804875,17.300813008130078
Kurunegala,2022,12,1358.560975609756,16.682926829268293
Mannar,2022,1,46.24390243902439,0.0
Mannar,2022,2,43.67479674796747,0.0
Mannar,2022,3,46.24390243902439,0.0
Mannar,2022,4,41.105691056910565,0.0
Mannar,2022,5,38.53658536585366,0.0
Mannar,2022,6,43.67479674796747,0.0
Mannar,2022,7,48.81300813008129,0.0
Mannar,2022,8,53.95121951219512,0.0
Mannar,2022,9,61.658536585365844,0.0
Mannar,2022,10,66.79674796747967,0.0
Mannar,2022,11,71.93495934959348,0.0
Mannar,2022,12,69.36585365853658,0.0
Matale,2022,1,334.4634146341463,5.926829268292683
Matale,2022,2,315.88211382113815,5.597560975609755
Matale,2022,3,334.4634146341463,5.926829268292683
Matale,2022,4,297.30081300813004,5.268292682926829
Matale,2022,5,278.7195121951219,4.939024390243902
Matale,2022,6,315.88211382113815,5.597560975609755
Matale,2022,7,353.04471544715443,6.256097560975609
Matale,2022,8,390.2073170731707,6.914634146341463
Matale,2022,9,445.95121951219505,7.902439024390243
Matale,2022,10,483.11382113821134,8.560975609756097
Matale,2022,11,520.2764227642275,9.21951219512195
Matale,2022,12,501.6951219512195,8.890243902439025
Matara,2022,1,438.9512195121951,3.7317073170731705
Matara,2022,2,414.56504065040644,3.524390243902438
Matara,2022,3,438.9512195121951,3.7317073170731705
Matara,2022,4,390.17886178861784,3.317073170731707
Matara,2022,5,365.7926829268293,3.1097560975609757
Matara,2022,6,414.56504065040644,3.524390243902438
Matara,2022,7,463.33739837398366,3.939024390243902
Matara,2022,8,512.1097560975609,4.353658536585366
Matara,2022,9,585.2682926829268,4.97560975609756
Matara,2022,10,634.040650406504,5.390243902439024
Matara,2022,11,682.8130081300811,5.804878048780487
Matara,2022,12,658.4268292682926,5.597560975609756
Monaragala,2022,1,398.6341463414634,5.121951219512195
Monaragala,2022,2,376.48780487804873,4.8373983739837385
Monaragala,2022,3,398.6341463414634,5.121951219512195
Monaragala,2022,4,354.3414634146341,4.5528455284552845
Monaragala,2022,5,332.1951219512195,4.2682926829268295
Monaragala,2022,6,376.48780487804873,4.8373983739837385
Monaragala,2022,7,420.780487804878,5.406504065040649
Monaragala,2022,8,465.07317073170725,5.97560975609756
Monaragala,2022,9,531.5121951219512,6.829268292682926
Monaragala,2022,10,575.8048780487804,7.398373983739837
Monaragala,2022,11,620.0975609756097,7.9674796747967465
Monaragala,2022,12,597.9512195121952,7.682926829268292
Mullaitivu,2022,1,95.6341463414634,0.2926829268292683
Mullaitivu,2022,2,90.32113821138209,0.2764227642276422
Mullaitivu,2022,3,95.6341463414634,0.2926829268292683
Mullaitivu,2022,4,85.0081300813008,0.26016260162601623
Mullaitivu,2022,5,79.6951219512195,0.24390243902439024
Mullaitivu,2022,6,90.32113821138209,0.2764227642276422
Mullaitivu,2022,7,100.9471544715447,0.30894308943089427
Mullaitivu,2022,8,111.57317073170731,0.3414634146341463
Mullaitivu,2022,9,127.51219512195121,0.39024390243902435
Mullaitivu,2022,10,138.1382113821138,0.4227642276422764
Mullaitivu,2022,11,148.7642276422764,0.4552845528455284
Mullaitivu,2022,12,143.4512195121951,0.43902439024390244
Nuwara Eliya,2022,1,375.8780487804878,5.48780487804878
Nuwara Eliya,2022,2,354.99593495934954,5.1829268292682915
Nuwara Eliya,2022,3,375.8780487804878,5.48780487804878
Nuwara Eliya,2022,4,334.11382113821134,4.878048780487805
Nuwara Eliya,2022,5,313.2317073170732,4.573170731707317
Nuwara Eliya,2022,6,354.99593495934954,5.1829268292682915
Nuwara Eliya,2022,7,396.76016260162595,5.792682926829268
Nuwara Eliya,2022,8,438.5243902439024,6.402439024390243
Nuwara Eliya,2022,9,501.17073170731703,7.317073170731707
Nuwara Eliya,2022,10,542.9349593495934,7.926829268292682
Nuwara Eliya,2022,11,584.6991869918699,8.536585365853657
Nuwara Eliya,2022,12,563.8170731707318,8.231707317073171
Polonnaruwa,2022,1,286.7560975609756,2.7804878048780486
Polonnaruwa,2022,2,270.82520325203245,2.626016260162601
Polonnaruwa,2022,3,286.7560975609756,2.7804878048780486
Polonnaruwa,2022,4,254.8943089430894,2.471544715447154
Polonnaruwa,2022,5,238.96341463414635,2.317073170731707
Polonnaruwa,2022,6,270.82520325203245,2.626016260162601
Polonnaruwa,2022,7,302.68699186991864,2.9349593495934956
Polonnaruwa,2022,8,334.54878048780483,3.24390243902439
Polonnaruwa,2022,9,382.3414634146341,3.7073170731707314
Polonnaruwa,2022,10,414.2032520325203,4.016260162601625
Polonnaruwa,2022,11,446.06504065040644,4.325203252032519
Polonnaruwa,2022,12,430.1341463414634,4.170731707317073
Puttalam,2022,1,247.09756097560975,3.219512195121951
Puttalam,2022,2,233.36991869918694,3.0406504065040645
Puttalam,2022,3,247.09756097560975,3.219512195121951
Puttalam,2022,4,219.6422764227642,2.8617886178861784
Puttalam,2022,5,205.91463414634146,2.6829268292682924
Puttalam,2022,6,233.36991869918694,3.0406504065040645
Puttalam,2022,7,260.8252032520325,3.398373983739837
Puttalam,2022,8,288.280487804878,3.7560975609756095
Puttalam,2022,9,329.4634146341463,4.292682926829268
Puttalam,2022,10,356.91869918699183,4.650406504065041
Puttalam,2022,11,384.37398373983734,5.008130081300812
Puttalam,2022,12,370.6463414634146,4.829268292682927
Ratnapura,2022,1,816.4390243902438,6.439024390243902
Ratnapura,2022,2,771.0813008130079,6.081300813008129
Ratnapura,2022,3,816.4390243902438,6.439024390243902
Ratnapura,2022,4,725.7235772357723,5.723577235772357
Ratnapura,2022,5,680.3658536585366,5.365853658536585
Ratnapura,2022,6,771.0813008130079,6.081300813008129
Ratnapura,2022,7,861.7967479674795,6.796747967479674
Ratnapura,2022,8,952.5121951219511,7.512195121951219
Ratnapura,2022,9,1088.5853658536585,8.585365853658535
Ratnapura,2022,10,1179.30081300813,9.300813008130081
Ratnapura,2022,11,1270.0162601626014,10.016260162601624
Ratnapura,2022,12,1224.658536585366,9.658536585365853
Trincomalee,2022,1,230.2682926829268,1.024390243902439
Trincomalee,2022,2,217.47560975609753,0.9674796747967478
Trincomalee,2022,3,230.2682926829268,1.024390243902439
Trincomalee,2022,4,204.68292682926827,0.9105691056910568
Trincomalee,2022,5,191.890243902439,0.8536585365853658
Trincomalee,2022,6,217.47560975609753,0.9674796747967478
Trincomalee,2022,7,243.06097560975607,1.0813008130081299
Trincomalee,2022,8,268.6463414634146,1.1951219512195121
Trincomalee,2022,9,307.0243902439024,1.3658536585365852
Trincomalee,2022,10,332.60975609756093,1.4796747967479673
Trincomalee,2022,11,358.19512195121945,1.5934959349593494
Trincomalee,2022,12,345.4024390243902,1.5365853658536586
Vavuniya,2022,1,126.80487804878048,0.8780487804878048
Vavuniya,2022,2,119.76016260162599,0.8292682926829267
Vavuniya,2022,3,126.80487804878048,0.8780487804878048
Vavuniya,2022,4,112.71544715447153,0.7804878048780487
Vavuniya,2022,5,105.67073170731707,0.7317073170731707
Vavuniya,2022,6,119.76016260162599,0.8292682926829267
Vavuniya,2022,7,133.84959349593495,0.9268292682926829
Vavuniya,2022,8,147.9390243902439,1.024390243902439
Vavuniya,2022,9,169.0731707317073,1.170731707317073
Vavuniya,2022,10,183.16260162601625,1.268292682926829
Vavuniya,2022,11,197.25203252032517,1.3658536585365852
Vavuniya,2022,12,190.20731707317074,1.3170731707317074
Ampara,2023,1,275.4878048780488,1.8292682926829267
Ampara,2023,2,260.18292682926824,1.727642276422764
Ampara,2023,3,275.4878048780488,1.8292682926829267
Ampara,2023,4,244.87804878048777,1.6260162601626014
Ampara,2023,5,229.5731707317073,1.524390243902439
Ampara,2023,6,260.18292682926824,1.727642276422764
Ampara,2023,7,290.79268292682923,1.9308943089430892
Ampara,2023,8,321.4024390243902,2.1341463414634143
Ampara,2023,9,367.31707317073165,2.4390243902439024
Ampara,2023,10,397.92682926829264,2.6422764227642275
Ampara,2023,11,428.53658536585357,2.8455284552845526
Ampara,2023,12,413.2317073170732,2.7439024390243905
Anuradhapura,2023,1,633.2195121951219,7.390243902439024
Anuradhapura,2023,2,598.0406504065039,6.979674796747966
Anuradhapura,2023,3,633.2195121951219,7.390243902439024
Anuradhapura,2023,4,562.8617886178861,6.56910569105691
Anuradhapura,2023,5,527.6829268292682,6.158536585365853
Anuradhapura,2023,6,598.0406504065039,6.979674796747966
Anuradhapura,2023,7,668.3983739837397,7.80081300813008
Anuradhapura,2023,8,738.7560975609755,8.621951219512194
Anuradhapura,2023,9,844.2926829268292,9.853658536585364
Anuradhapura,2023,10,914.650406504065,10.674796747967479
Anuradhapura,2023,11,985.0081300813007,11.495934959349592
Anuradhapura,2023,12,949.829268292683,11.085365853658537
Badulla,2023,1,757.0243902439024,8.341463414634147
Badulla,2023,2,714.9674796747967,7.878048780487804
Badulla,2023,3,757.0243902439024,8.341463414634147
Badulla,2023,4,672.910569105691,7.414634146341463
Badulla,2023,5,630.8536585365854,6.951219512195122
Badulla,2023,6,714.9674796747967,7.878048780487804
Badulla,2023,7,799.081300813008,8.804878048780486
Badulla,2023,8,883.1951219512194,9.73170731707317
Badulla,2023,9,1009.3658536585365,11.121951219512194
Badulla,2023,10,1093.479674796748,12.048780487804876
Badulla,2023,11,1177.5934959349593,12.975609756097558
Badulla,2023,12,1135.5365853658536,12.512195121951219
Batticaloa,2023,1,396.8780487804878,2.048780487804878
Batticaloa,2023,2,374.82926829268285,1.9349593495934956
Batticaloa,2023,3,396.8780487804878,2.048780487804878
Batticaloa,2023,4,352.780487804878,1.8211382113821135
Batticaloa,2023,5,330.7317073170732,1.7073170731707317
Batticaloa,2023,6,374.82926829268285,1.9349593495934956
Batticaloa,2023,7,418.92682926829264,2.1626016260162597
Batticaloa,2023,8,463.0243902439024,2.3902439024390243
Batticaloa,2023,9,529.170731707317,2.7317073170731705
Batticaloa,2023,10,573.2682926829268,2.9593495934959346
Batticaloa,2023,11,617.3658536585365,3.1869918699186988
Batticaloa,2023,12,595.3170731707318,3.073170731707317
Colombo,2023,1,1250.6341463414633,14.19512195121951
Colombo,2023,2,1181.1544715447153,13.406504065040648
Colombo,2023,3,1250.6341463414633,14.19512195121951
Colombo,2023,4,1111.6747967479673,12.617886178861788
Colombo,2023,5,1042.1951219512196,11.829268292682926
Colombo,2023,6,1181.1544715447153,13.406504065040648
Colombo,2023,7,1320.1138211382113,14.983739837398373
Colombo,2023,8,1459.0731707317073,16.560975609756095
Colombo,2023,9,1667.512195121951,18.926829268292682
Colombo,2023,10,1806.471544715447,20.504065040650406
Colombo,2023,11,1945.4308943089427,22.081300813008127
Colombo,2023,12,1875.9512195121952,21.29268292682927
Galle,2023,1,992.560975609756,8.634146341463413
Galle,2023,2,937.4186991869917,8.154471544715445
Galle,2023,3,992.560975609756,8.634146341463413
Galle,2023,4,882.2764227642275,7.674796747967479
Galle,2023,5,827.1341463414634,7.195121951219512
Galle,2023,6,937.4186991869917,8.154471544715445
Galle,2023,7,1047.7032520325201,9.113821138211382
Galle,2023,8,1157.9878048780488,10.073170731707316
Galle,2023,9,1323.4146341463413,11.512195121951219
Galle,2023,10,1433.6991869918697,12.471544715447154
Galle,2023,11,1543.9837398373982,13.430894308943087
Galle,2023,12,1488.841463414634,12.951219512195122
Gampaha,2023,1,1112.6341463414633,11.414634146341463
Gampaha,2023,2,1050.8211382113818,10.780487804878046
Gampaha,2023,3,1112.6341463414633,11.414634146341463
Gampaha,2023,4,989.0081300813007,10.146341463414632
Gampaha,2023,5,927.1951219512194,9.512195121951219
Gampaha,2023,6,1050.8211382113818,10.780487804878046
Gampaha,2023,7,1174.4471544715445,12.048780487804876
Gampaha,2023,8,1298.0731707317073,13.317073170731707
Gampaha,2023,9,1483.512195121951,15.219512195121949
Gampaha,2023,10,1607.1382113821137,16.48780487804878
Gampaha,2023,11,1730.7642276422762,17.756097560975608
Gampaha,2023,12,1668.9512195121952,17.121951219512194
Hambantota,2023,1,721.6829268292682,4.536585365853658
Hambantota,2023,2,681.5894308943089,4.284552845528454
Hambantota,2023,3,721.6829268292682,4.536585365853658
Hambantota,2023,4,641.4959349593495,4.032520325203252
Hambantota,2023,5,601.4024390243902,3.7804878048780486
Hambantota,2023,6,681.5894308943089,4.284552845528454
Hambantota,2023,7,761.7764227642275,4.788617886178861
Hambantota,2023,8,841.9634146341463,5.292682926829268
Hambantota,2023,9,962.2439024390243,6.048780487804877
Hambantota,2023,10,1042.430894308943,6.5528455284552845
Hambantota,2023,11,1122.6178861788617,7.05691056910569
Hambantota,2023,12,1082.5243902439024,6.804878048780488
Jaffna,2023,1,676.0975609756097,3.219512195121951
Jaffna,2023,2,638.5365853658535,3.0406504065040645
Jaffna,2023,3,676.0975609756097,3.219512195121951
Jaffna,2023,4,600.9756097560975,2.8617886178861784
Jaffna,2023,5,563.4146341463414,2.6829268292682924
Jaffna,2023,6,638.5365853658535,3.0406504065040645
Jaffna,2023,7,713.6585365853657,3.398373983739837
Jaffna,2023,8,788.780487804878,3.7560975609756095
Jaffna,2023,9,901.4634146341463,4.292682926829268
Jaffna,2023,10,976.5853658536585,4.650406504065041
Jaffna,2023,11,1051.7073170731705,5.008130081300812
Jaffna,2023,12,1014.1463414634146,4.829268292682927
Kalmunai,2023,1,695.8536585365853,1.6097560975609755
Kalmunai,2023,2,657.1951219512194,1.5203252032520322
Kalmunai,2023,3,695.8536585365853,1.6097560975609755
Kalmunai,2023,4,618.5365853658536,1.4308943089430892
Kalmunai,2023,5,579.8780487804878,1.3414634146341462
Kalmunai,2023,6,657.1951219512194,1.5203252032520322
Kalmunai,2023,7,734.5121951219511,1.6991869918699185
Kalmunai,2023,8,811.8292682926829,1.8780487804878048
Kalmunai,2023,9,927.8048780487804,2.146341463414634
Kalmunai,2023,10,1005.1219512195121,2.3252032520325203
Kalmunai,2023,11,1082.4390243902437,2.504065040650406
Kalmunai,2023,12,1043.780487804878,2.4146341463414633
Kalutara,2023,1,754.6097560975609,5.048780487804878
Kalutara,2023,2,712.6869918699185,4.768292682926829
Kalutara,2023,3,754.6097560975609,5.048780487804878
Kalutara,2023,4,670.7642276422763,4.48780487804878
Kalutara,2023,5,628.8414634146342,4.2073170731707314
Kalutara,2023,6,712.6869918699185,4.768292682926829
Kalutara,2023,7,796.5325203252031,5.329268292682926
Kalutara,2023,8,880.3780487804877,5.890243902439024
Kalutara,2023,9,1006.1463414634145,6.73170731707317
Kalutara,2023,10,1089.9918699186992,7.292682926829268
Kalutara,2023,11,1173.8373983739834,7.853658536585365
Kalutara,2023,12,1131.9146341463415,7.573170731707317
Kandy,2023,1,1039.6829268292681,15.585365853658535
Kandy,2023,2,981.9227642276421,14.719512195121949
Kandy,2023,3,1039.6829268292681,15.585365853658535
Kandy,2023,4,924.1626016260161,13.853658536585364
Kandy,2023,5,866.4024390243902,12.987804878048781
Kandy,2023,6,981.9227642276421,14.719512195121949
Kandy,2023,7,1097.4430894308941,16.45121951219512
Kandy,2023,8,1212.9634146341461,18.18292682926829
Kandy,2023,9,1386.2439024390242,20.780487804878046
Kandy,2023,10,1501.7642276422764,22.51219512195122
Kandy,2023,11,1617.2845528455282,24.243902439024385
Kandy,2023,12,1559.5243902439024,23.378048780487806
Kegalle,2023,1,446.4146341463414,6.439024390243902
Kegalle,2023,2,421.6138211382113,6.081300813008129
Kegalle,2023,3,446.4146341463414,6.439024390243902
Kegalle,2023,4,396.81300813008124,5.723577235772357
Kegalle,2023,5,372.0121951219512,5.365853658536585
Kegalle,2023,6,421.6138211382113,6.081300813008129
Kegalle,2023,7,471.21544715447146,6.796747967479674
Kegalle,2023,8,520.8170731707316,7.512195121951219
Kegalle,2023,9,595.2195121951219,8.585365853658535
Kegalle,2023,10,644.821138211382,9.300813008130081
Kegalle,2023,11,694.4227642276421,10.016260162601624
Kegalle,2023,12,669.6219512195122,9.658536585365853
Kilinochchi,2023,1,135.0,0.36585365853658536
Kilinochchi,2023,2,127.49999999999997,0.3455284552845528
Kilinochchi,2023,3,135.0,0.36585365853658536
Kilinochchi,2023,4,119.99999999999999,0.3252032520325203
Kilinochchi,2023,5,112.5,0.3048780487804878
Kilinochchi,2023,6,127.49999999999997,0.3455284552845528
Kilinochchi,2023,7,142.49999999999997,0.3861788617886178
Kilinochchi,2023,8,157.5,0.42682926829268286
Kilinochchi,2023,9,179.99999999999997,0.4878048780487804
Kilinochchi,2023,10,194.99999999999997,0.5284552845528455
Kilinochchi,2023,11,209.99999999999997,0.5691056910569104
Kilinochchi,2023,12,202.5,0.5487804878048781
Kurunegala,2023,1,1203.5853658536585,7.463414634146341
Kurunegala,2023,2,1136.7195121951218,7.048780487804876
Kurunegala,2023,3,1203.5853658536585,7.463414634146341
Kurunegala,2023,4,1069.8536585365853,6.634146341463414
Kurunegala,2023,5,1002.9878048780488,6.219512195121951
Kurunegala,2023,6,1136.7195121951218,7.048780487804876
Kurunegala,2023,7,1270.451219512195,7.878048780487804
Kurunegala,2023,8,1404.1829268292681,8.707317073170731
Kurunegala,2023,9,1604.7804878048778,9.95121951219512
Kurunegala,2023,10,1738.512195121951,10.780487804878048
Kurunegala,2023,11,1872.2439024390242,11.609756097560973
Kurunegala,2023,12,1805.378048780488,11.195121951219512
Mannar,2023,1,69.07317073170731,0.2195121951219512
Mannar,2023,2,65.23577235772356,0.20731707317073167
Mannar,2023,3,69.07317073170731,0.2195121951219512
Mannar,2023,4,61.39837398373983,0.19512195121951217
Mannar,2023,5,57.5609756097561,0.18292682926829268
Mannar,2023,6,65.23577235772356,0.20731707317073167
Mannar,2023,7,72.91056910569105,0.23170731707317072
Mannar,2023,8,80.58536585365853,0.25609756097560976
Mannar,2023,9,92.09756097560975,0.2926829268292683
Mannar,2023,10,99.77235772357723,0.31707317073170727
Mannar,2023,11,107.44715447154469,0.3414634146341463
Mannar,2023,12,103.60975609756098,0.32926829268292684
Matale,2023,1,390.36585365853654,8.560975609756097
Matale,2023,2,368.67886178861784,8.085365853658535
Matale,2023,3,390.36585365853654,8.560975609756097
Matale,2023,4,346.99186991869914,7.609756097560974
Matale,2023,5,325.3048780487805,7.134146341463414
Matale,2023,6,368.67886178861784,8.085365853658535
Matale,2023,7,412.05284552845524,9.036585365853657
Matale,2023,8,455.42682926829264,9.98780487804878
Matale,2023,9,520.4878048780487,11.414634146341463
Matale,2023,10,563.8617886178862,12.365853658536585
Matale,2023,11,607.2357723577235,13.317073170731705
Matale,2023,12,585.5487804878048,12.841463414634147
Matara,2023,1,582.8780487804878,3.8780487804878048
Matara,2023,2,550.4959349593495,3.6626016260162597
Matara,2023,3,582.8780487804878,3.8780487804878048
Matara,2023,4,518.1138211382113,3.447154471544715
Matara,2023,5,485.7317073170732,3.2317073170731705
Matara,2023,6,550.4959349593495,3.6626016260162597
Matara,2023,7,615.2601626016259,4.093495934959349
Matara,2023,8,680.0243902439024,4.524390243902439
Matara,2023,9,777.170731707317,5.170731707317072
Matara,2023,10,841.9349593495934,5.6016260162601625
Matara,2023,11,906.6991869918697,6.032520325203251
Matara,2023,12,874.3170731707318,5.817073170731708
Monaragala,2023,1,487.7560975609756,4.609756097560975
Monaragala,2023,2,460.65853658536577,4.353658536585365
Monaragala,2023,3,487.7560975609756,4.609756097560975
Monaragala,2023,4,433.56097560975604,4.097560975609755
Monaragala,2023,5,406.4634146341463,3.841463414634146
Monaragala,2023,6,460.65853658536577,4.353658536585365
Monaragala,2023,7,514.8536585365853,4.865853658536585
Monaragala,2023,8,569.0487804878048,5.378048780487805
Monaragala,2023,9,650.3414634146341,6.146341463414633
Monaragala,2023,10,704.5365853658536,6.658536585365853
Monaragala,2023,11,758.7317073170731,7.1707317073170715
Monaragala,2023,12,731.6341463414634,6.914634146341464
Mullaitivu,2023,1,86.6341463414634,0.9512195121951219
Mullaitivu,2023,2,81.8211382113821,0.8983739837398372
Mullaitivu,2023,3,86.6341463414634,0.9512195121951219
Mullaitivu,2023,4,77.0081300813008,0.8455284552845528
Mullaitivu,2023,5,72.1951219512195,0.7926829268292683
Mullaitivu,2023,6,81.8211382113821,0.8983739837398372
Mullaitivu,2023,7,91.4471544715447,1.0040650406504064
Mullaitivu,2023,8,101.07317073170731,1.1097560975609755
Mullaitivu,2023,9,115.51219512195121,1.268292682926829
Mullaitivu,2023,10,125.13821138211381,1.3739837398373982
Mullaitivu,2023,11,134.7642276422764,1.4796747967479673
Mullaitivu,2023,12,129.9512195121951,1.4268292682926829
Nuwara Eliya,2023,1,423.5121951219512,6.512195121951219
Nuwara Eliya,2023,2,399.9837398373983,6.15040650406504
Nuwara Eliya,2023,3,423.5121951219512,6.512195121951219
Nuwara Eliya,2023,4,376.4552845528455,5.788617886178861
Nuwara Eliya,2023,5,352.9268292682927,5.426829268292683
Nuwara Eliya,2023,6,399.9837398373983,6.15040650406504
Nuwara Eliya,2023,7,447.040650406504,6.8739837398373975
Nuwara Eliya,2023,8,494.0975609756097,7.597560975609755
Nuwara Eliya,2023,9,564.6829268292682,8.682926829268292
Nuwara Eliya,2023,10,611.739837398374,9.40650406504065
Nuwara Eliya,2023,11,658.7967479674795,10.130081300813007
Nuwara Eliya,2023,12,635.2682926829268,9.768292682926829
Polonnaruwa,2023,1,348.5853658536585,4.024390243902439
Polonnaruwa,2023,2,329.21951219512187,3.8008130081300804
Polonnaruwa,2023,3,348.5853658536585,4.024390243902439
Polonnaruwa,2023,4,309.8536585365853,3.577235772357723
Polonnaruwa,2023,5,290.4878048780488,3.3536585365853657
Polonnaruwa,2023,6,329.21951219512187,3.8008130081300804
Polonnaruwa,2023,7,367.95121951219505,4.247967479674796
Polonnaruwa,2023,8,406.68292682926824,4.6951219512195115
Polonnaruwa,2023,9,464.780487804878,5.365853658536585
Polonnaruwa,2023,10,503.5121951219512,5.8130081300813
Polonnaruwa,2023,11,542.2439024390243,6.260162601626015
Polonnaruwa,2023,12,522.8780487804878,6.036585365853658
Puttalam,2023,1,315.29268292682923,1.3170731707317072
Puttalam,2023,2,297.77642276422756,1.24390243902439
Puttalam,2023,3,315.29268292682923,1.3170731707317072
Puttalam,2023,4,280.260162601626,1.170731707317073
Puttalam,2023,5,262.7439024390244,1.0975609756097562
Puttalam,2023,6,297.77642276422756,1.24390243902439
Puttalam,2023,7,332.80894308943084,1.3902439024390243
Puttalam,2023,8,367.8414634146341,1.5365853658536583
Puttalam,2023,9,420.39024390243895,1.7560975609756095
Puttalam,2023,10,455.42276422764223,1.9024390243902438
Puttalam,2023,11,490.45528455284546,2.0487804878048776
Puttalam,2023,12,472.9390243902439,1.975609756097561
Ratnapura,2023,1,1130.2682926829268,9.21951219512195
Ratnapura,2023,2,1067.4756097560974,8.70731707317073
Ratnapura,2023,3,1130.2682926829268,9.21951219512195
Ratnapura,2023,4,1004.6829268292682,8.19512195121951
Ratnapura,2023,5,941.890243902439,7.682926829268292
Ratnapura,2023,6,1067.4756097560974,8.70731707317073
Ratnapura,2023,7,1193.060975609756,9.73170731707317
Ratnapura,2023,8,1318.6463414634145,10.75609756097561
Ratnapura,2023,9,1507.0243902439022,12.292682926829267
Ratnapura,2023,10,1632.6097560975609,13.317073170731707
Ratnapura,2023,11,1758.195121951219,14.341463414634143
Ratnapura,2023,12,1695.4024390243903,13.829268292682928
Trincomalee,2023,1,183.9512195121951,0.8048780487804877
Trincomalee,2023,2,173.73170731707313,0.7601626016260161
Trincomalee,2023,3,183.9512195121951,0.8048780487804877
Trincomalee,2023,4,163.5121951219512,0.7154471544715446
Trincomalee,2023,5,153.29268292682926,0.6707317073170731
Trincomalee,2023,6,173.73170731707313,0.7601626016260161
Trincomalee,2023,7,194.17073170731706,0.8495934959349593
Trincomalee,2023,8,214.60975609756096,0.9390243902439024
Trincomalee,2023,9,245.2682926829268,1.073170731707317
Trincomalee,2023,10,265.7073170731707,1.1626016260162602
Trincomalee,2023,11,286.14634146341456,1.252032520325203
Trincomalee,2023,12,275.9268292682927,1.2073170731707317
Vavuniya,2023,1,50.853658536585364,0.9512195121951219
Vavuniya,2023,2,48.028455284552834,0.8983739837398372
Vavuniya,2023,3,50.853658536585364,0.9512195121951219
Vavuniya,2023,4,45.20325203252032,0.8455284552845528
Vavuniya,2023,5,42.3780487804878,0.7926829268292683
Vavuniya,2023,6,48.028455284552834,0.8983739837398372
Vavuniya,2023,7,53.67886178861788,1.0040650406504064
Vavuniya,2023,8,59.32926829268292,1.1097560975609755
Vavuniya,2023,9,67.80487804878048,1.268292682926829
Vavuniya,2023,10,73.45528455284553,1.3739837398373982
Vavuniya,2023,11,79.10569105691056,1.4796747967479673
Vavuniya,2023,12,76.28048780487805,1.4268292682926829
Ampara,2024,1,204.14634146341461,2.6341463414634143
Ampara,2024,2,192.80487804878047,2.48780487804878
Ampara,2024,3,204.14634146341461,2.6341463414634143
Ampara,2024,4,181.46341463414632,2.341463414634146
Ampara,2024,5,170.1219512195122,2.1951219512195124
Ampara,2024,6,192.80487804878047,2.48780487804878
Ampara,2024,7,215.48780487804876,2.7804878048780486
Ampara,2024,8,238.17073170731706,3.0731707317073167
Ampara,2024,9,272.1951219512195,3.512195121951219
Ampara,2024,10,294.8780487804878,3.8048780487804876
Ampara,2024,11,317.56097560975604,4.097560975609755
Ampara,2024,12,306.219512195122,3.951219512195122
Anuradhapura,2024,1,635.8536585365853,8.121951219512194
Anuradhapura,2024,2,600.5284552845527,7.6707317073170715
Anuradhapura,2024,3,635.8536585365853,8.121951219512194
Anuradhapura,2024,4,565.2032520325203,7.2195121951219505
Anuradhapura,2024,5,529.8780487804878,6.7682926829268295
Anuradhapura,2024,6,600.5284552845527,7.6707317073170715
Anuradhapura,2024,7,671.1788617886178,8.573170731707316
Anuradhapura,2024,8,741.8292682926829,9.47560975609756
Anuradhapura,2024,9,847.8048780487804,10.829268292682926
Anuradhapura,2024,10,918.4552845528455,11.73170731707317
Anuradhapura,2024,11,989.1056910569104,12.634146341463412
Anuradhapura,2024,12,953.780487804878,12.182926829268293
Badulla,2024,1,826.0243902439024,6.146341463414633
Badulla,2024,2,780.1341463414633,5.804878048780487
Badulla,2024,3,826.0243902439024,6.146341463414633
Badulla,2024,4,734.2439024390243,5.463414634146341
Badulla,2024,5,688.3536585365854,5.121951219512195
Badulla,2024,6,780.1341463414633,5.804878048780487
Badulla,2024,7,871.9146341463413,6.48780487804878
Badulla,2024,8,963.6951219512194,7.170731707317072
Badulla,2024,9,1101.3658536585365,8.19512195121951
Badulla,2024,10,1193.1463414634145,8.878048780487804
Badulla,2024,11,1284.9268292682925,9.560975609756095
Badulla,2024,12,1239.0365853658536,9.21951219512195
Batticaloa,2024,1,373.3170731707317,1.7560975609756095
Batticaloa,2024,2,352.57723577235765,1.6585365853658534
Batticaloa,2024,3,373.3170731707317,1.7560975609756095
Batticaloa,2024,4,331.8373983739837,1.5609756097560974
Batticaloa,2024,5,311.0975609756097,1.4634146341463414
Batticaloa,2024,6,352.57723577235765,1.6585365853658534
Batticaloa,2024,7,394.05691056910564,1.8536585365853657
Batticaloa,2024,8,435.5365853658536,2.048780487804878
Batticaloa,2024,9,497.75609756097555,2.341463414634146
Batticaloa,2024,10,539.2357723577236,2.536585365853658
Batticaloa,2024,11,580.7154471544715,2.7317073170731705
Batticaloa,2024,12,559.9756097560976,2.6341463414634148
Colombo,2024,1,1020.7317073170731,14.19512195121951
Colombo,2024,2,964.0243902439023,13.406504065040648
Colombo,2024,3,1020.7317073170731,14.19512195121951
Colombo,2024,4,907.3170731707316,12.617886178861788
Colombo,2024,5,850.609756097561,11.829268292682926
Colombo,2024,6,964.0243902439023,13.406504065040648
Colombo,2024,7,1077.4390243902437,14.983739837398373
Colombo,2024,8,1190.8536585365853,16.560975609756095
Colombo,2024,9,1360.9756097560974,18.926829268292682
Colombo,2024,10,1474.390243902439,20.504065040650406
Colombo,2024,11,1587.8048780487802,22.081300813008127
Colombo,2024,12,1531.0975609756097,21.29268292682927
Galle,2024,1,960.5853658536585,7.7560975609756095
Galle,2024,2,907.2195121951218,7.325203252032519
Galle,2024,3,960.5853658536585,7.7560975609756095
Galle,2024,4,853.8536585365853,6.89430894308943
Galle,2024,5,800.4878048780488,6.463414634146341
Galle,2024,6,907.2195121951218,7.325203252032519
Galle,2024,7,1013.9512195121949,8.186991869918698
Galle,2024,8,1120.6829268292681,9.048780487804878
Galle,2024,9,1280.780487804878,10.341463414634145
Galle,2024,10,1387.5121951219512,11.203252032520325
Galle,2024,11,1494.2439024390242,12.065040650406502
Galle,2024,12,1440.878048780488,11.634146341463415
Gampaha,2024,1,1119.1463414634145,8.414634146341463
Gampaha,2024,2,1056.971544715447,7.947154471544714
Gampaha,2024,3,1119.1463414634145,8.414634146341463
Gampaha,2024,4,994.7967479674795,7.479674796747966
Gampaha,2024,5,932.6219512195122,7.012195121951219
Gampaha,2024,6,1056.971544715447,7.947154471544714
Gampaha,2024,7,1181.321138211382,8.88211382113821
Gampaha,2024,8,1305.670731707317,9.817073170731707
Gampaha,2024,9,1492.1951219512193,11.21951219512195
Gampaha,2024,10,1616.5447154471544,12.154471544715447
Gampaha,2024,11,1740.894308943089,13.089430894308942
Gampaha,2024,12,1678.719512195122,12.621951219512194
Hambantota,2024,1,677.780487804878,2.7804878048780486
Hambantota,2024,2,640.1260162601625,2.626016260162601
Hambantota,2024,3,677.780487804878,2.7804878048780486
Hambantota,2024,4,602.4715447154471,2.471544715447154
Hambantota,2024,5,564.8170731707316,2.317073170731707
Hambantota,2024,6,640.1260162601625,2.626016260162601
Hambantota,2024,7,715.4349593495934,2.9349593495934956
Hambantota,2024,8,790.7439024390243,3.24390243902439
Hambantota,2024,9,903.7073170731707,3.7073170731707314
Hambantota,2024,10,979.0162601626015,4.016260162601625
Hambantota,2024,11,1054.3252032520325,4.325203252032519
Hambantota,2024,12,1016.670731707317,4.170731707317073
Jaffna,2024,1,695.7073170731707,2.5609756097560976
Jaffna,2024,2,657.0569105691055,2.4186991869918693
Jaffna,2024,3,695.7073170731707,2.5609756097560976
Jaffna,2024,4,618.4065040650406,2.2764227642276422
Jaffna,2024,5,579.7560975609756,2.1341463414634148
Jaffna,2024,6,657.0569105691055,2.4186991869918693
Jaffna,2024,7,734.3577235772357,2.7032520325203246
Jaffna,2024,8,811.6585365853658,2.98780487804878
Jaffna,2024,9,927.6097560975609,3.414634146341463
Jaffna,2024,10,1004.910569105691,3.6991869918699183
Jaffna,2024,11,1082.211382113821,3.9837398373983732
Jaffna,2024,12,1043.560975609756,3.841463414634146
Kalmunai,2024,1,714.4390243902438,0.5121951219512195
Kalmunai,2024,2,674.7479674796747,0.4837398373983739
Kalmunai,2024,3,714.4390243902438,0.5121951219512195
Kalmunai,2024,4,635.0569105691056,0.4552845528455284
Kalmunai,2024,5,595.3658536585366,0.4268292682926829
Kalmunai,2024,6,674.7479674796747,0.4837398373983739
Kalmunai,2024,7,754.1300813008129,0.5406504065040649
Kalmunai,2024,8,833.5121951219511,0.5975609756097561
Kalmunai,2024,9,952.5853658536585,0.6829268292682926
Kalmunai,2024,10,1031.9674796747968,0.7398373983739837
Kalmunai,2024,11,1111.3495934959349,0.7967479674796747
Kalmunai,2024,12,1071.658536585366,0.7682926829268293
Kalutara,2024,1,732.2195121951219,3.951219512195122
Kalutara,2024,2,691.5406504065039,3.73170731707317
Kalutara,2024,3,732.2195121951219,3.951219512195122
Kalutara,2024,4,650.8617886178861,3.512195121951219
Kalutara,2024,5,610.1829268292682,3.292682926829268
Kalutara,2024,6,691.5406504065039,3.73170731707317
Kalutara,2024,7,772.8983739837397,4.170731707317072
Kalutara,2024,8,854.2560975609755,4.609756097560975
Kalutara,2024,9,976.2926829268291,5.268292682926829
Kalutara,2024,10,1057.650406504065,5.7073170731707314
Kalutara,2024,11,1139.0081300813006,6.146341463414633
Kalutara,2024,12,1098.3292682926829,5.926829268292683
Kandy,2024,1,1137.8780487804877,12.512195121951219
Kandy,2024,2,1074.662601626016,11.817073170731705
Kandy,2024,3,1137.8780487804877,12.512195121951219
Kandy,2024,4,1011.4471544715446,11.121951219512194
Kandy,2024,5,948.2317073170732,10.426829268292682
Kandy,2024,6,1074.662601626016,11.817073170731705
Kandy,2024,7,1201.0934959349593,13.20731707317073
Kandy,2024,8,1327.5243902439024,14.597560975609754
Kandy,2024,9,1517.170731707317,16.68292682926829
Kandy,2024,10,1643.60162601626,18.073170731707314
Kandy,2024,11,1770.032520325203,19.46341463414634
Kandy,2024,12,1706.8170731707316,18.76829268292683
Kegalle,2024,1,493.60975609756093,7.97560975609756
Kegalle,2024,2,466.1869918699186,7.532520325203251
Kegalle,2024,3,493.60975609756093,7.97560975609756
Kegalle,2024,4,438.76422764227635,7.089430894308943
Kegalle,2024,5,411.3414634146341,6.646341463414634
Kegalle,2024,6,466.1869918699186,7.532520325203251
Kegalle,2024,7,521.0325203252032,8.41869918699187
Kegalle,2024,8,575.8780487804878,9.304878048780488
Kegalle,2024,9,658.1463414634146,10.634146341463413
Kegalle,2024,10,712.9918699186991,11.520325203252032
Kegalle,2024,11,767.8373983739837,12.406504065040648
Kegalle,2024,12,740.4146341463414,11.963414634146341
Kilinochchi,2024,1,107.26829268292683,0.14634146341463414
Kilinochchi,2024,2,101.30894308943087,0.1382113821138211
Kilinochchi,2024,3,107.26829268292683,0.14634146341463414
Kilinochchi,2024,4,95.34959349593495,0.13008130081300812
Kilinochchi,2024,5,89.39024390243902,0.12195121951219512
Kilinochchi,2024,6,101.30894308943087,0.1382113821138211
Kilinochchi,2024,7,113.22764227642276,0.15447154471544713
Kilinochchi,2024,8,125.14634146341463,0.17073170731707316
Kilinochchi,2024,9,143.02439024390242,0.19512195121951217
Kilinochchi,2024,10,154.9430894308943,0.2113821138211382
Kilinochchi,2024,11,166.86178861788616,0.2276422764227642
Kilinochchi,2024,12,160.90243902439025,0.21951219512195122
Kurunegala,2024,1,1365.7317073170732,8.707317073170731
Kurunegala,2024,2,1289.8577235772354,8.223577235772357
Kurunegala,2024,3,1365.7317073170732,8.707317073170731
Kurunegala,2024,4,1213.9837398373982,7.739837398373983
Kurunegala,2024,5,1138.1097560975609,7.2560975609756095
Kurunegala,2024,6,1289.8577235772354,8.223577235772357
Kurunegala,2024,7,1441.6056910569105,9.191056910569104
Kurunegala,2024,8,1593.3536585365853,10.158536585365853
Kurunegala,2024,9,1820.9756097560974,11.609756097560973
Kurunegala,2024,10,1972.7235772357722,12.577235772357723
Kurunegala,2024,11,2124.4715447154467,13.54471544715447
Kurunegala,2024,12,2048.5975609756097,13.060975609756097
Mannar,2024,1,53.70731707317073,0.2195121951219512
Mannar,2024,2,50.723577235772346,0.20731707317073167
Mannar,2024,3,53.70731707317073,0.2195121951219512
Mannar,2024,4,47.73983739837398,0.19512195121951217
Mannar,2024,5,44.75609756097561,0.18292682926829268
Mannar,2024,6,50.723577235772346,0.20731707317073167
Mannar,2024,7,56.691056910569095,0.23170731707317072
Mannar,2024,8,62.65853658536585,0.25609756097560976
Mannar,2024,9,71.60975609756096,0.2926829268292683
Mannar,2024,10,77.57723577235772,0.31707317073170727
Mannar,2024,11,83.54471544715446,0.3414634146341463
Mannar,2024,12,80.5609756097561,0.32926829268292684
Matale,2024,1,387.2195121951219,6.512195121951219
Matale,2024,2,365.70731707317066,6.15040650406504
Matale,2024,3,387.2195121951219,6.512195121951219
Matale,2024,4,344.19512195121945,5.788617886178861
Matale,2024,5,322.6829268292683,5.426829268292683
Matale,2024,6,365.70731707317066,6.15040650406504
Matale,2024,7,408.73170731707313,6.8739837398373975
Matale,2024,8,451.75609756097555,7.597560975609755
Matale,2024,9,516.2926829268292,8.682926829268292
Matale,2024,10,559.3170731707316,9.40650406504065
Matale,2024,11,602.3414634146341,10.130081300813007
Matale,2024,12,580.829268292683,9.768292682926829
Matara,2024,1,548.4146341463414,2.926829268292683
Matara,2024,2,517.9471544715446,2.7642276422764223
Matara,2024,3,548.4146341463414,2.926829268292683
Matara,2024,4,487.47967479674793,2.6016260162601625
Matara,2024,5,457.0121951219512,2.4390243902439024
Matara,2024,6,517.9471544715446,2.7642276422764223
Matara,2024,7,578.8821138211381,3.0894308943089426
Matara,2024,8,639.8170731707316,3.414634146341463
Matara,2024,9,731.2195121951219,3.9024390243902434
Matara,2024,10,792.1544715447154,4.227642276422764
Matara,2024,11,853.0894308943087,4.552845528455284
Matara,2024,12,822.6219512195122,4.390243902439025
Monaragala,2024,1,120.51219512195121,4.024390243902439
Monaragala,2024,2,113.81707317073169,3.8008130081300804
Monaragala,2024,3,120.51219512195121,4.024390243902439
Monaragala,2024,4,107.12195121951218,3.577235772357723
Monaragala,2024,5,100.42682926829268,3.3536585365853657
Monaragala,2024,6,113.81707317073169,3.8008130081300804
Monaragala,2024,7,127.20731707317071,4.247967479674796
Monaragala,2024,8,140.59756097560975,4.6951219512195115
Monaragala,2024,9,160.68292682926827,5.365853658536585
Monaragala,2024,10,174.0731707317073,5.8130081300813
Monaragala,2024,11,187.46341463414632,6.260162601626015
Monaragala,2024,12,180.76829268292684,6.036585365853658
Mullaitivu,2024,1,65.34146341463415,0.2195121951219512
Mullaitivu,2024,2,61.711382113821124,0.20731707317073167
Mullaitivu,2024,3,65.34146341463415,0.2195121951219512
Mullaitivu,2024,4,58.08130081300813,0.19512195121951217
Mullaitivu,2024,5,54.451219512195124,0.18292682926829268
Mullaitivu,2024,6,61.711382113821124,0.20731707317073167
Mullaitivu,2024,7,68.97154471544715,0.23170731707317072
Mullaitivu,2024,8,76.23170731707316,0.25609756097560976
Mullaitivu,2024,9,87.12195121951218,0.2926829268292683
Mullaitivu,2024,10,94.3821138211382,0.31707317073170727
Mullaitivu,2024,11,101.64227642276421,0.3414634146341463
Mullaitivu,2024,12,98.01219512195122,0.32926829268292684
Nuwara Eliya,2024,1,402.0731707317073,5.268292682926829
Nuwara Eliya,2024,2,379.73577235772353,4.97560975609756
Nuwara Eliya,2024,3,402.0731707317073,5.268292682926829
Nuwara Eliya,2024,4,357.3983739837398,4.682926829268292
Nuwara Eliya,2024,5,335.0609756097561,4.390243902439025
Nuwara Eliya,2024,6,379.73577235772353,4.97560975609756
Nuwara Eliya,2024,7,424.410569105691,5.560975609756097
Nuwara Eliya,2024,8,469.0853658536585,6.146341463414633
Nuwara Eliya,2024,9,536.0975609756097,7.024390243902438
Nuwara Eliya,2024,10,580.7723577235772,7.609756097560975
Nuwara Eliya,2024,11,625.4471544715446,8.19512195121951
Nuwara Eliya,2024,12,603.109756097561,7.902439024390244
Polonnaruwa,2024,1,331.390243902439,3.6585365853658534
Polonnaruwa,2024,2,312.97967479674793,3.455284552845528
Polonnaruwa,2024,3,331.390243902439,3.6585365853658534
Polonnaruwa,2024,4,294.5691056910569,3.2520325203252027
Polonnaruwa,2024,5,276.1585365853658,3.048780487804878
Polonnaruwa,2024,6,312.97967479674793,3.455284552845528
Polonnaruwa,2024,7,349.80081300813004,3.8617886178861784
Polonnaruwa,2024,8,386.62195121951214,4.268292682926829
Polonnaruwa,2024,9,441.8536585365853,4.878048780487805
Polonnaruwa,2024,10,478.67479674796743,5.284552845528455
Polonnaruwa,2024,11,515.4959349593495,5.691056910569105
Polonnaruwa,2024,12,497.0853658536585,5.487804878048781
Puttalam,2024,1,339.0,1.8292682926829267
Puttalam,2024,2,320.16666666666663,1.727642276422764
Puttalam,2024,3,339.0,1.8292682926829267
Puttalam,2024,4,301.3333333333333,1.6260162601626014
Puttalam,2024,5,282.5,1.524390243902439
Puttalam,2024,6,320.16666666666663,1.727642276422764
Puttalam,2024,7,357.8333333333333,1.9308943089430892
Puttalam,2024,8,395.49999999999994,2.1341463414634143
Puttalam,2024,9,451.99999999999994,2.4390243902439024
Puttalam,2024,10,489.66666666666663,2.6422764227642275
Puttalam,2024,11,527.3333333333333,2.8455284552845526
Puttalam,2024,12,508.5,2.7439024390243905
Ratnapura,2024,1,1019.9268292682926,4.024390243902439
Ratnapura,2024,2,963.2642276422763,3.8008130081300804
Ratnapura,2024,3,1019.9268292682926,4.024390243902439
Ratnapura,2024,4,906.6016260162601,3.577235772357723
Ratnapura,2024,5,849.9390243902438,3.3536585365853657
Ratnapura,2024,6,963.2642276422763,3.8008130081300804
Ratnapura,2024,7,1076.5894308943089,4.247967479674796
Ratnapura,2024,8,1189.9146341463413,4.6951219512195115
Ratnapura,2024,9,1359.90243902439,5.365853658536585
Ratnapura,2024,10,1473.2276422764226,5.8130081300813
Ratnapura,2024,11,1586.552845528455,6.260162601626015
Ratnapura,2024,12,1529.8902439024391,6.036585365853658
Trincomalee,2024,1,137.48780487804876,0.8048780487804877
Trincomalee,2024,2,129.84959349593493,0.7601626016260161
Trincomalee,2024,3,137.48780487804876,0.8048780487804877
Trincomalee,2024,4,122.21138211382113,0.7154471544715446
Trincomalee,2024,5,114.57317073170732,0.6707317073170731
Trincomalee,2024,6,129.84959349593493,0.7601626016260161
Trincomalee,2024,7,145.12601626016257,0.8495934959349593
Trincomalee,2024,8,160.40243902439022,0.9390243902439024
Trincomalee,2024,9,183.31707317073167,1.073170731707317
Trincomalee,2024,10,198.59349593495932,1.1626016260162602
Trincomalee,2024,11,213.86991869918697,1.252032520325203
Trincomalee,2024,12,206.23170731707316,1.2073170731707317
Vavuniya,2024,1,26.926829268292682,0.5853658536585366
Vavuniya,2024,2,25.430894308943085,0.5528455284552845
Vavuniya,2024,3,26.926829268292682,0.5853658536585366
Vavuniya,2024,4,23.934959349593495,0.5203252032520325
Vavuniya,2024,5,22.4390243902439,0.4878048780487805
Vavuniya,2024,6,25.430894308943085,0.5528455284552845
Vavuniya,2024,7,28.422764227642272,0.6178861788617885
Vavuniya,2024,8,31.41463414634146,0.6829268292682926
Vavuniya,2024,9,35.90243902439024,0.7804878048780487
Vavuniya,2024,10,38.89430894308943,0.8455284552845528
Vavuniya,2024,11,41.88617886178861,0.9105691056910568
Vavuniya,2024,12,40.390243902439025,0.8780487804878049
