district,province,year,month_name,vim,vim_avg,forest statust,viq,brightness,bright_t31,Fire Radiative Power,population,respiratory_cases,deaths,respiratory_cases_per_100k,deaths_per_100k,Unnamed: 16,missing_any_core,Unnamed: 18,Unnamed: 19
Ampara,Eastern,2014,January,0.795289333,0.783309713,Healthy,101.439978,,,,666000,184,1,27.75214239,0.186772138,,True,,2871.0
Ampara,Eastern,2014,February,0.756012707,0.7432987,Healthy,101.5974153,,,,666670,174,1,26.18401542,0.176218631,,True,,
Ampara,Eastern,2014,March,0.695383433,0.699393903,Healthy,99.45482333,321.775,300.5,10.425,667330,184,1,27.6968319,0.186399898,,False,,1873.0
Ampara,Eastern,2014,April,0.664488883,0.683114263,Healthy,97.45943167,325.35,302.075,14.775,668000,164,1,24.59471301,0.165522613,,False,,
Ampara,Eastern,2014,May,0.683395933,0.69424426,Healthy,98.53989333,320.7,306.1,10.3,668670,154,1,23.03444004,0.155021964,,False,,
Ampara,Eastern,2014,June,0.67652832,0.69607917,Healthy,97.37266,320.65,299.12,18.225,669330,174,1,26.07995691,0.175518317,,False,,
Ampara,Eastern,2014,July,0.617347593,0.66297264,Healthy,93.590662,323.9148936,298.8276596,18.39574468,670000,195,1,29.11903895,0.195971363,,False,,
Ampara,Eastern,2014,August,0.59187026,0.629752123,Degraded,94.43391267,326.4340909,294.5568182,18.19090909,670670,215,1,32.1520489,0.216383544,,False,,
Ampara,Eastern,2014,September,0.625181607,0.632959433,Degraded,98.8504,326.6,298.9375,28.05,671330,246,1,36.70907369,0.247052357,,False,,
Ampara,Eastern,2014,October,0.682458483,0.672698457,Healthy,101.3500483,311.55,290.8,42.3,672000,266,1,39.72851336,0.267373209,,False,,
Ampara,Eastern,2014,November,0.7335857,0.73024149,Healthy,100.4338233,320.9,299.8,8.8,672670,287,1,42.74193812,0.287653582,,False,,
Ampara,Eastern,2014,December,0.771218337,0.776660733,Healthy,99.345778,,,,673330,277,1,41.17504083,0.277108351,,True,,
Ampara,Eastern,2015,January,0.767779567,0.783309713,Healthy,98.13521,315.95,298.7,10.35,674000,207,1,30.77730332,0.227980025,,False,,
Ampara,Eastern,2015,February,0.733295207,0.7432987,Healthy,98.74668667,,,,675000,195,1,29.02439024,0.214995483,,True,,
Ampara,Eastern,2015,March,0.703127643,0.699393903,Healthy,100.5038233,,,,676000,207,1,30.68624621,0.227305527,,True,,
Ampara,Eastern,2015,April,0.693901367,0.683114263,Healthy,101.4711733,326.3,306.5,13.4,677000,184,1,27.23637281,0.20175091,,False,,
Ampara,Eastern,2015,May,0.71925622,0.69424426,Healthy,103.3559137,319.95,297.35,11.5,678000,172,1,25.49643859,0.188862508,,False,,
Ampara,Eastern,2015,June,0.74195554,0.69607917,Healthy,106.1501167,317.6,299.05,7.55,679000,195,1,28.85340709,0.213728941,,False,,
Ampara,Eastern,2015,July,0.696729643,0.66297264,Healthy,104.719212,320.2,297.5764706,11.63529412,680000,218,1,32.20050215,0.238522238,,False,,
Ampara,Eastern,2015,August,0.641204533,0.629752123,Degraded,101.6818017,327.3641026,299.6012821,21.32307692,681000,242,1,35.53776727,0.263242721,,False,,
Ampara,Eastern,2015,September,0.65402468,0.632959433,Degraded,103.0766553,322.14,296.5133333,16.98666667,682000,276,2,40.55503898,0.300407696,,False,,
Ampara,Eastern,2015,October,0.70898638,0.672698457,Healthy,105.0204737,314.2,293.6,33.7,683000,299,2,43.87029961,0.324965182,,False,,
Ampara,Eastern,2015,November,0.75852856,0.73024149,Healthy,103.636275,,,,684000,322,2,47.1758665,0.349450863,,True,,
Ampara,Eastern,2015,December,0.797919713,0.776660733,Healthy,102.57265,,,,685000,311,2,45.42460388,0.336478547,,True,,
Ampara,Eastern,2016,January,0.79570565,0.783309713,Healthy,101.4844633,,,,686000,198,1,28.92697149,0.181326886,,True,,
Ampara,Eastern,2016,February,0.746540763,0.7432987,Healthy,100.4060217,321.5,306.3,7.3,687170,187,1,27.27340165,0.170961589,,False,,
Ampara,Eastern,2016,March,0.697747387,0.699393903,Healthy,99.77714467,325.9,305.7111111,17.74444444,688330,198,1,28.82905356,0.180713094,,False,,
Ampara,Eastern,2016,April,0.677633313,0.683114263,Healthy,99.252235,317.7857143,297.1714286,29.82857143,689500,176,1,25.58234139,0.160361285,,False,,
Ampara,Eastern,2016,May,0.704732167,0.69424426,Healthy,101.4036147,322.4,303.8,6.3,690670,165,1,23.94281693,0.150084029,,False,,
Ampara,Eastern,2016,June,0.72342993,0.69607917,Healthy,103.6663767,318.2875,294.675,8.4875,691830,187,1,27.0896946,0.169810033,,False,,
Ampara,Eastern,2016,July,0.69511951,0.66297264,Healthy,104.515495,320.0722222,296.2111111,14.51111111,693000,209,1,30.22560096,0.189467263,,False,,
Ampara,Eastern,2016,August,0.65468795,0.629752123,Degraded,103.6610333,326.0269231,299.2346154,18.98846154,694170,231,1,33.35093639,0.20905823,,False,,
Ampara,Eastern,2016,September,0.61614421,0.632959433,Degraded,97.554318,325.4666667,299.0606061,16.81212121,695330,264,1,38.05176907,0.238525101,,False,,
Ampara,Eastern,2016,October,0.62862132,0.672698457,Healthy,93.899475,318.5,297.79,19.7,696500,286,1,41.15350271,0.257968122,,False,,
Ampara,Eastern,2016,November,0.706052347,0.73024149,Healthy,96.87863667,,,,697670,308,1,44.24483306,0.27734593,,True,,
Ampara,Eastern,2016,December,0.771121977,0.776660733,Healthy,99.32606333,,,,698830,297,1,42.59384065,0.266996789,,True,,
Ampara,Eastern,2017,January,0.791273887,0.783309713,Healthy,100.9597733,,,,700000,210,1,30.05226481,0.271777003,,True,,
Ampara,Eastern,2017,February,0.765726053,0.7432987,Healthy,102.8334967,,,,701580,198,1,28.31877502,0.256100226,,True,,
Ampara,Eastern,2017,March,0.722101333,0.699393903,Healthy,103.0244587,327.15,306.5,20.06666667,703170,210,1,29.91678451,0.27055179,,False,,
Ampara,Eastern,2017,April,0.679878253,0.683114263,Healthy,99.55966467,317.8,296.6333333,9.133333333,704750,186,1,26.53307839,0.239951318,,False,,
Ampara,Eastern,2017,May,0.67218999,0.69424426,Healthy,97.03678333,316.5,292.5333333,14.56666667,706330,175,1,24.81911827,0.224451156,,False,,
Ampara,Eastern,2017,June,0.688283417,0.69607917,Healthy,98.96022533,320.0,299.0,10.76666667,707920,198,1,28.06515733,0.25380664,,False,,
Ampara,Eastern,2017,July,0.682468,0.66297264,Healthy,102.7508913,319.5666667,297.9666667,23.85,709500,222,2,31.29708887,0.283034543,,False,,
Ampara,Eastern,2017,August,0.67266575,0.629752123,Degraded,106.3195233,324.2461538,299.4384615,19.8,711080,245,2,34.51465788,0.312132558,,False,,
Ampara,Eastern,2017,September,0.684097467,0.632959433,Degraded,107.4917833,322.58,294.76,20.5,712670,280,2,39.35731894,0.355927058,,False,,
Ampara,Eastern,2017,October,0.704503633,0.672698457,Healthy,104.4230937,321.35,293.75,42.775,714250,303,2,42.54277755,0.384734684,,False,,
Ampara,Eastern,2017,November,0.741513133,0.73024149,Healthy,101.4526933,,,,715830,327,2,45.71417409,0.41341514,,True,,
Ampara,Eastern,2017,December,0.780193863,0.776660733,Healthy,100.4298813,,,,717420,315,2,43.98382823,0.397766794,,True,,
Ampara,Eastern,2018,January,0.778819683,0.783309713,Healthy,99.45897,,,,719000,187,1,26.12368126,0.142474304,,True,,
Ampara,Eastern,2018,February,0.737916083,0.7432987,Healthy,99.32699867,,,,719750,177,0,24.64665633,0.13441885,,True,,
Ampara,Eastern,2018,March,0.71155872,0.699393903,Healthy,101.6347297,322.6333333,303.4333333,10.43333333,720500,187,1,26.0692947,0.142177688,,False,,
Ampara,Eastern,2018,April,0.713429013,0.683114263,Healthy,104.13492,,,,721250,166,0,23.14861,0.126248749,,True,,
Ampara,Eastern,2018,May,0.724856,0.69424426,Healthy,104.11392,,,,722000,156,0,21.67927843,0.118235254,,True,,
Ampara,Eastern,2018,June,0.723577773,0.69607917,Healthy,103.685353,316.6,294.74,11.32,722750,177,0,24.54435267,0.133860903,,False,,
Ampara,Eastern,2018,July,0.6813864,0.66297264,Healthy,102.5683213,324.2769231,299.0769231,17.75384615,723500,198,1,27.40348689,0.149454155,,False,,
Ampara,Eastern,2018,August,0.61874672,0.629752123,Degraded,98.373785,321.7,291.0608696,14.61304348,724250,219,1,30.25669953,0.165015112,,False,,
Ampara,Eastern,2018,September,0.62066735,0.632959433,Degraded,98.19127667,326.50625,301.4125,17.98125,725000,250,1,34.54331371,0.188393608,,False,,
Ampara,Eastern,2018,October,0.68510339,0.672698457,Healthy,101.708533,312.375,292.85,31.225,725750,271,1,37.38325086,0.203882163,,False,,
Ampara,Eastern,2018,November,0.742241957,0.73024149,Healthy,101.5405517,314.9,300.1,8.6,726500,292,1,40.2173244,0.219338738,,False,,
Ampara,Eastern,2018,December,0.785521743,0.776660733,Healthy,101.0737537,,,,727250,281,1,38.74099724,0.211287091,,True,,
Ampara,Eastern,2019,January,0.786106567,0.783309713,Healthy,100.3342967,,,,728000,195,0,26.89627446,0.090458322,,True,,
Ampara,Eastern,2019,February,0.742531507,0.7432987,Healthy,99.900662,,,,728670,184,0,25.37868023,0.085354306,,True,,
Ampara,Eastern,2019,March,0.687732183,0.699393903,Healthy,98.43509333,323.6866667,306.18,11.54,729330,195,0,26.84722664,0.090293363,,False,,
Ampara,Eastern,2019,April,0.6560111,0.683114263,Healthy,96.30311333,321.36,299.96,16.48,730000,174,0,23.8422987,0.080187103,,False,,
Ampara,Eastern,2019,May,0.672037867,0.69424426,Healthy,97.01344333,320.3076923,301.7461538,14.35384615,730670,163,0,22.33165885,0.075106476,,False,,
Ampara,Eastern,2019,June,0.6835238,0.69607917,Healthy,98.31718333,320.7733333,299.3933333,12.42666667,731330,184,0,25.28637267,0.085043854,,False,,
Ampara,Eastern,2019,July,0.6561036,0.66297264,Healthy,99.04464,318.72,293.9,13.5,732000,206,0,28.23537252,0.094962015,,False,,
Ampara,Eastern,2019,August,0.638324683,0.629752123,Degraded,101.2661813,323.45,292.485,19.46,732670,228,0,31.17897886,0.104862037,,False,,
Ampara,Eastern,2019,September,0.662210187,0.632959433,Degraded,104.275207,323.0625,299.3375,9.0125,733330,261,0,35.60104874,0.119734469,,False,,
Ampara,Eastern,2019,October,0.711402233,0.672698457,Healthy,105.3626033,315.3,290.9,52.7,734000,282,0,38.53259786,0.129593939,,False,,
Ampara,Eastern,2019,November,0.75624692,0.73024149,Healthy,103.34428,,,,734670,304,1,41.45879999,0.139435426,,True,,
Ampara,Eastern,2019,December,0.78846255,0.776660733,Healthy,101.43308,,,,735330,293,0,39.94224594,0.134334908,,True,,
Ampara,Eastern,2020,January,0.778887083,0.783309713,Healthy,99.46495533,,,,736000,129,0,17.54705726,0.08947508,,True,,
Ampara,Eastern,2020,February,0.71945872,0.7432987,Healthy,96.98284867,321.5375,300.18125,14.9625,737330,121,0,16.54232768,0.084351813,,False,,
Ampara,Eastern,2020,March,0.661351917,0.699393903,Healthy,94.91936467,317.7555556,299.9,10.36666667,738670,129,0,17.48363159,0.089151662,,False,,
Ampara,Eastern,2020,April,0.659303387,0.683114263,Healthy,96.75055533,319.62,299.3,13.44,740000,114,0,15.51307405,0.079103494,,False,,
Ampara,Eastern,2020,May,0.717295867,0.69424426,Healthy,103.0888033,316.62,297.06,10.32,741330,107,0,14.51741481,0.074026478,,False,,
Ampara,Eastern,2020,June,0.745729467,0.69607917,Healthy,106.6583783,317.94,297.6,13.18,742670,121,0,16.42338383,0.0837453,,False,,
Ampara,Eastern,2020,July,0.727697253,0.66297264,Healthy,109.084408,323.4,297.68,13.9,744000,136,0,18.32273363,0.09343037,,False,,
Ampara,Eastern,2020,August,0.685702253,0.629752123,Degraded,108.2263733,325.83,299.54,14.005,745330,150,0,20.21530486,0.103080875,,False,,
Ampara,Eastern,2020,September,0.66509001,0.632959433,Degraded,104.7186867,318.0,294.55,9.9,746670,172,0,23.06174374,0.117595294,,False,,
Ampara,Eastern,2020,October,0.661139643,0.672698457,Healthy,98.42927667,319.15,291.1,9.65,748000,186,0,24.93913308,0.127168384,,False,,
Ampara,Eastern,2020,November,0.713616103,0.73024149,Healthy,97.85155533,,,,749330,200,1,26.809858,0.136707491,,True,,
Ampara,Eastern,2020,December,0.78566642,0.776660733,Healthy,101.082588,,,,750670,193,0,25.80621474,0.131589764,,True,,
Ampara,Eastern,2021,January,0.797451247,0.783309713,Healthy,101.6954483,,,,752000,93,0,12.38648158,0.087571354,,True,,
Ampara,Eastern,2021,February,0.746477767,0.7432987,Healthy,100.3948413,,,,752170,87,0,11.69569974,0.082687587,,True,,
Ampara,Eastern,2021,March,0.70229386,0.699393903,Healthy,100.39164,323.54,300.6,11.78,752330,93,0,12.3810484,0.087532942,,False,,
Ampara,Eastern,2021,April,0.706400867,0.683114263,Healthy,103.1752427,305.4,281.5,9.6,752500,82,0,11.0028901,0.077789482,,False,,
Ampara,Eastern,2021,May,0.747768233,0.69424426,Healthy,107.1879653,317.3,297.1,7.2,752670,77,0,10.31287964,0.072911168,,False,,
Ampara,Eastern,2021,June,0.752753043,0.69607917,Healthy,107.5952017,319.2833333,301.85,9.983333333,752830,87,0,11.68544621,0.082615095,,False,,
Ampara,Eastern,2021,July,0.715424917,0.66297264,Healthy,107.3545513,322.025,297.0,16.2,753000,98,0,13.05725607,0.092313672,,False,,
Ampara,Eastern,2021,August,0.675880483,0.629752123,Degraded,106.7852983,320.8730769,290.3038462,11.93846154,753170,108,0,14.42844666,0.102007871,,False,,
Ampara,Eastern,2021,September,0.670860977,0.632959433,Degraded,105.5534967,322.1,297.8,14.8375,753330,124,0,16.48615108,0.116555664,,False,,
Ampara,Eastern,2021,October,0.700986167,0.672698457,Healthy,103.9281167,320.52,296.7,23.4,753500,134,0,17.85596754,0.126240148,,False,,
Ampara,Eastern,2021,November,0.74257457,0.73024149,Healthy,101.58971,,,,753670,144,1,19.22516605,0.135920263,,True,,
Ampara,Eastern,2021,December,0.782108583,0.776660733,Healthy,100.65949,,,,753830,139,0,18.53461818,0.131038149,,True,,
Ampara,Eastern,2022,January,0.78533468,0.783309713,Healthy,100.240905,,,,754000,243,1,32.32516012,0.213495504,,True,,
Ampara,Eastern,2022,February,0.742599983,0.7432987,Healthy,99.91638167,,,,753580,230,1,30.54633309,0.201747021,,True,,
Ampara,Eastern,2022,March,0.713701567,0.699393903,Healthy,101.91845,,,,753170,243,1,32.36078273,0.213730778,,True,,
Ampara,Eastern,2022,April,0.711986387,0.683114263,Healthy,103.9380913,316.3,296.0,16.55,752750,216,1,28.78118984,0.190088915,,False,,
Ampara,Eastern,2022,May,0.7136501,0.69424426,Healthy,102.6122767,315.4,291.45,15.45,752330,203,1,26.9974288,0.178307846,,False,,
Ampara,Eastern,2022,June,0.703113833,0.69607917,Healthy,100.943545,314.5,291.0777778,7.388888889,751920,230,1,30.61376967,0.202192415,,False,,
Ampara,Eastern,2022,July,0.684921287,0.66297264,Healthy,103.0960897,323.2769231,296.4153846,14.43846154,751500,257,1,34.23451201,0.226106053,,False,,
Ampara,Eastern,2022,August,0.676620867,0.629752123,Degraded,106.8994567,322.425,295.625,11.675,751080,284,1,37.85930374,0.250046437,,False,,
Ampara,Eastern,2022,September,0.673474583,0.632959433,Degraded,105.94035,324.9,298.6555556,19.56666667,750670,324,2,43.29140764,0.285923437,,False,,
Ampara,Eastern,2022,October,0.693899033,0.672698457,Healthy,102.9486383,,,,750250,352,2,46.92527965,0.309923792,,True,,
Ampara,Eastern,2022,November,0.733916757,0.73024149,Healthy,100.4796303,,,,749830,379,2,50.56322251,0.333951034,,True,,
Ampara,Eastern,2022,December,0.775357123,0.776660733,Healthy,99.84180333,,,,749420,365,2,48.78406781,0.322200388,,True,,
Ampara,Eastern,2023,January,0.785811783,0.783309713,Healthy,100.3012713,,,,749000,275,1,36.78074831,0.244228076,,True,,
Ampara,Eastern,2023,February,0.74766348,0.7432987,Healthy,100.5511153,,,,748750,260,1,34.74897186,0.230736865,,True,,
Ampara,Eastern,2023,March,0.707245567,0.699393903,Healthy,101.0504,,,,748500,275,1,36.80531795,0.244391221,,True,,
Ampara,Eastern,2023,April,0.699131733,0.683114263,Healthy,102.1843333,325.5,303.2,7.2,748250,244,1,32.72676896,0.217309223,,False,,
Ampara,Eastern,2023,May,0.727284573,0.69424426,Healthy,104.4360347,,,,748000,229,1,30.69160037,0.203795487,,True,,
Ampara,Eastern,2023,June,0.74453807,0.69607917,Healthy,106.49797,317.1,296.8333333,11.56666667,747750,260,1,34.79544324,0.23104544,,False,,
Ampara,Eastern,2023,July,0.714393423,0.66297264,Healthy,107.2054,320.9866667,299.2866667,16.98,747500,290,1,38.90203116,0.25831362,,False,,
Ampara,Eastern,2023,August,0.65976027,0.629752123,Degraded,104.4096933,325.9,300.7717949,12.27692308,747250,321,2,43.01136688,0.285600046,,False,,
Ampara,Eastern,2023,September,0.662311317,0.632959433,Degraded,104.293297,,,,747000,367,2,49.17229895,0.326509289,,True,,
Ampara,Eastern,2023,October,0.7092864,0.672698457,Healthy,105.0685767,319.35,296.7,10.0,746750,397,2,53.28782448,0.353836816,,False,,
Ampara,Eastern,2023,November,0.7605578,0.73024149,Healthy,103.8884813,,,,746500,428,2,57.40610655,0.381182646,,True,,
Ampara,Eastern,2023,December,0.798308163,0.776660733,Healthy,102.6260833,,,,746250,413,2,55.37443314,0.367692119,,True,,
Ampara,Eastern,2024,January,0.783926283,0.783309713,Healthy,100.0703933,,,,746000,204,2,27.36546132,0.353102727,,True,,
Ampara,Eastern,2024,February,0.73106145,0.7432987,Healthy,98.45079167,315.1,299.15,8.3,746000,192,2,25.84515792,0.333485909,,False,,
Ampara,Eastern,2024,March,0.68878209,0.699393903,Healthy,98.59142333,322.65,304.675,10.025,746000,204,2,27.36546132,0.353102727,,False,,
Ampara,Eastern,2024,April,0.699457813,0.683114263,Healthy,102.2280097,319.6,302.9,10.0,746000,181,2,24.32485451,0.31386909,,False,,
Ampara,Eastern,2024,May,0.75160836,0.69424426,Healthy,107.6998233,,,,746000,170,2,22.8045511,0.294252272,,True,,
Ampara,Eastern,2024,June,0.7728376,0.69607917,Healthy,110.2880817,321.0,303.1,9.65,746000,192,2,25.84515792,0.333485909,,False,,
Ampara,Eastern,2024,July,0.729352813,0.66297264,Healthy,109.3014833,322.9193548,301.0225806,12.51612903,746000,215,2,28.88576473,0.372719545,,False,,
Ampara,Eastern,2024,August,0.684210857,0.629752123,Degraded,108.0107153,326.1086957,297.7826087,14.25652174,746000,238,3,31.92637154,0.411953181,,False,,
Ampara,Eastern,2024,September,0.676308137,0.632959433,Degraded,106.3536033,323.225,300.3416667,12.20833333,746000,272,3,36.48728176,0.470803636,,False,,
Ampara,Eastern,2024,October,0.70096619,0.672698457,Healthy,103.92632,315.6,295.8,6.15,746000,294,3,39.52788858,0.510037272,,False,,
Ampara,Eastern,2024,November,0.744060763,0.73024149,Healthy,101.7771,,,,746000,317,4,42.56849539,0.549270908,,True,,
Ampara,Eastern,2024,December,0.787058487,0.776660733,Healthy,101.2594433,,,,746000,306,3,41.04819198,0.52965409,,True,,
Anuradhapura,North Central,2014,January,0.7889323,0.7924991,Healthy,99.577658,,,,886000,788,6,89.01888455,0.735010736,,True,,
Anuradhapura,North Central,2014,February,0.755013867,0.75761819,Healthy,99.671475,323.2625,299.3375,14.475,886830,744,6,83.99470517,0.693527114,,False,,
Anuradhapura,North Central,2014,March,0.688292327,0.712236817,Healthy,96.84868467,328.94,302.5166667,38.625,887670,788,6,88.85141067,0.733627939,,False,,
Anuradhapura,North Central,2014,April,0.693768943,0.71229456,Healthy,97.558118,328.6666667,302.9666667,16.11666667,888500,701,5,78.90525276,0.651504545,,False,,
Anuradhapura,North Central,2014,May,0.73301758,0.72566436,Healthy,100.9475033,,,,889330,657,5,73.9046358,0.610215473,,True,,
Anuradhapura,North Central,2014,June,0.682782833,0.699991367,Healthy,97.687022,322.6,305.6,6.8,890170,744,6,83.67954929,0.690924936,,False,,
Anuradhapura,North Central,2014,July,0.622605917,0.66451175,Healthy,94.12966133,325.2925926,298.9703704,19.66666667,891000,832,6,93.43708084,0.77149088,,False,,
Anuradhapura,North Central,2014,August,0.622508067,0.650988647,Healthy,95.937742,329.7340426,293.4787234,31.78085106,891830,920,7,103.1764503,0.851906863,,False,,
Anuradhapura,North Central,2014,September,0.668733593,0.661969837,Healthy,100.9374237,326.2828571,298.5171429,20.22857143,892670,1051,8,117.8049846,0.972691681,,False,,
Anuradhapura,North Central,2014,October,0.729538577,0.705082557,Healthy,103.2484687,318.4,299.1,8.6,893500,1139,9,127.5035145,1.052770461,,False,,
Anuradhapura,North Central,2014,November,0.7602953,0.75418649,Healthy,100.765237,,,,894330,1226,10,137.1840427,1.132700603,,True,,
Anuradhapura,North Central,2014,December,0.781691753,0.784883283,Healthy,99.62016533,,,,895170,1183,9,132.1604808,1.091222079,,True,,
Anuradhapura,North Central,2015,January,0.779004933,0.7924991,Healthy,98.39704333,,,,896000,810,7,90.43445122,0.84113676,,True,,
Anuradhapura,North Central,2015,February,0.7436746,0.75761819,Healthy,98.27691333,,,,897080,765,7,85.30748905,0.793450548,,True,,
Anuradhapura,North Central,2015,March,0.706424693,0.712236817,Healthy,99.24058833,323.275,303.375,14.525,898170,810,7,90.21595944,0.839104553,,False,,
Anuradhapura,North Central,2015,April,0.718196023,0.71229456,Healthy,100.7701087,,,,899250,720,6,80.09565333,0.744974923,,True,,
Anuradhapura,North Central,2015,May,0.747868943,0.72566436,Healthy,102.8648867,,,,900330,675,6,74.99960042,0.6975762,,True,,
Anuradhapura,North Central,2015,June,0.742352747,0.699991367,Healthy,105.6520853,,,,901420,765,7,84.89676541,0.789630381,,True,,
Anuradhapura,North Central,2015,July,0.699431597,0.66451175,Healthy,104.8808533,308.8,282.3,5.3,902500,855,7,94.77107403,0.881471973,,False,,
Anuradhapura,North Central,2015,August,0.68475657,0.650988647,Healthy,104.81749,323.596,296.18,14.652,903580,945,8,104.6217782,0.973094018,,False,,
Anuradhapura,North Central,2015,September,0.727593577,0.661969837,Healthy,109.2090867,323.2181818,296.6909091,14.64545455,904670,1080,10,119.4236842,1.110767516,,False,,
Anuradhapura,North Central,2015,October,0.763650317,0.705082557,Healthy,107.790003,321.35,298.4,9.55,905750,1170,10,129.2213927,1.201896645,,False,,
Anuradhapura,North Central,2015,November,0.772743523,0.75418649,Healthy,102.31856,,,,906830,1260,11,138.9957638,1.292808711,,True,,
Anuradhapura,North Central,2015,December,0.794423967,0.784883283,Healthy,101.1430637,,,,907920,1215,11,133.8707182,1.245140326,,True,,
Anuradhapura,North Central,2016,January,0.796628793,0.7924991,Healthy,100.4883883,,,,909000,580,4,63.90565886,0.507123883,,True,,
Anuradhapura,North Central,2016,February,0.748411757,0.75761819,Healthy,98.852548,320.25,300.925,9.825,910080,548,4,60.28372026,0.478381959,,False,,
Anuradhapura,North Central,2016,March,0.687118267,0.712236817,Healthy,96.69597467,327.6,305.0785714,19.13571429,911170,580,4,63.75346412,0.505916141,,False,,
Anuradhapura,North Central,2016,April,0.68545641,0.71229456,Healthy,96.47142333,,,,912250,516,4,56.60265537,0.449170839,,True,,
Anuradhapura,North Central,2016,May,0.737723233,0.72566436,Healthy,101.5583033,,,,913330,484,3,53.0022408,0.420599719,,True,,
Anuradhapura,North Central,2016,June,0.740679977,0.699991367,Healthy,105.4331047,,,,914420,548,4,59.99760299,0.476111474,,True,,
Anuradhapura,North Central,2016,July,0.721573453,0.66451175,Healthy,107.9925767,,,,915500,613,4,66.97703951,0.53149685,,True,,
Anuradhapura,North Central,2016,August,0.701983053,0.650988647,Healthy,107.274145,325.65,295.6035714,21.275,916580,677,5,73.94002839,0.586751705,,False,,
Anuradhapura,North Central,2016,September,0.639239267,0.661969837,Healthy,96.83799667,325.3867925,299.7188679,19.91320755,917670,774,6,84.40251783,0.669776877,,False,,
Anuradhapura,North Central,2016,October,0.640058717,0.705082557,Healthy,91.37112633,327.4659091,305.6272727,12.89772727,918750,839,6,91.32857696,0.724738676,,False,,
Anuradhapura,North Central,2016,November,0.73838565,0.75418649,Healthy,98.01542533,,,,919830,903,7,98.2383719,0.779571411,,True,,
Anuradhapura,North Central,2016,December,0.78342,0.784883283,Healthy,99.82706867,,,,920920,871,6,94.61773645,0.750839828,,True,,
Anuradhapura,North Central,2017,January,0.7846835,0.7924991,Healthy,99.07306167,318.1,297.3,9.5,922000,622,6,67.49642876,0.698375747,,False,,
Anuradhapura,North Central,2017,February,0.76659515,0.75761819,Healthy,101.1266153,,,,922670,587,6,63.70033733,0.659098141,,True,,
Anuradhapura,North Central,2017,March,0.739343947,0.712236817,Healthy,103.5571733,,,,923330,622,6,67.39920431,0.69736978,,True,,
Anuradhapura,North Central,2017,April,0.70979446,0.71229456,Healthy,99.68586667,323.7,306.125,9.85,924000,553,5,59.86696231,0.619434766,,False,,
Anuradhapura,North Central,2017,May,0.71342622,0.72566436,Healthy,98.42403633,320.5,299.55,27.7,924670,518,5,56.08460975,0.580299313,,False,,
Anuradhapura,North Central,2017,June,0.691550617,0.699991367,Healthy,98.86626867,322.5777778,298.9666667,10.52222222,925330,587,6,63.51722115,0.657203464,,False,,
Anuradhapura,North Central,2017,July,0.649535457,0.66451175,Healthy,97.90653133,321.6029412,296.5529412,14.64117647,926000,656,6,70.93847126,0.733990061,,False,,
Anuradhapura,North Central,2017,August,0.681757293,0.650988647,Healthy,104.3908833,331.6571429,294.8571429,35.44285714,926670,726,7,78.34898997,0.810665622,,False,,
Anuradhapura,North Central,2017,September,0.75257588,0.661969837,Healthy,112.719935,316.9,295.5,8.0,927330,829,8,89.47797414,0.925815605,,False,,
Anuradhapura,North Central,2017,October,0.77024722,0.705082557,Healthy,108.6766433,314.45,294.9,6.35,928000,898,9,96.86448696,1.002242781,,False,,
Anuradhapura,North Central,2017,November,0.776220707,0.75418649,Healthy,102.7509913,,,,928670,968,10,104.2403416,1.078559678,,True,,
Anuradhapura,North Central,2017,December,0.785576867,0.784883283,Healthy,100.0885233,,,,929330,933,9,100.4460859,1.039301065,,True,,
Anuradhapura,North Central,2018,January,0.772872747,0.7924991,Healthy,97.66796,316.4,302.6,6.3,930000,626,7,67.41148702,0.778914241,,False,,
Anuradhapura,North Central,2018,February,0.726202967,0.75761819,Healthy,96.10584833,321.8083333,302.5666667,11.85,930580,592,6,63.62672322,0.735182726,,False,,
Anuradhapura,North Central,2018,March,0.6833014,0.712236817,Healthy,96.20792167,328.8545455,307.2636364,18.33636364,931170,626,7,67.32678558,0.777935548,,False,,
Anuradhapura,North Central,2018,April,0.704193457,0.71229456,Healthy,98.92883667,320.4,303.3,8.2,931750,557,6,59.80877839,0.691067818,,False,,
Anuradhapura,North Central,2018,May,0.748739263,0.72566436,Healthy,102.9774633,,,,932330,522,6,56.03584829,0.647473037,,True,,
Anuradhapura,North Central,2018,June,0.73262238,0.699991367,Healthy,104.3446513,,,,932920,592,6,63.46713126,0.733338702,,True,,
Anuradhapura,North Central,2018,July,0.674773603,0.66451175,Healthy,101.4246583,321.2517241,295.9103448,15.55862069,933500,661,7,70.88978014,0.819104602,,False,,
Anuradhapura,North Central,2018,August,0.632276467,0.650988647,Healthy,97.33006533,324.6318182,293.7863636,17.63181818,934080,731,8,78.30321109,0.904763994,,False,,
Anuradhapura,North Central,2018,September,0.646789913,0.661969837,Healthy,97.85419167,330.437931,299.737931,32.63793103,934670,835,9,89.43289493,1.033363282,,False,,
Anuradhapura,North Central,2018,October,0.72381075,0.705082557,Healthy,102.475358,,,,935250,905,10,96.82555206,1.118782639,,True,,
Anuradhapura,North Central,2018,November,0.7642682,0.75418649,Healthy,101.2575567,,,,935830,975,11,104.2090457,1.204096116,,True,,
Anuradhapura,North Central,2018,December,0.7920295,0.784883283,Healthy,100.8562817,314.2,298.0,8.3,936420,940,10,100.4239811,1.160361126,,False,,
Anuradhapura,North Central,2019,January,0.792201267,0.7924991,Healthy,99.96227167,315.9,297.9,7.1,937000,654,6,69.82846136,0.695004816,,False,,
Anuradhapura,North Central,2019,February,0.740437567,0.75761819,Healthy,97.86136833,319.7,303.0,10.0,937500,617,6,65.91392954,0.65604336,,False,,
Anuradhapura,North Central,2019,March,0.671170467,0.712236817,Healthy,94.599742,326.4842105,308.7631579,14.96315789,938000,654,6,69.75401737,0.694263872,,False,,
Anuradhapura,North Central,2019,April,0.657854467,0.71229456,Healthy,92.855095,325.08,305.8,9.28,938500,581,5,61.97053766,0.61679466,,False,,
Anuradhapura,North Central,2019,May,0.6847713,0.72566436,Healthy,94.72883867,322.35,302.1,12.1,939000,545,5,58.06644328,0.577937089,,False,,
Anuradhapura,North Central,2019,June,0.661876,0.699991367,Healthy,94.91356133,327.34,302.02,18.12,939500,617,6,65.7736125,0.654646781,,False,,
Anuradhapura,North Central,2019,July,0.632088337,0.66451175,Healthy,95.46858667,322.7941176,293.4529412,16.03529412,940000,690,6,73.4725826,0.731274866,,False,,
Anuradhapura,North Central,2019,August,0.64782042,0.650988647,Healthy,99.54880333,319.4555556,293.7666667,40.37777778,940500,763,7,81.16336666,0.807821475,,False,,
Anuradhapura,North Central,2019,September,0.685377587,0.661969837,Healthy,103.2763717,329.0125,303.75,16.7375,941000,872,8,92.70884632,0.922733988,,False,,
Anuradhapura,North Central,2019,October,0.745627367,0.705082557,Healthy,105.3793333,,,,941500,945,9,100.381246,0.999097617,,True,,
Anuradhapura,North Central,2019,November,0.77733544,0.75418649,Healthy,102.88536,,,,942000,1017,10,108.0455008,1.075380181,,True,,
Anuradhapura,North Central,2019,December,0.79634295,0.784883283,Healthy,101.37541,,,,942500,981,9,104.1314615,1.036423627,,True,,
Anuradhapura,North Central,2020,January,0.788757703,0.7924991,Healthy,99.55282533,316.35,303.15,5.75,943000,381,3,40.4650441,0.325892973,,False,,
Anuradhapura,North Central,2020,February,0.731013187,0.75761819,Healthy,96.69290333,318.1666667,301.1888889,15.53333333,943920,360,2,38.17973757,0.307487819,,False,,
Anuradhapura,North Central,2020,March,0.6728309,0.712236817,Healthy,94.82755,323.375,298.5125,19.5125,944830,381,3,40.38666912,0.325261765,,False,,
Anuradhapura,North Central,2020,April,0.680106633,0.71229456,Healthy,95.76814767,324.65,306.8,7.75,945750,339,2,35.86433961,0.288840319,,False,,
Anuradhapura,North Central,2020,May,0.73956666,0.72566436,Healthy,101.79694,,,,946670,317,2,33.5901428,0.27052464,,True,,
Anuradhapura,North Central,2020,June,0.762519133,0.699991367,Healthy,108.36017,,,,947580,360,2,38.03226945,0.306300157,,True,,
Anuradhapura,North Central,2020,July,0.759315443,0.66451175,Healthy,113.2731587,320.0,295.9,6.9,948500,402,3,42.46542465,0.34200342,,False,,
Anuradhapura,North Central,2020,August,0.72570283,0.650988647,Healthy,110.6575367,330.2125,298.6625,37.825,949420,445,3,46.88998829,0.37763749,,False,,
Anuradhapura,North Central,2020,September,0.685196423,0.661969837,Healthy,103.2835267,323.8166667,296.9666667,17.05,950330,508,4,53.53724367,0.431172432,,False,,
Anuradhapura,North Central,2020,October,0.669832447,0.705082557,Healthy,95.36247333,327.9277778,303.9222222,15.01666667,951250,551,4,57.94258731,0.46665171,,False,,
Anuradhapura,North Central,2020,November,0.712397003,0.75418649,Healthy,94.792742,317.4,297.2,10.3,952170,593,4,62.33941794,0.502062426,,False,,
Anuradhapura,North Central,2020,December,0.772591443,0.784883283,Healthy,98.518717,315.1,291.5,11.8,953080,572,4,60.0556143,0.483669377,,False,,
Anuradhapura,North Central,2021,January,0.806059157,0.7924991,Healthy,101.6114567,,,,954000,239,2,25.08053382,0.237766529,,True,,
Anuradhapura,North Central,2021,February,0.770920847,0.75761819,Healthy,101.640435,318.6,299.9,8.2,954250,225,2,23.68096513,0.224498446,,False,,
Anuradhapura,North Central,2021,March,0.706718563,0.712236817,Healthy,99.26596,323.9125,300.0625,16.7375,954500,239,2,25.06739578,0.237641978,,False,,
Anuradhapura,North Central,2021,April,0.7022424,0.71229456,Healthy,98.674428,324.06,300.1,14.58,954750,212,2,22.27629503,0.211182002,,False,,
Anuradhapura,North Central,2021,May,0.743729057,0.72566436,Healthy,102.3311133,,,,955000,199,1,20.87855957,0.197931299,,True,,
Anuradhapura,North Central,2021,June,0.7388448,0.699991367,Healthy,105.1893967,321.15,291.6,14.4,955250,225,2,23.6561748,0.224263431,,False,,
Anuradhapura,North Central,2021,July,0.718152217,0.66451175,Healthy,107.50933,325.0,299.8666667,20.06666667,955500,252,2,26.43233654,0.250581784,,False,,
Anuradhapura,North Central,2021,August,0.690012183,0.650988647,Healthy,105.56634,320.1285714,292.9,10.84285714,955750,279,2,29.20704593,0.276886368,,False,,
Anuradhapura,North Central,2021,September,0.688249613,0.661969837,Healthy,103.6919083,322.545,297.64,16.635,956000,319,3,33.37075212,0.316358812,,False,,
Anuradhapura,North Central,2021,October,0.724611907,0.705082557,Healthy,102.603097,,,,956250,345,3,36.14219672,0.342632446,,True,,
Anuradhapura,North Central,2021,November,0.750755443,0.75418649,Healthy,99.58018333,,,,956500,372,3,38.91219257,0.368892345,,True,,
Anuradhapura,North Central,2021,December,0.775933167,0.784883283,Healthy,98.92736367,,,,956750,358,3,37.51266674,0.355624669,,True,,
Anuradhapura,North Central,2022,January,0.78442549,0.7924991,Healthy,99.04099333,304.7,288.5,3.9,957000,514,8,53.76557841,0.856334582,,False,,
Anuradhapura,North Central,2022,February,0.746273483,0.75761819,Healthy,98.59462967,322.15,303.3,14.35,956420,485,7,50.8093954,0.809250894,,False,,
Anuradhapura,North Central,2022,March,0.70273133,0.712236817,Healthy,98.755245,320.9,304.3,13.3,955830,514,8,53.83139108,0.857382793,,False,,
Anuradhapura,North Central,2022,April,0.71751148,0.71229456,Healthy,100.6787967,,,,955250,457,7,47.87917861,0.762580774,,True,,
Anuradhapura,North Central,2022,May,0.734500697,0.72566436,Healthy,101.138458,,,,954670,428,6,44.91400042,0.715353818,,True,,
Anuradhapura,North Central,2022,June,0.708430487,0.699991367,Healthy,101.13328,,,,954080,485,7,50.93401177,0.811235682,,True,,
Anuradhapura,North Central,2022,July,0.706149053,0.66451175,Healthy,105.8436883,323.5076923,291.0615385,18.82307692,953500,543,8,56.96087585,0.907226692,,False,,
Anuradhapura,North Central,2022,August,0.7215648,0.650988647,Healthy,110.068357,317.5,292.9666667,11.56666667,952920,600,9,62.99507649,1.003334552,,False,,
Anuradhapura,North Central,2022,September,0.71089275,0.661969837,Healthy,106.8850967,323.54,298.48,12.68,952330,686,10,72.03897604,1.147378458,,False,,
Anuradhapura,North Central,2022,October,0.728653283,0.705082557,Healthy,103.1331933,317.15,291.9,6.75,951750,743,11,78.08978326,1.243750814,,False,,
Anuradhapura,North Central,2022,November,0.762277587,0.75418649,Healthy,101.0115533,,,,951170,800,12,84.14796975,1.340240701,,True,,
Anuradhapura,North Central,2022,December,0.788612767,0.784883283,Healthy,100.4463233,,,,950580,771,12,81.19304825,1.293177105,,True,,
Anuradhapura,North Central,2023,January,0.790985533,0.7924991,Healthy,99.81962333,,,,950000,633,7,66.65468549,0.777920411,,True,,
Anuradhapura,North Central,2023,February,0.7580268,0.75761819,Healthy,100.0529017,316.4,301.8,13.9,949500,598,6,62.9847973,0.735089499,,False,,
Anuradhapura,North Central,2023,March,0.712021233,0.712236817,Healthy,99.970605,321.0,300.2,10.26666667,949000,633,7,66.72492225,0.778740137,,False,,
Anuradhapura,North Central,2023,April,0.71491302,0.71229456,Healthy,100.3404333,306.2,294.3,4.9,948500,562,6,59.34230771,0.692578354,,False,,
Anuradhapura,North Central,2023,May,0.744568643,0.72566436,Healthy,102.4387317,,,,948000,527,6,55.66275599,0.649634661,,True,,
Anuradhapura,North Central,2023,June,0.72910382,0.699991367,Healthy,103.8828437,325.675,298.0875,41.3875,947500,598,6,63.11774674,0.736641139,,False,,
Anuradhapura,North Central,2023,July,0.67923998,0.66451175,Healthy,102.0482533,322.8333333,299.0583333,17.31666667,947000,668,7,70.58060971,0.823739494,,False,,
Anuradhapura,North Central,2023,August,0.634947663,0.650988647,Healthy,97.71118,329.5854167,303.2770833,18.22291667,946500,738,8,78.05135738,0.91092987,,False,,
Anuradhapura,North Central,2023,September,0.646751467,0.661969837,Healthy,97.86098533,324.0461538,295.3307692,32.58461538,946000,844,9,89.24869798,1.041612953,,False,,
Anuradhapura,North Central,2023,October,0.69624667,0.705082557,Healthy,98.82623833,319.46,293.6,10.62,945500,914,10,96.73721909,1.129010761,,False,,
Anuradhapura,North Central,2023,November,0.746756253,0.75418649,Healthy,99.07170467,,,,945000,985,11,104.2336646,1.216501054,,True,,
Anuradhapura,North Central,2023,December,0.790713893,0.784883283,Healthy,100.696865,,,,944500,949,11,100.5642423,1.17367558,,True,,
Anuradhapura,North Central,2024,January,0.794996423,0.7924991,Healthy,100.2954117,,,,944000,635,8,67.35737908,0.860376189,,True,,
Anuradhapura,North Central,2024,February,0.7406255,0.75761819,Healthy,97.87488533,315.2,300.4,8.0,944000,600,7,63.61530247,0.812577511,,False,,
Anuradhapura,North Central,2024,March,0.6695194,0.712236817,Healthy,94.39091,324.6090909,308.2545455,13.60909091,944000,635,8,67.35737908,0.860376189,,False,,
Anuradhapura,North Central,2024,April,0.676650877,0.71229456,Healthy,95.31574667,325.85,305.4,10.05,944000,565,7,59.87322585,0.764778834,,False,,
Anuradhapura,North Central,2024,May,0.741021423,0.72566436,Healthy,101.986158,,,,944000,529,6,56.13114924,0.716980157,,True,,
Anuradhapura,North Central,2024,June,0.76649418,0.699991367,Healthy,108.8775567,,,,944000,600,7,63.61530247,0.812577511,,True,,
Anuradhapura,North Central,2024,July,0.725699553,0.66451175,Healthy,108.5569633,317.5,298.75,7.35,944000,671,8,71.0994557,0.908174866,,False,,
Anuradhapura,North Central,2024,August,0.709739,0.650988647,Healthy,108.38137,322.28,296.48,17.44,944000,741,9,78.58360893,1.00377222,,False,,
Anuradhapura,North Central,2024,September,0.7012078,0.661969837,Healthy,105.5250497,323.5458333,298.6666667,13.69166667,944000,847,10,89.80983878,1.147168251,,False,,
Anuradhapura,North Central,2024,October,0.713564077,0.705082557,Healthy,101.1417463,,,,944000,918,11,97.29399201,1.242765606,,True,,
Anuradhapura,North Central,2024,November,0.746848633,0.75418649,Healthy,99.09047333,,,,944000,989,12,104.7781452,1.33836296,,True,,
Anuradhapura,North Central,2024,December,0.7756729,0.784883283,Healthy,98.89662,,,,944000,953,12,101.0360686,1.290564283,,True,,
Badulla,Uva,2014,January,0.796401413,0.792637687,Healthy,100.4469367,,,,836000,792,7,94.7806045,0.954020306,,True,,
Badulla,Uva,2014,February,0.785440067,0.7792861,Healthy,100.7416067,,,,836830,748,7,89.42623095,0.900125512,,True,,
Badulla,Uva,2014,March,0.75789112,0.759753923,Healthy,99.76767667,314.9,302.7,7.8,837670,792,7,94.59164751,0.952118347,,False,,
Badulla,Uva,2014,April,0.74503544,0.755197667,Healthy,98.737935,,,,838500,704,7,83.99823533,0.845489671,,True,,
Badulla,Uva,2014,May,0.755459533,0.755497033,Healthy,99.99637,,,,839330,660,6,78.67047264,0.791862731,,True,,
Badulla,Uva,2014,June,0.74561024,0.742993953,Healthy,100.3261453,322.785,300.29,15.495,840170,748,7,89.07072717,0.896547166,,False,,
Badulla,Uva,2014,July,0.7016482,0.717018043,Healthy,97.99041833,318.397561,296.5902439,15.43658537,841000,836,8,99.45138869,1.001034386,,False,,
Badulla,Uva,2014,August,0.681037233,0.7010389,Healthy,97.33766167,321.175,292.5541667,13.73333333,841830,924,9,109.8115806,1.105315568,,False,,
Badulla,Uva,2014,September,0.705080483,0.706012767,Healthy,99.8707,328.78,300.344,30.156,842670,1056,10,125.373848,1.261958577,,False,,
Badulla,Uva,2014,October,0.755624467,0.73642772,Healthy,102.43831,323.95,299.9,13.05,843500,1144,11,135.6880208,1.36577655,,False,,
Badulla,Uva,2014,November,0.781753533,0.769264367,Healthy,101.5274833,,,,844330,1232,12,145.9819153,1.469390412,,True,,
Badulla,Uva,2014,December,0.791817717,0.786948687,Healthy,100.5822417,,,,845170,1188,11,140.6283683,1.415503938,,True,,
Badulla,Uva,2015,January,0.795074107,0.792637687,Healthy,100.28898,,,,846000,755,9,89.33575506,1.115723923,,True,,
Badulla,Uva,2015,February,0.78031557,0.7792861,Healthy,100.12457,,,,846920,713,8,84.28100445,1.052594595,,True,,
Badulla,Uva,2015,March,0.766052083,0.759753923,Healthy,100.7793,,,,847830,755,9,89.14292816,1.113315687,,True,,
Badulla,Uva,2015,April,0.768912753,0.755197667,Healthy,101.7032367,,,,848750,671,8,79.1522684,0.988541255,,True,,
Badulla,Uva,2015,May,0.769950667,0.755497033,Healthy,101.7948113,,,,849670,629,7,74.12490416,0.925753958,,True,,
Badulla,Uva,2015,June,0.7696904,0.742993953,Healthy,103.36941,,,,850580,713,8,83.91834782,1.048065337,,True,,
Badulla,Uva,2015,July,0.7516028,0.717018043,Healthy,104.509297,319.2,299.725,12.5625,851500,797,9,93.68975839,1.170101542,,False,,
Badulla,Uva,2015,August,0.732816983,0.7010389,Healthy,104.231092,321.5,298.6,13.83333333,852420,881,11,103.4400768,1.291874325,,False,,
Badulla,Uva,2015,September,0.744511013,0.706012767,Healthy,105.0899183,321.7944444,295.6833333,15.71111111,853330,1007,12,118.0911625,1.474853322,,False,,
Badulla,Uva,2015,October,0.77483437,0.73642772,Healthy,104.8905833,,,,854250,1091,13,127.7943139,1.596037031,,True,,
Badulla,Uva,2015,November,0.794947833,0.769264367,Healthy,103.1372647,,,,855170,1175,14,137.4765879,1.71696,,True,,
Badulla,Uva,2015,December,0.80825284,0.786948687,Healthy,102.5459417,,,,856080,1133,14,132.4257933,1.65388008,,True,,
Badulla,Uva,2016,January,0.806361357,0.792637687,Healthy,101.6281017,,,,857000,723,9,84.42382674,1.161169138,,True,,
Badulla,Uva,2016,February,0.785868783,0.7792861,Healthy,100.7937127,,,,857920,683,9,79.64811092,1.095483726,,True,,
Badulla,Uva,2016,March,0.765796087,0.759753923,Healthy,100.745282,315.75,297.55,18.4,858830,723,9,84.24393595,1.158694912,,False,,
Badulla,Uva,2016,April,0.757392187,0.755197667,Healthy,100.2724,,,,859750,643,8,74.8033674,1.028848904,,True,,
Badulla,Uva,2016,May,0.771079047,0.755497033,Healthy,101.9357467,314.2666667,292.4666667,8.766666667,860670,602,8,70.05319452,0.963514811,,False,,
Badulla,Uva,2016,June,0.768757427,0.742993953,Healthy,103.2486967,317.9266667,294.8866667,10.82666667,861580,683,9,79.30976499,1.090830101,,False,,
Badulla,Uva,2016,July,0.747649267,0.717018043,Healthy,103.9961133,316.3423077,296.7346154,11.94615385,862500,763,10,88.54577589,1.217862613,,False,,
Badulla,Uva,2016,August,0.724627283,0.7010389,Healthy,103.1384377,318.5928571,297.8642857,11.49285714,863420,844,11,97.7621043,1.344624412,,False,,
Badulla,Uva,2016,September,0.686792557,0.706012767,Healthy,97.46856333,322.4431818,296.9272727,28.06363636,864330,964,13,111.6104875,1.535095702,,False,,
Badulla,Uva,2016,October,0.69308579,0.73642772,Healthy,94.48480333,322.8818182,303.9454545,15.8,865250,1045,14,120.7827993,1.661252094,,False,,
Badulla,Uva,2016,November,0.751961667,0.769264367,Healthy,97.87992667,,,,866170,1125,15,129.9356263,1.787140492,,True,,
Badulla,Uva,2016,December,0.787352803,0.786948687,Healthy,100.0473183,,,,867080,1085,14,125.1635711,1.721505428,,True,,
Badulla,Uva,2017,January,0.799117363,0.792637687,Healthy,100.7694087,311.84,290.48,21.94,868000,761,9,87.67843093,1.087445206,,False,,
Badulla,Uva,2017,February,0.7957379,0.7792861,Healthy,101.9861697,,,,868420,718,8,82.76735827,1.026534873,,True,,
Badulla,Uva,2017,March,0.78188328,0.759753923,Healthy,102.7321967,,,,868830,761,9,87.59467105,1.086406361,,True,,
Badulla,Uva,2017,April,0.76068616,0.755197667,Healthy,100.6827083,,,,869250,676,8,77.82430887,0.965227944,,True,,
Badulla,Uva,2017,May,0.753913813,0.755497033,Healthy,99.80396833,,,,869670,634,7,72.92505399,0.904464183,,True,,
Badulla,Uva,2017,June,0.75020319,0.742993953,Healthy,100.9105913,323.2111111,301.4888889,11.58888889,870080,718,8,82.60944886,1.024576378,,False,,
Badulla,Uva,2017,July,0.73317055,0.717018043,Healthy,102.1086433,320.7454545,296.5272727,19.10454545,870500,803,9,92.28366092,1.144562278,,False,,
Badulla,Uva,2017,August,0.73624181,0.7010389,Healthy,104.689945,323.7333333,300.7333333,12.1,870920,887,11,101.9485422,1.264432453,,False,,
Badulla,Uva,2017,September,0.76143541,0.706012767,Healthy,107.3312133,319.9,299.2857143,17.87142857,871330,1014,12,116.4577952,1.444385692,,False,,
Badulla,Uva,2017,October,0.77355565,0.73642772,Healthy,104.7364183,,,,871750,1099,13,126.1018277,1.563997286,,True,,
Badulla,Uva,2017,November,0.782160623,0.769264367,Healthy,101.5777867,,,,872170,1183,14,135.7365718,1.68349368,,True,,
Badulla,Uva,2017,December,0.788550333,0.786948687,Healthy,100.1926553,,,,872580,1141,14,130.8273363,1.622606132,,True,,
Badulla,Uva,2018,January,0.79139358,0.792637687,Healthy,99.85257667,314.4,294.95,8.4,873000,828,10,94.9291761,1.148269215,,False,,
Badulla,Uva,2018,February,0.784931533,0.7792861,Healthy,100.682392,,,,873580,782,9,89.5958077,1.083756459,,True,,
Badulla,Uva,2018,March,0.76984285,0.759753923,Healthy,101.2462833,,,,874170,828,10,94.80212171,1.146732357,,True,,
Badulla,Uva,2018,April,0.76746555,0.755197667,Healthy,101.5232847,309.3,289.5,8.1,874750,736,8,84.21267865,1.018641795,,False,,
Badulla,Uva,2018,May,0.778482947,0.755497033,Healthy,102.8543667,,,,875330,690,8,78.8970738,0.954343909,,True,,
Badulla,Uva,2018,June,0.77179964,0.742993953,Healthy,103.6325367,310.65,288.8333333,11.16666667,875920,782,9,89.35645457,1.080861229,,False,,
Badulla,Uva,2018,July,0.741247473,0.717018043,Healthy,103.1545733,315.25,286.625,13.8,876500,874,10,99.80289307,1.207221998,,False,,
Badulla,Uva,2018,August,0.70945602,0.7010389,Healthy,101.1198447,315.7071429,289.4285714,10.65,877080,966,11,110.2355154,1.333415646,,False,,
Badulla,Uva,2018,September,0.723884733,0.706012767,Healthy,102.35793,320.4909091,299.1909091,14.45454545,877670,1104,13,125.8987558,1.522879175,,False,,
Badulla,Uva,2018,October,0.770527967,0.73642772,Healthy,104.3392567,,,,878250,1197,14,136.300246,1.648696248,,True,,
Badulla,Uva,2018,November,0.788857767,0.769264367,Healthy,102.3952833,,,,878830,1289,15,146.6880069,1.77434725,,True,,
Badulla,Uva,2018,December,0.797732947,0.786948687,Healthy,101.2891583,,,,879420,1243,15,141.3542518,1.709829816,,True,,
Badulla,Uva,2019,January,0.802971617,0.792637687,Healthy,101.2264733,312.3,299.2,6.2,880000,919,9,104.4844789,1.080931264,,False,,
Badulla,Uva,2019,February,0.787796433,0.7792861,Healthy,101.024622,,,,880500,868,8,98.62374944,1.020299811,,True,,
Badulla,Uva,2019,March,0.754641133,0.759753923,Healthy,99.36521,314.6,303.2,5.7,881000,919,9,104.3658813,1.079704327,,False,,
Badulla,Uva,2019,April,0.736340767,0.755197667,Healthy,97.65836867,321.6666667,301.0666667,21.8,881500,817,8,92.71705196,0.959192802,,False,,
Badulla,Uva,2019,May,0.739969467,0.755497033,Healthy,98.07300333,301.2,286.55,13.0,882000,766,7,86.87296057,0.898733477,,False,,
Badulla,Uva,2019,June,0.740399283,0.742993953,Healthy,99.67576,326.1849057,300.8886792,17.64528302,882500,868,8,98.40023953,1.017987517,,False,,
Badulla,Uva,2019,July,0.732550687,0.717018043,Healthy,102.0305967,320.0222222,297.4259259,13.1962963,883000,970,10,109.9144638,1.137106501,,False,,
Badulla,Uva,2019,August,0.721376607,0.7010389,Healthy,102.7074947,318.49,291.71,20.54,883500,1072,11,121.4156556,1.256090659,,False,,
Badulla,Uva,2019,September,0.72815709,0.706012767,Healthy,102.9259667,329.05,303.6772727,19.20454545,884000,1225,12,138.6822647,1.43472023,,False,,
Badulla,Uva,2019,October,0.767834733,0.73642772,Healthy,103.9947633,,,,884500,1328,13,150.1541912,1.553401628,,True,,
Badulla,Uva,2019,November,0.7930691,0.769264367,Healthy,102.9088183,,,,885000,1430,14,161.6131551,1.671948923,,True,,
Badulla,Uva,2019,December,0.800672667,0.786948687,Healthy,101.640812,,,,885500,1379,14,155.7532605,1.611326108,,True,,
Badulla,Uva,2020,January,0.802236883,0.792637687,Healthy,101.13894,317.7,304.8,6.1,886000,511,4,57.76854044,0.545064141,,False,,
Badulla,Uva,2020,February,0.779096067,0.7792861,Healthy,99.97411333,302.7,291.0,6.4,886750,483,4,54.51303174,0.514347405,,False,,
Badulla,Uva,2020,March,0.74826382,0.759753923,Healthy,98.579795,311.1333333,294.1333333,16.8,887500,511,4,57.67090347,0.544142906,,False,,
Badulla,Uva,2020,April,0.746960963,0.755197667,Healthy,98.97624667,318.5,297.95,12.75,888250,454,4,51.21974102,0.483274183,,False,,
Badulla,Uva,2020,May,0.775607423,0.755497033,Healthy,102.4989153,322.05,300.025,11.525,889000,426,4,47.97799665,0.452687317,,False,,
Badulla,Uva,2020,June,0.793123383,0.742993953,Healthy,106.3275667,315.55,297.85,10.5,889750,483,4,54.32922832,0.512613162,,False,,
Badulla,Uva,2020,July,0.792944633,0.717018043,Healthy,109.9045967,307.9,285.4,7.1,890500,540,5,60.66976167,0.572438066,,False,,
Badulla,Uva,2020,August,0.771087227,0.7010389,Healthy,109.3248653,327.0888889,304.3222222,14.95555556,891250,597,5,66.99962371,0.632162282,,False,,
Badulla,Uva,2020,September,0.748219483,0.706012767,Healthy,105.5917767,315.75,291.5,20.6,892000,682,6,76.50661708,0.721863721,,False,,
Badulla,Uva,2020,October,0.735995383,0.73642772,Healthy,99.96284333,318.99,298.45,14.2,892750,739,6,82.81253913,0.781362056,,False,,
Badulla,Uva,2020,November,0.756098917,0.769264367,Healthy,98.39044467,306.8,275.5,15.4,893500,796,7,89.10787485,0.840760506,,False,,
Badulla,Uva,2020,December,0.791759533,0.786948687,Healthy,100.57173,,,,894250,767,7,85.85338579,0.81005339,,True,,
Badulla,Uva,2021,January,0.811476567,0.792637687,Healthy,102.2359183,,,,895000,279,3,31.26311487,0.416950538,,True,,
Badulla,Uva,2021,February,0.79515,0.7792861,Healthy,101.9113,,,,895330,264,3,29.51539238,0.393641478,,True,,
Badulla,Uva,2021,March,0.767360967,0.759753923,Healthy,100.9380397,306.1,288.6,11.8,895670,279,3,31.2397287,0.416638641,,False,,
Badulla,Uva,2021,April,0.762090783,0.755197667,Healthy,100.8556733,314.2,300.6,5.3,896000,248,3,27.75842044,0.370209059,,False,,
Badulla,Uva,2021,May,0.779145383,0.755497033,Healthy,102.9372667,312.6,297.8,6.7,896330,233,3,26.01393814,0.346943213,,False,,
Badulla,Uva,2021,June,0.785935467,0.742993953,Healthy,105.4191217,321.85,300.5,10.85,896670,264,3,29.47128404,0.393053213,,False,,
Badulla,Uva,2021,July,0.774614873,0.717018043,Healthy,107.5107647,318.525,301.275,14.375,897000,295,3,32.92637609,0.439133154,,False,,
Badulla,Uva,2021,August,0.749621247,0.7010389,Healthy,106.4675687,319.9333333,296.6333333,14.88333333,897330,326,4,36.37892686,0.485179202,,False,,
Badulla,Uva,2021,September,0.7465858,0.706012767,Healthy,105.368077,324.2333333,297.3,41.60833333,897670,373,4,41.56016919,0.554280499,,False,,
Badulla,Uva,2021,October,0.769825887,0.73642772,Healthy,104.25441,318.85,291.55,9.85,898000,404,5,45.00697123,0.600249878,,False,,
Badulla,Uva,2021,November,0.788320523,0.769264367,Healthy,102.3287247,,,,898330,435,5,48.45124092,0.646185483,,True,,
Badulla,Uva,2021,December,0.798944667,0.786948687,Healthy,101.4340167,,,,898670,419,5,46.70316324,0.622871685,,True,,
Badulla,Uva,2022,January,0.803068787,0.792637687,Healthy,101.2379567,,,,899000,598,9,66.62687539,1.017390597,,True,,
Badulla,Uva,2022,February,0.7924801,0.7792861,Healthy,101.5920927,314.25,296.4,44.95,898750,565,8,62.9428859,0.961136176,,False,,
Badulla,Uva,2022,March,0.778647133,0.759753923,Healthy,102.334728,322.85,300.2,16.2,898500,598,9,66.66395212,1.017956757,,False,,
Badulla,Uva,2022,April,0.78379075,0.755197667,Healthy,103.550652,,,,898250,532,8,59.27333863,0.905102288,,True,,
Badulla,Uva,2022,May,0.77572302,0.755497033,Healthy,102.50952,325.75,301.5,14.35,898000,499,7,55.58422511,0.848769624,,False,,
Badulla,Uva,2022,June,0.748917027,0.742993953,Healthy,100.7475133,321.7555556,298.4444444,13.34444444,897750,565,8,63.01299772,0.962206782,,False,,
Badulla,Uva,2022,July,0.745693947,0.717018043,Healthy,103.7496983,316.9205882,293.7176471,18.92941176,897500,632,9,70.44590892,1.075707136,,False,,
Badulla,Uva,2022,August,0.756171967,0.7010389,Healthy,107.341933,331.2,297.2666667,28.76666667,897250,698,10,77.88296217,1.189270739,,False,,
Badulla,Uva,2022,September,0.754060267,0.706012767,Healthy,106.3600167,316.015,292.32,16.63,897000,798,12,89.03390706,1.359545368,,False,,
Badulla,Uva,2022,October,0.765784017,0.73642772,Healthy,103.7416333,323.6166667,300.3666667,11.26666667,896750,865,13,96.48028903,1.473251421,,False,,
Badulla,Uva,2022,November,0.780864533,0.769264367,Healthy,101.4201133,,,,896500,931,14,103.930824,1.58702089,,True,,
Badulla,Uva,2022,December,0.786730467,0.786948687,Healthy,99.97516333,,,,896250,898,13,100.246964,1.530768446,,True,,
Badulla,Uva,2023,January,0.79104288,0.792637687,Healthy,99.81108,,,,896000,757,8,84.48932927,0.930966899,,True,,
Badulla,Uva,2023,February,0.785345033,0.7792861,Healthy,100.7321087,,,,895920,714,7,79.80260287,0.879325027,,True,,
Badulla,Uva,2023,March,0.770350657,0.759753923,Healthy,101.30909,,,,895830,757,8,84.50536265,0.931143567,,True,,
Badulla,Uva,2023,April,0.7658897,0.755197667,Healthy,101.3278967,,,,895750,672,7,75.12258656,0.827757091,,True,,
Badulla,Uva,2023,May,0.77218933,0.755497033,Healthy,102.07328,,,,895670,630,6,70.43371538,0.776091586,,True,,
Badulla,Uva,2023,June,0.77932939,0.742993953,Healthy,104.5866967,318.0833333,293.2833333,10.0,895580,714,7,79.83289931,0.879658856,,False,,
Badulla,Uva,2023,July,0.7665759,0.717018043,Healthy,106.4616467,318.1222222,297.6722222,12.29444444,895500,799,8,89.23297608,0.983235963,,False,,
Badulla,Uva,2023,August,0.745408137,0.7010389,Healthy,105.9073653,315.65,297.95,13.94375,895420,883,9,98.63473252,1.086831578,,False,,
Badulla,Uva,2023,September,0.74797195,0.706012767,Healthy,105.5512733,317.65,295.4,11.0,895330,1009,11,112.7367399,1.242218089,,False,,
Badulla,Uva,2023,October,0.768060967,0.73642772,Healthy,104.0316047,314.7,297.6,6.4,895250,1093,12,122.142382,1.345856519,,False,,
Badulla,Uva,2023,November,0.781948177,0.769264367,Healthy,101.5517693,,,,895170,1177,12,131.5497052,1.449513473,,True,,
Badulla,Uva,2023,December,0.795673747,0.786948687,Healthy,101.04201,,,,895080,1135,12,126.8642563,1.397885677,,True,,
Badulla,Uva,2024,January,0.806985083,0.792637687,Healthy,101.7028667,,,,895000,826,6,92.29322796,0.686742063,,True,,
Badulla,Uva,2024,February,0.790007423,0.7792861,Healthy,101.2908017,313.6,297.0,8.5,895000,780,5,87.16582641,0.648589726,,False,,
Badulla,Uva,2024,March,0.761794673,0.759753923,Healthy,100.2509567,311.3,300.8,10.2,895000,826,6,92.29322796,0.686742063,,False,,
Badulla,Uva,2024,April,0.757995363,0.755197667,Healthy,100.346975,,,,895000,734,5,82.03842485,0.610437389,,True,,
Badulla,Uva,2024,May,0.782645013,0.755497033,Healthy,103.37266,,,,895000,688,5,76.9110233,0.572285052,,True,,
Badulla,Uva,2024,June,0.79731098,0.742993953,Healthy,106.85327,326.2,301.3,14.65,895000,780,5,87.16582641,0.648589726,,False,,
Badulla,Uva,2024,July,0.779893573,0.717018043,Healthy,108.1978267,319.2888889,295.6722222,17.44444444,895000,871,6,97.42062951,0.7248944,,False,,
Badulla,Uva,2024,August,0.762834377,0.7010389,Healthy,108.2279567,317.3333333,294.8888889,9.866666667,895000,963,7,107.6754326,0.801199073,,False,,
Badulla,Uva,2024,September,0.753701367,0.706012767,Healthy,106.3135933,318.7913043,294.4478261,16.93913043,895000,1101,8,123.0576373,0.915656084,,False,,
Badulla,Uva,2024,October,0.76171025,0.73642772,Healthy,103.2263463,,,,895000,1193,8,133.3124404,0.991960758,,True,,
Badulla,Uva,2024,November,0.776749667,0.769264367,Healthy,100.916195,,,,895000,1284,9,143.5672435,1.068265431,,True,,
Badulla,Uva,2024,December,0.794679067,0.786948687,Healthy,100.9225813,,,,895000,1239,9,138.4398419,1.030113094,,True,,
Batticaloa,Eastern,2014,January,0.7375081,0.72118236,Healthy,102.12137,,,,535000,480,0,89.73330294,0.082060634,,True,,
Batticaloa,Eastern,2014,February,0.68169345,0.669240733,Healthy,101.7205333,,,,535500,453,0,84.66898955,0.077429346,,True,,
Batticaloa,Eastern,2014,March,0.6196138,0.627042573,Degraded,98.89073,,,,536000,480,0,89.56589006,0.081907535,,True,,
Batticaloa,Eastern,2014,April,0.588397933,0.60768549,Degraded,97.06744333,326.7,299.2,12.0,536500,426,0,79.53992681,0.072738845,,False,,
Batticaloa,Eastern,2014,May,0.6108496,0.609719333,Degraded,100.1698133,324.3,300.05,11.85,537000,400,0,74.49925058,0.068129173,,False,,
Batticaloa,Eastern,2014,June,0.599117043,0.597156433,Degraded,100.2860747,327.2,301.85,20.4,537500,453,0,84.35394214,0.077141237,,False,,
Batticaloa,Eastern,2014,July,0.528457733,0.553775297,Degraded,95.79042,327.0571429,300.3285714,20.05,538000,506,0,94.19031644,0.086136549,,False,,
Batticaloa,Eastern,2014,August,0.5109825,0.529086387,Degraded,96.87657,325.4526316,293.8842105,13.4,538500,560,0,104.0084245,0.095115157,,False,,
Batticaloa,Eastern,2014,September,0.543115433,0.539749457,Degraded,100.564678,,,,539000,640,0,118.7565048,0.108602199,,True,,
Batticaloa,Eastern,2014,October,0.593184533,0.58577872,Degraded,101.170343,,,,539500,693,0,128.5336468,0.117543344,,True,,
Batticaloa,Eastern,2014,November,0.671601187,0.668409343,Healthy,100.4492283,320.5,302.6,9.4,540000,746,0,138.2926829,0.126467931,,False,,
Batticaloa,Eastern,2014,December,0.720862147,0.728719153,Healthy,98.996945,,,,540500,720,0,133.2302972,0.121838406,,True,,
Batticaloa,Eastern,2015,January,0.702604443,0.72118236,Healthy,97.58884,,,,541000,367,0,67.9906226,0.081150534,,True,,
Batticaloa,Eastern,2015,February,0.655857713,0.669240733,Healthy,98.14772167,,,,541830,347,0,64.11500082,0.076524767,,True,,
Batticaloa,Eastern,2015,March,0.6244065,0.627042573,Degraded,99.61481167,,,,542670,367,0,67.78138985,0.080900803,,True,,
Batticaloa,Eastern,2015,April,0.61422358,0.60768549,Degraded,100.9951783,,,,543500,326,0,60.158114,0.071802006,,True,,
Batticaloa,Eastern,2015,May,0.644527217,0.609719333,Degraded,105.2740947,,,,544330,306,0,56.31223527,0.067211739,,True,,
Batticaloa,Eastern,2015,June,0.6571776,0.597156433,Degraded,109.2717767,,,,545170,347,0,63.72219839,0.076055936,,True,,
Batticaloa,Eastern,2015,July,0.580547973,0.553775297,Degraded,104.3877333,316.7,283.9,9.95,546000,388,0,71.1106644,0.084874475,,False,,
Batticaloa,Eastern,2015,August,0.508380873,0.529086387,Degraded,96.42089333,331.8352941,302.9176471,27.03529412,546830,429,0,78.47670141,0.093666244,,False,,
Batticaloa,Eastern,2015,September,0.520095537,0.539749457,Degraded,96.65350533,325.2666667,291.2333333,16.0,547670,490,0,89.55009849,0.10688295,,False,,
Batticaloa,Eastern,2015,October,0.586991453,0.58577872,Degraded,100.179975,317.3,297.0,32.0,548500,531,0,96.86580549,0.115614647,,False,,
Batticaloa,Eastern,2015,November,0.67001868,0.668409343,Healthy,100.2227817,,,,549330,572,0,104.1594054,0.124319959,,True,,
Batticaloa,Eastern,2015,December,0.7458902,0.728719153,Healthy,102.19721,,,,550170,551,0,100.2860757,0.119696927,,True,,
Batticaloa,Eastern,2016,January,0.737042267,0.72118236,Healthy,102.0467867,,,,551000,402,0,72.97153734,0.053118499,,True,,
Batticaloa,Eastern,2016,February,0.665473963,0.669240733,Healthy,99.46301667,,,,551830,379,0,68.81390507,0.050092015,,True,,
Batticaloa,Eastern,2016,March,0.60350284,0.627042573,Degraded,96.509598,317.5,297.2,16.1,552670,402,0,72.75103963,0.052957991,,False,,
Batticaloa,Eastern,2016,April,0.57111582,0.60768549,Degraded,94.439792,317.5,298.2,23.6,553500,357,0,64.57061861,0.04700318,,False,,
Batticaloa,Eastern,2016,May,0.601961367,0.609719333,Degraded,98.82157667,318.0,291.4,10.6,554330,335,0,60.44431577,0.043999502,,False,,
Batticaloa,Eastern,2016,June,0.623558117,0.597156433,Degraded,104.088445,,,,555170,379,0,68.39990856,0.049790652,,True,,
Batticaloa,Eastern,2016,July,0.593487777,0.553775297,Degraded,106.5857,324.6666667,302.5333333,8.233333333,556000,424,0,76.33283617,0.055565304,,False,,
Batticaloa,Eastern,2016,August,0.555610983,0.529086387,Degraded,104.5770467,328.22,301.22,15.01,556830,469,0,84.24211444,0.06132274,,False,,
Batticaloa,Eastern,2016,September,0.515960167,0.539749457,Degraded,95.99553333,332.2333333,310.2833333,12.48333333,557670,536,0,96.13168379,0.069977568,,False,,
Batticaloa,Eastern,2016,October,0.527121147,0.58577872,Degraded,90.772345,340.15,307.2,29.6,558500,580,0,103.9878886,0.07569637,,False,,
Batticaloa,Eastern,2016,November,0.631195097,0.668409343,Healthy,94.771418,,,,559330,625,0,111.8207774,0.0813982,,True,,
Batticaloa,Eastern,2016,December,0.713133333,0.728719153,Healthy,97.992558,,,,560170,603,0,107.6654866,0.078373421,,True,,
Batticaloa,Eastern,2017,January,0.72573495,0.72118236,Healthy,100.6001267,,,,561000,406,0,72.45337159,0.117386201,,True,,
Batticaloa,Eastern,2017,February,0.6821146,0.669240733,Healthy,101.7874167,,,,561750,383,0,68.33682489,0.110716728,,True,,
Batticaloa,Eastern,2017,March,0.626211367,0.627042573,Degraded,99.86503333,310.9,293.5,22.1,562500,406,0,72.2601626,0.117073171,,False,,
Batticaloa,Eastern,2017,April,0.58209631,0.60768549,Degraded,96.10734,,,,563250,361,0,64.14572801,0.103926472,,True,,
Batticaloa,Eastern,2017,May,0.576636167,0.609719333,Degraded,94.98482467,313.4,290.5,46.0,564000,338,0,60.0566511,0.097301505,,False,,
Batticaloa,Eastern,2017,June,0.584108523,0.597156433,Degraded,97.99695833,322.7,301.7,10.1,564750,383,0,67.97381387,0.110128591,,False,,
Batticaloa,Eastern,2017,July,0.574576833,0.553775297,Degraded,103.478465,329.975,303.1,19.175,565500,429,0,75.86997621,0.122921654,,False,,
Batticaloa,Eastern,2017,August,0.5884089,0.529086387,Degraded,110.2484153,326.1333333,300.7,12.3,566250,474,0,83.74522156,0.135680827,,False,,
Batticaloa,Eastern,2017,September,0.611601607,0.539749457,Degraded,112.193418,,,,567000,541,0,95.58222566,0.154858691,,True,,
Batticaloa,Eastern,2017,October,0.633552033,0.58577872,Degraded,107.5537587,314.9,294.2,34.75,567750,587,0,103.4106246,0.167541966,,False,,
Batticaloa,Eastern,2017,November,0.6989902,0.668409343,Healthy,104.27102,,,,568500,632,1,111.2183681,0.180191776,,True,,
Batticaloa,Eastern,2017,December,0.749331297,0.728719153,Healthy,102.653805,,,,569250,609,0,107.1049841,0.173527427,,True,,
Batticaloa,Eastern,2018,January,0.70740037,0.72118236,Healthy,98.19044167,,,,570000,541,1,94.96790757,0.243902439,,True,,
Batticaloa,Eastern,2018,February,0.628717467,0.669240733,Healthy,94.36003533,320.8,302.1666667,9.566666667,570420,511,1,89.62587259,0.230182695,,False,,
Batticaloa,Eastern,2018,March,0.604351623,0.627042573,Degraded,96.66908733,,,,570830,541,1,94.82982204,0.243547799,,True,,
Batticaloa,Eastern,2018,April,0.629607327,0.60768549,Degraded,103.336444,,,,571250,481,1,84.2312003,0.216327765,,True,,
Batticaloa,Eastern,2018,May,0.66004876,0.609719333,Degraded,107.6279033,,,,571670,451,1,78.90873423,0.202658279,,True,,
Batticaloa,Eastern,2018,June,0.652282477,0.597156433,Degraded,108.5132967,313.4,291.6,30.75,572080,511,1,89.36580591,0.229514776,,False,,
Batticaloa,Eastern,2018,July,0.587156907,0.553775297,Degraded,105.497602,322.52,297.07,12.18,572500,571,1,99.80615614,0.256328327,,False,,
Batticaloa,Eastern,2018,August,0.528873567,0.529086387,Degraded,99.960875,324.9916667,296.85,18.25833333,572920,631,1,110.231199,0.283102566,,False,,
Batticaloa,Eastern,2018,September,0.537859747,0.539749457,Degraded,99.67258667,319.25,296.475,16.3,573330,721,1,125.8884233,0.323314415,,False,,
Batticaloa,Eastern,2018,October,0.595826037,0.58577872,Degraded,101.5762067,312.4,288.0,17.6,573750,781,2,136.2792922,0.350000886,,False,,
Batticaloa,Eastern,2018,November,0.680597953,0.668409343,Healthy,101.69607,,,,574170,842,2,146.6549594,0.376648314,,True,,
Batticaloa,Eastern,2018,December,0.73917884,0.728719153,Healthy,101.3453717,,,,574580,811,2,141.3163719,0.362937424,,True,,
Batticaloa,Eastern,2019,January,0.71714429,0.72118236,Healthy,99.46515333,,,,575000,515,2,89.57370095,0.35630965,,True,,
Batticaloa,Eastern,2019,February,0.6492959,0.669240733,Healthy,97.216535,,,,575330,486,1,84.54886054,0.33632165,,True,,
Batticaloa,Eastern,2019,March,0.589601983,0.627042573,Degraded,94.45680867,,,,575670,515,2,89.4694496,0.355894955,,True,,
Batticaloa,Eastern,2019,April,0.55446381,0.60768549,Degraded,91.90719533,321.25,301.7,17.7,576000,457,1,79.4828365,0.316169828,,False,,
Batticaloa,Eastern,2019,May,0.558699157,0.609719333,Degraded,92.26596,320.2,298.3,20.03333333,576330,429,1,74.47249268,0.296239494,,False,,
Batticaloa,Eastern,2019,June,0.559702023,0.597156433,Degraded,94.21744667,320.08,291.64,12.62,576670,486,1,84.35239554,0.335540144,,False,,
Batticaloa,Eastern,2019,July,0.533733703,0.553775297,Degraded,96.69858,324.2166667,295.2166667,10.51666667,577000,543,2,94.22228798,0.374800975,,False,,
Batticaloa,Eastern,2019,August,0.532008513,0.529086387,Degraded,100.5072587,330.1666667,301.2111111,22.78888889,577330,600,2,104.0808972,0.414016923,,False,,
Batticaloa,Eastern,2019,September,0.571859733,0.539749457,Degraded,105.4296697,,,,577670,686,2,118.8795865,0.472883708,,True,,
Batticaloa,Eastern,2019,October,0.629491423,0.58577872,Degraded,106.8946467,,,,578000,743,2,128.7126902,0.5119982,,True,,
Batticaloa,Eastern,2019,November,0.690861767,0.668409343,Healthy,103.15695,,,,578330,801,3,138.5345723,0.551068053,,True,,
Batticaloa,Eastern,2019,December,0.734679643,0.728719153,Healthy,100.7706313,,,,578670,772,3,133.5084194,0.531074832,,True,,
Batticaloa,Eastern,2020,January,0.702482497,0.72118236,Healthy,97.55786133,,,,579000,308,0,53.21622646,0.06318716,,True,,
Batticaloa,Eastern,2020,February,0.617705283,0.669240733,Healthy,92.80867,321.5,299.3,18.9,579920,291,0,50.18003605,0.05958209,,False,,
Batticaloa,Eastern,2020,March,0.552737777,0.627042573,Degraded,89.01656667,,,,580830,308,0,53.04856003,0.062988079,,True,,
Batticaloa,Eastern,2020,April,0.5425772,0.60768549,Degraded,90.10270333,,,,581750,273,0,47.07970414,0.05590086,,True,,
Batticaloa,Eastern,2020,May,0.590687,0.609719333,Degraded,97.11225333,321.1,300.92,12.86,582670,256,0,44.06753268,0.052324309,,False,,
Batticaloa,Eastern,2020,June,0.62369834,0.597156433,Degraded,104.120028,326.9,302.9,10.9,583580,291,0,49.86532524,0.059208413,,False,,
Batticaloa,Eastern,2020,July,0.614794277,0.553775297,Degraded,110.13168,312.5,287.6,11.0,584500,325,0,55.64411247,0.066069951,,False,,
Batticaloa,Eastern,2020,August,0.58946342,0.529086387,Degraded,110.4240067,322.7,287.1,25.0,585420,359,0,61.40473673,0.072909922,,False,,
Batticaloa,Eastern,2020,September,0.56054227,0.539749457,Degraded,103.5551253,,,,586330,410,0,70.06792562,0.083196302,,True,,
Batticaloa,Eastern,2020,October,0.557545933,0.58577872,Degraded,95.59435,,,,587250,445,0,75.78800181,0.089988128,,True,,
Batticaloa,Eastern,2020,November,0.646783317,0.668409343,Healthy,96.94132333,,,,588170,479,0,81.49018362,0.096758708,,True,,
Batticaloa,Eastern,2020,December,0.737885753,0.728719153,Healthy,101.1722147,,,,589080,462,0,78.45843125,0.093158907,,True,,
Batticaloa,Eastern,2021,January,0.721990233,0.72118236,Healthy,100.09315,,,,590000,183,0,31.09136007,0.148821827,,True,,
Batticaloa,Eastern,2021,February,0.64985568,0.669240733,Healthy,97.29433667,,,,590000,173,0,29.36406228,0.140553948,,True,,
Batticaloa,Eastern,2021,March,0.605921107,0.627042573,Degraded,96.88432467,321.7,303.5,15.0,590000,183,0,31.09136007,0.148821827,,False,,
Batticaloa,Eastern,2021,April,0.608844703,0.60768549,Degraded,100.178975,,,,590000,163,0,27.6367645,0.132286069,,True,,
Batticaloa,Eastern,2021,May,0.645517843,0.609719333,Degraded,105.4249353,,,,590000,152,0,25.90946672,0.124018189,,True,,
Batticaloa,Eastern,2021,June,0.6435951,0.597156433,Degraded,107.1783267,324.65,302.2,18.85,590000,173,0,29.36406228,0.140553948,,False,,
Batticaloa,Eastern,2021,July,0.610322337,0.553775297,Degraded,109.376005,325.2,303.5,9.8,590000,193,0,32.81865785,0.157089706,,False,,
Batticaloa,Eastern,2021,August,0.582822343,0.529086387,Degraded,109.27822,319.6,290.9666667,11.0,590000,214,1,36.27325341,0.173625465,,False,,
Batticaloa,Eastern,2021,September,0.567089033,0.539749457,Degraded,104.6521367,333.1,303.3,17.1,590000,244,1,41.45514675,0.198429103,,False,,
Batticaloa,Eastern,2021,October,0.59609957,0.58577872,Degraded,101.6306933,,,,590000,264,1,44.90974232,0.214964862,,True,,
Batticaloa,Eastern,2021,November,0.678632907,0.668409343,Healthy,101.42628,,,,590000,285,1,48.36433788,0.23150062,,True,,
Batticaloa,Eastern,2021,December,0.735723133,0.728719153,Healthy,100.9007163,,,,590000,275,1,46.6370401,0.223232741,,True,,
Batticaloa,Eastern,2022,January,0.71856829,0.72118236,Healthy,99.65317667,,,,590000,370,2,62.71599835,0.34725093,,True,,
Batticaloa,Eastern,2022,February,0.6636939,0.669240733,Healthy,99.23821667,,,,589330,349,1,59.29911589,0.328332063,,True,,
Batticaloa,Eastern,2022,March,0.641958917,0.627042573,Degraded,102.2153733,,,,588670,370,2,62.85769451,0.348035485,,True,,
Batticaloa,Eastern,2022,April,0.635863797,0.60768549,Degraded,104.2850267,317.9,298.95,17.45,588000,328,1,55.93717162,0.309717383,,False,,
Batticaloa,Eastern,2022,May,0.632997147,0.609719333,Degraded,103.5290333,321.65,295.3,12.75,587330,308,1,52.50092087,0.290691276,,False,,
Batticaloa,Eastern,2022,June,0.616818667,0.597156433,Degraded,103.0402167,315.0,291.4,16.3,586670,349,1,59.56798194,0.329820742,,False,,
Batticaloa,Eastern,2022,July,0.582558123,0.553775297,Degraded,104.77972,328.5,302.6285714,23.1,586000,390,2,66.65209911,0.369044646,,False,,
Batticaloa,Eastern,2022,August,0.570697567,0.529086387,Degraded,107.187045,,,,585330,431,2,73.752434,0.408358345,,True,,
Batticaloa,Eastern,2022,September,0.5847504,0.539749457,Degraded,107.6359847,,,,584670,493,2,84.38364439,0.467222077,,True,,
Batticaloa,Eastern,2022,October,0.618472753,0.58577872,Degraded,105.161605,,,,584000,534,2,91.52049226,0.506737944,,True,,
Batticaloa,Eastern,2022,November,0.6958951,0.668409343,Healthy,103.8309317,,,,583330,575,3,98.67373458,0.546344585,,True,,
Batticaloa,Eastern,2022,December,0.753078817,0.728719153,Healthy,103.12988,,,,582670,555,3,95.25745025,0.52742903,,True,,
Batticaloa,Eastern,2023,January,0.734164227,0.72118236,Healthy,101.6726447,,,,582000,396,2,68.1921046,0.352024139,,True,,
Batticaloa,Eastern,2023,February,0.665666223,0.669240733,Healthy,99.49836133,,,,581580,374,1,64.45016477,0.33270734,,True,,
Batticaloa,Eastern,2023,March,0.62366259,0.627042573,Degraded,99.50259033,,,,581170,396,2,68.2894934,0.352526883,,True,,
Batticaloa,Eastern,2023,April,0.617409333,0.60768549,Degraded,101.480415,,,,580750,352,1,60.7456716,0.31358385,,True,,
Batticaloa,Eastern,2023,May,0.649090607,0.609719333,Degraded,105.9665417,315.6,298.3,11.6,580330,330,1,56.99028265,0.294197624,,False,,
Batticaloa,Eastern,2023,June,0.64625528,0.597156433,Degraded,107.5863,315.0,294.75,30.85,579920,374,1,64.63465104,0.333659703,,False,,
Batticaloa,Eastern,2023,July,0.587760533,0.553775297,Degraded,105.5996947,318.6,299.9,38.7,579500,418,2,72.29108357,0.37318406,,False,,
Batticaloa,Eastern,2023,August,0.528044273,0.529086387,Degraded,99.81753467,324.9263158,294.3210526,20.2,579080,463,2,79.95862234,0.41276575,,False,,
Batticaloa,Eastern,2023,September,0.54905488,0.539749457,Degraded,101.5620267,326.4,301.8,13.63333333,578670,529,2,91.44602826,0.472066518,,False,,
Batticaloa,Eastern,2023,October,0.618298347,0.58577872,Degraded,105.1003033,,,,578250,573,2,99.13848555,0.511776843,,True,,
Batticaloa,Eastern,2023,November,0.711232087,0.668409343,Healthy,105.9625633,,,,577830,617,3,106.8421255,0.551544896,,True,,
Batticaloa,Eastern,2023,December,0.756904853,0.728719153,Healthy,103.6321383,,,,577420,595,3,103.0994897,0.532224504,,True,,
Batticaloa,Eastern,2024,January,0.7119264,0.72118236,Healthy,98.78304333,,,,577000,373,1,64.69966606,0.304349664,,True,,
Batticaloa,Eastern,2024,February,0.63750728,0.669240733,Healthy,95.576843,,,,577000,352,1,61.10524017,0.287441349,,True,,
Batticaloa,Eastern,2024,March,0.595795483,0.627042573,Degraded,95.39321067,,,,577000,373,1,64.69966606,0.304349664,,True,,
Batticaloa,Eastern,2024,April,0.61077801,0.60768549,Degraded,100.4738533,,,,577000,331,1,57.51081428,0.270533035,,True,,
Batticaloa,Eastern,2024,May,0.664312573,0.609719333,Degraded,108.2724733,,,,577000,311,1,53.91638838,0.25362472,,True,,
Batticaloa,Eastern,2024,June,0.683504883,0.597156433,Degraded,113.34842,,,,577000,352,1,61.10524017,0.287441349,,True,,
Batticaloa,Eastern,2024,July,0.639856467,0.553775297,Degraded,114.2539667,324.85,298.24,11.26,577000,394,1,68.29409195,0.321257979,,False,,
Batticaloa,Eastern,2024,August,0.60722802,0.529086387,Degraded,113.4934847,323.49,296.32,18.45,577000,435,2,75.48294374,0.355074608,,False,,
Batticaloa,Eastern,2024,September,0.593474347,0.539749457,Degraded,109.1304347,320.2,301.9,6.9,577000,497,2,86.26622141,0.405799552,,False,,
Batticaloa,Eastern,2024,October,0.6102321,0.58577872,Degraded,103.8767247,,,,577000,539,2,93.4550732,0.439616181,,True,,
Batticaloa,Eastern,2024,November,0.68312518,0.668409343,Healthy,102.0493333,,,,577000,580,2,100.643925,0.473432811,,True,,
Batticaloa,Eastern,2024,December,0.747597933,0.728719153,Healthy,102.4244003,,,,577000,559,2,97.04949909,0.456524496,,True,,
Colombo,Western,2014,January,0.651098533,0.672061403,Healthy,97.09382,,,,2353000,1147,18,48.7473179,0.764980875,,True,,
Colombo,Western,2014,February,0.626963767,0.654409933,Healthy,96.103134,326.2,303.5,23.3,2354170,1083,17,46.01625256,0.722122871,,False,,
Colombo,Western,2014,March,0.630656497,0.657734513,Healthy,96.17270833,,,,2355330,1147,18,48.69909483,0.764224121,,True,,
Colombo,Western,2014,April,0.6600536,0.67725397,Healthy,97.63123167,317.0,298.6,6.9,2356500,1019,16,43.2665918,0.678973053,,False,,
Colombo,Western,2014,May,0.68307822,0.695526517,Healthy,98.33097333,,,,2357670,955,15,40.5423006,0.636221354,,True,,
Colombo,Western,2014,June,0.683075347,0.704092183,Healthy,97.21317333,,,,2358830,1083,17,45.9253449,0.720696277,,True,,
Colombo,Western,2014,July,0.675807213,0.704232777,Healthy,96.23159667,,,,2360000,1210,19,51.30287998,0.805084746,,True,,
Colombo,Western,2014,August,0.681756503,0.697732053,Healthy,97.864508,,,,2361170,1338,21,56.67508574,0.889389582,,True,,
Colombo,Western,2014,September,0.693005777,0.696139283,Healthy,99.579892,,,,2362330,1529,24,64.73972111,1.015946121,,True,,
Colombo,Western,2014,October,0.698807223,0.69933169,Healthy,99.92997467,,,,2363500,1656,26,70.09997919,1.100063465,,True,,
Colombo,Western,2014,November,0.70316375,0.6999362,Healthy,100.4305517,,,,2364670,1784,28,75.45493293,1.18409757,,True,,
Colombo,Western,2014,December,0.700062313,0.693117947,Healthy,100.9345267,,,,2365830,1720,27,72.72443858,1.141248526,,True,,
Colombo,Western,2015,January,0.67505216,0.672061403,Healthy,100.412083,,,,2367000,1037,16,43.84988717,0.701721846,,True,,
Colombo,Western,2015,February,0.653928953,0.654409933,Healthy,99.93167333,321.7,298.9,9.7,2368670,980,15,41.38458408,0.662270045,,False,,
Colombo,Western,2015,March,0.659315927,0.657734513,Healthy,100.222617,,,,2370330,1037,16,43.78828388,0.70073602,,True,,
Colombo,Western,2015,April,0.683304317,0.67725397,Healthy,100.83085,,,,2372000,922,14,38.89551543,0.622437928,,True,,
Colombo,Western,2015,May,0.701437667,0.695526517,Healthy,100.7937387,,,,2373670,864,13,36.43889102,0.58312501,,True,,
Colombo,Western,2015,June,0.705855057,0.704092183,Healthy,100.23383,,,,2375330,980,15,41.26854911,0.660413158,,True,,
Colombo,Western,2015,July,0.70558838,0.704232777,Healthy,100.1803843,,,,2377000,1095,17,46.0912676,0.737590253,,True,,
Colombo,Western,2015,August,0.7105536,0.697732053,Healthy,101.71564,,,,2378670,1210,19,50.90721429,0.814658981,,True,,
Colombo,Western,2015,September,0.721975347,0.696139283,Healthy,103.4624447,,,,2380330,1383,22,58.1391,0.930389545,,True,,
Colombo,Western,2015,October,0.72425072,0.69933169,Healthy,103.3259783,,,,2382000,1499,23,62.93986743,1.007215362,,True,,
Colombo,Western,2015,November,0.7130971,0.6999362,Healthy,101.7546547,,,,2383670,1614,25,67.73390803,1.08393353,,True,,
Colombo,Western,2015,December,0.700584047,0.693117947,Healthy,101.004352,,,,2385330,1556,24,65.26938595,1.044494227,,True,,
Colombo,Western,2016,January,0.679256497,0.672061403,Healthy,100.9967913,317.55,299.6,7.0,2387000,1053,14,44.13234287,0.616142316,,False,,
Colombo,Western,2016,February,0.662702887,0.654409933,Healthy,101.1773747,,,,2388670,994,13,41.65140577,0.581505352,,True,,
Colombo,Western,2016,March,0.661714487,0.657734513,Healthy,100.5643433,,,,2390330,1053,14,44.07086153,0.61528396,,True,,
Colombo,Western,2016,April,0.674986937,0.67725397,Healthy,99.68832367,,,,2392000,936,13,39.14674933,0.546537238,,True,,
Colombo,Western,2016,May,0.696936233,0.695526517,Healthy,100.188382,,,,2393670,877,12,36.67447282,0.512021188,,True,,
Colombo,Western,2016,June,0.699998563,0.704092183,Healthy,99.45741,,,,2395330,994,13,41.53559777,0.579888529,,True,,
Colombo,Western,2016,July,0.684626083,0.704232777,Healthy,97.39996133,,,,2397000,1111,15,46.38979619,0.647659167,,True,,
Colombo,Western,2016,August,0.676537667,0.697732053,Healthy,97.16546333,,,,2398670,1229,17,51.23723543,0.715335439,,True,,
Colombo,Western,2016,September,0.669284083,0.696139283,Healthy,96.401021,,,,2400330,1404,19,58.51634425,0.816960839,,True,,
Colombo,Western,2016,October,0.663705803,0.69933169,Healthy,95.24582667,,,,2402000,1521,21,63.34863224,0.88442558,,True,,
Colombo,Western,2016,November,0.66130867,0.6999362,Healthy,94.84910833,,,,2403670,1638,22,68.17420556,0.951796577,,True,,
Colombo,Western,2016,December,0.65344492,0.693117947,Healthy,94.66181967,,,,2405330,1580,22,65.6940435,0.917170434,,True,,
Colombo,Western,2017,January,0.644443467,0.672061403,Healthy,96.18110933,,,,2407000,1265,17,52.56315421,0.732619291,,True,,
Colombo,Western,2017,February,0.64336518,0.654409933,Healthy,98.433595,,,,2409670,1194,16,49.5879728,0.69115155,,True,,
Colombo,Western,2017,March,0.653439117,0.657734513,Healthy,99.39304667,,,,2412330,1265,17,52.44701687,0.731000582,,True,,
Colombo,Western,2017,April,0.668062303,0.67725397,Healthy,98.73829,,,,2415000,1124,15,46.56802841,0.649059907,,True,,
Colombo,Western,2017,May,0.684176817,0.695526517,Healthy,98.47697133,,,,2417670,1054,14,43.60931261,0.607821661,,True,,
Colombo,Western,2017,June,0.695421723,0.704092183,Healthy,98.85018,,,,2420330,1194,16,49.36956961,0.688107471,,True,,
Colombo,Western,2017,July,0.691391297,0.704232777,Healthy,98.29712167,,,,2423000,1335,18,55.11695171,0.768213832,,True,,
Colombo,Western,2017,August,0.683613,0.697732053,Healthy,98.11187333,,,,2425670,1476,20,60.85168121,0.848143842,,True,,
Colombo,Western,2017,September,0.68797533,0.696139283,Healthy,98.90567533,,,,2428330,1686,23,69.46859897,0.968245466,,True,,
Colombo,Western,2017,October,0.693568097,0.69933169,Healthy,99.23103667,,,,2431000,1827,25,75.17499239,1.047780531,,True,,
Colombo,Western,2017,November,0.68603622,0.6999362,Healthy,98.14622667,,,,2433670,1968,27,80.86886475,1.127141079,,True,,
Colombo,Western,2017,December,0.670113013,0.693117947,Healthy,96.90288733,,,,2436330,1897,26,77.89555122,1.085699372,,True,,
Colombo,Western,2018,January,0.64626812,0.672061403,Healthy,96.42892,,,,2439000,1288,19,52.81552816,0.79800798,,True,,
Colombo,Western,2018,February,0.63632462,0.654409933,Healthy,97.43357167,321.1,304.8,10.9,2439750,1216,18,49.8659982,0.753442518,,False,,
Colombo,Western,2018,March,0.6481478,0.657734513,Healthy,98.64351333,,,,2440500,1288,19,52.78306624,0.797517502,,True,,
Colombo,Western,2018,April,0.67557822,0.67725397,Healthy,99.76801833,,,,2441250,1145,17,46.90386689,0.708686657,,True,,
Colombo,Western,2018,May,0.694943467,0.695526517,Healthy,99.92225,,,,2442000,1073,16,43.95887018,0.664189689,,True,,
Colombo,Western,2018,June,0.700176787,0.704092183,Healthy,99.48086533,,,,2442750,1216,18,49.80475657,0.752517197,,True,,
Colombo,Western,2018,July,0.688185483,0.704232777,Healthy,97.87131,,,,2443500,1359,20,55.64705432,0.840790483,,True,,
Colombo,Western,2018,August,0.66811012,0.697732053,Healthy,96.037568,,,,2444250,1502,22,61.48576674,0.929009597,,True,,
Colombo,Western,2018,September,0.661717367,0.696139283,Healthy,95.38648,,,,2445000,1717,25,70.24789266,1.061399571,,True,,
Colombo,Western,2018,October,0.676499967,0.69933169,Healthy,96.95258467,,,,2445750,1860,28,76.07854674,1.149496929,,True,,
Colombo,Western,2018,November,0.67773041,0.6999362,Healthy,97.03873833,,,,2446500,2003,30,81.90562592,1.237540272,,True,,
Colombo,Western,2018,December,0.663352143,0.693117947,Healthy,95.99359533,,,,2447250,1932,29,78.95622015,1.192976686,,True,,
Colombo,Western,2019,January,0.642365213,0.672061403,Healthy,95.88836933,315.3875,295.7375,12.5,2448000,1286,17,52.57054041,0.720349115,,False,,
Colombo,Western,2019,February,0.630173907,0.654409933,Healthy,96.55992667,,,,2448580,1215,16,49.63819415,0.680168569,,True,,
Colombo,Western,2019,March,0.634030423,0.657734513,Healthy,96.651543,,,,2449170,1286,17,52.54542679,0.720004995,,True,,
Colombo,Western,2019,April,0.64790433,0.67725397,Healthy,95.96495867,,,,2449750,1143,15,46.69598773,0.639852913,,True,,
Colombo,Western,2019,May,0.66920582,0.695526517,Healthy,96.46792667,,,,2450330,1072,14,43.76712624,0.599720117,,True,,
Colombo,Western,2019,June,0.6848159,0.704092183,Healthy,97.44365667,,,,2450920,1215,16,49.59080241,0.679519182,,True,,
Colombo,Western,2019,July,0.690018813,0.704232777,Healthy,98.11620333,,,,2451500,1358,18,55.41190146,0.759282934,,True,,
Colombo,Western,2019,August,0.69206521,0.697732053,Healthy,99.24257667,,,,2452080,1501,20,61.23024674,0.839008953,,True,,
Colombo,Western,2019,September,0.693005813,0.696139283,Healthy,99.58007167,,,,2452670,1715,23,69.96059148,0.958636715,,True,,
Colombo,Western,2019,October,0.695373887,0.69933169,Healthy,99.47186033,,,,2453250,1858,25,75.77272226,1.038277579,,True,,
Colombo,Western,2019,November,0.694469553,0.6999362,Healthy,99.27099167,,,,2453830,2001,27,81.58210548,1.117880795,,True,,
Colombo,Western,2019,December,0.684975373,0.693117947,Healthy,98.90358,,,,2454420,1930,26,78.64954832,1.077697359,,True,,
Colombo,Western,2020,January,0.6574058,0.672061403,Healthy,97.96707467,,,,2455000,626,6,25.51587104,0.256321097,,True,,
Colombo,Western,2020,February,0.628433333,0.654409933,Healthy,96.31078867,,,,2457080,591,5,24.07792262,0.241876106,,True,,
Colombo,Western,2020,March,0.624978213,0.657734513,Healthy,95.371348,,,,2459170,626,6,25.47260393,0.255886455,,True,,
Colombo,Western,2020,April,0.654520283,0.67725397,Healthy,96.86873533,,,,2461250,556,5,22.62317961,0.227262405,,True,,
Colombo,Western,2020,May,0.68935358,0.695526517,Healthy,99.16925667,,,,2463330,522,5,21.19132212,0.212878601,,True,,
Colombo,Western,2020,June,0.71120725,0.704092183,Healthy,100.94325,,,,2465420,591,5,23.99647205,0.24105789,,True,,
Colombo,Western,2020,July,0.717739093,0.704232777,Healthy,101.7908633,,,,2467500,661,6,26.79697861,0.269190534,,True,,
Colombo,Western,2020,August,0.704557947,0.697732053,Healthy,100.912062,,,,2469580,730,7,29.59276772,0.297275788,,True,,
Colombo,Western,2020,September,0.69401882,0.696139283,Healthy,99.71590667,,,,2471670,835,8,33.79170812,0.339456477,,True,,
Colombo,Western,2020,October,0.694581167,0.69933169,Healthy,99.36604667,,,,2473750,904,9,36.57690301,0.367435306,,True,,
Colombo,Western,2020,November,0.698115923,0.6999362,Healthy,99.75747533,,,,2475830,974,9,39.35741809,0.395367125,,True,,
Colombo,Western,2020,December,0.699915933,0.693117947,Healthy,100.9165867,,,,2477920,939,9,37.9197856,0.380925308,,True,,
Colombo,Western,2021,January,0.683017377,0.672061403,Healthy,101.5153033,,,,2480000,412,8,16.6404406,0.351101495,,True,,
Colombo,Western,2021,February,0.65403041,0.654409933,Healthy,99.94470533,,,,2479830,389,8,15.71704905,0.331618588,,True,,
Colombo,Western,2021,March,0.650513037,0.657734513,Healthy,98.97982367,,,,2479670,412,8,16.64265514,0.35114822,,True,,
Colombo,Western,2021,April,0.675143453,0.67725397,Healthy,99.70717333,,,,2479500,366,7,14.79448551,0.312153152,,True,,
Colombo,Western,2021,May,0.69629419,0.695526517,Healthy,100.1036817,,,,2479330,343,7,13.87078118,0.292663645,,True,,
Colombo,Western,2021,June,0.70214784,0.704092183,Healthy,99.74216367,,,,2479170,389,8,15.72123322,0.331706871,,True,,
Colombo,Western,2021,July,0.70279705,0.704232777,Healthy,99.81002533,,,,2479000,435,9,17.571995,0.370756632,,True,,
Colombo,Western,2021,August,0.702875333,0.697732053,Healthy,100.6883433,,,,2478830,481,10,19.42301064,0.409811749,,True,,
Colombo,Western,2021,September,0.70459852,0.696139283,Healthy,101.133768,,,,2478670,550,11,22.19915932,0.468386518,,True,,
Colombo,Western,2021,October,0.70512318,0.69933169,Healthy,100.7730437,,,,2478500,596,12,24.05073879,0.507453531,,True,,
Colombo,Western,2021,November,0.698741997,0.6999362,Healthy,99.84047,,,,2478330,641,13,25.90257228,0.546525904,,True,,
Colombo,Western,2021,December,0.685099967,0.693117947,Healthy,98.92065667,,,,2478170,619,13,24.97909305,0.527041148,,True,,
Colombo,Western,2022,January,0.666146353,0.672061403,Healthy,99.18177167,,,,2478000,1274,16,51.43506762,0.676194413,,True,,
Colombo,Western,2022,February,0.648723177,0.654409933,Healthy,99.192358,,,,2476500,1203,15,48.60698698,0.63901487,,True,,
Colombo,Western,2022,March,0.646513027,0.657734513,Healthy,98.415692,,,,2475000,1274,16,51.49741316,0.677014043,,True,,
Colombo,Western,2022,April,0.6663333,0.67725397,Healthy,98.496155,,,,2473500,1132,14,45.8032379,0.602155203,,True,,
Colombo,Western,2022,May,0.692031867,0.695526517,Healthy,99.53013133,,,,2472000,1062,13,42.96659168,0.564863052,,True,,
Colombo,Western,2022,June,0.701556493,0.704092183,Healthy,99.66379133,,,,2470500,1203,15,48.72503673,0.640566819,,True,,
Colombo,Western,2022,July,0.694934757,0.704232777,Healthy,98.76697,,,,2469000,1345,17,54.49047868,0.716362571,,True,,
Colombo,Western,2022,August,0.68443041,0.697732053,Healthy,98.22068533,,,,2467500,1486,19,60.26293029,0.792250476,,True,,
Colombo,Western,2022,September,0.678872447,0.696139283,Healthy,97.68587,,,,2466000,1699,22,68.91381323,0.905979863,,True,,
Colombo,Western,2022,October,0.682084053,0.69933169,Healthy,97.69826,,,,2464500,1841,24,74.70207021,0.982075554,,True,,
Colombo,Western,2022,November,0.680078257,0.6999362,Healthy,97.35195533,,,,2463000,1982,26,80.49737745,1.058263932,,True,,
Colombo,Western,2022,December,0.6761826,0.693117947,Healthy,97.722645,,,,2461500,1911,25,77.66977304,1.02109065,,True,,
Colombo,Western,2023,January,0.671860833,0.672061403,Healthy,99.97921467,,,,2460000,1250,14,50.83878644,0.577037478,,True,,
Colombo,Western,2023,February,0.665711567,0.654409933,Healthy,101.6046567,,,,2458830,1181,13,48.0372564,0.545239161,,True,,
Colombo,Western,2023,March,0.663394177,0.657734513,Healthy,100.80224,,,,2457670,1250,14,50.88698427,0.577584539,,True,,
Colombo,Western,2023,April,0.67259999,0.67725397,Healthy,99.361547,,,,2456500,1111,12,45.25441876,0.51365301,,True,,
Colombo,Western,2023,May,0.692331867,0.695526517,Healthy,99.56984667,,,,2455330,1042,11,42.44623419,0.481779162,,True,,
Colombo,Western,2023,June,0.71372317,0.704092183,Healthy,101.2768613,,,,2454170,1181,13,48.12846997,0.546274466,,True,,
Colombo,Western,2023,July,0.714118847,0.704232777,Healthy,101.309938,,,,2453000,1320,14,53.81629927,0.610833259,,True,,
Colombo,Western,2023,August,0.69394639,0.697732053,Healthy,99.49293,,,,2451830,1459,16,59.50955697,0.675453666,,True,,
Colombo,Western,2023,September,0.68960722,0.696139283,Healthy,99.124422,,,,2450670,1667,18,68.04311454,0.77231244,,True,,
Colombo,Western,2023,October,0.699657937,0.69933169,Healthy,100.0432233,,,,2449500,1806,20,73.74858317,0.837071445,,True,,
Colombo,Western,2023,November,0.705773913,0.6999362,Healthy,100.7785333,,,,2448330,1945,22,79.45950482,0.901892343,,True,,
Colombo,Western,2023,December,0.702985487,0.693117947,Healthy,101.3286333,,,,2447170,1875,21,76.65798533,0.870094147,,True,,
Colombo,Western,2024,January,0.684542013,0.672061403,Healthy,101.7276133,,,,2446000,1020,14,41.73065034,0.580340227,,True,,
Colombo,Western,2024,February,0.65813621,0.654409933,Healthy,100.5275817,,,,2446000,964,13,39.41228088,0.548099103,,True,,
Colombo,Western,2024,March,0.651985487,0.657734513,Healthy,99.18845133,,,,2446000,1020,14,41.73065034,0.580340227,,True,,
Colombo,Western,2024,April,0.678305763,0.67725397,Healthy,100.1395097,,,,2446000,907,12,37.09391141,0.51585798,,True,,
Colombo,Western,2024,May,0.7103116,0.695526517,Healthy,101.9817687,,,,2446000,850,11,34.77554195,0.483616856,,True,,
Colombo,Western,2024,June,0.718410153,0.704092183,Healthy,101.8988367,,,,2446000,964,13,39.41228088,0.548099103,,True,,
Colombo,Western,2024,July,0.70929418,0.704232777,Healthy,100.6708067,,,,2446000,1077,14,44.0490198,0.612581351,,True,,
Colombo,Western,2024,August,0.705518823,0.697732053,Healthy,101.0418933,,,,2446000,1190,16,48.68575873,0.677063598,,True,,
Colombo,Western,2024,September,0.714179677,0.696139283,Healthy,102.4176317,,,,2446000,1360,18,55.64086712,0.773786969,,True,,
Colombo,Western,2024,October,0.717607247,0.69933169,Healthy,102.4393467,,,,2446000,1474,20,60.27760605,0.838269217,,True,,
Colombo,Western,2024,November,0.706256533,0.6999362,Healthy,100.8424567,,,,2446000,1587,22,64.91434497,0.902751464,,True,,
Colombo,Western,2024,December,0.696337667,0.693117947,Healthy,100.4343333,,,,2446000,1531,21,62.59597551,0.87051034,,True,,
Galle,Southern,2014,January,0.8048722,0.807815863,Healthy,99.65675,,,,1083000,951,7,87.85892845,0.695898926,,True,,
Galle,Southern,2014,February,0.789448757,0.793393733,Healthy,99.53182167,,,,1083750,898,7,82.92045273,0.656783038,,True,,
Galle,Southern,2014,March,0.782149367,0.78741916,Healthy,99.370665,,,,1084500,951,7,87.73740849,0.69493641,,True,,
Galle,Southern,2014,April,0.791057397,0.79412357,Healthy,99.636645,,,,1085250,845,6,77.93491066,0.617294355,,True,,
Galle,Southern,2014,May,0.79552097,0.800402343,Healthy,99.42614667,,,,1086000,792,6,73.01352019,0.578313794,,True,,
Galle,Southern,2014,June,0.793107367,0.800973237,Healthy,99.07563333,,,,1086750,898,7,82.69154879,0.654969973,,True,,
Galle,Southern,2014,July,0.791590713,0.796383787,Healthy,99.43407333,,,,1087500,1004,7,92.35622839,0.731520419,,True,,
Galle,Southern,2014,August,0.800601797,0.79401784,Healthy,100.7800467,,,,1088250,1110,8,102.0075866,0.807965351,,True,,
Galle,Southern,2014,September,0.81433455,0.796829547,Healthy,102.0667167,,,,1089000,1268,10,116.4998096,0.922753029,,True,,
Galle,Southern,2014,October,0.824038883,0.80463834,Healthy,102.2703867,,,,1089750,1374,10,126.1212667,0.998961125,,True,,
Galle,Southern,2014,November,0.825170367,0.811067007,Healthy,101.638118,,,,1090500,1480,11,135.7294893,1.075064396,,True,,
Galle,Southern,2014,December,0.822428367,0.813815253,Healthy,100.9971433,,,,1091250,1427,11,130.7920543,1.035956751,,True,,
Galle,Southern,2015,January,0.81441478,0.807815863,Healthy,100.7695733,,,,1092000,960,11,87.97239346,1.092200482,,True,,
Galle,Southern,2015,February,0.807012933,0.793393733,Healthy,101.6161117,,,,1093000,907,11,83.00902268,1.030578924,,True,,
Galle,Southern,2015,March,0.80657221,0.78741916,Healthy,102.287188,,,,1094000,960,11,87.81156642,1.090203772,,True,,
Galle,Southern,2015,April,0.80990923,0.79412357,Healthy,101.8705333,,,,1095000,853,10,77.98344285,0.968185024,,True,,
Galle,Southern,2015,May,0.812698133,0.800402343,Healthy,101.4459687,,,,1096000,800,9,73.04277194,0.906845291,,True,,
Galle,Southern,2015,June,0.81149628,0.800973237,Healthy,101.2365787,,,,1097000,907,11,82.70634621,1.026821116,,True,,
Galle,Southern,2015,July,0.810005533,0.796383787,Healthy,101.6097167,,,,1098000,1014,12,92.35231833,1.146578406,,True,,
Galle,Southern,2015,August,0.813828987,0.79401784,Healthy,102.34723,,,,1099000,1120,13,101.9807364,1.266117757,,True,,
Galle,Southern,2015,September,0.818774067,0.796829547,Healthy,102.5913733,,,,1100000,1280,15,116.443459,1.445676275,,True,,
Galle,Southern,2015,October,0.824020333,0.80463834,Healthy,102.2684067,,,,1101000,1387,17,126.0325056,1.564726819,,True,,
Galle,Southern,2015,November,0.8260358,0.811067007,Healthy,101.7385047,,,,1102000,1494,18,135.6041491,1.6835613,,True,,
Galle,Southern,2015,December,0.826724687,0.813815253,Healthy,101.49448,,,,1103000,1440,17,130.6425934,1.621962276,,True,,
Galle,Southern,2016,January,0.82312093,0.807815863,Healthy,101.7851267,,,,1104000,828,5,75.02651113,0.536850477,,True,,
Galle,Southern,2016,February,0.8162364,0.793393733,Healthy,102.7092067,,,,1105000,782,5,70.7942464,0.506566604,,True,,
Galle,Southern,2016,March,0.808366047,0.78741916,Healthy,102.5015,318.2,299.85,28.8,1106000,828,5,74.89083932,0.535879681,,False,,
Galle,Southern,2016,April,0.810408,0.79412357,Healthy,101.929223,,,,1107000,736,5,66.50949978,0.475907198,,True,,
Galle,Southern,2016,May,0.81672713,0.800402343,Healthy,101.91976,,,,1108000,690,4,62.29638109,0.445760324,,True,,
Galle,Southern,2016,June,0.808795663,0.800973237,Healthy,100.9189147,,,,1109000,782,5,70.53890196,0.504739493,,True,,
Galle,Southern,2016,July,0.797099997,0.796383787,Healthy,100.0845467,,,,1110000,874,6,78.76657145,0.563612393,,True,,
Galle,Southern,2016,August,0.7970728,0.79401784,Healthy,100.3619533,,,,1111000,966,6,86.97942965,0.622379311,,True,,
Galle,Southern,2016,September,0.799077133,0.796829547,Healthy,100.26569,,,,1112000,1104,7,99.31566942,0.710650991,,True,,
Galle,Southern,2016,October,0.804461717,0.80463834,Healthy,99.979174,306.1,293.5,6.4,1113000,1196,8,107.4953068,0.769180199,,False,,
Galle,Southern,2016,November,0.8158864,0.811067007,Healthy,100.5594953,,,,1114000,1288,9,115.6602589,0.827604326,,True,,
Galle,Southern,2016,December,0.820908613,0.813815253,Healthy,100.82117,,,,1115000,1242,8,111.4295089,0.797331292,,True,,
Galle,Southern,2017,January,0.814482067,0.807815863,Healthy,100.77749,,,,1116000,824,10,73.87883556,0.911355888,,True,,
Galle,Southern,2017,February,0.8058043,0.793393733,Healthy,101.4725187,334.0,301.7,28.7,1116670,778,9,69.73259126,0.860208572,,False,,
Galle,Southern,2017,March,0.8054932,0.78741916,Healthy,102.1582883,,,,1117330,824,10,73.7908948,0.910271066,,True,,
Galle,Southern,2017,April,0.809221583,0.79412357,Healthy,101.7892,,,,1118000,732,9,65.55259828,0.808644938,,True,,
Galle,Southern,2017,May,0.809846273,0.800402343,Healthy,101.11072,,,,1118670,687,8,61.41875359,0.757650581,,True,,
Galle,Southern,2017,June,0.808369117,0.800973237,Healthy,100.86914,,,,1119330,778,9,69.56687722,0.858164353,,True,,
Galle,Southern,2017,July,0.803571,0.796383787,Healthy,100.8490453,,,,1120000,870,10,77.70470383,0.958551103,,True,,
Galle,Southern,2017,August,0.799566033,0.79401784,Healthy,100.65735,,,,1120670,961,11,85.83279993,1.05881782,,True,,
Galle,Southern,2017,September,0.804391317,0.796829547,Healthy,100.892822,,,,1121330,1099,13,98.0368913,1.209365272,,True,,
Galle,Southern,2017,October,0.8136938,0.80463834,Healthy,101.0595067,,,,1122000,1190,14,106.1432112,1.309363361,,True,,
Galle,Southern,2017,November,0.820795657,0.811067007,Healthy,101.1298367,,,,1122670,1282,15,114.2398555,1.409242094,,True,,
Galle,Southern,2017,December,0.821651857,0.813815253,Healthy,100.9072367,,,,1123330,1236,15,110.0951374,1.358113605,,True,,
Galle,Southern,2018,January,0.811563553,0.807815863,Healthy,100.436725,,,,1124000,800,9,71.23730579,0.807221595,,True,,
Galle,Southern,2018,February,0.801273413,0.793393733,Healthy,100.9353553,,,,1124500,756,8,67.24976232,0.762036967,,True,,
Galle,Southern,2018,March,0.801461097,0.78741916,Healthy,101.6767567,,,,1125000,800,9,71.17398374,0.806504065,,True,,
Galle,Southern,2018,April,0.810328363,0.79412357,Healthy,101.9196047,,,,1125500,711,8,63.2376577,0.716574025,,True,,
Galle,Southern,2018,May,0.817653067,0.800402343,Healthy,102.0285383,,,,1126000,667,7,59.25897847,0.671489841,,True,,
Galle,Southern,2018,June,0.814508613,0.800973237,Healthy,101.5903817,,,,1126500,756,8,67.13036638,0.760684038,,True,,
Galle,Southern,2018,July,0.8001475,0.796383787,Healthy,100.444065,,,,1127000,845,9,74.99476991,0.849799092,,True,,
Galle,Southern,2018,August,0.788732683,0.79401784,Healthy,99.37382333,,,,1127500,934,10,82.85219837,0.938835109,,True,,
Galle,Southern,2018,September,0.79230304,0.796829547,Healthy,99.46496633,,,,1128000,1067,12,94.64625497,1.07247881,,True,,
Galle,Southern,2018,October,0.812064147,0.80463834,Healthy,100.86798,,,,1128500,1156,13,102.4880138,1.161337267,,True,,
Galle,Southern,2018,November,0.820253717,0.811067007,Healthy,101.0670917,,,,1129000,1245,14,110.3228269,1.250117018,,True,,
Galle,Southern,2018,December,0.815890097,0.813815253,Healthy,100.2402667,,,,1129500,1201,13,106.3356331,1.204936352,,True,,
Galle,Southern,2019,January,0.803842587,0.807815863,Healthy,99.53646333,,,,1130000,760,11,67.27822145,1.010144615,,True,,
Galle,Southern,2019,February,0.790374667,0.793393733,Healthy,99.64240467,,,,1130420,718,10,63.51693442,0.953671008,,True,,
Galle,Southern,2019,March,0.784771583,0.78741916,Healthy,99.68388333,,,,1130830,760,11,67.22884098,1.009403195,,True,,
Galle,Southern,2019,April,0.791625917,0.79412357,Healthy,99.70371333,,,,1131250,675,10,59.736783,0.896914163,,True,,
Galle,Southern,2019,May,0.804171,0.800402343,Healthy,100.4429183,,,,1131670,633,9,55.98244942,0.840544958,,True,,
Galle,Southern,2019,June,0.809012927,0.800973237,Healthy,100.9448417,,,,1132080,718,10,63.4237978,0.952272614,,True,,
Galle,Southern,2019,July,0.808512333,0.796383787,Healthy,101.4331933,,,,1132500,802,12,70.85913243,1.063909977,,True,,
Galle,Southern,2019,August,0.810745017,0.79401784,Healthy,101.981847,,,,1132920,886,13,78.28895416,1.175464567,,True,,
Galle,Southern,2019,September,0.816528967,0.796829547,Healthy,102.3261983,,,,1133330,1013,15,89.44072217,1.342902085,,True,,
Galle,Southern,2019,October,0.823379587,0.80463834,Healthy,102.1932933,,,,1133750,1098,16,96.85822106,1.454271654,,True,,
Galle,Southern,2019,November,0.825128967,0.811067007,Healthy,101.6332853,,,,1134170,1182,17,104.2702263,1.56555874,,True,,
Galle,Southern,2019,December,0.823555533,0.813815253,Healthy,101.1276153,,,,1134580,1140,17,100.5099555,1.509100391,,True,,
Galle,Southern,2020,January,0.81395125,0.807815863,Healthy,100.7148467,,,,1135000,467,6,41.14967229,0.528634361,,True,,
Galle,Southern,2020,February,0.797900567,0.793393733,Healthy,100.5341717,,,,1136000,441,5,38.82936849,0.498826291,,True,,
Galle,Southern,2020,March,0.78785923,0.78741916,Healthy,100.0526,313.6,294.7,42.5,1137000,467,6,41.0772894,0.527704485,,False,,
Galle,Southern,2020,April,0.7978679,0.79412357,Healthy,100.4427583,321.1,303.2,8.7,1138000,415,5,36.48106077,0.468658465,,False,,
Galle,Southern,2020,May,0.811360467,0.800402343,Healthy,101.2883917,,,,1139000,389,5,34.17096726,0.438981563,,True,,
Galle,Southern,2020,June,0.81955369,0.800973237,Healthy,102.1836567,,,,1140000,441,5,38.69312509,0.497076023,,True,,
Galle,Southern,2020,July,0.820452453,0.796383787,Healthy,102.8436533,,,,1141000,492,6,43.20735626,0.555068653,,True,,
Galle,Southern,2020,August,0.81076477,0.79401784,Healthy,101.9842133,,,,1142000,544,7,47.7136816,0.61295972,,True,,
Galle,Southern,2020,September,0.809451223,0.796829547,Healthy,101.4904887,,,,1143000,622,8,54.48221411,0.699912511,,True,,
Galle,Southern,2020,October,0.81316047,0.80463834,Healthy,100.997885,,,,1144000,674,8,58.97080562,0.757575758,,True,,
Galle,Southern,2020,November,0.81293331,0.811067007,Healthy,100.216858,,,,1145000,726,9,63.45155679,0.815138282,,True,,
Galle,Southern,2020,December,0.819095067,0.813815253,Healthy,100.61113,,,,1146000,700,9,61.13203933,0.785340314,,True,,
Galle,Southern,2021,January,0.827001833,0.807815863,Healthy,102.2382513,,,,1147000,355,5,30.99708678,0.491207179,,True,,
Galle,Southern,2021,February,0.814496287,0.793393733,Healthy,102.501178,,,,1147000,335,5,29.2750264,0.463917891,,True,,
Galle,Southern,2021,March,0.800024017,0.78741916,Healthy,101.5053483,,,,1147000,355,5,30.99708678,0.491207179,,True,,
Galle,Southern,2021,April,0.8020648,0.79412357,Healthy,100.9407847,,,,1147000,316,5,27.55296603,0.436628603,,True,,
Galle,Southern,2021,May,0.81036542,0.800402343,Healthy,101.17145,,,,1147000,296,4,25.83090565,0.409339316,,True,,
Galle,Southern,2021,June,0.815203053,0.800973237,Healthy,101.6722867,,,,1147000,335,5,29.2750264,0.463917891,,True,,
Galle,Southern,2021,July,0.815478977,0.796383787,Healthy,102.2562867,,,,1147000,375,5,32.71914716,0.518496467,,True,,
Galle,Southern,2021,August,0.814503707,0.79401784,Healthy,102.4271853,,,,1147000,414,6,36.16326791,0.573075042,,True,,
Galle,Southern,2021,September,0.815972213,0.796829547,Healthy,102.2607233,,,,1147000,474,7,41.32944904,0.654942905,,True,,
Galle,Southern,2021,October,0.8198722,0.80463834,Healthy,101.7829047,,,,1147000,513,8,44.77356979,0.709521481,,True,,
Galle,Southern,2021,November,0.824894473,0.811067007,Healthy,101.6058533,,,,1147000,553,8,48.21769055,0.764100056,,True,,
Galle,Southern,2021,December,0.823348703,0.813815253,Healthy,101.10371,,,,1147000,533,8,46.49563017,0.736810768,,True,,
Galle,Southern,2022,January,0.812530817,0.807815863,Healthy,100.5496267,,,,1147000,930,8,81.08108108,0.765517681,,True,,
Galle,Southern,2022,February,0.802346287,0.793393733,Healthy,101.06231,,,,1146330,878,8,76.62133359,0.723411489,,True,,
Galle,Southern,2022,March,0.799883943,0.78741916,Healthy,101.48843,,,,1145670,930,8,81.17520752,0.766406365,,True,,
Galle,Southern,2022,April,0.809341353,0.79412357,Healthy,101.8026767,,,,1145000,826,7,72.19796215,0.681648738,,True,,
Galle,Southern,2022,May,0.813408,0.800402343,Healthy,101.5295533,,,,1144330,775,7,67.72521912,0.63941985,,True,,
Galle,Southern,2022,June,0.809414783,0.800973237,Healthy,100.9919333,,,,1143670,878,8,76.79954299,0.725094033,,True,,
Galle,Southern,2022,July,0.805340713,0.796383787,Healthy,101.0583087,,,,1143000,981,9,85.8850977,0.81087425,,True,,
Galle,Southern,2022,August,0.79943207,0.79401784,Healthy,100.6415033,,,,1142330,1085,10,94.98131013,0.896755092,,True,,
Galle,Southern,2022,September,0.79819936,0.796829547,Healthy,100.1617067,,,,1141670,1240,11,108.6128216,1.025455436,,True,,
Galle,Southern,2022,October,0.812211067,0.80463834,Healthy,100.8852633,,,,1141000,1343,12,117.7329828,1.111562386,,True,,
Galle,Southern,2022,November,0.820130233,0.811067007,Healthy,101.052742,,,,1140330,1446,13,126.863861,1.197770521,,True,,
Galle,Southern,2022,December,0.817761077,0.813815253,Healthy,100.4568333,,,,1139670,1395,13,122.4038537,1.155661876,,True,,
Galle,Southern,2023,January,0.813545667,0.807815863,Healthy,100.6691067,,,,1139000,992,8,87.14319364,0.758046211,,True,,
Galle,Southern,2023,February,0.80922961,0.793393733,Healthy,101.8789133,,,,1138250,937,8,82.35613435,0.716404265,,True,,
Galle,Southern,2023,March,0.808563553,0.78741916,Healthy,102.5249667,,,,1137500,992,8,87.25810775,0.759045832,,True,,
Galle,Southern,2023,April,0.813178967,0.79412357,Healthy,102.2576663,,,,1136750,882,7,77.61393646,0.675152562,,True,,
Galle,Southern,2023,May,0.818678353,0.800402343,Healthy,102.149114,,,,1136000,827,7,72.81110443,0.633373411,,True,,
Galle,Southern,2023,June,0.816966037,0.800973237,Healthy,101.8792883,,,,1135250,937,8,82.57376782,0.718297427,,True,,
Galle,Southern,2023,July,0.811585783,0.796383787,Healthy,101.79604,,,,1134500,1047,9,92.34933909,0.803333727,,True,,
Galle,Southern,2023,August,0.807591977,0.79401784,Healthy,101.6082733,,,,1133750,1157,10,102.1378439,0.888482534,,True,,
Galle,Southern,2023,September,0.811352433,0.796829547,Healthy,101.71483,,,,1133000,1323,11,116.8062343,1.01608077,,True,,
Galle,Southern,2023,October,0.818865433,0.80463834,Healthy,101.6648787,,,,1132250,1433,12,126.623907,1.101483305,,True,,
Galle,Southern,2023,November,0.82546175,0.811067007,Healthy,101.671655,,,,1131500,1543,13,136.4545948,1.186999055,,True,,
Galle,Southern,2023,December,0.829480867,0.813815253,Healthy,101.8135283,,,,1130750,1488,12,131.6684911,1.145365422,,True,,
Galle,Southern,2024,January,0.825171543,0.807815863,Healthy,102.0233783,,,,1130000,960,7,85.0075545,0.686380315,,True,,
Galle,Southern,2024,February,0.80867341,0.793393733,Healthy,101.8111867,,,,1130000,907,7,80.28491258,0.648248075,,True,,
Galle,Southern,2024,March,0.7980747,0.78741916,Healthy,101.272482,,,,1130000,960,7,85.0075545,0.686380315,,True,,
Galle,Southern,2024,April,0.80546231,0.79412357,Healthy,101.34275,,,,1130000,853,6,75.56227067,0.610115836,,True,,
Galle,Southern,2024,May,0.81672033,0.800402343,Healthy,101.918746,,,,1130000,800,6,70.83962875,0.571983596,,True,,
Galle,Southern,2024,June,0.819540087,0.800973237,Healthy,102.1818817,,,,1130000,907,7,80.28491258,0.648248075,,True,,
Galle,Southern,2024,July,0.81681046,0.796383787,Healthy,102.4135713,,,,1130000,1013,8,89.73019642,0.724512555,,True,,
Galle,Southern,2024,August,0.81772344,0.79401784,Healthy,102.8086533,,,,1130000,1120,9,99.17548025,0.800777034,,True,,
Galle,Southern,2024,September,0.819716643,0.796829547,Healthy,102.7029167,,,,1130000,1280,10,113.343406,0.915173754,,True,,
Galle,Southern,2024,October,0.82354198,0.80463834,Healthy,102.2121113,,,,1130000,1387,11,122.7886898,0.991438233,,True,,
Galle,Southern,2024,November,0.827933293,0.811067007,Healthy,101.9589567,,,,1130000,1494,12,132.2339737,1.067702712,,True,,
Galle,Southern,2024,December,0.82310988,0.813815253,Healthy,101.0760667,,,,1130000,1440,11,127.5113318,1.029570473,,True,,
Gampaha,Western,2014,January,0.719377287,0.736200333,Healthy,97.85123667,317.8,300.2,8.9,2339000,1675,9,71.62222755,0.403549568,,False,,
Gampaha,Western,2014,February,0.672986533,0.703440243,Healthy,95.95616833,320.2,305.0,9.05,2340330,1582,8,67.60477355,0.380913553,,False,,
Gampaha,Western,2014,March,0.672997147,0.699897313,Healthy,96.410218,319.9333333,299.6666667,13.73333333,2341670,1675,9,71.54056304,0.403089436,,False,,
Gampaha,Western,2014,April,0.714388633,0.724239377,Healthy,98.72185333,,,,2343000,1489,8,63.55551392,0.358098331,,True,,
Gampaha,Western,2014,May,0.745358823,0.74915808,Healthy,99.52528,,,,2344330,1396,7,59.54949113,0.335526724,,True,,
Gampaha,Western,2014,June,0.748363113,0.758436893,Healthy,98.75387,,,,2345670,1582,8,67.45086891,0.38004639,,True,,
Gampaha,Western,2014,July,0.739697853,0.752313433,Healthy,98.42861,,,,2347000,1768,9,75.3435453,0.424517027,,True,,
Gampaha,Western,2014,August,0.742924087,0.741012633,Healthy,100.2433117,,,,2348330,1954,11,83.22728149,0.468937293,,True,,
Gampaha,Western,2014,September,0.754236137,0.738296127,Healthy,102.021872,,,,2349670,2233,12,95.06264865,0.535622698,,True,,
Gampaha,Western,2014,October,0.762273013,0.745692967,Healthy,102.0848367,319.0,299.5,8.4,2351000,2419,13,102.926276,0.579929661,,False,,
Gampaha,Western,2014,November,0.770138983,0.759645287,Healthy,101.2964917,,,,2352330,2605,14,110.7810111,0.624186523,,True,,
Gampaha,Western,2014,December,0.773182953,0.762856907,Healthy,101.27051,312.5,297.6,5.3,2353670,2512,14,106.7637287,0.601551474,,False,,
Gampaha,Western,2015,January,0.744511317,0.736200333,Healthy,101.0550883,312.9,299.2,5.1,2355000,1717,12,72.94391797,0.528196365,,False,,
Gampaha,Western,2015,February,0.711626933,0.703440243,Healthy,101.087875,,,,2356500,1622,11,68.8476261,0.498534584,,True,,
Gampaha,Western,2015,March,0.71279433,0.699897313,Healthy,101.719243,316.5,299.3,5.1,2358000,1717,12,72.85111401,0.527524359,,False,,
Gampaha,Western,2015,April,0.738220547,0.724239377,Healthy,101.806638,314.8666667,295.1666667,14.03333333,2359500,1526,11,64.71537824,0.468612442,,False,,
Gampaha,Western,2015,May,0.758743243,0.74915808,Healthy,101.20061,317.0,300.4,13.8,2361000,1431,10,60.63212157,0.439045051,,False,,
Gampaha,Western,2015,June,0.7645631,0.758436893,Healthy,100.757775,,,,2362500,1622,11,68.67277498,0.497268465,,True,,
Gampaha,Western,2015,July,0.757172303,0.752313433,Healthy,100.6059053,,,,2364000,1813,13,76.70322452,0.555417991,,True,,
Gampaha,Western,2015,August,0.751990013,0.741012633,Healthy,101.38879,,,,2365500,2004,14,84.72348959,0.61349377,,True,,
Gampaha,Western,2015,September,0.762943947,0.738296127,Healthy,103.1263767,312.4,294.4,4.8,2367000,2290,16,96.76548477,0.700691418,,False,,
Gampaha,Western,2015,October,0.778353167,0.745692967,Healthy,104.1046817,314.1,295.4,8.95,2368500,2481,17,104.7628855,0.758601633,,False,,
Gampaha,Western,2015,November,0.786927633,0.759645287,Healthy,103.3710637,,,,2370000,2672,19,112.7501629,0.816438544,,True,,
Gampaha,Western,2015,December,0.780070903,0.762856907,Healthy,102.1166883,,,,2371500,2576,18,108.6546027,0.786782061,,True,,
Gampaha,Western,2016,January,0.740418433,0.736200333,Healthy,100.5304333,,,,2373000,1492,8,62.90894515,0.342265117,,True,,
Gampaha,Western,2016,February,0.699592183,0.703440243,Healthy,99.48832,319.7,299.95,8.45,2374750,1409,7,59.3702204,0.323012178,,False,,
Gampaha,Western,2016,March,0.692724103,0.699897313,Healthy,99.044475,,,,2376500,1492,8,62.81629574,0.341761044,,True,,
Gampaha,Western,2016,April,0.715173733,0.724239377,Healthy,98.82655167,318.9,300.6,12.9,2378250,1326,7,55.79562071,0.303564057,,False,,
Gampaha,Western,2016,May,0.752865933,0.74915808,Healthy,100.4610113,,,,2380000,1244,6,52.26993236,0.284382046,,True,,
Gampaha,Western,2016,June,0.76370141,0.758436893,Healthy,100.6510967,,,,2381750,1409,7,59.19573041,0.322062841,,True,,
Gampaha,Western,2016,July,0.745825497,0.752313433,Healthy,99.190215,,,,2383500,1575,8,66.11135841,0.359688304,,True,,
Gampaha,Western,2016,August,0.72308723,0.741012633,Healthy,97.73223,,,,2385250,1741,9,73.01683875,0.397258558,,True,,
Gampaha,Western,2016,September,0.69736099,0.738296127,Healthy,94.807722,321.15,297.6,21.75,2387000,1990,10,83.38663697,0.453676929,,False,,
Gampaha,Western,2016,October,0.694243953,0.745692967,Healthy,93.53289533,,,,2388750,2156,11,90.26934351,0.491123279,,True,,
Gampaha,Western,2016,November,0.72086948,0.759645287,Healthy,95.20912,315.9,297.0,8.1,2390500,2322,12,97.14197288,0.528514802,,False,,
Gampaha,Western,2016,December,0.730798567,0.762856907,Healthy,96.05650667,,,,2392250,2239,12,93.60409248,0.509266457,,True,,
Gampaha,Western,2017,January,0.713506367,0.736200333,Healthy,97.11928,,,,2394000,1586,10,66.25710618,0.440124702,,True,,
Gampaha,Western,2017,February,0.693149633,0.703440243,Healthy,98.63666,329.25,305.45,18.3,2395250,1498,9,62.54349946,0.415456404,,False,,
Gampaha,Western,2017,March,0.693827653,0.699897313,Healthy,99.190845,316.4,297.5666667,10.33333333,2396500,1586,10,66.18798756,0.439665569,,False,,
Gampaha,Western,2017,April,0.713548933,0.724239377,Healthy,98.62085667,,,,2397750,1409,9,58.80309538,0.390610099,,True,,
Gampaha,Western,2017,May,0.7417163,0.74915808,Healthy,99.066575,316.6,299.2,7.0,2399000,1321,8,55.0991775,0.366006161,,False,,
Gampaha,Western,2017,June,0.756107083,0.758436893,Healthy,99.71176833,,,,2400250,1498,9,62.41321407,0.41459096,,True,,
Gampaha,Western,2017,July,0.7424872,0.752313433,Healthy,98.774015,,,,2401500,1674,11,69.71963661,0.463125181,,True,,
Gampaha,Western,2017,August,0.727330477,0.741012633,Healthy,98.27049967,,,,2402750,1850,12,77.018457,0.511608903,,True,,
Gampaha,Western,2017,September,0.73394818,0.738296127,Healthy,99.44810667,,,,2404000,2114,14,87.97532568,0.584391867,,True,,
Gampaha,Western,2017,October,0.7505482,0.745692967,Healthy,100.6098867,,,,2405250,2291,15,95.25707231,0.632762174,,True,,
Gampaha,Western,2017,November,0.75972904,0.759645287,Healthy,100.0117367,,,,2406500,2467,16,102.5312543,0.681082232,,True,,
Gampaha,Western,2017,December,0.75152905,0.762856907,Healthy,98.6053,,,,2407750,2379,15,98.81809502,0.656416906,,True,,
Gampaha,Western,2018,January,0.71765458,0.736200333,Healthy,97.64033667,,,,2409000,1467,9,60.91789934,0.413085077,,True,,
Gampaha,Western,2018,February,0.688189343,0.703440243,Healthy,97.97706167,,,,2409670,1385,9,57.5175746,0.39002743,,True,,
Gampaha,Western,2018,March,0.6889858,0.699897313,Healthy,98.54400467,317.3,301.4,8.8,2410330,1467,9,60.88428535,0.41285714,,False,,
Gampaha,Western,2018,April,0.720921963,0.724239377,Healthy,99.56819,316.8,301.9,7.7,2411000,1304,8,54.10432537,0.366882142,,False,,
Gampaha,Western,2018,May,0.750715583,0.74915808,Healthy,100.19499,,,,2411670,1222,8,50.70871343,0.343856453,,True,,
Gampaha,Western,2018,June,0.7573624,0.758436893,Healthy,99.867062,,,,2412330,1385,9,57.45415179,0.38959736,,True,,
Gampaha,Western,2018,July,0.745297167,0.752313433,Healthy,99.12432333,,,,2413000,1549,10,64.19563408,0.43531144,,True,,
Gampaha,Western,2018,August,0.7199248,0.741012633,Healthy,97.332425,,,,2413670,1712,11,70.9333737,0.481000141,,True,,
Gampaha,Western,2018,September,0.712012753,0.738296127,Healthy,96.66547467,311.0,284.4,8.6,2414330,1956,13,81.04455177,0.549564172,,False,,
Gampaha,Western,2018,October,0.7337184,0.745692967,Healthy,98.493825,316.6,297.95,12.05,2415000,2119,14,87.77390631,0.595196014,,False,,
Gampaha,Western,2018,November,0.746881533,0.759645287,Healthy,98.424353,,,,2415670,2282,15,94.499528,0.640802543,,True,,
Gampaha,Western,2018,December,0.7459163,0.762856907,Healthy,97.915845,,,,2416330,2201,14,91.09965496,0.617747959,,True,,
Gampaha,Western,2019,January,0.7193482,0.736200333,Healthy,97.855275,,,,2417000,1465,9,60.61333845,0.372362433,,True,,
Gampaha,Western,2019,February,0.681654587,0.703440243,Healthy,97.10618,,,,2417500,1383,8,57.23409085,0.351602896,,True,,
Gampaha,Western,2019,March,0.666946787,0.699897313,Healthy,95.60835167,326.4,304.15,13.61666667,2418000,1465,9,60.5882709,0.372208437,,False,,
Gampaha,Western,2019,April,0.684818447,0.724239377,Healthy,94.90644667,318.0,301.0,14.8,2418500,1302,8,53.84510657,0.330783544,,False,,
Gampaha,Western,2019,May,0.724169467,0.74915808,Healthy,96.86804167,,,,2419000,1220,7,50.46935339,0.310045473,,True,,
Gampaha,Western,2019,June,0.753743953,0.758436893,Healthy,99.41957633,,,,2419500,1383,8,57.18678018,0.351312255,,True,,
Gampaha,Western,2019,July,0.757302127,0.752313433,Healthy,100.6231367,,,,2420000,1546,9,63.90143116,0.392561983,,True,,
Gampaha,Western,2019,August,0.755930487,0.741012633,Healthy,101.8868767,,,,2420500,1709,10,70.61330807,0.433794671,,True,,
Gampaha,Western,2019,September,0.760862377,0.738296127,Healthy,102.86259,,,,2421000,1953,12,80.68425666,0.495662949,,True,,
Gampaha,Western,2019,October,0.764206367,0.745692967,Healthy,102.328405,,,,2421500,2116,13,87.38989641,0.53685732,,True,,
Gampaha,Western,2019,November,0.768992167,0.759645287,Healthy,101.1551367,,,,2422000,2278,14,94.09276752,0.578034682,,True,,
Gampaha,Western,2019,December,0.768621283,0.762856907,Healthy,100.7087567,,,,2422500,2197,13,90.71358454,0.557275542,,True,,
Gampaha,Western,2020,January,0.728858133,0.736200333,Healthy,99.05512667,,,,2423000,677,4,27.96070181,0.199309463,,True,,
Gampaha,Western,2020,February,0.6696461,0.703440243,Healthy,95.50739933,314.2,294.0,18.9,2424670,639,4,26.38914135,0.188107067,,False,,
Gampaha,Western,2020,March,0.649703553,0.699897313,Healthy,93.30706467,324.925,304.15,17.125,2426330,677,4,27.92232734,0.199035922,,False,,
Gampaha,Western,2020,April,0.6857716,0.724239377,Healthy,95.02164333,316.5,300.55,7.3,2428000,602,4,24.80277521,0.176799132,,False,,
Gampaha,Western,2020,May,0.74049358,0.74915808,Healthy,98.90934533,315.65,294.85,10.7,2429670,564,4,23.23661941,0.165635261,,False,,
Gampaha,Western,2020,June,0.772199993,0.758436893,Healthy,101.7025267,,,,2431330,639,4,26.31685512,0.187591796,,True,,
Gampaha,Western,2020,July,0.77245814,0.752313433,Healthy,102.5104233,,,,2433000,715,5,29.3927668,0.209517508,,True,,
Gampaha,Western,2020,August,0.7542787,0.741012633,Healthy,101.676468,,,,2434670,790,5,32.4644588,0.231413142,,True,,
Gampaha,Western,2020,September,0.74856168,0.738296127,Healthy,101.3023203,,,,2436330,903,6,37.07695892,0.264291963,,True,,
Gampaha,Western,2020,October,0.7499908,0.745692967,Healthy,100.5411083,317.3,297.8,8.8,2438000,978,6,40.13919179,0.28612017,,False,,
Gampaha,Western,2020,November,0.762435433,0.759645287,Healthy,100.344198,,,,2439670,1053,7,43.19723236,0.307918494,,True,,
Gampaha,Western,2020,December,0.769671617,0.762856907,Healthy,100.8388033,,,,2441330,1016,7,41.6261508,0.296719511,,True,,
Gampaha,Western,2021,January,0.745898563,0.736200333,Healthy,101.23337,,,,2443000,342,3,14.03811787,0.13178519,,True,,
Gampaha,Western,2021,February,0.7085773,0.703440243,Healthy,100.6803933,,,,2442670,323,3,13.26001359,0.124480606,,True,,
Gampaha,Western,2021,March,0.70077871,0.699897313,Healthy,100.1183333,,,,2442330,342,3,14.04196892,0.131821343,,True,,
Gampaha,Western,2021,April,0.720705633,0.724239377,Healthy,99.54513133,,,,2442000,304,2,12.48343687,0.117190361,,True,,
Gampaha,Western,2021,May,0.740358833,0.74915808,Healthy,98.89981033,,,,2441670,285,2,11.7048038,0.109880812,,True,,
Gampaha,Western,2021,June,0.75398935,0.758436893,Healthy,99.449965,315.7,298.6,7.9,2441330,323,3,13.26729176,0.124548931,,False,,
Gampaha,Western,2021,July,0.759467353,0.752313433,Healthy,100.8930833,,,,2441000,362,3,14.83015424,0.139220565,,True,,
Gampaha,Western,2021,August,0.755058833,0.741012633,Healthy,101.7760933,,,,2440670,400,3,16.39343935,0.153896166,,True,,
Gampaha,Western,2021,September,0.752417687,0.738296127,Healthy,101.7914787,300.5,287.1,5.0,2440330,457,4,18.73796956,0.175905838,,False,,
Gampaha,Western,2021,October,0.756265227,0.745692967,Healthy,101.3295133,317.7,296.9666667,8.333333333,2440000,495,4,20.30221245,0.19059043,,False,,
Gampaha,Western,2021,November,0.760789337,0.759645287,Healthy,100.1429133,316.3,297.2,8.8,2439670,533,5,21.8668785,0.205278996,,False,,
Gampaha,Western,2021,December,0.754457457,0.762856907,Healthy,98.96602133,,,,2439330,514,4,21.08885757,0.197975194,,True,,
Gampaha,Western,2022,January,0.725491467,0.736200333,Healthy,98.638175,,,,2439000,924,6,37.90837908,0.27300273,,True,,
Gampaha,Western,2022,February,0.694983683,0.703440243,Healthy,98.87809333,,,,2437500,873,6,35.82439024,0.25799458,,True,,
Gampaha,Western,2022,March,0.690670883,0.699897313,Healthy,98.769872,320.2,302.7,8.1,2436000,924,6,37.95506428,0.27333894,,False,,
Gampaha,Western,2022,April,0.719975167,0.724239377,Healthy,99.44488333,316.2666667,296.3666667,12.96666667,2434500,821,5,33.75862224,0.24311765,,False,,
Gampaha,Western,2022,May,0.75644181,0.74915808,Healthy,100.90988,319.5,300.9,11.4,2433000,770,5,31.6682205,0.228063316,,False,,
Gampaha,Western,2022,June,0.762928333,0.758436893,Healthy,100.55551,,,,2431500,873,6,35.91279096,0.258631211,,True,,
Gampaha,Western,2022,July,0.748899967,0.752313433,Healthy,99.57388367,,,,2430000,975,7,40.16260163,0.289236843,,True,,
Gampaha,Western,2022,August,0.731136167,0.741012633,Healthy,98.750508,,,,2428500,1078,7,44.41766221,0.319880283,,True,,
Gampaha,Western,2022,September,0.719553173,0.738296127,Healthy,97.62247833,319.2,298.4,9.4,2427000,1232,8,50.79441647,0.365803411,,False,,
Gampaha,Western,2022,October,0.72519928,0.745692967,Healthy,97.42427467,,,,2425500,1335,9,55.06131499,0.396532104,,True,,
Gampaha,Western,2022,November,0.73920212,0.759645287,Healthy,97.47478233,,,,2424000,1438,10,59.33349433,0.427298827,,True,,
Gampaha,Western,2022,December,0.7507957,0.762856907,Healthy,98.51775333,,,,2422500,1386,9,57.24986785,0.412293287,,True,,
Gampaha,Western,2023,January,0.748576587,0.736200333,Healthy,101.5878213,,,,2421000,1112,11,45.95762686,0.471484269,,True,,
Gampaha,Western,2023,February,0.73263402,0.703440243,Healthy,103.8753733,317.7,301.4,10.8,2419420,1050,10,43.43277059,0.445581495,,False,,
Gampaha,Western,2023,March,0.721297163,0.699897313,Healthy,102.8562913,318.25,300.1,12.75,2417830,1112,11,46.01788159,0.472102428,,False,,
Gampaha,Western,2023,April,0.73500918,0.724239377,Healthy,101.3932733,310.05,287.5,6.35,2416250,989,10,40.93153151,0.419921012,,False,,
Gampaha,Western,2023,May,0.758530467,0.74915808,Healthy,101.1720467,319.5,300.2,7.5,2414670,927,9,38.39841974,0.393933545,,False,,
Gampaha,Western,2023,June,0.7748255,0.758436893,Healthy,102.0272287,,,,2413080,1050,10,43.54688358,0.446752192,,True,,
Gampaha,Western,2023,July,0.764290047,0.752313433,Healthy,101.4904413,,,,2411500,1174,12,48.70193467,0.49963842,,True,,
Gampaha,Western,2023,August,0.73587089,0.741012633,Healthy,99.34898833,320.8,302.15,7.5,2409920,1298,13,53.8637453,0.552593994,,False,,
Gampaha,Western,2023,September,0.735548203,0.738296127,Healthy,99.65111533,,,,2408330,1483,15,61.59920755,0.631952938,,True,,
Gampaha,Western,2023,October,0.749951043,0.745692967,Healthy,100.535063,315.1,295.6,14.4,2406750,1607,16,66.77628384,0.685065124,,False,,
Gampaha,Western,2023,November,0.761375867,0.759645287,Healthy,100.2141717,314.1666667,295.4666667,13.1,2405170,1730,17,71.96016197,0.738247091,,False,,
Gampaha,Western,2023,December,0.76827728,0.762856907,Healthy,100.668045,,,,2403580,1668,17,69.43605869,0.712352042,,True,,
Gampaha,Western,2024,January,0.7542461,0.736200333,Healthy,102.29856,,,,2402000,1119,8,46.59227067,0.350317825,,True,,
Gampaha,Western,2024,February,0.716233327,0.703440243,Healthy,101.6941467,,,,2402000,1056,7,44.00381119,0.330855723,,True,,
Gampaha,Western,2024,March,0.698351053,0.699897313,Healthy,99.795482,,,,2402000,1119,8,46.59227067,0.350317825,,True,,
Gampaha,Western,2024,April,0.725998533,0.724239377,Healthy,100.2221053,,,,2402000,994,7,41.41535171,0.311393622,,True,,
Gampaha,Western,2024,May,0.760944673,0.74915808,Healthy,101.4740683,,,,2402000,932,7,38.82689222,0.29193152,,True,,
Gampaha,Western,2024,June,0.771541833,0.758436893,Healthy,101.6210267,,,,2402000,1056,7,44.00381119,0.330855723,,True,,
Gampaha,Western,2024,July,0.767529073,0.752313433,Healthy,101.89774,,,,2402000,1181,8,49.18073015,0.369779926,,True,,
Gampaha,Western,2024,August,0.76912695,0.741012633,Healthy,103.5555967,,,,2402000,1305,9,54.35764911,0.408704129,,True,,
Gampaha,Western,2024,September,0.77628153,0.738296127,Healthy,104.81862,,,,2402000,1492,11,62.12302756,0.467090433,,True,,
Gampaha,Western,2024,October,0.775429033,0.745692967,Healthy,103.740168,,,,2402000,1616,12,67.29994652,0.506014636,,True,,
Gampaha,Western,2024,November,0.770051047,0.759645287,Healthy,101.2872467,315.35,300.35,6.8,2402000,1740,13,72.47686548,0.544938838,,False,,
Gampaha,Western,2024,December,0.7666234,0.762856907,Healthy,100.46342,,,,2402000,1678,12,69.888406,0.525476737,,True,,
Hambantota,Southern,2014,January,0.76777293,0.77555122,Healthy,99.05472,,,,618000,892,2,144.4470755,0.438077196,,True,,
Hambantota,Southern,2014,February,0.713422733,0.748660267,Healthy,95.575968,316.35,300.95,18.55,618580,843,2,136.2943242,0.413351639,,False,,
Hambantota,Southern,2014,March,0.660461943,0.711859333,Healthy,93.25110467,325.38,300.54,17.06,619170,892,2,144.1741245,0.437249394,,False,,
Hambantota,Southern,2014,April,0.66114628,0.700837087,Healthy,94.712125,319.35,292.3,12.15,619750,793,2,128.0348423,0.38830239,,False,,
Hambantota,Southern,2014,May,0.671294893,0.7062601,Healthy,95.37671333,,,,620330,743,2,119.9204357,0.363693125,,True,,
Hambantota,Southern,2014,June,0.635467433,0.698409953,Healthy,91.58342667,322.325,299.625,12.475,620920,843,2,135.7806853,0.411793882,,False,,
Hambantota,Southern,2014,July,0.592374483,0.666442567,Healthy,89.65539333,335.7142857,304.225,59.49642857,621500,942,2,151.6132619,0.459810712,,False,,
Hambantota,Southern,2014,August,0.5615592,0.635890633,Degraded,89.16511133,330.3238095,290.1214286,49.83571429,622080,1041,3,167.4163154,0.507738006,,False,,
Hambantota,Southern,2014,September,0.5737192,0.63163102,Degraded,91.49715333,327.16,301.28,16.68,622670,1190,3,191.1516377,0.57972218,,False,,
Hambantota,Southern,2014,October,0.641110983,0.67526712,Healthy,95.26881667,,,,623250,1289,3,206.8882301,0.627447911,,True,,
Hambantota,Southern,2014,November,0.7137804,0.737160857,Healthy,97.02592333,317.9,297.3,8.2,623830,1388,4,222.5955607,0.675084897,,False,,
Hambantota,Southern,2014,December,0.751606653,0.770022713,Healthy,97.752885,,,,624420,1339,4,214.4429055,0.650359631,,True,,
Hambantota,Southern,2015,January,0.7636525,0.77555122,Healthy,98.55986033,316.4,300.8,7.6,625000,981,5,156.96,0.831219512,,False,,
Hambantota,Southern,2015,February,0.751219193,0.748660267,Healthy,100.3277117,,,,625750,926,4,148.0623252,0.784099731,,True,,
Hambantota,Southern,2015,March,0.723869013,0.711859333,Healthy,101.5771867,315.5,298.9,12.7,626500,981,5,156.5841979,0.829229362,,False,,
Hambantota,Southern,2015,April,0.71305094,0.700837087,Healthy,101.6263633,321.2,300.1,15.4,627250,872,4,139.0195297,0.736211427,,False,,
Hambantota,Southern,2015,May,0.72476235,0.7062601,Healthy,102.446465,,,,628000,817,4,130.1751592,0.689373932,,True,,
Hambantota,Southern,2015,June,0.714681547,0.698409953,Healthy,102.173753,317.0,293.0,6.9,628750,926,4,147.3558648,0.780358499,,False,,
Hambantota,Southern,2015,July,0.696151333,0.666442567,Healthy,104.159275,,,,629500,1035,5,164.4956315,0.871126265,,True,,
Hambantota,Southern,2015,August,0.6933745,0.635890633,Degraded,108.3918983,340.15,293.4025,92.0075,630250,1144,6,181.5946053,0.961678002,,False,,
Hambantota,Southern,2015,September,0.715040753,0.63163102,Degraded,112.2339373,320.55,291.7,22.41666667,631000,1308,6,207.2900158,1.097754242,,False,,
Hambantota,Southern,2015,October,0.749686633,0.67526712,Healthy,110.296454,319.575,298.475,8.375,631750,1417,7,224.2975861,1.18782193,,False,,
Hambantota,Southern,2015,November,0.77701292,0.737160857,Healthy,105.081082,,,,632500,1526,8,241.2648221,1.277676018,,True,,
Hambantota,Southern,2015,December,0.79196545,0.770022713,Healthy,102.6781187,,,,633250,1471,7,232.3726806,1.230585539,,True,,
Hambantota,Southern,2016,January,0.784952933,0.77555122,Healthy,101.1366333,316.5,298.1,9.8,634000,825,3,130.1838886,0.507809494,,False,,
Hambantota,Southern,2016,February,0.737879987,0.748660267,Healthy,98.64023,324.85,302.7,13.4,634750,779,3,122.8061749,0.479031179,,False,,
Hambantota,Southern,2016,March,0.67572702,0.711859333,Healthy,95.246654,325.5555556,303.6055556,19.83888889,635500,825,3,129.8766095,0.506610888,,False,,
Hambantota,Southern,2016,April,0.6627345,0.700837087,Healthy,94.92308867,324.4714286,299.4571429,13.2,636250,733,2,115.3097896,0.44978996,,False,,
Hambantota,Southern,2016,May,0.714734503,0.7062601,Healthy,101.11978,313.8,295.4,5.8,637000,687,2,107.975648,0.421181606,,False,,
Hambantota,Southern,2016,June,0.7344035,0.698409953,Healthy,104.8091933,,,,637750,779,3,122.22849,0.476777798,,True,,
Hambantota,Southern,2016,July,0.70119606,0.666442567,Healthy,104.8483017,324.7166667,300.9166667,16.76666667,638500,871,3,136.4478484,0.53224338,,False,,
Hambantota,Southern,2016,August,0.648290967,0.635890633,Degraded,101.7944347,337.5833333,301.794697,55.35681818,639250,962,3,150.6338411,0.587578813,,False,,
Hambantota,Southern,2016,September,0.5930619,0.63163102,Degraded,94.35524167,321.2,297.8058824,13.10588235,640000,1100,4,171.9512195,0.670731707,,False,,
Hambantota,Southern,2016,October,0.613537637,0.67526712,Healthy,91.47449,340.4411765,306.6823529,76.58235294,640750,1192,4,186.0624459,0.725775498,,False,,
Hambantota,Southern,2016,November,0.70536038,0.737160857,Healthy,95.93759867,326.625,297.65,12.975,641500,1283,5,200.1406764,0.780690582,,False,,
Hambantota,Southern,2016,December,0.756063537,0.770022713,Healthy,98.29789867,308.4,282.5,7.4,642250,1238,4,192.767424,0.751929668,,False,,
Hambantota,Southern,2017,January,0.759933303,0.77555122,Healthy,98.10914,318.5,303.4,11.05,643000,903,4,140.5492546,0.682775101,,False,,
Hambantota,Southern,2017,February,0.753977243,0.748660267,Healthy,100.6788367,322.425,299.625,26.475,644000,853,4,132.5348432,0.643841842,,False,,
Hambantota,Southern,2017,March,0.737047433,0.711859333,Healthy,103.308512,316.56,296.98,17.66,645000,903,4,140.113443,0.680657969,,False,,
Hambantota,Southern,2017,April,0.712831757,0.700837087,Healthy,101.599552,316.3166667,299.1666667,25.66666667,646000,803,3,124.3524881,0.604092728,,False,,
Hambantota,Southern,2017,May,0.7033839,0.7062601,Healthy,99.619736,,,,647000,753,3,116.4002714,0.565461605,,True,,
Hambantota,Southern,2017,June,0.706233733,0.698409953,Healthy,101.0484133,323.15,304.45,9.1,648000,853,4,131.7167269,0.63986751,,False,,
Hambantota,Southern,2017,July,0.680633323,0.666442567,Healthy,101.9761383,322.91,298.72,18.25,649000,953,4,146.9859822,0.71404412,,False,,
Hambantota,Southern,2017,August,0.645990967,0.635890633,Degraded,101.4752653,331.3216216,295.2567568,45.82702703,650000,1054,5,162.2082552,0.787992495,,False,,
Hambantota,Southern,2017,September,0.6523298,0.63163102,Degraded,103.0362197,317.44,295.82,30.26,651000,1204,5,185.0960998,0.899179499,,False,,
Hambantota,Southern,2017,October,0.6848451,0.67526712,Healthy,101.3417347,324.79,296.88,24.64,652000,1305,6,200.2132276,0.972617088,,False,,
Hambantota,Southern,2017,November,0.72949918,0.737160857,Healthy,99.03172,313.6,293.2,29.7,653000,1405,6,215.2840548,1.045829754,,False,,
Hambantota,Southern,2017,December,0.756935253,0.770022713,Healthy,98.40414867,,,,654000,1355,6,207.2779145,1.006936675,,True,,
Hambantota,Southern,2018,January,0.7706035,0.77555122,Healthy,99.402395,,,,655000,971,4,148.2852355,0.703779557,,True,,
Hambantota,Southern,2018,February,0.75505489,0.748660267,Healthy,100.804328,,,,655500,917,4,139.9403422,0.66417369,,True,,
Hambantota,Southern,2018,March,0.725838423,0.711859333,Healthy,101.8378017,,,,656000,971,4,148.059191,0.702706722,,True,,
Hambantota,Southern,2018,April,0.720416873,0.700837087,Healthy,102.6072333,,,,656500,863,4,131.507935,0.624152472,,True,,
Hambantota,Southern,2018,May,0.733880347,0.7062601,Healthy,103.6520937,317.1,291.3,8.2,657000,809,3,123.1948621,0.584697628,,False,,
Hambantota,Southern,2018,June,0.724074867,0.698409953,Healthy,103.4271833,319.5,298.2,12.2,657500,917,4,139.5146682,0.66215339,,False,,
Hambantota,Southern,2018,July,0.6746204,0.666442567,Healthy,101.1232367,314.26,295.44,9.04,658000,1025,4,155.8096721,0.739491437,,False,,
Hambantota,Southern,2018,August,0.610552133,0.635890633,Degraded,96.29757333,332.0303571,290.9589286,54.34642857,658500,1133,5,172.0799304,0.81671204,,False,,
Hambantota,Southern,2018,September,0.61610272,0.63163102,Degraded,97.70828167,326.845,300.6,17.415,659000,1295,6,196.5135645,0.932677005,,False,,
Hambantota,Southern,2018,October,0.7015906,0.67526712,Healthy,103.616572,,,,659500,1402,6,212.7282926,1.009634054,,True,,
Hambantota,Southern,2018,November,0.75853605,0.737160857,Healthy,102.7260133,,,,660000,1510,7,228.9184528,1.086474501,,True,,
Hambantota,Southern,2018,December,0.774094897,0.770022713,Healthy,100.5004033,315.7,298.0,9.3,660500,1456,6,220.575691,1.04687875,,False,,
Hambantota,Southern,2019,January,0.758098797,0.77555122,Healthy,97.88309667,314.525,299.575,14.775,661000,866,4,131.0320652,0.664182134,,False,,
Hambantota,Southern,2019,February,0.7140557,0.748660267,Healthy,95.66247667,318.85,299.4,10.525,661580,818,4,123.6440136,0.626733194,,False,,
Hambantota,Southern,2019,March,0.6743741,0.711859333,Healthy,95.0797,324.8,306.1833333,16.4,662170,866,4,130.8005423,0.663008578,,False,,
Hambantota,Southern,2019,April,0.671283517,0.700837087,Healthy,96.06269867,315.8,294.5,6.933333333,662750,769,3,116.1653985,0.588825202,,False,,
Hambantota,Southern,2019,May,0.691894083,0.7062601,Healthy,98.10019667,319.6857143,295.7714286,19.08571429,663330,721,3,108.8098371,0.55154095,,False,,
Hambantota,Southern,2019,June,0.695119987,0.698409953,Healthy,99.56106333,322.8,284.8,14.9,663920,818,4,123.2082277,0.624524259,,False,,
Hambantota,Southern,2019,July,0.673950567,0.666442567,Healthy,101.0569903,317.7,292.6333333,9.833333333,664500,914,4,137.5831208,0.697388464,,False,,
Hambantota,Southern,2019,August,0.676916053,0.635890633,Degraded,105.9983567,323.14,292.7,34.22,665080,1010,5,151.9329419,0.770125582,,False,,
Hambantota,Southern,2019,September,0.715036853,0.63163102,Degraded,112.2284613,323.5,305.25,8.5,665670,1154,5,173.4837484,0.879363429,,False,,
Hambantota,Southern,2019,October,0.7563788,0.67526712,Healthy,111.2292417,331.0,294.0,28.0,666250,1251,6,187.7771168,0.951814396,,False,,
Hambantota,Southern,2019,November,0.771970947,0.737160857,Healthy,104.4434983,312.15,292.15,24.7,666830,1347,6,202.0456208,1.02413933,,False,,
Hambantota,Southern,2019,December,0.786723917,0.770022713,Healthy,102.0385817,319.9,297.1,12.4,667420,1299,6,194.6574761,0.986689918,,False,,
Hambantota,Southern,2020,January,0.780081917,0.77555122,Healthy,100.5466517,318.05,302.75,12.6,668000,484,2,72.53541697,0.306703666,,False,,
Hambantota,Southern,2020,February,0.727851757,0.748660267,Healthy,97.38133333,,,,668670,457,1,68.43702965,0.289374333,,True,,
Hambantota,Southern,2020,March,0.670592133,0.711859333,Healthy,94.579575,321.2461538,300.3923077,15.0,669330,484,2,72.39128462,0.306094227,,False,,
Hambantota,Southern,2020,April,0.672574487,0.700837087,Healthy,96.23315333,328.3333333,301.4,32.0,670000,430,1,64.28346075,0.271811673,,False,,
Hambantota,Southern,2020,May,0.7153388,0.7062601,Healthy,101.1999697,,,,670670,403,1,60.20553891,0.254568875,,True,,
Hambantota,Southern,2020,June,0.737508587,0.698409953,Healthy,105.230565,327.0,298.2,18.6,671330,457,1,68.16586272,0.288227749,,False,,
Hambantota,Southern,2020,July,0.736417647,0.666442567,Healthy,109.7796087,317.84,286.66,33.2,672000,511,2,76.10941734,0.321815718,,False,,
Hambantota,Southern,2020,August,0.70710978,0.635890633,Degraded,110.3778333,320.8888889,295.3222222,15.96666667,672670,565,2,84.03714792,0.355336778,,False,,
Hambantota,Southern,2020,September,0.680155277,0.63163102,Degraded,107.125668,321.025,290.475,16.25,673330,646,2,95.94831368,0.405701115,,False,,
Hambantota,Southern,2020,October,0.68924195,0.67526712,Healthy,101.968788,328.04375,300.275,37.15,674000,699,2,103.8406794,0.43907264,,False,,
Hambantota,Southern,2020,November,0.723827047,0.737160857,Healthy,98.30909867,,,,674670,753,3,111.7173696,0.472377884,,True,,
Hambantota,Southern,2020,December,0.766471333,0.770022713,Healthy,99.561798,328.2,297.9,33.06666667,675330,726,3,107.6221815,0.455062078,,False,,
Hambantota,Southern,2021,January,0.79359841,0.77555122,Healthy,102.1867453,311.9,295.6,6.0,676000,286,1,42.43036513,0.184009237,,False,,
Hambantota,Southern,2021,February,0.754984287,0.748660267,Healthy,100.7833967,320.5666667,303.7666667,14.76666667,676420,270,1,40.04824058,0.173678594,,False,,
Hambantota,Southern,2021,March,0.70852192,0.711859333,Healthy,99.561827,322.1,299.5333333,10.7,676830,286,1,42.37833256,0.183783585,,False,,
Hambantota,Southern,2021,April,0.7030643,0.700837087,Healthy,100.295975,,,,677250,254,1,37.64626794,0.163261876,,True,,
Hambantota,Southern,2021,May,0.71670432,0.7062601,Healthy,101.3809333,,,,677670,239,1,35.27150239,0.152963148,,True,,
Hambantota,Southern,2021,June,0.71113176,0.698409953,Healthy,101.7002567,322.34,303.82,8.72,678080,270,1,39.95019894,0.173253414,,False,,
Hambantota,Southern,2021,July,0.689162333,0.666442567,Healthy,103.17431,333.8631579,299.5,61.61578947,678500,302,1,44.62258329,0.193516305,,False,,
Hambantota,Southern,2021,August,0.658110157,0.635890633,Degraded,103.2397717,326.35,290.116,33.592,678920,334,1,49.2891867,0.213754126,,False,,
Hambantota,Southern,2021,September,0.660862733,0.63163102,Degraded,104.2861267,326.0555556,298.6925926,26.02222222,679330,382,1,56.29650161,0.244142992,,False,,
Hambantota,Southern,2021,October,0.7037949,0.67526712,Healthy,103.951742,310.7,292.4,20.1,679750,414,1,60.95019391,0.264324821,,False,,
Hambantota,Southern,2021,November,0.741483487,0.737160857,Healthy,100.5634133,,,,680170,446,1,65.59813896,0.284481725,,True,,
Hambantota,Southern,2021,December,0.75780663,0.770022713,Healthy,98.511785,,,,680580,430,1,63.21724154,0.274156405,,True,,
Hambantota,Southern,2022,January,0.763760763,0.77555122,Healthy,98.57211,,,,681000,630,2,92.54324702,0.408294832,,True,,
Hambantota,Southern,2022,February,0.741098433,0.748660267,Healthy,99.05610333,317.9,299.0,8.4,680920,595,2,87.41222421,0.38565709,,False,,
Hambantota,Southern,2022,March,0.710160367,0.711859333,Healthy,99.78015033,323.1,303.3,8.4,680830,630,2,92.56635463,0.408396781,,False,,
Hambantota,Southern,2022,April,0.710706673,0.700837087,Healthy,101.3135467,318.55,297.5,14.7,680750,560,2,82.29087359,0.363062022,,False,,
Hambantota,Southern,2022,May,0.714990977,0.7062601,Healthy,101.15464,315.85,297.55,5.75,680670,525,2,77.15676125,0.34041065,,False,,
Hambantota,Southern,2022,June,0.6967549,0.698409953,Healthy,99.78002333,315.5,297.1,4.3,680580,595,2,87.45589307,0.385849755,,False,,
Hambantota,Southern,2022,July,0.700145867,0.666442567,Healthy,104.7336053,324.7,303.4,10.6,680500,665,2,97.75631261,0.431294541,,False,,
Hambantota,Southern,2022,August,0.707356847,0.635890633,Degraded,110.42036,319.49,292.45,15.22,680420,735,3,108.0591543,0.476750013,,False,,
Hambantota,Southern,2022,September,0.668629,0.63163102,Degraded,105.4428033,327.3538462,298.4384615,37.71538462,680330,840,3,123.5125135,0.544929236,,False,,
Hambantota,Southern,2022,October,0.67323685,0.67526712,Healthy,99.740396,313.1666667,292.5166667,13.26666667,680250,910,4,133.8209589,0.590409432,,False,,
Hambantota,Southern,2022,November,0.724774487,0.737160857,Healthy,98.427525,312.1,289.4,6.5,680170,980,4,144.1318293,0.635900327,,False,,
Hambantota,Southern,2022,December,0.759404317,0.770022713,Healthy,98.70382167,,,,680080,945,4,139.0026568,0.613270749,,True,,
Hambantota,Southern,2023,January,0.7770227,0.77555122,Healthy,100.1806247,317.85,299.35,9.95,680000,721,4,106.1298422,0.667144907,,False,,
Hambantota,Southern,2023,February,0.769865873,0.748660267,Healthy,102.6627583,319.7,304.4,10.0,680000,681,4,100.2337398,0.630081301,,False,,
Hambantota,Southern,2023,March,0.73193566,0.711859333,Healthy,102.62701,325.7,304.5,11.5,680000,721,4,106.1298422,0.667144907,,False,,
Hambantota,Southern,2023,April,0.696865867,0.700837087,Healthy,99.47207067,,,,680000,641,4,94.33763749,0.593017695,,True,,
Hambantota,Southern,2023,May,0.707032547,0.7062601,Healthy,100.10193,,,,680000,601,3,88.44153515,0.555954089,,True,,
Hambantota,Southern,2023,June,0.71612783,0.698409953,Healthy,102.37038,319.18,286.06,14.88,680000,681,4,100.2337398,0.630081301,,False,,
Hambantota,Southern,2023,July,0.689697633,0.666442567,Healthy,103.241367,331.6172414,302.1137931,31.74827586,680000,761,4,112.0259445,0.704208513,,False,,
Hambantota,Southern,2023,August,0.6612992,0.635890633,Degraded,103.7137317,334.225,300.55,51.19107143,680000,841,5,123.8181492,0.778335725,,False,,
Hambantota,Southern,2023,September,0.705725497,0.63163102,Degraded,110.85863,321.9,299.3,10.6,680000,962,6,141.5064562,0.889526542,,False,,
Hambantota,Southern,2023,October,0.749897233,0.67526712,Healthy,110.3386767,,,,680000,1042,6,153.2986609,0.963653754,,True,,
Hambantota,Southern,2023,November,0.760723907,0.737160857,Healthy,103.01556,,,,680000,1122,7,165.0908656,1.037780966,,True,,
Hambantota,Southern,2023,December,0.7805737,0.770022713,Healthy,101.2857367,,,,680000,1082,6,159.1947633,1.00071736,,True,,
Hambantota,Southern,2024,January,0.790432513,0.77555122,Healthy,101.802302,,,,680000,677,2,99.67360115,0.408895265,,True,,
Hambantota,Southern,2024,February,0.748809793,0.748660267,Healthy,100.0083983,317.9666667,301.3333333,8.1,680000,640,2,94.13617886,0.386178862,,False,,
Hambantota,Southern,2024,March,0.696996837,0.711859333,Healthy,98.04787467,319.6857143,301.1857143,16.4,680000,677,2,99.67360115,0.408895265,,False,,
Hambantota,Southern,2024,April,0.701674507,0.700837087,Healthy,100.108685,320.6,300.2,5.9,680000,602,2,88.59875658,0.363462458,,False,,
Hambantota,Southern,2024,May,0.756287813,0.7062601,Healthy,106.6143913,316.2,297.35,7.85,680000,564,2,83.06133429,0.340746055,,False,,
Hambantota,Southern,2024,June,0.781256857,0.698409953,Healthy,111.0714267,304.8,292.2,4.1,680000,640,2,94.13617886,0.386178862,,False,,
Hambantota,Southern,2024,July,0.745504667,0.666442567,Healthy,111.0303433,323.2,299.08,20.94,680000,715,2,105.2110234,0.431611669,,False,,
Hambantota,Southern,2024,August,0.715554467,0.635890633,Degraded,111.6208313,319.575,297.6,11.125,680000,790,3,116.285868,0.477044476,,False,,
Hambantota,Southern,2024,September,0.715441173,0.63163102,Degraded,112.3010433,322.78,292.96,16.78,680000,903,3,132.8981349,0.545193687,,False,,
Hambantota,Southern,2024,October,0.723232133,0.67526712,Healthy,106.6651867,,,,680000,979,4,143.9729794,0.590626495,,True,,
Hambantota,Southern,2024,November,0.746536833,0.737160857,Healthy,101.2007847,,,,680000,1054,4,155.047824,0.636059302,,True,,
Hambantota,Southern,2024,December,0.784641133,0.770022713,Healthy,101.7785867,,,,680000,1016,4,149.5104017,0.613342898,,True,,
Jaffna,Northern,2014,January,0.623120433,0.601497287,Degraded,103.316388,,,,593000,713,4,120.2566528,0.69098836,,True,,
Jaffna,Northern,2014,February,0.55653868,0.549848447,Degraded,101.0908067,,,,593250,673,3,113.527866,0.652325107,,True,,
Jaffna,Northern,2014,March,0.491246233,0.510992333,Degraded,96.46253667,,,,593500,713,4,120.1553414,0.69040623,,True,,
Jaffna,Northern,2014,April,0.462201073,0.498078743,Degraded,93.453663,326.5,301.85,44.15,593750,633,3,106.7597775,0.613436029,,False,,
Jaffna,Northern,2014,May,0.457404277,0.496706423,Degraded,92.80996167,,,,594000,594,3,100.0451671,0.574854233,,True,,
Jaffna,Northern,2014,June,0.431638703,0.481901537,Degraded,90.54323467,,,,594250,673,3,113.3368221,0.651227379,,True,,
Jaffna,Northern,2014,July,0.4109172,0.463751807,Degraded,89.719315,,,,594500,752,4,126.6172981,0.727536291,,True,,
Jaffna,Northern,2014,August,0.426410727,0.46041914,Degraded,93.32964467,313.9,288.9,25.0,594750,831,4,139.8866095,0.803781052,,False,,
Jaffna,Northern,2014,September,0.47477094,0.484534133,Degraded,98.15035333,,,,595000,950,5,159.8032384,0.918220947,,True,,
Jaffna,Northern,2014,October,0.549307507,0.53861731,Degraded,101.7907653,,,,595250,1030,5,173.0474659,0.994321577,,True,,
Jaffna,Northern,2014,November,0.62207631,0.601171213,Degraded,103.21324,,,,595500,1109,6,186.2805731,1.070358311,,True,,
Jaffna,Northern,2014,December,0.6405624,0.625297297,Degraded,102.26083,,,,595750,1069,6,179.5523167,1.031698105,,True,,
Jaffna,Northern,2015,January,0.6071333,0.601497287,Degraded,100.8571867,,,,596000,659,5,110.7014241,0.871664757,,True,,
Jaffna,Northern,2015,February,0.546350507,0.549848447,Degraded,99.41422667,,,,596330,623,4,104.4934879,0.822783369,,True,,
Jaffna,Northern,2015,March,0.5143258,0.510992333,Degraded,100.6036503,,,,596670,659,5,110.5771176,0.870685966,,True,,
Jaffna,Northern,2015,April,0.51873657,0.498078743,Degraded,103.7696837,316.7,303.8,10.3,597000,586,4,98.23643965,0.773515273,,False,,
Jaffna,Northern,2015,May,0.53146989,0.496706423,Degraded,106.3608553,,,,597330,549,4,92.04578259,0.724769942,,True,,
Jaffna,Northern,2015,June,0.521056963,0.481901537,Degraded,107.358065,,,,597670,623,4,104.2592093,0.820938656,,True,,
Jaffna,Northern,2015,July,0.494504287,0.463751807,Degraded,105.9840417,328.3,294.65,31.0,598000,696,5,116.4606955,0.917013351,,False,,
Jaffna,Northern,2015,August,0.486261267,0.46041914,Degraded,105.0647473,,,,598330,769,6,128.6487227,1.012982068,,True,,
Jaffna,Northern,2015,September,0.510470947,0.484534133,Degraded,104.8505133,312.95,292.55,22.45,598670,879,6,146.9436112,1.157036309,,False,,
Jaffna,Northern,2015,October,0.5692441,0.53861731,Degraded,105.2047167,317.3,295.8,25.7,599000,953,7,159.101212,1.252765449,,False,,
Jaffna,Northern,2015,November,0.629449443,0.601171213,Degraded,104.3501333,,,,599330,1026,8,171.2454246,1.34838917,,True,,
Jaffna,Northern,2015,December,0.650663447,0.625297297,Degraded,103.7562367,,,,599670,989,7,165.0358917,1.29949521,,True,,
Jaffna,Northern,2016,January,0.616983883,0.601497287,Degraded,102.3673783,,,,600000,599,2,99.8902439,0.426829268,,True,,
Jaffna,Northern,2016,February,0.55381719,0.549848447,Degraded,100.6518087,317.4,302.5,6.5,600420,566,2,94.27479355,0.402834547,,False,,
Jaffna,Northern,2016,March,0.500791383,0.510992333,Degraded,98.168818,328.9,310.6,9.8,600830,599,2,99.75225329,0.426239637,,False,,
Jaffna,Northern,2016,April,0.47390966,0.498078743,Degraded,95.59006333,312.7,292.0,9.3,601250,532,2,88.60673056,0.378615013,,False,,
Jaffna,Northern,2016,May,0.496281683,0.496706423,Degraded,99.93008,322.7,300.1,15.2,601670,499,2,83.01082313,0.354703798,,False,,
Jaffna,Northern,2016,June,0.542520427,0.481901537,Degraded,111.4249167,316.4,300.0,6.9,602080,566,2,94.0148677,0.401723888,,False,,
Jaffna,Northern,2016,July,0.544362367,0.463751807,Degraded,115.689078,,,,602500,632,2,105.0021928,0.448672537,,True,,
Jaffna,Northern,2016,August,0.51998709,0.46041914,Degraded,111.679862,312.3,294.5,10.5,602920,699,2,115.9742101,0.495555775,,False,,
Jaffna,Northern,2016,September,0.503392467,0.484534133,Degraded,103.577218,,,,603330,799,3,132.4518839,0.565964588,,True,,
Jaffna,Northern,2016,October,0.520510743,0.53861731,Degraded,96.95372167,,,,603750,865,3,143.3897221,0.612701779,,True,,
Jaffna,Northern,2016,November,0.577385967,0.601171213,Degraded,96.33948333,,,,604170,932,3,154.312353,0.65937399,,True,,
Jaffna,Northern,2016,December,0.61355157,0.625297297,Degraded,98.26012867,,,,604580,899,3,148.700287,0.63539373,,True,,
Jaffna,Northern,2017,January,0.612192433,0.601497287,Degraded,101.6614167,,,,605000,701,3,115.9483975,0.580528119,,True,,
Jaffna,Northern,2017,February,0.578537617,0.549848447,Degraded,104.7968967,,,,605670,662,3,109.385682,0.547670047,,True,,
Jaffna,Northern,2017,March,0.535337637,0.510992333,Degraded,104.3263217,323.8,308.3,7.6,606330,701,3,115.6940618,0.579254716,,False,,
Jaffna,Northern,2017,April,0.492599983,0.498078743,Degraded,98.99938133,316.6,299.8,9.8,607000,623,3,102.7256533,0.514324748,,False,,
Jaffna,Northern,2017,May,0.4764731,0.496706423,Degraded,96.29832333,317.825,297.575,21.8,607670,584,2,96.19911642,0.481647813,,False,,
Jaffna,Northern,2017,June,0.46171397,0.481901537,Degraded,96.20796,325.3,302.0,8.1,608330,662,3,108.9073792,0.54527529,,False,,
Jaffna,Northern,2017,July,0.457008583,0.463751807,Degraded,98.696718,,,,609000,740,3,121.5861001,0.608754856,,True,,
Jaffna,Northern,2017,August,0.484345133,0.46041914,Degraded,104.678038,,,,609670,818,4,134.2369543,0.6720949,,True,,
Jaffna,Northern,2017,September,0.53205589,0.484534133,Degraded,108.8906767,,,,610330,935,4,153.2477632,0.767277838,,True,,
Jaffna,Northern,2017,October,0.569247267,0.53861731,Degraded,105.25648,314.2,290.0,13.9,611000,1013,5,165.8363605,0.830306175,,False,,
Jaffna,Northern,2017,November,0.608209643,0.601171213,Degraded,101.0920383,,,,611670,1091,5,178.3973796,0.893196435,,True,,
Jaffna,Northern,2017,December,0.624210723,0.625297297,Degraded,99.83932,,,,612330,1052,5,171.8406263,0.860368214,,True,,
Jaffna,Northern,2018,January,0.591060193,0.601497287,Degraded,98.38562667,315.3,298.4,6.5,613000,729,3,118.9233279,0.572951896,,False,,
Jaffna,Northern,2018,February,0.53364947,0.549848447,Degraded,97.30130667,,,,613330,688,3,112.2560449,0.540830087,,True,,
Jaffna,Northern,2018,March,0.50198064,0.510992333,Degraded,98.40004467,,,,613670,729,3,118.7934884,0.572326352,,True,,
Jaffna,Northern,2018,April,0.496661267,0.498078743,Degraded,99.741492,,,,614000,648,3,105.5374593,0.508461111,,True,,
Jaffna,Northern,2018,May,0.508532213,0.496706423,Degraded,102.1651067,,,,614330,607,2,98.88821969,0.476426232,,True,,
Jaffna,Northern,2018,June,0.493799993,0.481901537,Degraded,102.2309733,,,,614670,688,3,112.0113231,0.53965106,,True,,
Jaffna,Northern,2018,July,0.460404293,0.463751807,Degraded,99.34216,318.3,298.3,18.0,615000,769,3,125.1219512,0.602815784,,False,,
Jaffna,Northern,2018,August,0.44481612,0.46041914,Degraded,96.945655,,,,615330,850,4,138.2185169,0.665912758,,True,,
Jaffna,Northern,2018,September,0.46942256,0.484534133,Degraded,97.15838467,317.6,297.9,18.9,615670,972,4,157.8767846,0.760622871,,False,,
Jaffna,Northern,2018,October,0.545441957,0.53861731,Degraded,101.1259227,321.3,295.9,11.8,616000,1053,5,170.9415584,0.823566677,,False,,
Jaffna,Northern,2018,November,0.627991367,0.601171213,Degraded,104.1101467,,,,616330,1134,5,183.9923418,0.88644308,,True,,
Jaffna,Northern,2018,December,0.650444047,0.625297297,Degraded,103.7241487,,,,616670,1093,5,177.3233658,0.854313114,,True,,
Jaffna,Northern,2019,January,0.60936771,0.601497287,Degraded,101.19312,,,,617000,717,2,116.2193145,0.474364549,,True,,
Jaffna,Northern,2019,February,0.53936022,0.549848447,Degraded,98.23200867,,,,617330,677,2,109.7040112,0.447771474,,True,,
Jaffna,Northern,2019,March,0.47856344,0.510992333,Degraded,94.20061533,,,,617670,717,2,116.0932489,0.473849996,,True,,
Jaffna,Northern,2019,April,0.439689223,0.498078743,Degraded,89.34587,312.75,295.1,56.05,618000,637,2,103.1388955,0.420975084,,False,,
Jaffna,Northern,2019,May,0.429741923,0.496706423,Degraded,87.75158667,327.0,304.4,17.73333333,618330,597,2,96.64111002,0.39445351,,False,,
Jaffna,Northern,2019,June,0.429131183,0.481901537,Degraded,90.08998867,,,,618670,677,2,109.4663993,0.44680163,,True,,
Jaffna,Northern,2019,July,0.441696777,0.463751807,Degraded,95.72201333,,,,619000,756,3,122.279575,0.499100306,,True,,
Jaffna,Northern,2019,August,0.4774473,0.46041914,Degraded,103.3244867,,,,619330,836,3,135.0790961,0.551343249,,True,,
Jaffna,Northern,2019,September,0.540092453,0.484534133,Degraded,110.369295,,,,619670,956,3,154.2914069,0.629760844,,True,,
Jaffna,Northern,2019,October,0.60491503,0.53861731,Degraded,111.2807947,314.6,295.4,25.7,620000,1035,4,167.0600577,0.681877787,,False,,
Jaffna,Northern,2019,November,0.653284947,0.601171213,Degraded,108.026848,,,,620330,1115,4,179.8151233,0.733939279,,True,,
Jaffna,Northern,2019,December,0.650933333,0.625297297,Degraded,103.7972233,,,,620670,1075,4,173.2981707,0.707339472,,True,,
Jaffna,Northern,2020,January,0.6032946,0.601497287,Degraded,100.26341,,,,621000,416,1,67.02014846,0.318133616,,True,,
Jaffna,Northern,2020,February,0.543953753,0.549848447,Degraded,99.01423333,318.9,304.1,7.6,621420,393,1,63.25402638,0.300256454,,False,,
Jaffna,Northern,2020,March,0.50093979,0.510992333,Degraded,98.20201333,,,,621830,416,1,66.93069198,0.317708981,,True,,
Jaffna,Northern,2020,April,0.478661283,0.498078743,Degraded,96.456982,325.45,309.6,12.5,622250,369,1,59.45379181,0.282217366,,False,,
Jaffna,Northern,2020,May,0.483190313,0.496706423,Degraded,97.53042333,,,,622670,346,1,55.70033377,0.264400319,,True,,
Jaffna,Northern,2020,June,0.499510737,0.481901537,Degraded,103.3345303,,,,623080,393,1,63.08550599,0.299456516,,True,,
Jaffna,Northern,2020,July,0.521122583,0.463751807,Degraded,111.1796133,311.1,292.6,11.6,623500,439,2,70.45983531,0.334461244,,False,,
Jaffna,Northern,2020,August,0.530478477,0.46041914,Degraded,113.7283133,,,,623920,485,2,77.82423638,0.369418844,,True,,
Jaffna,Northern,2020,September,0.537261257,0.484534133,Degraded,109.8889417,322.9,298.0,11.0,624330,554,2,88.88357588,0.421915708,,False,,
Jaffna,Northern,2020,October,0.5659129,0.53861731,Degraded,104.6839633,,,,624750,601,2,96.2258074,0.456768073,,True,,
Jaffna,Northern,2020,November,0.605722573,0.601171213,Degraded,100.7076963,,,,625170,647,3,103.5581736,0.491573609,,True,,
Jaffna,Northern,2020,December,0.626988153,0.625297297,Degraded,100.2503803,,,,625580,624,2,99.79422023,0.473706742,,True,,
Jaffna,Northern,2021,January,0.614296763,0.601497287,Degraded,101.9759387,,,,626000,350,2,56.01184446,0.327281228,,True,,
Jaffna,Northern,2021,February,0.56535588,0.549848447,Degraded,102.5829383,322.8,301.5,29.6,626250,331,1,52.87895753,0.308975545,,False,,
Jaffna,Northern,2021,March,0.51969675,0.510992333,Degraded,101.5459397,,,,626500,350,2,55.96714227,0.32702003,,True,,
Jaffna,Northern,2021,April,0.50571938,0.498078743,Degraded,101.3942733,319.6,293.7,8.2,626750,311,1,49.72872704,0.290568522,,False,,
Jaffna,Northern,2021,May,0.515358063,0.496706423,Degraded,103.414175,317.4,296.1,11.5,627000,292,1,46.60209282,0.272299374,,False,,
Jaffna,Northern,2021,June,0.52462148,0.481901537,Degraded,108.04741,322.7,302.0,9.0,627250,331,1,52.79465469,0.308482957,,False,,
Jaffna,Northern,2021,July,0.52725051,0.463751807,Degraded,112.3653933,312.7,292.7,21.75,627500,370,2,58.98228225,0.344637709,,False,,
Jaffna,Northern,2021,August,0.516454837,0.46041914,Degraded,110.9858067,,,,627750,409,2,65.1649814,0.380763664,,True,,
Jaffna,Northern,2021,September,0.520689247,0.484534133,Degraded,106.7785013,323.36,294.54,17.9,628000,467,2,74.44461706,0.434985242,,False,,
Jaffna,Northern,2021,October,0.56906019,0.53861731,Degraded,105.185183,,,,628250,506,2,80.61624269,0.471046493,,True,,
Jaffna,Northern,2021,November,0.62393975,0.601171213,Degraded,103.5089733,,,,628500,545,3,86.78295852,0.507079056,,True,,
Jaffna,Northern,2021,December,0.636636533,0.625297297,Degraded,101.6794267,,,,628750,525,3,83.65029336,0.488774669,,True,,
Jaffna,Northern,2022,January,0.615482767,0.601497287,Degraded,102.1619433,,,,629000,683,2,108.6509752,0.453681802,,True,,
Jaffna,Northern,2022,February,0.588309667,0.549848447,Degraded,106.4429767,,,,628920,645,2,102.6278628,0.428531761,,True,,
Jaffna,Northern,2022,March,0.576289227,0.510992333,Degraded,111.6589097,,,,628830,683,2,108.6803483,0.453804452,,True,,
Jaffna,Northern,2022,April,0.582960183,0.498078743,Degraded,115.4874117,321.0,301.8,7.0,628750,607,2,96.61704569,0.40343306,,False,,
Jaffna,Northern,2022,May,0.564235463,0.496706423,Degraded,112.3476433,,,,628670,569,2,90.5900067,0.378266623,,True,,
Jaffna,Northern,2022,June,0.535527947,0.481901537,Degraded,110.085385,,,,628580,645,2,102.6833743,0.428763555,,True,,
Jaffna,Northern,2022,July,0.527169883,0.463751807,Degraded,112.3522433,,,,628500,721,3,114.7783793,0.479267323,,True,,
Jaffna,Northern,2022,August,0.540539747,0.46041914,Degraded,115.6969293,313.4,295.6,15.0,628420,797,3,126.8764637,0.529783949,,False,,
Jaffna,Northern,2022,September,0.557647283,0.484534133,Degraded,113.7014153,,,,628330,911,3,145.0224424,0.605554096,,True,,
Jaffna,Northern,2022,October,0.599407513,0.53861731,Degraded,110.3402783,314.4,290.8,25.55,628250,987,4,157.1276517,0.656100473,,False,,
Jaffna,Northern,2022,November,0.656032237,0.601171213,Degraded,108.4322087,,,,628170,1063,4,169.2359442,0.706659724,,True,,
Jaffna,Northern,2022,December,0.67802687,0.625297297,Degraded,107.80839,,,,628080,1025,4,163.2151877,0.681519521,,True,,
Jaffna,Northern,2023,January,0.64208819,0.601497287,Degraded,106.2204613,,,,628000,676,3,107.6588473,0.512661178,,True,,
Jaffna,Northern,2023,February,0.58847527,0.549848447,Degraded,106.4533883,,,,628080,638,3,101.6648493,0.48411833,,True,,
Jaffna,Northern,2023,March,0.55758601,0.510992333,Degraded,108.3078337,,,,628170,676,3,107.6297119,0.512522437,,True,,
Jaffna,Northern,2023,April,0.552248377,0.498078743,Degraded,109.8839667,,,,628250,600,2,95.65867246,0.455517488,,True,,
Jaffna,Northern,2023,May,0.56506557,0.496706423,Degraded,112.5051533,,,,628330,563,2,89.66858723,0.426993273,,True,,
Jaffna,Northern,2023,June,0.551873103,0.481901537,Degraded,113.1535413,,,,628420,638,3,101.6098446,0.483856403,,True,,
Jaffna,Northern,2023,July,0.519684933,0.463751807,Degraded,110.878218,305.6,286.3,8.0,628500,713,3,113.5494887,0.540711851,,False,,
Jaffna,Northern,2023,August,0.487512877,0.46041914,Degraded,105.31705,317.4,299.1,13.9,628580,788,3,125.4860937,0.597552827,,False,,
Jaffna,Northern,2023,September,0.492882787,0.484534133,Degraded,101.5629017,312.7,297.4,8.6,628670,901,4,143.3921477,0.682819751,,False,,
Jaffna,Northern,2023,October,0.559170953,0.53861731,Degraded,103.4688387,,,,628750,976,4,155.3217282,0.739627277,,True,,
Jaffna,Northern,2023,November,0.635761277,0.601171213,Degraded,105.3027967,,,,628830,1051,5,167.2482733,0.796420349,,True,,
Jaffna,Northern,2023,December,0.667465583,0.625297297,Degraded,106.2443167,,,,628920,1014,4,161.2520418,0.767866866,,True,,
Jaffna,Northern,2024,January,0.651638667,0.601497287,Degraded,107.6974467,,,,629000,695,2,110.6052968,0.407150335,,True,,
Jaffna,Northern,2024,February,0.593588167,0.549848447,Degraded,107.2872733,336.6,305.3,31.2,629000,657,2,104.4605581,0.384530872,,False,,
Jaffna,Northern,2024,March,0.543525793,0.510992333,Degraded,105.7941833,324.0,305.7,9.0,629000,695,2,110.6052968,0.407150335,,False,,
Jaffna,Northern,2024,April,0.534083847,0.498078743,Degraded,106.569812,330.0,303.7,15.6,629000,618,2,98.31581941,0.361911409,,False,,
Jaffna,Northern,2024,May,0.564870957,0.496706423,Degraded,112.47507,,,,629000,579,2,92.17108069,0.339291946,,True,,
Jaffna,Northern,2024,June,0.5769247,0.481901537,Degraded,117.8690933,,,,629000,657,2,104.4605581,0.384530872,,True,,
Jaffna,Northern,2024,July,0.553420417,0.463751807,Degraded,117.45017,,,,629000,734,2,116.7500355,0.429769798,,True,,
Jaffna,Northern,2024,August,0.536438687,0.46041914,Degraded,114.8986767,321.7,299.1,10.4,629000,811,2,129.039513,0.475008725,,False,,
Jaffna,Northern,2024,September,0.54813872,0.484534133,Degraded,111.9072933,,,,629000,927,3,147.4737291,0.542867114,,True,,
Jaffna,Northern,2024,October,0.600747317,0.53861731,Degraded,110.569545,313.8,291.9,49.2,629000,1004,3,159.7632065,0.58810604,,False,,
Jaffna,Northern,2024,November,0.6508387,0.601171213,Degraded,107.6457513,,,,629000,1082,3,172.052684,0.633344966,,True,,
Jaffna,Northern,2024,December,0.656610723,0.625297297,Degraded,104.637568,,,,629000,1043,3,165.9079452,0.610725503,,True,,
Kalutara,Western,2014,January,0.771076247,0.781934103,Healthy,98.69377667,,,,1242000,842,3,67.86261341,0.30635089,,True,,
Kalutara,Western,2014,February,0.75286472,0.768329287,Healthy,98.109958,314.7,302.8,6.3,1242830,796,3,64.0496653,0.289138171,,False,,
Kalutara,Western,2014,March,0.754191667,0.77279975,Healthy,97.73822333,318.9,294.2,44.9,1243670,842,3,67.7714875,0.305939522,,False,,
Kalutara,Western,2014,April,0.774551267,0.787559833,Healthy,98.44572533,,,,1244500,749,3,60.2011452,0.271764871,,True,,
Kalutara,Western,2014,May,0.78818973,0.796654737,Healthy,99.00015667,,,,1245330,702,3,56.40095788,0.254609759,,True,,
Kalutara,Western,2014,June,0.787369233,0.798704133,Healthy,98.66441133,,,,1246170,796,3,63.87799861,0.28836322,,True,,
Kalutara,Western,2014,July,0.78665382,0.795079743,Healthy,99.00371333,,,,1247000,889,4,71.34553823,0.32207379,,True,,
Kalutara,Western,2014,August,0.79747179,0.790280493,Healthy,100.856272,,,,1247830,983,4,78.80314372,0.355739515,,True,,
Kalutara,Western,2014,September,0.806935233,0.79020558,Healthy,101.9910687,,,,1248670,1123,5,90.0001504,0.406285947,,True,,
Kalutara,Western,2014,October,0.810010853,0.794738913,Healthy,101.8082053,,,,1249500,1217,5,97.43539692,0.439850737,,True,,
Kalutara,Western,2014,November,0.807596783,0.798227013,Healthy,101.104685,,,,1250330,1311,5,104.860772,0.473370965,,True,,
Kalutara,Western,2014,December,0.803894233,0.796395437,Healthy,100.8860067,,,,1251170,1264,5,101.0478582,0.456158402,,True,,
Kalutara,Western,2015,January,0.789593573,0.781934103,Healthy,100.92063,,,,1252000,868,5,69.36024312,0.473388919,,True,,
Kalutara,Western,2015,February,0.779194867,0.768329287,Healthy,101.3281227,,,,1252920,820,5,65.45879557,0.446761244,,True,,
Kalutara,Western,2015,March,0.78915701,0.77279975,Healthy,101.987838,,,,1253830,868,5,69.25900991,0.472697995,,True,,
Kalutara,Western,2015,April,0.801064733,0.787559833,Healthy,101.6132983,,,,1254750,771,5,61.51842511,0.419867917,,True,,
Kalutara,Western,2015,May,0.805531383,0.796654737,Healthy,101.0485257,,,,1255670,723,4,57.6312675,0.393337771,,True,,
Kalutara,Western,2015,June,0.808117933,0.798704133,Healthy,101.1092417,,,,1256580,820,5,65.26813585,0.445459977,,True,,
Kalutara,Western,2015,July,0.8098737,0.795079743,Healthy,101.7511967,,,,1257500,916,6,72.89337148,0.497502788,,True,,
Kalutara,Western,2015,August,0.812633913,0.790280493,Healthy,102.6604353,,,,1258420,1013,6,80.50745786,0.549469505,,True,,
Kalutara,Western,2015,September,0.819392313,0.79020558,Healthy,103.4736283,,,,1259330,1157,7,91.94203732,0.627511377,,True,,
Kalutara,Western,2015,October,0.823481367,0.794738913,Healthy,103.4029233,,,,1260250,1254,8,99.53116155,0.679307725,,True,,
Kalutara,Western,2015,November,0.820083933,0.798227013,Healthy,102.5768283,,,,1261170,1350,9,107.1092135,0.731028505,,True,,
Kalutara,Western,2015,December,0.8168987,0.796395437,Healthy,102.4224133,,,,1262080,1302,8,103.2094135,0.704412074,,True,,
Kalutara,Western,2016,January,0.80341602,0.781934103,Healthy,102.58283,,,,1263000,782,4,61.96628237,0.318637391,,True,,
Kalutara,Western,2016,February,0.79492565,0.768329287,Healthy,103.250402,,,,1264000,739,3,58.47741072,0.300697232,,True,,
Kalutara,Western,2016,March,0.797793567,0.77279975,Healthy,103.0391617,,,,1265000,782,4,61.86831196,0.318133616,,True,,
Kalutara,Western,2016,April,0.803074323,0.787559833,Healthy,101.8529667,,,,1266000,695,3,54.95061586,0.282562067,,True,,
Kalutara,Western,2016,May,0.812503843,0.796654737,Healthy,101.8718883,,,,1267000,652,3,51.47554238,0.26469286,,True,,
Kalutara,Western,2016,June,0.807326253,0.798704133,Healthy,101.015695,,,,1268000,739,3,58.2929394,0.29974866,,True,,
Kalutara,Western,2016,July,0.79083138,0.795079743,Healthy,99.49701667,,,,1269000,826,4,65.09959189,0.33474921,,True,,
Kalutara,Western,2016,August,0.78847753,0.790280493,Healthy,99.785588,,,,1270000,913,4,71.89552525,0.369694642,,True,,
Kalutara,Western,2016,September,0.787623687,0.79020558,Healthy,99.69288167,,,,1271000,1043,5,82.10166759,0.42217574,,True,,
Kalutara,Western,2016,October,0.7902397,0.794738913,Healthy,99.46717833,,,,1272000,1130,5,88.87354911,0.456997495,,True,,
Kalutara,Western,2016,November,0.798427553,0.798227013,Healthy,100.0236067,,,,1273000,1217,6,95.63479138,0.491764541,,True,,
Kalutara,Western,2016,December,0.796975637,0.796395437,Healthy,100.0685587,,,,1274000,1173,6,92.14687751,0.473829307,,True,,
Kalutara,Western,2017,January,0.786289083,0.781934103,Healthy,100.5252137,318.4,304.6,12.8,1275000,808,6,63.41463415,0.516499283,,False,,
Kalutara,Western,2017,February,0.782249987,0.768329287,Healthy,101.7015617,322.1,302.1,12.5,1275500,763,6,59.86812122,0.487613657,,False,,
Kalutara,Western,2017,March,0.789589103,0.77279975,Healthy,102.0409333,,,,1276000,808,6,63.36493616,0.516094503,,True,,
Kalutara,Western,2017,April,0.797482673,0.787559833,Healthy,101.186125,,,,1276500,718,5,56.30232566,0.458570978,,True,,
Kalutara,Western,2017,May,0.800957687,0.796654737,Healthy,100.5083453,,,,1277000,673,5,52.76276334,0.429741964,,True,,
Kalutara,Western,2017,June,0.801217933,0.798704133,Healthy,100.2961987,,,,1277500,763,6,59.77439422,0.48685027,,True,,
Kalutara,Western,2017,July,0.797942917,0.795079743,Healthy,100.3388967,,,,1278000,853,6,66.7805387,0.54391389,,True,,
Kalutara,Western,2017,August,0.795711523,0.790280493,Healthy,100.6464913,,,,1278500,943,7,73.7812032,0.600932877,,True,,
Kalutara,Western,2017,September,0.80314871,0.79020558,Healthy,101.5403283,,,,1279000,1078,8,84.2884113,0.686511947,,True,,
Kalutara,Western,2017,October,0.8075365,0.794738913,Healthy,101.5152713,,,,1279500,1167,9,91.27676271,0.743430646,,True,,
Kalutara,Western,2017,November,0.8045237,0.798227013,Healthy,100.742418,,,,1280000,1257,10,98.25965447,0.800304878,,True,,
Kalutara,Western,2017,December,0.795988433,0.796395437,Healthy,99.95154667,,,,1280500,1212,9,94.71338368,0.771421225,,True,,
Kalutara,Western,2018,January,0.77830508,0.781934103,Healthy,99.56414,315.25,293.4,9.45,1281000,772,3,60.33586565,0.257040041,,False,,
Kalutara,Western,2018,February,0.77159551,0.768329287,Healthy,100.3996447,,,,1281250,729,3,56.97275431,0.242712671,,True,,
Kalutara,Western,2018,March,0.784246143,0.77279975,Healthy,101.3903067,,,,1281500,772,3,60.31232454,0.256939752,,True,,
Kalutara,Western,2018,April,0.802227587,0.787559833,Healthy,101.7512283,,,,1281750,687,2,53.60049856,0.228346344,,True,,
Kalutara,Western,2018,May,0.80910254,0.796654737,Healthy,101.4704867,,,,1282000,644,2,50.24066816,0.214032952,,True,,
Kalutara,Western,2018,June,0.806108947,0.798704133,Healthy,100.8724433,,,,1282250,729,3,56.92832245,0.242523384,,True,,
Kalutara,Western,2018,July,0.798147393,0.795079743,Healthy,100.3626533,,,,1282500,815,3,63.61336947,0.27100271,,True,,
Kalutara,Western,2018,August,0.78420063,0.790280493,Healthy,99.27612333,,,,1282750,901,3,70.29581073,0.299470935,,True,,
Kalutara,Western,2018,September,0.778602557,0.79020558,Healthy,98.61889033,323.95,295.75,25.5,1283000,1030,4,80.32241507,0.342185807,,False,,
Kalutara,Western,2018,October,0.7937974,0.794738913,Healthy,99.88787333,,,,1283250,1116,4,86.9989974,0.370629072,,True,,
Kalutara,Western,2018,November,0.80121213,0.798227013,Healthy,100.35196,,,,1283500,1202,5,93.6729788,0.399061256,,True,,
Kalutara,Western,2018,December,0.794454467,0.796395437,Healthy,99.77031467,,,,1283750,1159,4,90.30992472,0.38473413,,True,,
Kalutara,Western,2019,January,0.775559587,0.781934103,Healthy,99.23329667,,,,1284000,761,3,59.33439708,0.279234101,,True,,
Kalutara,Western,2019,February,0.762541667,0.768329287,Healthy,99.292825,,,,1284250,719,3,56.02713298,0.263669758,,True,,
Kalutara,Western,2019,March,0.766072443,0.77279975,Healthy,99.18285167,,,,1284500,761,3,59.31130078,0.279125407,,True,,
Kalutara,Western,2019,April,0.777646167,0.787559833,Healthy,98.81624,316.6,300.2666667,11.76666667,1284750,677,3,52.71089722,0.248063193,,False,,
Kalutara,Western,2019,May,0.79271021,0.796654737,Healthy,99.53364667,,,,1285000,634,2,49.40685205,0.232513998,,True,,
Kalutara,Western,2019,June,0.801338467,0.798704133,Healthy,100.3104817,,,,1285250,719,3,55.98354058,0.263464607,,True,,
Kalutara,Western,2019,July,0.804934577,0.795079743,Healthy,101.1667267,,,,1285500,804,3,62.55767108,0.294403177,,True,,
Kalutara,Western,2019,August,0.806483333,0.790280493,Healthy,101.928375,,,,1285750,888,4,69.12924505,0.325329716,,True,,
Kalutara,Western,2019,September,0.805974343,0.79020558,Healthy,101.8768463,,,,1286000,1015,4,78.98949285,0.371733111,,True,,
Kalutara,Western,2019,October,0.808241603,0.794738913,Healthy,101.5986397,,,,1286250,1100,5,85.55531853,0.402632598,,True,,
Kalutara,Western,2019,November,0.809214057,0.798227013,Healthy,101.2953067,,,,1286500,1185,5,92.11859239,0.433520076,,True,,
Kalutara,Western,2019,December,0.8078532,0.796395437,Healthy,101.3538067,,,,1286750,1142,5,88.81138433,0.417955996,,True,,
Kalutara,Western,2020,January,0.793493547,0.781934103,Healthy,101.3889033,,,,1287000,429,1,33.36176019,0.153505032,,True,,
Kalutara,Western,2020,February,0.770226243,0.768329287,Healthy,100.23104,316.9,300.5,10.2,1287750,405,1,31.48997827,0.144892538,,False,,
Kalutara,Western,2020,March,0.76319101,0.77279975,Healthy,98.83291667,316.0,301.6,10.3,1288500,429,1,33.32292229,0.15332633,,False,,
Kalutara,Western,2020,April,0.781914767,0.787559833,Healthy,99.32439,316.4,299.4,7.6,1289250,381,1,29.6031442,0.136210786,,False,,
Kalutara,Western,2020,May,0.803462137,0.796654737,Healthy,100.8033633,315.0,294.8,10.2,1290000,357,1,27.73681225,0.127623369,,False,,
Kalutara,Western,2020,June,0.818533943,0.798704133,Healthy,102.3366633,,,,1290750,405,1,31.41678831,0.144555774,,True,,
Kalutara,Western,2020,July,0.82081536,0.795079743,Healthy,103.045228,,,,1291500,453,2,35.0924903,0.161468514,,True,,
Kalutara,Western,2020,August,0.807760223,0.790280493,Healthy,102.0799033,,,,1292250,500,2,38.76392565,0.178361621,,True,,
Kalutara,Western,2020,September,0.801276883,0.79020558,Healthy,101.3177767,,,,1293000,572,2,44.27593232,0.203723615,,True,,
Kalutara,Western,2020,October,0.80193585,0.794738913,Healthy,100.8522133,,,,1293750,620,2,47.9377872,0.220572641,,True,,
Kalutara,Western,2020,November,0.8058064,0.798227013,Healthy,100.8934867,,,,1294500,667,3,51.59539892,0.237402142,,True,,
Kalutara,Western,2020,December,0.813423717,0.796395437,Healthy,102.01264,,,,1295250,644,2,49.72389735,0.228790939,,True,,
Kalutara,Western,2021,January,0.808391603,0.781934103,Healthy,103.180308,,,,1296000,236,1,18.23622403,0.107271906,,True,,
Kalutara,Western,2021,February,0.78525384,0.768329287,Healthy,102.0674367,,,,1295670,223,1,17.2274871,0.101338159,,True,,
Kalutara,Western,2021,March,0.778982667,0.77279975,Healthy,100.75235,318.3,296.2,17.1,1295330,236,1,18.24565658,0.107327392,,False,,
Kalutara,Western,2021,April,0.793305733,0.787559833,Healthy,100.6852747,316.8,298.4,7.7,1295000,210,1,16.22249427,0.095426437,,False,,
Kalutara,Western,2021,May,0.808043587,0.796654737,Healthy,101.3449413,,,,1294670,196,1,15.21246491,0.089485088,,True,,
Kalutara,Western,2021,June,0.81275061,0.798704133,Healthy,101.6550933,,,,1294330,223,1,17.24532245,0.101443073,,True,,
Kalutara,Western,2021,July,0.812857683,0.795079743,Healthy,102.1040133,,,,1294000,249,1,19.27909928,0.113406466,,True,,
Kalutara,Western,2021,August,0.810073043,0.790280493,Healthy,102.3554633,,,,1293670,275,1,21.3139137,0.125375963,,True,,
Kalutara,Western,2021,September,0.8069878,0.79020558,Healthy,101.9975333,,,,1293330,315,1,24.36516212,0.143324483,,True,,
Kalutara,Western,2021,October,0.807445483,0.794738913,Healthy,101.504397,,,,1293000,341,2,26.40232899,0.155307818,,True,,
Kalutara,Western,2021,November,0.80880641,0.798227013,Healthy,101.2472503,,,,1292670,367,2,28.44053598,0.16729727,,True,,
Kalutara,Western,2021,December,0.805408943,0.796395437,Healthy,101.0649133,,,,1292330,354,2,27.43201776,0.16136481,,True,,
Kalutara,Western,2022,January,0.794062137,0.781934103,Healthy,101.4586103,314.8,300.0,6.6,1292000,671,3,51.95575021,0.260514989,,False,,
Kalutara,Western,2022,February,0.77993971,0.768329287,Healthy,101.418572,,,,1290920,633,3,49.11037165,0.246247776,,True,,
Kalutara,Western,2022,March,0.778483953,0.77279975,Healthy,100.6914667,,,,1289830,671,3,52.04316016,0.260953277,,True,,
Kalutara,Western,2022,April,0.79255767,0.787559833,Healthy,100.59661,,,,1288750,596,2,46.29935417,0.232152855,,True,,
Kalutara,Western,2022,May,0.800303183,0.796654737,Healthy,100.431088,,,,1287670,559,2,43.4420499,0.217825844,,True,,
Kalutara,Western,2022,June,0.79863332,0.798704133,Healthy,99.99166167,,,,1286580,633,3,49.2760349,0.24707844,,True,,
Kalutara,Western,2022,July,0.79564038,0.795079743,Healthy,100.06643,,,,1285500,708,3,55.11948468,0.276378493,,True,,
Kalutara,Western,2022,August,0.788730123,0.790280493,Healthy,99.81536467,,,,1284420,783,3,60.97276136,0.30572782,,True,,
Kalutara,Western,2022,September,0.787754483,0.79020558,Healthy,99.70817133,318.4,300.7,7.9,1283330,895,4,69.74234143,0.34969999,,False,,
Kalutara,Western,2022,October,0.79939998,0.794738913,Healthy,100.5513833,,,,1282250,969,4,75.61784021,0.379160742,,True,,
Kalutara,Western,2022,November,0.8013378,0.798227013,Healthy,100.366828,,,,1281170,1044,5,81.50324484,0.408671164,,True,,
Kalutara,Western,2022,December,0.796283947,0.796395437,Healthy,99.987065,,,,1280080,1006,5,78.65933684,0.394411325,,True,,
Kalutara,Western,2023,January,0.792133947,0.781934103,Healthy,101.22904,,,,1279000,754,5,58.99998093,0.39474437,,True,,
Kalutara,Western,2023,February,0.786577547,0.768329287,Healthy,102.22998,,,,1278000,712,4,55.76580531,0.373105844,,True,,
Kalutara,Western,2023,March,0.785824363,0.77279975,Healthy,101.5844283,,,,1277000,754,5,59.09238497,0.395362607,,True,,
Kalutara,Western,2023,April,0.792904467,0.787559833,Healthy,100.6383933,,,,1276000,670,4,52.56772944,0.351708846,,True,,
Kalutara,Western,2023,May,0.80722369,0.796654737,Healthy,101.2478087,,,,1275000,628,4,49.32089909,0.329985653,,True,,
Kalutara,Western,2023,June,0.816171787,0.798704133,Healthy,102.05819,,,,1274000,712,4,55.94089418,0.374277291,,True,,
Kalutara,Western,2023,July,0.808918587,0.795079743,Healthy,101.6369933,,,,1273000,796,5,62.57128989,0.418638515,,True,,
Kalutara,Western,2023,August,0.79537499,0.790280493,Healthy,100.606158,,,,1272000,880,5,69.21211075,0.463069489,,True,,
Kalutara,Western,2023,September,0.797050633,0.79020558,Healthy,100.8145717,,,,1271000,1006,6,79.16178926,0.529638656,,True,,
Kalutara,Western,2023,October,0.80343778,0.794738913,Healthy,101.02976,,,,1270000,1089,7,85.82613149,0.574227002,,True,,
Kalutara,Western,2023,November,0.8086032,0.798227013,Healthy,101.2232583,,,,1269000,1173,7,92.50097702,0.618885621,,True,,
Kalutara,Western,2023,December,0.808241,0.796395437,Healthy,101.3996013,,,,1268000,1131,7,89.26771563,0.597253212,,True,,
Kalutara,Western,2024,January,0.7965724,0.781934103,Healthy,101.7603333,,,,1267000,732,3,57.79159528,0.311856315,,True,,
Kalutara,Western,2024,February,0.780864713,0.768329287,Healthy,101.5314533,,,,1267000,691,3,54.5809511,0.294530964,,True,,
Kalutara,Western,2024,March,0.77685127,0.77279975,Healthy,100.4933,,,,1267000,732,3,57.79159528,0.311856315,,True,,
Kalutara,Western,2024,April,0.793414723,0.787559833,Healthy,100.697875,,,,1267000,650,3,51.37030692,0.277205613,,True,,
Kalutara,Western,2024,May,0.805771783,0.796654737,Healthy,101.0769367,,,,1267000,610,3,48.15966273,0.259880263,,True,,
Kalutara,Western,2024,June,0.806768587,0.798704133,Healthy,100.9502183,,,,1267000,691,3,54.5809511,0.294530964,,True,,
Kalutara,Western,2024,July,0.80398842,0.795079743,Healthy,101.0544133,,,,1267000,772,4,61.00223946,0.329181666,,True,,
Kalutara,Western,2024,August,0.803121767,0.790280493,Healthy,101.5283117,,,,1267000,854,4,67.42352783,0.363832368,,True,,
Kalutara,Western,2024,September,0.807369197,0.79020558,Healthy,102.042665,,,,1267000,976,5,77.05546037,0.41580842,,True,,
Kalutara,Western,2024,October,0.81208522,0.794738913,Healthy,102.0537683,,,,1267000,1057,5,83.47674874,0.450459122,,True,,
Kalutara,Western,2024,November,0.80859294,0.798227013,Healthy,101.2221487,,,,1267000,1139,6,89.8980371,0.485109823,,True,,
Kalutara,Western,2024,December,0.8011968,0.796395437,Healthy,100.5670967,,,,1267000,1098,5,86.68739292,0.467784473,,True,,
Kandy,Central,2014,January,0.798556083,0.798484953,Healthy,100.00814,,,,1404000,1275,16,90.84323536,1.193454242,,True,,
Kandy,Central,2014,February,0.77632052,0.783000233,Healthy,99.19655667,318.0,303.4,13.3,1405080,1204,15,85.73044245,1.126284856,,False,,
Kandy,Central,2014,March,0.756126633,0.772741913,Healthy,97.98003,318.05,303.6,18.9,1406170,1275,16,90.70304617,1.191612505,,False,,
Kandy,Central,2014,April,0.755449993,0.776686067,Healthy,97.43083333,325.0,308.1,10.8,1407250,1133,14,80.56305399,1.058398219,,False,,
Kandy,Central,2014,May,0.771733317,0.784525477,Healthy,98.466535,,,,1408330,1062,13,75.46994338,0.991487409,,True,,
Kandy,Central,2014,June,0.780501653,0.786501933,Healthy,99.28271,,,,1409420,1204,15,85.46645434,1.122816708,,True,,
Kandy,Central,2014,July,0.777654417,0.781882527,Healthy,99.49186667,,,,1410500,1346,17,95.44819199,1.253951923,,True,,
Kandy,Central,2014,August,0.774088867,0.7761414,Healthy,99.751688,312.2,293.3,29.2,1411580,1488,19,105.4146556,1.384886474,,False,,
Kandy,Central,2014,September,0.780906633,0.77577225,Healthy,100.6211213,314.6666667,294.7666667,14.03333333,1412670,1700,22,120.3809358,1.581506184,,False,,
Kandy,Central,2014,October,0.803099973,0.786720367,Healthy,101.956522,315.1,268.4,14.2,1413750,1842,24,130.3130549,1.711989534,,False,,
Kandy,Central,2014,November,0.817972223,0.801219763,Healthy,101.9683983,,,,1414830,1984,26,140.2300107,1.842273676,,True,,
Kandy,Central,2014,December,0.819220513,0.80611172,Healthy,101.53119,,,,1415920,1913,25,135.1176999,1.775110624,,True,,
Kandy,Central,2015,January,0.807945533,0.798484953,Healthy,101.1145667,,,,1417000,1223,15,86.32287381,1.068902009,,True,,
Kandy,Central,2015,February,0.793619967,0.783000233,Healthy,101.27569,,,,1418420,1155,14,81.44554063,1.008507921,,True,,
Kandy,Central,2015,March,0.787086647,0.772741913,Healthy,101.743637,332.5,301.25,28.5,1419830,1223,15,86.15081538,1.066771477,,False,,
Kandy,Central,2015,April,0.79225,0.776686067,Healthy,101.8828867,,,,1421250,1087,13,76.50199141,0.947293906,,True,,
Kandy,Central,2015,May,0.79464,0.784525477,Healthy,101.2123167,,,,1422670,1019,12,71.64903093,0.887201615,,True,,
Kandy,Central,2015,June,0.795756653,0.786501933,Healthy,101.1063967,,,,1424080,1155,14,81.12183567,1.00449961,,True,,
Kandy,Central,2015,July,0.79555163,0.781882527,Healthy,101.6435287,,,,1425500,1291,15,90.57526528,1.12155769,,True,,
Kandy,Central,2015,August,0.797248313,0.7761414,Healthy,102.55535,,,,1426920,1427,17,100.0098797,1.23838279,,True,,
Kandy,Central,2015,September,0.806760553,0.77577225,Healthy,103.752283,,,,1428330,1630,20,114.1841752,1.413897485,,True,,
Kandy,Central,2015,October,0.8194028,0.786720367,Healthy,103.9068233,,,,1429750,1766,21,123.5766671,1.530200999,,True,,
Kandy,Central,2015,November,0.828575527,0.801219763,Healthy,103.2143317,,,,1431170,1902,23,132.9505207,1.646273721,,True,,
Kandy,Central,2015,December,0.828923287,0.80611172,Healthy,102.664532,,,,1432580,1834,22,128.0761063,1.585915774,,True,,
Kandy,Central,2016,January,0.814223297,0.798484953,Healthy,101.8536503,,,,1434000,1122,13,78.27329319,0.959281559,,True,,
Kandy,Central,2016,February,0.79316939,0.783000233,Healthy,101.2207067,312.7,296.225,16.6,1435580,1060,12,73.84341526,0.904991008,,False,,
Kandy,Central,2016,March,0.783024433,0.772741913,Healthy,101.2497267,325.9,306.75,17.1,1437170,1122,13,78.10064393,0.957165649,,False,,
Kandy,Central,2016,April,0.787700567,0.776686067,Healthy,101.3317733,,,,1438750,997,12,69.34655619,0.849879567,,True,,
Kandy,Central,2016,May,0.8044272,0.784525477,Healthy,102.3843067,,,,1440330,935,11,64.94107973,0.79588807,,True,,
Kandy,Central,2016,June,0.806170007,0.786501933,Healthy,102.3510987,,,,1441920,1060,12,73.51873202,0.90101184,,True,,
Kandy,Central,2016,July,0.792381647,0.781882527,Healthy,101.26162,,,,1443500,1184,14,82.07805667,1.005910994,,True,,
Kandy,Central,2016,August,0.779078333,0.7761414,Healthy,100.3550187,318.2,296.1,14.1,1445080,1309,16,90.61866437,1.110580763,,False,,
Kandy,Central,2016,September,0.762806087,0.77577225,Healthy,98.43072333,322.5090909,296.7545455,31.21818182,1446670,1496,18,103.450363,1.267840172,,False,,
Kandy,Central,2016,October,0.763947223,0.786720367,Healthy,97.27788833,310.85,296.65,8.7,1448250,1621,19,111.94896,1.371995077,,False,,
Kandy,Central,2016,November,0.787904457,0.801219763,Healthy,98.43442333,,,,1449830,1746,21,120.4290338,1.475922969,,True,,
Kandy,Central,2016,December,0.801838867,0.80611172,Healthy,99.50092833,,,,1451420,1683,20,116.0007811,1.421652336,,True,,
Kandy,Central,2017,January,0.799895533,0.798484953,Healthy,100.1672967,315.6,298.6333333,8.6,1453000,1156,19,79.56121062,1.329461333,,False,,
Kandy,Central,2017,February,0.792492743,0.783000233,Healthy,101.140815,317.15,301.15,8.75,1454250,1091,18,75.07655582,1.254523118,,False,,
Kandy,Central,2017,March,0.787678327,0.772741913,Healthy,101.8155467,,,,1455500,1156,19,79.42455447,1.32717782,,True,,
Kandy,Central,2017,April,0.788184963,0.776686067,Healthy,101.39171,,,,1456750,1027,17,70.53902425,1.178701336,,True,,
Kandy,Central,2017,May,0.792323293,0.784525477,Healthy,100.934418,,,,1458000,963,16,66.07363913,1.104085115,,True,,
Kandy,Central,2017,June,0.7937361,0.786501933,Healthy,100.8648,,,,1459250,1091,18,74.81931218,1.250224598,,True,,
Kandy,Central,2017,July,0.786574397,0.781882527,Healthy,100.5637267,324.4333333,291.8,37.46666667,1460500,1220,20,83.55001489,1.396113927,,False,,
Kandy,Central,2017,August,0.784984413,0.7761414,Healthy,101.0710717,,,,1461750,1348,22,92.26578566,1.541753745,,True,,
Kandy,Central,2017,September,0.800647223,0.77577225,Healthy,103.011832,,,,1463000,1541,25,105.3565177,1.760498808,,True,,
Kandy,Central,2017,October,0.81206666,0.786720367,Healthy,103.0305233,,,,1464250,1669,27,114.0387917,1.905578899,,True,,
Kandy,Central,2017,November,0.81838164,0.801219763,Healthy,102.0170533,,,,1465500,1798,30,122.7062547,2.050411497,,True,,
Kandy,Central,2017,December,0.813315523,0.80611172,Healthy,100.8414097,,,,1466750,1734,28,118.22305,1.975497512,,True,,
Kandy,Central,2018,January,0.799345547,0.798484953,Healthy,100.1013533,,,,1468000,1191,15,81.17564963,1.071642188,,True,,
Kandy,Central,2018,February,0.78762112,0.783000233,Healthy,100.5556633,318.6,300.8,12.4,1468670,1125,14,76.63091672,1.011644793,,False,,
Kandy,Central,2018,March,0.781377203,0.772741913,Healthy,101.0496883,,,,1469330,1191,15,81.10217151,1.070672165,,True,,
Kandy,Central,2018,April,0.787118333,0.776686067,Healthy,101.2615667,,,,1470000,1059,13,72.0579614,0.951274819,,True,,
Kandy,Central,2018,May,0.799526623,0.784525477,Healthy,101.7973833,,,,1470670,993,13,67.52356276,0.891413852,,True,,
Kandy,Central,2018,June,0.801435533,0.786501933,Healthy,101.7852083,,,,1471330,1125,14,76.49237659,1.009815852,,True,,
Kandy,Central,2018,July,0.79347498,0.781882527,Healthy,101.3931333,,,,1472000,1257,16,85.45256716,1.128104012,,True,,
Kandy,Central,2018,August,0.782786643,0.7761414,Healthy,100.8043783,,,,1472670,1390,18,94.40460474,1.24628454,,True,,
Kandy,Central,2018,September,0.791350547,0.77577225,Healthy,101.8856647,313.2125,294.8625,13.3875,1473330,1588,20,107.8426455,1.423687141,,False,,
Kandy,Central,2018,October,0.811061093,0.786720367,Healthy,102.9098417,,,,1474000,1721,22,116.7764283,1.541626678,,True,,
Kandy,Central,2018,November,0.81589386,0.801219763,Healthy,101.7250967,,,,1474670,1853,24,125.7020931,1.659459046,,True,,
Kandy,Central,2018,December,0.811248313,0.80611172,Healthy,100.5999617,,,,1475330,1787,23,121.1585072,1.599476793,,True,,
Kandy,Central,2019,January,0.799898313,0.798484953,Healthy,100.1665717,,,,1476000,1189,15,80.56712274,1.031132263,,True,,
Kandy,Central,2019,February,0.784698333,0.783000233,Healthy,100.2036133,325.3,296.9,19.2,1476580,1123,14,76.0612829,0.97346461,,False,,
Kandy,Central,2019,March,0.76725942,0.772741913,Healthy,99.33308167,320.7857143,304.2142857,15.88571429,1477170,1189,15,80.50330915,1.030315549,,False,,
Kandy,Central,2019,April,0.762605533,0.776686067,Healthy,98.29695133,,,,1477750,1057,13,71.53041113,0.915476588,,True,,
Kandy,Central,2019,May,0.774206067,0.784525477,Healthy,98.76304667,314.2,297.5,6.7,1478330,990,12,67.03345057,0.857922577,,False,,
Kandy,Central,2019,June,0.781250543,0.786501933,Healthy,99.37225867,304.2,291.0,8.0,1478920,1123,14,75.94093602,0.97192436,,False,,
Kandy,Central,2019,July,0.78368995,0.781882527,Healthy,100.2180913,317.16,291.66,24.63,1479500,1255,16,84.84189066,1.085842558,,False,,
Kandy,Central,2019,August,0.789178323,0.7761414,Healthy,101.57847,,,,1480080,1387,17,93.73586925,1.199671475,,True,,
Kandy,Central,2019,September,0.79511167,0.77577225,Healthy,102.3417117,,,,1480670,1585,20,107.0840211,1.370506793,,True,,
Kandy,Central,2019,October,0.80811832,0.786720367,Healthy,102.5578217,,,,1481250,1717,21,115.9622654,1.484134335,,True,,
Kandy,Central,2019,November,0.817698317,0.801219763,Healthy,101.93658,,,,1481830,1849,23,124.8335597,1.597672928,,True,,
Kandy,Central,2019,December,0.818740567,0.80611172,Healthy,101.4751367,,,,1482420,1783,22,120.3273092,1.54000002,,True,,
Kandy,Central,2020,January,0.808107223,0.798484953,Healthy,101.133232,,,,1483000,716,9,48.28873575,0.60687795,,True,,
Kandy,Central,2020,February,0.784071647,0.783000233,Healthy,100.1269253,316.42,299.58,25.92,1484500,676,8,45.559946,0.572583361,,False,,
Kandy,Central,2020,March,0.76273108,0.772741913,Healthy,98.78277833,325.1375,302.2875,19.6375,1486000,716,9,48.1912484,0.605652759,,False,,
Kandy,Central,2020,April,0.766006097,0.776686067,Healthy,98.70696533,314.8,292.0,12.8,1487500,636,8,42.79346861,0.537815126,,False,,
Kandy,Central,2020,May,0.792566083,0.784525477,Healthy,100.9622567,,,,1489000,596,7,40.07846156,0.503693754,,True,,
Kandy,Central,2020,June,0.813548877,0.786501933,Healthy,103.2335217,,,,1490500,676,8,45.37654467,0.57027843,,True,,
Kandy,Central,2020,July,0.82138831,0.781882527,Healthy,104.749585,,,,1492000,755,9,50.6639748,0.636729223,,True,,
Kandy,Central,2020,August,0.81758388,0.7761414,Healthy,105.01625,,,,1493500,835,10,55.94078405,0.703046535,,True,,
Kandy,Central,2020,September,0.811027203,0.77577225,Healthy,104.2700133,,,,1495000,954,12,63.86817848,0.802675585,,True,,
Kandy,Central,2020,October,0.805752747,0.786720367,Healthy,102.2773867,315.25,297.4,10.85,1496500,1034,13,69.12117434,0.868693618,,False,,
Kandy,Central,2020,November,0.811092217,0.801219763,Healthy,101.16008,,,,1498000,1113,14,74.36365018,0.934579439,,True,,
Kandy,Central,2020,December,0.816726083,0.80611172,Healthy,101.2398567,,,,1499500,1074,13,71.63607381,0.9003001,,True,,
Kandy,Central,2021,January,0.81563553,0.798484953,Healthy,102.0223467,,,,1501000,405,7,27.02101038,0.502104288,,True,,
Kandy,Central,2021,February,0.8017461,0.783000233,Healthy,102.249988,,,,1500830,383,7,25.52273379,0.47426332,,True,,
Kandy,Central,2021,March,0.78634612,0.772741913,Healthy,101.653204,314.0333333,296.7666667,12.56666667,1500670,405,7,27.02695235,0.502214702,,False,,
Kandy,Central,2021,April,0.7861189,0.776686067,Healthy,101.141007,,,,1500500,360,6,24.02667945,0.446463645,,True,,
Kandy,Central,2021,May,0.797407767,0.784525477,Healthy,101.5433553,,,,1500330,337,6,22.52756426,0.418607093,,True,,
Kandy,Central,2021,June,0.806861667,0.786501933,Healthy,102.43402,,,,1500170,383,7,25.53396252,0.474471972,,True,,
Kandy,Central,2021,July,0.812281647,0.781882527,Healthy,103.6549367,,,,1500000,428,7,28.54119241,0.530352304,,True,,
Kandy,Central,2021,August,0.812282167,0.7761414,Healthy,104.3748233,,,,1499830,473,8,31.54910402,0.586245303,,True,,
Kandy,Central,2021,September,0.812702187,0.77577225,Healthy,104.4723567,310.5,293.275,9.9,1499670,540,10,36.05996571,0.670066114,,False,,
Kandy,Central,2021,October,0.8184433,0.786720367,Healthy,103.7927317,309.7666667,288.0,7.666666667,1499500,585,10,39.06939169,0.725987253,,False,,
Kandy,Central,2021,November,0.824424983,0.801219763,Healthy,102.727048,,,,1499330,630,11,42.07950012,0.781921074,,True,,
Kandy,Central,2021,December,0.82084219,0.80611172,Healthy,101.7205903,,,,1499170,608,11,40.5809914,0.754075792,,True,,
Kandy,Central,2022,January,0.807457207,0.798484953,Healthy,101.0569297,,,,1499000,853,14,56.94528059,0.951854082,,True,,
Kandy,Central,2022,February,0.79071664,0.783000233,Healthy,100.9265897,315.3,300.0,13.81666667,1497580,806,13,53.83264947,0.899825703,,False,,
Kandy,Central,2022,March,0.781823327,0.772741913,Healthy,101.1038997,,,,1496170,853,14,57.05299238,0.95365451,,True,,
Kandy,Central,2022,April,0.7904794,0.776686067,Healthy,101.6679333,,,,1494750,758,12,50.76194866,0.848498199,,True,,
Kandy,Central,2022,May,0.800070533,0.784525477,Healthy,101.8628317,,,,1493330,711,11,47.63457932,0.796223467,,True,,
Kandy,Central,2022,June,0.799307213,0.786501933,Healthy,101.5308167,,,,1491920,806,13,54.03687811,0.903239433,,True,,
Kandy,Central,2022,July,0.803018883,0.781882527,Healthy,102.5419827,,,,1490500,901,15,60.45169543,1.01046465,,True,,
Kandy,Central,2022,August,0.809121133,0.7761414,Healthy,103.992188,,,,1489080,995,16,66.8787472,1.117894369,,True,,
Kandy,Central,2022,September,0.808554997,0.77577225,Healthy,103.9700983,,,,1487670,1138,19,76.5052963,1.278804456,,True,,
Kandy,Central,2022,October,0.81626279,0.786720367,Healthy,103.531695,,,,1486250,1232,20,82.95992396,1.386695112,,True,,
Kandy,Central,2022,November,0.82018941,0.801219763,Healthy,102.2301367,,,,1484830,1327,22,89.42689725,1.494792128,,True,,
Kandy,Central,2022,December,0.8130572,0.80611172,Healthy,100.8112567,,,,1483420,1280,21,86.31504457,1.442776761,,True,,
Kandy,Central,2023,January,0.806874963,0.798484953,Healthy,100.9900713,,,,1482000,1039,15,70.15404365,1.05164412,,True,,
Kandy,Central,2023,February,0.79850722,0.783000233,Healthy,101.86225,,,,1481080,981,14,66.29775328,0.993836403,,True,,
Kandy,Central,2023,March,0.790447203,0.772741913,Healthy,102.152085,321.32,298.14,15.0,1480170,1039,15,70.24077821,1.052944314,,False,,
Kandy,Central,2023,April,0.796531667,0.776686067,Healthy,102.4003867,314.55,293.8,14.3,1479250,924,13,62.4750787,0.936532603,,False,,
Kandy,Central,2023,May,0.80601275,0.784525477,Healthy,102.5746953,,,,1478330,866,12,58.60683603,0.878545716,,True,,
Kandy,Central,2023,June,0.809986667,0.786501933,Healthy,102.8075033,310.3,290.0,9.95,1477420,981,14,66.46199214,0.996298425,,False,,
Kandy,Central,2023,July,0.800111087,0.781882527,Healthy,102.1903067,310.1,293.35,11.58333333,1476500,1097,16,74.3273342,1.114203827,,False,,
Kandy,Central,2023,August,0.783826093,0.7761414,Healthy,100.9300433,311.35,291.6375,13.3625,1475580,1212,18,82.20248408,1.232256254,,False,,
Kandy,Central,2023,September,0.787603873,0.77577225,Healthy,101.4324347,,,,1474670,1386,20,94.00366878,1.409161901,,True,,
Kandy,Central,2023,October,0.804477763,0.786720367,Healthy,102.1215897,,,,1473750,1501,22,101.9008806,1.527545046,,True,,
Kandy,Central,2023,November,0.819043887,0.801219763,Healthy,102.0942853,,,,1472830,1617,24,109.8079583,1.646076087,,True,,
Kandy,Central,2023,December,0.822517213,0.80611172,Healthy,101.916287,,,,1471920,1559,23,105.9517087,1.588268981,,True,,
Kandy,Central,2024,January,0.819406633,0.798484953,Healthy,102.4667153,,,,1471000,1137,12,77.35404818,0.850591103,,True,,
Kandy,Central,2024,February,0.804839993,0.783000233,Healthy,102.6213133,316.95,300.75,7.95,1471000,1074,11,73.05660106,0.803336042,,False,,
Kandy,Central,2024,March,0.787931633,0.772741913,Healthy,101.84581,322.6,302.9,13.3,1471000,1137,12,77.35404818,0.850591103,,False,,
Kandy,Central,2024,April,0.78392275,0.776686067,Healthy,100.875735,,,,1471000,1011,11,68.75915394,0.75608098,,True,,
Kandy,Central,2024,May,0.796706653,0.784525477,Healthy,101.4589287,,,,1471000,948,10,64.46170682,0.708825919,,True,,
Kandy,Central,2024,June,0.811553883,0.786501933,Healthy,102.99496,,,,1471000,1074,11,73.05660106,0.803336042,,True,,
Kandy,Central,2024,July,0.81496608,0.781882527,Healthy,103.977498,,,,1471000,1201,13,81.6514953,0.897846164,,True,,
Kandy,Central,2024,August,0.81698887,0.7761414,Healthy,104.9447567,,,,1471000,1327,14,90.24638955,0.992356287,,True,,
Kandy,Central,2024,September,0.823709447,0.77577225,Healthy,105.8049017,327.4333333,296.7,27.3,1471000,1517,16,103.1387309,1.13412147,,False,,
Kandy,Central,2024,October,0.829039413,0.786720367,Healthy,105.061028,,,,1471000,1643,18,111.7336252,1.228631593,,True,,
Kandy,Central,2024,November,0.8224427,0.801219763,Healthy,102.49533,,,,1471000,1770,19,120.3285194,1.323141715,,True,,
Kandy,Central,2024,December,0.81757611,0.80611172,Healthy,101.3391367,,,,1471000,1706,18,116.0310723,1.275886654,,True,,
Kegalle,Sabaragamuwa,2014,January,0.798783033,0.81093,Healthy,98.58797667,,,,856000,582,4,68.08468202,0.555618874,,True,,
Kegalle,Sabaragamuwa,2014,February,0.77939633,0.795398287,Healthy,98.10700667,315.9,305.2,4.6,856580,550,4,64.25865993,0.524395844,,False,,
Kegalle,Sabaragamuwa,2014,March,0.783666667,0.799070687,Healthy,98.18519967,324.9,306.3,23.7,857170,582,4,67.99174937,0.554860478,,False,,
Kegalle,Sabaragamuwa,2014,April,0.808177547,0.81710278,Healthy,98.96915133,,,,857750,518,4,60.39624372,0.492875812,,True,,
Kegalle,Sabaragamuwa,2014,May,0.82791028,0.831720327,Healthy,99.56781667,,,,858330,485,3,56.58321761,0.461758838,,True,,
Kegalle,Sabaragamuwa,2014,June,0.832130273,0.837332627,Healthy,99.413722,,,,858920,550,4,64.08359676,0.522967205,,True,,
Kegalle,Sabaragamuwa,2014,July,0.833459347,0.836162717,Healthy,99.6954,,,,859500,615,5,71.57451156,0.584098337,,True,,
Kegalle,Sabaragamuwa,2014,August,0.836499957,0.83049366,Healthy,100.6824713,,,,860080,679,5,79.05532327,0.64514702,,True,,
Kegalle,Sabaragamuwa,2014,September,0.835024837,0.82574345,Healthy,101.0598733,,,,860670,777,6,90.28700556,0.736805444,,True,,
Kegalle,Sabaragamuwa,2014,October,0.836308423,0.825089033,Healthy,101.282045,,,,861250,841,6,97.74505292,0.797668354,,True,,
Kegalle,Sabaragamuwa,2014,November,0.841360547,0.82791171,Healthy,101.5318633,,,,861830,906,7,105.193062,0.858449344,,True,,
Kegalle,Sabaragamuwa,2014,December,0.838635733,0.82684343,Healthy,101.3445467,,,,862420,874,7,101.3667722,0.82722413,,True,,
Kegalle,Sabaragamuwa,2015,January,0.817532667,0.81093,Healthy,100.7659983,,,,863000,624,6,72.41613204,0.720685075,,True,,
Kegalle,Sabaragamuwa,2015,February,0.801863003,0.795398287,Healthy,100.7649853,,,,863670,590,5,68.33995708,0.680118997,,True,,
Kegalle,Sabaragamuwa,2015,March,0.81011514,0.799070687,Healthy,101.3002963,,,,864330,624,6,72.30470069,0.71957611,,True,,
Kegalle,Sabaragamuwa,2015,April,0.828892733,0.81710278,Healthy,101.36016,,,,865000,555,5,64.22106302,0.639127779,,True,,
Kegalle,Sabaragamuwa,2015,May,0.83903513,0.831720327,Healthy,100.83011,,,,865670,520,5,60.16064816,0.598718545,,True,,
Kegalle,Sabaragamuwa,2015,June,0.842672077,0.837332627,Healthy,100.6017387,,,,866330,590,5,68.13012447,0.678030743,,True,,
Kegalle,Sabaragamuwa,2015,July,0.843477577,0.836162717,Healthy,100.8257113,,,,867000,659,6,76.08658959,0.757213454,,True,,
Kegalle,Sabaragamuwa,2015,August,0.842264827,0.83049366,Healthy,101.337122,,,,867670,729,7,84.03076701,0.836273878,,True,,
Kegalle,Sabaragamuwa,2015,September,0.844075777,0.82574345,Healthy,102.0936067,,,,868330,833,8,95.96216792,0.955015136,,True,,
Kegalle,Sabaragamuwa,2015,October,0.847885447,0.825089033,Healthy,102.6050633,,,,869000,902,8,103.8788627,1.033802053,,True,,
Kegalle,Sabaragamuwa,2015,November,0.847666033,0.82791171,Healthy,102.2502433,,,,869670,972,9,111.7833594,1.112467574,,True,,
Kegalle,Sabaragamuwa,2015,December,0.844605407,0.82684343,Healthy,102.0256233,,,,870330,937,9,107.709355,1.071923097,,True,,
Kegalle,Sabaragamuwa,2016,January,0.827198147,0.81093,Healthy,101.8891933,,,,871000,586,5,67.29859147,0.61325642,,True,,
Kegalle,Sabaragamuwa,2016,February,0.809629077,0.795398287,Healthy,101.6832763,,,,871670,553,5,63.51092627,0.578741433,,True,,
Kegalle,Sabaragamuwa,2016,March,0.81326422,0.799070687,Healthy,101.67173,,,,872330,586,5,67.19598451,0.612321417,,True,,
Kegalle,Sabaragamuwa,2016,April,0.83189638,0.81710278,Healthy,101.7057703,,,,873000,521,4,59.6839233,0.543867982,,True,,
Kegalle,Sabaragamuwa,2016,May,0.848149067,0.831720327,Healthy,101.8634333,,,,873670,488,4,55.91076834,0.509485219,,True,,
Kegalle,Sabaragamuwa,2016,June,0.844701813,0.837332627,Healthy,100.830582,,,,874330,553,5,63.31770511,0.576980711,,True,,
Kegalle,Sabaragamuwa,2016,July,0.83301149,0.836162717,Healthy,99.64434,,,,875000,618,5,70.7126597,0.644367015,,True,,
Kegalle,Sabaragamuwa,2016,August,0.82986362,0.83049366,Healthy,99.92859167,,,,875670,683,6,78.09629811,0.711650201,,True,,
Kegalle,Sabaragamuwa,2016,September,0.822962387,0.82574345,Healthy,99.682232,,,,876330,781,7,89.1856921,0.812701975,,True,,
Kegalle,Sabaragamuwa,2016,October,0.817579353,0.825089033,Healthy,99.14185,,,,877000,846,7,96.54402017,0.879754522,,True,,
Kegalle,Sabaragamuwa,2016,November,0.821716333,0.82791171,Healthy,99.29425167,,,,877670,911,8,103.8911138,0.946704694,,True,,
Kegalle,Sabaragamuwa,2016,December,0.822731477,0.82684343,Healthy,99.53121667,,,,878330,879,8,100.1054385,0.91220784,,True,,
Kegalle,Sabaragamuwa,2017,January,0.811696347,0.81093,Healthy,100.090593,315.9,301.2,9.0,879000,568,8,64.67160576,0.957296262,,False,,
Kegalle,Sabaragamuwa,2017,February,0.801303017,0.795398287,Healthy,100.6985633,,,,879420,536,7,61.04956833,0.903681344,,True,,
Kegalle,Sabaragamuwa,2017,March,0.803285447,0.799070687,Healthy,100.4969547,,,,879830,568,8,64.61059689,0.956393183,,True,,
Kegalle,Sabaragamuwa,2017,April,0.820241817,0.81710278,Healthy,100.36152,,,,880250,505,7,57.40423891,0.849721647,,True,,
Kegalle,Sabaragamuwa,2017,May,0.840798193,0.831720327,Healthy,101.0288707,,,,880670,473,7,53.79080838,0.796234131,,True,,
Kegalle,Sabaragamuwa,2017,June,0.850103577,0.837332627,Healthy,101.4392483,,,,881080,536,7,60.93454781,0.901978761,,True,,
Kegalle,Sabaragamuwa,2017,July,0.843009077,0.836162717,Healthy,100.7722067,,,,881500,600,8,68.07086959,1.007613593,,True,,
Kegalle,Sabaragamuwa,2017,August,0.834379373,0.83049366,Healthy,100.441482,,,,881920,663,9,75.20039426,1.113147811,,True,,
Kegalle,Sabaragamuwa,2017,September,0.836806683,0.82574345,Healthy,101.2635467,,,,882330,757,11,85.9033717,1.271577776,,True,,
Kegalle,Sabaragamuwa,2017,October,0.841184867,0.825089033,Healthy,101.8392913,,,,882750,821,12,93.01770843,1.376887176,,True,,
Kegalle,Sabaragamuwa,2017,November,0.843024183,0.82791171,Healthy,101.721545,,,,883170,884,13,100.1252786,1.482096413,,True,,
Kegalle,Sabaragamuwa,2017,December,0.834305433,0.82684343,Healthy,100.8504233,,,,883580,852,12,96.50457479,1.428501236,,True,,
Kegalle,Sabaragamuwa,2018,January,0.812929683,0.81093,Healthy,100.2324467,311.0,298.8,4.6,884000,593,10,67.17801567,1.142258029,,False,,
Kegalle,Sabaragamuwa,2018,February,0.803373933,0.795398287,Healthy,100.9440133,,,,884250,560,9,63.42796592,1.078494246,,True,,
Kegalle,Sabaragamuwa,2018,March,0.812706037,0.799070687,Healthy,101.6055167,,,,884500,593,10,67.14004054,1.141612321,,True,,
Kegalle,Sabaragamuwa,2018,April,0.832735137,0.81710278,Healthy,101.8026617,,,,884750,527,8,59.6631725,1.014479769,,True,,
Kegalle,Sabaragamuwa,2018,May,0.846055117,0.831720327,Healthy,101.6262567,,,,885000,494,8,55.91842359,0.950806118,,True,,
Kegalle,Sabaragamuwa,2018,June,0.846101787,0.837332627,Healthy,100.9883017,,,,885250,560,9,63.35631614,1.077275952,,True,,
Kegalle,Sabaragamuwa,2018,July,0.837299373,0.836162717,Healthy,100.1278667,,,,885500,626,10,70.79000886,1.203674374,,True,,
Kegalle,Sabaragamuwa,2018,August,0.823602443,0.83049366,Healthy,99.21705867,,,,885750,692,11,78.21950531,1.330001446,,True,,
Kegalle,Sabaragamuwa,2018,September,0.8213363,0.82574345,Healthy,99.497075,,,,886000,791,13,89.36849639,1.519572758,,True,,
Kegalle,Sabaragamuwa,2018,October,0.830644233,0.825089033,Healthy,100.63471,,,,886250,857,14,96.78856055,1.645739448,,True,,
Kegalle,Sabaragamuwa,2018,November,0.834694517,0.82791171,Healthy,100.7726733,,,,886500,923,15,104.2044397,1.771834977,,True,,
Kegalle,Sabaragamuwa,2018,December,0.8295612,0.82684343,Healthy,100.3096817,,,,886750,890,15,100.4545236,1.708073466,,True,,
Kegalle,Sabaragamuwa,2019,January,0.81196906,0.81093,Healthy,100.12086,301.6,283.3,6.6,887000,639,8,72.0983309,0.948662249,,False,,
Kegalle,Sabaragamuwa,2019,February,0.798086033,0.795398287,Healthy,100.3179983,,,,887330,603,7,68.06754419,0.895625581,,True,,
Kegalle,Sabaragamuwa,2019,March,0.798899373,0.799070687,Healthy,99.98077067,,,,887670,639,8,72.04391217,0.947946213,,True,,
Kegalle,Sabaragamuwa,2019,April,0.81157454,0.81710278,Healthy,99.3628,,,,888000,568,7,64.01523475,0.84230572,,True,,
Kegalle,Sabaragamuwa,2019,May,0.828663587,0.831720327,Healthy,99.652722,,,,888330,532,7,59.99198826,0.789368267,,True,,
Kegalle,Sabaragamuwa,2019,June,0.839578133,0.837332627,Healthy,100.2530333,,,,888670,603,7,67.96490709,0.894275093,,True,,
Kegalle,Sabaragamuwa,2019,July,0.84141392,0.836162717,Healthy,100.5929133,,,,889000,675,8,75.9325816,0.999112916,,True,,
Kegalle,Sabaragamuwa,2019,August,0.843825467,0.83049366,Healthy,101.514593,,,,889330,746,9,83.89434304,1.103872935,,True,,
Kegalle,Sabaragamuwa,2019,September,0.845146047,0.82574345,Healthy,102.21561,,,,889670,852,11,95.84260758,1.261086942,,True,,
Kegalle,Sabaragamuwa,2019,October,0.840508443,0.825089033,Healthy,101.7621767,,,,890000,923,12,103.790993,1.36567096,,True,,
Kegalle,Sabaragamuwa,2019,November,0.838867233,0.82791171,Healthy,101.2479267,,,,890330,994,13,111.7334862,1.47017745,,True,,
Kegalle,Sabaragamuwa,2019,December,0.83955576,0.82684343,Healthy,101.4499867,,,,890670,959,12,107.7018753,1.417129938,,True,,
Kegalle,Sabaragamuwa,2020,January,0.820648433,0.81093,Healthy,101.1267467,313.5,298.3,8.9,891000,333,3,37.40658619,0.385973557,,False,,
Kegalle,Sabaragamuwa,2020,February,0.791806633,0.795398287,Healthy,99.57413867,311.1,299.8,6.0,891580,314,3,35.30546028,0.364293443,,False,,
Kegalle,Sabaragamuwa,2020,March,0.78443452,0.799070687,Healthy,98.276982,321.05,298.4,11.5,892170,333,3,37.35753084,0.385467387,,False,,
Kegalle,Sabaragamuwa,2020,April,0.807265417,0.81710278,Healthy,98.86271133,,,,892750,296,3,33.18512043,0.342415074,,True,,
Kegalle,Sabaragamuwa,2020,May,0.839034533,0.831720327,Healthy,100.82795,,,,893330,277,2,31.09085136,0.320805711,,True,,
Kegalle,Sabaragamuwa,2020,June,0.85543998,0.837332627,Healthy,102.0406033,,,,893920,314,3,35.21304174,0.363339838,,True,,
Kegalle,Sabaragamuwa,2020,July,0.855154517,0.836162717,Healthy,102.1430833,,,,894500,351,3,39.330234,0.405822392,,True,,
Kegalle,Sabaragamuwa,2020,August,0.844572753,0.83049366,Healthy,101.59868,,,,895080,388,4,43.44209047,0.448249891,,True,,
Kegalle,Sabaragamuwa,2020,September,0.83723148,0.82574345,Healthy,101.3118117,,,,895670,444,4,49.61539896,0.511948134,,True,,
Kegalle,Sabaragamuwa,2020,October,0.837417517,0.825089033,Healthy,101.4087933,,,,896250,481,4,53.71523171,0.554251568,,True,,
Kegalle,Sabaragamuwa,2020,November,0.8420533,0.82791171,Healthy,101.610812,,,,896830,518,5,57.80976155,0.596500284,,True,,
Kegalle,Sabaragamuwa,2020,December,0.839283033,0.82684343,Healthy,101.4185603,,,,897420,499,5,55.70847813,0.574818545,,True,,
Kegalle,Sabaragamuwa,2021,January,0.824683,0.81093,Healthy,101.5979933,,,,898000,174,3,19.42528111,0.382964854,,True,,
Kegalle,Sabaragamuwa,2021,February,0.805998167,0.795398287,Healthy,101.2533783,,,,898000,164,3,18.34609883,0.361689029,,True,,
Kegalle,Sabaragamuwa,2021,March,0.803779413,0.799070687,Healthy,100.5553337,,,,898000,174,3,19.42528111,0.382964854,,True,,
Kegalle,Sabaragamuwa,2021,April,0.819266633,0.81710278,Healthy,100.2493333,,,,898000,155,3,17.26691654,0.340413204,,True,,
Kegalle,Sabaragamuwa,2021,May,0.836186633,0.831720327,Healthy,100.5062483,,,,898000,145,2,16.18773426,0.319137378,,True,,
Kegalle,Sabaragamuwa,2021,June,0.846928453,0.837332627,Healthy,101.0813853,,,,898000,164,3,18.34609883,0.361689029,,True,,
Kegalle,Sabaragamuwa,2021,July,0.84976848,0.836162717,Healthy,101.535585,,,,898000,184,3,20.5044634,0.404240679,,True,,
Kegalle,Sabaragamuwa,2021,August,0.8471285,0.83049366,Healthy,101.8893553,,,,898000,203,4,22.66282796,0.44679233,,True,,
Kegalle,Sabaragamuwa,2021,September,0.842503623,0.82574345,Healthy,101.9137867,,,,898000,232,4,25.90037482,0.510619806,,True,,
Kegalle,Sabaragamuwa,2021,October,0.84016786,0.825089033,Healthy,101.7231647,,,,898000,251,4,28.05873938,0.553171456,,True,,
Kegalle,Sabaragamuwa,2021,November,0.839404847,0.82791171,Healthy,101.3092517,,,,898000,271,5,30.21710395,0.595723106,,True,,
Kegalle,Sabaragamuwa,2021,December,0.8350357,0.82684343,Healthy,100.9341433,,,,898000,261,5,29.13792167,0.574447281,,True,,
Kegalle,Sabaragamuwa,2022,January,0.819520533,0.81093,Healthy,100.9985513,,,,898000,366,6,40.78168287,0.774077897,,True,,
Kegalle,Sabaragamuwa,2022,February,0.80787089,0.795398287,Healthy,101.4755953,,,,897500,345,6,38.53749122,0.731480852,,True,,
Kegalle,Sabaragamuwa,2022,March,0.811903617,0.799070687,Healthy,101.511605,,,,897000,366,6,40.8271474,0.77494086,,True,,
Kegalle,Sabaragamuwa,2022,April,0.82979028,0.81710278,Healthy,101.4631803,,,,896500,325,6,36.31103796,0.689220501,,True,,
Kegalle,Sabaragamuwa,2022,May,0.842498767,0.831720327,Healthy,101.2229433,,,,896000,305,5,34.06059451,0.646504791,,True,,
Kegalle,Sabaragamuwa,2022,June,0.840447883,0.837332627,Healthy,100.35113,,,,895500,345,6,38.62356044,0.733114534,,True,,
Kegalle,Sabaragamuwa,2022,July,0.835996333,0.836162717,Healthy,99.98140333,,,,895000,386,7,43.19162465,0.819821047,,True,,
Kegalle,Sabaragamuwa,2022,August,0.833618767,0.83049366,Healthy,100.355,,,,894500,427,8,47.7647957,0.906624494,,True,,
Kegalle,Sabaragamuwa,2022,September,0.8303921,0.82574345,Healthy,100.5308967,,,,894000,488,9,54.61886834,1.036721777,,True,,
Kegalle,Sabaragamuwa,2022,October,0.831607287,0.825089033,Healthy,100.7448753,,,,893500,528,10,59.2035523,1.12374375,,True,,
Kegalle,Sabaragamuwa,2022,November,0.829298747,0.82791171,Healthy,100.15821,,,,893000,569,10,63.7933703,1.210863172,,True,,
Kegalle,Sabaragamuwa,2022,December,0.82526,0.82684343,Healthy,99.81966467,,,,892500,549,10,61.54949785,1.168272187,,True,,
Kegalle,Sabaragamuwa,2023,January,0.820992097,0.81093,Healthy,101.17229,,,,892000,446,6,50.04648365,0.721863721,,True,,
Kegalle,Sabaragamuwa,2023,February,0.815294513,0.795398287,Healthy,102.3536133,,,,891500,421,6,47.29263277,0.682142548,,True,,
Kegalle,Sabaragamuwa,2023,March,0.816512683,0.799070687,Healthy,102.0550487,,,,891000,446,6,50.10265254,0.722673893,,True,,
Kegalle,Sabaragamuwa,2023,April,0.831696333,0.81710278,Healthy,101.6829287,,,,890500,396,5,44.56069715,0.642737477,,True,,
Kegalle,Sabaragamuwa,2023,May,0.847487247,0.831720327,Healthy,101.7881033,,,,890000,372,5,41.79912305,0.602904905,,True,,
Kegalle,Sabaragamuwa,2023,June,0.853595713,0.837332627,Healthy,101.8328087,,,,889500,421,6,47.39896809,0.683676314,,True,,
Kegalle,Sabaragamuwa,2023,July,0.842470867,0.836162717,Healthy,100.71112,,,,889000,471,6,53.00511217,0.764538579,,True,,
Kegalle,Sabaragamuwa,2023,August,0.82477453,0.83049366,Healthy,99.35018,,,,888500,520,7,58.61756592,0.845491854,,True,,
Kegalle,Sabaragamuwa,2023,September,0.824047223,0.82574345,Healthy,99.80665833,,,,888000,595,8,67.02922435,0.966820479,,True,,
Kegalle,Sabaragamuwa,2023,October,0.834453927,0.825089033,Healthy,101.069986,,,,887500,644,9,72.6559029,1.04797893,,True,,
Kegalle,Sabaragamuwa,2023,November,0.84457393,0.82791171,Healthy,101.8978253,,,,887000,694,10,78.28892494,1.12922888,,True,,
Kegalle,Sabaragamuwa,2023,December,0.844903003,0.82684343,Healthy,102.0595933,,,,886500,669,9,75.53547109,1.089513433,,True,,
Kegalle,Sabaragamuwa,2024,January,0.830584247,0.81093,Healthy,102.283692,,,,886000,493,7,55.71216209,0.900181688,,True,,
Kegalle,Sabaragamuwa,2024,February,0.815360557,0.795398287,Healthy,102.361112,314.45,299.05,7.5,886000,466,7,52.61704197,0.850171594,,False,,
Kegalle,Sabaragamuwa,2024,March,0.812592707,0.799070687,Healthy,101.5938633,,,,886000,493,7,55.71216209,0.900181688,,True,,
Kegalle,Sabaragamuwa,2024,April,0.82494965,0.81710278,Healthy,100.9051883,,,,886000,438,7,49.52192186,0.8001615,,True,,
Kegalle,Sabaragamuwa,2024,May,0.8416788,0.831720327,Healthy,101.129062,,,,886000,411,6,46.42680174,0.750151407,,True,,
Kegalle,Sabaragamuwa,2024,June,0.8494127,0.837332627,Healthy,101.3613933,,,,886000,466,7,52.61704197,0.850171594,,True,,
Kegalle,Sabaragamuwa,2024,July,0.846467253,0.836162717,Healthy,101.16295,,,,886000,521,8,58.8072822,0.950191782,,True,,
Kegalle,Sabaragamuwa,2024,August,0.847067247,0.83049366,Healthy,101.882778,,,,886000,575,9,64.99752244,1.050211969,,True,,
Kegalle,Sabaragamuwa,2024,September,0.849573333,0.82574345,Healthy,102.7212433,,,,886000,658,10,74.28288278,1.200242251,,True,,
Kegalle,Sabaragamuwa,2024,October,0.84587692,0.825089033,Healthy,102.3757067,,,,886000,712,11,80.47312302,1.300262438,,True,,
Kegalle,Sabaragamuwa,2024,November,0.836074553,0.82791171,Healthy,100.9301433,,,,886000,767,12,86.66336325,1.400282626,,True,,
Kegalle,Sabaragamuwa,2024,December,0.82912181,0.82684343,Healthy,100.2599363,,,,886000,740,11,83.56824313,1.350272532,,True,,
Kilinochchi,Northern,2014,January,0.69139995,0.680625467,Healthy,101.4748967,,,,118000,67,0,57.04836709,0.310045473,,True,,
Kilinochchi,Northern,2014,February,0.624917847,0.62443539,Degraded,100.0535333,319.6,297.0,19.7,118080,63,0,53.84250997,0.292622337,,False,,
Kilinochchi,Northern,2014,March,0.5579935,0.58135265,Degraded,96.28377,324.3,307.125,16.05,118170,67,0,56.966297,0.30959944,,False,,
Kilinochchi,Northern,2014,April,0.5206764,0.564159417,Degraded,92.91865,319.4666667,293.4666667,16.26666667,118250,59,0,50.60245106,0.275013321,,False,,
Kilinochchi,Northern,2014,May,0.511551983,0.560338687,Degraded,92.005925,319.8,297.25,7.4,118330,56,0,47.40772499,0.257650679,,False,,
Kilinochchi,Northern,2014,June,0.489398367,0.551365647,Degraded,89.691245,328.9666667,303.3666667,13.0,118420,63,0,53.68792077,0.291782178,,False,,
Kilinochchi,Northern,2014,July,0.471366657,0.540398583,Degraded,88.30968667,317.2,290.7,7.7,118500,71,0,59.96363761,0.325889335,,False,,
Kilinochchi,Northern,2014,August,0.48271218,0.5262446,Degraded,92.45485667,329.2,296.9,19.8,118580,78,0,66.23088663,0.359950471,,False,,
Kilinochchi,Northern,2014,September,0.524420317,0.52585062,Degraded,99.73683833,323.3,300.4,15.5,118670,89,0,75.63503629,0.41105998,,False,,
Kilinochchi,Northern,2014,October,0.59864388,0.566457907,Degraded,105.19942,,,,118750,97,0,81.88275567,0.445014976,,True,,
Kilinochchi,Northern,2014,November,0.682698347,0.643287883,Degraded,105.693845,,,,118830,104,0,88.12206274,0.478924254,,True,,
Kilinochchi,Northern,2014,December,0.7232992,0.693480157,Healthy,104.015468,,,,118920,100,0,84.91053629,0.461470306,,True,,
Kilinochchi,Northern,2015,January,0.687130857,0.680625467,Healthy,100.8712247,,,,119000,113,0,95.12195122,0.430416069,,True,,
Kilinochchi,Northern,2015,February,0.610434123,0.62443539,Degraded,97.918055,320.35,306.45,7.3,119080,106,0,89.77704406,0.406230969,,False,,
Kilinochchi,Northern,2015,March,0.575573167,0.58135265,Degraded,99.09602333,313.8,293.1,4.5,119170,113,0,94.98625657,0.429802066,,False,,
Kilinochchi,Northern,2015,April,0.5857642,0.564159417,Degraded,103.5213067,319.2,303.3,16.8,119250,100,0,84.37558589,0.381789981,,False,,
Kilinochchi,Northern,2015,May,0.60942032,0.560338687,Degraded,108.0437233,,,,119330,94,0,79.04908095,0.357688149,,True,,
Kilinochchi,Northern,2015,June,0.604107303,0.551365647,Degraded,108.7668367,318.0,300.95,7.3,119420,106,0,89.52144035,0.405074391,,False,,
Kilinochchi,Northern,2015,July,0.568343877,0.540398583,Degraded,104.7268633,324.8,297.7,23.0,119500,119,0,99.98639317,0.452427118,,False,,
Kilinochchi,Northern,2015,August,0.5450081,0.5262446,Degraded,103.2578247,322.55,285.9,31.85,119580,132,0,110.4373437,0.499716487,,False,,
Kilinochchi,Northern,2015,September,0.556700807,0.52585062,Degraded,105.3531983,320.875,298.6,8.125,119670,150,0,126.1191855,0.570675047,,False,,
Kilinochchi,Northern,2015,October,0.607612987,0.566457907,Degraded,106.6722133,,,,119750,163,0,136.5378414,0.617818287,,True,,
Kilinochchi,Northern,2015,November,0.689053633,0.643287883,Degraded,106.606992,,,,119830,176,0,146.942586,0.664898579,,True,,
Kilinochchi,Northern,2015,December,0.73323331,0.693480157,Healthy,105.3512317,,,,119920,169,0,141.5882946,0.640671016,,True,,
Kilinochchi,Northern,2016,January,0.689671517,0.680625467,Healthy,101.2121933,,,,120000,131,0,109.3292683,0.548780488,,True,,
Kilinochchi,Northern,2016,February,0.60091299,0.62443539,Degraded,96.49121133,316.2,300.5333333,8.8,120170,123,0,103.1093485,0.517559474,,False,,
Kilinochchi,Northern,2016,March,0.543009743,0.58135265,Degraded,93.92003833,326.7571429,303.7714286,28.4,120330,131,0,109.0294373,0.54727548,,False,,
Kilinochchi,Northern,2016,April,0.526601613,0.564159417,Degraded,93.886195,320.9,300.775,17.925,120500,116,0,96.77832878,0.485780791,,False,,
Kilinochchi,Northern,2016,May,0.55249106,0.560338687,Degraded,98.71830667,314.5,294.9,7.5,120670,109,0,90.60186317,0.454777897,,False,,
Kilinochchi,Northern,2016,June,0.585391067,0.551365647,Degraded,105.6661867,,,,120830,123,0,102.5461426,0.51473245,,True,,
Kilinochchi,Northern,2016,July,0.590998367,0.540398583,Degraded,108.5725753,320.1,299.2,8.1,121000,138,0,114.4493718,0.574480951,,False,,
Kilinochchi,Northern,2016,August,0.571951197,0.5262446,Degraded,107.9266293,319.75,292.5,12.45,121170,153,0,126.3192008,0.6340618,,False,,
Kilinochchi,Northern,2016,September,0.534454473,0.52585062,Degraded,101.511008,321.9,302.24,14.28,121330,174,0,144.1744245,0.723686459,,False,,
Kilinochchi,Northern,2016,October,0.527547967,0.566457907,Degraded,93.73371333,319.6,301.25,9.125,121500,189,0,155.9704239,0.782896718,,False,,
Kilinochchi,Northern,2016,November,0.592151223,0.643287883,Degraded,92.59843333,,,,121670,204,1,167.73346,0.841941517,,True,,
Kilinochchi,Northern,2016,December,0.67493818,0.693480157,Healthy,97.49324333,,,,121830,196,0,161.5305614,0.810805941,,True,,
Kilinochchi,Northern,2017,January,0.699051217,0.680625467,Healthy,102.5378047,,,,122000,130,0,107.2970812,0.479808077,,True,,
Kilinochchi,Northern,2017,February,0.648839,0.62443539,Degraded,103.6125083,308.3,294.9,7.2,122330,123,0,101.0627657,0.45192964,,False,,
Kilinochchi,Northern,2017,March,0.590739807,0.58135265,Degraded,101.474098,,,,122670,130,0,106.7110451,0.477187457,,True,,
Kilinochchi,Northern,2017,April,0.546069883,0.564159417,Degraded,97.05127167,,,,123000,116,0,94.59977527,0.423028621,,True,,
Kilinochchi,Northern,2017,May,0.524365033,0.560338687,Degraded,94.10537467,323.4666667,301.9666667,10.9,123330,109,0,88.44998448,0.395528159,,False,,
Kilinochchi,Northern,2017,June,0.516751197,0.551365647,Degraded,94.245395,321.3375,296.1125,12.5875,123670,123,0,99.9677216,0.447032852,,False,,
Kilinochchi,Northern,2017,July,0.511355283,0.540398583,Degraded,95.08344867,327.9666667,300.1333333,14.25,124000,138,0,111.4312877,0.498295306,,False,,
Kilinochchi,Northern,2017,August,0.515849577,0.5262446,Degraded,98.20194833,322.9333333,297.45,12.68333333,124330,152,0,122.834,0.549285634,,False,,
Kilinochchi,Northern,2017,September,0.5339016,0.52585062,Degraded,101.3950887,316.35,299.9,8.7,124670,174,0,139.9988653,0.626042997,,False,,
Kilinochchi,Northern,2017,October,0.576605657,0.566457907,Degraded,101.64705,,,,125000,189,0,151.2650407,0.676422764,,True,,
Kilinochchi,Northern,2017,November,0.66030406,0.643287883,Degraded,102.447517,,,,125330,203,0,162.4718872,0.726537226,,True,,
Kilinochchi,Northern,2017,December,0.705217057,0.693480157,Healthy,101.5847833,311.9,294.5,5.4,125670,196,0,156.2454512,0.698694024,,False,,
Kilinochchi,Northern,2018,January,0.658112177,0.680625467,Healthy,96.89177167,319.3,301.2,9.166666667,126000,126,0,100.0,0.174216028,,False,,
Kilinochchi,Northern,2018,February,0.572560147,0.62443539,Degraded,92.29154167,321.3,307.4,6.95,126250,119,0,94.25742574,0.164211543,,False,,
Kilinochchi,Northern,2018,March,0.528917053,0.58135265,Degraded,91.69952467,329.14,309.54,19.4,126500,126,0,99.60474308,0.173527427,,False,,
Kilinochchi,Northern,2018,April,0.52921221,0.564159417,Degraded,94.312422,332.6727273,308.9545455,18.16363636,126750,112,0,88.36291913,0.153942368,,False,,
Kilinochchi,Northern,2018,May,0.554573967,0.560338687,Degraded,99.05787,,,,127000,105,0,82.67716535,0.144036873,,True,,
Kilinochchi,Northern,2018,June,0.546074773,0.551365647,Degraded,99.114758,321.55,294.45,8.65,127250,119,0,93.51669941,0.162921079,,False,,
Kilinochchi,Northern,2018,July,0.511352867,0.540398583,Degraded,95.07468367,322.325,299.0,11.55,127500,133,0,104.3137255,0.181731229,,False,,
Kilinochchi,Northern,2018,August,0.478943887,0.5262446,Degraded,91.78693167,325.7714286,293.2428571,18.4,127750,147,0,115.0684932,0.200467758,,False,,
Kilinochchi,Northern,2018,September,0.480069093,0.52585062,Degraded,92.04043,328.1333333,303.2666667,16.61666667,128000,168,0,131.25,0.228658537,,False,,
Kilinochchi,Northern,2018,October,0.557598353,0.566457907,Degraded,98.50918833,310.1,291.1,7.4,128250,182,0,141.9103314,0.247230542,,False,,
Kilinochchi,Northern,2018,November,0.662938187,0.643287883,Degraded,102.8218547,,,,128500,196,0,152.5291829,0.265730284,,True,,
Kilinochchi,Northern,2018,December,0.707305663,0.693480157,Healthy,101.86589,,,,128750,189,0,146.7961165,0.255742363,,True,,
Kilinochchi,Northern,2019,January,0.663199973,0.680625467,Healthy,97.591785,313.6,298.5,6.2,129000,139,0,108.2813386,0.22688599,,False,,
Kilinochchi,Northern,2019,February,0.58218211,0.62443539,Degraded,93.71882167,324.0,304.2,10.1,129080,131,0,102.2023274,0.214148407,,False,,
Kilinochchi,Northern,2019,March,0.525002433,0.58135265,Degraded,91.06376667,325.3666667,307.2666667,15.74444444,129170,139,0,108.1388301,0.226587386,,False,,
Kilinochchi,Northern,2019,April,0.49795608,0.564159417,Degraded,89.22026833,323.6375,302.0,30.2125,129250,124,0,96.06390841,0.201286346,,False,,
Kilinochchi,Northern,2019,May,0.503379657,0.560338687,Degraded,90.66962167,321.7666667,296.5333333,17.06666667,129330,116,0,90.00420554,0.188589221,,False,,
Kilinochchi,Northern,2019,June,0.522017873,0.551365647,Degraded,95.12632,321.9,292.2,15.16666667,129420,131,0,101.9338311,0.213585817,,False,,
Kilinochchi,Northern,2019,July,0.52268535,0.540398583,Degraded,97.00033,320.55,295.35,10.2,129500,147,0,113.8556675,0.238566092,,False,,
Kilinochchi,Northern,2019,August,0.51264063,0.5262446,Degraded,97.64123067,325.425,293.875,12.875,129580,162,0,125.7627833,0.263515523,,False,,
Kilinochchi,Northern,2019,September,0.52607638,0.52585062,Degraded,100.031572,325.2307692,295.5461538,13.05384615,129670,186,0,143.6291374,0.300951571,,False,,
Kilinochchi,Northern,2019,October,0.595599167,0.566457907,Degraded,104.68864,316.2333333,294.8666667,21.33333333,129750,201,0,155.5022949,0.325829848,,False,,
Kilinochchi,Northern,2019,November,0.689891833,0.643287883,Degraded,106.729168,,,,129830,217,0,167.3608202,0.350677465,,True,,
Kilinochchi,Northern,2019,December,0.723169097,0.693480157,Healthy,104.0035513,312.8,293.1,8.1,129920,209,0,161.2718521,0.33791902,,False,,
Kilinochchi,Northern,2020,January,0.65732682,0.680625467,Healthy,96.77533833,,,,130000,85,0,65.96622889,0.112570356,,True,,
Kilinochchi,Northern,2020,February,0.567837367,0.62443539,Degraded,91.59185667,318.8,302.44,10.62,130250,80,0,62.1818579,0.106112386,,False,,
Kilinochchi,Northern,2020,March,0.52336259,0.58135265,Degraded,90.81867333,318.2125,296.4375,20.4875,130500,85,0,65.71348472,0.112139052,,False,,
Kilinochchi,Northern,2020,April,0.528439,0.564159417,Degraded,94.18795,325.8,304.5857143,18.18571429,130750,76,0,58.30030002,0.099488567,,False,,
Kilinochchi,Northern,2020,May,0.568558533,0.560338687,Degraded,101.3509133,320.9,295.9,31.4,131000,71,0,54.55222491,0.093092534,,False,,
Kilinochchi,Northern,2020,June,0.591680467,0.551365647,Degraded,106.7086,318.2,299.4,9.4,131250,80,0,61.70809137,0.10530391,,False,,
Kilinochchi,Northern,2020,July,0.581815423,0.540398583,Degraded,107.0121383,324.45,293.85,30.8,131500,90,0,68.8367492,0.117468855,,False,,
Kilinochchi,Northern,2020,August,0.555788597,0.5262446,Degraded,105.124632,327.0571429,297.5285714,16.91428571,131750,100,0,75.93835331,0.129587634,,False,,
Kilinochchi,Northern,2020,September,0.53994875,0.52585062,Degraded,102.458005,318.5,297.3,7.9,132000,114,0,86.62232077,0.14781966,,False,,
Kilinochchi,Northern,2020,October,0.547911377,0.566457907,Degraded,97.028763,330.1,299.1,18.6,132250,123,0,93.66345459,0.159835247,,False,,
Kilinochchi,Northern,2020,November,0.616604867,0.643287883,Degraded,96.12968,,,,132500,133,0,100.6780181,0.171805492,,True,,
Kilinochchi,Northern,2020,December,0.691529253,0.693480157,Healthy,99.72910667,,,,132750,128,0,96.89954527,0.165357586,,True,,
Kilinochchi,Northern,2021,January,0.696339007,0.680625467,Healthy,102.1513033,,,,133000,77,0,58.04144508,0.055015588,,True,,
Kilinochchi,Northern,2021,February,0.621779643,0.62443539,Degraded,99.58053333,316.25,298.925,9.625,133170,72,0,54.74694305,0.051892837,,False,,
Kilinochchi,Northern,2021,March,0.55631055,0.58135265,Degraded,96.02389667,323.76,302.02,15.06,133330,77,0,57.89778891,0.054879421,,False,,
Kilinochchi,Northern,2021,April,0.543652827,0.564159417,Degraded,96.66384333,318.55,299.15,16.3,133500,68,0,51.39916568,0.048719588,,False,,
Kilinochchi,Northern,2021,May,0.57259835,0.560338687,Degraded,102.0118867,314.1,291.3,53.4,133670,64,0,48.1254345,0.045616526,,False,,
Kilinochchi,Northern,2021,June,0.594218687,0.551365647,Degraded,107.1325233,330.05,302.375,21.125,133830,72,0,54.4769514,0.051636921,,False,,
Kilinochchi,Northern,2021,July,0.591215423,0.540398583,Degraded,108.6044113,324.3666667,296.2666667,19.8,134000,81,0,60.80876107,0.057638636,,False,,
Kilinochchi,Northern,2021,August,0.558296743,0.5262446,Degraded,105.55653,318.98,292.38,8.76,134170,90,0,67.12452531,0.063625142,,False,,
Kilinochchi,Northern,2021,September,0.541338983,0.52585062,Degraded,102.6919927,319.675,296.9125,21.6375,134330,102,0,76.62236974,0.072627839,,False,,
Kilinochchi,Northern,2021,October,0.583421103,0.566457907,Degraded,102.7460233,,,,134500,111,0,82.90265059,0.078580711,,True,,
Kilinochchi,Northern,2021,November,0.662697547,0.643287883,Degraded,102.8051163,,,,134670,120,0,89.16707568,0.084518555,,True,,
Kilinochchi,Northern,2021,December,0.701705683,0.693480157,Healthy,101.1122467,,,,134830,115,0,85.88050354,0.081403321,,True,,
Kilinochchi,Northern,2022,January,0.66489917,0.680625467,Healthy,97.83478533,,,,135000,132,0,98.3197832,0.162601626,,True,,
Kilinochchi,Northern,2022,February,0.60668292,0.62443539,Degraded,97.37822333,316.2,297.4,9.4,135080,125,0,92.8025789,0.153477253,,False,,
Kilinochchi,Northern,2022,March,0.581511367,0.58135265,Degraded,100.0371547,322.5,301.5,18.9,135170,132,0,98.19612881,0.162397126,,False,,
Kilinochchi,Northern,2022,April,0.58304469,0.564159417,Degraded,103.0768033,,,,135250,117,0,87.23381873,0.144267616,,True,,
Kilinochchi,Northern,2022,May,0.595821933,0.560338687,Degraded,105.815887,321.75,292.15,15.95,135330,110,0,81.73336001,0.135170937,,False,,
Kilinochchi,Northern,2022,June,0.616493463,0.551365647,Degraded,110.837135,320.64,295.86,21.72,135420,125,0,92.56957878,0.153091916,,False,,
Kilinochchi,Northern,2022,July,0.605362567,0.540398583,Degraded,110.9984883,315.7,286.9,11.5,135500,140,0,103.399034,0.17100171,,False,,
Kilinochchi,Northern,2022,August,0.575612153,0.5262446,Degraded,108.5643553,315.2,295.3,11.63333333,135580,154,0,114.2157092,0.188890368,,False,,
Kilinochchi,Northern,2022,September,0.560869887,0.52585062,Degraded,106.0873147,321.4142857,299.4285714,14.15714286,135670,176,0,130.4456473,0.215731501,,False,,
Kilinochchi,Northern,2022,October,0.590647147,0.566457907,Degraded,103.932975,,,,135750,191,0,141.2328377,0.233571396,,True,,
Kilinochchi,Northern,2022,November,0.66873087,0.643287883,Degraded,103.6685793,,,,135830,206,0,152.0073214,0.251390278,,True,,
Kilinochchi,Northern,2022,December,0.71748619,0.693480157,Healthy,103.231755,,,,135920,199,0,146.481431,0.24225154,,True,,
Kilinochchi,Northern,2023,January,0.680168287,0.680625467,Healthy,99.91848,,,,136000,135,0,99.26470588,0.269010043,,True,,
Kilinochchi,Northern,2023,February,0.606185367,0.62443539,Degraded,97.28683,,,,136170,127,0,93.6329588,0.253747856,,True,,
Kilinochchi,Northern,2023,March,0.564747957,0.58135265,Degraded,97.37480667,315.95,301.35,8.45,136330,135,0,99.02442603,0.268358878,,False,,
Kilinochchi,Northern,2023,April,0.566186173,0.564159417,Degraded,100.33309,,,,136500,120,0,87.91208791,0.238244141,,True,,
Kilinochchi,Northern,2023,May,0.59149428,0.560338687,Degraded,105.1070167,,,,136670,112,0,82.31506549,0.223076058,,True,,
Kilinochchi,Northern,2023,June,0.596009753,0.551365647,Degraded,107.42451,314.9,294.6,27.3,136830,127,0,93.18131989,0.252523902,,False,,
Kilinochchi,Northern,2023,July,0.56836259,0.540398583,Degraded,104.7271647,322.0285714,302.4142857,12.75714286,137000,142,0,104.0145985,0.281882381,,False,,
Kilinochchi,Northern,2023,August,0.5222634,0.5262446,Degraded,99.30347667,326.8705882,303.1058824,15.87647059,137170,157,0,114.821025,0.311168089,,False,,
Kilinochchi,Northern,2023,September,0.5215447,0.52585062,Degraded,99.2459,342.2,299.975,50.1,137330,180,0,131.0711425,0.355206348,,False,,
Kilinochchi,Northern,2023,October,0.587685347,0.566457907,Degraded,103.411543,317.5,296.1,18.5,137500,195,0,141.8181818,0.384331116,,False,,
Kilinochchi,Northern,2023,November,0.684030867,0.643287883,Degraded,105.8689433,,,,137670,210,0,152.5386795,0.413383955,,True,,
Kilinochchi,Northern,2023,December,0.72995201,0.693480157,Healthy,104.91167,,,,137830,202,0,146.920119,0.398157504,,True,,
Kilinochchi,Northern,2024,January,0.6863122,0.680625467,Healthy,100.7569467,,,,138000,107,0,77.73064687,0.106044539,,True,,
Kilinochchi,Northern,2024,February,0.603965013,0.62443539,Degraded,96.946556,319.9,301.5,9.5,138000,101,0,73.4122776,0.100153175,,False,,
Kilinochchi,Northern,2024,March,0.549941433,0.58135265,Degraded,95.02270333,314.9,300.1,8.55,138000,107,0,77.73064687,0.106044539,,False,,
Kilinochchi,Northern,2024,April,0.543709733,0.564159417,Degraded,96.67304333,328.7,299.5,20.5,138000,95,0,69.09390833,0.094261812,,False,,
Kilinochchi,Northern,2024,May,0.580091853,0.560338687,Degraded,103.2413287,330.8,308.4,13.7,138000,89,0,64.77553906,0.088370449,,False,,
Kilinochchi,Northern,2024,June,0.610755267,0.551365647,Degraded,109.88105,,,,138000,101,0,73.4122776,0.100153175,,True,,
Kilinochchi,Northern,2024,July,0.601944717,0.540398583,Degraded,110.4226367,318.85,301.95,8.45,138000,113,0,82.04901614,0.111935902,,False,,
Kilinochchi,Northern,2024,August,0.572789403,0.5262446,Degraded,108.0706047,323.9,298.7666667,11.73333333,138000,125,0,90.68575468,0.123718628,,False,,
Kilinochchi,Northern,2024,September,0.542422767,0.52585062,Degraded,102.885285,321.35,295.325,11.8,138000,143,0,103.6408625,0.141392718,,False,,
Kilinochchi,Northern,2024,October,0.577489417,0.566457907,Degraded,101.7791913,329.3,296.1,16.1,138000,154,0,112.277601,0.153175445,,False,,
Kilinochchi,Northern,2024,November,0.668210527,0.643287883,Degraded,103.5816167,,,,138000,166,0,120.9143396,0.164958171,,True,,
Kilinochchi,Northern,2024,December,0.721769087,0.693480157,Healthy,103.8082767,,,,138000,160,0,116.5959703,0.159066808,,True,,
Kurunegala,North Western,2014,January,0.772773427,0.780569127,Healthy,99.05412667,,,,1647000,1395,9,84.75720823,0.577546759,,True,,
Kurunegala,North Western,2014,February,0.68921561,0.719077073,Healthy,96.09341867,324.95,303.0,15.7,1648170,1318,8,79.99164977,0.545073617,,False,,
Kurunegala,North Western,2014,March,0.632287967,0.688387047,Healthy,92.40259467,328.7896552,302.1103448,24.91724138,1649330,1395,9,84.63747216,0.576730862,,False,,
Kurunegala,North Western,2014,April,0.683200817,0.725046423,Healthy,94.5701,,,,1650500,1240,8,75.17997749,0.51228625,,True,,
Kurunegala,North Western,2014,May,0.758001887,0.768874397,Healthy,98.66833467,,,,1651670,1163,7,70.43130183,0.47992815,,True,,
Kurunegala,North Western,2014,June,0.764239863,0.774869567,Healthy,98.71025867,,,,1652830,1318,8,79.76612077,0.543536833,,True,,
Kurunegala,North Western,2014,July,0.73235315,0.744322267,Healthy,98.498552,,,,1654000,1473,10,89.08730744,0.607052624,,True,,
Kurunegala,North Western,2014,August,0.717614753,0.705662287,Healthy,101.592338,316.4,297.6,5.1,1655170,1628,11,98.39531626,0.67047862,,False,,
Kurunegala,North Western,2014,September,0.735150617,0.700741113,Healthy,104.5817467,323.5,295.225,21.5,1656330,1861,12,112.3730351,0.765724634,,False,,
Kurunegala,North Western,2014,October,0.764075287,0.73167966,Healthy,104.1527253,,,,1657500,2016,13,121.6515224,0.828949466,,True,,
Kurunegala,North Western,2014,November,0.795108423,0.775106013,Healthy,102.42782,,,,1658670,2171,14,130.9169199,0.892085102,,True,,
Kurunegala,North Western,2014,December,0.81381942,0.801992007,Healthy,101.389403,,,,1659830,2093,14,126.1530897,0.859623738,,True,,
Kurunegala,North Western,2015,January,0.777207997,0.780569127,Healthy,99.58673333,,,,1661000,1376,12,82.86662457,0.77091379,,True,,
Kurunegala,North Western,2015,February,0.713078423,0.719077073,Healthy,99.22695,,,,1662580,1299,12,78.18854759,0.727393325,,True,,
Kurunegala,North Western,2015,March,0.694508833,0.688387047,Healthy,100.8285333,319.0,300.0,11.9,1664170,1376,12,82.70877579,0.769445312,,False,,
Kurunegala,North Western,2015,April,0.740772537,0.725046423,Healthy,102.0262633,,,,1665750,1223,11,73.44917754,0.683302646,,True,,
Kurunegala,North Western,2015,May,0.786578233,0.768874397,Healthy,102.1612933,,,,1667330,1147,10,68.79335195,0.639989187,,True,,
Kurunegala,North Western,2015,June,0.79254176,0.774869567,Healthy,102.1411567,,,,1668920,1299,12,77.89151993,0.724630056,,True,,
Kurunegala,North Western,2015,July,0.747056323,0.744322267,Healthy,100.3368567,,,,1670500,1452,13,86.97288918,0.809114646,,True,,
Kurunegala,North Western,2015,August,0.7122101,0.705662287,Healthy,100.8743533,319.05,298.6,11.15,1672080,1605,14,96.0370959,0.893439572,,False,,
Kurunegala,North Western,2015,September,0.7377118,0.700741113,Healthy,104.9197367,314.8,294.1,15.7,1673670,1835,17,109.6524113,1.020103768,,False,,
Kurunegala,North Western,2015,October,0.7720426,0.73167966,Healthy,105.1750253,317.8,296.15,10.8,1675250,1988,18,118.6780762,1.104070136,,False,,
Kurunegala,North Western,2015,November,0.794491133,0.775106013,Healthy,102.356852,,,,1676830,2141,19,127.6867322,1.18787827,,True,,
Kurunegala,North Western,2015,December,0.817151667,0.801992007,Healthy,101.778765,,,,1678420,2064,19,123.0098516,1.144368935,,True,,
Kurunegala,North Western,2016,January,0.79522528,0.780569127,Healthy,101.7584533,,,,1680000,1174,7,69.93466899,0.470383275,,True,,
Kurunegala,North Western,2016,February,0.713868983,0.719077073,Healthy,99.306845,319.9,304.7,9.1,1681580,1109,7,65.98735007,0.443833456,,False,,
Kurunegala,North Western,2016,March,0.669270657,0.688387047,Healthy,97.411,321.0,299.2,7.8,1683170,1174,7,69.80295746,0.469497378,,False,,
Kurunegala,North Western,2016,April,0.717122333,0.725046423,Healthy,98.95906333,,,,1684750,1044,7,61.98888402,0.41693962,,True,,
Kurunegala,North Western,2016,May,0.784482487,0.768874397,Healthy,101.9015503,,,,1686330,979,6,58.06012855,0.390514659,,True,,
Kurunegala,North Western,2016,June,0.795387527,0.774869567,Healthy,102.4869333,,,,1687920,1109,7,65.73949484,0.442166372,,True,,
Kurunegala,North Western,2016,July,0.763297247,0.744322267,Healthy,102.3905553,,,,1689500,1240,8,73.40484148,0.493723789,,True,,
Kurunegala,North Western,2016,August,0.709445967,0.705662287,Healthy,100.4883117,317.9,292.3,7.9,1691080,1370,9,81.05586443,0.545184864,,False,,
Kurunegala,North Western,2016,September,0.645182033,0.700741113,Healthy,92.61140333,317.125,293.85,8.45,1692670,1566,10,92.54825721,0.62248314,,False,,
Kurunegala,North Western,2016,October,0.651252723,0.73167966,Healthy,89.69554667,322.65,299.5,10.7,1694250,1697,11,100.1671123,0.673727853,,False,,
Kurunegala,North Western,2016,November,0.735764533,0.775106013,Healthy,95.21617333,,,,1695830,1827,12,107.7717705,0.724877077,,True,,
Kurunegala,North Western,2016,December,0.778347017,0.801992007,Healthy,97.22448267,,,,1697420,1762,11,103.8254326,0.698333856,,True,,
Kurunegala,North Western,2017,January,0.771061997,0.780569127,Healthy,98.87199633,,,,1699000,1228,11,72.32231298,0.697684434,,True,,
Kurunegala,North Western,2017,February,0.740887517,0.719077073,Healthy,102.8547597,,,,1700000,1160,11,68.26422764,0.658536585,,True,,
Kurunegala,North Western,2017,March,0.719048923,0.688387047,Healthy,104.1536113,319.9,300.3,9.15,1701000,1228,11,72.23727793,0.696864111,,False,,
Kurunegala,North Western,2017,April,0.730263283,0.725046423,Healthy,100.6956433,,,,1702000,1092,10,64.17318697,0.619070821,,True,,
Kurunegala,North Western,2017,May,0.761295113,0.768874397,Healthy,99.073032,,,,1703000,1023,9,60.1270355,0.580038096,,True,,
Kurunegala,North Western,2017,June,0.766989653,0.774869567,Healthy,99.043625,,,,1704000,1160,11,68.10398298,0.656990725,,True,,
Kurunegala,North Western,2017,July,0.726004827,0.744322267,Healthy,97.68726367,,,,1705000,1297,12,76.07157333,0.733853086,,True,,
Kurunegala,North Western,2017,August,0.69805,0.705662287,Healthy,99.00529,325.6,301.9,11.1,1706000,1433,13,84.02982301,0.81062534,,False,,
Kurunegala,North Western,2017,September,0.748629937,0.700741113,Healthy,106.3692533,,,,1707000,1638,15,95.97782445,0.925886236,,True,,
Kurunegala,North Western,2017,October,0.79470422,0.73167966,Healthy,108.0755687,,,,1708000,1774,17,103.9151006,1.00245616,,True,,
Kurunegala,North Western,2017,November,0.806593043,0.775106013,Healthy,103.8312227,,,,1709000,1911,18,111.843088,1.078936477,,True,,
Kurunegala,North Western,2017,December,0.8012386,0.801992007,Healthy,99.91484633,,,,1710000,1843,17,107.7856226,1.039794608,,True,,
Kurunegala,North Western,2018,January,0.754279333,0.780569127,Healthy,96.82360167,,,,1711000,1148,10,67.13232883,0.641473393,,True,,
Kurunegala,North Western,2018,February,0.688245553,0.719077073,Healthy,95.99503333,322.08,307.06,8.56,1711670,1084,10,63.37793723,0.60559884,,False,,
Kurunegala,North Western,2018,March,0.671378883,0.688387047,Healthy,97.69529,335.75,306.2,32.2,1712330,1148,10,67.08018585,0.640975148,,False,,
Kurunegala,North Western,2018,April,0.733008823,0.725046423,Healthy,101.0112417,,,,1713000,1021,9,59.60351022,0.569532841,,True,,
Kurunegala,North Western,2018,May,0.789320037,0.768874397,Healthy,102.497115,,,,1713670,957,9,55.85644389,0.533728283,,True,,
Kurunegala,North Western,2018,June,0.792871293,0.774869567,Healthy,102.18246,,,,1714330,1084,10,63.27959834,0.604659176,,True,,
Kurunegala,North Western,2018,July,0.76404259,0.744322267,Healthy,102.483875,,,,1715000,1212,11,70.69662708,0.675531537,,True,,
Kurunegala,North Western,2018,August,0.7128635,0.705662287,Healthy,100.94534,,,,1715670,1340,12,78.10786286,0.746348543,,True,,
Kurunegala,North Western,2018,September,0.691950223,0.700741113,Healthy,98.82784,317.9857143,291.3285714,13.92857143,1716330,1531,14,89.23180246,0.852641761,,False,,
Kurunegala,North Western,2018,October,0.741115783,0.73167966,Healthy,101.19776,,,,1717000,1659,15,96.63006473,0.923334801,,True,,
Kurunegala,North Western,2018,November,0.791770897,0.775106013,Healthy,102.0206487,,,,1717670,1786,17,104.0225554,0.993972692,,True,,
Kurunegala,North Western,2018,December,0.810123403,0.801992007,Healthy,100.9559467,,,,1718330,1722,16,100.2689367,0.958105523,,True,,
Kurunegala,North Western,2019,January,0.770935633,0.780569127,Healthy,98.82977333,,,,1719000,1224,12,71.20844507,0.732132976,,True,,
Kurunegala,North Western,2019,February,0.703526533,0.719077073,Healthy,97.980092,,,,1719580,1156,11,67.22973666,0.691225698,,True,,
Kurunegala,North Western,2019,March,0.664941753,0.688387047,Healthy,96.82613,322.825,305.425,9.3,1720170,1224,12,71.16001155,0.731635004,,False,,
Kurunegala,North Western,2019,April,0.686553767,0.725046423,Healthy,95.02943133,,,,1720750,1088,11,63.23202328,0.65012302,,True,,
Kurunegala,North Western,2019,May,0.747556317,0.768874397,Healthy,97.38946033,,,,1721330,1020,10,59.2600475,0.609284964,,True,,
Kurunegala,North Western,2019,June,0.771495543,0.774869567,Healthy,99.59242667,,,,1721920,1156,11,67.13837494,0.690286358,,True,,
Kurunegala,North Western,2019,July,0.751125487,0.744322267,Healthy,100.8677767,,,,1722500,1292,13,75.01174083,0.77123674,,True,,
Kurunegala,North Western,2019,August,0.746330983,0.705662287,Healthy,105.3965517,,,,1723080,1428,14,82.87980627,0.852132625,,True,,
Kurunegala,North Western,2019,September,0.770089223,0.700741113,Healthy,109.23648,,,,1723670,1632,16,94.68735669,0.973532509,,True,,
Kurunegala,North Western,2019,October,0.779951017,0.73167966,Healthy,106.19983,,,,1724250,1768,18,102.5434648,1.054305454,,True,,
Kurunegala,North Western,2019,November,0.791220003,0.775106013,Healthy,101.9592933,,,,1724830,1904,19,110.3942894,1.135024076,,True,,
Kurunegala,North Western,2019,December,0.814974247,0.801992007,Healthy,101.5236027,,,,1725420,1836,18,106.4152355,1.094113247,,True,,
Kurunegala,North Western,2020,January,0.775316013,0.780569127,Healthy,99.34681133,,,,1726000,647,2,37.48834186,0.127179719,,True,,
Kurunegala,North Western,2020,February,0.677884787,0.719077073,Healthy,94.619992,319.3,305.2,7.5,1727420,611,2,35.37655151,0.120015441,,False,,
Kurunegala,North Western,2020,March,0.631225083,0.688387047,Healthy,92.25799533,325.7833333,305.25,10.06666667,1728830,647,2,37.4269755,0.126971533,,False,,
Kurunegala,North Western,2020,April,0.691441147,0.725046423,Healthy,95.63047667,325.9,299.5,34.0,1730250,575,1,33.24111958,0.112770959,,False,,
Kurunegala,North Western,2020,May,0.782146413,0.768874397,Healthy,101.6092867,,,,1731670,539,1,31.13799495,0.105636079,,True,,
Kurunegala,North Western,2020,June,0.8114221,0.774869567,Healthy,104.4334467,,,,1733080,611,2,35.26101657,0.119623487,,True,,
Kurunegala,North Western,2020,July,0.790533733,0.744322267,Healthy,105.8249233,,,,1734500,682,2,39.37710781,0.133587384,,True,,
Kurunegala,North Western,2020,August,0.757655013,0.705662287,Healthy,106.8812353,,,,1735920,754,2,43.48646504,0.147528435,,True,,
Kurunegala,North Western,2020,September,0.752255483,0.700741113,Healthy,106.8631283,,,,1737330,862,2,49.65848211,0.168467088,,True,,
Kurunegala,North Western,2020,October,0.763542813,0.73167966,Healthy,104.0928547,318.3,299.9,8.5,1738750,934,3,53.75275435,0.182356964,,False,,
Kurunegala,North Western,2020,November,0.782922343,0.775106013,Healthy,100.9543913,315.3,296.6,6.9,1740170,1006,3,57.84034463,0.19622417,,False,,
Kurunegala,North Western,2020,December,0.801720853,0.801992007,Healthy,99.968118,,,,1741580,970,3,55.72946237,0.189062973,,True,,
Kurunegala,North Western,2021,January,0.78952212,0.780569127,Healthy,101.0836387,,,,1743000,448,6,25.75458629,0.348432056,,True,,
Kurunegala,North Western,2021,February,0.728693857,0.719077073,Healthy,101.2476143,325.14,304.72,14.48,1742920,423,5,24.3248924,0.329089824,,False,,
Kurunegala,North Western,2021,March,0.69142427,0.688387047,Healthy,100.4119467,321.2,300.1,11.0,1742830,448,6,25.75709846,0.348466043,,False,,
Kurunegala,North Western,2021,April,0.720081633,0.725046423,Healthy,99.35969533,321.0,306.0,6.0,1742750,399,5,22.89624962,0.309761812,,False,,
Kurunegala,North Western,2021,May,0.769596387,0.768874397,Healthy,100.0851067,,,,1742670,374,5,21.46621941,0.29041503,,True,,
Kurunegala,North Western,2021,June,0.792405033,0.774869567,Healthy,102.1294867,310.5,294.3,4.7,1742580,423,5,24.3296385,0.329154034,,False,,
Kurunegala,North Western,2021,July,0.785175953,0.744322267,Healthy,105.15774,,,,1742500,473,6,27.19319733,0.367894927,,True,,
Kurunegala,North Western,2021,August,0.758186037,0.705662287,Healthy,106.950388,313.7,293.1,5.6,1742420,523,7,30.0570191,0.406639378,,False,,
Kurunegala,North Western,2021,September,0.742048933,0.700741113,Healthy,105.5056067,321.4,297.2,9.5,1742330,598,8,34.35265336,0.464754724,,False,,
Kurunegala,North Western,2021,October,0.75677783,0.73167966,Healthy,103.2209937,,,,1742250,648,8,37.21708332,0.503507403,,True,,
Kurunegala,North Western,2021,November,0.780910117,0.775106013,Healthy,100.7115903,,,,1742170,698,9,40.08177634,0.542263641,,True,,
Kurunegala,North Western,2021,December,0.790741317,0.801992007,Healthy,98.68116467,,,,1742080,673,9,38.6522811,0.522924096,,True,,
Kurunegala,North Western,2022,January,0.754757353,0.780569127,Healthy,96.88485367,321.125,301.5,11.45,1742000,905,11,51.9923833,0.638458738,,False,,
Kurunegala,North Western,2022,February,0.69389957,0.719077073,Healthy,96.73185333,323.35,302.4166667,12.73333333,1740750,855,10,49.13917816,0.603421803,,False,,
Kurunegala,North Western,2022,March,0.66844282,0.688387047,Healthy,97.29845167,323.2,295.6,12.45,1739500,905,11,52.06710647,0.639376328,,False,,
Kurunegala,North Western,2022,April,0.72018985,0.725046423,Healthy,99.35812,,,,1738250,805,9,46.31515436,0.568743211,,True,,
Kurunegala,North Western,2022,May,0.776692393,0.768874397,Healthy,100.9539683,,,,1737000,754,9,43.45170395,0.533580465,,True,,
Kurunegala,North Western,2022,June,0.77966602,0.774869567,Healthy,100.581398,,,,1735750,855,10,49.28072844,0.60516002,,True,,
Kurunegala,North Western,2022,July,0.762338567,0.744322267,Healthy,102.2853967,,,,1734500,956,11,55.11815453,0.676842744,,True,,
Kurunegala,North Western,2022,August,0.747584147,0.705662287,Healthy,105.5507863,,,,1733250,1056,12,60.96400038,0.748628862,,True,,
Kurunegala,North Western,2022,September,0.737110953,0.700741113,Healthy,104.8476067,320.0,299.45,8.15,1732000,1207,14,69.72342703,0.856193319,,False,,
Kurunegala,North Western,2022,October,0.7525928,0.73167966,Healthy,102.6845767,,,,1730750,1308,16,75.58826534,0.928212662,,True,,
Kurunegala,North Western,2022,November,0.777221053,0.775106013,Healthy,100.263775,,,,1729500,1408,17,81.46158131,1.000336109,,True,,
Kurunegala,North Western,2022,December,0.796483953,0.801992007,Healthy,99.35326467,,,,1728250,1358,16,78.60905399,0.965307498,,True,,
Kurunegala,North Western,2023,January,0.78505081,0.780569127,Healthy,100.5476947,,,,1727000,1203,7,69.69226206,0.432160662,,True,,
Kurunegala,North Western,2023,February,0.735844293,0.719077073,Healthy,102.1853803,317.38,298.42,12.34,1725750,1136,7,65.86814499,0.40844737,,False,,
Kurunegala,North Western,2023,March,0.699564313,0.688387047,Healthy,101.5145367,323.25,300.75,10.55,1724500,1203,7,69.79329463,0.432787163,,False,,
Kurunegala,North Western,2023,April,0.725055687,0.725046423,Healthy,100.0035247,,,,1723250,1069,6,62.08348519,0.384978752,,True,,
Kurunegala,North Western,2023,May,0.773505033,0.768874397,Healthy,100.56336,,,,1722000,1002,6,58.24551712,0.36117957,,True,,
Kurunegala,North Western,2023,June,0.7809755,0.774869567,Healthy,100.7395633,,,,1720750,1136,7,66.0595387,0.409634199,,True,,
Kurunegala,North Western,2023,July,0.734544313,0.744322267,Healthy,98.75369033,,,,1719500,1270,7,73.88492117,0.458159278,,True,,
Kurunegala,North Western,2023,August,0.677932253,0.705662287,Healthy,96.33322833,321.1,300.375,16.525,1718250,1404,8,81.72168933,0.506754958,,False,,
Kurunegala,North Western,2023,September,0.717105487,0.700741113,Healthy,102.16885,,,,1717000,1604,9,93.46421012,0.579570152,,True,,
Kurunegala,North Western,2023,October,0.7749962,0.73167966,Healthy,105.5472333,,,,1715750,1738,10,101.3266615,0.628325094,,True,,
Kurunegala,North Western,2023,November,0.794503153,0.775106013,Healthy,102.3617747,,,,1714500,1872,11,109.2005776,0.677151128,,True,,
Kurunegala,North Western,2023,December,0.80900524,0.801992007,Healthy,100.823418,,,,1713250,1805,11,105.377385,0.653443569,,True,,
Kurunegala,North Western,2024,January,0.794562227,0.780569127,Healthy,101.6915867,312.8,300.4,5.8,1712000,1365,8,79.77404832,0.508604969,,False,,
Kurunegala,North Western,2024,February,0.731102933,0.719077073,Healthy,101.5484897,315.6,298.8,13.1,1712000,1289,8,75.34215675,0.480349138,,False,,
Kurunegala,North Western,2024,March,0.670029917,0.688387047,Healthy,97.51501167,324.04,308.08,10.32,1712000,1365,8,79.77404832,0.508604969,,False,,
Kurunegala,North Western,2024,April,0.699557357,0.725046423,Healthy,96.69847333,,,,1712000,1213,7,70.91026518,0.452093306,,True,,
Kurunegala,North Western,2024,May,0.767782873,0.768874397,Healthy,99.858414,316.1,292.4,11.4,1712000,1138,7,66.4783736,0.423837474,,False,,
Kurunegala,North Western,2024,June,0.797413247,0.774869567,Healthy,102.7359417,,,,1712000,1289,8,75.34215675,0.480349138,,True,,
Kurunegala,North Western,2024,July,0.78384429,0.744322267,Healthy,104.9889187,,,,1712000,1441,9,84.2059399,0.536860801,,True,,
Kurunegala,North Western,2024,August,0.771688587,0.705662287,Healthy,108.7466083,,,,1712000,1593,10,93.06972305,0.593372464,,True,,
Kurunegala,North Western,2024,September,0.765953987,0.700741113,Healthy,108.6922013,,,,1712000,1820,11,106.3653978,0.678139959,,True,,
Kurunegala,North Western,2024,October,0.758602733,0.73167966,Healthy,103.4675833,,,,1712000,1972,12,115.2291809,0.734651622,,True,,
Kurunegala,North Western,2024,November,0.772488367,0.775106013,Healthy,99.68886333,312.8,295.6,9.5,1712000,2124,13,124.0929641,0.791163285,,False,,
Kurunegala,North Western,2024,December,0.79325526,0.801992007,Healthy,98.97467,,,,1712000,2048,13,119.6610725,0.762907454,,True,,
Mannar,Northern,2014,January,0.747287167,0.752750457,Healthy,99.31791333,319.6,304.2,8.2,102000,62,0,61.69296987,0.430416069,,False,,
Mannar,Northern,2014,February,0.712748697,0.730726753,Healthy,97.69319667,317.3,299.475,13.75,102080,59,0,58.21991997,0.406185488,,False,,
Mannar,Northern,2014,March,0.677098433,0.701147733,Healthy,96.79736,333.5,310.3,22.6,102170,62,0,61.59031934,0.429699902,,False,,
Mannar,Northern,2014,April,0.667594367,0.683091767,Healthy,97.88840667,,,,102250,55,0,54.70411672,0.381656628,,True,,
Mannar,Northern,2014,May,0.682371783,0.67330281,Healthy,101.2582213,,,,102330,52,0,51.24501553,0.357523364,,True,,
Mannar,Northern,2014,June,0.663027687,0.650217933,Healthy,101.8242983,324.66,299.3,11.92,102420,59,0,58.02664939,0.404837089,,False,,
Mannar,Northern,2014,July,0.623970257,0.62472038,Degraded,99.88643667,,,,102500,66,0,64.80269681,0.452111838,,True,,
Mannar,Northern,2014,August,0.62168817,0.611533847,Degraded,101.53604,325.95,301.05,8.95,102580,73,0,71.56817523,0.49931285,,False,,
Mannar,Northern,2014,September,0.65488,0.62242828,Degraded,104.8179433,322.83,300.73,15.73,102670,83,0,81.72050163,0.570143035,,False,,
Mannar,Northern,2014,October,0.710635377,0.669382467,Healthy,105.7448833,322.45,294.0,17.375,102750,90,0,88.46161454,0.617174055,,False,,
Mannar,Northern,2014,November,0.742634863,0.7253331,Healthy,102.2483867,314.8,299.4,13.4,102830,97,0,95.19223851,0.664131897,,False,,
Mannar,Northern,2014,December,0.744276933,0.751651733,Healthy,99.08242333,,,,102920,94,0,91.71224631,0.639852881,,True,,
Mannar,Northern,2015,January,0.741735367,0.752750457,Healthy,98.62872667,311.1,292.15,10.45,103000,66,0,64.14870945,0.284158181,,False,,
Mannar,Northern,2015,February,0.729833833,0.730726753,Healthy,99.89023667,312.6666667,301.8,4.733333333,103170,62,0,60.48506254,0.267929402,,False,,
Mannar,Northern,2015,March,0.712612303,0.701147733,Healthy,101.5303067,313.7,300.7,8.8,103330,66,0,63.94384083,0.283250679,,False,,
Mannar,Northern,2015,April,0.705195353,0.683091767,Healthy,103.0163383,,,,103500,58,0,56.74561093,0.251364832,,True,,
Mannar,Northern,2015,May,0.701354863,0.67330281,Healthy,103.879256,311.0,292.6,4.3,103670,55,0,53.11177352,0.2352681,,False,,
Mannar,Northern,2015,June,0.682123043,0.650217933,Healthy,104.5581533,317.6,297.1,16.5,103830,62,0,60.10058656,0.266226297,,False,,
Mannar,Northern,2015,July,0.65966151,0.62472038,Degraded,105.181795,324.5,295.425,12.75,104000,69,0,67.06144465,0.297060663,,False,,
Mannar,Northern,2015,August,0.660340497,0.611533847,Degraded,107.37855,313.3,284.8,7.75,104170,77,0,73.99958323,0.327794389,,False,,
Mannar,Northern,2015,September,0.681120487,0.62242828,Degraded,108.7299433,318.25,299.1,7.3,104330,88,0,84.44125465,0.37404764,,False,,
Mannar,Northern,2015,October,0.71473382,0.669382467,Healthy,106.329983,,,,104500,95,0,91.32920994,0.40455907,,True,,
Mannar,Northern,2015,November,0.7484123,0.7253331,Healthy,102.9857227,,,,104670,102,0,98.19479106,0.434971389,,True,,
Mannar,Northern,2015,December,0.7650697,0.751651733,Healthy,101.67453,,,,104830,99,0,94.54331403,0.418796518,,True,,
Mannar,Northern,2016,January,0.764011763,0.752750457,Healthy,101.4025833,,,,105000,59,0,56.8641115,0.069686411,,True,,
Mannar,Northern,2016,February,0.73370614,0.730726753,Healthy,100.3761167,317.5,290.3,12.1,105080,56,0,53.66410725,0.065764837,,False,,
Mannar,Northern,2016,March,0.6857723,0.701147733,Healthy,97.94626533,327.45,305.3,16.55,105170,59,0,56.77219461,0.069573768,,False,,
Mannar,Northern,2016,April,0.66148459,0.683091767,Healthy,97.05355,325.5333333,303.5,11.83333333,105250,53,0,50.42581542,0.061796342,,False,,
Mannar,Northern,2016,May,0.6779728,0.67330281,Healthy,100.654338,321.6,298.4,20.56666667,105330,49,0,47.23829636,0.057890069,,False,,
Mannar,Northern,2016,June,0.695017933,0.650217933,Healthy,106.41278,317.6,297.6,8.3,105420,56,0,53.49103007,0.065552733,,False,,
Mannar,Northern,2016,July,0.688527167,0.62472038,Degraded,109.460665,324.1,299.1,15.7,105500,63,0,59.73875853,0.073209263,,False,,
Mannar,Northern,2016,August,0.674027153,0.611533847,Degraded,109.446137,330.0333333,295.5666667,36.1,105580,69,0,65.97701893,0.08085419,,False,,
Mannar,Northern,2016,September,0.646286123,0.62242828,Degraded,103.5731167,318.9333333,297.0333333,12.86666667,105670,79,0,75.33808659,0.092326087,,False,,
Mannar,Northern,2016,October,0.648279983,0.669382467,Healthy,97.08761,324.5142857,301.2285714,15.95714286,105750,86,0,81.55451767,0.099944262,,False,,
Mannar,Northern,2016,November,0.706742027,0.7253331,Healthy,97.59052633,,,,105830,92,0,87.76155039,0.10755092,,True,,
Mannar,Northern,2016,December,0.748420007,0.751651733,Healthy,99.59556667,,,,105920,89,0,84.55530175,0.103621693,,True,,
Mannar,Northern,2017,January,0.7566374,0.752750457,Healthy,100.48526,,,,106000,57,0,54.53290382,0.069028992,,True,,
Mannar,Northern,2017,February,0.74135946,0.730726753,Healthy,101.3638613,,,,106250,54,0,51.38211382,0.06504065,,True,,
Mannar,Northern,2017,March,0.70671949,0.701147733,Healthy,100.7340333,311.8,291.5,18.6,106500,57,0,54.2768808,0.068704912,,False,,
Mannar,Northern,2017,April,0.6577087,0.683091767,Healthy,96.533698,331.1666667,305.0333333,22.8,106750,51,0,48.1331277,0.06092801,,False,,
Mannar,Northern,2017,May,0.629601,0.67330281,Healthy,93.956868,315.15,292.85,7.25,107000,48,0,45.01937543,0.056986551,,False,,
Mannar,Northern,2017,June,0.603604577,0.650217933,Healthy,93.34004667,319.1,291.9,10.7,107250,54,0,50.90302651,0.064434211,,False,,
Mannar,Northern,2017,July,0.57386871,0.62472038,Degraded,92.463932,328.6333333,303.2,15.91666667,107500,61,0,56.75931178,0.07184723,,False,,
Mannar,Northern,2017,August,0.584461017,0.611533847,Degraded,95.90936667,316.6,294.3,6.3,107750,67,0,62.58842171,0.07922585,,False,,
Mannar,Northern,2017,September,0.63246819,0.62242828,Degraded,101.4850233,,,,108000,77,0,71.36404697,0.090334237,,True,,
Mannar,Northern,2017,October,0.670411787,0.669382467,Healthy,100.1689367,,,,108250,83,0,77.13250343,0.09763608,,True,,
Mannar,Northern,2017,November,0.70543435,0.7253331,Healthy,97.436564,,,,108500,89,0,82.87437713,0.104904275,,True,,
Mannar,Northern,2017,December,0.738939983,0.751651733,Healthy,98.41207333,,,,108750,86,0,79.73086627,0.100925147,,True,,
Mannar,Northern,2018,January,0.744270223,0.752750457,Healthy,98.94237667,,,,109000,48,0,44.57373014,0.067129112,,True,,
Mannar,Northern,2018,February,0.7038564,0.730726753,Healthy,96.54957167,,,,109170,45,0,42.03185753,0.06330099,,True,,
Mannar,Northern,2018,March,0.6579364,0.701147733,Healthy,94.24496533,,,,109330,48,0,44.43918948,0.06692649,,True,,
Mannar,Northern,2018,April,0.6545528,0.683091767,Healthy,96.11053333,325.8,299.65,20.95,109500,43,0,39.44017522,0.059397854,,False,,
Mannar,Northern,2018,May,0.6747446,0.67330281,Healthy,100.2035033,,,,109670,40,0,36.91784889,0.05559917,,True,,
Mannar,Northern,2018,June,0.647940497,0.650217933,Healthy,99.66494333,,,,109830,45,0,41.77927603,0.062920596,,True,,
Mannar,Northern,2018,July,0.593503077,0.62472038,Degraded,95.36205333,318.9,291.4333333,10.5,110000,51,0,46.62232077,0.070214339,,False,,
Mannar,Northern,2018,August,0.55387075,0.611533847,Degraded,91.28247967,323.8666667,294.9333333,18.86666667,110170,56,0,51.4504192,0.077485571,,False,,
Mannar,Northern,2018,September,0.572534347,0.62242828,Degraded,92.563257,320.76,298.86,17.56,110330,64,0,58.71520693,0.088426516,,False,,
Mannar,Northern,2018,October,0.658413283,0.669382467,Healthy,98.44915967,,,,110500,70,0,63.51028216,0.095648015,,True,,
Mannar,Northern,2018,November,0.719106633,0.7253331,Healthy,99.199898,,,,110670,75,0,68.29062598,0.102847328,,True,,
Mannar,Northern,2018,December,0.749279477,0.751651733,Healthy,99.702,,,,110830,72,0,65.75660812,0.099031036,,True,,
Mannar,Northern,2019,January,0.760838963,0.752750457,Healthy,101.0079713,,,,111000,74,0,67.10613052,0.0,,True,,
Mannar,Northern,2019,February,0.731209717,0.730726753,Healthy,100.055285,,,,111080,70,0,63.33236721,0.0,,True,,
Mannar,Northern,2019,March,0.674446107,0.701147733,Healthy,96.43254333,322.9333333,298.6666667,24.56666667,111170,74,0,67.00351253,0.0,,False,,
Mannar,Northern,2019,April,0.633367183,0.683091767,Healthy,93.21579667,355.7,309.6,146.65,111250,66,0,59.51584909,0.0,,False,,
Mannar,Northern,2019,May,0.623464597,0.67330281,Healthy,93.11141333,323.9333333,302.8333333,13.33333333,111330,62,0,55.75601431,0.0,,False,,
Mannar,Northern,2019,June,0.612112817,0.650217933,Healthy,94.561672,323.15,298.35,10.05,111420,70,0,63.13910743,0.0,,False,,
Mannar,Northern,2019,July,0.59451383,0.62472038,Degraded,95.52450167,323.3,294.7,13.9,111500,78,0,70.51660651,0.0,,False,,
Mannar,Northern,2019,August,0.5833615,0.611533847,Degraded,95.74150333,,,,111580,86,0,77.88352664,0.0,,True,,
Mannar,Northern,2019,September,0.612733833,0.62242828,Degraded,98.54391833,,,,111670,99,0,88.93800768,0.0,,True,,
Mannar,Northern,2019,October,0.6831015,0.669382467,Healthy,101.9002767,,,,111750,107,0,96.28053328,0.0,,True,,
Mannar,Northern,2019,November,0.737841003,0.7253331,Healthy,101.6148467,,,,111830,115,0,103.6125536,0.0,,True,,
Mannar,Northern,2019,December,0.768938443,0.751651733,Healthy,102.1552197,,,,111920,111,0,99.83176136,0.0,,True,,
Mannar,Northern,2020,January,0.762346133,0.752750457,Healthy,101.192018,327.1,296.8,31.2,112000,36,0,32.86149826,0.0,,False,,
Mannar,Northern,2020,February,0.713639977,0.730726753,Healthy,97.80233,318.84,298.67,17.94,112170,34,0,30.98882286,0.0,,False,,
Mannar,Northern,2020,March,0.664936383,0.701147733,Healthy,95.17486667,323.3,302.55,14.6,112330,36,0,32.76495865,0.0,,False,,
Mannar,Northern,2020,April,0.6521805,0.683091767,Healthy,95.78592167,332.1,312.1,15.25,112500,32,0,29.08039747,0.0,,False,,
Mannar,Northern,2020,May,0.675089703,0.67330281,Healthy,100.2553133,,,,112670,30,0,27.22173756,0.0,,True,,
Mannar,Northern,2020,June,0.68907538,0.650217933,Healthy,105.5653767,324.8,301.9,9.5,112830,34,0,30.80755349,0.0,,False,,
Mannar,Northern,2020,July,0.688110247,0.62472038,Degraded,109.3995447,333.1,296.2,24.1,113000,38,0,34.38017124,0.0,,False,,
Mannar,Northern,2020,August,0.675254337,0.611533847,Degraded,109.6318833,316.2,295.8,9.94,113170,42,0,37.94205566,0.0,,False,,
Mannar,Northern,2020,September,0.670143587,0.62242828,Degraded,107.1104633,,,,113330,49,0,43.30113009,0.0,,True,,
Mannar,Northern,2020,October,0.673562553,0.669382467,Healthy,100.624018,322.8909091,293.6090909,15.99090909,113500,53,0,46.83929659,0.0,,False,,
Mannar,Northern,2020,November,0.70606561,0.7253331,Healthy,97.51422,,,,113670,57,0,50.36688002,0.0,,True,,
Mannar,Northern,2020,December,0.74482102,0.751651733,Healthy,99.144235,,,,113830,55,0,48.49979537,0.0,,True,,
Mannar,Northern,2021,January,0.769020517,0.752750457,Healthy,102.0290367,,,,114000,19,0,17.26572529,0.064184852,,True,,
Mannar,Northern,2021,February,0.75473588,0.730726753,Healthy,103.0758063,329.4,299.7,30.2,114080,18,0,16.29508318,0.060576517,,False,,
Mannar,Northern,2021,March,0.72237125,0.701147733,Healthy,102.8230947,315.7,297.1,26.0,114170,19,0,17.24001649,0.064089281,,False,,
Mannar,Northern,2021,April,0.701421523,0.683091767,Healthy,102.500978,319.5,295.0,12.9,114250,17,0,15.31372863,0.056928359,,False,,
Mannar,Northern,2021,May,0.702213333,0.67330281,Healthy,103.9996033,,,,114330,16,0,14.34657485,0.053332992,,True,,
Mannar,Northern,2021,June,0.693211777,0.650217933,Healthy,106.1478933,317.7666667,296.3666667,10.13333333,114420,18,0,16.2466622,0.060396514,,False,,
Mannar,Northern,2021,July,0.675271267,0.62472038,Degraded,107.4917413,321.9,295.75,8.3,114500,20,0,18.14534739,0.067454823,,False,,
Mannar,Northern,2021,August,0.653625133,0.611533847,Degraded,106.3620917,317.8666667,289.0333333,7.066666667,114580,22,0,20.04138125,0.074503276,,False,,
Mannar,Northern,2021,September,0.652967657,0.62242828,Degraded,104.5457933,323.0,301.75,11.6,114670,26,0,22.88645892,0.085079773,,False,,
Mannar,Northern,2021,October,0.690050243,0.669382467,Healthy,102.88944,324.8666667,299.4666667,18.06666667,114750,28,0,24.77637848,0.092105496,,False,,
Mannar,Northern,2021,November,0.727476393,0.7253331,Healthy,100.2825933,,,,114830,30,0,26.6636647,0.09912143,,True,,
Mannar,Northern,2021,December,0.755943083,0.751651733,Healthy,100.5336067,,,,114920,29,0,25.691255,0.095506524,,True,,
Mannar,Northern,2022,January,0.763156367,0.752750457,Healthy,101.2959813,320.7,299.42,16.98,115000,46,0,40.21208908,0.0,,False,,
Mannar,Northern,2022,February,0.732978967,0.730726753,Healthy,100.2846847,314.3,299.3,12.14,115080,43,0,37.95168296,0.0,,False,,
Mannar,Northern,2022,March,0.6977015,0.701147733,Healthy,99.5418,318.925,301.325,9.325,115170,46,0,40.15273286,0.0,,False,,
Mannar,Northern,2022,April,0.69333792,0.683091767,Healthy,101.4001233,,,,115250,41,0,35.66654322,0.0,,True,,
Mannar,Northern,2022,May,0.69125382,0.67330281,Healthy,102.4806867,322.8,293.7,22.0,115330,38,0,33.41419003,0.0,,False,,
Mannar,Northern,2022,June,0.667672277,0.650217933,Healthy,102.4968533,331.0,303.6,28.1,115420,43,0,37.83988628,0.0,,False,,
Mannar,Northern,2022,July,0.654669197,0.62472038,Degraded,104.4445817,,,,115500,48,0,42.2623447,0.0,,True,,
Mannar,Northern,2022,August,0.656888697,0.611533847,Degraded,106.8566217,313.8,289.8,35.7,115580,53,0,46.67868101,0.0,,False,,
Mannar,Northern,2022,September,0.668204083,0.62242828,Degraded,106.8145213,323.7,302.0,8.1,115670,61,0,53.30555597,0.0,,False,,
Mannar,Northern,2022,October,0.69482357,0.669382467,Healthy,103.5617753,,,,115750,66,0,57.70777362,0.0,,True,,
Mannar,Northern,2022,November,0.726532833,0.7253331,Healthy,100.16216,,,,115830,71,0,62.10391034,0.0,,True,,
Mannar,Northern,2022,December,0.750345113,0.751651733,Healthy,99.83617333,,,,115920,69,0,59.83941827,0.0,,True,,
Mannar,Northern,2023,January,0.755521533,0.752750457,Healthy,100.3451913,,,,116000,69,0,59.54583684,0.189234651,,True,,
Mannar,Northern,2023,February,0.7285143,0.730726753,Healthy,99.712875,,,,116080,65,0,56.19897688,0.178598443,,True,,
Mannar,Northern,2023,March,0.689007167,0.701147733,Healthy,98.38170833,,,,116170,69,0,59.45869909,0.18895773,,True,,
Mannar,Northern,2023,April,0.681656407,0.683091767,Healthy,99.80721667,,,,116250,61,0,52.81580558,0.16784684,,True,,
Mannar,Northern,2023,May,0.698951247,0.67330281,Healthy,103.55004,321.1,300.3,9.5,116330,57,0,49.48076645,0.157248198,,False,,
Mannar,Northern,2023,June,0.683641523,0.650217933,Healthy,104.7743553,320.9,297.7,15.4,116420,65,0,56.03484999,0.178076854,,False,,
Mannar,Northern,2023,July,0.64948715,0.62472038,Degraded,103.665122,323.7818182,298.9636364,18.28181818,116500,72,0,62.58417949,0.198890401,,False,,
Mannar,Northern,2023,August,0.618849713,0.611533847,Degraded,101.1051933,317.0,292.2666667,13.0,116580,80,0,69.12452038,0.219675383,,False,,
Mannar,Northern,2023,September,0.62331742,0.62242828,Degraded,100.13366,324.56,299.98,13.4,116670,92,0,78.93851116,0.250863913,,False,,
Mannar,Northern,2023,October,0.666518967,0.669382467,Healthy,99.60750333,,,,116750,99,0,85.45812225,0.271583016,,True,,
Mannar,Northern,2023,November,0.71471435,0.7253331,Healthy,98.63127533,,,,116830,107,0,91.96880465,0.292273744,,True,,
Mannar,Northern,2023,December,0.75047024,0.751651733,Healthy,99.84982833,,,,116920,103,0,88.61593919,0.281618451,,True,,
Mannar,Northern,2024,January,0.7637133,0.752750457,Healthy,101.36557,,,,117000,53,0,45.90368981,0.187617261,,True,,
Mannar,Northern,2024,February,0.727185633,0.730726753,Healthy,99.53758,,,,117000,50,0,43.35348482,0.17719408,,True,,
Mannar,Northern,2024,March,0.677516883,0.701147733,Healthy,96.85009733,315.5,299.1,17.6,117000,53,0,45.90368981,0.187617261,,False,,
Mannar,Northern,2024,April,0.668093313,0.683091767,Healthy,97.956988,324.85,294.3,32.6,117000,47,0,40.80327983,0.166770898,,False,,
Mannar,Northern,2024,May,0.69468768,0.67330281,Healthy,102.966027,338.35,303.75,32.7,117000,44,0,38.25307484,0.156347717,,False,,
Mannar,Northern,2024,June,0.70802766,0.650217933,Healthy,108.267758,312.8,286.8,8.8,117000,50,0,43.35348482,0.17719408,,False,,
Mannar,Northern,2024,July,0.69623022,0.62472038,Degraded,110.6022933,318.6,295.6,9.95,117000,56,0,48.4538948,0.198040442,,False,,
Mannar,Northern,2024,August,0.693867683,0.611533847,Degraded,112.4463053,321.45,295.75,8.85,117000,62,0,53.55430477,0.218886804,,False,,
Mannar,Northern,2024,September,0.69573178,0.62242828,Degraded,110.912778,,,,117000,71,0,61.20491974,0.250156348,,True,,
Mannar,Northern,2024,October,0.71250717,0.669382467,Healthy,106.0313613,314.45,294.15,7.65,117000,77,0,66.30532972,0.27100271,,False,,
Mannar,Northern,2024,November,0.734244613,0.7253331,Healthy,101.163228,,,,117000,83,0,71.4057397,0.291849072,,True,,
Mannar,Northern,2024,December,0.746521,0.751651733,Healthy,99.36024667,,,,117000,80,0,68.85553471,0.281425891,,True,,
Matale,Central,2014,January,0.81669152,0.81472279,Healthy,100.2277987,,,,496000,441,4,88.92604249,0.914634146,,True,,
Matale,Central,2014,February,0.801249237,0.799962033,Healthy,100.1502683,,,,496420,416,4,83.91465003,0.863090296,,True,,
Matale,Central,2014,March,0.767106447,0.775617123,Healthy,98.96625167,319.0,304.85,21.05,496830,441,4,88.77748339,0.913106166,,False,,
Matale,Central,2014,April,0.7566378,0.76829087,Healthy,98.57542667,,,,497250,392,4,78.84666479,0.810964369,,True,,
Matale,Central,2014,May,0.766684527,0.769755317,Healthy,99.62544667,323.2875,301.85,16.3875,497670,367,3,73.85636579,0.759637472,,False,,
Matale,Central,2014,June,0.7458746,0.759334443,Healthy,98.33365833,,,,498080,416,4,83.63497946,0.86021379,,True,,
Matale,Central,2014,July,0.715146733,0.74118865,Healthy,96.70740667,323.7142857,300.0285714,22.40714286,498500,465,4,93.39563406,0.960605393,,False,,
Matale,Central,2014,August,0.706438283,0.72781648,Healthy,97.25211267,319.9,295.05,11.375,498920,514,5,103.1398553,1.060827974,,False,,
Matale,Central,2014,September,0.725703447,0.73437527,Healthy,98.889628,326.2923077,296.5230769,27.52307692,499330,588,6,117.7773338,1.211379346,,False,,
Matale,Central,2014,October,0.776653197,0.764674647,Healthy,101.4655947,349.65,294.25,65.85,499750,637,6,127.4848807,1.311224718,,False,,
Matale,Central,2014,November,0.80368602,0.7938021,Healthy,101.1731413,313.0,299.8,10.0,500170,686,7,137.1761243,1.410902407,,False,,
Matale,Central,2014,December,0.810365647,0.808937357,Healthy,100.1674217,,,,500580,661,6,132.1686356,1.359398707,,True,,
Matale,Central,2015,January,0.80946966,0.81472279,Healthy,99.392428,,,,501000,473,5,94.50854389,1.066160362,,True,,
Matale,Central,2015,February,0.795326333,0.799962033,Healthy,99.45505533,,,,501580,447,5,89.15485602,1.005764872,,True,,
Matale,Central,2015,March,0.77746564,0.775617123,Healthy,100.2265067,,,,502170,473,5,94.28834954,1.063676328,,True,,
Matale,Central,2015,April,0.780926867,0.76829087,Healthy,101.5439227,,,,502750,420,4,83.71517629,0.9443993,,True,,
Matale,Central,2015,May,0.7847801,0.769755317,Healthy,101.8331633,,,,503330,394,4,78.39253983,0.884354104,,True,,
Matale,Central,2015,June,0.781452223,0.759334443,Healthy,102.7331533,320.9,299.8,37.5,503920,447,5,88.74085705,1.001094508,,False,,
Matale,Central,2015,July,0.758021367,0.74118865,Healthy,102.126092,321.6166667,297.6166667,15.23333333,504500,499,5,99.06693418,1.11758402,,False,,
Matale,Central,2015,August,0.749626887,0.72781648,Healthy,102.8051633,309.6,294.05,18.25,505080,552,6,109.3692958,1.233805995,,False,,
Matale,Central,2015,September,0.7749935,0.73437527,Healthy,105.1749167,,,,505670,631,7,124.8476424,1.408418775,,True,,
Matale,Central,2015,October,0.80634822,0.764674647,Healthy,105.1226387,315.8,297.0,9.5,506250,683,7,135.0966576,1.524038944,,False,,
Matale,Central,2015,November,0.817447733,0.7938021,Healthy,102.8051733,,,,506830,736,8,145.3222156,1.639394489,,True,,
Matale,Central,2015,December,0.82378358,0.808937357,Healthy,101.72917,,,,507420,710,8,139.9691986,1.579006567,,True,,
Matale,Central,2016,January,0.822002953,0.81472279,Healthy,100.8414467,,,,508000,411,4,81.04954868,0.821010179,,True,,
Matale,Central,2016,February,0.799841767,0.799962033,Healthy,99.98533467,,,,508500,388,3,76.47152873,0.774636065,,True,,
Matale,Central,2016,March,0.7755776,0.775617123,Healthy,99.994828,,,,509000,411,4,80.89031578,0.819397192,,True,,
Matale,Central,2016,April,0.768909453,0.76829087,Healthy,100.07525,323.9,303.4,10.7,509500,365,3,71.83194109,0.727638287,,False,,
Matale,Central,2016,May,0.78462237,0.769755317,Healthy,101.8145133,,,,510000,343,3,67.27642276,0.681492109,,True,,
Matale,Central,2016,June,0.783914867,0.759334443,Healthy,103.037347,316.2,296.6,9.8,510500,388,3,76.1719341,0.771601252,,False,,
Matale,Central,2016,July,0.767337283,0.74118865,Healthy,103.305085,320.3,297.25,12.25,511000,434,4,85.05003739,0.861534056,,False,,
Matale,Central,2016,August,0.738483067,0.72781648,Healthy,101.369228,318.3461538,293.9846154,18.12307692,511500,480,4,93.91078368,0.951291038,,False,,
Matale,Central,2016,September,0.701607933,0.73437527,Healthy,95.83340033,323.6217391,301.2,20.59130435,512000,548,5,107.2217988,1.086128049,,False,,
Matale,Central,2016,October,0.7053766,0.764674647,Healthy,92.71729,320.69375,297.275,46.93125,512500,594,6,116.0436248,1.175490779,,False,,
Matale,Central,2016,November,0.767956693,0.7938021,Healthy,96.92906333,,,,513000,640,6,124.8482543,1.264679313,,True,,
Matale,Central,2016,December,0.80654224,0.808937357,Healthy,99.72003667,,,,513500,617,6,120.2721638,1.218324744,,True,,
Matale,Central,2017,January,0.817584067,0.81472279,Healthy,100.3311513,,,,514000,406,6,79.03577868,1.224257379,,True,,
Matale,Central,2017,February,0.810453213,0.799962033,Healthy,101.23681,,,,514420,383,5,74.583958,1.155299061,,True,,
Matale,Central,2017,March,0.795435823,0.775617123,Healthy,102.4014467,,,,514830,406,6,78.90835857,1.222283652,,True,,
Matale,Central,2017,April,0.779449253,0.76829087,Healthy,101.3643967,318.3,301.1,11.8,515250,361,5,70.08358875,1.085588731,,False,,
Matale,Central,2017,May,0.77819948,0.769755317,Healthy,101.0305267,352.2,295.1,62.3,515670,338,5,65.64985075,1.016910512,,False,,
Matale,Central,2017,June,0.770815403,0.759334443,Healthy,101.4180633,320.58,298.26,11.82,516080,383,5,74.34405456,1.151582978,,False,,
Matale,Central,2017,July,0.748741267,0.74118865,Healthy,100.9531363,313.2,292.65,12.35,516500,428,6,83.02284765,1.286016732,,False,,
Matale,Central,2017,August,0.741969117,0.72781648,Healthy,101.8210517,323.1727273,296.4181818,23.15454545,516920,473,7,91.68753763,1.420232031,,False,,
Matale,Central,2017,September,0.775715937,0.73437527,Healthy,105.26635,317.9666667,298.3,15.91666667,517330,541,8,104.7027113,1.621835947,,False,,
Matale,Central,2017,October,0.802513403,0.764674647,Healthy,104.6549967,321.5333333,296.5,15.66666667,517750,586,9,113.3359243,1.755563669,,False,,
Matale,Central,2017,November,0.8097189,0.7938021,Healthy,101.8894267,,,,518170,631,9,121.955142,1.889074606,,True,,
Matale,Central,2017,December,0.811068147,0.808937357,Healthy,100.24964,,,,518580,609,9,117.5066246,1.820167455,,True,,
Matale,Central,2018,January,0.80886615,0.81472279,Healthy,99.32262333,,,,519000,441,5,84.99929508,1.057380516,,True,,
Matale,Central,2018,February,0.794569133,0.799962033,Healthy,99.36596533,,,,519250,416,5,80.23846151,0.998156347,,True,,
Matale,Central,2018,March,0.773614387,0.775617123,Healthy,99.75852667,315.3,297.5,10.0,519500,441,5,84.91748633,1.056362825,,False,,
Matale,Central,2018,April,0.77208357,0.76829087,Healthy,100.4630647,,,,519750,392,4,75.44590309,0.938537524,,True,,
Matale,Central,2018,May,0.78327212,0.769755317,Healthy,101.649228,,,,520000,367,4,70.69652908,0.87945591,,True,,
Matale,Central,2018,June,0.77450745,0.759334443,Healthy,101.8741367,313.0,291.0,8.4,520250,416,5,80.08423092,0.996237737,,False,,
Matale,Central,2018,July,0.75249798,0.74118865,Healthy,101.4284417,308.3,292.65,5.8,520500,465,5,89.4629148,1.112907383,,False,,
Matale,Central,2018,August,0.73999255,0.72781648,Healthy,101.5660517,315.8909091,292.8,13.43636364,520750,514,6,98.8325937,1.229465007,,False,,
Matale,Central,2018,September,0.76149099,0.73437527,Healthy,103.4527737,322.66,302.5,23.16,521000,588,7,112.8973363,1.404428632,,False,,
Matale,Central,2018,October,0.80057412,0.764674647,Healthy,104.411568,,,,521250,637,7,122.2467879,1.520734632,,True,,
Matale,Central,2018,November,0.811807943,0.7938021,Healthy,102.1369653,,,,521500,686,8,131.5872756,1.636929121,,True,,
Matale,Central,2018,December,0.816361687,0.808937357,Healthy,100.8653933,,,,521750,661,8,126.8269309,1.577711033,,True,,
Matale,Central,2019,January,0.81434228,0.81472279,Healthy,99.95568667,,,,522000,486,9,93.1595178,1.738155313,,True,,
Matale,Central,2019,February,0.79142635,0.799962033,Healthy,98.99285667,,,,522250,459,8,87.94187128,1.640805302,,True,,
Matale,Central,2019,March,0.750675567,0.775617123,Healthy,96.97452667,326.22,306.48,15.96,522500,486,9,93.07036994,1.736492006,,False,,
Matale,Central,2019,April,0.73638458,0.76829087,Healthy,96.10047967,322.5,301.85,16.35,522750,432,8,82.6896533,1.542810263,,False,,
Matale,Central,2019,May,0.747614417,0.769755317,Healthy,97.29957833,321.08,299.58,17.82,523000,405,7,77.48449377,1.445693233,,False,,
Matale,Central,2019,June,0.738448267,0.759334443,Healthy,97.41767667,319.95,301.1,32.9,523250,459,8,87.77380273,1.637669506,,False,,
Matale,Central,2019,July,0.717071127,0.74118865,Healthy,96.95291333,316.1666667,297.3333333,9.566666667,523500,513,9,98.05328426,1.829462421,,False,,
Matale,Central,2019,August,0.719185567,0.72781648,Healthy,98.89196,318.1,287.2333333,41.96666667,523750,567,10,108.3229524,2.021072239,,False,,
Matale,Central,2019,September,0.745205467,0.73437527,Healthy,101.37679,327.02,301.98,17.72,524000,648,12,123.7385962,2.308694843,,False,,
Matale,Central,2019,October,0.78384224,0.764674647,Healthy,102.355308,,,,524250,702,13,133.9862211,2.499893382,,True,,
Matale,Central,2019,November,0.8044955,0.7938021,Healthy,101.268565,,,,524500,756,14,144.2240771,2.690909655,,True,,
Matale,Central,2019,December,0.81667958,0.808937357,Healthy,100.901745,,,,524750,729,13,139.0069603,2.593569528,,True,,
Matale,Central,2020,January,0.818397973,0.81472279,Healthy,100.4246567,,,,525000,271,3,51.79094077,0.738675958,,True,,
Matale,Central,2020,February,0.79104622,0.799962033,Healthy,98.94717333,,,,525420,256,3,48.87456663,0.69708074,,True,,
Matale,Central,2020,March,0.754595,0.775617123,Healthy,97.451992,319.4,300.7,13.2,525830,271,3,51.709191,0.73750999,,False,,
Matale,Central,2020,April,0.751514933,0.76829087,Healthy,97.94881667,321.0,305.1,8.4,526250,241,3,45.92704169,0.65504123,,False,,
Matale,Central,2020,May,0.782978567,0.769755317,Healthy,101.6148183,,,,526670,226,3,43.02226553,0.61361143,,True,,
Matale,Central,2020,June,0.80043432,0.759334443,Healthy,105.0821847,325.0,298.2666667,16.3,527080,256,3,48.72063974,0.694885335,,False,,
Matale,Central,2020,July,0.802694,0.74118865,Healthy,107.77735,,,,527500,287,4,54.40912419,0.776018187,,True,,
Matale,Central,2020,August,0.7885522,0.72781648,Healthy,107.807368,312.1833333,297.55,8.183333333,527920,317,4,60.08855739,0.857021943,,False,,
Matale,Central,2020,September,0.7697353,0.73437527,Healthy,104.5158567,322.7,297.3,11.55,528330,362,5,68.61934499,0.978693564,,False,,
Matale,Central,2020,October,0.763870113,0.764674647,Healthy,99.91505133,338.88,301.28,67.16,528750,392,5,74.27857541,1.059409176,,False,,
Matale,Central,2020,November,0.780260133,0.7938021,Healthy,98.39402333,,,,529170,422,6,79.92882242,1.13999666,,True,,
Matale,Central,2020,December,0.80511292,0.808937357,Healthy,99.55313333,,,,529580,407,5,77.01455088,1.098431431,,True,,
Matale,Central,2021,January,0.82124424,0.81472279,Healthy,100.7543667,,,,530000,146,2,27.66682006,0.497008744,,True,,
Matale,Central,2021,February,0.805037317,0.799962033,Healthy,100.5960113,,,,530000,138,2,26.12977451,0.469397147,,True,,
Matale,Central,2021,March,0.77777759,0.775617123,Healthy,100.26147,,,,530000,146,2,27.66682006,0.497008744,,True,,
Matale,Central,2021,April,0.77433381,0.76829087,Healthy,100.7380483,317.35,298.3,11.3,530000,130,2,24.59272895,0.44178555,,False,,
Matale,Central,2021,May,0.786973617,0.769755317,Healthy,102.10118,,,,530000,122,2,23.05568339,0.414173953,,True,,
Matale,Central,2021,June,0.793198487,0.759334443,Healthy,104.1873853,,,,530000,138,2,26.12977451,0.469397147,,True,,
Matale,Central,2021,July,0.794097,0.74118865,Healthy,106.690642,,,,530000,154,2,29.20386562,0.524620341,,True,,
Matale,Central,2021,August,0.782564167,0.72781648,Healthy,107.03796,313.75,292.1,8.9,530000,171,3,32.27795674,0.579843534,,False,,
Matale,Central,2021,September,0.771325333,0.73437527,Healthy,104.7155133,314.2,294.5,22.5,530000,195,3,36.88909342,0.662678325,,False,,
Matale,Central,2021,October,0.788197997,0.764674647,Healthy,102.892085,,,,530000,211,3,39.96318454,0.717901519,,True,,
Matale,Central,2021,November,0.808170633,0.7938021,Healthy,101.7044937,,,,530000,228,4,43.03727566,0.773124712,,True,,
Matale,Central,2021,December,0.81549999,0.808937357,Healthy,100.76491,,,,530000,219,3,41.5002301,0.745513116,,True,,
Matale,Central,2022,January,0.81727709,0.81472279,Healthy,100.29524,,,,530000,334,5,63.10630465,1.118269673,,True,,
Matale,Central,2022,February,0.80132882,0.799962033,Healthy,100.1611667,319.1,304.5,9.8,529580,315,5,59.6476668,1.056981188,,False,,
Matale,Central,2022,March,0.77922832,0.775617123,Healthy,100.4381687,311.3,295.9,6.0,529170,334,5,63.20528651,1.120023673,,False,,
Matale,Central,2022,April,0.777832323,0.76829087,Healthy,101.1656883,,,,528750,297,5,56.22710412,0.99636741,,True,,
Matale,Central,2022,May,0.78073281,0.769755317,Healthy,101.33903,,,,528330,278,4,52.75481464,0.934837013,,True,,
Matale,Central,2022,June,0.772889523,0.759334443,Healthy,101.6766187,319.4,298.7,6.6,527920,315,5,59.83522386,1.060304776,,False,,
Matale,Central,2022,July,0.774401483,0.74118865,Healthy,104.2041827,310.31,287.03,9.23,527500,353,6,66.92790814,1.185990059,,False,,
Matale,Central,2022,August,0.783402967,0.72781648,Healthy,107.1472,314.4,292.7,8.2,527080,390,6,74.03189593,1.311875644,,False,,
Matale,Central,2022,September,0.786920367,0.73437527,Healthy,106.7020767,319.1333333,298.8666667,15.9,526670,445,7,84.67374628,1.500453609,,False,,
Matale,Central,2022,October,0.802282057,0.764674647,Healthy,104.6246547,,,,526250,483,8,91.8031014,1.626788714,,True,,
Matale,Central,2022,November,0.8095522,0.7938021,Healthy,101.87037,311.2,296.0,7.9,525830,520,9,98.94384549,1.753325637,,False,,
Matale,Central,2022,December,0.811348247,0.808937357,Healthy,100.2819253,314.3,289.1,9.5,525420,501,8,95.48458794,1.69202617,,False,,
Matale,Central,2023,January,0.81207612,0.81472279,Healthy,99.69406667,,,,525000,390,8,74.3554007,1.630662021,,True,,
Matale,Central,2023,February,0.801526833,0.799962033,Healthy,100.18498,,,,524580,368,8,70.28076972,1.541302729,,True,,
Matale,Central,2023,March,0.782247243,0.775617123,Healthy,100.8047363,310.35,295.0,6.5,524170,390,8,74.47313918,1.633244102,,False,,
Matale,Central,2023,April,0.7798214,0.76829087,Healthy,101.4089233,,,,523750,346,7,66.25143101,1.452936725,,True,,
Matale,Central,2023,May,0.788748233,0.769755317,Healthy,102.3175547,,,,523330,325,7,62.16056371,1.36322136,,True,,
Matale,Central,2023,June,0.791471133,0.759334443,Healthy,103.97293,322.4,299.2,12.1,522920,368,8,70.50387474,1.546195566,,False,,
Matale,Central,2023,July,0.77380396,0.74118865,Healthy,104.1189283,320.7222222,298.0333333,19.21111111,522500,412,9,78.86178862,1.729490022,,False,,
Matale,Central,2023,August,0.744672613,0.72781648,Healthy,102.1666367,319.2666667,296.5777778,15.92222222,522080,455,9,87.23314995,1.91307939,,False,,
Matale,Central,2023,September,0.75667211,0.73437527,Healthy,102.8408817,308.5666667,282.2666667,8.933333333,521670,520,11,99.77338257,2.188094801,,False,,
Matale,Central,2023,October,0.789046757,0.764674647,Healthy,102.9953637,,,,521250,563,12,108.1749235,2.372346026,,True,,
Matale,Central,2023,November,0.806888017,0.7938021,Healthy,101.5523717,,,,520830,607,13,116.5900145,2.556894413,,True,,
Matale,Central,2023,December,0.81901191,0.808937357,Healthy,101.17296,,,,520420,585,12,112.5146575,2.467519199,,True,,
Matale,Central,2024,January,0.827578543,0.81472279,Healthy,101.4868133,,,,520000,387,6,74.46529081,1.252345216,,True,,
Matale,Central,2024,February,0.804122847,0.799962033,Healthy,100.48486,,,,520000,365,6,70.32833021,1.182770482,,True,,
Matale,Central,2024,March,0.76425025,0.775617123,Healthy,98.62100667,317.1,301.1,11.66666667,520000,387,6,74.46529081,1.252345216,,False,,
Matale,Central,2024,April,0.756708443,0.76829087,Healthy,98.58392,,,,520000,344,5,66.19136961,1.113195747,,True,,
Matale,Central,2024,May,0.7866328,0.769755317,Healthy,102.0610033,,,,520000,322,5,62.05440901,1.043621013,,True,,
Matale,Central,2024,June,0.806482567,0.759334443,Healthy,105.8283147,,,,520000,365,6,70.32833021,1.182770482,,True,,
Matale,Central,2024,July,0.796041773,0.74118865,Healthy,106.9334467,315.1333333,292.8,8.9,520000,408,6,78.60225141,1.32191995,,False,,
Matale,Central,2024,August,0.786201507,0.72781648,Healthy,107.5067033,,,,520000,451,7,86.87617261,1.461069418,,True,,
Matale,Central,2024,September,0.786471617,0.73437527,Healthy,106.6454733,311.4428571,294.1571429,9.085714286,520000,516,8,99.28705441,1.669793621,,False,,
Matale,Central,2024,October,0.794771113,0.764674647,Healthy,103.7086167,312.9,284.8,6.45,520000,559,9,107.5609756,1.808943089,,False,,
Matale,Central,2024,November,0.798887053,0.7938021,Healthy,100.6051247,,,,520000,602,10,115.8348968,1.948092558,,True,,
Matale,Central,2024,December,0.8085149,0.808937357,Healthy,99.95091,,,,520000,580,9,111.6979362,1.878517824,,True,,
Matara,Southern,2014,January,0.809236723,0.816498163,Healthy,99.16083333,,,,832000,513,4,61.68503752,0.580440901,,True,,
Matara,Southern,2014,February,0.786751247,0.794317213,Healthy,99.104642,,,,832670,484,4,58.21121418,0.547753085,,True,,
Matara,Southern,2014,March,0.778008533,0.782558167,Healthy,99.45361,,,,833330,513,4,61.58658781,0.579514513,,True,,
Matara,Southern,2014,April,0.786432437,0.78895477,Healthy,99.69930667,,,,834000,456,4,54.69965491,0.514710183,,True,,
Matara,Southern,2014,May,0.795344403,0.802598423,Healthy,99.15038867,320.9,297.0,16.9,834670,427,4,51.23976264,0.482153455,,False,,
Matara,Southern,2014,June,0.79865724,0.811229313,Healthy,98.54020667,,,,835330,484,4,58.02584812,0.546008836,,True,,
Matara,Southern,2014,July,0.80229825,0.8077109,Healthy,99.36966367,,,,836000,541,5,64.80044346,0.609756098,,True,,
Matara,Southern,2014,August,0.80682732,0.79976131,Healthy,100.8324417,315.875,292.225,27.5,836670,598,5,71.5641887,0.673401262,,False,,
Matara,Southern,2014,September,0.8115812,0.796465063,Healthy,101.78577,,,,837330,684,6,81.72317759,0.768994828,,True,,
Matara,Southern,2014,October,0.8181923,0.802403333,Healthy,101.85255,,,,838000,741,6,88.4626579,0.832411665,,True,,
Matara,Southern,2014,November,0.8277786,0.81549072,Healthy,101.42032,,,,838670,798,7,95.19137008,0.895727178,,True,,
Matara,Southern,2014,December,0.834721333,0.825264327,Healthy,101.08053,,,,839330,769,7,91.71949868,0.863057729,,True,,
Matara,Southern,2015,January,0.82587092,0.816498163,Healthy,101.0816153,,,,840000,534,4,63.60627178,0.487804878,,True,,
Matara,Southern,2015,February,0.79998803,0.794317213,Healthy,100.6705333,,,,840670,504,3,60.02471316,0.460337433,,True,,
Matara,Southern,2015,March,0.785256403,0.782558167,Healthy,100.3240833,315.25,299.45,7.15,841330,534,4,63.50572105,0.487033741,,False,,
Matara,Southern,2015,April,0.79616152,0.78895477,Healthy,100.8580383,,,,842000,474,3,56.40461155,0.432574397,,True,,
Matara,Southern,2015,May,0.81745469,0.802598423,Healthy,101.7414253,,,,842670,445,3,52.83727941,0.405216057,,True,,
Matara,Southern,2015,June,0.833588013,0.811229313,Healthy,102.5959667,,,,843330,504,3,59.83538545,0.458885454,,True,,
Matara,Southern,2015,July,0.837510247,0.8077109,Healthy,103.47473,,,,844000,563,4,66.82175471,0.51246484,,True,,
Matara,Southern,2015,August,0.829270067,0.79976131,Healthy,103.472225,,,,844670,623,4,73.79704067,0.565959227,,True,,
Matara,Southern,2015,September,0.82231451,0.796465063,Healthy,103.053818,,,,845330,712,5,84.27362615,0.646305542,,True,,
Matara,Southern,2015,October,0.827064913,0.802403333,Healthy,102.8936683,313.4,296.0,8.4,846000,771,5,91.22412501,0.699609833,,False,,
Matara,Southern,2015,November,0.83360514,0.81549072,Healthy,102.0941543,,,,846670,831,6,98.16362352,0.752829761,,True,,
Matara,Southern,2015,December,0.83585637,0.825264327,Healthy,101.2103633,,,,847330,801,6,94.58404924,0.725377535,,True,,
Matara,Southern,2016,January,0.82387777,0.816498163,Healthy,100.8516737,316.5,300.4,7.6,848000,415,2,49.03647032,0.258858721,,False,,
Matara,Southern,2016,February,0.800894853,0.794317213,Healthy,100.7786017,,,,848670,392,2,46.27565983,0.244284673,,True,,
Matara,Southern,2016,March,0.786953827,0.782558167,Healthy,100.5279267,321.1,302.1,9.15,849330,415,2,48.95968214,0.258453363,,False,,
Matara,Southern,2016,April,0.79632819,0.78895477,Healthy,100.8779947,,,,850000,369,1,43.48541368,0.229555237,,True,,
Matara,Southern,2016,May,0.814587153,0.802598423,Healthy,101.406187,,,,850670,346,1,40.73546619,0.215038533,,True,,
Matara,Southern,2016,June,0.817250393,0.811229313,Healthy,100.6993673,,,,851330,392,2,46.13107048,0.2435214,,True,,
Matara,Southern,2016,July,0.808758067,0.8077109,Healthy,100.1219733,,,,852000,438,2,51.5177106,0.271956945,,True,,
Matara,Southern,2016,August,0.79936578,0.79976131,Healthy,99.95318133,316.25,295.1,13.05,852670,485,2,56.89588544,0.300347803,,False,,
Matara,Southern,2016,September,0.788265767,0.796465063,Healthy,99.03142,316.7,298.0,12.5,853330,554,2,64.97357697,0.342989145,,False,,
Matara,Southern,2016,October,0.79035382,0.802403333,Healthy,98.586198,,,,854000,600,3,70.33281925,0.371280059,,True,,
Matara,Southern,2016,November,0.80707688,0.81549072,Healthy,99.02726333,,,,854670,646,3,75.68365901,0.399526618,,True,,
Matara,Southern,2016,December,0.822907667,0.825264327,Healthy,99.73048,,,,855330,623,3,72.92435697,0.384960533,,True,,
Matara,Southern,2017,January,0.823975177,0.816498163,Healthy,100.8649987,,,,856000,485,1,56.69022111,0.196603602,,True,,
Matara,Southern,2017,February,0.808291467,0.794317213,Healthy,101.6554933,,,,856170,458,1,53.5301334,0.185644311,,True,,
Matara,Southern,2017,March,0.794987173,0.782558167,Healthy,101.4927467,,,,856330,485,1,56.66837465,0.196527837,,True,,
Matara,Southern,2017,April,0.793519647,0.78895477,Healthy,100.54541,322.6,298.2,14.4,856500,431,1,50.36189066,0.174656738,,False,,
Matara,Southern,2017,May,0.800557247,0.802598423,Healthy,99.76118167,,,,856670,404,1,47.20490316,0.163708199,,True,,
Matara,Southern,2017,June,0.80822135,0.811229313,Healthy,99.65066833,,,,856830,458,1,53.48890014,0.185501312,,True,,
Matara,Southern,2017,July,0.809606833,0.8077109,Healthy,100.2213633,,,,857000,512,1,59.76985324,0.20728387,,True,,
Matara,Southern,2017,August,0.80784274,0.79976131,Healthy,100.951535,,,,857170,566,1,66.04831497,0.229057787,,True,,
Matara,Southern,2017,September,0.81009569,0.796465063,Healthy,101.61029,,,,857330,647,2,75.46970131,0.261731473,,True,,
Matara,Southern,2017,October,0.814208517,0.802403333,Healthy,101.3854367,,,,857500,700,2,81.74263434,0.283486217,,True,,
Matara,Southern,2017,November,0.8225205,0.81549072,Healthy,100.8128453,,,,857670,754,2,88.01308063,0.305232336,,True,,
Matara,Southern,2017,December,0.82983335,0.825264327,Healthy,100.5220133,,,,857830,727,2,84.85392665,0.294276284,,True,,
Matara,Southern,2018,January,0.82290767,0.816498163,Healthy,100.7404347,,,,858000,540,3,62.94559099,0.426402865,,True,,
Matara,Southern,2018,February,0.80461791,0.794317213,Healthy,101.2206587,,,,858420,510,3,59.41952724,0.402516781,,True,,
Matara,Southern,2018,March,0.79421451,0.782558167,Healthy,101.400075,,,,858830,540,3,62.88475842,0.425990776,,True,,
Matara,Southern,2018,April,0.80309655,0.78895477,Healthy,101.68501,319.1,302.1,5.8,859250,480,3,55.8702404,0.37847338,,False,,
Matara,Southern,2018,May,0.81978202,0.802598423,Healthy,102.0156847,,,,859670,450,3,52.35276043,0.354645444,,True,,
Matara,Southern,2018,June,0.819046123,0.811229313,Healthy,100.9080167,,,,860080,510,3,59.3048444,0.401739902,,True,,
Matara,Southern,2018,July,0.79967948,0.8077109,Healthy,99.06244667,,,,860500,570,3,66.2495335,0.448784267,,True,,
Matara,Southern,2018,August,0.781702563,0.79976131,Healthy,97.87458467,317.3,296.3,14.7,860920,630,4,73.18744667,0.49578273,,False,,
Matara,Southern,2018,September,0.783082877,0.796465063,Healthy,98.41892,319.7666667,297.6666667,14.46666667,861330,720,4,83.60298155,0.566339124,,False,,
Matara,Southern,2018,October,0.803428187,0.802403333,Healthy,100.1190067,,,,861750,780,5,90.52575469,0.613235027,,True,,
Matara,Southern,2018,November,0.820477763,0.81549072,Healthy,100.5765767,,,,862170,840,5,97.44178308,0.66008524,,True,,
Matara,Southern,2018,December,0.825183713,0.825264327,Healthy,99.99099,,,,862580,810,5,93.91705768,0.636208222,,True,,
Matara,Southern,2019,January,0.813552967,0.816498163,Healthy,99.659922,,,,863000,550,2,63.81030438,0.322188622,,True,,
Matara,Southern,2019,February,0.7908316,0.794317213,Healthy,99.58701033,316.3,297.2333333,7.766666667,863250,520,2,60.24783445,0.304201131,,False,,
Matara,Southern,2019,March,0.777782033,0.782558167,Healthy,99.42627833,,,,863500,550,2,63.77335574,0.322002062,,True,,
Matara,Southern,2019,April,0.7851282,0.78895477,Healthy,99.54345,,,,863750,489,2,56.67101997,0.286141212,,True,,
Matara,Southern,2019,May,0.80357435,0.802598423,Healthy,100.1136113,,,,864000,458,2,53.11370822,0.268179765,,True,,
Matara,Southern,2019,June,0.81798032,0.811229313,Healthy,100.7837487,,,,864250,520,2,60.17812333,0.303849148,,True,,
Matara,Southern,2019,July,0.820998283,0.8077109,Healthy,101.5496167,,,,864500,581,2,67.2384526,0.3394979,,True,,
Matara,Southern,2019,August,0.81960341,0.79976131,Healthy,102.335472,,,,864750,642,3,74.29469958,0.375126041,,True,,
Matara,Southern,2019,September,0.818485453,0.796465063,Healthy,102.6014717,,,,865000,734,3,84.88368814,0.428591569,,True,,
Matara,Southern,2019,October,0.820313643,0.802403333,Healthy,102.1020333,,,,865250,795,4,91.93075924,0.464173379,,True,,
Matara,Southern,2019,November,0.82467433,0.81549072,Healthy,101.0622887,,,,865500,856,4,98.97375923,0.499734633,,True,,
Matara,Southern,2019,December,0.828890557,0.825264327,Healthy,100.4143683,,,,865750,826,4,95.41142249,0.481747815,,True,,
Matara,Southern,2020,January,0.821104247,0.816498163,Healthy,100.5314787,,,,866000,355,1,41.02968512,0.228130457,,True,,
Matara,Southern,2020,February,0.792205977,0.794317213,Healthy,99.74755333,,,,866580,335,1,38.72432271,0.215312338,,True,,
Matara,Southern,2020,March,0.769699123,0.782558167,Healthy,98.45524133,319.5666667,299.1833333,14.08333333,867170,355,1,40.9743272,0.227822659,,False,,
Matara,Southern,2020,April,0.779106833,0.78895477,Healthy,98.824532,332.1,300.7,20.6,867750,315,1,36.39728014,0.202373675,,False,,
Matara,Southern,2020,May,0.805620507,0.802598423,Healthy,100.3527087,,,,868330,296,1,34.09965808,0.189598593,,True,,
Matara,Southern,2020,June,0.82688031,0.811229313,Healthy,101.8169833,,,,868920,335,1,38.62003818,0.214732502,,True,,
Matara,Southern,2020,July,0.83412223,0.8077109,Healthy,103.0797613,,,,869500,375,2,43.13477982,0.239835061,,True,,
Matara,Southern,2020,August,0.8246718,0.79976131,Healthy,102.9307833,,,,870080,414,2,47.64350236,0.264904152,,True,,
Matara,Southern,2020,September,0.812319613,0.796465063,Healthy,101.873085,,,,870670,473,2,54.41281973,0.302542449,,True,,
Matara,Southern,2020,October,0.8125521,0.802403333,Healthy,101.1912733,,,,871250,513,2,58.90797961,0.32753613,,True,,
Matara,Southern,2020,November,0.819813623,0.81549072,Healthy,100.5000967,,,,871830,552,3,63.39715852,0.352496557,,True,,
Matara,Southern,2020,December,0.829986313,0.825264327,Healthy,100.5392883,,,,872420,532,2,61.0916313,0.339677522,,True,,
Matara,Southern,2021,January,0.83289999,0.816498163,Healthy,101.8951567,,,,873000,171,0,19.61277345,0.075433744,,True,,
Matara,Southern,2021,February,0.81140593,0.794317213,Healthy,102.0226,,,,873080,161,0,18.52147765,0.071236453,,True,,
Matara,Southern,2021,March,0.791523923,0.782558167,Healthy,101.0766387,314.0,301.4,16.2,873170,171,0,19.60895498,0.075419058,,False,,
Matara,Southern,2021,April,0.79378033,0.78895477,Healthy,100.5751337,,,,873250,152,0,17.42858539,0.067033021,,True,,
Matara,Southern,2021,May,0.809191413,0.802598423,Healthy,100.772935,,,,873330,142,0,16.33780207,0.0628377,,True,,
Matara,Southern,2021,June,0.823194853,0.811229313,Healthy,101.3891653,,,,873420,161,0,18.51426771,0.071208722,,True,,
Matara,Southern,2021,July,0.827784577,0.8077109,Healthy,102.3407933,,,,873500,180,0,20.69052173,0.07957893,,True,,
Matara,Southern,2021,August,0.822231603,0.79976131,Healthy,102.64425,,,,873580,199,0,22.86637716,0.087947604,,True,,
Matara,Southern,2021,September,0.816050403,0.796465063,Healthy,102.3138233,,,,873670,228,0,26.13031041,0.100501194,,True,,
Matara,Southern,2021,October,0.81812904,0.802403333,Healthy,101.845348,,,,873750,247,0,28.30524443,0.108866325,,True,,
Matara,Southern,2021,November,0.82691792,0.81549072,Healthy,101.3210233,,,,873830,266,1,30.47978021,0.117229924,,True,,
Matara,Southern,2021,December,0.831429033,0.825264327,Healthy,100.7044383,,,,873920,256,0,29.3881898,0.113031499,,True,,
Matara,Southern,2022,January,0.82578118,0.816498163,Healthy,101.0727433,,,,874000,438,3,50.22325166,0.426968801,,True,,
Matara,Southern,2022,February,0.8100256,0.794317213,Healthy,101.861825,,,,873580,414,3,47.4558759,0.403442185,,True,,
Matara,Southern,2022,March,0.8020162,0.782558167,Healthy,102.3371967,,,,873170,438,3,50.27099185,0.42737466,,True,,
Matara,Southern,2022,April,0.806901703,0.78895477,Healthy,102.1399987,,,,872750,390,3,44.70683034,0.380071403,,True,,
Matara,Southern,2022,May,0.811074347,0.802598423,Healthy,100.995725,,,,872330,365,3,41.93283309,0.356488496,,True,,
Matara,Southern,2022,June,0.813232453,0.811229313,Healthy,100.23257,,,,871920,414,3,47.5462245,0.404210277,,True,,
Matara,Southern,2022,July,0.8172436,0.8077109,Healthy,101.1118567,,,,871500,463,3,53.16550756,0.451982145,,True,,
Matara,Southern,2022,August,0.806751293,0.79976131,Healthy,100.8219033,,,,871080,512,4,58.79020941,0.49980008,,True,,
Matara,Southern,2022,September,0.795496557,0.796465063,Healthy,99.88561,,,,870670,585,4,67.22045008,0.57146907,,True,,
Matara,Southern,2022,October,0.802011073,0.802403333,Healthy,99.953596,,,,870250,634,5,72.85729967,0.619390279,,True,,
Matara,Southern,2022,November,0.817011943,0.81549072,Healthy,100.1757147,,,,869830,682,5,78.49959281,0.667357765,,True,,
Matara,Southern,2022,December,0.827461547,0.825264327,Healthy,100.251,,,,869420,658,5,75.73173257,0.643827031,,True,,
Matara,Southern,2023,January,0.82388288,0.816498163,Healthy,100.8540347,,,,869000,582,3,67.07457408,0.446265682,,True,,
Matara,Southern,2023,February,0.81063247,0.794317213,Healthy,101.93427,,,,868670,550,3,63.37227428,0.421633258,,True,,
Matara,Southern,2023,March,0.804956397,0.782558167,Healthy,102.6903833,,,,868330,582,3,67.12632856,0.446610019,,True,,
Matara,Southern,2023,April,0.808017083,0.78895477,Healthy,102.2732033,,,,868000,518,3,59.69053239,0.397137612,,True,,
Matara,Southern,2023,May,0.814258077,0.802598423,Healthy,101.3684013,,,,867670,485,3,55.98115727,0.372458114,,True,,
Matara,Southern,2023,June,0.821366683,0.811229313,Healthy,101.1770133,,,,867330,550,3,63.47018262,0.42228467,,True,,
Matara,Southern,2023,July,0.820707733,0.8077109,Healthy,101.5152,,,,867000,615,4,70.96426328,0.47214486,,True,,
Matara,Southern,2023,August,0.809850393,0.79976131,Healthy,101.18711,,,,866670,680,4,78.46405094,0.52204302,,True,,
Matara,Southern,2023,September,0.80787262,0.796465063,Healthy,101.3476217,,,,866330,777,5,89.70839423,0.596854744,,True,,
Matara,Southern,2023,October,0.81671965,0.802403333,Healthy,101.6797533,,,,866000,841,5,97.22112695,0.646839032,,True,,
Matara,Southern,2023,November,0.82149657,0.81549072,Healthy,100.69558,,,,865670,906,6,104.7395875,0.696861428,,True,,
Matara,Southern,2023,December,0.823977753,0.825264327,Healthy,99.85302833,,,,865330,874,5,101.0385718,0.672237548,,True,,
Matara,Southern,2024,January,0.821776017,0.816498163,Healthy,100.611028,,,,865000,548,2,63.40053574,0.338361765,,True,,
Matara,Southern,2024,February,0.8043906,0.794317213,Healthy,101.1932537,,,,865000,517,2,59.87828375,0.319563889,,True,,
Matara,Southern,2024,March,0.794635047,0.782558167,Healthy,101.4506867,,,,865000,548,2,63.40053574,0.338361765,,True,,
Matara,Southern,2024,April,0.80702051,0.78895477,Healthy,102.152418,,,,865000,487,2,56.35603177,0.300766013,,True,,
Matara,Southern,2024,May,0.822794867,0.802598423,Healthy,102.3694133,,,,865000,457,2,52.83377978,0.281968138,,True,,
Matara,Southern,2024,June,0.827635833,0.811229313,Healthy,101.9050547,,,,865000,517,2,59.87828375,0.319563889,,True,,
Matara,Southern,2024,July,0.82377948,0.8077109,Healthy,101.87346,,,,865000,578,3,66.92278772,0.357159641,,True,,
Matara,Southern,2024,August,0.819657233,0.79976131,Healthy,102.3418067,,,,865000,639,3,73.9672917,0.394755393,,True,,
Matara,Southern,2024,September,0.819427317,0.796465063,Healthy,102.7127483,,,,865000,731,3,84.53404765,0.45114902,,True,,
Matara,Southern,2024,October,0.81965982,0.802403333,Healthy,102.0255233,,,,865000,792,4,91.57855162,0.488744772,,True,,
Matara,Southern,2024,November,0.8210581,0.81549072,Healthy,100.6450367,,,,865000,853,4,98.62305559,0.526340524,,True,,
Matara,Southern,2024,December,0.823192277,0.825264327,Healthy,99.76329833,,,,865000,822,4,95.10080361,0.507542648,,True,,
Monaragala,Uva,2014,January,0.803148007,0.8022891,Healthy,100.1011933,312.7,299.1,4.9,467000,603,3,129.2160652,0.673734789,,False,,
Monaragala,Uva,2014,February,0.775034013,0.780097653,Healthy,99.38641533,310.1,295.1,4.5,467670,569,2,121.86256,0.635393486,,False,,
Monaragala,Uva,2014,March,0.741981,0.763142747,Healthy,97.39609,,,,468330,603,3,128.8491073,0.671821464,,True,,
Monaragala,Uva,2014,April,0.740143367,0.764463867,Healthy,97.013342,313.6,294.9,15.275,469000,536,2,114.3689219,0.596321528,,False,,
Monaragala,Uva,2014,May,0.74442165,0.761633487,Healthy,97.879007,,,,469670,502,2,107.0679102,0.558253927,,True,,
Monaragala,Uva,2014,June,0.699442643,0.731003187,Healthy,95.94572167,324.1307692,298.8769231,18.33076923,470330,569,2,121.1733536,0.631799952,,False,,
Monaragala,Uva,2014,July,0.6377084,0.685321293,Healthy,93.517755,322.2324324,298.9891892,19.23783784,471000,636,3,135.2363938,0.705124886,,False,,
Monaragala,Uva,2014,August,0.616692457,0.664359003,Healthy,93.32774867,324.0135135,293.9432432,21.92972973,471670,704,3,149.2594812,0.778241505,,False,,
Monaragala,Uva,2014,September,0.65017365,0.67865846,Healthy,96.078822,321.4416667,297.975,27.54583333,472330,804,4,170.3439049,0.888176053,,False,,
Monaragala,Uva,2014,October,0.717845363,0.724169167,Healthy,99.17442667,,,,473000,871,4,184.2778322,0.96082779,,True,,
Monaragala,Uva,2014,November,0.773725263,0.77563148,Healthy,99.767722,,,,473670,938,4,198.1723408,1.033273997,,True,,
Monaragala,Uva,2014,December,0.805759313,0.8032846,Healthy,100.2893153,,,,474330,905,4,190.828861,0.994984967,,True,,
Monaragala,Uva,2015,January,0.8036301,0.8022891,Healthy,100.1560367,,,,475000,738,4,155.4608472,0.862644416,,True,,
Monaragala,Uva,2015,February,0.776725047,0.780097653,Healthy,99.59398533,314.5,293.15,9.0,475670,697,3,146.6173259,0.813572161,,False,,
Monaragala,Uva,2015,March,0.764825447,0.763142747,Healthy,100.2075987,,,,476330,738,4,155.0267723,0.860235756,,True,,
Monaragala,Uva,2015,April,0.77263095,0.764463867,Healthy,101.0023633,312.3,295.7,6.9,477000,656,3,137.6080176,0.763579963,,False,,
Monaragala,Uva,2015,May,0.77860231,0.761633487,Healthy,102.0932333,,,,477670,615,3,128.8265651,0.714852125,,True,,
Monaragala,Uva,2015,June,0.762267013,0.731003187,Healthy,104.00877,,,,478330,697,3,145.8019849,0.809047875,,True,,
Monaragala,Uva,2015,July,0.721501947,0.685321293,Healthy,104.91955,324.708,297.564,16.564,479000,779,4,162.7272264,0.902965188,,False,,
Monaragala,Uva,2015,August,0.701828307,0.664359003,Healthy,105.245497,326.425641,299.925641,17.65897436,479670,861,4,179.6051859,0.996620136,,False,,
Monaragala,Uva,2015,September,0.72856022,0.67865846,Healthy,106.845405,321.3545455,296.8090909,10.22727273,480330,984,5,204.9810268,1.137429399,,False,,
Monaragala,Uva,2015,October,0.77113241,0.724169167,Healthy,106.0792083,,,,481000,1066,5,221.7534608,1.230498791,,True,,
Monaragala,Uva,2015,November,0.806695117,0.77563148,Healthy,103.768692,,,,481670,1148,6,238.4792341,1.323309266,,True,,
Monaragala,Uva,2015,December,0.824855,0.8032846,Healthy,102.5293567,,,,482330,1107,6,229.6474481,1.27430213,,True,,
Monaragala,Uva,2016,January,0.809504623,0.8022891,Healthy,100.843805,,,,483000,505,3,104.6659597,0.80290865,,True,,
Monaragala,Uva,2016,February,0.77358566,0.780097653,Healthy,99.213258,,,,483500,477,3,98.74895957,0.757518434,,True,,
Monaragala,Uva,2016,March,0.750558023,0.763142747,Healthy,98.45195,321.7916667,303.15,18.0,484000,505,3,104.4497077,0.801249748,,False,,
Monaragala,Uva,2016,April,0.757930987,0.764463867,Healthy,99.19665333,320.5666667,299.7666667,22.6,484500,449,3,92.74837021,0.711486991,,False,,
Monaragala,Uva,2016,May,0.7790077,0.761633487,Healthy,102.144848,,,,485000,421,3,86.86195625,0.666331406,,True,,
Monaragala,Uva,2016,June,0.7585724,0.731003187,Healthy,103.529002,324.9,300.2,16.03333333,485500,477,3,98.34216674,0.754397863,,False,,
Monaragala,Uva,2016,July,0.71274605,0.685321293,Healthy,103.7295467,322.5590909,299.6954545,14.55909091,486000,533,4,109.7987554,0.842283114,,False,,
Monaragala,Uva,2016,August,0.682574197,0.664359003,Healthy,102.5491167,323.1190476,297.2428571,19.25952381,486500,589,4,121.2317951,0.929987717,,False,,
Monaragala,Uva,2016,September,0.66318689,0.67865846,Healthy,97.89340467,323.7333333,299.3925926,20.71111111,487000,674,5,138.4083738,1.061751891,,False,,
Monaragala,Uva,2016,October,0.687385827,0.724169167,Healthy,95.244202,324.9823529,305.0294118,17.21764706,487500,730,5,149.7886179,1.149051491,,False,,
Monaragala,Uva,2016,November,0.758563613,0.77563148,Healthy,97.92133067,319.3,296.4,13.7,488000,786,6,161.1455418,1.236172198,,False,,
Monaragala,Uva,2016,December,0.8010283,0.8032846,Healthy,99.734785,,,,488500,758,5,155.2312954,1.190803106,,True,,
Monaragala,Uva,2017,January,0.8039204,0.8022891,Healthy,100.19257,312.1,301.6,8.6,489000,574,3,117.5819243,0.763130331,,False,,
Monaragala,Uva,2017,February,0.792661257,0.780097653,Healthy,101.51666,316.4,298.9,12.0,489170,543,3,111.0110024,0.720483726,,False,,
Monaragala,Uva,2017,March,0.781688347,0.763142747,Healthy,102.2805367,320.6,303.1333333,21.83333333,489330,574,3,117.502628,0.762615682,,False,,
Monaragala,Uva,2017,April,0.77208028,0.764463867,Healthy,100.93613,316.4,299.0,12.9,489500,511,3,104.4105068,0.677645183,,False,,
Monaragala,Uva,2017,May,0.76556846,0.761633487,Healthy,100.48618,,,,489670,479,3,97.85086721,0.635071803,,True,,
Monaragala,Uva,2017,June,0.74528154,0.731003187,Healthy,101.833456,321.0222222,299.1222222,9.588888889,489830,543,3,110.8614255,0.719512942,,False,,
Monaragala,Uva,2017,July,0.711134567,0.685321293,Healthy,103.5156333,318.39,294.52,13.91,490000,606,3,123.860959,0.803882529,,False,,
Monaragala,Uva,2017,August,0.703115567,0.664359003,Healthy,105.42614,327.6875,296.0791667,33.63333333,490170,670,4,136.8514756,0.888193593,,False,,
Monaragala,Uva,2017,September,0.725379733,0.67865846,Healthy,106.41716,323.5842105,300.0315789,16.33684211,490330,766,4,156.3506509,1.014747161,,False,,
Monaragala,Uva,2017,October,0.745548883,0.724169167,Healthy,102.7867983,322.4666667,297.0833333,28.41666667,490500,830,5,169.3211672,1.09892842,,False,,
Monaragala,Uva,2017,November,0.773880267,0.77563148,Healthy,99.79184467,,,,490670,894,5,182.2826959,1.183051348,,True,,
Monaragala,Uva,2017,December,0.799790853,0.8032846,Healthy,99.59031167,,,,490830,862,5,175.7153016,1.140427638,,True,,
Monaragala,Uva,2018,January,0.799723817,0.8022891,Healthy,99.69920667,311.1,297.15,14.9,491000,500,3,101.8429288,0.625900353,,False,,
Monaragala,Uva,2018,February,0.781972363,0.780097653,Healthy,100.2276283,331.5,300.45,29.95,491420,472,2,96.10278228,0.590622894,,False,,
Monaragala,Uva,2018,March,0.772152293,0.763142747,Healthy,101.108635,,,,491830,500,3,101.6710612,0.624844099,,True,,
Monaragala,Uva,2018,April,0.779760733,0.764463867,Healthy,101.877648,,,,492250,444,2,90.29716707,0.554943081,,True,,
Monaragala,Uva,2018,May,0.785391923,0.761633487,Healthy,102.9286183,,,,492670,416,2,84.58142714,0.519815619,,True,,
Monaragala,Uva,2018,June,0.757572373,0.731003187,Healthy,103.40121,316.2777778,291.0444444,18.04444444,493080,472,2,95.77924326,0.588634506,,False,,
Monaragala,Uva,2018,July,0.705406597,0.685321293,Healthy,102.7226133,322.74375,288.6,25.775,493500,527,3,106.9562854,0.657325722,,False,,
Monaragala,Uva,2018,August,0.666235987,0.664359003,Healthy,100.2621487,325.75625,293.625,17.35625,493920,583,3,118.1143189,0.725900116,,False,,
Monaragala,Uva,2018,September,0.68990535,0.67865846,Healthy,101.5318353,326.7352941,298.5647059,28.22941176,494330,666,4,134.8758334,0.828912058,,False,,
Monaragala,Uva,2018,October,0.75720805,0.724169167,Healthy,104.2660153,,,,494750,722,4,145.9914468,0.897225748,,True,,
Monaragala,Uva,2018,November,0.799780063,0.77563148,Healthy,102.9321967,,,,495170,777,4,157.0882038,0.965423552,,True,,
Monaragala,Uva,2018,December,0.811763043,0.8032846,Healthy,100.9960013,,,,495580,750,4,151.3525911,0.930173957,,True,,
Monaragala,Uva,2019,January,0.795809463,0.8022891,Healthy,99.23795867,313.8333333,299.2333333,8.0,496000,423,3,85.41502754,0.634343037,,False,,
Monaragala,Uva,2019,February,0.769753567,0.780097653,Healthy,98.75421833,,,,496420,400,2,80.60149696,0.598594882,,True,,
Monaragala,Uva,2019,March,0.751423633,0.763142747,Healthy,98.55811667,324.7571429,301.7857143,17.42857143,496830,423,3,85.27233391,0.633283309,,False,,
Monaragala,Uva,2019,April,0.743192637,0.764463867,Healthy,97.38875333,316.0,293.95,38.1,497250,376,2,75.73360801,0.56244303,,False,,
Monaragala,Uva,2019,May,0.741897253,0.761633487,Healthy,97.56991867,314.5,289.575,12.1,497670,353,2,70.94033807,0.526845343,,False,,
Monaragala,Uva,2019,June,0.72088221,0.731003187,Healthy,98.70769667,323.4222222,297.2777778,15.04444444,498080,400,2,80.33286846,0.596599887,,False,,
Monaragala,Uva,2019,July,0.687439577,0.685321293,Healthy,100.2936133,321.5541667,293.0833333,30.15,498500,447,3,89.70814884,0.666226321,,False,,
Monaragala,Uva,2019,August,0.675477767,0.664359003,Healthy,101.5569053,321.8111111,295.0888889,27.16666667,498920,494,3,99.06764465,0.73573553,,False,,
Monaragala,Uva,2019,September,0.709467017,0.67865846,Healthy,104.21812,323.5846154,300.2,17.99230769,499330,564,4,113.1272002,0.840150192,,False,,
Monaragala,Uva,2019,October,0.7636966,0.724169167,Healthy,105.11525,313.85,292.55,9.4,499750,611,4,122.4514696,0.909397788,,False,,
Monaragala,Uva,2019,November,0.8000695,0.77563148,Healthy,102.9666633,325.3,299.6,16.7,500170,659,4,131.7600796,0.978529089,,False,,
Monaragala,Uva,2019,December,0.8166471,0.8032846,Healthy,101.5674867,,,,500580,635,4,126.9502986,0.942808781,,True,,
Monaragala,Uva,2020,January,0.803472413,0.8022891,Healthy,100.1366067,,,,501000,320,2,63.89659705,0.49656784,,True,,
Monaragala,Uva,2020,February,0.764923997,0.780097653,Healthy,98.167153,318.85,302.45,9.3,501330,302,2,60.30706289,0.468672032,,False,,
Monaragala,Uva,2020,March,0.73118006,0.763142747,Healthy,96.068087,322.41,300.06,13.76,501670,320,2,63.81126063,0.495904654,,False,,
Monaragala,Uva,2020,April,0.738795533,0.764463867,Healthy,96.84658667,319.1333333,301.2,6.966666667,502000,284,2,56.68383377,0.440514365,,False,,
Monaragala,Uva,2020,May,0.771564297,0.761633487,Healthy,101.230567,320.4,292.7,14.7,502330,266,2,53.10618372,0.412710913,,False,,
Monaragala,Uva,2020,June,0.778557863,0.731003187,Healthy,106.1086947,316.85,291.05,13.05,502670,302,2,60.14629844,0.467422662,,False,,
Monaragala,Uva,2020,July,0.766995683,0.685321293,Healthy,111.1193563,309.3333333,286.6,9.533333333,503000,337,2,67.17823142,0.522070827,,False,,
Monaragala,Uva,2020,August,0.7376378,0.664359003,Healthy,110.25673,319.75,292.625,14.6375,503330,373,2,74.20094367,0.576647334,,False,,
Monaragala,Uva,2020,September,0.71479101,0.67865846,Healthy,104.9769967,318.05,294.35,19.6,503670,426,3,84.74383392,0.658580652,,False,,
Monaragala,Uva,2020,October,0.721005547,0.724169167,Healthy,99.61317133,314.3,292.3,12.8,504000,462,3,91.74570912,0.712995225,,False,,
Monaragala,Uva,2020,November,0.762129363,0.77563148,Healthy,98.36154,318.25,296.95,23.6,504330,497,3,98.73842121,0.767338588,,False,,
Monaragala,Uva,2020,December,0.801618977,0.8032846,Healthy,99.80238,,,,504670,480,3,95.14790394,0.739435139,,True,,
Monaragala,Uva,2021,January,0.8173998,0.8022891,Healthy,101.7750547,,,,505000,202,2,40.14972229,0.478145376,,True,,
Monaragala,Uva,2021,February,0.798484033,0.780097653,Healthy,102.2140477,314.8,293.2,10.5,505330,191,2,37.89441947,0.451286843,,False,,
Monaragala,Uva,2021,March,0.775667013,0.763142747,Healthy,101.539573,,,,505670,202,2,40.09652492,0.477511845,,True,,
Monaragala,Uva,2021,April,0.7726896,0.764463867,Healthy,101.0098933,,,,506000,180,2,35.61811112,0.424178155,,True,,
Monaragala,Uva,2021,May,0.777846933,0.761633487,Healthy,102.00032,314.55,290.05,11.75,506330,168,2,33.37021599,0.397407841,,False,,
Monaragala,Uva,2021,June,0.76647847,0.731003187,Healthy,104.5544317,327.18,300.52,18.32,506670,191,2,37.79419936,0.450093316,,False,,
Monaragala,Uva,2021,July,0.74574818,0.685321293,Healthy,108.22891,321.95,297.85,15.46666667,507000,214,2,42.21308189,0.502718045,,False,,
Monaragala,Uva,2021,August,0.730409647,0.664359003,Healthy,109.2460293,314.0666667,280.9666667,9.133333333,507330,236,2,46.62621577,0.555274313,,False,,
Monaragala,Uva,2021,September,0.733319863,0.67865846,Healthy,107.50994,324.5,296.6733333,28.49333333,507670,270,3,53.25141596,0.634174207,,False,,
Monaragala,Uva,2021,October,0.758828303,0.724169167,Healthy,104.4958133,316.3,297.6333333,19.76666667,508000,292,3,57.6515588,0.686575763,,False,,
Monaragala,Uva,2021,November,0.78968958,0.77563148,Healthy,101.7093083,,,,508330,315,3,62.04598863,0.738909284,,True,,
Monaragala,Uva,2021,December,0.808316647,0.8032846,Healthy,100.59043,,,,508670,304,3,59.79006946,0.712043411,,True,,
Monaragala,Uva,2022,January,0.80493349,0.8022891,Healthy,100.3099733,,,,509000,398,5,78.31712109,1.006277253,,True,,
Monaragala,Uva,2022,February,0.78182687,0.780097653,Healthy,100.208595,,,,509000,376,4,73.96616992,0.950372961,,True,,
Monaragala,Uva,2022,March,0.767154133,0.763142747,Healthy,100.49368,311.54,292.32,12.14,509000,398,5,78.31712109,1.006277253,,False,,
Monaragala,Uva,2022,April,0.774588333,0.764463867,Healthy,101.24261,,,,509000,354,4,69.61521875,0.89446867,,True,,
Monaragala,Uva,2022,May,0.770542633,0.761633487,Healthy,101.0963287,318.0666667,295.9666667,11.93333333,509000,332,4,65.26426757,0.838564378,,False,,
Monaragala,Uva,2022,June,0.738904627,0.731003187,Healthy,101.0182667,319.8,296.9470588,9.370588235,509000,376,4,73.96616992,0.950372961,,False,,
Monaragala,Uva,2022,July,0.726432413,0.685321293,Healthy,105.6151583,326.2842105,300.5894737,26.62631579,509000,420,5,82.66807226,1.062181545,,False,,
Monaragala,Uva,2022,August,0.739853223,0.664359003,Healthy,110.5690233,328.6333333,293.5666667,41.53333333,509000,465,5,91.3699746,1.173990129,,False,,
Monaragala,Uva,2022,September,0.74330841,0.67865846,Healthy,108.8858287,320.5666667,299.6555556,15.34444444,509000,531,6,104.4228281,1.341703004,,False,,
Monaragala,Uva,2022,October,0.757096567,0.724169167,Healthy,104.2772713,326.94,298.0,28.66,509000,575,7,113.1247305,1.453511588,,False,,
Monaragala,Uva,2022,November,0.78195301,0.77563148,Healthy,100.774428,309.9,284.1,5.8,509000,620,7,121.8266328,1.565320172,,False,,
Monaragala,Uva,2022,December,0.797979017,0.8032846,Healthy,99.37898333,317.3,297.1,9.8,509000,597,7,117.4756816,1.50941588,,False,,
Monaragala,Uva,2023,January,0.79551932,0.8022891,Healthy,99.20628,,,,509000,487,4,95.8263453,0.905649528,,True,,
Monaragala,Uva,2023,February,0.780020587,0.780097653,Healthy,99.99255333,319.7666667,293.8,14.36666667,509000,460,4,90.50265945,0.855335665,,False,,
Monaragala,Uva,2023,March,0.765455,0.763142747,Healthy,100.2841333,314.1333333,295.4666667,11.93333333,509000,487,4,95.8263453,0.905649528,,False,,
Monaragala,Uva,2023,April,0.763135817,0.764463867,Healthy,99.83699,318.15,290.0,11.2,509000,433,4,85.1789736,0.805021803,,False,,
Monaragala,Uva,2023,May,0.77069262,0.761633487,Healthy,101.1201213,,,,509000,406,3,79.85528775,0.75470794,,True,,
Monaragala,Uva,2023,June,0.7660817,0.731003187,Healthy,104.504082,314.8,286.7,6.5,509000,460,4,90.50265945,0.855335665,,False,,
Monaragala,Uva,2023,July,0.73148511,0.685321293,Healthy,106.27586,320.6363636,297.2818182,25.54545455,509000,514,4,101.1500311,0.955963391,,False,,
Monaragala,Uva,2023,August,0.7022491,0.664359003,Healthy,105.3039013,322.4710526,299.3842105,16.64736842,509000,569,5,111.7974028,1.056591116,,False,,
Monaragala,Uva,2023,September,0.725375247,0.67865846,Healthy,106.407425,324.6,296.9,10.0,509000,650,6,127.7684604,1.207532704,,False,,
Monaragala,Uva,2023,October,0.7664982,0.724169167,Healthy,105.4855,317.9,285.6,11.0,509000,704,6,138.4158321,1.308160429,,False,,
Monaragala,Uva,2023,November,0.7926729,0.77563148,Healthy,102.0738013,,,,509000,758,7,149.0632038,1.408788155,,True,,
Monaragala,Uva,2023,December,0.8094369,0.8032846,Healthy,100.7213133,,,,509000,731,6,143.7395179,1.358474292,,True,,
Monaragala,Uva,2024,January,0.808932423,0.8022891,Healthy,100.7796393,,,,509000,120,4,23.67626623,0.790646413,,True,,
Monaragala,Uva,2024,February,0.784577413,0.780097653,Healthy,100.5385267,327.4333333,301.8333333,19.1,509000,113,3,22.36091811,0.746721613,,False,,
Monaragala,Uva,2024,March,0.7632656,0.763142747,Healthy,100.0147733,316.9166667,301.2833333,15.8,509000,120,4,23.67626623,0.790646413,,False,,
Monaragala,Uva,2024,April,0.76664298,0.764463867,Healthy,100.2668567,321.1,300.6,7.1,509000,107,3,21.04556998,0.702796812,,False,,
Monaragala,Uva,2024,May,0.78403243,0.761633487,Healthy,102.7651433,310.7,286.5,5.6,509000,100,3,19.73022186,0.658872011,,False,,
Monaragala,Uva,2024,June,0.785239587,0.731003187,Healthy,106.9607867,312.625,295.05,7.8,509000,113,3,22.36091811,0.746721613,,False,,
Monaragala,Uva,2024,July,0.76479355,0.685321293,Healthy,110.8187027,316.53,297.5,11.2,509000,127,4,24.99161436,0.834571214,,False,,
Monaragala,Uva,2024,August,0.754378817,0.664359003,Healthy,112.6017433,319.7,296.325,17.575,509000,140,4,27.6223106,0.922420816,,False,,
Monaragala,Uva,2024,September,0.748469883,0.67865846,Healthy,109.5975267,325.4153846,294.6230769,30.53461538,509000,160,5,31.56835498,1.054195218,,False,,
Monaragala,Uva,2024,October,0.758519883,0.724169167,Healthy,104.4621267,320.9,295.5,10.65,509000,174,5,34.19905122,1.142044819,,False,,
Monaragala,Uva,2024,November,0.785872937,0.77563148,Healthy,101.2472247,,,,509000,187,6,36.82974747,1.229894421,,True,,
Monaragala,Uva,2024,December,0.806029567,0.8032846,Healthy,100.3218433,,,,509000,180,6,35.51439935,1.18596962,,True,,
Mullaitivu,Northern,2014,January,0.767746263,0.771980633,Healthy,99.48606,,,,95000,136,0,144.0308087,0.231065469,,True,,
Mullaitivu,Northern,2014,February,0.747384283,0.7505556,Healthy,99.60223867,317.1,299.8,7.5,95080,129,0,135.9146427,0.218044881,,False,,
Mullaitivu,Northern,2014,March,0.71457684,0.72847333,Healthy,98.21154,,,,95170,136,0,143.7735298,0.230652722,,True,,
Mullaitivu,Northern,2014,April,0.69416468,0.714852,Healthy,97.295302,324.8,302.84,17.34,95250,121,0,127.6913557,0.204852442,,False,,
Mullaitivu,Northern,2014,May,0.689452933,0.70917131,Healthy,97.40208667,327.1,299.6,20.275,95330,114,0,119.6101859,0.191887999,,False,,
Mullaitivu,Northern,2014,June,0.66362351,0.699140867,Healthy,95.25523,324.98,301.54,11.74,95420,129,0,135.4303524,0.217267945,,False,,
Mullaitivu,Northern,2014,July,0.638981957,0.688691957,Healthy,93.27021333,322.2333333,293.1,19.35,95500,144,0,151.2365385,0.242625463,,False,,
Mullaitivu,Northern,2014,August,0.6550741,0.6894681,Healthy,95.345643,331.6,292.5,84.2,95580,159,0,167.0162653,0.267940533,,False,,
Mullaitivu,Northern,2014,September,0.703343933,0.703901843,Healthy,99.91709,,,,95670,182,0,190.6961685,0.305929682,,True,,
Mullaitivu,Northern,2014,October,0.750842307,0.733829983,Healthy,102.1698283,,,,95750,197,0,206.4149101,0.331146915,,True,,
Mullaitivu,Northern,2014,November,0.776893713,0.76497931,Healthy,101.4641087,,,,95830,212,0,222.1074073,0.356322044,,True,,
Mullaitivu,Northern,2014,December,0.783727413,0.778531567,Healthy,100.6273683,,,,95920,205,0,213.9740434,0.343273866,,True,,
Mullaitivu,Northern,2015,January,0.771612133,0.771980633,Healthy,99.95396467,,,,96000,126,0,131.554878,0.304878049,,True,,
Mullaitivu,Northern,2015,February,0.747285067,0.7505556,Healthy,99.59200867,,,,96080,119,0,124.1428214,0.287700629,,True,,
Mullaitivu,Northern,2015,March,0.731987413,0.72847333,Healthy,100.45423,,,,96170,126,0,131.3223281,0.304339115,,True,,
Mullaitivu,Northern,2015,April,0.733013317,0.714852,Healthy,102.3758297,,,,96250,112,0,116.6339352,0.270298807,,True,,
Mullaitivu,Northern,2015,May,0.739717217,0.70917131,Healthy,104.024605,320.4,301.6,8.7,96330,105,0,109.2535061,0.253194684,,False,,
Mullaitivu,Northern,2015,June,0.737653713,0.699140867,Healthy,105.1410133,,,,96420,119,0,123.7050641,0.286686128,,True,,
Mullaitivu,Northern,2015,July,0.71969801,0.688691957,Healthy,104.1965567,319.425,296.4,10.725,96500,133,0,138.1439825,0.320148279,,False,,
Mullaitivu,Northern,2015,August,0.712136077,0.6894681,Healthy,103.065842,318.05,295.65,29.15,96580,147,0,152.5589805,0.353554995,,False,,
Mullaitivu,Northern,2015,September,0.727279183,0.703901843,Healthy,103.1000633,319.85,296.125,13.5,96670,168,0,174.1907975,0.403686669,,False,,
Mullaitivu,Northern,2015,October,0.755587017,0.733829983,Healthy,102.779515,,,,96750,182,0,188.5506607,0.43696561,,True,,
Mullaitivu,Northern,2015,November,0.780355687,0.76497931,Healthy,101.887428,,,,96830,196,0,202.886796,0.470189562,,True,,
Mullaitivu,Northern,2015,December,0.792554877,0.778531567,Healthy,101.6927017,,,,96920,189,0,195.4591667,0.452976053,,True,,
Mullaitivu,Northern,2016,January,0.778718007,0.771980633,Healthy,100.8181067,,,,97000,88,0,91.57656525,0.150867488,,True,,
Mullaitivu,Northern,2016,February,0.747043103,0.7505556,Healthy,99.55785833,314.8,299.1,6.5,97080,83,0,86.41770596,0.142368544,,False,,
Mullaitivu,Northern,2016,March,0.711262333,0.72847333,Healthy,97.785435,,,,97170,88,0,91.41635103,0.150603544,,True,,
Mullaitivu,Northern,2016,April,0.690600387,0.714852,Healthy,96.829503,327.5555556,299.7555556,36.27777778,97250,78,0,81.19213326,0.133759692,,False,,
Mullaitivu,Northern,2016,May,0.703217247,0.70917131,Healthy,99.21854333,325.7,306.3,9.5,97330,74,0,76.05506036,0.12529664,,False,,
Mullaitivu,Northern,2016,June,0.727363113,0.699140867,Healthy,103.77215,344.1,299.6,40.2,97420,83,0,86.11610444,0.141871671,,False,,
Mullaitivu,Northern,2016,July,0.73580468,0.688691957,Healthy,106.3783433,321.55,299.7,13.15,97500,93,0,96.16843861,0.158432354,,False,,
Mullaitivu,Northern,2016,August,0.726466653,0.6894681,Healthy,105.005928,332.14,294.3,31.04,97580,103,0,106.2042902,0.174965882,,False,,
Mullaitivu,Northern,2016,September,0.70599762,0.703901843,Healthy,100.2894347,323.025,301.65,11.9,97670,118,0,121.2644869,0.199776749,,False,,
Mullaitivu,Northern,2016,October,0.707627037,0.733829983,Healthy,96.66140133,325.5125,301.0875,16.425,97750,128,0,131.2623459,0.216247687,,False,,
Mullaitivu,Northern,2016,November,0.743096053,0.76497931,Healthy,97.31114333,,,,97830,138,0,141.2438534,0.232691686,,True,,
Mullaitivu,Northern,2016,December,0.771346263,0.778531567,Healthy,99.13206867,,,,97920,133,0,136.0742468,0.224175036,,True,,
Mullaitivu,Northern,2017,January,0.778165063,0.771980633,Healthy,100.7540767,,,,98000,107,0,109.7560976,0.223992036,,True,,
Mullaitivu,Northern,2017,February,0.76032623,0.7505556,Healthy,101.220152,,,,97830,101,0,103.8386649,0.211915643,,True,,
Mullaitivu,Northern,2017,March,0.731621963,0.72847333,Healthy,100.4009987,320.45,303.775,12.05,97670,107,0,110.1269332,0.224748843,,False,,
Mullaitivu,Northern,2017,April,0.699056843,0.714852,Healthy,97.93317,318.34,299.06,14.26,97500,95,0,98.06128831,0.200125078,,False,,
Mullaitivu,Northern,2017,May,0.680650553,0.70917131,Healthy,96.24252667,322.5928571,297.8714286,19.18571429,97330,89,0,92.09303025,0.18794496,,False,,
Mullaitivu,Northern,2017,June,0.664302317,0.699140867,Healthy,95.34868,330.1,299.3785714,22.86428571,97170,101,0,104.5439599,0.21335502,,False,,
Mullaitivu,Northern,2017,July,0.658585473,0.688691957,Healthy,95.925475,323.1888889,298.9666667,14.38888889,97000,113,0,117.0480262,0.238873523,,False,,
Mullaitivu,Northern,2017,August,0.688098017,0.6894681,Healthy,99.81141467,,,,96830,125,0,129.595998,0.264481629,,True,,
Mullaitivu,Northern,2017,September,0.724447047,0.703901843,Healthy,102.72363,316.6333333,295.4,19.56666667,96670,143,0,148.3548507,0.302765001,,False,,
Mullaitivu,Northern,2017,October,0.74850471,0.733829983,Healthy,101.8781717,,,,96500,155,0,161.0008846,0.328573234,,True,,
Mullaitivu,Northern,2017,November,0.769239987,0.76497931,Healthy,100.5246617,,,,96330,167,0,173.6915532,0.354472557,,True,,
Mullaitivu,Northern,2017,December,0.77750587,0.778531567,Healthy,99.87645,,,,96170,161,0,167.7669371,0.342381504,,True,,
Mullaitivu,Northern,2018,January,0.759354867,0.771980633,Healthy,98.460872,311.85,294.25,7.55,96000,106,0,110.8231707,0.076219512,,False,,
Mullaitivu,Northern,2018,February,0.72178625,0.7505556,Healthy,96.40276667,314.4,301.0,6.9,96080,100,0,104.5791786,0.071925157,,False,,
Mullaitivu,Northern,2018,March,0.694339953,0.72847333,Healthy,95.615348,315.9,292.0,28.4,96170,106,0,110.6272683,0.076084779,,False,,
Mullaitivu,Northern,2018,April,0.691215277,0.714852,Healthy,96.91139,324.93,302.09,19.21,96250,94,0,98.2536163,0.067574702,,False,,
Mullaitivu,Northern,2018,May,0.7123835,0.70917131,Healthy,100.4254933,317.0333333,294.7,10.66666667,96330,88,0,92.03626761,0.063298671,,False,,
Mullaitivu,Northern,2018,June,0.712301517,0.699140867,Healthy,101.7555787,322.4583333,295.8333333,18.79166667,96420,100,0,104.2104074,0.071671532,,False,,
Mullaitivu,Northern,2018,July,0.684711747,0.688691957,Healthy,99.459254,320.6,298.4166667,12.56666667,96500,112,0,116.3738995,0.08003707,,False,,
Mullaitivu,Northern,2018,August,0.66258467,0.6894681,Healthy,96.36581333,321.7083333,293.2666667,15.375,96580,124,0,128.5172409,0.088388749,,False,,
Mullaitivu,Northern,2018,September,0.678592143,0.703901843,Healthy,96.63802667,327.0714286,303.1071429,18.35,96670,141,0,146.740104,0.100921667,,False,,
Mullaitivu,Northern,2018,October,0.723468233,0.733829983,Healthy,98.67463067,,,,96750,153,0,158.8369992,0.109241402,,True,,
Mullaitivu,Northern,2018,November,0.754235683,0.76497931,Healthy,98.68251667,,,,96830,165,0,170.9139058,0.11754739,,True,,
Mullaitivu,Northern,2018,December,0.766462317,0.778531567,Healthy,98.54327867,,,,96920,159,0,164.6567951,0.113244013,,True,,
Mullaitivu,Northern,2019,January,0.75861488,0.771980633,Healthy,98.37315,311.9,298.7,5.2,97000,108,0,111.5665074,0.301734976,,False,,
Mullaitivu,Northern,2019,February,0.730542737,0.7505556,Healthy,97.497248,319.1,300.5,14.4,97080,102,0,105.281538,0.284737087,,False,,
Mullaitivu,Northern,2019,March,0.693389377,0.72847333,Healthy,95.48809667,327.55,309.0,11.15,97170,108,0,111.3713206,0.301207087,,False,,
Mullaitivu,Northern,2019,April,0.66426822,0.714852,Healthy,93.38562167,327.35,303.8083333,29.64166667,97250,96,0,98.91529249,0.267519385,,False,,
Mullaitivu,Northern,2019,May,0.658605833,0.70917131,Healthy,93.34028,322.2833333,299.6333333,13.25,97330,90,0,92.65686513,0.25059328,,False,,
Mullaitivu,Northern,2019,June,0.663239953,0.699140867,Healthy,95.209846,324.0,304.8,11.7,97420,102,0,104.9141009,0.283743342,,False,,
Mullaitivu,Northern,2019,July,0.662325077,0.688691957,Healthy,96.43081,322.6666667,292.1333333,13.96666667,97500,114,0,117.1607255,0.316864707,,False,,
Mullaitivu,Northern,2019,August,0.66215371,0.6894681,Healthy,96.30612,307.9,286.1,8.65,97580,126,0,129.3872695,0.349931763,,False,,
Mullaitivu,Northern,2019,September,0.68869369,0.703901843,Healthy,97.97542667,327.5666667,301.0333333,20.23333333,97670,144,0,147.7349062,0.399553499,,False,,
Mullaitivu,Northern,2019,October,0.74083528,0.733829983,Healthy,100.8877567,316.7,298.85,15.9,97750,156,0,159.9151644,0.432495374,,False,,
Mullaitivu,Northern,2019,November,0.77504548,0.76497931,Healthy,101.23642,,,,97830,168,0,172.0755018,0.465383372,,True,,
Mullaitivu,Northern,2019,December,0.784686243,0.778531567,Healthy,100.7429887,,,,97920,162,0,165.777439,0.448350072,,True,,
Mullaitivu,Northern,2020,January,0.767810537,0.771980633,Healthy,99.48930333,,,,98000,67,0,69.13887506,0.149328024,,True,,
Mullaitivu,Northern,2020,February,0.72393055,0.7505556,Healthy,96.66775833,325.15,302.95,14.95,98000,63,0,65.29782645,0.141032023,,False,,
Mullaitivu,Northern,2020,March,0.686905487,0.72847333,Healthy,94.658995,322.7,305.15,17.15,98000,67,0,69.13887506,0.149328024,,False,,
Mullaitivu,Northern,2020,April,0.68307018,0.714852,Healthy,95.84663667,322.9888889,301.4666667,15.62222222,98000,60,0,61.45677783,0.132736021,,False,,
Mullaitivu,Northern,2020,May,0.708370567,0.70917131,Healthy,99.89769533,329.05,300.475,18.575,98000,56,0,57.61572922,0.12444002,,False,,
Mullaitivu,Northern,2020,June,0.732192153,0.699140867,Healthy,104.4166583,320.2555556,292.5777778,20.37777778,98000,63,0,65.29782645,0.141032023,,False,,
Mullaitivu,Northern,2020,July,0.737132117,0.688691957,Healthy,106.557348,315.6,292.1,11.375,98000,71,0,72.97992368,0.157624025,,False,,
Mullaitivu,Northern,2020,August,0.718361553,0.6894681,Healthy,103.9102967,323.4777778,297.9444444,18.76666667,98000,79,0,80.66202091,0.174216028,,False,,
Mullaitivu,Northern,2020,September,0.70062114,0.703901843,Healthy,99.574118,329.4666667,296.6666667,37.06666667,98000,90,0,92.18516675,0.199104032,,False,,
Mullaitivu,Northern,2020,October,0.705802367,0.733829983,Healthy,96.42924133,326.2333333,298.4666667,16.33333333,98000,97,0,99.86726398,0.215696035,,False,,
Mullaitivu,Northern,2020,November,0.74071725,0.76497931,Healthy,97.01861333,310.4,292.8,28.1,98000,105,0,107.5493612,0.232288037,,False,,
Mullaitivu,Northern,2020,December,0.7720039,0.778531567,Healthy,99.211325,,,,98000,101,0,103.7083126,0.223992036,,True,,
Mullaitivu,Northern,2021,January,0.774081957,0.771980633,Healthy,100.2552683,,,,98000,48,0,48.97959184,0.37332006,,True,,
Mullaitivu,Northern,2021,February,0.74515448,0.7505556,Healthy,99.32273633,,,,98080,45,0,46.22077216,0.352292471,,True,,
Mullaitivu,Northern,2021,March,0.717385463,0.72847333,Healthy,98.57536167,,,,98170,48,0,48.89477437,0.372673585,,True,,
Mullaitivu,Northern,2021,April,0.714240353,0.714852,Healthy,99.921852,324.05,303.6,14.225,98250,42,0,43.42663274,0.330995676,,False,,
Mullaitivu,Northern,2021,May,0.728010563,0.70917131,Healthy,102.4826533,321.4,298.0,10.7,98330,40,0,40.67934506,0.310055984,,False,,
Mullaitivu,Northern,2021,June,0.725752133,0.699140867,Healthy,103.5532687,326.7166667,298.35,18.91666667,98420,45,0,46.06109869,0.351075447,,False,,
Mullaitivu,Northern,2021,July,0.719810567,0.688691957,Healthy,104.2126017,319.4,287.3,10.9,98500,50,0,51.43824027,0.392059758,,False,,
Mullaitivu,Northern,2021,August,0.715225857,0.6894681,Healthy,103.4839433,336.1,301.1,30.55,98580,56,0,56.80665449,0.432977549,,False,,
Mullaitivu,Northern,2021,September,0.722982337,0.703901843,Healthy,102.5327933,324.3666667,300.8,16.05,98670,64,0,64.86267356,0.494380134,,False,,
Mullaitivu,Northern,2021,October,0.74713528,0.733829983,Healthy,101.7008087,,,,98750,69,0,70.21097046,0.535144592,,True,,
Mullaitivu,Northern,2021,November,0.771799583,0.76497931,Healthy,100.8379873,,,,98830,74,0,75.55060879,0.575843055,,True,,
Mullaitivu,Northern,2021,December,0.783334487,0.778531567,Healthy,100.57976,,,,98920,72,0,72.78608977,0.554772026,,True,,
Mullaitivu,Northern,2022,January,0.772746633,0.771980633,Healthy,100.0919687,,,,99000,95,0,96.60014782,0.29563932,,True,,
Mullaitivu,Northern,2022,February,0.7460149,0.7505556,Healthy,99.43223667,,,,99000,90,0,91.23347294,0.279214913,,True,,
Mullaitivu,Northern,2022,March,0.727164287,0.72847333,Healthy,99.83390667,,,,99000,95,0,96.60014782,0.29563932,,True,,
Mullaitivu,Northern,2022,April,0.72469606,0.714852,Healthy,101.2880667,,,,99000,85,0,85.86679806,0.262790507,,True,,
Mullaitivu,Northern,2022,May,0.72478981,0.70917131,Healthy,102.0574153,316.8166667,290.9333333,23.88333333,99000,79,0,80.50012318,0.2463661,,False,,
Mullaitivu,Northern,2022,June,0.717437247,0.699140867,Healthy,102.44291,334.55,298.05,39.6,99000,90,0,91.23347294,0.279214913,,False,,
Mullaitivu,Northern,2022,July,0.70829881,0.688691957,Healthy,102.6542933,323.1166667,291.3166667,15.78333333,99000,100,0,101.9668227,0.312063727,,False,,
Mullaitivu,Northern,2022,August,0.711720767,0.6894681,Healthy,103.0090333,,,,99000,111,0,112.7001725,0.34491254,,True,,
Mullaitivu,Northern,2022,September,0.725531367,0.703901843,Healthy,102.870302,317.8,296.5,24.1,99000,127,0,128.8001971,0.39418576,,False,,
Mullaitivu,Northern,2022,October,0.7510647,0.733829983,Healthy,102.20188,324.1,295.75,20.55,99000,138,0,139.5335469,0.427034573,,False,,
Mullaitivu,Northern,2022,November,0.77513802,0.76497931,Healthy,101.2478667,,,,99000,148,0,150.2668966,0.459883387,,True,,
Mullaitivu,Northern,2022,December,0.784680387,0.778531567,Healthy,100.7423333,,,,99000,143,0,144.9002217,0.44345898,,True,,
Mullaitivu,Northern,2023,January,0.768245867,0.771980633,Healthy,99.54332333,303.6,290.6,6.7,99000,86,0,87.50923873,0.96082779,,False,,
Mullaitivu,Northern,2023,February,0.737690153,0.7505556,Healthy,98.39142,,,,99080,81,0,82.58088233,0.906715769,,True,,
Mullaitivu,Northern,2023,March,0.7160945,0.72847333,Healthy,98.41161,317.2,300.6,6.2,99170,86,0,87.35922793,0.959180712,,False,,
Mullaitivu,Northern,2023,April,0.715914083,0.714852,Healthy,100.14043,319.5,302.25,12.3,99250,77,0,77.5900555,0.851917839,,False,,
Mullaitivu,Northern,2023,May,0.732307413,0.70917131,Healthy,103.049725,320.9,299.3,17.1,99330,72,0,72.68209197,0.798029726,,False,,
Mullaitivu,Northern,2023,June,0.740951333,0.699140867,Healthy,105.5828233,313.6666667,291.8666667,6.9,99420,81,0,82.29846933,0.90361495,,False,,
Mullaitivu,Northern,2023,July,0.726378017,0.688691957,Healthy,105.1002767,321.6428571,297.6142857,12.28571429,99500,91,1,91.90668791,1.009110594,,False,,
Mullaitivu,Northern,2023,August,0.70312392,0.6894681,Healthy,101.8487347,318.8333333,296.9,14.35,99580,101,1,101.4994685,1.114436732,,False,,
Mullaitivu,Northern,2023,September,0.706334517,0.703901843,Healthy,100.3236333,324.6,283.0,15.6,99670,115,1,115.8946475,1.272491906,,False,,
Mullaitivu,Northern,2023,October,0.735206247,0.733829983,Healthy,100.1758947,320.3,298.0,10.8,99750,125,1,125.451841,1.377427308,,False,,
Mullaitivu,Northern,2023,November,0.766598007,0.76497931,Healthy,100.1979467,,,,99830,134,1,134.993717,1.482194527,,True,,
Mullaitivu,Northern,2023,December,0.7805192,0.778531567,Healthy,100.240068,,,,99920,129,1,130.0552637,1.427971646,,True,,
Mullaitivu,Northern,2024,January,0.76449918,0.771980633,Healthy,99.087306,,,,100000,65,0,65.34146341,0.219512195,,True,,
Mullaitivu,Northern,2024,February,0.725985083,0.7505556,Healthy,96.92580167,,,,100000,61,0,61.71138211,0.207317073,,True,,
Mullaitivu,Northern,2024,March,0.695961923,0.72847333,Healthy,95.82454667,,,,100000,65,0,65.34146341,0.219512195,,True,,
Mullaitivu,Northern,2024,April,0.698574133,0.714852,Healthy,97.87394533,317.8,301.9,33.75,100000,58,0,58.08130081,0.195121951,,False,,
Mullaitivu,Northern,2024,May,0.72361803,0.70917131,Healthy,101.9059667,313.4,288.15,7.95,100000,54,0,54.45121951,0.182926829,,False,,
Mullaitivu,Northern,2024,June,0.738666253,0.699140867,Healthy,105.2782147,322.4,294.05,15.5,100000,61,0,61.71138211,0.207317073,,False,,
Mullaitivu,Northern,2024,July,0.73117799,0.688691957,Healthy,105.7511567,325.6333333,297.2666667,19.83333333,100000,68,0,68.97154472,0.231707317,,False,,
Mullaitivu,Northern,2024,August,0.725084697,0.6894681,Healthy,104.8176487,321.3333333,299.8333333,8.133333333,100000,76,0,76.23170732,0.256097561,,False,,
Mullaitivu,Northern,2024,September,0.723553317,0.703901843,Healthy,102.611512,321.6,296.8,10.6,100000,87,0,87.12195122,0.292682927,,False,,
Mullaitivu,Northern,2024,October,0.74160937,0.733829983,Healthy,100.9960833,317.6,296.0,25.73333333,100000,94,0,94.38211382,0.317073171,,False,,
Mullaitivu,Northern,2024,November,0.770108197,0.76497931,Healthy,100.628975,,,,100000,101,0,101.6422764,0.341463415,,True,,
Mullaitivu,Northern,2024,December,0.78286739,0.778531567,Healthy,100.523544,,,,100000,98,0,98.01219512,0.329268293,,True,,
Nuwara Eliya,Central,2014,January,0.783699413,0.787591533,Healthy,99.53526833,308.8,294.6,6.5,733000,479,6,65.47432869,0.828536253,,False,,
Nuwara Eliya,Central,2014,February,0.7674109,0.773856657,Healthy,99.21719967,315.8722222,298.95,13.46111111,733670,453,5,61.7803955,0.781791863,,False,,
Nuwara Eliya,Central,2014,March,0.758791933,0.76845832,Healthy,98.81897667,322.78,303.28,14.42,734330,479,6,65.35574323,0.827035629,,False,,
Nuwara Eliya,Central,2014,April,0.76201146,0.773969947,Healthy,98.54863,313.2,297.5,3.9,735000,426,5,58.04103755,0.734472651,,False,,
Nuwara Eliya,Central,2014,May,0.769864933,0.778376583,Healthy,98.97249133,,,,735670,399,5,54.36391648,0.687941007,,True,,
Nuwara Eliya,Central,2014,June,0.7680425,0.7738468,Healthy,99.295395,300.9,290.75,3.8,736330,453,5,61.55721316,0.778967631,,False,,
Nuwara Eliya,Central,2014,July,0.758437343,0.764345547,Healthy,99.27446033,314.875,293.63,17.225,737000,506,6,68.73669347,0.869819417,,False,,
Nuwara Eliya,Central,2014,August,0.756268953,0.76049158,Healthy,99.47900533,321.1888889,294.3333333,19.23333333,737670,559,7,75.90313204,0.960506169,,False,,
Nuwara Eliya,Central,2014,September,0.76652353,0.764563433,Healthy,100.2398,335.2,304.5,18.1,738330,639,8,86.66889318,1.096740072,,False,,
Nuwara Eliya,Central,2014,October,0.786837917,0.777578067,Healthy,101.1181733,,,,739000,693,8,93.80617622,1.187057879,,True,,
Nuwara Eliya,Central,2014,November,0.803245373,0.793236477,Healthy,101.1870833,,,,739670,746,9,100.9305292,1.277212064,,True,,
Nuwara Eliya,Central,2014,December,0.808944213,0.797640203,Healthy,101.333687,,,,740330,719,9,97.23910201,1.230499385,,True,,
Nuwara Eliya,Central,2015,January,0.798605157,0.787591533,Healthy,101.3143213,,,,741000,574,6,77.53530167,0.888713341,,True,,
Nuwara Eliya,Central,2015,February,0.781735613,0.773856657,Healthy,100.9562367,,,,741670,542,6,73.16163337,0.838582145,,True,,
Nuwara Eliya,Central,2015,March,0.77790456,0.76845832,Healthy,101.1541167,309.5,289.0,8.7,742330,574,6,77.39638508,0.887121072,,False,,
Nuwara Eliya,Central,2015,April,0.7881678,0.773969947,Healthy,101.7229063,,,,743000,510,5,68.73474926,0.787840987,,True,,
Nuwara Eliya,Central,2015,May,0.791578713,0.778376583,Healthy,101.5937397,,,,743670,478,5,64.38077209,0.737935493,,True,,
Nuwara Eliya,Central,2015,June,0.78662872,0.7738468,Healthy,101.5515567,316.25,297.4,6.75,744330,542,6,72.90017683,0.835585318,,False,,
Nuwara Eliya,Central,2015,July,0.779983313,0.764345547,Healthy,101.9206033,321.7,295.3,12.6,745000,606,6,81.4033939,0.933049599,,False,,
Nuwara Eliya,Central,2015,August,0.78089251,0.76049158,Healthy,102.51712,,,,745670,670,7,89.89133034,1.030338733,,True,,
Nuwara Eliya,Central,2015,September,0.788601687,0.764563433,Healthy,102.9508667,,,,746330,766,8,102.6420994,1.176488658,,True,,
Nuwara Eliya,Central,2015,October,0.8020109,0.777578067,Healthy,102.9527793,,,,747000,829,9,111.095874,1.273386228,,True,,
Nuwara Eliya,Central,2015,November,0.815958013,0.793236477,Healthy,102.6946367,,,,747670,893,10,119.5344975,1.370110134,,True,,
Nuwara Eliya,Central,2015,December,0.821329267,0.797640203,Healthy,102.7947467,,,,748330,861,9,115.1637484,1.320012398,,True,,
Nuwara Eliya,Central,2016,January,0.810257453,0.787591533,Healthy,102.705712,311.0,295.8,5.8,749000,464,4,62.0241623,0.595916507,,False,,
Nuwara Eliya,Central,2016,February,0.794627033,0.773856657,Healthy,102.5210467,308.85,290.5,4.75,749670,438,4,58.52602245,0.562307036,,False,,
Nuwara Eliya,Central,2016,March,0.78510973,0.76845832,Healthy,102.034558,314.8777778,295.1666667,13.67777778,750330,464,4,61.91422116,0.594860213,,False,,
Nuwara Eliya,Central,2016,April,0.783274687,0.773969947,Healthy,101.1295087,,,,751000,412,3,54.98576424,0.528292899,,True,,
Nuwara Eliya,Central,2016,May,0.7895885,0.778376583,Healthy,101.35348,,,,751670,387,3,51.50320571,0.494833131,,True,,
Nuwara Eliya,Central,2016,June,0.786452267,0.7738468,Healthy,101.5299853,316.5,287.0,18.6,752330,438,4,58.31909302,0.560318897,,False,,
Nuwara Eliya,Central,2016,July,0.776377557,0.764345547,Healthy,101.477348,309.1111111,292.0222222,10.03333333,753000,490,4,65.12216716,0.625681556,,False,,
Nuwara Eliya,Central,2016,August,0.7681718,0.76049158,Healthy,100.94761,311.9428571,293.6571429,15.41428571,753670,541,5,71.91314566,0.690928002,,False,,
Nuwara Eliya,Central,2016,September,0.762608617,0.764563433,Healthy,99.76101167,322.5461538,300.3769231,12.56153846,754330,619,5,82.11454326,0.788941115,,False,,
Nuwara Eliya,Central,2016,October,0.76854252,0.777578067,Healthy,98.90853267,320.0055556,299.7666667,16.63333333,755000,671,6,88.87847951,0.853927745,,False,,
Nuwara Eliya,Central,2016,November,0.78734712,0.793236477,Healthy,99.30066533,,,,755670,722,6,95.63042155,0.918799136,,True,,
Nuwara Eliya,Central,2016,December,0.79896605,0.797640203,Healthy,100.156575,313.4,294.9,7.3,756330,696,6,92.13457927,0.88521174,,False,,
Nuwara Eliya,Central,2017,January,0.79312126,0.787591533,Healthy,100.66084,314.9,301.6166667,12.13333333,757000,490,1,64.85807262,0.14498824,,False,,
Nuwara Eliya,Central,2017,February,0.783421233,0.773856657,Healthy,101.1614117,321.9333333,301.7666667,17.8,757500,463,1,61.21441412,0.136842953,,False,,
Nuwara Eliya,Central,2017,March,0.781579843,0.76845832,Healthy,101.60319,,,,758000,490,1,64.77250788,0.144796962,,True,,
Nuwara Eliya,Central,2017,April,0.786948837,0.773969947,Healthy,101.575415,,,,758500,436,0,57.537609,0.128623567,,True,,
Nuwara Eliya,Central,2017,May,0.790901123,0.778376583,Healthy,101.5119467,,,,759000,409,0,53.90597384,0.120505158,,True,,
Nuwara Eliya,Central,2017,June,0.790172973,0.7738468,Healthy,101.982038,317.3,300.9,7.0,759500,463,1,61.05321751,0.136482602,,False,,
Nuwara Eliya,Central,2017,July,0.782806897,0.764345547,Healthy,102.266975,319.5333333,298.5666667,12.23333333,760000,518,1,68.19105691,0.152439024,,False,,
Nuwara Eliya,Central,2017,August,0.781256317,0.76049158,Healthy,102.5619883,316.7,298.0,6.7,760500,572,1,75.31951059,0.168374465,,False,,
Nuwara Eliya,Central,2017,September,0.791553433,0.764563433,Healthy,103.313179,,,,761000,654,1,86.02288388,0.192301529,,True,,
Nuwara Eliya,Central,2017,October,0.8022925,0.777578067,Healthy,102.9875783,322.45,293.85,14.6,761500,709,1,93.13026814,0.208189869,,False,,
Nuwara Eliya,Central,2017,November,0.811016083,0.793236477,Healthy,102.1093733,,,,762000,763,1,100.2283251,0.224057359,,True,,
Nuwara Eliya,Central,2017,December,0.808337893,0.797640203,Healthy,101.2618847,,,,762500,736,1,96.58536585,0.215913635,,True,,
Nuwara Eliya,Central,2018,January,0.795434467,0.787591533,Healthy,100.93667,311.3,297.2,6.1,763000,504,4,66.10299524,0.52744302,,False,,
Nuwara Eliya,Central,2018,February,0.786763183,0.773856657,Healthy,101.567325,326.85,302.9,28.75,763420,476,3,62.39626005,0.497866575,,False,,
Nuwara Eliya,Central,2018,March,0.7845471,0.76845832,Healthy,101.9657467,,,,763830,504,4,66.03116579,0.526869885,,True,,
Nuwara Eliya,Central,2018,April,0.789579833,0.773969947,Healthy,101.8945153,,,,764250,448,3,58.66211361,0.468071413,,True,,
Nuwara Eliya,Central,2018,May,0.793837347,0.778376583,Healthy,101.86639,,,,764670,420,3,54.96552474,0.438575926,,True,,
Nuwara Eliya,Central,2018,June,0.785855733,0.7738468,Healthy,101.45713,,,,765080,476,3,62.2608784,0.49678635,,True,,
Nuwara Eliya,Central,2018,July,0.771065487,0.764345547,Healthy,100.8247487,308.02,290.68,7.3,765500,532,4,69.54750867,0.554927169,,False,,
Nuwara Eliya,Central,2018,August,0.764987333,0.76049158,Healthy,100.5546867,328.6583333,293.525,63.05833333,765920,588,4,76.82614754,0.613004224,,False,,
Nuwara Eliya,Central,2018,September,0.77601436,0.764563433,Healthy,101.4047067,327.8142857,299.6428571,46.84285714,766330,672,5,87.75433624,0.700201435,,False,,
Nuwara Eliya,Central,2018,October,0.79799078,0.777578067,Healthy,102.4661617,,,,766750,728,5,95.01512296,0.758136046,,True,,
Nuwara Eliya,Central,2018,November,0.809472967,0.793236477,Healthy,101.926528,,,,767170,784,6,102.2679596,0.816007222,,True,,
Nuwara Eliya,Central,2018,December,0.807115497,0.797640203,Healthy,101.1177333,,,,767580,756,6,98.56285736,0.786443806,,True,,
Nuwara Eliya,Central,2019,January,0.79596088,0.787591533,Healthy,100.9994567,,,,768000,464,4,60.46112805,0.552591463,,True,,
Nuwara Eliya,Central,2019,February,0.782342487,0.773856657,Healthy,101.0297017,316.0,301.4666667,7.7,768420,438,4,57.07096581,0.521606684,,False,,
Nuwara Eliya,Central,2019,March,0.768682727,0.76845832,Healthy,100.0275033,320.92,303.1,13.78,768830,464,4,60.39585649,0.551994906,,False,,
Nuwara Eliya,Central,2019,April,0.76534367,0.773969947,Healthy,98.9533,,,,769250,412,3,53.65589437,0.490394244,,True,,
Nuwara Eliya,Central,2019,May,0.772577583,0.778376583,Healthy,99.299965,313.6333333,296.5333333,34.13333333,769670,386,3,50.27495154,0.459493727,,False,,
Nuwara Eliya,Central,2019,June,0.774263767,0.7738468,Healthy,100.0510367,312.9,288.9,10.9,770080,438,4,56.94794248,0.520482298,,False,,
Nuwara Eliya,Central,2019,July,0.769545357,0.764345547,Healthy,100.6387867,323.8666667,294.1,22.36666667,770500,490,4,63.61300602,0.581398416,,False,,
Nuwara Eliya,Central,2019,August,0.768014917,0.76049158,Healthy,100.928252,,,,770920,541,4,70.27080726,0.64224816,,True,,
Nuwara Eliya,Central,2019,September,0.77500975,0.764563433,Healthy,101.28208,320.25,301.725,9.8,771330,619,5,80.26680555,0.733607741,,False,,
Nuwara Eliya,Central,2019,October,0.791982733,0.777578067,Healthy,101.7401067,,,,771750,670,6,86.90838318,0.794309206,,True,,
Nuwara Eliya,Central,2019,November,0.80862354,0.793236477,Healthy,101.8247817,,,,772170,722,6,93.54273581,0.854944639,,True,,
Nuwara Eliya,Central,2019,December,0.814974147,0.797640203,Healthy,102.04507,,,,772580,696,6,90.15405461,0.823973395,,True,,
Nuwara Eliya,Central,2020,January,0.804721827,0.787591533,Healthy,102.044515,314.9,303.9,6.7,773000,295,2,38.21348563,0.378632506,,False,,
Nuwara Eliya,Central,2020,February,0.783178707,0.773856657,Healthy,101.130352,316.3166667,298.8666667,14.41666667,773580,278,2,36.06345495,0.357329254,,False,,
Nuwara Eliya,Central,2020,March,0.767059737,0.76845832,Healthy,99.82916667,323.9625,301.85,15.1875,774170,295,2,38.15573374,0.37806028,,False,,
Nuwara Eliya,Central,2020,April,0.77145805,0.773969947,Healthy,99.69438,,,,774750,262,2,33.89081713,0.335802003,,True,,
Nuwara Eliya,Central,2020,May,0.790931033,0.778376583,Healthy,101.51555,,,,775330,246,2,31.74887294,0.314578875,,True,,
Nuwara Eliya,Central,2020,June,0.80021262,0.7738468,Healthy,103.2011773,,,,775920,278,2,35.95469569,0.356251629,,True,,
Nuwara Eliya,Central,2020,July,0.7990218,0.764345547,Healthy,104.2586353,,,,776500,311,3,40.1546443,0.397866181,,True,,
Nuwara Eliya,Central,2020,August,0.797072957,0.76049158,Healthy,104.51348,,,,777080,344,3,44.34832337,0.439418612,,True,,
Nuwara Eliya,Central,2020,September,0.7957856,0.764563433,Healthy,103.83419,,,,777670,393,3,50.64534552,0.501811697,,True,,
Nuwara Eliya,Central,2020,October,0.793973543,0.777578067,Healthy,101.9838117,,,,778250,426,4,54.82490161,0.543224192,,True,,
Nuwara Eliya,Central,2020,November,0.801641913,0.793236477,Healthy,100.997012,,,,778830,459,4,58.9982326,0.584575007,,True,,
Nuwara Eliya,Central,2020,December,0.808172387,0.797640203,Healthy,101.24271,,,,779420,443,4,56.84808779,0.563270625,,True,,
Nuwara Eliya,Central,2021,January,0.805567203,0.787591533,Healthy,102.1472917,,,,780000,181,4,23.23639775,0.572232645,,True,,
Nuwara Eliya,Central,2021,February,0.79446835,0.773856657,Healthy,102.5016967,,,,780250,171,4,21.93845521,0.54026878,,True,,
Nuwara Eliya,Central,2021,March,0.78510571,0.76845832,Healthy,102.0340267,,,,780500,181,4,23.22151216,0.571866065,,True,,
Nuwara Eliya,Central,2021,April,0.787925253,0.773969947,Healthy,101.6936167,,,,780750,161,3,20.63473469,0.508162622,,True,,
Nuwara Eliya,Central,2021,May,0.795505147,0.778376583,Healthy,102.0677367,,,,781000,151,3,19.33887137,0.476249961,,True,,
Nuwara Eliya,Central,2021,June,0.7987132,0.7738468,Healthy,103.0190833,,,,781250,171,4,21.91037398,0.539577236,,True,,
Nuwara Eliya,Central,2021,July,0.797025837,0.764345547,Healthy,104.013507,,,,781500,191,4,24.48023137,0.602863994,,True,,
Nuwara Eliya,Central,2021,August,0.796495383,0.76049158,Healthy,104.4422183,321.5,297.2,21.3,781750,211,5,27.04844509,0.666110275,,False,,
Nuwara Eliya,Central,2021,September,0.800723567,0.764563433,Healthy,104.4396563,322.22,300.88,10.26,782000,241,5,30.90262616,0.761025513,,False,,
Nuwara Eliya,Central,2021,October,0.808162613,0.777578067,Healthy,103.697015,310.8,270.1,9.9,782250,261,6,33.46714579,0.824180821,,False,,
Nuwara Eliya,Central,2021,November,0.81692642,0.793236477,Healthy,102.810145,,,,782500,281,6,36.03002675,0.887295774,,True,,
Nuwara Eliya,Central,2021,December,0.817269527,0.797640203,Healthy,102.3156967,311.1,297.2,5.6,782750,271,6,34.73214355,0.85533337,,False,,
Nuwara Eliya,Central,2022,January,0.807922393,0.787591533,Healthy,102.4279187,322.4,301.05,18.0,783000,375,5,48.00485936,0.700869078,,False,,
Nuwara Eliya,Central,2022,February,0.797937923,0.773856657,Healthy,102.9233033,,,,782830,354,5,45.34776835,0.662075652,,True,,
Nuwara Eliya,Central,2022,March,0.791168947,0.76845832,Healthy,102.7748337,,,,782670,375,5,48.02509982,0.701164588,,True,,
Nuwara Eliya,Central,2022,April,0.794823557,0.773969947,Healthy,102.5308517,,,,782500,334,4,42.6982519,0.623392815,,True,,
Nuwara Eliya,Central,2022,May,0.798962033,0.778376583,Healthy,102.4850353,,,,782330,313,4,40.03830958,0.584557761,,True,,
Nuwara Eliya,Central,2022,June,0.79302297,0.7738468,Healthy,102.327692,320.8,297.2,15.1,782170,354,5,45.38603308,0.662634316,,False,,
Nuwara Eliya,Central,2022,July,0.78894194,0.764345547,Healthy,103.021043,312.95,292.95,9.1,782000,396,5,50.73659368,0.740752292,,False,,
Nuwara Eliya,Central,2022,August,0.788688467,0.76049158,Healthy,103.4789903,317.65,294.4,11.15,781830,438,6,56.08948112,0.818904241,,False,,
Nuwara Eliya,Central,2022,September,0.792609767,0.764563433,Healthy,103.442918,303.3,292.4,5.2,781670,501,7,64.11538523,0.936082128,,False,,
Nuwara Eliya,Central,2022,October,0.809109193,0.777578067,Healthy,103.8098933,,,,781500,542,7,69.47344329,1.014309567,,True,,
Nuwara Eliya,Central,2022,November,0.816391933,0.793236477,Healthy,102.7480167,,,,781330,584,8,74.83383295,1.092571048,,True,,
Nuwara Eliya,Central,2022,December,0.807655157,0.797640203,Healthy,101.1813,,,,781170,563,8,72.17597619,1.053766442,,True,,
Nuwara Eliya,Central,2023,January,0.796343633,0.787591533,Healthy,101.0457433,,,,781000,423,6,54.22691359,0.833827801,,True,,
Nuwara Eliya,Central,2023,February,0.790360303,0.773856657,Healthy,102.0041883,311.7,299.3,5.4,780830,399,6,51.22545751,0.787675487,,False,,
Nuwara Eliya,Central,2023,March,0.788976407,0.76845832,Healthy,102.5069303,,,,780670,423,6,54.24983605,0.834180271,,True,,
Nuwara Eliya,Central,2023,April,0.793885037,0.773969947,Healthy,102.416962,,,,780500,376,5,48.2325797,0.741655078,,True,,
Nuwara Eliya,Central,2023,May,0.80066778,0.778376583,Healthy,102.690958,,,,780330,352,5,45.22789451,0.695453112,,True,,
Nuwara Eliya,Central,2023,June,0.7992942,0.7738468,Healthy,103.0889073,,,,780170,399,6,51.26879268,0.788341836,,True,,
Nuwara Eliya,Central,2023,July,0.78773733,0.764345547,Healthy,102.8718817,315.2571429,292.5714286,21.81428571,780000,447,6,57.3129039,0.881279967,,False,,
Nuwara Eliya,Central,2023,August,0.778134457,0.76049158,Healthy,102.176805,314.2962963,293.9185185,16.24074074,779830,494,7,63.35965031,0.974258617,,False,,
Nuwara Eliya,Central,2023,September,0.78434826,0.764563433,Healthy,102.4285853,,,,779670,564,8,72.42588875,1.113666914,,True,,
Nuwara Eliya,Central,2023,October,0.798072983,0.777578067,Healthy,102.4769967,,,,779500,611,9,78.47849101,1.206735608,,True,,
Nuwara Eliya,Central,2023,November,0.808208583,0.793236477,Healthy,101.7763,,,,779330,658,10,84.53373384,1.299844905,,True,,
Nuwara Eliya,Central,2023,December,0.812155167,0.797640203,Healthy,101.7125467,,,,779170,635,9,81.53141069,1.253679259,,True,,
Nuwara Eliya,Central,2024,January,0.80803677,0.787591533,Healthy,102.4418417,,,,779000,402,5,51.61401421,0.676289176,,True,,
Nuwara Eliya,Central,2024,February,0.7941281,0.773856657,Healthy,102.4600283,307.6,293.6,7.05,779000,379,4,48.74656898,0.638717555,,False,,
Nuwara Eliya,Central,2024,March,0.78091607,0.76845832,Healthy,101.522177,317.5857143,301.0571429,29.38571429,779000,402,5,51.61401421,0.676289176,,False,,
Nuwara Eliya,Central,2024,April,0.776841943,0.773969947,Healthy,100.3490583,,,,779000,357,4,45.87912375,0.601145934,,True,,
Nuwara Eliya,Central,2024,May,0.784937933,0.778376583,Healthy,100.7920833,,,,779000,335,4,43.01167851,0.563574314,,True,,
Nuwara Eliya,Central,2024,June,0.792718363,0.7738468,Healthy,102.2915767,,,,779000,379,4,48.74656898,0.638717555,,True,,
Nuwara Eliya,Central,2024,July,0.793047087,0.764345547,Healthy,103.5251933,317.8,298.3,11.0,779000,424,5,54.48145945,0.713860797,,False,,
Nuwara Eliya,Central,2024,August,0.795920083,0.76049158,Healthy,104.3712517,309.35,289.45,10.25,779000,469,6,60.21634992,0.789004039,,False,,
Nuwara Eliya,Central,2024,September,0.804151737,0.764563433,Healthy,104.8598367,310.88,293.26,10.34,779000,536,7,68.81868562,0.901718902,,False,,
Nuwara Eliya,Central,2024,October,0.813761487,0.777578067,Healthy,104.3744367,,,,779000,580,7,74.55357609,0.976862143,,True,,
Nuwara Eliya,Central,2024,November,0.813887317,0.793236477,Healthy,102.45091,,,,779000,625,8,80.28846656,1.052005385,,True,,
Nuwara Eliya,Central,2024,December,0.81090059,0.797640203,Healthy,101.56445,,,,779000,603,7,77.42102132,1.014433764,,True,,
Polonnaruwa,North Central,2014,January,0.805183607,0.786786787,Healthy,102.1974833,,,,416000,389,2,93.62687617,0.633208255,,True,,
Polonnaruwa,North Central,2014,February,0.788455423,0.776217623,Healthy,101.47303,314.3,299.8,6.4,416500,367,2,88.31923013,0.597312096,,False,,
Polonnaruwa,North Central,2014,March,0.716542233,0.727107247,Healthy,98.62609667,318.2,304.2,22.2,417000,389,2,93.40235129,0.63168977,,False,,
Polonnaruwa,North Central,2014,April,0.6765224,0.69618518,Healthy,97.36564,327.9769231,301.4923077,16.86923077,417500,346,2,82.92488194,0.56082956,,False,,
Polonnaruwa,North Central,2014,May,0.696243087,0.692515233,Healthy,100.5026167,,,,418000,324,2,77.64908391,0.525148792,,True,,
Polonnaruwa,North Central,2014,June,0.67563963,0.694172343,Healthy,97.51255167,321.76875,301.25625,10.7625,418500,367,2,87.89715496,0.594457557,,False,,
Polonnaruwa,North Central,2014,July,0.6197879,0.689642257,Healthy,90.55206833,325.3214286,299.2071429,20.32619048,419000,411,2,98.1207676,0.663600908,,False,,
Polonnaruwa,North Central,2014,August,0.611812907,0.675623413,Healthy,91.219245,326.63,296.245,26.59,419500,454,3,108.3200093,0.732579435,,False,,
Polonnaruwa,North Central,2014,September,0.65537785,0.66211692,Healthy,99.04994933,320.5125,295.35,18.65,420000,519,3,123.6469222,0.836236934,,False,,
Polonnaruwa,North Central,2014,October,0.716076983,0.6956889,Healthy,102.740952,322.14,299.76,15.2,420500,562,3,133.7915567,0.904846147,,False,,
Polonnaruwa,North Central,2014,November,0.73543535,0.737411163,Healthy,99.75617,319.3,303.7,13.2,421000,605,4,143.9120947,0.973292393,,False,,
Polonnaruwa,North Central,2014,December,0.735800833,0.7602516,Healthy,96.98758333,,,,421500,584,3,138.6077597,0.937418627,,True,,
Polonnaruwa,North Central,2015,January,0.76111236,0.786786787,Healthy,96.92925333,,,,422000,362,3,86.00161831,0.849612762,,True,,
Polonnaruwa,North Central,2015,February,0.769322687,0.776217623,Healthy,99.17159933,,,,422500,342,3,81.12762784,0.801462452,,True,,
Polonnaruwa,North Central,2015,March,0.730755447,0.727107247,Healthy,100.4723267,321.3,303.5,15.275,423000,362,3,85.79830479,0.847604221,,False,,
Polonnaruwa,North Central,2015,April,0.70262615,0.69618518,Healthy,100.8633383,,,,423500,322,3,76.1751183,0.752536451,,True,,
Polonnaruwa,North Central,2015,May,0.705096247,0.692515233,Healthy,101.69486,318.55,296.925,18.725,424000,302,2,71.32995858,0.704670962,,False,,
Polonnaruwa,North Central,2015,June,0.72870085,0.694172343,Healthy,104.6394153,325.37,293.79,20.09,424500,342,3,80.74540109,0.797686422,,False,,
Polonnaruwa,North Central,2015,July,0.717162917,0.689642257,Healthy,103.7190253,322.55625,295.825,19.434375,425000,383,3,90.13868962,0.890483022,,False,,
Polonnaruwa,North Central,2015,August,0.692266053,0.675623413,Healthy,102.2939253,323.8928571,296.8642857,22.77857143,425500,423,4,99.50990227,0.983061534,,False,,
Polonnaruwa,North Central,2015,September,0.695832997,0.66211692,Healthy,104.7326647,322.8545455,297.7863636,14.10909091,426000,483,4,113.5921218,1.122180236,,False,,
Polonnaruwa,North Central,2015,October,0.744624413,0.6956889,Healthy,106.5702167,322.26,297.92,15.58,426500,524,5,122.9138669,1.214270056,,False,,
Polonnaruwa,North Central,2015,November,0.76292412,0.737411163,Healthy,103.2480967,,,,427000,564,5,132.2137812,1.306144209,,True,,
Polonnaruwa,North Central,2015,December,0.771449123,0.7602516,Healthy,101.3827117,,,,427500,544,5,127.3427471,1.258023107,,True,,
Polonnaruwa,North Central,2016,January,0.794793947,0.786786787,Healthy,100.9580353,,,,428000,294,2,68.69158879,0.666742649,,True,,
Polonnaruwa,North Central,2016,February,0.777095683,0.776217623,Healthy,100.1038863,,,,428420,277,2,64.81178905,0.629084065,,True,,
Polonnaruwa,North Central,2016,March,0.716017783,0.727107247,Healthy,98.56156167,319.8,303.6,9.2,428830,294,2,68.55863629,0.665452169,,False,,
Polonnaruwa,North Central,2016,April,0.677115793,0.69618518,Healthy,97.44458333,326.1142857,301.5,23.76428571,429250,261,2,60.88138226,0.590934273,,False,,
Polonnaruwa,North Central,2016,May,0.693657467,0.692515233,Healthy,100.1547467,320.8,298.22,22.7,429670,245,2,57.02050411,0.553459348,,False,,
Polonnaruwa,North Central,2016,June,0.728088493,0.694172343,Healthy,104.5562963,315.0,289.0,6.6,430080,277,2,64.56163194,0.62665596,,False,,
Polonnaruwa,North Central,2016,July,0.748079,0.689642257,Healthy,107.9025267,317.975,299.975,10.5875,430500,310,3,72.08672087,0.699696892,,False,,
Polonnaruwa,North Central,2016,August,0.726041087,0.675623413,Healthy,106.9366333,317.7,292.3923077,12.75384615,430920,343,3,79.597141,0.772595445,,False,,
Polonnaruwa,North Central,2016,September,0.6407523,0.66211692,Healthy,97.00542667,326.0770833,299.7802083,26.91770833,431330,392,3,90.88169151,0.882126921,,False,,
Polonnaruwa,North Central,2016,October,0.628454567,0.6956889,Healthy,90.971943,329.1492063,304.4984127,22.63968254,431750,424,4,98.35939008,0.954707868,,False,,
Polonnaruwa,North Central,2016,November,0.720870967,0.737411163,Healthy,97.8834,,,,432170,457,4,105.8225544,1.027147741,,True,,
Polonnaruwa,North Central,2016,December,0.76105603,0.7602516,Healthy,100.10324,,,,432580,441,4,101.9464608,0.989525129,,True,,
Polonnaruwa,North Central,2017,January,0.781789917,0.786786787,Healthy,99.40175667,,,,433000,276,3,63.91032502,0.86182617,,True,,
Polonnaruwa,North Central,2017,February,0.790650267,0.776217623,Healthy,101.7579267,,,,433250,261,3,60.32492177,0.813477263,,True,,
Polonnaruwa,North Central,2017,March,0.75844252,0.727107247,Healthy,104.029272,,,,433500,276,3,63.83661068,0.860832138,,True,,
Polonnaruwa,North Central,2017,April,0.69656032,0.69618518,Healthy,100.0461883,324.75,304.525,10.925,433750,245,3,56.71094867,0.764743094,,False,,
Polonnaruwa,North Central,2017,May,0.68143818,0.692515233,Healthy,98.50844133,322.5111111,295.3666667,18.03333333,434000,230,3,53.1358885,0.716533663,,False,,
Polonnaruwa,North Central,2017,June,0.6857238,0.694172343,Healthy,98.86515,325.0105263,300.3947368,16.25789474,434250,261,3,60.18600428,0.811603971,,False,,
Polonnaruwa,North Central,2017,July,0.682398247,0.689642257,Healthy,99.02158333,323.4222222,298.6037037,20.48148148,434500,292,3,67.22800715,0.906564877,,False,,
Polonnaruwa,North Central,2017,August,0.704944533,0.675623413,Healthy,104.0581433,320.975,298.875,14.475,434750,322,4,74.26191111,1.00141657,,False,,
Polonnaruwa,North Central,2017,September,0.7326313,0.66211692,Healthy,109.90202,,,,435000,368,4,84.82197925,1.143818335,,True,,
Polonnaruwa,North Central,2017,October,0.749891353,0.6956889,Healthy,107.2976133,321.2777778,294.5777778,11.8,435250,399,5,91.83769724,1.238424791,,False,,
Polonnaruwa,North Central,2017,November,0.758253437,0.737411163,Healthy,102.6544863,,,,435500,430,5,98.84536044,1.332922629,,True,,
Polonnaruwa,North Central,2017,December,0.756154877,0.7602516,Healthy,99.50141833,,,,435750,415,5,95.26048445,1.284580832,,True,,
Polonnaruwa,North Central,2018,January,0.77238534,0.786786787,Healthy,98.27839667,,,,436000,296,3,68.0857015,0.72163795,,True,,
Polonnaruwa,North Central,2018,February,0.77579913,0.776217623,Healthy,99.95706667,324.8,306.4,12.2,436330,280,2,64.25452951,0.681031493,,False,,
Polonnaruwa,North Central,2018,March,0.74150168,0.727107247,Healthy,101.8573067,,,,436670,296,3,67.98123492,0.720530713,,True,,
Polonnaruwa,North Central,2018,April,0.710441967,0.69618518,Healthy,101.9104667,,,,437000,263,2,60.38213243,0.639988093,,True,,
Polonnaruwa,North Central,2018,May,0.711996543,0.692515233,Healthy,102.623878,319.3,300.0,10.8,437330,247,2,56.56553376,0.599536098,,False,,
Polonnaruwa,North Central,2018,June,0.717533583,0.694172343,Healthy,103.1391187,322.2444444,295.5333333,22.81666667,437670,280,2,64.05780351,0.678946402,,False,,
Polonnaruwa,North Central,2018,July,0.712254,0.689642257,Healthy,103.0554467,318.2,292.7529412,13.88823529,438000,313,3,71.54007499,0.758250733,,False,,
Polonnaruwa,North Central,2018,August,0.676031597,0.675623413,Healthy,100.0525667,322.9846154,295.0653846,19.64615385,438330,346,3,79.0110803,0.837435655,,False,,
Polonnaruwa,North Central,2018,September,0.67654223,0.66211692,Healthy,102.02299,328.3793103,300.1586207,16.8,438670,395,4,90.22838992,0.956327524,,False,,
Polonnaruwa,North Central,2018,October,0.730706013,0.6956889,Healthy,104.7074933,,,,439000,428,4,97.67394485,1.035242699,,True,,
Polonnaruwa,North Central,2018,November,0.744857767,0.737411163,Healthy,100.952242,,,,439330,461,4,105.1083144,1.11403932,,True,,
Polonnaruwa,North Central,2018,December,0.762962943,0.7602516,Healthy,100.3311867,,,,439670,445,4,101.2760679,1.073421474,,True,,
Polonnaruwa,North Central,2019,January,0.79706895,0.786786787,Healthy,101.22923,315.6,289.2,16.0,440000,329,3,74.78381375,0.814855876,,False,,
Polonnaruwa,North Central,2019,February,0.773859767,0.776217623,Healthy,99.705595,,,,440250,310,3,70.58905001,0.769149088,,True,,
Polonnaruwa,North Central,2019,March,0.692281303,0.727107247,Healthy,95.49128867,323.6892857,307.9,21.15,440500,329,3,74.6989286,0.813930954,,False,,
Polonnaruwa,North Central,2019,April,0.634445087,0.69618518,Healthy,91.72463533,324.4333333,302.9025641,26.58205128,440750,292,3,66.36138511,0.723083805,,False,,
Polonnaruwa,North Central,2019,May,0.643270383,0.692515233,Healthy,93.368738,323.875,302.15,25.525,441000,274,2,62.17852995,0.677506775,,False,,
Polonnaruwa,North Central,2019,June,0.68179711,0.694172343,Healthy,98.33586533,326.3130435,299.1347826,21.34347826,441250,310,3,70.42907483,0.767405974,,False,,
Polonnaruwa,North Central,2019,July,0.690451133,0.689642257,Healthy,100.1091267,323.5,296.9833333,16.33333333,441500,347,3,78.67027594,0.857203363,,False,,
Polonnaruwa,North Central,2019,August,0.659074143,0.675623413,Healthy,97.712458,323.6,292.25,20.8,441750,383,4,86.90214916,0.946899112,,False,,
Polonnaruwa,North Central,2019,September,0.65688447,0.66211692,Healthy,99.261185,328.1537037,300.0185185,21.16111111,442000,438,4,99.26056727,1.081558327,,False,,
Polonnaruwa,North Central,2019,October,0.729997973,0.6956889,Healthy,104.5966867,,,,442250,475,5,107.4714942,1.171025843,,True,,
Polonnaruwa,North Central,2019,November,0.755743667,0.737411163,Healthy,102.3359733,,,,442500,511,5,115.6731432,1.260392265,,True,,
Polonnaruwa,North Central,2019,December,0.753141087,0.7602516,Healthy,99.12717033,,,,442750,493,5,111.478977,1.214691989,,True,,
Polonnaruwa,North Central,2020,January,0.786310043,0.786786787,Healthy,99.94030333,,,,443000,185,1,41.9369047,0.297307713,,True,,
Polonnaruwa,North Central,2020,February,0.773987043,0.776217623,Healthy,99.722178,319.65,300.0,12.85,443420,175,1,39.5695615,0.280524658,,False,,
Polonnaruwa,North Central,2020,March,0.700643937,0.727107247,Healthy,96.57661333,321.1,305.5,7.9,443830,185,1,41.8584791,0.296751723,,False,,
Polonnaruwa,North Central,2020,April,0.6653974,0.69618518,Healthy,95.87652,322.4285714,301.8619048,14.28571429,444250,165,1,37.17236047,0.263529928,,False,,
Polonnaruwa,North Central,2020,May,0.722938783,0.692515233,Healthy,104.0995567,320.85,299.95,13.7,444670,154,1,34.81617226,0.246825955,,False,,
Polonnaruwa,North Central,2020,June,0.7808994,0.694172343,Healthy,111.6530317,321.3833333,296.5,12.58333333,445080,175,1,39.42198023,0.279478395,,False,,
Polonnaruwa,North Central,2020,July,0.779519797,0.689642257,Healthy,112.148735,328.8333333,293.5666667,28.71666667,445500,196,1,44.01832234,0.312063727,,False,,
Polonnaruwa,North Central,2020,August,0.714137613,0.675623413,Healthy,105.29289,323.6090909,300.25,13.46363636,445920,216,1,48.60600611,0.344587676,,False,,
Polonnaruwa,North Central,2020,September,0.6629373,0.66211692,Healthy,100.118433,325.2947368,298.2947368,16.20526316,446330,247,1,55.49869314,0.393452728,,False,,
Polonnaruwa,North Central,2020,October,0.648542233,0.6956889,Healthy,93.70120667,327.7666667,300.95,19.6,446750,268,1,60.06706066,0.425839737,,False,,
Polonnaruwa,North Central,2020,November,0.707421833,0.737411163,Healthy,96.17364667,,,,447170,288,2,64.62684659,0.458165907,,True,,
Polonnaruwa,North Central,2020,December,0.789716343,0.7602516,Healthy,103.6249487,,,,447580,278,1,62.26165863,0.441398131,,True,,
Polonnaruwa,North Central,2021,January,0.81619565,0.786786787,Healthy,103.519605,,,,448000,133,1,29.90527003,0.277656794,,True,,
Polonnaruwa,North Central,2021,February,0.76198532,0.776217623,Healthy,98.26165733,,,,448080,126,1,28.2388235,0.262184598,,True,,
Polonnaruwa,North Central,2021,March,0.699874677,0.727107247,Healthy,96.50255467,320.1,299.5,8.1,448170,133,1,29.89392636,0.277551474,,False,,
Polonnaruwa,North Central,2021,April,0.695013767,0.69618518,Healthy,99.846815,,,,448250,119,1,26.56763656,0.24666839,,True,,
Polonnaruwa,North Central,2021,May,0.736692233,0.692515233,Healthy,105.9508733,,,,448330,111,1,24.90271484,0.231210351,,True,,
Polonnaruwa,North Central,2021,June,0.76432612,0.694172343,Healthy,109.4267933,324.5333333,300.9,22.06666667,448420,126,1,28.21741232,0.261985805,,False,,
Polonnaruwa,North Central,2021,July,0.75184021,0.689642257,Healthy,108.4055847,324.78,298.14,32.58,448500,141,1,31.53148254,0.292755436,,False,,
Polonnaruwa,North Central,2021,August,0.690108623,0.675623413,Healthy,101.98507,312.7,281.5142857,9.114285714,448580,156,1,34.84437069,0.323514092,,False,,
Polonnaruwa,North Central,2021,September,0.668214653,0.66211692,Healthy,100.8545817,326.375,298.515,14.67,448670,178,1,39.8141499,0.369656225,,False,,
Polonnaruwa,North Central,2021,October,0.7211408,0.6956889,Healthy,103.4097387,318.5,299.7,8.3,448750,193,1,43.12430645,0.400389519,,False,,
Polonnaruwa,North Central,2021,November,0.75741376,0.737411163,Healthy,102.5447333,,,,448830,208,1,46.43328299,0.431111857,,True,,
Polonnaruwa,North Central,2021,December,0.765203417,0.7602516,Healthy,100.6141667,,,,448920,200,1,44.76597493,0.415631662,,True,,
Polonnaruwa,North Central,2022,January,0.788560317,0.786786787,Healthy,100.2122967,313.1,296.6,9.5,449000,286,2,63.86550057,0.619262317,,False,,
Polonnaruwa,North Central,2022,February,0.77524481,0.776217623,Healthy,99.882157,313.4,298.4,6.0,448670,270,2,60.3617811,0.585289023,,False,,
Polonnaruwa,North Central,2022,March,0.72856695,0.727107247,Healthy,100.1934917,319.2,293.4,11.5,448330,286,2,63.9609434,0.620187765,,False,,
Polonnaruwa,North Central,2022,April,0.717198277,0.69618518,Healthy,102.81853,,,,448000,254,2,56.8960511,0.551684088,,True,,
Polonnaruwa,North Central,2022,May,0.710788793,0.692515233,Healthy,102.4604317,320.49,297.36,12.89,447670,238,2,53.37936753,0.51758509,,False,,
Polonnaruwa,North Central,2022,June,0.696862067,0.694172343,Healthy,100.3612667,316.0928571,290.4928571,15.94285714,447330,270,2,60.54259791,0.587042286,,False,,
Polonnaruwa,North Central,2022,July,0.7239201,0.689642257,Healthy,104.6396233,319.8391304,295.0826087,11.93478261,447000,302,2,67.71521071,0.656590459,,False,,
Polonnaruwa,North Central,2022,August,0.758967503,0.675623413,Healthy,111.4958953,318.375,294.35,21.1,446670,334,3,74.89842176,0.726241395,,False,,
Polonnaruwa,North Central,2022,September,0.7420859,0.66211692,Healthy,111.2323487,319.9285714,298.6428571,10.48571429,446330,382,3,85.66340228,0.830622426,,False,,
Polonnaruwa,North Central,2022,October,0.739323543,0.6956889,Healthy,105.8798247,318.55,290.7,11.2,446000,414,4,92.87068431,0.900506763,,False,,
Polonnaruwa,North Central,2022,November,0.749626397,0.737411163,Healthy,101.5563053,,,,445670,446,4,100.0886397,0.970494593,,True,,
Polonnaruwa,North Central,2022,December,0.769833867,0.7602516,Healthy,101.1809433,,,,445330,430,4,96.58773187,0.936548561,,True,,
Polonnaruwa,North Central,2023,January,0.796127553,0.786786787,Healthy,101.11724,310.3,292.3,9.1,445000,348,4,78.33379008,0.904357358,,False,,
Polonnaruwa,North Central,2023,February,0.776444223,0.776217623,Healthy,100.0229933,312.0,300.5,6.7,444750,329,3,74.02349909,0.854595392,,False,,
Polonnaruwa,North Central,2023,March,0.72236519,0.727107247,Healthy,99.39054133,316.4,298.6,10.5,444500,348,4,78.42190458,0.905374633,,False,,
Polonnaruwa,North Central,2023,April,0.697114357,0.69618518,Healthy,100.125552,321.55,303.75,15.45,444250,309,3,69.74758774,0.805230337,,False,,
Polonnaruwa,North Central,2023,May,0.7076724,0.692515233,Healthy,102.0418533,317.0,299.7,7.7,444000,290,3,65.42518128,0.755328499,,False,,
Polonnaruwa,North Central,2023,June,0.73410575,0.694172343,Healthy,105.3649967,326.1083333,299.9916667,16.15,443750,329,3,74.19031261,0.856521241,,False,,
Polonnaruwa,North Central,2023,July,0.737718367,0.689642257,Healthy,106.4979553,324.5,300.05,23.2,443500,367,4,82.96532571,0.957828068,,False,,
Polonnaruwa,North Central,2023,August,0.690654317,0.675623413,Healthy,102.06218,323.662963,298.5,18.72222222,443250,406,4,91.7502373,1.059249171,,False,,
Polonnaruwa,North Central,2023,September,0.664810643,0.66211692,Healthy,100.377622,326.6888889,297.3111111,19.11111111,443000,464,5,104.9165887,1.211253648,,False,,
Polonnaruwa,North Central,2023,October,0.708307143,0.6956889,Healthy,101.68971,,,,442750,503,5,113.723816,1.312932384,,True,,
Polonnaruwa,North Central,2023,November,0.743261477,0.737411163,Healthy,100.7444153,,,,442500,542,6,122.5409949,1.414726012,,True,,
Polonnaruwa,North Central,2023,December,0.77099222,0.7602516,Healthy,101.3237667,,,,442250,522,6,118.2313282,1.364971253,,True,,
Polonnaruwa,North Central,2024,January,0.794242523,0.786786787,Healthy,100.89295,,,,442000,331,3,74.9751683,0.827723209,,True,,
Polonnaruwa,North Central,2024,February,0.75682325,0.776217623,Healthy,97.63883,323.15,299.6,17.2,442000,312,3,70.80988118,0.781738587,,False,,
Polonnaruwa,North Central,2024,March,0.694173817,0.727107247,Healthy,95.76830133,322.0,305.05,21.2,442000,331,3,74.9751683,0.827723209,,False,,
Polonnaruwa,North Central,2024,April,0.68858216,0.69618518,Healthy,98.98478,322.0,303.4,9.9,442000,294,3,66.64459405,0.735753964,,False,,
Polonnaruwa,North Central,2024,May,0.7358428,0.692515233,Healthy,105.836845,,,,442000,276,3,62.47930692,0.689769341,,True,,
Polonnaruwa,North Central,2024,June,0.77715487,0.694172343,Healthy,111.15034,315.0,293.2,7.1,442000,312,3,70.80988118,0.781738587,,False,,
Polonnaruwa,North Central,2024,July,0.765955187,0.689642257,Healthy,110.314972,324.6533333,302.0333333,17.08,442000,349,3,79.14045543,0.873707832,,False,,
Polonnaruwa,North Central,2024,August,0.7319747,0.675623413,Healthy,107.763847,326.06,294.78,17.02,442000,386,4,87.47102969,0.965677078,,False,,
Polonnaruwa,North Central,2024,September,0.708373237,0.66211692,Healthy,106.4961433,321.11,299.49,20.735,442000,441,4,99.96689107,1.103630946,,False,,
Polonnaruwa,North Central,2024,October,0.729475,0.6956889,Healthy,104.5508163,316.9,292.6,14.9,442000,478,5,108.2974653,1.195600191,,False,,
Polonnaruwa,North Central,2024,November,0.743537057,0.737411163,Healthy,100.78278,,,,442000,515,5,116.6280396,1.287569437,,True,,
Polonnaruwa,North Central,2024,December,0.768789353,0.7602516,Healthy,101.050995,,,,442000,497,5,112.4627525,1.241584814,,True,,
Puttalam,North Western,2014,January,0.740565713,0.744257547,Healthy,99.52980667,,,,778000,456,2,58.69647,0.300959308,,True,,
Puttalam,North Western,2014,February,0.687172577,0.708381497,Healthy,97.194798,323.8111111,300.4444444,14.81111111,778670,431,2,55.38785594,0.283994775,,False,,
Puttalam,North Western,2014,March,0.65362241,0.685657533,Healthy,95.64513667,326.3222222,305.2194444,18.10555556,779330,456,2,58.59629895,0.300445692,,False,,
Puttalam,North Western,2014,April,0.681398117,0.6956773,Healthy,98.076252,329.7666667,304.8,16.26666667,780000,405,2,52.04085887,0.266833438,,False,,
Puttalam,North Western,2014,May,0.716226123,0.710992,Healthy,100.6873753,,,,780670,380,1,48.74643325,0.249941654,,True,,
Puttalam,North Western,2014,June,0.70309935,0.701750467,Healthy,100.1764733,,,,781330,431,2,55.19929068,0.283027929,,True,,
Puttalam,North Western,2014,July,0.66295948,0.667962847,Healthy,99.30584333,324.0666667,303.2333333,14.1,782000,482,2,61.64046743,0.316054311,,False,,
Puttalam,North Western,2014,August,0.644954833,0.634589713,Degraded,101.5214183,332.6833333,291.075,126.2166667,782670,532,2,68.07061631,0.34902415,,False,,
Puttalam,North Western,2014,September,0.670999647,0.638963233,Degraded,104.644408,325.3710526,296.5842105,30.37105263,783330,608,3,77.72944337,0.39854866,,False,,
Puttalam,North Western,2014,October,0.719572267,0.685679817,Healthy,104.6193987,314.0,293.8,9.3,784000,659,3,84.13493446,0.431392069,,False,,
Puttalam,North Western,2014,November,0.756854167,0.738979613,Healthy,102.2725367,,,,784670,710,3,90.52948674,0.46417939,,True,,
Puttalam,North Western,2014,December,0.767156363,0.758974667,Healthy,101.0116147,,,,785330,684,3,87.22292602,0.447225386,,True,,
Puttalam,North Western,2015,January,0.747668207,0.744257547,Healthy,100.4286867,,,,786000,360,2,45.89461925,0.316514616,,True,,
Puttalam,North Western,2015,February,0.714513367,0.708381497,Healthy,100.81148,316.45,297.65,8.7,786920,340,2,43.29424299,0.298580986,,False,,
Puttalam,North Western,2015,March,0.69931338,0.685657533,Healthy,101.8572533,318.9,301.2875,16.8125,787830,360,2,45.78801357,0.315779404,,False,,
Puttalam,North Western,2015,April,0.721383797,0.6956773,Healthy,103.4442567,,,,788750,320,2,40.65298339,0.280365403,,True,,
Puttalam,North Western,2015,May,0.747433917,0.710992,Healthy,104.7879753,,,,789670,300,2,38.06776959,0.262536342,,True,,
Puttalam,North Western,2015,June,0.749873203,0.701750467,Healthy,106.4039533,,,,790580,340,2,43.09381175,0.297198702,,True,,
Puttalam,North Western,2015,July,0.71986665,0.667962847,Healthy,107.23529,319.0666667,291.0333333,12.6,791500,380,2,48.10768891,0.331777165,,False,,
Puttalam,North Western,2015,August,0.691241733,0.634589713,Degraded,108.276978,322.025,293.875,18.125,792420,420,2,53.10992385,0.366275337,,False,,
Puttalam,North Western,2015,September,0.698131447,0.638963233,Degraded,108.5902347,322.9111111,296.8777778,15.20555556,793330,480,3,60.62743244,0.418120224,,False,,
Puttalam,North Western,2015,October,0.735094687,0.685679817,Healthy,106.73316,318.475,293.625,15.925,794250,521,3,65.60363998,0.452438896,,False,,
Puttalam,North Western,2015,November,0.77325449,0.738979613,Healthy,104.3514047,,,,795170,561,3,70.56833273,0.486678157,,True,,
Puttalam,North Western,2015,December,0.783494373,0.758974667,Healthy,103.03121,,,,796080,541,3,67.97024934,0.46876034,,True,,
Puttalam,North Western,2016,January,0.764559797,0.744257547,Healthy,102.5547883,315.85,300.3,7.55,797000,315,1,39.62420051,0.174434618,,False,,
Puttalam,North Western,2016,February,0.723682833,0.708381497,Healthy,102.01546,313.25,291.2,9.55,798080,298,1,37.37221364,0.164520866,,False,,
Puttalam,North Western,2016,March,0.691712737,0.685657533,Healthy,100.8218233,319.93,300.41,9.95,799170,315,1,39.51660824,0.173960972,,False,,
Puttalam,North Western,2016,April,0.695380693,0.6956773,Healthy,99.95886333,311.7,295.9,33.8,800250,280,1,35.07846887,0.154423287,,False,,
Puttalam,North Western,2016,May,0.728020517,0.710992,Healthy,102.23603,,,,801330,263,1,32.84174207,0.144576714,,True,,
Puttalam,North Western,2016,June,0.7429841,0.701750467,Healthy,105.491285,326.65,284.85,58.95,802420,298,1,37.17008083,0.163631032,,False,,
Puttalam,North Western,2016,July,0.72086698,0.667962847,Healthy,107.3736013,315.4,291.35,33.1,803500,333,1,41.48719272,0.182635927,,False,,
Puttalam,North Western,2016,August,0.668909033,0.634589713,Degraded,105.0017113,317.45,291.7375,11.1375,804580,368,1,45.79271476,0.201589801,,False,,
Puttalam,North Western,2016,September,0.6230006,0.638963233,Degraded,97.70476333,328.9888889,293.5888889,46.26666667,805670,421,1,52.26372718,0.230076649,,False,,
Puttalam,North Western,2016,October,0.63890655,0.685679817,Healthy,93.642935,328.4538462,300.8615385,25.10769231,806750,456,2,56.5432416,0.248916031,,False,,
Puttalam,North Western,2016,November,0.708714627,0.738979613,Healthy,96.15061,,,,807830,491,2,60.81131334,0.26770504,,True,,
Puttalam,North Western,2016,December,0.748209633,0.758974667,Healthy,98.66889167,,,,808920,473,2,58.56046544,0.257796303,,True,,
Puttalam,North Western,2017,January,0.741659187,0.744257547,Healthy,99.67659,322.7,301.0,16.9,810000,321,1,39.70189702,0.216802168,,False,,
Puttalam,North Western,2017,February,0.714261953,0.708381497,Healthy,100.7771367,318.6,303.1,11.5,811250,303,1,37.43846067,0.204442106,,False,,
Puttalam,North Western,2017,March,0.687279423,0.685657533,Healthy,100.2191467,320.34,299.02,13.08,812500,321,1,39.57973734,0.216135084,,False,,
Puttalam,North Western,2017,April,0.674179107,0.6956773,Healthy,97.12438633,,,,813750,285,1,35.12794575,0.19182496,,True,,
Puttalam,North Western,2017,May,0.6752003,0.710992,Healthy,95.29698667,319.8,302.1,8.3,815000,267,1,32.88193925,0.179560078,,False,,
Puttalam,North Western,2017,June,0.656465067,0.701750467,Healthy,93.971637,,,,816250,303,1,37.2091286,0.203189781,,True,,
Puttalam,North Western,2017,July,0.612291877,0.667962847,Healthy,92.24101133,326.9272727,300.0272727,19.83636364,817500,339,1,41.52308496,0.226747222,,False,,
Puttalam,North Western,2017,August,0.592712747,0.634589713,Degraded,93.893808,316.7857143,291.6,10.07142857,818750,375,2,45.82386893,0.250232731,,False,,
Puttalam,North Western,2017,September,0.64806325,0.638963233,Degraded,101.3013933,,,,820000,428,2,52.29030339,0.285544319,,True,,
Puttalam,North Western,2017,October,0.71180215,0.685679817,Healthy,103.56011,,,,821250,464,2,56.56160671,0.308868842,,True,,
Puttalam,North Western,2017,November,0.750628047,0.738979613,Healthy,101.48273,,,,822500,500,2,60.81992735,0.33212247,,True,,
Puttalam,North Western,2017,December,0.75985324,0.758974667,Healthy,100.1090147,,,,823750,482,2,58.55879196,0.319774973,,True,,
Puttalam,North Western,2018,January,0.728310543,0.744257547,Healthy,97.98448467,,,,825000,295,1,35.86696231,0.177383592,,True,,
Puttalam,North Western,2018,February,0.678280653,0.708381497,Healthy,96.02782667,325.9333333,303.2666667,19.93333333,825580,279,1,33.85055532,0.167411253,,False,,
Puttalam,North Western,2018,March,0.65994392,0.685657533,Healthy,96.50609,326.1714286,303.4,16.72142857,826170,295,1,35.81616847,0.177132386,,False,,
Puttalam,North Western,2018,April,0.698602797,0.6956773,Healthy,100.3812083,316.9666667,296.45,28.35,826750,263,1,31.81425948,0.157340551,,False,,
Puttalam,North Western,2018,May,0.74554514,0.710992,Healthy,104.5392433,,,,827330,246,1,29.80495883,0.147403357,,True,,
Puttalam,North Western,2018,June,0.74502368,0.701750467,Healthy,105.7582417,,,,827920,279,1,33.75488147,0.166938088,,True,,
Puttalam,North Western,2018,July,0.715259773,0.667962847,Healthy,106.5913113,317.6,298.5,9.5,828500,312,1,37.69963348,0.186447248,,False,,
Puttalam,North Western,2018,August,0.6722461,0.634589713,Degraded,105.49515,319.4636364,293.0,19.40909091,829080,345,1,41.63886624,0.205929111,,False,,
Puttalam,North Western,2018,September,0.66045635,0.638963233,Degraded,103.1204883,325.1880952,297.9380952,20.87142857,829670,394,1,47.55343514,0.235180194,,False,,
Puttalam,North Western,2018,October,0.71640402,0.685679817,Healthy,104.1722167,,,,830250,427,2,51.48023296,0.254600559,,True,,
Puttalam,North Western,2018,November,0.76262364,0.738979613,Healthy,103.003935,,,,830830,460,2,55.4015482,0.273993809,,True,,
Puttalam,North Western,2018,December,0.76995699,0.758974667,Healthy,101.35798,316.25,300.7,8.35,831420,443,2,53.38501101,0.264020826,,False,,
Puttalam,North Western,2019,January,0.749496233,0.744257547,Healthy,100.6587067,322.3,300.3,14.6,832000,361,2,43.40114916,0.316604128,,False,,
Puttalam,North Western,2019,February,0.71081462,0.708381497,Healthy,100.3182317,322.6333333,297.1666667,13.16666667,832420,341,2,40.96929259,0.29886414,,False,,
Puttalam,North Western,2019,March,0.671665997,0.685657533,Healthy,98.095492,324.2117647,302.6470588,20.75294118,832830,361,2,43.35789549,0.316288599,,False,,
Puttalam,North Western,2019,April,0.667336753,0.6956773,Healthy,96.19911667,323.0,305.45,8.6,833250,320,2,38.52092526,0.28100371,,False,,
Puttalam,North Western,2019,May,0.688364473,0.710992,Healthy,97.026058,,,,833670,300,2,36.09517365,0.263308258,,True,,
Puttalam,North Western,2019,June,0.68711994,0.701750467,Healthy,98.055872,322.0,297.5,9.9,834080,341,2,40.88775482,0.298269336,,False,,
Puttalam,North Western,2019,July,0.669978507,0.667962847,Healthy,100.3022537,322.4222222,296.0444444,14.48888889,834500,381,2,45.67507928,0.333192068,,False,,
Puttalam,North Western,2019,August,0.68036949,0.634589713,Degraded,106.70263,310.7,290.3,10.35,834920,421,3,50.45758729,0.368079664,,False,,
Puttalam,North Western,2019,September,0.719899667,0.638963233,Degraded,111.7436867,322.5,294.55,15.325,835330,481,3,57.63751028,0.420456002,,False,,
Puttalam,North Western,2019,October,0.75302148,0.685679817,Healthy,109.1904113,,,,835750,521,3,62.40925706,0.455265097,,True,,
Puttalam,North Western,2019,November,0.76818379,0.738979613,Healthy,103.7148233,,,,836170,561,4,67.17621023,0.490039224,,True,,
Puttalam,North Western,2019,December,0.775750433,0.758974667,Healthy,102.073762,315.8,289.6,17.0,836580,541,3,64.74531324,0.472306236,,False,,
Puttalam,North Western,2020,January,0.757895317,0.744257547,Healthy,101.713872,315.9,302.1,7.1,837000,195,1,23.3586852,0.192324504,,False,,
Puttalam,North Western,2020,February,0.709561683,0.708381497,Healthy,100.14936,328.2333333,304.65,18.03333333,838000,184,1,22.03465471,0.181423055,,False,,
Puttalam,North Western,2020,March,0.674880057,0.685657533,Healthy,98.53421533,321.2,301.5,9.675,839000,195,1,23.30300299,0.191866043,,False,,
Puttalam,North Western,2020,April,0.69235514,0.6956773,Healthy,99.548408,320.6,302.65,9.95,840000,173,1,20.68912118,0.170344561,,False,,
Puttalam,North Western,2020,May,0.732858243,0.710992,Healthy,102.8717387,324.0,301.3,8.9,841000,162,1,19.37298802,0.159508135,,False,,
Puttalam,North Western,2020,June,0.745605267,0.701750467,Healthy,105.8401247,,,,842000,184,1,21.92997702,0.180561188,,True,,
Puttalam,North Western,2020,July,0.730669167,0.667962847,Healthy,108.7494853,317.4,293.1,17.0,843000,206,1,24.48089961,0.201564293,,False,,
Puttalam,North Western,2020,August,0.710334233,0.634589713,Degraded,111.0663167,316.2,298.2,6.6,844000,228,1,27.02577737,0.222517628,,False,,
Puttalam,North Western,2020,September,0.704941117,0.638963233,Degraded,109.5897667,321.125,294.925,15.975,845000,260,2,30.85005051,0.254004907,,False,,
Puttalam,North Western,2020,October,0.710240807,0.685679817,Healthy,103.3794247,318.52,299.42,7.42,846000,282,2,33.38138346,0.27484672,,False,,
Puttalam,North Western,2020,November,0.736790947,0.738979613,Healthy,99.72442667,319.8,296.6,9.5,847000,304,2,35.90673923,0.29563932,,False,,
Puttalam,North Western,2020,December,0.765841733,0.758974667,Healthy,100.8481797,,,,848000,293,2,34.58352508,0.284744593,,True,,
Puttalam,North Western,2021,January,0.7666573,0.744257547,Healthy,102.8237117,,,,849000,168,2,19.79660433,0.275790744,,True,,
Puttalam,North Western,2021,February,0.732797167,0.708381497,Healthy,103.21923,316.6538462,300.6153846,8.192307692,849080,158,2,18.69503137,0.260444494,,False,,
Puttalam,North Western,2021,March,0.709428943,0.685657533,Healthy,103.23131,328.0857143,298.2214286,20.30714286,849170,168,2,19.79264114,0.275735532,,False,,
Puttalam,North Western,2021,April,0.7193115,0.6956773,Healthy,103.16923,,,,849250,149,2,17.59180147,0.245075162,,True,,
Puttalam,North Western,2021,May,0.740687833,0.710992,Healthy,103.9015853,,,,849330,140,1,16.49076044,0.229736323,,True,,
Puttalam,North Western,2021,June,0.749037353,0.701750467,Healthy,106.29666,,,,849420,158,2,18.68754825,0.260340246,,True,,
Puttalam,North Western,2021,July,0.73052992,0.667962847,Healthy,108.7245733,318.68,292.44,12.06,849500,177,2,20.88411643,0.290941108,,False,,
Puttalam,North Western,2021,August,0.693400907,0.634589713,Degraded,108.5865333,315.5,289.25,12.15,849580,196,2,23.08027094,0.321536208,,False,,
Puttalam,North Western,2021,September,0.67892335,0.638963233,Degraded,105.8080853,323.3357143,297.1214286,15.47142857,849670,224,3,26.37465851,0.367431028,,False,,
Puttalam,North Western,2021,October,0.7114486,0.685679817,Healthy,103.51704,,,,849750,242,3,28.56985675,0.398012806,,True,,
Puttalam,North Western,2021,November,0.748427733,0.738979613,Healthy,101.2038913,,,,849830,261,3,30.76464169,0.428588826,,True,,
Puttalam,North Western,2021,December,0.761371627,0.758974667,Healthy,100.296402,,,,849920,252,3,29.6627631,0.413238319,,True,,
Puttalam,North Western,2022,January,0.747314313,0.744257547,Healthy,100.3858363,320.8,303.6,10.05,850000,247,3,29.07030129,0.378766141,,False,,
Puttalam,North Western,2022,February,0.71698814,0.708381497,Healthy,101.137932,324.6,304.1,13.0125,849580,233,3,27.4688574,0.357900422,,False,,
Puttalam,North Western,2022,March,0.697221167,0.685657533,Healthy,101.5720747,327.4181818,297.9090909,32.54545455,849170,247,3,29.09871533,0.379136356,,False,,
Puttalam,North Western,2022,April,0.715927083,0.6956773,Healthy,102.7117567,,,,848750,219,2,25.87832417,0.337176862,,True,,
Puttalam,North Western,2022,May,0.73973175,0.710992,Healthy,103.7764933,,,,848330,205,2,24.27294026,0.316259808,,True,,
Puttalam,North Western,2022,June,0.73426913,0.701750467,Healthy,104.3289367,,,,847920,233,3,27.52263406,0.358601095,,True,,
Puttalam,North Western,2022,July,0.714832677,0.667962847,Healthy,106.5421187,319.3,299.3,8.5,847500,260,3,30.77583519,0.400988081,,False,,
Puttalam,North Western,2022,August,0.6870962,0.634589713,Degraded,107.6676653,,,,847080,288,3,34.03226234,0.443417099,,True,,
Puttalam,North Western,2022,September,0.678115867,0.638963233,Degraded,105.688598,323.2,300.95,13.85,846670,329,4,38.91284853,0.507007798,,False,,
Puttalam,North Western,2022,October,0.721647987,0.685679817,Healthy,104.8899883,,,,846250,356,4,42.17650803,0.549531049,,True,,
Puttalam,North Western,2022,November,0.765561687,0.738979613,Healthy,103.3762417,,,,845830,384,5,45.44340869,0.59209653,,True,,
Puttalam,North Western,2022,December,0.77852709,0.758974667,Healthy,102.4169783,,,,845420,370,4,43.84168123,0.571227117,,True,,
Puttalam,North Western,2023,January,0.767493727,0.744257547,Healthy,102.9282833,302.4,290.4,3.9,845000,315,1,37.31274354,0.155866647,,False,,
Puttalam,North Western,2023,February,0.73972926,0.708381497,Healthy,104.13682,312.9,299.55,8.8,844500,297,1,35.26067765,0.147294546,,False,,
Puttalam,North Western,2023,March,0.714917117,0.685657533,Healthy,103.97653,328.1631579,299.6473684,21.31578947,844000,315,1,37.35695295,0.156051324,,False,,
Puttalam,North Western,2023,April,0.718799357,0.6956773,Healthy,103.1012613,322.8,301.2,11.6,843500,280,1,33.22586397,0.138794512,,False,,
Puttalam,North Western,2023,May,0.739528327,0.710992,Healthy,103.7493483,,,,843000,262,1,31.16772271,0.130197032,,True,,
Puttalam,North Western,2023,June,0.734114327,0.701750467,Healthy,104.30537,324.4,297.8,35.1,842500,297,1,35.34438252,0.147644206,,False,,
Puttalam,North Western,2023,July,0.69535762,0.667962847,Healthy,103.8122213,319.5666667,296.9,12.4,842000,332,1,39.52600274,0.165112102,,False,,
Puttalam,North Western,2023,August,0.658247947,0.634589713,Degraded,103.4581233,324.2916667,298.6291667,24.025,841500,367,1,43.71259221,0.182600756,,False,,
Puttalam,North Western,2023,September,0.687245763,0.638963233,Degraded,106.994555,,,,841000,420,1,49.98694933,0.208810649,,True,,
Puttalam,North Western,2023,October,0.745419,0.685679817,Healthy,108.1399133,316.7,292.4,14.7,840500,455,1,54.18474292,0.226346106,,False,,
Puttalam,North Western,2023,November,0.766488767,0.738979613,Healthy,103.501398,,,,840000,490,2,58.38753388,0.243902439,,True,,
Puttalam,North Western,2023,December,0.7705545,0.758974667,Healthy,101.43158,,,,839500,472,1,56.33579802,0.235331716,,True,,
Puttalam,North Western,2024,January,0.763658217,0.744257547,Healthy,102.447498,,,,839000,339,1,40.40524434,0.218029594,,True,,
Puttalam,North Western,2024,February,0.73039281,0.708381497,Healthy,102.89773,316.45,301.6,6.05,839000,320,1,38.16050854,0.205916839,,False,,
Puttalam,North Western,2024,March,0.688939573,0.685657533,Healthy,100.4439347,327.5769231,303.9461538,24.56923077,839000,339,1,40.40524434,0.218029594,,False,,
Puttalam,North Western,2024,April,0.69019812,0.6956773,Healthy,99.262878,317.9,300.5,5.9,839000,301,1,35.91577275,0.193804083,,False,,
Puttalam,North Western,2024,May,0.72740028,0.710992,Healthy,102.1541087,,,,839000,282,1,33.67103695,0.181691328,,True,,
Puttalam,North Western,2024,June,0.75276947,0.701750467,Healthy,106.7971533,,,,839000,320,1,38.16050854,0.205916839,,True,,
Puttalam,North Western,2024,July,0.746371643,0.667962847,Healthy,110.9401153,308.8,294.9,6.0,839000,357,1,42.64998014,0.230142349,,False,,
Puttalam,North Western,2024,August,0.729929867,0.634589713,Degraded,113.9300467,321.8,300.35,9.5,839000,395,2,47.13945173,0.25436786,,False,,
Puttalam,North Western,2024,September,0.726542983,0.638963233,Degraded,112.7241483,322.4,298.3,14.1,839000,452,2,53.87365912,0.290706125,,False,,
Puttalam,North Western,2024,October,0.73997258,0.685679817,Healthy,107.41573,315.6,295.0,12.4,839000,489,2,58.36313071,0.314931636,,False,,
Puttalam,North Western,2024,November,0.763134563,0.738979613,Healthy,103.0707,,,,839000,527,2,62.8526023,0.339157146,,True,,
Puttalam,North Western,2024,December,0.770293433,0.758974667,Healthy,101.399537,,,,839000,508,2,60.60786651,0.327044391,,True,,
Ratnapura,Sabaragamuwa,2014,January,0.809179947,0.812101433,Healthy,99.66110833,313.6,294.1,7.6,1114000,841,4,75.56158865,0.38752901,,False,,
Ratnapura,Sabaragamuwa,2014,February,0.795771607,0.800161283,Healthy,99.483295,316.45,301.7,12.2,1114920,794,4,71.30483532,0.365697608,,False,,
Ratnapura,Sabaragamuwa,2014,March,0.786704613,0.796715597,Healthy,98.817787,,,,1115830,841,4,75.43766502,0.386893449,,True,,
Ratnapura,Sabaragamuwa,2014,April,0.795732063,0.804190097,Healthy,99.00913667,,,,1116750,748,3,67.00046047,0.343621972,,True,,
Ratnapura,Sabaragamuwa,2014,May,0.806685147,0.80967919,Healthy,99.65169133,,,,1117670,701,3,62.76122779,0.321880428,,True,,
Ratnapura,Sabaragamuwa,2014,June,0.80077376,0.806729167,Healthy,99.30433133,,,,1118580,794,4,71.0715255,0.364501043,,True,,
Ratnapura,Sabaragamuwa,2014,July,0.784266367,0.794823417,Healthy,98.75007,,,,1119500,888,4,79.36760386,0.407048733,,True,,
Ratnapura,Sabaragamuwa,2014,August,0.77475462,0.78350999,Healthy,98.94997167,319.4571429,295.5714286,11.84285714,1120420,982,5,87.65005806,0.449526549,,False,,
Ratnapura,Sabaragamuwa,2014,September,0.781221867,0.782176617,Healthy,99.88460533,322.3,304.6,12.8,1121330,1122,5,100.0902021,0.513327706,,False,,
Ratnapura,Sabaragamuwa,2014,October,0.8049833,0.795774173,Healthy,101.08772,,,,1122250,1215,6,108.3421625,0.55564913,,True,,
Ratnapura,Sabaragamuwa,2014,November,0.821001817,0.812791013,Healthy,100.952127,,,,1123170,1309,6,116.5806044,0.597901222,,True,,
Ratnapura,Sabaragamuwa,2014,December,0.826290367,0.81920739,Healthy,100.81487,,,,1124080,1262,6,112.3260041,0.576080862,,True,,
Ratnapura,Sabaragamuwa,2015,January,0.81887622,0.812101433,Healthy,100.7855867,,,,1125000,902,6,80.18211382,0.611382114,,True,,
Ratnapura,Sabaragamuwa,2015,February,0.806918487,0.800161283,Healthy,100.7950833,315.1,296.3,8.25,1126080,851,6,75.65492322,0.576862653,,False,,
Ratnapura,Sabaragamuwa,2015,March,0.807820933,0.796715597,Healthy,101.3114253,,,,1127170,902,6,80.02774918,0.610205096,,True,,
Ratnapura,Sabaragamuwa,2015,April,0.819979583,0.804190097,Healthy,101.8483017,,,,1128250,801,6,71.06768342,0.541885321,,True,,
Ratnapura,Sabaragamuwa,2015,May,0.825577457,0.80967919,Healthy,101.8493283,,,,1129330,751,5,66.56223753,0.507531662,,True,,
Ratnapura,Sabaragamuwa,2015,June,0.8216935,0.806729167,Healthy,101.7466317,,,,1130420,851,6,75.36446271,0.574647915,,True,,
Ratnapura,Sabaragamuwa,2015,July,0.815093813,0.794823417,Healthy,102.4009447,,,,1131500,952,7,84.15047297,0.64164053,,True,,
Ratnapura,Sabaragamuwa,2015,August,0.814977133,0.78350999,Healthy,103.7761183,,,,1132580,1052,8,92.91972699,0.708505381,,True,,
Ratnapura,Sabaragamuwa,2015,September,0.819781747,0.782176617,Healthy,104.5188423,,,,1133670,1202,9,106.0918704,0.808941906,,True,,
Ratnapura,Sabaragamuwa,2015,October,0.8294407,0.795774173,Healthy,103.982645,315.2,295.7,11.7,1134750,1302,9,114.8234721,0.875519661,,False,,
Ratnapura,Sabaragamuwa,2015,November,0.836570967,0.812791013,Healthy,102.7572267,,,,1135830,1403,10,123.5384689,0.941970805,,True,,
Ratnapura,Sabaragamuwa,2015,December,0.836573123,0.81920739,Healthy,101.9978953,,,,1136920,1353,10,119.0121707,0.907458148,,True,,
Ratnapura,Sabaragamuwa,2016,January,0.82523547,0.812101433,Healthy,101.5231567,310.75,298.2,4.1,1138000,772,4,67.88546444,0.366496635,,False,,
Ratnapura,Sabaragamuwa,2016,February,0.811587,0.800161283,Healthy,101.3438183,315.0,290.55,9.1,1138830,729,3,64.06732227,0.345883441,,False,,
Ratnapura,Sabaragamuwa,2016,March,0.805585467,0.796715597,Healthy,101.0476133,317.9333333,304.6,8.266666667,1139670,772,4,67.7859894,0.365959594,,False,,
Ratnapura,Sabaragamuwa,2016,April,0.8160583,0.804190097,Healthy,101.3886667,325.25,300.05,15.75,1140500,686,3,60.21036273,0.325060682,,False,,
Ratnapura,Sabaragamuwa,2016,May,0.830025267,0.80967919,Healthy,102.3666283,,,,1141330,643,3,56.40616542,0.304522772,,True,,
Ratnapura,Sabaragamuwa,2016,June,0.82301599,0.806729167,Healthy,101.9002433,,,,1142170,729,3,63.87997287,0.344871988,,True,,
Ratnapura,Sabaragamuwa,2016,July,0.805252453,0.794823417,Healthy,101.2344033,327.7142857,299.7571429,17.54285714,1143000,815,4,71.34341947,0.385165269,,False,,
Ratnapura,Sabaragamuwa,2016,August,0.792562643,0.78350999,Healthy,101.08568,316.3,297.9125,10.9375,1143830,901,4,78.79603463,0.425400073,,False,,
Ratnapura,Sabaragamuwa,2016,September,0.778702133,0.782176617,Healthy,99.58342133,315.6,297.4666667,10.73333333,1144670,1030,5,89.98652716,0.485814742,,False,,
Ratnapura,Sabaragamuwa,2016,October,0.784532993,0.795774173,Healthy,98.67056133,313.0,295.9,32.1,1145500,1115,6,97.414769,0.525917961,,False,,
Ratnapura,Sabaragamuwa,2016,November,0.80839628,0.812791013,Healthy,99.48952867,,,,1146330,1201,6,104.832254,0.565963106,,True,,
Ratnapura,Sabaragamuwa,2016,December,0.821995027,0.81920739,Healthy,100.3206883,,,,1147170,1158,6,101.0142244,0.54535052,,True,,
Ratnapura,Sabaragamuwa,2017,January,0.81727006,0.812101433,Healthy,100.599815,,,,1148000,462,5,40.30126625,0.439789241,,True,,
Ratnapura,Sabaragamuwa,2017,February,0.80949103,0.800161283,Healthy,101.0979317,315.8,301.55,11.15,1149250,436,4,38.02090794,0.414904736,,False,,
Ratnapura,Sabaragamuwa,2017,March,0.809511103,0.796715597,Healthy,101.5112283,,,,1150500,462,5,40.21369288,0.438833593,,True,,
Ratnapura,Sabaragamuwa,2017,April,0.813793813,0.804190097,Healthy,101.1246117,,,,1151750,411,4,35.70671001,0.389650955,,True,,
Ratnapura,Sabaragamuwa,2017,May,0.821668827,0.80967919,Healthy,101.3945847,,,,1153000,385,4,33.43874939,0.364901741,,True,,
Ratnapura,Sabaragamuwa,2017,June,0.825980543,0.806729167,Healthy,102.2475717,,,,1154250,436,4,37.85620832,0.413107445,,True,,
Ratnapura,Sabaragamuwa,2017,July,0.815634247,0.794823417,Healthy,102.4627867,318.2,295.0,20.8,1155500,488,5,42.26410979,0.461208853,,False,,
Ratnapura,Sabaragamuwa,2017,August,0.803599993,0.78350999,Healthy,102.41072,,,,1156750,539,5,46.66248478,0.509206302,,True,,
Ratnapura,Sabaragamuwa,2017,September,0.811322503,0.782176617,Healthy,103.5019537,314.2,296.6,15.0,1158000,616,6,53.27098867,0.581321875,,False,,
Ratnapura,Sabaragamuwa,2017,October,0.823629643,0.795774173,Healthy,103.29564,,,,1159250,668,7,57.64800973,0.629086299,,True,,
Ratnapura,Sabaragamuwa,2017,November,0.830047477,0.812791013,Healthy,102.0010153,316.3,295.2,13.05,1160500,719,7,62.01560163,0.676747827,,False,,
Ratnapura,Sabaragamuwa,2017,December,0.832161413,0.81920739,Healthy,101.4903367,,,,1161750,693,7,59.73641531,0.651876112,,True,,
Ratnapura,Sabaragamuwa,2018,January,0.8251099,0.812101433,Healthy,101.5092753,311.4,292.9,11.05,1163000,1623,5,139.615796,0.471866284,,False,,
Ratnapura,Sabaragamuwa,2018,February,0.816990723,0.800161283,Healthy,101.9799067,,,,1163670,1533,5,131.7834429,0.4453949,,True,,
Ratnapura,Sabaragamuwa,2018,March,0.8148037,0.796715597,Healthy,102.136308,,,,1164330,1623,5,139.4563146,0.471327276,,True,,
Ratnapura,Sabaragamuwa,2018,April,0.82136883,0.804190097,Healthy,102.011105,,,,1165000,1443,4,123.8898775,0.418716634,,True,,
Ratnapura,Sabaragamuwa,2018,May,0.82769907,0.80967919,Healthy,102.0961067,,,,1165670,1353,4,116.0800017,0.392321217,,True,,
Ratnapura,Sabaragamuwa,2018,June,0.82267372,0.806729167,Healthy,101.8607633,,,,1166330,1533,5,131.4828899,0.444379106,,True,,
Ratnapura,Sabaragamuwa,2018,July,0.805896287,0.794823417,Healthy,101.30987,329.7,299.0,22.0,1167000,1713,5,146.8670972,0.496373858,,False,,
Ratnapura,Sabaragamuwa,2018,August,0.791216933,0.78350999,Healthy,100.9245933,315.925,289.05,17.45,1167670,1894,6,162.2336498,0.548308942,,False,,
Ratnapura,Sabaragamuwa,2018,September,0.794266683,0.782176617,Healthy,101.4521247,312.7,296.55,10.9,1168330,2164,7,185.3051458,0.626284797,,False,,
Ratnapura,Sabaragamuwa,2018,October,0.81566479,0.795774173,Healthy,102.351872,,,,1169000,2345,7,200.6321851,0.678086336,,True,,
Ratnapura,Sabaragamuwa,2018,November,0.828098467,0.812791013,Healthy,101.7750167,,,,1169670,2525,8,215.9416654,0.72982853,,True,,
Ratnapura,Sabaragamuwa,2018,December,0.827522177,0.81920739,Healthy,100.95662,,,,1170330,2435,8,208.1120334,0.703366343,,True,,
Ratnapura,Sabaragamuwa,2019,January,0.816043813,0.812101433,Healthy,100.4571013,,,,1171000,908,3,77.56972361,0.306179834,,True,,
Ratnapura,Sabaragamuwa,2019,February,0.804562337,0.800161283,Healthy,100.517763,,,,1171670,857,3,73.21840184,0.289004486,,True,,
Ratnapura,Sabaragamuwa,2019,March,0.799570043,0.796715597,Healthy,100.3372467,318.1,299.5,11.8,1172330,908,3,77.48172131,0.305832475,,False,,
Ratnapura,Sabaragamuwa,2019,April,0.802771267,0.804190097,Healthy,99.83411667,317.2,300.4,7.8,1173000,807,3,68.83330214,0.271695812,,False,,
Ratnapura,Sabaragamuwa,2019,May,0.81098918,0.80967919,Healthy,100.15229,,,,1173670,756,2,64.49438254,0.254569417,,True,,
Ratnapura,Sabaragamuwa,2019,June,0.815994407,0.806729167,Healthy,101.0820887,,,,1174330,857,3,73.05255327,0.288349856,,True,,
Ratnapura,Sabaragamuwa,2019,July,0.815921867,0.794823417,Healthy,102.4994967,323.4,300.8,17.2,1175000,958,3,81.60041515,0.322089604,,False,,
Ratnapura,Sabaragamuwa,2019,August,0.819493183,0.78350999,Healthy,104.31831,,,,1175670,1059,4,90.13853439,0.355790896,,True,,
Ratnapura,Sabaragamuwa,2019,September,0.8274386,0.782176617,Healthy,105.4389683,,,,1176330,1211,4,102.9576693,0.406390027,,True,,
Ratnapura,Sabaragamuwa,2019,October,0.831547847,0.795774173,Healthy,104.23362,,,,1177000,1312,5,111.473983,0.44000525,,True,,
Ratnapura,Sabaragamuwa,2019,November,0.83223948,0.812791013,Healthy,102.2555567,,,,1177670,1412,5,119.9806066,0.473582224,,True,,
Ratnapura,Sabaragamuwa,2019,December,0.831941333,0.81920739,Healthy,101.4650153,,,,1178330,1362,5,115.6307821,0.456412786,,True,,
Ratnapura,Sabaragamuwa,2020,January,0.819395023,0.812101433,Healthy,100.8449287,,,,1179000,765,3,64.89170235,0.304102278,,True,,
Ratnapura,Sabaragamuwa,2020,February,0.796296607,0.800161283,Healthy,99.54434,315.8,294.2,12.4,1179920,722,3,61.23882176,0.286983767,,False,,
Ratnapura,Sabaragamuwa,2020,March,0.786528383,0.796715597,Healthy,98.79679333,323.65,304.05,25.35,1180830,765,3,64.79113596,0.303630993,,False,,
Ratnapura,Sabaragamuwa,2020,April,0.804838267,0.804190097,Healthy,100.0741433,,,,1181750,680,3,57.54728501,0.269684102,,True,,
Ratnapura,Sabaragamuwa,2020,May,0.826507683,0.80967919,Healthy,101.9573647,,,,1182670,637,2,53.9086115,0.252632169,,True,,
Ratnapura,Sabaragamuwa,2020,June,0.833278657,0.806729167,Healthy,103.09961,,,,1183580,722,3,61.04945214,0.286096323,,True,,
Ratnapura,Sabaragamuwa,2020,July,0.833003037,0.794823417,Healthy,104.5208153,,,,1184500,807,3,68.17874511,0.319506361,,True,,
Ratnapura,Sabaragamuwa,2020,August,0.823168823,0.78350999,Healthy,104.757625,,,,1185420,892,4,75.29697203,0.35286454,,True,,
Ratnapura,Sabaragamuwa,2020,September,0.813263867,0.782176617,Healthy,103.736488,,,,1186330,1020,4,85.98767299,0.40296442,,True,,
Ratnapura,Sabaragamuwa,2020,October,0.809412933,0.795774173,Healthy,101.6164933,314.65,297.25,10.95,1187250,1105,5,93.08112791,0.43620651,,False,,
Ratnapura,Sabaragamuwa,2020,November,0.814613887,0.812791013,Healthy,100.2117033,,,,1188170,1190,5,100.1635979,0.469397121,,True,,
Ratnapura,Sabaragamuwa,2020,December,0.82471727,0.81920739,Healthy,100.63388,,,,1189080,1147,5,96.51240927,0.452286539,,True,,
Ratnapura,Sabaragamuwa,2021,January,0.831329923,0.812101433,Healthy,102.2317647,,,,1190000,387,2,32.58864521,0.19061283,,True,,
Ratnapura,Sabaragamuwa,2021,February,0.8212827,0.800161283,Healthy,102.4839887,,,,1190250,366,2,30.77170028,0.179985417,,True,,
Ratnapura,Sabaragamuwa,2021,March,0.81234105,0.796715597,Healthy,101.8455517,,,,1190500,387,2,32.57495826,0.190532775,,True,,
Ratnapura,Sabaragamuwa,2021,April,0.817367833,0.804190097,Healthy,101.5426387,,,,1190750,344,2,28.94943919,0.169326908,,True,,
Ratnapura,Sabaragamuwa,2021,May,0.8267707,0.80967919,Healthy,101.988052,,,,1191000,323,1,27.13440233,0.158710655,,True,,
Ratnapura,Sabaragamuwa,2021,June,0.82995025,0.806729167,Healthy,102.7108873,,,,1191250,366,2,30.74586884,0.179834327,,True,,
Ratnapura,Sabaragamuwa,2021,July,0.825752733,0.794823417,Healthy,103.66212,,,,1191500,409,2,34.35581985,0.200949135,,True,,
Ratnapura,Sabaragamuwa,2021,August,0.81968301,0.78350999,Healthy,104.340205,,,,1191750,452,2,37.96425629,0.222055084,,True,,
Ratnapura,Sabaragamuwa,2021,September,0.817405533,0.782176617,Healthy,104.23379,,,,1192000,517,3,43.37862171,0.253724014,,True,,
Ratnapura,Sabaragamuwa,2021,October,0.822370967,0.795774173,Healthy,103.1468253,,,,1192250,560,3,46.98365289,0.274810045,,True,,
Ratnapura,Sabaragamuwa,2021,November,0.82992372,0.812791013,Healthy,101.98674,,,,1192500,603,3,50.58717254,0.295887236,,True,,
Ratnapura,Sabaragamuwa,2021,December,0.83014529,0.81920739,Healthy,101.258405,,,,1192750,581,3,48.77026343,0.285260031,,True,,
Ratnapura,Sabaragamuwa,2022,January,0.82495581,0.812101433,Healthy,101.4916783,311.1,293.9,7.5,1193000,816,6,68.43579417,0.539733813,,False,,
Ratnapura,Sabaragamuwa,2022,February,0.81855709,0.800161283,Healthy,102.164352,,,,1192580,771,6,64.65656818,0.509928123,,True,,
Ratnapura,Sabaragamuwa,2022,March,0.817035453,0.796715597,Healthy,102.399884,,,,1192170,816,6,68.48343981,0.540109581,,True,,
Ratnapura,Sabaragamuwa,2022,April,0.822488247,0.804190097,Healthy,102.1424133,,,,1191750,725,5,60.89562217,0.480266603,,True,,
Ratnapura,Sabaragamuwa,2022,May,0.82407126,0.80967919,Healthy,101.674188,,,,1191330,680,5,57.10977258,0.450408674,,True,,
Ratnapura,Sabaragamuwa,2022,June,0.817467253,0.806729167,Healthy,101.2534573,,,,1190920,771,6,64.7466917,0.510638902,,True,,
Ratnapura,Sabaragamuwa,2022,July,0.813716943,0.794823417,Healthy,102.23827,303.2,291.6,5.9,1190500,861,6,72.38947904,0.570915411,,False,,
Ratnapura,Sabaragamuwa,2022,August,0.808267247,0.78350999,Healthy,102.9699847,,,,1190080,952,7,80.03766092,0.631234465,,True,,
Ratnapura,Sabaragamuwa,2022,September,0.800956457,0.782176617,Healthy,102.25705,313.0,296.4,11.1,1189670,1088,8,91.50313666,0.721659439,,False,,
Ratnapura,Sabaragamuwa,2022,October,0.81046448,0.795774173,Healthy,101.7379267,,,,1189250,1179,9,99.1634066,0.782073829,,True,,
Ratnapura,Sabaragamuwa,2022,November,0.819212013,0.812791013,Healthy,100.7453933,,,,1188830,1270,10,106.8290891,0.842530905,,True,,
Ratnapura,Sabaragamuwa,2022,December,0.819961113,0.81920739,Healthy,100.0867283,,,,1188420,1224,9,103.0493038,0.812720805,,True,,
Ratnapura,Sabaragamuwa,2023,January,0.81935092,0.812101433,Healthy,100.842355,,,,1188000,1130,9,95.14042868,0.776053215,,True,,
Ratnapura,Sabaragamuwa,2023,February,0.81665922,0.800161283,Healthy,101.94118,,,,1187580,1067,8,89.88662741,0.733198359,,True,,
Ratnapura,Sabaragamuwa,2023,March,0.816140403,0.796715597,Healthy,102.2942013,,,,1187170,1130,9,95.20694531,0.776595786,,True,,
Ratnapura,Sabaragamuwa,2023,April,0.820283633,0.804190097,Healthy,101.884305,,,,1186750,1004,8,84.65834648,0.690551671,,True,,
Ratnapura,Sabaragamuwa,2023,May,0.826145037,0.80967919,Healthy,101.915322,,,,1186330,941,7,79.39529843,0.647621389,,True,,
Ratnapura,Sabaragamuwa,2023,June,0.823207993,0.806729167,Healthy,101.9233267,,,,1185920,1067,8,90.01244686,0.734224659,,True,,
Ratnapura,Sabaragamuwa,2023,July,0.807652433,0.794823417,Healthy,101.51758,314.5,293.8333333,25.96666667,1185500,1193,9,100.6377879,0.820894755,,False,,
Ratnapura,Sabaragamuwa,2023,August,0.79339905,0.78350999,Healthy,101.186847,320.5666667,292.7,22.11666667,1185080,1318,10,111.2706603,0.907626284,,False,,
Ratnapura,Sabaragamuwa,2023,September,0.805978687,0.782176617,Healthy,102.859258,,,,1184670,1507,12,127.2104797,1.037646174,,True,,
Ratnapura,Sabaragamuwa,2023,October,0.82507095,0.795774173,Healthy,103.4652013,,,,1184250,1632,13,137.8602285,1.124515362,,True,,
Ratnapura,Sabaragamuwa,2023,November,0.8313956,0.812791013,Healthy,102.1577,,,,1183830,1758,14,148.5175339,1.211446189,,True,,
Ratnapura,Sabaragamuwa,2023,December,0.832128967,0.81920739,Healthy,101.4866087,,,,1183420,1695,13,143.2629531,1.168584973,,True,,
Ratnapura,Sabaragamuwa,2024,January,0.82525801,0.812101433,Healthy,101.5262093,322.7,296.45,23.35,1183000,1019,4,86.21528565,0.340185143,,False,,
Ratnapura,Sabaragamuwa,2024,February,0.811193503,0.800161283,Healthy,101.2973033,323.6,299.8,17.76666667,1183000,963,3,81.42554756,0.321285969,,False,,
Ratnapura,Sabaragamuwa,2024,March,0.80475986,0.796715597,Healthy,100.95011,,,,1183000,1019,4,86.21528565,0.340185143,,True,,
Ratnapura,Sabaragamuwa,2024,April,0.812649067,0.804190097,Healthy,100.9899267,,,,1183000,906,3,76.63580947,0.302386794,,True,,
Ratnapura,Sabaragamuwa,2024,May,0.824995967,0.80967919,Healthy,101.7815913,,,,1183000,849,3,71.84607138,0.283487619,,True,,
Ratnapura,Sabaragamuwa,2024,June,0.82896323,0.806729167,Healthy,102.5955947,,,,1183000,963,3,81.42554756,0.321285969,,True,,
Ratnapura,Sabaragamuwa,2024,July,0.82236012,0.794823417,Healthy,103.2604033,,,,1183000,1076,4,91.00502374,0.359084318,,True,,
Ratnapura,Sabaragamuwa,2024,August,0.820072843,0.78350999,Healthy,104.3875533,,,,1183000,1189,4,100.5844999,0.396882667,,True,,
Ratnapura,Sabaragamuwa,2024,September,0.825913587,0.782176617,Healthy,105.2557767,,,,1183000,1359,5,114.9537142,0.453580191,,True,,
Ratnapura,Sabaragamuwa,2024,October,0.828242853,0.795774173,Healthy,103.843575,,,,1183000,1473,5,124.5331904,0.49137854,,True,,
Ratnapura,Sabaragamuwa,2024,November,0.823869413,0.812791013,Healthy,101.2861067,,,,1183000,1586,6,134.1126666,0.529176889,,True,,
Ratnapura,Sabaragamuwa,2024,December,0.821796237,0.81920739,Healthy,100.297853,323.2,298.75,16.6,1183000,1529,6,129.3229285,0.510277715,,False,,
Trincomalee,Eastern,2014,January,0.76929477,0.76624178,Healthy,100.3772333,312.6,298.2,14.7,391000,273,1,69.98939555,0.467843553,,False,,
Trincomalee,Eastern,2014,February,0.751437723,0.73724276,Healthy,101.8024447,,,,391420,258,1,66.03016825,0.44137813,,True,,
Trincomalee,Eastern,2014,March,0.69853895,0.698855353,Healthy,99.945545,,,,391830,273,1,69.84113942,0.466852536,,True,,
Trincomalee,Eastern,2014,April,0.653763447,0.676333023,Healthy,96.8914,325.4666667,301.1,14.36666667,392250,243,1,62.01453984,0.414535694,,False,,
Trincomalee,Eastern,2014,May,0.657499577,0.674931247,Healthy,97.59533,318.7666667,294.3666667,13.36666667,392670,228,1,58.07644599,0.388211537,,False,,
Trincomalee,Eastern,2014,June,0.63784655,0.669301167,Healthy,95.62206,328.4928571,303.4642857,16.58571429,393080,258,1,65.75131896,0.439514164,,False,,
Trincomalee,Eastern,2014,July,0.605483533,0.658061497,Healthy,92.57392533,326.0928571,298.6392857,25.32142857,393500,288,1,73.40833256,0.49069741,,False,,
Trincomalee,Eastern,2014,August,0.633997133,0.660951143,Healthy,96.20336333,329.3357143,293.1,37.08571429,393920,319,2,81.04901825,0.541771512,,False,,
Trincomalee,Eastern,2014,September,0.682532107,0.67273578,Healthy,101.3493533,322.7555556,296.4222222,15.54444444,394330,364,2,92.53114112,0.618523671,,False,,
Trincomalee,Eastern,2014,October,0.717910433,0.703755857,Healthy,101.8860017,,,,394750,395,2,100.1354155,0.669354382,,True,,
Trincomalee,Eastern,2014,November,0.737762633,0.740562757,Healthy,99.65158667,,,,395170,425,2,107.7235258,0.720077044,,True,,
Trincomalee,Eastern,2014,December,0.7444301,0.76396468,Healthy,97.60282367,,,,395580,410,2,103.7685942,0.693640335,,True,,
Trincomalee,Eastern,2015,January,0.744628517,0.76624178,Healthy,97.353987,,,,396000,322,2,81.50406504,0.554323725,,True,,
Trincomalee,Eastern,2015,February,0.731438167,0.73724276,Healthy,99.26986333,,,,396670,304,2,76.84604413,0.522643692,,True,,
Trincomalee,Eastern,2015,March,0.705715223,0.698855353,Healthy,100.9207213,,,,397330,322,2,81.23124294,0.552468213,,True,,
Trincomalee,Eastern,2015,April,0.6920008,0.676333023,Healthy,102.1579037,,,,398000,286,1,72.08399722,0.490256159,,True,,
Trincomalee,Eastern,2015,May,0.699859853,0.674931247,Healthy,103.4387033,,,,398670,268,1,67.46517537,0.458842725,,True,,
Trincomalee,Eastern,2015,June,0.706210413,0.669301167,Healthy,105.1310013,318.3,299.0,10.1,399330,304,2,76.33416053,0.51916228,,False,,
Trincomalee,Eastern,2015,July,0.680150197,0.658061497,Healthy,103.1179867,324.325,297.95,22.425,400000,340,2,85.17174797,0.579268293,,False,,
Trincomalee,Eastern,2015,August,0.658215633,0.660951143,Healthy,99.61678,319.76,296.86,15.28666667,400670,376,2,93.97977899,0.639173287,,False,,
Trincomalee,Eastern,2015,September,0.680554607,0.67273578,Healthy,101.0740313,322.0142857,297.0428571,17.03571429,401330,430,2,107.22883,0.729282453,,False,,
Trincomalee,Eastern,2015,October,0.730080717,0.703755857,Healthy,103.49367,311.2,291.1,13.3,402000,466,3,115.9709582,0.788739231,,False,,
Trincomalee,Eastern,2015,November,0.758133317,0.740562757,Healthy,102.2256547,,,,402670,502,3,124.6839945,0.847998149,,True,,
Trincomalee,Eastern,2015,December,0.778958213,0.76396468,Healthy,101.842133,,,,403330,484,3,120.0342514,0.816374415,,True,,
Trincomalee,Eastern,2016,January,0.7747044,0.76624178,Healthy,101.034973,,,,404000,360,1,89.14513403,0.380342912,,True,,
Trincomalee,Eastern,2016,February,0.735051767,0.73724276,Healthy,99.71702,,,,404580,340,1,84.07192926,0.358697788,,True,,
Trincomalee,Eastern,2016,March,0.681961433,0.698855353,Healthy,97.73419,324.5,306.1,11.8,405170,360,1,88.88771169,0.379244605,,False,,
Trincomalee,Eastern,2016,April,0.642718457,0.676333023,Healthy,95.37085833,325.1,304.0833333,16.9,405750,320,1,78.89835645,0.336624438,,False,,
Trincomalee,Eastern,2016,May,0.6559779,0.674931247,Healthy,97.38537533,326.1,302.9,15.2,406330,300,1,73.86162755,0.315134941,,False,,
Trincomalee,Eastern,2016,June,0.70086742,0.669301167,Healthy,104.39442,320.5,298.05,10.95,406920,340,1,83.58847228,0.356635091,,False,,
Trincomalee,Eastern,2016,July,0.719877483,0.658061497,Healthy,108.7315033,316.85,292.0,12.175,407500,380,1,93.28944087,0.398024839,,False,,
Trincomalee,Eastern,2016,August,0.711837333,0.660951143,Healthy,107.1622753,330.5,299.36,55.76,408080,420,1,102.9628337,0.439296934,,False,,
Trincomalee,Eastern,2016,September,0.658638917,0.67273578,Healthy,98.06872,325.952381,297.8952381,19.85238095,408670,480,2,117.5019262,0.50132882,,False,,
Trincomalee,Eastern,2016,October,0.64638271,0.703755857,Healthy,92.38807667,326.1264706,302.0352941,23.19117647,409250,520,2,127.1133493,0.542336517,,False,,
Trincomalee,Eastern,2016,November,0.705751793,0.740562757,Healthy,95.58519,,,,409830,560,2,136.6975678,0.583228144,,True,,
Trincomalee,Eastern,2016,December,0.7533843,0.76396468,Healthy,98.69653833,,,,410420,540,2,131.6260202,0.56159009,,True,,
Trincomalee,Eastern,2017,January,0.773820467,0.76624178,Healthy,100.9312467,,,,411000,342,1,83.30069432,0.302652662,,True,,
Trincomalee,Eastern,2017,February,0.759218057,0.73724276,Healthy,102.7967083,,,,411830,323,1,78.51432107,0.285262547,,True,,
Trincomalee,Eastern,2017,March,0.718076283,0.698855353,Healthy,102.556308,319.4,299.9,13.0,412670,342,1,82.96359165,0.301427882,,False,,
Trincomalee,Eastern,2017,April,0.654643767,0.676333023,Healthy,97.00881,323.225,303.675,12.9,413500,304,1,73.59738894,0.267398079,,False,,
Trincomalee,Eastern,2017,May,0.628811633,0.674931247,Healthy,93.63812,322.85,298.3,10.65,414330,285,1,68.85933388,0.250183517,,False,,
Trincomalee,Eastern,2017,June,0.624431667,0.669301167,Healthy,93.76266667,321.6538462,297.0769231,18.81538462,415170,323,1,77.88268142,0.282967639,,False,,
Trincomalee,Eastern,2017,July,0.640857017,0.658061497,Healthy,97.57299033,324.08,296.86,18.65333333,416000,361,1,86.87167761,0.315626954,,False,,
Trincomalee,Eastern,2017,August,0.699786733,0.660951143,Healthy,105.45642,,,,416830,399,1,95.82487567,0.348156206,,True,,
Trincomalee,Eastern,2017,September,0.739267433,0.67273578,Healthy,109.2064487,321.1,295.9,17.75,417670,456,1,109.2938935,0.397092582,,False,,
Trincomalee,Eastern,2017,October,0.7490225,0.703755857,Healthy,106.024905,,,,418500,494,1,118.1668949,0.429330458,,True,,
Trincomalee,Eastern,2017,November,0.755324047,0.740562757,Healthy,101.8748187,,,,419330,532,1,127.0047709,0.461440715,,True,,
Trincomalee,Eastern,2017,December,0.7691341,0.76396468,Healthy,100.63546,,,,420170,513,1,122.2240475,0.444071128,,True,,
Trincomalee,Eastern,2018,January,0.765285133,0.76624178,Healthy,99.88093167,,,,421000,362,1,86.0494757,0.26070332,,True,,
Trincomalee,Eastern,2018,February,0.72586983,0.73724276,Healthy,98.55133933,,,,421420,342,1,81.18795416,0.245974412,,True,,
Trincomalee,Eastern,2018,March,0.6814269,0.698855353,Healthy,97.67062,,,,421830,362,1,85.88016326,0.260190355,,True,,
Trincomalee,Eastern,2018,April,0.662987117,0.676333023,Healthy,98.16395,321.4,296.8,49.15,422250,322,0,76.26199175,0.231050268,,False,,
Trincomalee,Eastern,2018,May,0.689504813,0.674931247,Healthy,102.0101633,323.0,302.6,10.5,422670,301,0,71.42457328,0.216394385,,False,,
Trincomalee,Eastern,2018,June,0.7075518,0.669301167,Healthy,105.3183567,316.5333333,295.4,12.66666667,423080,342,1,80.86940447,0.245009305,,False,,
Trincomalee,Eastern,2018,July,0.686693167,0.658061497,Healthy,104.0420567,318.3625,291.75,13.875,423500,382,1,90.29381557,0.273562358,,False,,
Trincomalee,Eastern,2018,August,0.6539044,0.660951143,Healthy,99.01194533,315.6,289.075,17.9,423920,422,1,99.69955215,0.302058833,,False,,
Trincomalee,Eastern,2018,September,0.662232133,0.67273578,Healthy,98.54227667,328.5454545,301.0045455,19.37727273,424330,483,1,113.8322509,0.344876543,,False,,
Trincomalee,Eastern,2018,October,0.70508072,0.703755857,Healthy,100.1778833,315.55,293.9,7.45,424750,523,1,123.1963326,0.373246817,,False,,
Trincomalee,Eastern,2018,November,0.7341048,0.740562757,Healthy,99.18296,,,,425170,563,1,132.5419139,0.40156104,,True,,
Trincomalee,Eastern,2018,December,0.764656987,0.76396468,Healthy,100.08357,,,,425580,543,1,127.6851447,0.38684653,,True,,
Trincomalee,Eastern,2019,January,0.764936127,0.76624178,Healthy,99.83787633,,,,426000,400,1,94.09137753,0.309172106,,True,,
Trincomalee,Eastern,2019,February,0.720020447,0.73724276,Healthy,97.80307,,,,426420,378,1,88.7765526,0.291708278,,True,,
Trincomalee,Eastern,2019,March,0.65743452,0.698855353,Healthy,94.45379333,327.3428571,307.4285714,19.0,426830,400,1,93.90841044,0.3085709,,False,,
Trincomalee,Eastern,2019,April,0.609559383,0.676333023,Healthy,90.804755,323.5869565,302.7826087,25.47826087,427250,356,1,83.39208494,0.274015613,,False,,
Trincomalee,Eastern,2019,May,0.612663003,0.674931247,Healthy,91.4104,318.7,294.6666667,18.86666667,427670,334,1,78.10330167,0.256637355,,False,,
Trincomalee,Eastern,2019,June,0.64306463,0.669301167,Healthy,96.35620333,338.8,296.15,48.7,428080,378,1,88.43229668,0.290577098,,False,,
Trincomalee,Eastern,2019,July,0.65296222,0.658061497,Healthy,99.28064667,333.24,304.24,23.02,428500,423,1,98.73922076,0.324444318,,False,,
Trincomalee,Eastern,2019,August,0.6445486,0.660951143,Healthy,97.69584667,318.6,290.5,17.5,428920,467,1,109.0259597,0.358245213,,False,,
Trincomalee,Eastern,2019,September,0.65394135,0.67273578,Healthy,97.39193,328.84,302.23,16.08,429330,534,1,124.4821057,0.409032111,,False,,
Trincomalee,Eastern,2019,October,0.71156786,0.703755857,Healthy,101.0294,315.3,293.1,36.35,429750,578,1,134.7238184,0.442685055,,False,,
Trincomalee,Eastern,2019,November,0.746344957,0.740562757,Healthy,100.7348853,,,,430170,623,2,144.945532,0.476272285,,True,,
Trincomalee,Eastern,2019,December,0.76477067,0.76396468,Healthy,100.0989867,,,,430580,601,1,139.6358174,0.458825249,,True,,
Trincomalee,Eastern,2020,January,0.764671853,0.76624178,Healthy,99.805963,,,,431000,199,0,46.22828363,0.033953936,,True,,
Trincomalee,Eastern,2020,February,0.713252587,0.73724276,Healthy,96.937775,317.0,301.8,6.4,431830,188,0,43.57612874,0.03200597,,False,,
Trincomalee,Eastern,2020,March,0.647866633,0.698855353,Healthy,93.18129333,321.3166667,296.7833333,10.1,432670,199,0,46.0498538,0.033822882,,False,,
Trincomalee,Eastern,2020,April,0.628282297,0.676333023,Healthy,93.38705533,320.375,301.5,11.75,433500,177,0,40.85483069,0.03000722,,False,,
Trincomalee,Eastern,2020,May,0.67345421,0.674931247,Healthy,99.79596833,313.5,291.22,15.98,434330,166,0,38.2282102,0.02807801,,False,,
Trincomalee,Eastern,2020,June,0.707875907,0.669301167,Healthy,105.3656883,313.1,292.75,22.25,435170,188,0,43.24167492,0.031760319,,False,,
Trincomalee,Eastern,2020,July,0.701320873,0.658061497,Healthy,106.108462,320.825,292.275,24.2,436000,210,0,48.23692847,0.035429253,,False,,
Trincomalee,Eastern,2020,August,0.666169833,0.660951143,Healthy,100.7382667,326.4388889,300.9611111,15.53333333,436830,232,0,53.21319953,0.039084245,,False,,
Trincomalee,Eastern,2020,September,0.652514047,0.67273578,Healthy,97.208177,328.125,295.725,21.175,437670,265,0,60.69836557,0.04458198,,False,,
Trincomalee,Eastern,2020,October,0.65644497,0.703755857,Healthy,93.73254,321.875,299.825,12.825,438500,287,0,65.6320976,0.048205727,,False,,
Trincomalee,Eastern,2020,November,0.702363053,0.740562757,Healthy,95.15551667,314.8,297.1,6.5,439330,309,0,70.54718762,0.051815782,,False,,
Trincomalee,Eastern,2020,December,0.759408,0.76396468,Healthy,99.43515833,,,,440170,298,0,67.8978244,0.049869867,,True,,
Trincomalee,Eastern,2021,January,0.77203694,0.76624178,Healthy,100.70845,,,,441000,104,0,23.64360378,0.099552016,,True,,
Trincomalee,Eastern,2021,February,0.728906833,0.73724276,Healthy,98.93583833,,,,441250,98,0,22.31741864,0.093968078,,True,,
Trincomalee,Eastern,2021,March,0.687989923,0.698855353,Healthy,98.550815,,,,441500,104,0,23.61682733,0.099439273,,True,,
Trincomalee,Eastern,2021,April,0.681541753,0.676333023,Healthy,100.720078,,,,441750,92,0,20.98085497,0.088340442,,True,,
Trincomalee,Eastern,2021,May,0.704998367,0.674931247,Healthy,104.1474803,,,,442000,86,0,19.65842622,0.082772321,,True,,
Trincomalee,Eastern,2021,June,0.71021565,0.669301167,Healthy,105.6889683,,,,442250,98,0,22.26695529,0.093755601,,True,,
Trincomalee,Eastern,2021,July,0.701091167,0.658061497,Healthy,106.0766047,,,,442500,110,0,24.87253686,0.104726471,,True,,
Trincomalee,Eastern,2021,August,0.688645743,0.660951143,Healthy,103.896848,310.7,281.6,4.0,442750,121,0,27.47517594,0.115684951,,False,,
Trincomalee,Eastern,2021,September,0.691654617,0.67273578,Healthy,102.6190433,323.32,300.01,15.61,443000,139,0,31.38248087,0.132136762,,False,,
Trincomalee,Eastern,2021,October,0.717441353,0.703755857,Healthy,101.82144,318.5666667,296.1666667,9.066666667,443250,150,0,33.97851237,0.143067421,,False,,
Trincomalee,Eastern,2021,November,0.744810003,0.740562757,Healthy,100.538805,,,,443500,162,0,36.57161713,0.153985756,,True,,
Trincomalee,Eastern,2021,December,0.768081083,0.76396468,Healthy,100.505495,,,,443750,156,0,35.24562006,0.148402611,,True,,
Trincomalee,Eastern,2022,January,0.7693542,0.76624178,Healthy,100.38104,,,,444000,230,1,51.86222808,0.230718523,,True,,
Trincomalee,Eastern,2022,February,0.73817988,0.73724276,Healthy,100.1188967,315.4,299.9,9.2,443920,217,0,48.98982018,0.217940096,,False,,
Trincomalee,Eastern,2022,March,0.705049363,0.698855353,Healthy,100.8326747,,,,443830,230,1,51.88209285,0.230806895,,True,,
Trincomalee,Eastern,2022,April,0.696150147,0.676333023,Healthy,102.7295867,315.5,298.7,6.75,443750,204,0,46.12572999,0.205198672,,False,,
Trincomalee,Eastern,2022,May,0.68705702,0.674931247,Healthy,101.6727753,314.15,289.25,8.85,443670,191,0,43.25066917,0.192408442,,False,,
Trincomalee,Eastern,2022,June,0.682765417,0.669301167,Healthy,101.8752433,319.925,297.35,11.8,443580,217,0,49.02737043,0.218107145,,False,,
Trincomalee,Eastern,2022,July,0.70369637,0.658061497,Healthy,106.4470367,317.9666667,291.6666667,10.06666667,443500,243,1,54.80518052,0.243810781,,False,,
Trincomalee,Eastern,2022,August,0.714624483,0.660951143,Healthy,107.5511683,323.225,298.775,23.8,443420,268,1,60.58507543,0.269523691,,False,,
Trincomalee,Eastern,2022,September,0.702949753,0.67273578,Healthy,104.1876833,326.95,303.1625,13.775,443330,307,1,69.25414257,0.308089608,,False,,
Trincomalee,Eastern,2022,October,0.717234557,0.703755857,Healthy,101.7932113,342.7,294.4,41.8,443250,332,1,75.03886206,0.333823981,,False,,
Trincomalee,Eastern,2022,November,0.749963013,0.740562757,Healthy,101.1878033,,,,443170,358,1,80.82567005,0.359567646,,True,,
Trincomalee,Eastern,2022,December,0.781562633,0.76396468,Healthy,102.1605417,,,,443080,345,1,77.95487023,0.346796372,,True,,
Trincomalee,Eastern,2023,January,0.77639034,0.76624178,Healthy,101.2402,,,,443000,183,0,41.52397732,0.181688047,,True,,
Trincomalee,Eastern,2023,February,0.73252248,0.73724276,Healthy,99.39614667,,,,442920,173,0,39.22417306,0.17162526,,True,,
Trincomalee,Eastern,2023,March,0.690263803,0.698855353,Healthy,98.85323,321.3,302.3,9.1,442830,183,0,41.53991814,0.181757796,,False,,
Trincomalee,Eastern,2023,April,0.68057708,0.676333023,Healthy,100.5869647,325.4,301.7,34.9,442750,163,0,36.93104351,0.161591678,,False,,
Trincomalee,Eastern,2023,May,0.712546563,0.674931247,Healthy,105.1886333,,,,442670,153,0,34.62911038,0.151519576,,True,,
Trincomalee,Eastern,2023,June,0.722888313,0.669301167,Healthy,107.448865,313.1,274.3,15.7,442580,173,0,39.25430596,0.171757106,,False,,
Trincomalee,Eastern,2023,July,0.68741808,0.658061497,Healthy,104.1434267,323.25,298.25,12.35,442500,194,0,43.88039135,0.19199853,,False,,
Trincomalee,Eastern,2023,August,0.65082689,0.660951143,Healthy,98.57820333,326.5966667,302.4766667,18.61,442420,214,0,48.50814974,0.212247274,,False,,
Trincomalee,Eastern,2023,September,0.668331317,0.67273578,Healthy,99.3853,318.95,296.12,15.83,442330,245,1,55.44916526,0.242617668,,False,,
Trincomalee,Eastern,2023,October,0.710746587,0.703755857,Healthy,100.9269667,,,,442250,265,1,60.08079527,0.262883352,,True,,
Trincomalee,Eastern,2023,November,0.753674663,0.740562757,Healthy,101.65376,,,,442170,286,1,64.71410124,0.28315637,,True,,
Trincomalee,Eastern,2023,December,0.786645767,0.76396468,Healthy,102.78711,,,,442080,275,1,62.41558751,0.273099229,,True,,
Trincomalee,Eastern,2024,January,0.766669057,0.76624178,Healthy,100.0469487,,,,442000,137,0,31.10583821,0.182099106,,True,,
Trincomalee,Eastern,2024,February,0.7030265,0.73724276,Healthy,95.63793,318.55,303.35,9.0,442000,129,0,29.37773609,0.171982489,,False,,
Trincomalee,Eastern,2024,March,0.65207389,0.698855353,Healthy,93.75680667,322.0285714,304.1,21.42857143,442000,137,0,31.10583821,0.182099106,,False,,
Trincomalee,Eastern,2024,April,0.65760722,0.676333023,Healthy,97.42625667,317.1,298.4,24.0,442000,122,0,27.64963396,0.161865872,,False,,
Trincomalee,Eastern,2024,May,0.708265443,0.674931247,Healthy,104.597975,318.45,295.4,9.4,442000,114,0,25.92153184,0.151749255,,False,,
Trincomalee,Eastern,2024,June,0.735763423,0.669301167,Healthy,109.2405233,317.4,301.1,6.0,442000,129,0,29.37773609,0.171982489,,False,,
Trincomalee,Eastern,2024,July,0.716046977,0.658061497,Healthy,108.188067,321.0,291.98,14.52,442000,145,0,32.83394033,0.192215723,,False,,
Trincomalee,Eastern,2024,August,0.705187133,0.660951143,Healthy,106.2227687,328.7777778,297.0666667,29.25555556,442000,160,0,36.29014458,0.212448957,,False,,
Trincomalee,Eastern,2024,September,0.699945353,0.67273578,Healthy,103.7715247,322.1846154,299.0,15.14615385,442000,183,1,41.47445094,0.242798808,,False,,
Trincomalee,Eastern,2024,October,0.711593943,0.703755857,Healthy,101.0485063,,,,442000,198,1,44.93065519,0.263032042,,True,,
Trincomalee,Eastern,2024,November,0.742328893,0.740562757,Healthy,100.22119,,,,442000,213,1,48.38685943,0.283265276,,True,,
Trincomalee,Eastern,2024,December,0.77576865,0.76396468,Healthy,101.44904,,,,442000,206,1,46.65875731,0.273148659,,True,,
Vavuniya,Northern,2014,January,0.78653742,0.794895133,Healthy,99.01241,,,,178000,93,0,52.24719101,0.205535763,,True,,
Vavuniya,Northern,2014,February,0.76117896,0.7669161,Healthy,99.29605333,322.2,296.4,10.9,178250,87,0,49.27536232,0.193844856,,False,,
Vavuniya,Northern,2014,March,0.724278933,0.741486367,Healthy,97.82280333,317.725,296.05,17.7625,178500,93,0,52.10084034,0.204960033,,False,,
Vavuniya,Northern,2014,April,0.718101547,0.737092853,Healthy,97.58616667,327.7142857,305.2857143,15.78571429,178750,82,0,46.24708625,0.181931889,,False,,
Vavuniya,Northern,2014,May,0.731517933,0.73722455,Healthy,99.27573833,320.5,298.7,9.2,179000,77,0,43.29608939,0.170322932,,False,,
Vavuniya,Northern,2014,June,0.698179953,0.712784683,Healthy,98.076855,321.9923077,300.8846154,12.66923077,179250,87,0,49.0004649,0.192763434,,False,,
Vavuniya,Northern,2014,July,0.654332283,0.68687702,Healthy,95.58071333,323.1222222,298.9444444,15.75,179500,98,0,54.68895079,0.215141427,,False,,
Vavuniya,Northern,2014,August,0.660858983,0.687870247,Healthy,96.33434667,323.7740741,290.7851852,35.24444444,179750,108,0,60.36161335,0.237457173,,False,,
Vavuniya,Northern,2014,September,0.713197933,0.711495733,Healthy,100.2122233,328.0315789,298.8184211,27.42105263,180000,124,0,68.88888889,0.27100271,,False,,
Vavuniya,Northern,2014,October,0.770231263,0.754289533,Healthy,101.98467,316.3,297.25,10.65,180250,134,0,74.52612113,0.293179076,,False,,
Vavuniya,Northern,2014,November,0.793667667,0.791582657,Healthy,100.2518917,,,,180500,144,0,80.14773777,0.315294012,,True,,
Vavuniya,Northern,2014,December,0.79439587,0.80427016,Healthy,98.844366,,,,180750,139,0,77.17842324,0.303612995,,True,,
Vavuniya,Northern,2015,January,0.78384614,0.794895133,Healthy,98.69301667,,,,181000,134,1,74.06009972,0.606387279,,True,,
Vavuniya,Northern,2015,February,0.764269233,0.7669161,Healthy,99.68018,321.4,300.4,14.0,181170,126,1,69.88001657,0.572161708,,False,,
Vavuniya,Northern,2015,March,0.75094203,0.741486367,Healthy,101.196935,316.15,301.05,29.8,181330,134,1,73.92531875,0.605283723,,False,,
Vavuniya,Northern,2015,April,0.75563999,0.737092853,Healthy,102.3558697,317.1,291.6,5.6,181500,119,0,65.64984658,0.537526036,,False,,
Vavuniya,Northern,2015,May,0.765725117,0.73722455,Healthy,103.622622,,,,181670,111,0,61.48913804,0.5034591,,True,,
Vavuniya,Northern,2015,June,0.752077933,0.712784683,Healthy,105.1520287,321.3,297.025,17.85,181830,126,1,69.62636859,0.570084896,,False,,
Vavuniya,Northern,2015,July,0.717804087,0.68687702,Healthy,104.1944253,328.05,296.55,24.25,182000,141,1,77.74501921,0.636558563,,False,,
Vavuniya,Northern,2015,August,0.70966665,0.687870247,Healthy,102.953672,322.6090909,295.1454545,19.44090909,182170,156,1,85.84851727,0.702908165,,False,,
Vavuniya,Northern,2015,September,0.746791277,0.711495733,Healthy,104.627735,323.04,297.12,16.27,182330,178,1,98.02649444,0.802618677,,False,,
Vavuniya,Northern,2015,October,0.7930728,0.754289533,Healthy,104.83163,327.8,298.5,21.3,182500,193,1,106.0964473,0.868693618,,False,,
Vavuniya,Northern,2015,November,0.811489697,0.791582657,Healthy,102.36963,,,,182670,208,1,114.1513796,0.934645576,,True,,
Vavuniya,Northern,2015,December,0.81333071,0.80427016,Healthy,101.0608353,,,,182830,201,1,109.9782151,0.900476652,,True,,
Vavuniya,Northern,2016,January,0.796514353,0.794895133,Healthy,100.1895553,,,,183000,118,0,64.65413834,0.319872051,,True,,
Vavuniya,Northern,2016,February,0.755903067,0.7669161,Healthy,98.64640833,,,,183330,111,0,60.95232774,0.301557589,,True,,
Vavuniya,Northern,2016,March,0.71345845,0.741486367,Healthy,96.4554,326.0777778,306.7777778,20.17777778,183670,118,0,64.41828996,0.318705207,,False,,
Vavuniya,Northern,2016,April,0.709572783,0.737092853,Healthy,96.50216667,322.08,302.36,11.2,184000,105,0,57.15800636,0.282785437,,False,,
Vavuniya,Northern,2016,May,0.741615343,0.73722455,Healthy,100.5636487,,,,184330,98,0,53.48969835,0.264636727,,True,,
Vavuniya,Northern,2016,June,0.753429743,0.712784683,Healthy,105.33992,,,,184670,111,0,60.51004627,0.299369431,,True,,
Vavuniya,Northern,2016,July,0.7423174,0.68687702,Healthy,107.5238533,315.8222222,293.3,9.033333333,185000,124,0,67.50823995,0.333992529,,False,,
Vavuniya,Northern,2016,August,0.724234843,0.687870247,Healthy,104.936008,319.9461538,293.0230769,16.83846154,185330,138,0,74.48151156,0.368492327,,False,,
Vavuniya,Northern,2016,September,0.69348921,0.711495733,Healthy,97.659598,325.45625,299.459375,17.3,185670,157,0,84.96585208,0.420362905,,False,,
Vavuniya,Northern,2016,October,0.703885633,0.754289533,Healthy,93.73049867,324.85,303.85,14.40357143,186000,170,0,91.88303173,0.454585191,,False,,
Vavuniya,Northern,2016,November,0.765251767,0.791582657,Healthy,96.86377833,,,,186330,184,0,98.77571002,0.488686259,,True,,
Vavuniya,Northern,2016,December,0.798877423,0.80427016,Healthy,99.36825533,315.6,303.8,6.9,186670,177,0,95.07452175,0.470374876,,False,,
Vavuniya,Northern,2017,January,0.80298716,0.794895133,Healthy,100.9602383,,,,187000,137,0,73.52289031,0.391287335,,True,,
Vavuniya,Northern,2017,February,0.78155176,0.7669161,Healthy,101.7928617,321.2333333,303.7333333,12.56666667,187000,129,0,69.43828529,0.36954915,,False,,
Vavuniya,Northern,2017,March,0.75277691,0.741486367,Healthy,101.4235983,315.8,300.1,6.4,187000,137,0,73.52289031,0.391287335,,False,,
Vavuniya,Northern,2017,April,0.7266328,0.737092853,Healthy,98.67258533,317.9,299.9,8.95,187000,122,0,65.35368027,0.347810965,,False,,
Vavuniya,Northern,2017,May,0.725398967,0.73722455,Healthy,98.499915,321.6,296.5,13.2,187000,114,0,61.26907526,0.326072779,,False,,
Vavuniya,Northern,2017,June,0.704278433,0.712784683,Healthy,98.87986333,320.4375,295.2375,18.3,187000,129,0,69.43828529,0.36954915,,False,,
Vavuniya,Northern,2017,July,0.67727075,0.68687702,Healthy,98.698835,324.5545455,299.2886364,16.96590909,187000,145,0,77.60749533,0.413025521,,False,,
Vavuniya,Northern,2017,August,0.720598433,0.687870247,Healthy,104.4255367,,,,187000,160,0,85.77670536,0.456501891,,True,,
Vavuniya,Northern,2017,September,0.773214333,0.711495733,Healthy,108.1081163,,,,187000,183,0,98.03052041,0.521716447,,True,,
Vavuniya,Northern,2017,October,0.789941517,0.754289533,Healthy,104.454052,318.4,294.375,26.8,187000,198,1,106.1997304,0.565192818,,False,,
Vavuniya,Northern,2017,November,0.80230614,0.791582657,Healthy,101.277452,,,,187000,213,1,114.3689405,0.608669188,,True,,
Vavuniya,Northern,2017,December,0.805222533,0.80427016,Healthy,100.1118067,,,,187000,206,1,110.2843355,0.586931003,,True,,
Vavuniya,Northern,2018,January,0.778250267,0.794895133,Healthy,98.02480833,320.1,297.6,23.1,187000,117,1,62.64510239,0.66518847,,False,,
Vavuniya,Northern,2018,February,0.73121791,0.7669161,Healthy,95.62521333,317.9777778,302.8888889,16.16666667,187170,110,1,59.11108157,0.627662952,,False,,
Vavuniya,Northern,2018,March,0.702051287,0.741486367,Healthy,95.01892667,321.6545455,305.8909091,12.69090909,187330,117,1,62.53474695,0.664016676,,False,,
Vavuniya,Northern,2018,April,0.719998953,0.737092853,Healthy,97.82572,318.65,296.5166667,18.68333333,187500,104,1,55.53604336,0.589701897,,False,,
Vavuniya,Northern,2018,May,0.754075333,0.73722455,Healthy,102.1447453,,,,187670,97,1,52.01787777,0.552344736,,True,,
Vavuniya,Northern,2018,June,0.739311267,0.712784683,Healthy,103.473042,321.5,297.1666667,14.3,187830,110,1,58.90337613,0.62545746,,False,,
Vavuniya,Northern,2018,July,0.68857329,0.68687702,Healthy,100.2239067,319.825,289.4875,14.675,188000,123,1,65.77365508,0.69840858,,False,,
Vavuniya,Northern,2018,August,0.657996883,0.687870247,Healthy,95.95421,320.2,289.6571429,18.68095238,188170,136,1,72.63152028,0.771227886,,False,,
Vavuniya,Northern,2018,September,0.687127683,0.711495733,Healthy,96.78957333,324.5666667,300.6583333,18.90833333,188330,156,1,82.93693089,0.880654482,,False,,
Vavuniya,Northern,2018,October,0.751582047,0.754289533,Healthy,99.65685,,,,188500,169,1,89.76731147,0.953181946,,True,,
Vavuniya,Northern,2018,November,0.788436363,0.791582657,Healthy,99.62744333,,,,188670,182,1,96.58538309,1.025578709,,True,,
Vavuniya,Northern,2018,December,0.798327693,0.80427016,Healthy,99.304375,,,,188830,175,1,93.05698893,0.988112937,,True,,
Vavuniya,Northern,2019,January,0.786641027,0.794895133,Healthy,99.02116667,315.0,299.3,12.9,189000,118,1,62.75648471,0.619434766,,False,,
Vavuniya,Northern,2019,February,0.747841,0.7669161,Healthy,97.65976833,,,,189170,112,1,59.21674959,0.584495986,,True,,
Vavuniya,Northern,2019,March,0.700774383,0.741486367,Healthy,94.8503,327.3047619,304.8428571,29.64285714,189330,118,1,62.64710088,0.618355098,,False,,
Vavuniya,Northern,2019,April,0.682982543,0.737092853,Healthy,93.12491,324.71,304.86,16.1,189500,105,1,55.63635584,0.549155887,,False,,
Vavuniya,Northern,2019,May,0.69624565,0.73722455,Healthy,94.79672467,319.6142857,295.8571429,10.81428571,189670,98,0,52.11233375,0.514372202,,False,,
Vavuniya,Northern,2019,June,0.680899477,0.712784683,Healthy,95.819005,323.8076923,298.6461538,17.76153846,189830,112,1,59.01086509,0.582463813,,False,,
Vavuniya,Northern,2019,July,0.652556913,0.68687702,Healthy,95.34158167,323.11,297.09,15.38,190000,125,1,65.89430894,0.650406504,,False,,
Vavuniya,Northern,2019,August,0.653643063,0.687870247,Healthy,95.35967467,325.86,290.34,54.99,190170,138,1,72.76544606,0.718227722,,False,,
Vavuniya,Northern,2019,September,0.70169331,0.711495733,Healthy,98.69475167,328.6434783,302.6826087,16.43913043,190330,158,1,83.0906013,0.820141654,,False,,
Vavuniya,Northern,2019,October,0.77158101,0.754289533,Healthy,102.1475883,,,,190500,171,1,89.9344899,0.887693916,,True,,
Vavuniya,Northern,2019,November,0.805648697,0.791582657,Healthy,101.672803,,,,190670,184,1,96.76617456,0.955125721,,True,,
Vavuniya,Northern,2019,December,0.81224306,0.80427016,Healthy,100.9335133,,,,190830,177,1,93.23200448,0.92024187,,True,,
Vavuniya,Northern,2020,January,0.787731813,0.794895133,Healthy,99.14675833,311.4,296.6,9.6,191000,78,0,41.02924275,0.42140212,,False,,
Vavuniya,Northern,2020,February,0.733448217,0.7669161,Healthy,95.89457333,317.4,301.9,10.05,191250,74,0,38.69918699,0.397470641,,False,,
Vavuniya,Northern,2020,March,0.693096403,0.741486367,Healthy,93.884872,333.9166667,301.4333333,29.55,191500,78,0,40.92211679,0.420301853,,False,,
Vavuniya,Northern,2020,April,0.700948693,0.737092853,Healthy,95.405425,321.7555556,300.3,18.43333333,191750,69,0,36.32778961,0.373114553,,False,,
Vavuniya,Northern,2020,May,0.74510512,0.73722455,Healthy,101.0079553,317.2,298.2,14.4,192000,65,0,34.01295732,0.349339431,,False,,
Vavuniya,Northern,2020,June,0.764618943,0.712784683,Healthy,106.8119933,316.2285714,291.4428571,12.58571429,192250,74,0,38.49789083,0.395403174,,False,,
Vavuniya,Northern,2020,July,0.766471277,0.68687702,Healthy,110.8031437,317.15,291.2,11.95,192500,82,0,42.97117517,0.441347271,,False,,
Vavuniya,Northern,2020,August,0.744178983,0.687870247,Healthy,107.6402533,322.0409091,296.55,22.04090909,192750,91,0,47.43285565,0.487172187,,False,,
Vavuniya,Northern,2020,September,0.714182553,0.711495733,Healthy,100.3768067,326.1545455,296.8909091,16.6,193000,104,1,54.138759,0.556047011,,False,,
Vavuniya,Northern,2020,October,0.71196562,0.754289533,Healthy,94.749035,323.3363636,299.7636364,13.65454545,193250,113,1,58.57444862,0.601604981,,False,,
Vavuniya,Northern,2020,November,0.758646143,0.791582657,Healthy,96.07841467,313.5,294.95,8.85,193500,121,1,62.9986765,0.64704523,,False,,
Vavuniya,Northern,2020,December,0.80123896,0.80427016,Healthy,99.64432,,,,193750,117,1,60.67033832,0.623131393,,True,,
Vavuniya,Northern,2021,January,0.803313333,0.794895133,Healthy,100.9959013,,,,194000,71,0,36.84938396,0.18858436,,True,,
Vavuniya,Northern,2021,February,0.766234333,0.7669161,Healthy,99.912432,319.025,305.6,12.25,194080,67,0,34.78785045,0.178034035,,False,,
Vavuniya,Northern,2021,March,0.729872817,0.741486367,Healthy,98.53034533,318.3333333,299.4833333,13.68333333,194170,71,0,36.81712153,0.18841925,,False,,
Vavuniya,Northern,2021,April,0.7284846,0.737092853,Healthy,98.90481867,317.0,302.4,11.9,194250,63,0,32.71285223,0.167414802,,False,,
Vavuniya,Northern,2021,May,0.751355887,0.73722455,Healthy,101.7978,,,,194330,59,0,30.65567372,0.156886764,,True,,
Vavuniya,Northern,2021,June,0.743458967,0.712784683,Healthy,104.028402,314.225,292.325,20.225,194420,67,0,34.72701377,0.177722691,,False,,
Vavuniya,Northern,2021,July,0.7313451,0.68687702,Healthy,106.035572,320.3545455,294.5909091,12.57727273,194500,75,0,38.79658077,0.198549543,,False,,
Vavuniya,Northern,2021,August,0.72505075,0.687870247,Healthy,105.04131,327.4785714,296.9571429,24.94285714,194580,83,0,42.86280143,0.21935927,,False,,
Vavuniya,Northern,2021,September,0.736603063,0.711495733,Healthy,103.3022317,325.2,298.4263158,18.47368421,194670,95,0,48.9634115,0.250580407,,False,,
Vavuniya,Northern,2021,October,0.76604,0.754289533,Healthy,101.4709967,,,,194750,103,0,53.02190634,0.271350595,,True,,
Vavuniya,Northern,2021,November,0.788141007,0.791582657,Healthy,99.59334967,,,,194830,111,0,57.07706823,0.292103727,,True,,
Vavuniya,Northern,2021,December,0.79949023,0.80427016,Healthy,99.44033867,,,,194920,107,0,55.01318865,0.281541395,,True,,
Vavuniya,Northern,2022,January,0.78809641,0.794895133,Healthy,99.193355,310.8,297.1,5.5,195000,126,0,65.02814259,0.450281426,,False,,
Vavuniya,Northern,2022,February,0.753126137,0.7669161,Healthy,98.31067,314.4,298.6666667,10.96666667,195080,119,0,61.39028224,0.425091395,,False,,
Vavuniya,Northern,2022,March,0.730617953,0.741486367,Healthy,98.62898033,316.4,298.06,12.38,195170,126,0,64.97150077,0.449889215,,False,,
Vavuniya,Northern,2022,April,0.74393435,0.737092853,Healthy,100.867806,,,,195250,112,0,57.72878215,0.399737672,,True,,
Vavuniya,Northern,2022,May,0.75396717,0.73722455,Healthy,102.127682,316.64,296.64,23.36,195330,105,0,54.0985674,0.374600582,,False,,
Vavuniya,Northern,2022,June,0.745371787,0.712784683,Healthy,104.2830353,324.5333333,294.7,24.3,195420,119,0,61.28347283,0.424351803,,False,,
Vavuniya,Northern,2022,July,0.737411767,0.68687702,Healthy,106.8589363,321.5866667,295.14,13.09333333,195500,133,0,68.46526522,0.474081467,,False,,
Vavuniya,Northern,2022,August,0.73719894,0.687870247,Healthy,106.6872167,322.4166667,299.7666667,12.46666667,195580,147,1,75.64118232,0.523770449,,False,,
Vavuniya,Northern,2022,September,0.740004633,0.711495733,Healthy,103.75633,322.8823529,298.0470588,20.0,195670,169,1,86.40730349,0.59831947,,False,,
Vavuniya,Northern,2022,October,0.76220766,0.754289533,Healthy,100.9913217,,,,195750,183,1,93.569656,0.647914525,,True,,
Vavuniya,Northern,2022,November,0.792444597,0.791582657,Healthy,100.10265,,,,195830,197,1,100.7261566,0.697469059,,True,,
Vavuniya,Northern,2022,December,0.80588253,0.80427016,Healthy,100.188788,,,,195920,190,1,97.08417572,0.672250495,,True,,
Vavuniya,Northern,2023,January,0.788329213,0.794895133,Healthy,99.22041867,,,,196000,50,0,25.94574415,0.485316078,,True,,
Vavuniya,Northern,2023,February,0.751915907,0.7669161,Healthy,98.16139,317.4,300.8,25.8,196080,48,0,24.49431624,0.458167066,,False,,
Vavuniya,Northern,2023,March,0.723968217,0.741486367,Healthy,97.78729,316.8,293.75,20.05,196170,50,0,25.92325969,0.484895505,,False,,
Vavuniya,Northern,2023,April,0.72911897,0.737092853,Healthy,98.985862,328.6,302.1,41.7,196250,45,0,23.03350422,0.430842525,,False,,
Vavuniya,Northern,2023,May,0.749616383,0.73722455,Healthy,101.57773,,,,196330,42,0,21.58511118,0.403750281,,True,,
Vavuniya,Northern,2023,June,0.740249743,0.712784683,Healthy,103.6014717,318.38,296.62,14.06,196420,48,0,24.45191696,0.457373986,,False,,
Vavuniya,Northern,2023,July,0.70096818,0.68687702,Healthy,101.9074187,321.3307692,296.8615385,15.65769231,196500,53,1,27.31748692,0.510974575,,False,,
Vavuniya,Northern,2023,August,0.676018453,0.687870247,Healthy,98.39669167,322.9095238,300.0,14.49285714,196580,59,1,30.18072454,0.564531538,,False,,
Vavuniya,Northern,2023,September,0.691365083,0.711495733,Healthy,97.35757633,328.9375,295.8375,42.175,196670,67,1,34.47647229,0.644883654,,False,,
Vavuniya,Northern,2023,October,0.73409997,0.754289533,Healthy,97.48877867,313.5,294.7,21.5,196750,73,1,37.33432506,0.698339893,,False,,
Vavuniya,Northern,2023,November,0.773494313,0.791582657,Healthy,97.848445,,,,196830,79,1,40.18985473,0.751752678,,True,,
Vavuniya,Northern,2023,December,0.79959791,0.80427016,Healthy,99.45262467,,,,196920,76,1,38.73679048,0.724573059,,True,,
Vavuniya,Northern,2024,January,0.792743057,0.794895133,Healthy,99.74383333,,,,197000,26,0,13.66844125,0.297140027,,True,,
Vavuniya,Northern,2024,February,0.746966647,0.7669161,Healthy,97.54743667,318.5,302.7,7.9,197000,25,0,12.90908341,0.280632248,,False,,
Vavuniya,Northern,2024,March,0.70080718,0.741486367,Healthy,94.858968,322.0,305.375,11.125,197000,26,0,13.66844125,0.297140027,,False,,
Vavuniya,Northern,2024,April,0.7095,0.737092853,Healthy,96.492172,321.5,300.65,11.35,197000,23,0,12.14972556,0.264124469,,False,,
Vavuniya,Northern,2024,May,0.748858973,0.73722455,Healthy,101.48461,,,,197000,22,0,11.39036771,0.247616689,,True,,
Vavuniya,Northern,2024,June,0.75728307,0.712784683,Healthy,105.8395937,,,,197000,25,0,12.90908341,0.280632248,,True,,
Vavuniya,Northern,2024,July,0.730941513,0.68687702,Healthy,105.978448,321.35,294.575,12.85,197000,28,0,14.4277991,0.313647807,,False,,
Vavuniya,Northern,2024,August,0.731126657,0.687870247,Healthy,105.8624883,319.75,295.6428571,17.22857143,197000,31,0,15.9465148,0.346663365,,False,,
Vavuniya,Northern,2024,September,0.738677423,0.711495733,Healthy,103.5814863,326.7684211,299.7894737,18.18947368,197000,35,0,18.22458834,0.396186703,,False,,
Vavuniya,Northern,2024,October,0.756094367,0.754289533,Healthy,100.2378033,316.4,299.7,6.3,197000,38,0,19.74330403,0.429202262,,False,,
Vavuniya,Northern,2024,November,0.777932267,0.791582657,Healthy,98.37927,312.1,298.5,6.6,197000,41,0,21.26201973,0.46221782,,False,,
Vavuniya,Northern,2024,December,0.789231303,0.80427016,Healthy,98.23953967,,,,197000,40,0,20.50266188,0.445710041,,True,,
