district,province,year,month_name,vim,vim_avg,forest statust,viq,brightness,bright_t31,Fire Radiative Power,population,no2_ug_m3_avg,so2_ug_m3_avg,respiratory_cases,deaths,respiratory_cases_per_100k,deaths_per_100k,Petrol_Liters,Diesel_Liters,Kerosene_Liters,CO2_Petrol_Tons,CO2_Diesel_Tons,CO2_Kerosene_Tons,CO2_Total_Tons,Estimated_Vehicles,national_total_vehicles,national_buses,national_dpv,national_lorries,national_motor_cars,national_motorcycles,national_tricycles
Ampara,Eastern,2014,January,0.795289333,0.783309713,Healthy,101.439978,,,,666000,16.0559,10.3829,184,1,27.75214239,0.186772138,,,,,,,,,859112.0,3851.0,20799.0,3851.0,38780.0,272885.0,79038.0
Ampara,Eastern,2014,February,0.756012707,0.7432987,Healthy,101.5974153,,,,666670,15.2307,9.4879,174,1,26.18401542,0.176218631,,,,,,,,,859112.0,3851.0,20799.0,3851.0,38780.0,272885.0,79038.0
Ampara,Eastern,2014,March,0.695383433,0.699393903,Healthy,99.45482333,321.775,300.5,10.425,667330,13.9891,12.0924,184,1,27.6968319,0.186399898,,,,,,,,,859112.0,3851.0,20799.0,3851.0,38780.0,272885.0,79038.0
Ampara,Eastern,2014,April,0.664488883,0.683114263,Healthy,97.45943167,325.35,302.075,14.775,668000,13.7484,9.9017,164,1,24.59471301,0.165522613,,,,,,,,,859112.0,3851.0,20799.0,3851.0,38780.0,272885.0,79038.0
Ampara,Eastern,2014,May,0.683395933,0.69424426,Healthy,98.53989333,320.7,306.1,10.3,668670,12.8798,8.5517,154,1,23.03444004,0.155021964,,,,,,,,,859112.0,3851.0,20799.0,3851.0,38780.0,272885.0,79038.0
Ampara,Eastern,2014,June,0.67652832,0.69607917,Healthy,97.37266,320.65,299.12,18.225,669330,11.6914,7.8085,174,1,26.07995691,0.175518317,,,,,,,,,859112.0,3851.0,20799.0,3851.0,38780.0,272885.0,79038.0
Ampara,Eastern,2014,July,0.617347593,0.66297264,Healthy,93.590662,323.9148936,298.8276596,18.39574468,670000,8.581,5.8856,195,1,29.11903895,0.195971363,,,,,,,,,859112.0,3851.0,20799.0,3851.0,38780.0,272885.0,79038.0
Ampara,Eastern,2014,August,0.59187026,0.629752123,Degraded,94.43391267,326.4340909,294.5568182,18.19090909,670670,8.7333,5.8427,215,1,32.1520489,0.216383544,,,,,,,,,859112.0,3851.0,20799.0,3851.0,38780.0,272885.0,79038.0
Ampara,Eastern,2014,September,0.625181607,0.632959433,Degraded,98.8504,326.6,298.9375,28.05,671330,13.1783,8.3935,246,1,36.70907369,0.247052357,,,,,,,,,859112.0,3851.0,20799.0,3851.0,38780.0,272885.0,79038.0
Ampara,Eastern,2014,October,0.682458483,0.672698457,Healthy,101.3500483,311.55,290.8,42.3,672000,13.5567,8.7419,266,1,39.72851336,0.267373209,,,,,,,,,859112.0,3851.0,20799.0,3851.0,38780.0,272885.0,79038.0
Ampara,Eastern,2014,November,0.7335857,0.73024149,Healthy,100.4338233,320.9,299.8,8.8,672670,22.9023,15.5658,287,1,42.74193812,0.287653582,,,,,,,,,859112.0,3851.0,20799.0,3851.0,38780.0,272885.0,79038.0
Ampara,Eastern,2014,December,0.771218337,0.776660733,Healthy,99.345778,,,,673330,24.8782,17.9762,277,1,41.17504083,0.277108351,,,,,,,,,859112.0,3851.0,20799.0,3851.0,38780.0,272885.0,79038.0
Ampara,Eastern,2015,January,0.767779567,0.783309713,Healthy,98.13521,315.95,298.7,10.35,674000,18.5763,27.7405,207,1,30.77730332,0.227980025,1239.0916256817748,2333.39603949335,291.65888446108227,2.8623016553249,6.253501385842178,0.7174808557742623,9.83328389694134,,1337814.0,4140.0,39456.0,5356.0,105628.0,370889.0,129547.0
Ampara,Eastern,2015,February,0.733295207,0.7432987,Healthy,98.74668667,,,,675000,18.0417,31.3347,195,1,29.02439024,0.214995483,1239.0916256817748,2333.39603949335,291.65888446108227,2.8623016553249,6.253501385842178,0.7174808557742623,9.83328389694134,,1337814.0,4140.0,39456.0,5356.0,105628.0,370889.0,129547.0
Ampara,Eastern,2015,March,0.703127643,0.699393903,Healthy,100.5038233,,,,676000,16.7762,32.6177,207,1,30.68624621,0.227305527,1239.0916256817748,2333.39603949335,291.65888446108227,2.8623016553249,6.253501385842178,0.7174808557742623,9.83328389694134,,1337814.0,4140.0,39456.0,5356.0,105628.0,370889.0,129547.0
Ampara,Eastern,2015,April,0.693901367,0.683114263,Healthy,101.4711733,326.3,306.5,13.4,677000,13.9649,32.8652,184,1,27.23637281,0.20175091,1239.0916256817748,2333.39603949335,291.65888446108227,2.8623016553249,6.253501385842178,0.7174808557742623,9.83328389694134,,1337814.0,4140.0,39456.0,5356.0,105628.0,370889.0,129547.0
Ampara,Eastern,2015,May,0.71925622,0.69424426,Healthy,103.3559137,319.95,297.35,11.5,678000,13.4551,30.4692,172,1,25.49643859,0.188862508,1239.0916256817748,2333.39603949335,291.65888446108227,2.8623016553249,6.253501385842178,0.7174808557742623,9.83328389694134,,1337814.0,4140.0,39456.0,5356.0,105628.0,370889.0,129547.0
Ampara,Eastern,2015,June,0.74195554,0.69607917,Healthy,106.1501167,317.6,299.05,7.55,679000,13.2109,24.7794,195,1,28.85340709,0.213728941,1239.0916256817748,2333.39603949335,291.65888446108227,2.8623016553249,6.253501385842178,0.7174808557742623,9.83328389694134,,1337814.0,4140.0,39456.0,5356.0,105628.0,370889.0,129547.0
Ampara,Eastern,2015,July,0.696729643,0.66297264,Healthy,104.719212,320.2,297.5764706,11.63529412,680000,11.9226,21.8389,218,1,32.20050215,0.238522238,1239.0916256817748,2333.39603949335,291.65888446108227,2.8623016553249,6.253501385842178,0.7174808557742623,9.83328389694134,,1337814.0,4140.0,39456.0,5356.0,105628.0,370889.0,129547.0
Ampara,Eastern,2015,August,0.641204533,0.629752123,Degraded,101.6818017,327.3641026,299.6012821,21.32307692,681000,10.5514,19.7422,242,1,35.53776727,0.263242721,1239.0916256817748,2333.39603949335,291.65888446108227,2.8623016553249,6.253501385842178,0.7174808557742623,9.83328389694134,,1337814.0,4140.0,39456.0,5356.0,105628.0,370889.0,129547.0
Ampara,Eastern,2015,September,0.65402468,0.632959433,Degraded,103.0766553,322.14,296.5133333,16.98666667,682000,11.9991,27.5366,276,2,40.55503898,0.300407696,1239.0916256817748,2333.39603949335,291.65888446108227,2.8623016553249,6.253501385842178,0.7174808557742623,9.83328389694134,,1337814.0,4140.0,39456.0,5356.0,105628.0,370889.0,129547.0
Ampara,Eastern,2015,October,0.70898638,0.672698457,Healthy,105.0204737,314.2,293.6,33.7,683000,15.9697,24.3738,299,2,43.87029961,0.324965182,1239.0916256817748,2333.39603949335,291.65888446108227,2.8623016553249,6.253501385842178,0.7174808557742623,9.83328389694134,,1337814.0,4140.0,39456.0,5356.0,105628.0,370889.0,129547.0
Ampara,Eastern,2015,November,0.75852856,0.73024149,Healthy,103.636275,,,,684000,11.3708,21.8145,322,2,47.1758665,0.349450863,1239.0916256817748,2333.39603949335,291.65888446108227,2.8623016553249,6.253501385842178,0.7174808557742623,9.83328389694134,,1337814.0,4140.0,39456.0,5356.0,105628.0,370889.0,129547.0
Ampara,Eastern,2015,December,0.797919713,0.776660733,Healthy,102.57265,,,,685000,20.9245,21.6338,311,2,45.42460388,0.336478547,1239.0916256817748,2333.39603949335,291.65888446108227,2.8623016553249,6.253501385842178,0.7174808557742623,9.83328389694134,,1337814.0,4140.0,39456.0,5356.0,105628.0,370889.0,129547.0
Ampara,Eastern,2016,January,0.79570565,0.783309713,Healthy,101.4844633,,,,686000,18.8335,28.9585,198,1,28.92697149,0.181326886,,,,,,,,,986656.0,2685.0,26887.0,5271.0,45172.0,340129.0,56945.0
Ampara,Eastern,2016,February,0.746540763,0.7432987,Healthy,100.4060217,321.5,306.3,7.3,687170,23.6249,30.8045,187,1,27.27340165,0.170961589,,,,,,,,,986656.0,2685.0,26887.0,5271.0,45172.0,340129.0,56945.0
Ampara,Eastern,2016,March,0.697747387,0.699393903,Healthy,99.77714467,325.9,305.7111111,17.74444444,688330,19.8205,30.9965,198,1,28.82905356,0.180713094,,,,,,,,,986656.0,2685.0,26887.0,5271.0,45172.0,340129.0,56945.0
Ampara,Eastern,2016,April,0.677633313,0.683114263,Healthy,99.252235,317.7857143,297.1714286,29.82857143,689500,18.2603,31.8941,176,1,25.58234139,0.160361285,,,,,,,,,986656.0,2685.0,26887.0,5271.0,45172.0,340129.0,56945.0
Ampara,Eastern,2016,May,0.704732167,0.69424426,Healthy,101.4036147,322.4,303.8,6.3,690670,20.6409,32.2011,165,1,23.94281693,0.150084029,,,,,,,,,986656.0,2685.0,26887.0,5271.0,45172.0,340129.0,56945.0
Ampara,Eastern,2016,June,0.72342993,0.69607917,Healthy,103.6663767,318.2875,294.675,8.4875,691830,18.3032,26.0883,187,1,27.0896946,0.169810033,,,,,,,,,986656.0,2685.0,26887.0,5271.0,45172.0,340129.0,56945.0
Ampara,Eastern,2016,July,0.69511951,0.66297264,Healthy,104.515495,320.0722222,296.2111111,14.51111111,693000,15.0418,27.5508,209,1,30.22560096,0.189467263,,,,,,,,,986656.0,2685.0,26887.0,5271.0,45172.0,340129.0,56945.0
Ampara,Eastern,2016,August,0.65468795,0.629752123,Degraded,103.6610333,326.0269231,299.2346154,18.98846154,694170,11.5408,27.2136,231,1,33.35093639,0.20905823,,,,,,,,,986656.0,2685.0,26887.0,5271.0,45172.0,340129.0,56945.0
Ampara,Eastern,2016,September,0.61614421,0.632959433,Degraded,97.554318,325.4666667,299.0606061,16.81212121,695330,14.0193,24.0824,264,1,38.05176907,0.238525101,,,,,,,,,986656.0,2685.0,26887.0,5271.0,45172.0,340129.0,56945.0
Ampara,Eastern,2016,October,0.62862132,0.672698457,Healthy,93.899475,318.5,297.79,19.7,696500,16.3643,32.751,286,1,41.15350271,0.257968122,,,,,,,,,986656.0,2685.0,26887.0,5271.0,45172.0,340129.0,56945.0
Ampara,Eastern,2016,November,0.706052347,0.73024149,Healthy,96.87863667,,,,697670,17.7562,26.1219,308,1,44.24483306,0.27734593,,,,,,,,,986656.0,2685.0,26887.0,5271.0,45172.0,340129.0,56945.0
Ampara,Eastern,2016,December,0.771121977,0.776660733,Healthy,99.32606333,,,,698830,18.5891,29.27,297,1,42.59384065,0.266996789,,,,,,,,,986656.0,2685.0,26887.0,5271.0,45172.0,340129.0,56945.0
Ampara,Eastern,2017,January,0.791273887,0.783309713,Healthy,100.9597733,,,,700000,18.2366,27.1529,210,1,30.05226481,0.271777003,,,,,,,,,903306.0,3331.0,16742.0,8689.0,39182.0,344380.0,23537.0
Ampara,Eastern,2017,February,0.765726053,0.7432987,Healthy,102.8334967,,,,701580,19.5165,26.8182,198,1,28.31877502,0.256100226,,,,,,,,,903306.0,3331.0,16742.0,8689.0,39182.0,344380.0,23537.0
Ampara,Eastern,2017,March,0.722101333,0.699393903,Healthy,103.0244587,327.15,306.5,20.06666667,703170,17.8488,29.5417,210,1,29.91678451,0.27055179,,,,,,,,,903306.0,3331.0,16742.0,8689.0,39182.0,344380.0,23537.0
Ampara,Eastern,2017,April,0.679878253,0.683114263,Healthy,99.55966467,317.8,296.6333333,9.133333333,704750,15.5969,29.0037,186,1,26.53307839,0.239951318,,,,,,,,,903306.0,3331.0,16742.0,8689.0,39182.0,344380.0,23537.0
Ampara,Eastern,2017,May,0.67218999,0.69424426,Healthy,97.03678333,316.5,292.5333333,14.56666667,706330,16.7108,26.7445,175,1,24.81911827,0.224451156,,,,,,,,,903306.0,3331.0,16742.0,8689.0,39182.0,344380.0,23537.0
Ampara,Eastern,2017,June,0.688283417,0.69607917,Healthy,98.96022533,320.0,299.0,10.76666667,707920,14.6427,22.1612,198,1,28.06515733,0.25380664,,,,,,,,,903306.0,3331.0,16742.0,8689.0,39182.0,344380.0,23537.0
Ampara,Eastern,2017,July,0.682468,0.66297264,Healthy,102.7508913,319.5666667,297.9666667,23.85,709500,12.3694,20.979,222,2,31.29708887,0.283034543,,,,,,,,,903306.0,3331.0,16742.0,8689.0,39182.0,344380.0,23537.0
Ampara,Eastern,2017,August,0.67266575,0.629752123,Degraded,106.3195233,324.2461538,299.4384615,19.8,711080,10.6502,19.5722,245,2,34.51465788,0.312132558,,,,,,,,,903306.0,3331.0,16742.0,8689.0,39182.0,344380.0,23537.0
Ampara,Eastern,2017,September,0.684097467,0.632959433,Degraded,107.4917833,322.58,294.76,20.5,712670,13.3965,23.4389,280,2,39.35731894,0.355927058,,,,,,,,,903306.0,3331.0,16742.0,8689.0,39182.0,344380.0,23537.0
Ampara,Eastern,2017,October,0.704503633,0.672698457,Healthy,104.4230937,321.35,293.75,42.775,714250,15.0913,24.5306,303,2,42.54277755,0.384734684,,,,,,,,,903306.0,3331.0,16742.0,8689.0,39182.0,344380.0,23537.0
Ampara,Eastern,2017,November,0.741513133,0.73024149,Healthy,101.4526933,,,,715830,18.1643,28.9698,327,2,45.71417409,0.41341514,,,,,,,,,903306.0,3331.0,16742.0,8689.0,39182.0,344380.0,23537.0
Ampara,Eastern,2017,December,0.780193863,0.776660733,Healthy,100.4298813,,,,717420,22.3059,31.1346,315,2,43.98382823,0.397766794,,,,,,,,,903306.0,3331.0,16742.0,8689.0,39182.0,344380.0,23537.0
Ampara,Eastern,2018,January,0.778819683,0.783309713,Healthy,99.45897,,,,719000,19.6595,26.982,187,1,26.12368126,0.142474304,,,,,,,,,961598.0,2957.0,16931.0,7055.0,80776.0,339763.0,20063.0
Ampara,Eastern,2018,February,0.737916083,0.7432987,Healthy,99.32699867,,,,719750,20.7158,28.7377,177,0,24.64665633,0.13441885,,,,,,,,,961598.0,2957.0,16931.0,7055.0,80776.0,339763.0,20063.0
Ampara,Eastern,2018,March,0.71155872,0.699393903,Healthy,101.6347297,322.6333333,303.4333333,10.43333333,720500,18.9089,31.7632,187,1,26.0692947,0.142177688,,,,,,,,,961598.0,2957.0,16931.0,7055.0,80776.0,339763.0,20063.0
Ampara,Eastern,2018,April,0.713429013,0.683114263,Healthy,104.13492,,,,721250,16.1735,29.8255,166,0,23.14861,0.126248749,,,,,,,,,961598.0,2957.0,16931.0,7055.0,80776.0,339763.0,20063.0
Ampara,Eastern,2018,May,0.724856,0.69424426,Healthy,104.11392,,,,722000,17.0963,28.142,156,0,21.67927843,0.118235254,,,,,,,,,961598.0,2957.0,16931.0,7055.0,80776.0,339763.0,20063.0
Ampara,Eastern,2018,June,0.723577773,0.69607917,Healthy,103.685353,316.6,294.74,11.32,722750,15.6038,23.904,177,0,24.54435267,0.133860903,,,,,,,,,961598.0,2957.0,16931.0,7055.0,80776.0,339763.0,20063.0
Ampara,Eastern,2018,July,0.6813864,0.66297264,Healthy,102.5683213,324.2769231,299.0769231,17.75384615,723500,12.9812,21.4266,198,1,27.40348689,0.149454155,,,,,,,,,961598.0,2957.0,16931.0,7055.0,80776.0,339763.0,20063.0
Ampara,Eastern,2018,August,0.61874672,0.629752123,Degraded,98.373785,321.7,291.0608696,14.61304348,724250,11.2426,21.3068,219,1,30.25669953,0.165015112,,,,,,,,,961598.0,2957.0,16931.0,7055.0,80776.0,339763.0,20063.0
Ampara,Eastern,2018,September,0.62066735,0.632959433,Degraded,98.19127667,326.50625,301.4125,17.98125,725000,14.4976,24.1906,250,1,34.54331371,0.188393608,,,,,,,,,961598.0,2957.0,16931.0,7055.0,80776.0,339763.0,20063.0
Ampara,Eastern,2018,October,0.68510339,0.672698457,Healthy,101.708533,312.375,292.85,31.225,725750,16.5213,25.8818,271,1,37.38325086,0.203882163,,,,,,,,,961598.0,2957.0,16931.0,7055.0,80776.0,339763.0,20063.0
Ampara,Eastern,2018,November,0.742241957,0.73024149,Healthy,101.5405517,314.9,300.1,8.6,726500,18.5027,28.9542,292,1,40.2173244,0.219338738,,,,,,,,,961598.0,2957.0,16931.0,7055.0,80776.0,339763.0,20063.0
Ampara,Eastern,2018,December,0.785521743,0.776660733,Healthy,101.0737537,,,,727250,23.0297,32.888,281,1,38.74099724,0.211287091,,,,,,,,,961598.0,2957.0,16931.0,7055.0,80776.0,339763.0,20063.0
Ampara,Eastern,2019,January,0.786106567,0.783309713,Healthy,100.3342967,,,,728000,20.445,28.6929,195,0,26.89627446,0.090458322,1745.6578254773467,2355.331607432183,461.6812295501464,4.03246957685267,6.312288707918252,1.13573582469336,11.480494109464281,,734606.0,1613.0,13459.0,3738.0,38232.0,284301.0,15490.0
Ampara,Eastern,2019,February,0.742531507,0.7432987,Healthy,99.900662,,,,728670,21.205,29.4635,184,0,25.37868023,0.085354306,1745.6578254773467,2355.331607432183,461.6812295501464,4.03246957685267,6.312288707918252,1.13573582469336,11.480494109464281,,734606.0,1613.0,13459.0,3738.0,38232.0,284301.0,15490.0
Ampara,Eastern,2019,March,0.687732183,0.699393903,Healthy,98.43509333,323.6866667,306.18,11.54,729330,19.2154,33.3076,195,0,26.84722664,0.090293363,1745.6578254773467,2355.331607432183,461.6812295501464,4.03246957685267,6.312288707918252,1.13573582469336,11.480494109464281,,734606.0,1613.0,13459.0,3738.0,38232.0,284301.0,15490.0
Ampara,Eastern,2019,April,0.6560111,0.683114263,Healthy,96.30311333,321.36,299.96,16.48,730000,16.9307,30.9313,174,0,23.8422987,0.080187103,1745.6578254773467,2355.331607432183,461.6812295501464,4.03246957685267,6.312288707918252,1.13573582469336,11.480494109464281,,734606.0,1613.0,13459.0,3738.0,38232.0,284301.0,15490.0
Ampara,Eastern,2019,May,0.672037867,0.69424426,Healthy,97.01344333,320.3076923,301.7461538,14.35384615,730670,17.3746,28.496,163,0,22.33165885,0.075106476,1745.6578254773467,2355.331607432183,461.6812295501464,4.03246957685267,6.312288707918252,1.13573582469336,11.480494109464281,,734606.0,1613.0,13459.0,3738.0,38232.0,284301.0,15490.0
Ampara,Eastern,2019,June,0.6835238,0.69607917,Healthy,98.31718333,320.7733333,299.3933333,12.42666667,731330,15.7255,24.6904,184,0,25.28637267,0.085043854,1745.6578254773467,2355.331607432183,461.6812295501464,4.03246957685267,6.312288707918252,1.13573582469336,11.480494109464281,,734606.0,1613.0,13459.0,3738.0,38232.0,284301.0,15490.0
Ampara,Eastern,2019,July,0.6561036,0.66297264,Healthy,99.04464,318.72,293.9,13.5,732000,13.1833,22.535,206,0,28.23537252,0.094962015,1745.6578254773467,2355.331607432183,461.6812295501464,4.03246957685267,6.312288707918252,1.13573582469336,11.480494109464281,,734606.0,1613.0,13459.0,3738.0,38232.0,284301.0,15490.0
Ampara,Eastern,2019,August,0.638324683,0.629752123,Degraded,101.2661813,323.45,292.485,19.46,732670,11.3762,20.5942,228,0,31.17897886,0.104862037,1745.6578254773467,2355.331607432183,461.6812295501464,4.03246957685267,6.312288707918252,1.13573582469336,11.480494109464281,,734606.0,1613.0,13459.0,3738.0,38232.0,284301.0,15490.0
Ampara,Eastern,2019,September,0.662210187,0.632959433,Degraded,104.275207,323.0625,299.3375,9.0125,733330,14.343,25.992,261,0,35.60104874,0.119734469,1745.6578254773467,2355.331607432183,461.6812295501464,4.03246957685267,6.312288707918252,1.13573582469336,11.480494109464281,,734606.0,1613.0,13459.0,3738.0,38232.0,284301.0,15490.0
Ampara,Eastern,2019,October,0.711402233,0.672698457,Healthy,105.3626033,315.3,290.9,52.7,734000,16.827,26.5629,282,0,38.53259786,0.129593939,1745.6578254773467,2355.331607432183,461.6812295501464,4.03246957685267,6.312288707918252,1.13573582469336,11.480494109464281,,734606.0,1613.0,13459.0,3738.0,38232.0,284301.0,15490.0
Ampara,Eastern,2019,November,0.75624692,0.73024149,Healthy,103.34428,,,,734670,18.5751,29.5947,304,1,41.45879999,0.139435426,1745.6578254773467,2355.331607432183,461.6812295501464,4.03246957685267,6.312288707918252,1.13573582469336,11.480494109464281,,734606.0,1613.0,13459.0,3738.0,38232.0,284301.0,15490.0
Ampara,Eastern,2019,December,0.78846255,0.776660733,Healthy,101.43308,,,,735330,24.2117,32.5702,293,0,39.94224594,0.134334908,1745.6578254773467,2355.331607432183,461.6812295501464,4.03246957685267,6.312288707918252,1.13573582469336,11.480494109464281,,734606.0,1613.0,13459.0,3738.0,38232.0,284301.0,15490.0
Ampara,Eastern,2020,January,0.778887083,0.783309713,Healthy,99.46495533,,,,736000,15.1199,21.1142,129,0,17.54705726,0.08947508,48.95700076974797,59.93526746893647,12.617836618610328,0.1130906717781177,0.1606265168167497,0.0310398780817814,0.3047570666766489,94.80522384561294,405256.0,578.0,9532.0,3000.0,21021.0,151634.0,7150.0
Ampara,Eastern,2020,February,0.71945872,0.7432987,Healthy,96.98284867,321.5375,300.18125,14.9625,737330,16.3381,22.5494,121,0,16.54232768,0.084351813,44.15729481192952,54.05926085433484,11.380793812864212,0.1020033510155571,0.1448788190896173,0.0279967527796459,0.2748789228848204,85.51059405682736,405256.0,578.0,9532.0,3000.0,21021.0,151634.0,7150.0
Ampara,Eastern,2020,March,0.661351917,0.699393903,Healthy,94.91936467,317.7555556,299.9,10.36666667,738670,14.0976,24.0112,129,0,17.48363159,0.089151662,180.46894401397284,220.9378487090207,46.51280949605375,0.4168832606722772,0.5921134345401754,0.1144215113602922,1.1234182065727447,349.4780800583379,405256.0,578.0,9532.0,3000.0,21021.0,151634.0,7150.0
Ampara,Eastern,2020,April,0.659303387,0.683114263,Healthy,96.75055533,319.62,299.3,13.44,740000,12.8553,24.0347,114,0,15.51307405,0.079103494,1484.5490527532395,1817.4488458962796,382.617339817272,3.429308311859983,4.870762907002028,0.9412386559504892,9.2413098748125,2874.8289936713813,405256.0,578.0,9532.0,3000.0,21021.0,151634.0,7150.0
Ampara,Eastern,2020,May,0.717295867,0.69424426,Healthy,103.0888033,316.62,297.06,10.32,741330,12.7803,21.4434,107,0,14.51741481,0.074026478,2162.747504592983,2647.728580539488,557.4114882691973,4.995946735609791,7.095912595845826,1.3712322611422256,13.46309159259784,4188.160182826784,405256.0,578.0,9532.0,3000.0,21021.0,151634.0,7150.0
Ampara,Eastern,2020,June,0.745729467,0.69607917,Healthy,106.6583783,317.94,297.6,13.18,742670,11.7728,18.2492,121,0,16.42338383,0.0837453,2579.361981731622,3157.7659546869068,664.7868038079596,5.958326177800046,8.46281275856091,1.6353755373675805,16.056514473728534,4994.934048493372,405256.0,578.0,9532.0,3000.0,21021.0,151634.0,7150.0
Ampara,Eastern,2020,July,0.727697253,0.66297264,Healthy,109.084408,323.4,297.68,13.9,744000,9.6957,17.1563,136,0,18.32273363,0.09343037,2305.778742135972,2822.8335776546155,594.2753638804314,5.326348894334095,7.565193988114369,1.4619173951458613,14.353460277594325,4465.140150532594,405256.0,578.0,9532.0,3000.0,21021.0,151634.0,7150.0
Ampara,Eastern,2020,August,0.685702253,0.629752123,Degraded,108.2263733,325.83,299.54,14.005,745330,8.6051,16.1329,150,0,20.21530486,0.103080875,2015.876502283739,2467.9227781326776,519.5579784133663,4.656674720275437,6.614033045395576,1.2781126268968812,12.548820392567894,3903.744511289945,405256.0,578.0,9532.0,3000.0,21021.0,151634.0,7150.0
Ampara,Eastern,2020,September,0.66509001,0.632959433,Degraded,104.7186867,318.0,294.55,9.9,746670,11.2251,18.8459,172,0,23.06174374,0.117595294,1967.8794427055548,2409.1627119866616,507.1875503559052,4.545801512649831,6.456556068124253,1.2476813738755268,12.25003895464961,3810.7982134020895,405256.0,578.0,9532.0,3000.0,21021.0,151634.0,7150.0
Ampara,Eastern,2020,October,0.661139643,0.672698457,Healthy,98.42927667,319.15,291.1,9.65,748000,12.5061,20.1673,186,0,24.93913308,0.127168384,1943.8809129164624,2379.7826789136534,501.0023363271746,4.490364908837028,6.377817579488591,1.2324657473648497,12.100648235690468,3764.325064458161,405256.0,578.0,9532.0,3000.0,21021.0,151634.0,7150.0
Ampara,Eastern,2020,November,0.713616103,0.73024149,Healthy,97.85155533,,,,749330,15.0262,22.6445,200,1,26.809858,0.136707491,1871.8853235491863,2291.6425796946296,482.4466942409831,4.32405509739862,6.141602113581607,1.1868188678328184,11.652476078813043,3624.9056176263775,405256.0,578.0,9532.0,3000.0,21021.0,151634.0,7150.0
Ampara,Eastern,2020,December,0.78566642,0.776660733,Healthy,101.082588,,,,750670,18.7504,25.9413,193,0,25.80621474,0.131589764,1823.8882639710023,2232.8825135486136,470.076266183522,4.213181889773015,5.984125136310284,1.156387614811464,11.353694640894762,3531.9593197385216,405256.0,578.0,9532.0,3000.0,21021.0,151634.0,7150.0
Ampara,Eastern,2021,January,0.797451247,0.783309713,Healthy,101.6954483,,,,752000,17.0634,25.0506,93,0,12.38648158,0.087571354,52.98912221488153,71.00309744026163,13.439031418350108,0.1224048723163763,0.1902883011399011,0.0330600172891412,0.3457531907454187,95.18410110164857,33850.0,281.0,771.0,2593.0,3495.0,8011.0,2093.0
Ampara,Eastern,2021,February,0.746477767,0.7432987,Healthy,100.3948413,,,,752170,17.2222,24.8407,87,0,11.69569974,0.082687587,47.79411023303038,64.04200945592223,12.121479318511856,0.1104043946383002,0.1716325853418715,0.0298188391235391,0.3118558191037109,85.85232648383989,33850.0,281.0,771.0,2593.0,3495.0,8011.0,2093.0
Ampara,Eastern,2021,March,0.70229386,0.699393903,Healthy,100.39164,323.54,300.6,11.78,752330,16.4332,27.5269,93,0,12.3810484,0.087532942,195.33245051760247,261.7369082111604,49.53995895391803,0.4512179606956617,0.70145491400591,0.1218682990266383,1.2745411737282102,350.8747256296065,33850.0,281.0,771.0,2593.0,3495.0,8011.0,2093.0
Ampara,Eastern,2021,April,0.706400867,0.683114263,Healthy,103.1752427,305.4,281.5,9.6,752500,14.4811,26.7914,82,0,11.0028901,0.077789482,1606.8172059865549,2153.064513556168,407.51886447996935,3.711747745828941,5.770212896330532,1.0024964066207247,10.484457048780197,2886.317889288226,33850.0,281.0,771.0,2593.0,3495.0,8011.0,2093.0
Ampara,Eastern,2021,May,0.747768233,0.69424426,Healthy,107.1879653,317.3,297.1,7.2,752670,14.8954,24.5825,77,0,10.31287964,0.072911168,2340.872399022119,3136.6662457433217,593.6889761871134,5.407415241741096,8.406265538592104,1.460474881420299,15.2741556617535,4204.897642784593,33850.0,281.0,771.0,2593.0,3495.0,8011.0,2093.0
Ampara,Eastern,2021,June,0.752753043,0.69607917,Healthy,107.5952017,319.2833333,301.85,9.983333333,752830,13.7999,20.9875,87,0,11.68544621,0.082615095,2791.7994390467966,3740.8886827839774,708.052498453073,6.4490567041981,10.025581669861063,1.7418091461945595,18.216447520253723,5014.895679610386,33850.0,281.0,771.0,2593.0,3495.0,8011.0,2093.0
Ampara,Eastern,2021,July,0.715424917,0.66297264,Healthy,107.3545513,322.025,297.0,16.2,753000,10.9972,18.611,98,0,13.05725607,0.092313672,2495.683756081283,3344.106667676635,632.9520287622931,5.765029476547763,8.962205869373381,1.557061990755241,16.284297336676385,4482.984526395292,33850.0,281.0,771.0,2593.0,3495.0,8011.0,2093.0
Ampara,Eastern,2021,August,0.675880483,0.629752123,Degraded,106.7852983,320.8730769,290.3038462,11.93846154,753170,9.7051,17.6733,108,0,14.42844666,0.102007871,2181.9050323774745,2923.6569534225364,553.371881932063,5.040200624791966,7.835400635172398,1.361294829552875,14.23689608951724,3919.345339479648,33850.0,281.0,771.0,2593.0,3495.0,8011.0,2093.0
Ampara,Eastern,2021,September,0.670860977,0.632959433,Degraded,105.5534967,322.1,297.8,14.8375,753330,12.355,21.0801,124,0,16.48615108,0.116555664,2129.954912558963,2854.0460735791426,540.1963609336806,4.920195848011205,7.648843477192103,1.3288830478968543,13.897922373100162,3826.02759330156,33850.0,281.0,771.0,2593.0,3495.0,8011.0,2093.0
Ampara,Eastern,2021,October,0.700986167,0.672698457,Healthy,103.9281167,320.52,296.7,23.4,753500,14.7998,22.739,134,0,17.85596754,0.126240148,2103.9798526497075,2819.240633657446,533.6086004344894,4.860193459620824,7.555564898201955,1.3126771570688438,13.728435514891624,3779.368720212517,33850.0,281.0,771.0,2593.0,3495.0,8011.0,2093.0
Ampara,Eastern,2021,November,0.74257457,0.73024149,Healthy,101.58971,,,,753670,16.298,25.6018,144,1,19.22516605,0.135920263,2026.054672921941,2714.824313892356,513.8453189369158,4.680186294449683,7.275729161231514,1.2640594845848128,13.21997494026601,3639.3921009453866,33850.0,281.0,771.0,2593.0,3495.0,8011.0,2093.0
Ampara,Eastern,2021,December,0.782108583,0.776660733,Healthy,100.65949,,,,753830,19.8631,28.4521,139,0,18.53461818,0.131038149,1974.1045531034292,2645.213434048962,500.6697979385333,4.560181517668922,7.089172003251218,1.231647702928792,12.881001223848934,3546.0743547673,33850.0,281.0,771.0,2593.0,3495.0,8011.0,2093.0
Ampara,Eastern,2022,January,0.78533468,0.783309713,Healthy,100.240905,,,,754000,17.5866,25.4277,243,1,32.32516012,0.213495504,46.04056341380184,63.82485036112972,7.269359183783426,0.1063537014858822,0.1710505989678276,0.0178826235921072,0.2952869240458171,95.3801875146496,20511.0,404.0,760.0,940.0,1489.0,9060.0,36.0
Ampara,Eastern,2022,February,0.742599983,0.7432987,Healthy,99.91638167,,,,753580,18.5302,25.927,230,1,30.54633309,0.201747021,41.5267826869585,57.567512090430704,6.55667691086348,0.0959268680068741,0.1542809324023543,0.0161294252007241,0.2663372256099526,86.02918873870354,20511.0,404.0,760.0,940.0,1489.0,9060.0,36.0
Ampara,Eastern,2022,March,0.713701567,0.699393903,Healthy,101.91845,,,,753170,16.5549,29.1138,243,1,32.36078273,0.213730778,169.71815532930867,235.27591897828205,26.79685346178988,0.3920489388107031,0.630539462861796,0.0659202595160031,1.0885086611885022,351.5975539755711,20511.0,404.0,760.0,940.0,1489.0,9060.0,36.0
Ampara,Eastern,2022,April,0.711986387,0.683114263,Healthy,103.9380913,316.3,296.0,16.55,752750,15.3319,28.6592,216,1,28.78118984,0.190088915,1396.112378812638,1935.394727127198,220.43262701413855,3.2250195950571934,5.186857868700891,0.5422642624547809,8.954141726212866,2892.26392140011,20511.0,404.0,760.0,940.0,1489.0,9060.0,36.0
Ampara,Eastern,2022,May,0.7136501,0.69424426,Healthy,102.6122767,315.4,291.45,15.45,752330,15.2548,25.1477,203,1,26.9974288,0.178307846,2033.9095955155983,2819.5566247769657,321.1346321777266,4.698331165641032,7.5564117544022675,0.7899911951572075,13.044734115200509,4213.560048441284,20511.0,404.0,760.0,940.0,1489.0,9060.0,36.0
Ampara,Eastern,2022,June,0.703113833,0.69607917,Healthy,100.943545,314.5,291.0777778,7.388888889,751920,14.0539,22.3363,230,1,30.61376967,0.202192415,2425.7057626055976,3362.693586673637,382.9954534671776,5.60338031161893,9.012018812285348,0.9421688155292568,15.557567939433536,5025.226742193401,20511.0,404.0,760.0,940.0,1489.0,9060.0,36.0
Ampara,Eastern,2022,July,0.684921287,0.66297264,Healthy,103.0960897,323.2769231,296.4153846,14.43846154,751500,11.8456,19.6611,257,1,34.23451201,0.226106053,2168.420261175529,3006.025305243795,342.3725639107409,5.009050803315472,8.056147818053372,0.8422365072204226,13.907435128589269,4492.219811964477,20511.0,404.0,760.0,940.0,1489.0,9060.0,36.0
Ampara,Eastern,2022,August,0.676620867,0.629752123,Degraded,106.8994567,322.425,295.625,11.675,751080,10.0631,18.7483,284,1,37.85930374,0.250046437,1895.7879052741928,2628.082073693576,299.32655462637626,4.379270061183385,7.043259957498784,0.7363433243808857,12.158873343063055,3927.419485897337,20511.0,404.0,760.0,940.0,1489.0,9060.0,36.0
Ampara,Eastern,2022,September,0.673474583,0.632959433,Degraded,105.94035,324.9,298.6555556,19.56666667,750670,12.9695,23.1371,324,2,43.29140764,0.285923437,1850.6500980057597,2565.508690986586,292.19973189717683,4.275001726393304,6.875563291844051,0.7188113404670551,11.869376358704413,3833.909498137876,20511.0,404.0,760.0,940.0,1489.0,9060.0,36.0
Ampara,Eastern,2022,October,0.693899033,0.672698457,Healthy,102.9486383,,,,750250,15.2749,25.1357,352,2,46.92527965,0.309923792,1828.0811943715428,2534.221999633091,288.63632053257714,4.222867558998264,6.7917149590166845,0.7100453485101397,11.724627866525088,3787.1545042581456,20511.0,404.0,760.0,940.0,1489.0,9060.0,36.0
Ampara,Eastern,2022,November,0.733916757,0.73024149,Healthy,100.4796303,,,,749830,17.8418,26.4128,379,2,50.56322251,0.333951034,1760.3744834688937,2440.3619255726067,277.946086438778,4.066465056813144,6.540169960534586,0.683747372639394,11.290382389987125,3646.889522618955,20511.0,404.0,760.0,940.0,1489.0,9060.0,36.0
Ampara,Eastern,2022,December,0.775357123,0.776660733,Healthy,99.84180333,,,,749420,21.3464,30.0451,365,2,48.78406781,0.322200388,1715.23667620046,2377.788542865617,270.8192637095786,3.962196722023063,6.372473294879853,0.6662153887255633,11.00088540562848,3553.379534859495,20511.0,404.0,760.0,940.0,1489.0,9060.0,36.0
Ampara,Eastern,2023,January,0.785811783,0.783309713,Healthy,100.3012713,,,,749000,18.2583,27.3881,275,1,36.78074831,0.244228076,,,,,,,,,27890.0,685.0,586.0,288.0,1816.0,20200.0,60.0
Ampara,Eastern,2023,February,0.74766348,0.7432987,Healthy,100.5511153,,,,748750,18.9211,27.5516,260,1,34.74897186,0.230736865,,,,,,,,,27890.0,685.0,586.0,288.0,1816.0,20200.0,60.0
Ampara,Eastern,2023,March,0.707245567,0.699393903,Healthy,101.0504,,,,748500,17.9078,30.3309,275,1,36.80531795,0.244391221,,,,,,,,,27890.0,685.0,586.0,288.0,1816.0,20200.0,60.0
Ampara,Eastern,2023,April,0.699131733,0.683114263,Healthy,102.1843333,325.5,303.2,7.2,748250,16.0521,28.8358,244,1,32.72676896,0.217309223,,,,,,,,,27890.0,685.0,586.0,288.0,1816.0,20200.0,60.0
Ampara,Eastern,2023,May,0.727284573,0.69424426,Healthy,104.4360347,,,,748000,15.645,26.1322,229,1,30.69160037,0.203795487,,,,,,,,,27890.0,685.0,586.0,288.0,1816.0,20200.0,60.0
Ampara,Eastern,2023,June,0.74453807,0.69607917,Healthy,106.49797,317.1,296.8333333,11.56666667,747750,15.2869,22.9931,260,1,34.79544324,0.23104544,,,,,,,,,27890.0,685.0,586.0,288.0,1816.0,20200.0,60.0
Ampara,Eastern,2023,July,0.714393423,0.66297264,Healthy,107.2054,320.9866667,299.2866667,16.98,747500,11.9322,20.4511,290,1,38.90203116,0.25831362,,,,,,,,,27890.0,685.0,586.0,288.0,1816.0,20200.0,60.0
Ampara,Eastern,2023,August,0.65976027,0.629752123,Degraded,104.4096933,325.9,300.7717949,12.27692308,747250,10.5481,19.2165,321,2,43.01136688,0.285600046,,,,,,,,,27890.0,685.0,586.0,288.0,1816.0,20200.0,60.0
Ampara,Eastern,2023,September,0.662311317,0.632959433,Degraded,104.293297,,,,747000,13.8154,23.4032,367,2,49.17229895,0.326509289,,,,,,,,,27890.0,685.0,586.0,288.0,1816.0,20200.0,60.0
Ampara,Eastern,2023,October,0.7092864,0.672698457,Healthy,105.0685767,319.35,296.7,10.0,746750,15.9858,25.5888,397,2,53.28782448,0.353836816,,,,,,,,,27890.0,685.0,586.0,288.0,1816.0,20200.0,60.0
Ampara,Eastern,2023,November,0.7605578,0.73024149,Healthy,103.8884813,,,,746500,18.5218,27.9285,428,2,57.40610655,0.381182646,,,,,,,,,27890.0,685.0,586.0,288.0,1816.0,20200.0,60.0
Ampara,Eastern,2023,December,0.798308163,0.776660733,Healthy,102.6260833,,,,746250,23.3053,31.4094,413,2,55.37443314,0.367692119,,,,,,,,,27890.0,685.0,586.0,288.0,1816.0,20200.0,60.0
Ampara,Eastern,2024,January,0.783926283,0.783309713,Healthy,100.0703933,,,,746000,18.6705,27.7374,204,2,27.36546132,0.353102727,,,,,,,,,74410.0,146.0,1027.0,715.0,1644.0,65289.0,94.0
Ampara,Eastern,2024,February,0.73106145,0.7432987,Healthy,98.45079167,315.1,299.15,8.3,746000,19.8291,27.2096,192,2,25.84515792,0.333485909,,,,,,,,,74410.0,146.0,1027.0,715.0,1644.0,65289.0,94.0
Ampara,Eastern,2024,March,0.68878209,0.699393903,Healthy,98.59142333,322.65,304.675,10.025,746000,17.4614,30.4452,204,2,27.36546132,0.353102727,,,,,,,,,74410.0,146.0,1027.0,715.0,1644.0,65289.0,94.0
Ampara,Eastern,2024,April,0.699457813,0.683114263,Healthy,102.2280097,319.6,302.9,10.0,746000,16.626,29.9218,181,2,24.32485451,0.31386909,,,,,,,,,74410.0,146.0,1027.0,715.0,1644.0,65289.0,94.0
Ampara,Eastern,2024,May,0.75160836,0.69424426,Healthy,107.6998233,,,,746000,16.6914,28.1,170,2,22.8045511,0.294252272,,,,,,,,,74410.0,146.0,1027.0,715.0,1644.0,65289.0,94.0
Ampara,Eastern,2024,June,0.7728376,0.69607917,Healthy,110.2880817,321.0,303.1,9.65,746000,15.0641,22.3137,192,2,25.84515792,0.333485909,,,,,,,,,74410.0,146.0,1027.0,715.0,1644.0,65289.0,94.0
Ampara,Eastern,2024,July,0.729352813,0.66297264,Healthy,109.3014833,322.9193548,301.0225806,12.51612903,746000,12.1631,21.4253,215,2,28.88576473,0.372719545,,,,,,,,,74410.0,146.0,1027.0,715.0,1644.0,65289.0,94.0
Ampara,Eastern,2024,August,0.684210857,0.629752123,Degraded,108.0107153,326.1086957,297.7826087,14.25652174,746000,11.1302,20.7362,238,3,31.92637154,0.411953181,,,,,,,,,74410.0,146.0,1027.0,715.0,1644.0,65289.0,94.0
Ampara,Eastern,2024,September,0.676308137,0.632959433,Degraded,106.3536033,323.225,300.3416667,12.20833333,746000,14.0029,24.1805,272,3,36.48728176,0.470803636,,,,,,,,,74410.0,146.0,1027.0,715.0,1644.0,65289.0,94.0
Ampara,Eastern,2024,October,0.70096619,0.672698457,Healthy,103.92632,315.6,295.8,6.15,746000,16.1968,25.9733,294,3,39.52788858,0.510037272,,,,,,,,,74410.0,146.0,1027.0,715.0,1644.0,65289.0,94.0
Ampara,Eastern,2024,November,0.744060763,0.73024149,Healthy,101.7771,,,,746000,17.6668,29.258,317,4,42.56849539,0.549270908,,,,,,,,,74410.0,146.0,1027.0,715.0,1644.0,65289.0,94.0
Ampara,Eastern,2024,December,0.787058487,0.776660733,Healthy,101.2594433,,,,746000,22.2588,30.9049,306,3,41.04819198,0.52965409,,,,,,,,,74410.0,146.0,1027.0,715.0,1644.0,65289.0,94.0
Anuradhapura,North Central,2014,January,0.7889323,0.7924991,Healthy,99.577658,,,,886000,30.1019,18.2461,788,6,89.01888455,0.735010736,,,,,,,,,859112.0,3851.0,20799.0,3851.0,38780.0,272885.0,79038.0
Anuradhapura,North Central,2014,February,0.755013867,0.75761819,Healthy,99.671475,323.2625,299.3375,14.475,886830,27.5663,16.4735,744,6,83.99470517,0.693527114,,,,,,,,,859112.0,3851.0,20799.0,3851.0,38780.0,272885.0,79038.0
Anuradhapura,North Central,2014,March,0.688292327,0.712236817,Healthy,96.84868467,328.94,302.5166667,38.625,887670,29.0251,15.3044,788,6,88.85141067,0.733627939,,,,,,,,,859112.0,3851.0,20799.0,3851.0,38780.0,272885.0,79038.0
Anuradhapura,North Central,2014,April,0.693768943,0.71229456,Healthy,97.558118,328.6666667,302.9666667,16.11666667,888500,26.8091,13.4835,701,5,78.90525276,0.651504545,,,,,,,,,859112.0,3851.0,20799.0,3851.0,38780.0,272885.0,79038.0
Anuradhapura,North Central,2014,May,0.73301758,0.72566436,Healthy,100.9475033,,,,889330,21.1377,11.9438,657,5,73.9046358,0.610215473,,,,,,,,,859112.0,3851.0,20799.0,3851.0,38780.0,272885.0,79038.0
Anuradhapura,North Central,2014,June,0.682782833,0.699991367,Healthy,97.687022,322.6,305.6,6.8,890170,18.5949,10.5956,744,6,83.67954929,0.690924936,,,,,,,,,859112.0,3851.0,20799.0,3851.0,38780.0,272885.0,79038.0
Anuradhapura,North Central,2014,July,0.622605917,0.66451175,Healthy,94.12966133,325.2925926,298.9703704,19.66666667,891000,14.5743,9.6833,832,6,93.43708084,0.77149088,,,,,,,,,859112.0,3851.0,20799.0,3851.0,38780.0,272885.0,79038.0
Anuradhapura,North Central,2014,August,0.622508067,0.650988647,Healthy,95.937742,329.7340426,293.4787234,31.78085106,891830,16.6573,11.3757,920,7,103.1764503,0.851906863,,,,,,,,,859112.0,3851.0,20799.0,3851.0,38780.0,272885.0,79038.0
Anuradhapura,North Central,2014,September,0.668733593,0.661969837,Healthy,100.9374237,326.2828571,298.5171429,20.22857143,892670,26.8281,18.1408,1051,8,117.8049846,0.972691681,,,,,,,,,859112.0,3851.0,20799.0,3851.0,38780.0,272885.0,79038.0
Anuradhapura,North Central,2014,October,0.729538577,0.705082557,Healthy,103.2484687,318.4,299.1,8.6,893500,18.012,11.6528,1139,9,127.5035145,1.052770461,,,,,,,,,859112.0,3851.0,20799.0,3851.0,38780.0,272885.0,79038.0
Anuradhapura,North Central,2014,November,0.7602953,0.75418649,Healthy,100.765237,,,,894330,27.3391,16.5885,1226,10,137.1840427,1.132700603,,,,,,,,,859112.0,3851.0,20799.0,3851.0,38780.0,272885.0,79038.0
Anuradhapura,North Central,2014,December,0.781691753,0.784883283,Healthy,99.62016533,,,,895170,32.404,18.8793,1183,9,132.1604808,1.091222079,,,,,,,,,859112.0,3851.0,20799.0,3851.0,38780.0,272885.0,79038.0
Anuradhapura,North Central,2015,January,0.779004933,0.7924991,Healthy,98.39704333,,,,896000,21.7838,26.8718,810,7,90.43445122,0.84113676,3867.9122059249257,4374.228889595112,193.4507792268781,8.934877195686578,11.7229334241149,0.4758889168981202,21.133699536699606,,1337814.0,4140.0,39456.0,5356.0,105628.0,370889.0,129547.0
Anuradhapura,North Central,2015,February,0.7436746,0.75761819,Healthy,98.27691333,,,,897080,22.863,28.5695,765,7,85.30748905,0.793450548,3867.9122059249257,4374.228889595112,193.4507792268781,8.934877195686578,11.7229334241149,0.4758889168981202,21.133699536699606,,1337814.0,4140.0,39456.0,5356.0,105628.0,370889.0,129547.0
Anuradhapura,North Central,2015,March,0.706424693,0.712236817,Healthy,99.24058833,323.275,303.375,14.525,898170,26.9501,29.56,810,7,90.21595944,0.839104553,3867.9122059249257,4374.228889595112,193.4507792268781,8.934877195686578,11.7229334241149,0.4758889168981202,21.133699536699606,,1337814.0,4140.0,39456.0,5356.0,105628.0,370889.0,129547.0
Anuradhapura,North Central,2015,April,0.718196023,0.71229456,Healthy,100.7701087,,,,899250,20.3358,31.5145,720,6,80.09565333,0.744974923,3867.9122059249257,4374.228889595112,193.4507792268781,8.934877195686578,11.7229334241149,0.4758889168981202,21.133699536699606,,1337814.0,4140.0,39456.0,5356.0,105628.0,370889.0,129547.0
Anuradhapura,North Central,2015,May,0.747868943,0.72566436,Healthy,102.8648867,,,,900330,21.4671,29.1152,675,6,74.99960042,0.6975762,3867.9122059249257,4374.228889595112,193.4507792268781,8.934877195686578,11.7229334241149,0.4758889168981202,21.133699536699606,,1337814.0,4140.0,39456.0,5356.0,105628.0,370889.0,129547.0
Anuradhapura,North Central,2015,June,0.742352747,0.699991367,Healthy,105.6520853,,,,901420,20.7456,25.4906,765,7,84.89676541,0.789630381,3867.9122059249257,4374.228889595112,193.4507792268781,8.934877195686578,11.7229334241149,0.4758889168981202,21.133699536699606,,1337814.0,4140.0,39456.0,5356.0,105628.0,370889.0,129547.0
Anuradhapura,North Central,2015,July,0.699431597,0.66451175,Healthy,104.8808533,308.8,282.3,5.3,902500,19.4027,22.6093,855,7,94.77107403,0.881471973,3867.9122059249257,4374.228889595112,193.4507792268781,8.934877195686578,11.7229334241149,0.4758889168981202,21.133699536699606,,1337814.0,4140.0,39456.0,5356.0,105628.0,370889.0,129547.0
Anuradhapura,North Central,2015,August,0.68475657,0.650988647,Healthy,104.81749,323.596,296.18,14.652,903580,18.5111,20.0333,945,8,104.6217782,0.973094018,3867.9122059249257,4374.228889595112,193.4507792268781,8.934877195686578,11.7229334241149,0.4758889168981202,21.133699536699606,,1337814.0,4140.0,39456.0,5356.0,105628.0,370889.0,129547.0
Anuradhapura,North Central,2015,September,0.727593577,0.661969837,Healthy,109.2090867,323.2181818,296.6909091,14.64545455,904670,22.9599,25.6161,1080,10,119.4236842,1.110767516,3867.9122059249257,4374.228889595112,193.4507792268781,8.934877195686578,11.7229334241149,0.4758889168981202,21.133699536699606,,1337814.0,4140.0,39456.0,5356.0,105628.0,370889.0,129547.0
Anuradhapura,North Central,2015,October,0.763650317,0.705082557,Healthy,107.790003,321.35,298.4,9.55,905750,22.5197,27.5087,1170,10,129.2213927,1.201896645,3867.9122059249257,4374.228889595112,193.4507792268781,8.934877195686578,11.7229334241149,0.4758889168981202,21.133699536699606,,1337814.0,4140.0,39456.0,5356.0,105628.0,370889.0,129547.0
Anuradhapura,North Central,2015,November,0.772743523,0.75418649,Healthy,102.31856,,,,906830,18.407,18.4761,1260,11,138.9957638,1.292808711,3867.9122059249257,4374.228889595112,193.4507792268781,8.934877195686578,11.7229334241149,0.4758889168981202,21.133699536699606,,1337814.0,4140.0,39456.0,5356.0,105628.0,370889.0,129547.0
Anuradhapura,North Central,2015,December,0.794423967,0.784883283,Healthy,101.1430637,,,,907920,26.7665,32.3638,1215,11,133.8707182,1.245140326,3867.9122059249257,4374.228889595112,193.4507792268781,8.934877195686578,11.7229334241149,0.4758889168981202,21.133699536699606,,1337814.0,4140.0,39456.0,5356.0,105628.0,370889.0,129547.0
Anuradhapura,North Central,2016,January,0.796628793,0.7924991,Healthy,100.4883883,,,,909000,29.4338,37.1558,580,4,63.90565886,0.507123883,,,,,,,,,986656.0,2685.0,26887.0,5271.0,45172.0,340129.0,56945.0
Anuradhapura,North Central,2016,February,0.748411757,0.75761819,Healthy,98.852548,320.25,300.925,9.825,910080,30.3198,38.3236,548,4,60.28372026,0.478381959,,,,,,,,,986656.0,2685.0,26887.0,5271.0,45172.0,340129.0,56945.0
Anuradhapura,North Central,2016,March,0.687118267,0.712236817,Healthy,96.69597467,327.6,305.0785714,19.13571429,911170,26.3119,36.4444,580,4,63.75346412,0.505916141,,,,,,,,,986656.0,2685.0,26887.0,5271.0,45172.0,340129.0,56945.0
Anuradhapura,North Central,2016,April,0.68545641,0.71229456,Healthy,96.47142333,,,,912250,23.8574,29.2763,516,4,56.60265537,0.449170839,,,,,,,,,986656.0,2685.0,26887.0,5271.0,45172.0,340129.0,56945.0
Anuradhapura,North Central,2016,May,0.737723233,0.72566436,Healthy,101.5583033,,,,913330,22.8781,32.0314,484,3,53.0022408,0.420599719,,,,,,,,,986656.0,2685.0,26887.0,5271.0,45172.0,340129.0,56945.0
Anuradhapura,North Central,2016,June,0.740679977,0.699991367,Healthy,105.4331047,,,,914420,20.8146,29.0586,548,4,59.99760299,0.476111474,,,,,,,,,986656.0,2685.0,26887.0,5271.0,45172.0,340129.0,56945.0
Anuradhapura,North Central,2016,July,0.721573453,0.66451175,Healthy,107.9925767,,,,915500,21.4571,30.3317,613,4,66.97703951,0.53149685,,,,,,,,,986656.0,2685.0,26887.0,5271.0,45172.0,340129.0,56945.0
Anuradhapura,North Central,2016,August,0.701983053,0.650988647,Healthy,107.274145,325.65,295.6035714,21.275,916580,20.8624,32.2336,677,5,73.94002839,0.586751705,,,,,,,,,986656.0,2685.0,26887.0,5271.0,45172.0,340129.0,56945.0
Anuradhapura,North Central,2016,September,0.639239267,0.661969837,Healthy,96.83799667,325.3867925,299.7188679,19.91320755,917670,19.2948,25.6757,774,6,84.40251783,0.669776877,,,,,,,,,986656.0,2685.0,26887.0,5271.0,45172.0,340129.0,56945.0
Anuradhapura,North Central,2016,October,0.640058717,0.705082557,Healthy,91.37112633,327.4659091,305.6272727,12.89772727,918750,21.3773,28.2811,839,6,91.32857696,0.724738676,,,,,,,,,986656.0,2685.0,26887.0,5271.0,45172.0,340129.0,56945.0
Anuradhapura,North Central,2016,November,0.73838565,0.75418649,Healthy,98.01542533,,,,919830,23.2045,30.7745,903,7,98.2383719,0.779571411,,,,,,,,,986656.0,2685.0,26887.0,5271.0,45172.0,340129.0,56945.0
Anuradhapura,North Central,2016,December,0.78342,0.784883283,Healthy,99.82706867,,,,920920,26.8614,33.9083,871,6,94.61773645,0.750839828,,,,,,,,,986656.0,2685.0,26887.0,5271.0,45172.0,340129.0,56945.0
Anuradhapura,North Central,2017,January,0.7846835,0.7924991,Healthy,99.07306167,318.1,297.3,9.5,922000,24.4015,35.7588,622,6,67.49642876,0.698375747,,,,,,,,,903306.0,3331.0,16742.0,8689.0,39182.0,344380.0,23537.0
Anuradhapura,North Central,2017,February,0.76659515,0.75761819,Healthy,101.1266153,,,,922670,24.8385,36.3591,587,6,63.70033733,0.659098141,,,,,,,,,903306.0,3331.0,16742.0,8689.0,39182.0,344380.0,23537.0
Anuradhapura,North Central,2017,March,0.739343947,0.712236817,Healthy,103.5571733,,,,923330,25.487,35.5639,622,6,67.39920431,0.69736978,,,,,,,,,903306.0,3331.0,16742.0,8689.0,39182.0,344380.0,23537.0
Anuradhapura,North Central,2017,April,0.70979446,0.71229456,Healthy,99.68586667,323.7,306.125,9.85,924000,21.6513,33.1371,553,5,59.86696231,0.619434766,,,,,,,,,903306.0,3331.0,16742.0,8689.0,39182.0,344380.0,23537.0
Anuradhapura,North Central,2017,May,0.71342622,0.72566436,Healthy,98.42403633,320.5,299.55,27.7,924670,19.5944,31.0623,518,5,56.08460975,0.580299313,,,,,,,,,903306.0,3331.0,16742.0,8689.0,39182.0,344380.0,23537.0
Anuradhapura,North Central,2017,June,0.691550617,0.699991367,Healthy,98.86626867,322.5777778,298.9666667,10.52222222,925330,18.3455,27.6224,587,6,63.51722115,0.657203464,,,,,,,,,903306.0,3331.0,16742.0,8689.0,39182.0,344380.0,23537.0
Anuradhapura,North Central,2017,July,0.649535457,0.66451175,Healthy,97.90653133,321.6029412,296.5529412,14.64117647,926000,17.2492,25.8275,656,6,70.93847126,0.733990061,,,,,,,,,903306.0,3331.0,16742.0,8689.0,39182.0,344380.0,23537.0
Anuradhapura,North Central,2017,August,0.681757293,0.650988647,Healthy,104.3908833,331.6571429,294.8571429,35.44285714,926670,17.9599,26.5087,726,7,78.34898997,0.810665622,,,,,,,,,903306.0,3331.0,16742.0,8689.0,39182.0,344380.0,23537.0
Anuradhapura,North Central,2017,September,0.75257588,0.661969837,Healthy,112.719935,316.9,295.5,8.0,927330,21.3057,32.1869,829,8,89.47797414,0.925815605,,,,,,,,,903306.0,3331.0,16742.0,8689.0,39182.0,344380.0,23537.0
Anuradhapura,North Central,2017,October,0.77024722,0.705082557,Healthy,108.6766433,314.45,294.9,6.35,928000,19.7911,29.162,898,9,96.86448696,1.002242781,,,,,,,,,903306.0,3331.0,16742.0,8689.0,39182.0,344380.0,23537.0
Anuradhapura,North Central,2017,November,0.776220707,0.75418649,Healthy,102.7509913,,,,928670,21.7842,30.1513,968,10,104.2403416,1.078559678,,,,,,,,,903306.0,3331.0,16742.0,8689.0,39182.0,344380.0,23537.0
Anuradhapura,North Central,2017,December,0.785576867,0.784883283,Healthy,100.0885233,,,,929330,26.7948,36.714,933,9,100.4460859,1.039301065,,,,,,,,,903306.0,3331.0,16742.0,8689.0,39182.0,344380.0,23537.0
Anuradhapura,North Central,2018,January,0.772872747,0.7924991,Healthy,97.66796,316.4,302.6,6.3,930000,25.7897,38.7704,626,7,67.41148702,0.778914241,,,,,,,,,961598.0,2957.0,16931.0,7055.0,80776.0,339763.0,20063.0
Anuradhapura,North Central,2018,February,0.726202967,0.75761819,Healthy,96.10584833,321.8083333,302.5666667,11.85,930580,26.4512,38.919,592,6,63.62672322,0.735182726,,,,,,,,,961598.0,2957.0,16931.0,7055.0,80776.0,339763.0,20063.0
Anuradhapura,North Central,2018,March,0.6833014,0.712236817,Healthy,96.20792167,328.8545455,307.2636364,18.33636364,931170,26.1715,37.306,626,7,67.32678558,0.777935548,,,,,,,,,961598.0,2957.0,16931.0,7055.0,80776.0,339763.0,20063.0
Anuradhapura,North Central,2018,April,0.704193457,0.71229456,Healthy,98.92883667,320.4,303.3,8.2,931750,23.1213,33.3777,557,6,59.80877839,0.691067818,,,,,,,,,961598.0,2957.0,16931.0,7055.0,80776.0,339763.0,20063.0
Anuradhapura,North Central,2018,May,0.748739263,0.72566436,Healthy,102.9774633,,,,932330,21.0441,32.2489,522,6,56.03584829,0.647473037,,,,,,,,,961598.0,2957.0,16931.0,7055.0,80776.0,339763.0,20063.0
Anuradhapura,North Central,2018,June,0.73262238,0.699991367,Healthy,104.3446513,,,,932920,19.3664,28.8212,592,6,63.46713126,0.733338702,,,,,,,,,961598.0,2957.0,16931.0,7055.0,80776.0,339763.0,20063.0
Anuradhapura,North Central,2018,July,0.674773603,0.66451175,Healthy,101.4246583,321.2517241,295.9103448,15.55862069,933500,17.9767,28.7988,661,7,70.88978014,0.819104602,,,,,,,,,961598.0,2957.0,16931.0,7055.0,80776.0,339763.0,20063.0
Anuradhapura,North Central,2018,August,0.632276467,0.650988647,Healthy,97.33006533,324.6318182,293.7863636,17.63181818,934080,18.652,28.3482,731,8,78.30321109,0.904763994,,,,,,,,,961598.0,2957.0,16931.0,7055.0,80776.0,339763.0,20063.0
Anuradhapura,North Central,2018,September,0.646789913,0.661969837,Healthy,97.85419167,330.437931,299.737931,32.63793103,934670,22.225,33.788,835,9,89.43289493,1.033363282,,,,,,,,,961598.0,2957.0,16931.0,7055.0,80776.0,339763.0,20063.0
Anuradhapura,North Central,2018,October,0.72381075,0.705082557,Healthy,102.475358,,,,935250,20.9335,31.8472,905,10,96.82555206,1.118782639,,,,,,,,,961598.0,2957.0,16931.0,7055.0,80776.0,339763.0,20063.0
Anuradhapura,North Central,2018,November,0.7642682,0.75418649,Healthy,101.2575567,,,,935830,23.7014,31.233,975,11,104.2090457,1.204096116,,,,,,,,,961598.0,2957.0,16931.0,7055.0,80776.0,339763.0,20063.0
Anuradhapura,North Central,2018,December,0.7920295,0.784883283,Healthy,100.8562817,314.2,298.0,8.3,936420,28.245,39.5266,940,10,100.4239811,1.160361126,,,,,,,,,961598.0,2957.0,16931.0,7055.0,80776.0,339763.0,20063.0
Anuradhapura,North Central,2019,January,0.792201267,0.7924991,Healthy,99.96227167,315.9,297.9,7.1,937000,27.2352,38.8123,654,6,69.82846136,0.695004816,5449.194450666285,4415.349725219979,306.22277725545,12.587639181039115,11.833137263589544,0.7533080320484068,25.17408447667707,,734606.0,1613.0,13459.0,3738.0,38232.0,284301.0,15490.0
Anuradhapura,North Central,2019,February,0.740437567,0.75761819,Healthy,97.86136833,319.7,303.0,10.0,937500,26.4719,41.3097,617,6,65.91392954,0.65604336,5449.194450666285,4415.349725219979,306.22277725545,12.587639181039115,11.833137263589544,0.7533080320484068,25.17408447667707,,734606.0,1613.0,13459.0,3738.0,38232.0,284301.0,15490.0
Anuradhapura,North Central,2019,March,0.671170467,0.712236817,Healthy,94.599742,326.4842105,308.7631579,14.96315789,938000,27.1533,37.9191,654,6,69.75401737,0.694263872,5449.194450666285,4415.349725219979,306.22277725545,12.587639181039115,11.833137263589544,0.7533080320484068,25.17408447667707,,734606.0,1613.0,13459.0,3738.0,38232.0,284301.0,15490.0
Anuradhapura,North Central,2019,April,0.657854467,0.71229456,Healthy,92.855095,325.08,305.8,9.28,938500,23.0155,35.6433,581,5,61.97053766,0.61679466,5449.194450666285,4415.349725219979,306.22277725545,12.587639181039115,11.833137263589544,0.7533080320484068,25.17408447667707,,734606.0,1613.0,13459.0,3738.0,38232.0,284301.0,15490.0
Anuradhapura,North Central,2019,May,0.6847713,0.72566436,Healthy,94.72883867,322.35,302.1,12.1,939000,22.2422,34.3558,545,5,58.06644328,0.577937089,5449.194450666285,4415.349725219979,306.22277725545,12.587639181039115,11.833137263589544,0.7533080320484068,25.17408447667707,,734606.0,1613.0,13459.0,3738.0,38232.0,284301.0,15490.0
Anuradhapura,North Central,2019,June,0.661876,0.699991367,Healthy,94.91356133,327.34,302.02,18.12,939500,20.7057,29.7615,617,6,65.7736125,0.654646781,5449.194450666285,4415.349725219979,306.22277725545,12.587639181039115,11.833137263589544,0.7533080320484068,25.17408447667707,,734606.0,1613.0,13459.0,3738.0,38232.0,284301.0,15490.0
Anuradhapura,North Central,2019,July,0.632088337,0.66451175,Healthy,95.46858667,322.7941176,293.4529412,16.03529412,940000,18.7753,28.0494,690,6,73.4725826,0.731274866,5449.194450666285,4415.349725219979,306.22277725545,12.587639181039115,11.833137263589544,0.7533080320484068,25.17408447667707,,734606.0,1613.0,13459.0,3738.0,38232.0,284301.0,15490.0
Anuradhapura,North Central,2019,August,0.64782042,0.650988647,Healthy,99.54880333,319.4555556,293.7666667,40.37777778,940500,19.8422,28.6391,763,7,81.16336666,0.807821475,5449.194450666285,4415.349725219979,306.22277725545,12.587639181039115,11.833137263589544,0.7533080320484068,25.17408447667707,,734606.0,1613.0,13459.0,3738.0,38232.0,284301.0,15490.0
Anuradhapura,North Central,2019,September,0.685377587,0.661969837,Healthy,103.2763717,329.0125,303.75,16.7375,941000,22.2663,34.6493,872,8,92.70884632,0.922733988,5449.194450666285,4415.349725219979,306.22277725545,12.587639181039115,11.833137263589544,0.7533080320484068,25.17408447667707,,734606.0,1613.0,13459.0,3738.0,38232.0,284301.0,15490.0
Anuradhapura,North Central,2019,October,0.745627367,0.705082557,Healthy,105.3793333,,,,941500,21.2995,31.7287,945,9,100.381246,0.999097617,5449.194450666285,4415.349725219979,306.22277725545,12.587639181039115,11.833137263589544,0.7533080320484068,25.17408447667707,,734606.0,1613.0,13459.0,3738.0,38232.0,284301.0,15490.0
Anuradhapura,North Central,2019,November,0.77733544,0.75418649,Healthy,102.88536,,,,942000,22.9335,30.9602,1017,10,108.0455008,1.075380181,5449.194450666285,4415.349725219979,306.22277725545,12.587639181039115,11.833137263589544,0.7533080320484068,25.17408447667707,,734606.0,1613.0,13459.0,3738.0,38232.0,284301.0,15490.0
Anuradhapura,North Central,2019,December,0.79634295,0.784883283,Healthy,101.37541,,,,942500,27.3689,41.6178,981,9,104.1314615,1.036423627,5449.194450666285,4415.349725219979,306.22277725545,12.587639181039115,11.833137263589544,0.7533080320484068,25.17408447667707,,734606.0,1613.0,13459.0,3738.0,38232.0,284301.0,15490.0
Anuradhapura,North Central,2020,January,0.788757703,0.7924991,Healthy,99.55282533,316.35,303.15,5.75,943000,19.8741,29.3513,381,3,40.4650441,0.325892973,152.82274282064768,112.35579988605669,8.369127278731371,0.3530205359156961,0.3011135436946319,0.0205880531056791,0.6747221327160072,94.80522384561294,405256.0,578.0,9532.0,3000.0,21021.0,151634.0,7150.0
Anuradhapura,North Central,2020,February,0.731013187,0.75761819,Healthy,96.69290333,318.1666667,301.1888889,15.53333333,943920,20.4275,29.957,360,2,38.17973757,0.307487819,137.8401209754861,101.34052538742364,7.548624604345939,0.3184106794533728,0.2715926080382954,0.018569616526691,0.6085729040183592,85.51059405682736,405256.0,578.0,9532.0,3000.0,21021.0,151634.0,7150.0
Anuradhapura,North Central,2020,March,0.6728309,0.712236817,Healthy,94.82755,323.375,298.5125,19.5125,944830,20.4072,28.1986,381,3,40.38666912,0.325261765,563.3465813780737,414.17432114860105,30.850900556892103,1.30133060298335,1.1099871806782509,0.0758932153699545,2.4872109990315554,349.4780800583379,405256.0,578.0,9532.0,3000.0,21021.0,151634.0,7150.0
Anuradhapura,North Central,2020,April,0.680106633,0.71229456,Healthy,95.76814767,324.65,306.8,7.75,945750,17.6375,25.7943,339,2,35.86433961,0.288840319,4634.124936708463,3407.024402427189,253.781477187413,10.704828603796548,9.130825398504868,0.624302433881036,20.45995643618245,2874.8289936713813,405256.0,578.0,9532.0,3000.0,21021.0,151634.0,7150.0
Anuradhapura,North Central,2020,May,0.73956666,0.72566436,Healthy,101.79694,,,,946670,16.9792,25.5373,317,2,33.5901428,0.27052464,6751.169403429788,4963.482689084033,369.718505078074,15.595201321922808,13.30213360674521,0.9095075224920622,29.80684245116008,4188.160182826784,405256.0,578.0,9532.0,3000.0,21021.0,151634.0,7150.0
Anuradhapura,North Central,2020,June,0.762519133,0.699991367,Healthy,108.36017,,,,947580,15.166,22.8521,360,2,38.03226945,0.306300157,8051.660979589807,5919.608515565376,440.93813721472907,18.59933686285245,15.86455082171521,1.0847078175482336,35.548595502115894,4994.934048493372,405256.0,578.0,9532.0,3000.0,21021.0,151634.0,7150.0
Anuradhapura,North Central,2020,July,0.759315443,0.66451175,Healthy,113.2731587,320.0,295.9,6.9,948500,14.2318,22.4301,402,3,42.46542465,0.34200342,7197.651534415601,5291.737869143296,394.1694847747597,16.626575044500036,14.181857489304036,0.9696569325459092,31.77808946634998,4465.140150532594,405256.0,578.0,9532.0,3000.0,21021.0,151634.0,7150.0
Anuradhapura,North Central,2020,August,0.72570283,0.650988647,Healthy,110.6575367,330.2125,298.6625,37.825,949420,14.4234,22.0223,445,3,46.88998829,0.37763749,6292.701174967844,4626.415289425862,344.61112324187985,14.536139714175718,12.398792975661312,0.8477433631750245,27.78267605301205,3903.744511289945,405256.0,578.0,9532.0,3000.0,21021.0,151634.0,7150.0
Anuradhapura,North Central,2020,September,0.685196423,0.661969837,Healthy,103.2835267,323.8166667,296.9666667,17.05,950330,17.5339,28.0681,508,4,53.53724367,0.431172432,6142.874956516229,4516.262544439532,336.4060964980256,14.190041149552489,12.103583619097948,0.8275589973851429,27.12118376603557,3810.7982134020895,405256.0,578.0,9532.0,3000.0,21021.0,151634.0,7150.0
Anuradhapura,North Central,2020,October,0.669832447,0.705082557,Healthy,95.36247333,327.9277778,303.9222222,15.01666667,951250,15.943,24.2875,551,4,57.94258731,0.46665171,6067.961847290421,4461.186171946367,332.30358312609843,14.01699186724087,11.955978940816264,0.8174668144902022,26.790437622547337,3764.325064458161,405256.0,578.0,9532.0,3000.0,21021.0,151634.0,7150.0
Anuradhapura,North Central,2020,November,0.712397003,0.75418649,Healthy,94.792742,317.4,297.2,10.3,952170,17.853,23.8496,593,4,62.33941794,0.502062426,5843.222519612999,4295.957054466873,319.99604301031707,13.497844020306026,11.51316490597122,0.7871902658053801,25.798199192082627,3624.9056176263775,405256.0,578.0,9532.0,3000.0,21021.0,151634.0,7150.0
Anuradhapura,North Central,2020,December,0.772591443,0.784883283,Healthy,98.518717,315.1,291.5,11.8,953080,21.5354,32.0622,572,4,60.0556143,0.483669377,5693.396301161384,4185.804309480543,311.79101626646275,13.151745455682796,11.217955549407854,0.7670059000154985,25.13670690510615,3531.9593197385216,405256.0,578.0,9532.0,3000.0,21021.0,151634.0,7150.0
Anuradhapura,North Central,2021,January,0.806059157,0.7924991,Healthy,101.6114567,,,,954000,22.4598,32.3469,239,2,25.08053382,0.237766529,165.40929528388668,133.1037658490953,8.913807322338677,0.3820954721057782,0.3567180924755753,0.0219279660129531,0.7607415305943068,95.18410110164857,33850.0,281.0,771.0,2593.0,3495.0,8011.0,2093.0
Anuradhapura,North Central,2021,February,0.770920847,0.75761819,Healthy,101.640435,318.6,299.9,8.2,954250,23.6233,35.3412,225,2,23.68096513,0.224498446,149.192697707035,120.05437704036042,8.03990464367802,0.3446351317032508,0.3217457304681659,0.0197781654234479,0.6861590275948648,85.85232648383989,33850.0,281.0,771.0,2593.0,3495.0,8011.0,2093.0
Anuradhapura,North Central,2021,March,0.706718563,0.712236817,Healthy,99.26596,323.9125,300.0625,16.7375,954500,22.9471,31.5494,239,2,25.06739578,0.237641978,609.7440688896214,490.6570192084296,32.85874071764061,1.4085087991350251,1.3149608114785911,0.0808325021653958,2.804302112779013,350.8747256296065,33850.0,281.0,771.0,2593.0,3495.0,8011.0,2093.0
Anuradhapura,North Central,2021,April,0.7022424,0.71229456,Healthy,98.674428,324.06,300.1,14.58,954750,19.9358,30.7167,212,2,22.27629503,0.211182002,5015.79363052021,4036.175958541684,270.29809850974044,11.586483286501684,10.81695156889171,0.6649333223339614,23.06836817772736,2886.317889288226,33850.0,281.0,771.0,2593.0,3495.0,8011.0,2093.0
Anuradhapura,North Central,2021,May,0.743729057,0.72566436,Healthy,102.3311133,,,,955000,18.8738,29.0207,199,1,20.87855957,0.197931299,7307.198868129347,5880.054597215915,393.7805470044909,16.879629385378788,15.75854632053865,0.9687001456310476,33.606875851548494,4204.897642784593,33850.0,281.0,771.0,2593.0,3495.0,8011.0,2093.0
Anuradhapura,North Central,2021,June,0.7388448,0.699991367,Healthy,105.1893967,321.15,291.6,14.4,955250,17.1048,26.3361,225,2,23.6561748,0.224263431,8714.799537800065,7012.741545814097,469.6352995122356,20.131186932318148,18.794147342781777,1.1553028368000997,40.08063711190003,5014.895679610386,33850.0,281.0,771.0,2593.0,3495.0,8011.0,2093.0
Anuradhapura,North Central,2021,July,0.718152217,0.66451175,Healthy,107.50933,325.0,299.8666667,20.06666667,955500,16.3281,24.7589,252,2,26.43233654,0.250581784,7790.453475919525,6268.9263837162125,419.8228468285784,17.9959475293741,16.800722708359448,1.0327642031983029,35.829434440931855,4482.984526395292,33850.0,281.0,771.0,2593.0,3495.0,8011.0,2093.0
Anuradhapura,North Central,2021,August,0.690012183,0.650988647,Healthy,105.56634,320.1285714,292.9,10.84285714,955750,15.9247,24.8217,279,2,29.20704593,0.276886368,6810.970982277685,5480.743299668628,367.0391250374748,15.73334296906145,14.688392043111923,0.902916247592188,31.32465125976557,3919.345339479648,33850.0,281.0,771.0,2593.0,3495.0,8011.0,2093.0
Anuradhapura,North Central,2021,September,0.688249613,0.661969837,Healthy,103.6919083,322.545,297.64,16.635,956000,20.1656,28.7784,319,3,33.37075212,0.316358812,6648.805006509169,5350.24941158128,358.3000982508683,15.358739565036178,14.338668423037827,0.8814182416971359,30.57882622977115,3826.02759330156,33850.0,281.0,771.0,2593.0,3495.0,8011.0,2093.0
Anuradhapura,North Central,2021,October,0.724611907,0.705082557,Healthy,102.603097,,,,956250,18.174,26.7223,345,3,36.14219672,0.342632446,6567.722018624911,5285.002467537605,353.930584857565,15.171437863023542,14.163806613000782,0.8706692387496099,30.20591371477394,3779.368720212517,33850.0,281.0,771.0,2593.0,3495.0,8011.0,2093.0
Anuradhapura,North Central,2021,November,0.750755443,0.75418649,Healthy,99.58018333,,,,956500,20.2692,27.4373,372,3,38.91219257,0.368892345,6324.473054972137,5089.261635406584,340.82204467765524,14.609532756985637,13.639221182889646,0.838422229907032,29.08717616978232,3639.3921009453866,33850.0,281.0,771.0,2593.0,3495.0,8011.0,2093.0
Anuradhapura,North Central,2021,December,0.775933167,0.784883283,Healthy,98.92736367,,,,956750,24.8491,34.9932,358,3,37.51266674,0.355624669,6162.307079203621,4958.767747319236,332.0830178910487,14.234929352960362,13.289497562815551,0.8169242240119798,28.3413511397879,3546.0743547673,33850.0,281.0,771.0,2593.0,3495.0,8011.0,2093.0
Anuradhapura,North Central,2022,January,0.78442549,0.7924991,Healthy,99.04099333,304.7,288.5,3.9,957000,23.5958,35.1537,514,8,53.76557841,0.856334582,143.71887720403305,119.64728644364972,4.821602472975969,0.3319906063413164,0.3206547276689813,0.0118611420835208,0.6645064760938186,95.3801875146496,20511.0,404.0,760.0,940.0,1489.0,9060.0,36.0
Anuradhapura,North Central,2022,February,0.746273483,0.75761819,Healthy,98.59462967,322.15,303.3,14.35,956420,24.4687,37.2139,485,7,50.8093954,0.809250894,129.6287912036376,107.91716032172324,4.348896348174401,0.2994425076804028,0.2892179896622183,0.010698285016509,0.5993587823591303,86.02918873870354,20511.0,404.0,760.0,940.0,1489.0,9060.0,36.0
Anuradhapura,North Central,2022,March,0.70273133,0.712236817,Healthy,98.755245,320.9,304.3,13.3,955830,25.813,34.3972,514,8,53.83139108,0.857382793,529.7872336148669,441.0527421844342,17.77375029253886,1.2238085096503424,1.1820213490542837,0.0437234257196455,2.449553284424272,351.5975539755711,20511.0,404.0,760.0,940.0,1489.0,9060.0,36.0
Anuradhapura,North Central,2022,April,0.71751148,0.71229456,Healthy,100.6787967,,,,955250,21.6093,31.8468,457,7,47.87917861,0.762580774,4358.063599922296,3628.1280095118486,146.2080044011242,10.067126915820504,9.723383065491756,0.3596716908267655,20.150181672139027,2892.26392140011,20511.0,404.0,760.0,940.0,1489.0,9060.0,36.0
Anuradhapura,North Central,2022,May,0.734500697,0.72566436,Healthy,101.138458,,,,954670,19.5159,29.9223,428,6,44.91400042,0.715353818,6348.992751778165,5285.594830540055,213.00137983558545,14.666173256607562,14.16539414584735,0.5239833943955401,29.35555079685045,4213.560048441284,20511.0,404.0,760.0,940.0,1489.0,9060.0,36.0
Anuradhapura,North Central,2022,June,0.708430487,0.699991367,Healthy,101.13328,,,,954080,18.9673,27.8701,485,7,50.93401177,0.811235682,7572.012216612483,6303.7697779232685,254.0322714683612,17.49134822037484,16.89410300483436,0.6249193878121686,35.01037061302137,5025.226742193401,20511.0,404.0,760.0,940.0,1489.0,9060.0,36.0
Anuradhapura,North Central,2022,July,0.706149053,0.66451175,Healthy,105.8436883,323.5076923,291.0615385,18.82307692,953500,16.5455,25.8019,543,8,56.96087585,0.907226692,6768.877314589948,5635.152588973462,227.08802235467203,15.63610659670278,15.10220893844888,0.5586365349924932,31.29695207014416,4492.219811964477,20511.0,404.0,760.0,940.0,1489.0,9060.0,36.0
Anuradhapura,North Central,2022,August,0.7215648,0.650988647,Healthy,110.068357,317.5,292.9666667,11.56666667,952920,17.0229,25.7214,600,9,62.99507649,1.003334552,5917.8361201660655,4926.652971209105,198.5365724166575,13.67020143758361,13.203429962840405,0.4883999681449773,27.362031368569,3927.419485897337,20511.0,404.0,760.0,940.0,1489.0,9060.0,36.0
Anuradhapura,North Central,2022,September,0.71089275,0.661969837,Healthy,106.8850967,323.54,298.48,12.68,952330,20.7812,32.4409,686,10,72.03897604,1.147378458,5776.935260162111,4809.351709989841,193.80951116864185,13.344720450974478,12.889062582772771,0.4767713974748588,26.710554431222118,3833.909498137876,20511.0,404.0,760.0,940.0,1489.0,9060.0,36.0
Anuradhapura,North Central,2022,October,0.728653283,0.705082557,Healthy,103.1331933,317.15,291.9,6.75,951750,19.1682,29.1764,743,11,78.08978326,1.243750814,5706.484830160134,4750.701079380208,191.445980544634,13.18197995766991,12.73187889273896,0.4709571121397995,26.38481596254867,3787.1545042581456,20511.0,404.0,760.0,940.0,1489.0,9060.0,36.0
Anuradhapura,North Central,2022,November,0.762277587,0.75418649,Healthy,101.0115533,,,,951170,21.4552,28.3474,800,12,84.14796975,1.340240701,5495.133540154205,4574.749187551312,184.35538867261056,12.693758477756212,12.26032782263752,0.4535142561346219,25.40760055652836,3646.889522618955,20511.0,404.0,760.0,940.0,1489.0,9060.0,36.0
Anuradhapura,North Central,2022,December,0.788612767,0.784883283,Healthy,100.4463233,,,,950580,25.7802,36.6155,771,12,81.19304825,1.293177105,5354.23268015025,4457.447926332048,179.6283274245949,12.36827749114708,11.94596044256989,0.4418856854645034,24.75612361918148,3553.379534859495,20511.0,404.0,760.0,940.0,1489.0,9060.0,36.0
Anuradhapura,North Central,2023,January,0.790985533,0.7924991,Healthy,99.81962333,,,,950000,24.8366,35.847,633,7,66.65468549,0.777920411,,,,,,,,,27890.0,685.0,586.0,288.0,1816.0,20200.0,60.0
Anuradhapura,North Central,2023,February,0.7580268,0.75761819,Healthy,100.0529017,316.4,301.8,13.9,949500,24.2967,35.7734,598,6,62.9847973,0.735089499,,,,,,,,,27890.0,685.0,586.0,288.0,1816.0,20200.0,60.0
Anuradhapura,North Central,2023,March,0.712021233,0.712236817,Healthy,99.970605,321.0,300.2,10.26666667,949000,25.8954,34.8969,633,7,66.72492225,0.778740137,,,,,,,,,27890.0,685.0,586.0,288.0,1816.0,20200.0,60.0
Anuradhapura,North Central,2023,April,0.71491302,0.71229456,Healthy,100.3404333,306.2,294.3,4.9,948500,22.0126,31.0316,562,6,59.34230771,0.692578354,,,,,,,,,27890.0,685.0,586.0,288.0,1816.0,20200.0,60.0
Anuradhapura,North Central,2023,May,0.744568643,0.72566436,Healthy,102.4387317,,,,948000,20.8167,30.645,527,6,55.66275599,0.649634661,,,,,,,,,27890.0,685.0,586.0,288.0,1816.0,20200.0,60.0
Anuradhapura,North Central,2023,June,0.72910382,0.699991367,Healthy,103.8828437,325.675,298.0875,41.3875,947500,18.7794,26.614,598,6,63.11774674,0.736641139,,,,,,,,,27890.0,685.0,586.0,288.0,1816.0,20200.0,60.0
Anuradhapura,North Central,2023,July,0.67923998,0.66451175,Healthy,102.0482533,322.8333333,299.0583333,17.31666667,947000,17.603,27.6718,668,7,70.58060971,0.823739494,,,,,,,,,27890.0,685.0,586.0,288.0,1816.0,20200.0,60.0
Anuradhapura,North Central,2023,August,0.634947663,0.650988647,Healthy,97.71118,329.5854167,303.2770833,18.22291667,946500,17.1644,27.374,738,8,78.05135738,0.91092987,,,,,,,,,27890.0,685.0,586.0,288.0,1816.0,20200.0,60.0
Anuradhapura,North Central,2023,September,0.646751467,0.661969837,Healthy,97.86098533,324.0461538,295.3307692,32.58461538,946000,21.4172,33.8225,844,9,89.24869798,1.041612953,,,,,,,,,27890.0,685.0,586.0,288.0,1816.0,20200.0,60.0
Anuradhapura,North Central,2023,October,0.69624667,0.705082557,Healthy,98.82623833,319.46,293.6,10.62,945500,19.3674,29.0771,914,10,96.73721909,1.129010761,,,,,,,,,27890.0,685.0,586.0,288.0,1816.0,20200.0,60.0
Anuradhapura,North Central,2023,November,0.746756253,0.75418649,Healthy,99.07170467,,,,945000,22.0374,29.2965,985,11,104.2336646,1.216501054,,,,,,,,,27890.0,685.0,586.0,288.0,1816.0,20200.0,60.0
Anuradhapura,North Central,2023,December,0.790713893,0.784883283,Healthy,100.696865,,,,944500,26.2072,38.0471,949,11,100.5642423,1.17367558,,,,,,,,,27890.0,685.0,586.0,288.0,1816.0,20200.0,60.0
Anuradhapura,North Central,2024,January,0.794996423,0.7924991,Healthy,100.2954117,,,,944000,25.8053,37.2567,635,8,67.35737908,0.860376189,,,,,,,,,74410.0,146.0,1027.0,715.0,1644.0,65289.0,94.0
Anuradhapura,North Central,2024,February,0.7406255,0.75761819,Healthy,97.87488533,315.2,300.4,8.0,944000,26.459,36.3603,600,7,63.61530247,0.812577511,,,,,,,,,74410.0,146.0,1027.0,715.0,1644.0,65289.0,94.0
Anuradhapura,North Central,2024,March,0.6695194,0.712236817,Healthy,94.39091,324.6090909,308.2545455,13.60909091,944000,25.3,36.8315,635,8,67.35737908,0.860376189,,,,,,,,,74410.0,146.0,1027.0,715.0,1644.0,65289.0,94.0
Anuradhapura,North Central,2024,April,0.676650877,0.71229456,Healthy,95.31574667,325.85,305.4,10.05,944000,21.8107,32.5435,565,7,59.87322585,0.764778834,,,,,,,,,74410.0,146.0,1027.0,715.0,1644.0,65289.0,94.0
Anuradhapura,North Central,2024,May,0.741021423,0.72566436,Healthy,101.986158,,,,944000,19.5244,32.8771,529,6,56.13114924,0.716980157,,,,,,,,,74410.0,146.0,1027.0,715.0,1644.0,65289.0,94.0
Anuradhapura,North Central,2024,June,0.76649418,0.699991367,Healthy,108.8775567,,,,944000,19.3884,28.7422,600,7,63.61530247,0.812577511,,,,,,,,,74410.0,146.0,1027.0,715.0,1644.0,65289.0,94.0
Anuradhapura,North Central,2024,July,0.725699553,0.66451175,Healthy,108.5569633,317.5,298.75,7.35,944000,17.7552,26.5078,671,8,71.0994557,0.908174866,,,,,,,,,74410.0,146.0,1027.0,715.0,1644.0,65289.0,94.0
Anuradhapura,North Central,2024,August,0.709739,0.650988647,Healthy,108.38137,322.28,296.48,17.44,944000,18.3102,26.5019,741,9,78.58360893,1.00377222,,,,,,,,,74410.0,146.0,1027.0,715.0,1644.0,65289.0,94.0
Anuradhapura,North Central,2024,September,0.7012078,0.661969837,Healthy,105.5250497,323.5458333,298.6666667,13.69166667,944000,21.3853,34.4441,847,10,89.80983878,1.147168251,,,,,,,,,74410.0,146.0,1027.0,715.0,1644.0,65289.0,94.0
Anuradhapura,North Central,2024,October,0.713564077,0.705082557,Healthy,101.1417463,,,,944000,19.5147,30.0989,918,11,97.29399201,1.242765606,,,,,,,,,74410.0,146.0,1027.0,715.0,1644.0,65289.0,94.0
Anuradhapura,North Central,2024,November,0.746848633,0.75418649,Healthy,99.09047333,,,,944000,22.0156,29.1089,989,12,104.7781452,1.33836296,,,,,,,,,74410.0,146.0,1027.0,715.0,1644.0,65289.0,94.0
Anuradhapura,North Central,2024,December,0.7756729,0.784883283,Healthy,98.89662,,,,944000,27.2792,38.7031,953,12,101.0360686,1.290564283,,,,,,,,,74410.0,146.0,1027.0,715.0,1644.0,65289.0,94.0
Badulla,Uva,2014,January,0.796401413,0.792637687,Healthy,100.4469367,,,,836000,24.9208,17.4799,792,7,94.7806045,0.954020306,,,,,,,,,859112.0,3851.0,20799.0,3851.0,38780.0,272885.0,79038.0
Badulla,Uva,2014,February,0.785440067,0.7792861,Healthy,100.7416067,,,,836830,24.0111,15.8878,748,7,89.42623095,0.900125512,,,,,,,,,859112.0,3851.0,20799.0,3851.0,38780.0,272885.0,79038.0
Badulla,Uva,2014,March,0.75789112,0.759753923,Healthy,99.76767667,314.9,302.7,7.8,837670,22.0134,14.8896,792,7,94.59164751,0.952118347,,,,,,,,,859112.0,3851.0,20799.0,3851.0,38780.0,272885.0,79038.0
Badulla,Uva,2014,April,0.74503544,0.755197667,Healthy,98.737935,,,,838500,18.7537,13.204,704,7,83.99823533,0.845489671,,,,,,,,,859112.0,3851.0,20799.0,3851.0,38780.0,272885.0,79038.0
Badulla,Uva,2014,May,0.755459533,0.755497033,Healthy,99.99637,,,,839330,16.3524,11.0682,660,6,78.67047264,0.791862731,,,,,,,,,859112.0,3851.0,20799.0,3851.0,38780.0,272885.0,79038.0
Badulla,Uva,2014,June,0.74561024,0.742993953,Healthy,100.3261453,322.785,300.29,15.495,840170,14.5072,10.7183,748,7,89.07072717,0.896547166,,,,,,,,,859112.0,3851.0,20799.0,3851.0,38780.0,272885.0,79038.0
Badulla,Uva,2014,July,0.7016482,0.717018043,Healthy,97.99041833,318.397561,296.5902439,15.43658537,841000,13.4395,12.8142,836,8,99.45138869,1.001034386,,,,,,,,,859112.0,3851.0,20799.0,3851.0,38780.0,272885.0,79038.0
Badulla,Uva,2014,August,0.681037233,0.7010389,Healthy,97.33766167,321.175,292.5541667,13.73333333,841830,14.4023,9.6051,924,9,109.8115806,1.105315568,,,,,,,,,859112.0,3851.0,20799.0,3851.0,38780.0,272885.0,79038.0
Badulla,Uva,2014,September,0.705080483,0.706012767,Healthy,99.8707,328.78,300.344,30.156,842670,16.4542,10.8299,1056,10,125.373848,1.261958577,,,,,,,,,859112.0,3851.0,20799.0,3851.0,38780.0,272885.0,79038.0
Badulla,Uva,2014,October,0.755624467,0.73642772,Healthy,102.43831,323.95,299.9,13.05,843500,14.5411,9.9763,1144,11,135.6880208,1.36577655,,,,,,,,,859112.0,3851.0,20799.0,3851.0,38780.0,272885.0,79038.0
Badulla,Uva,2014,November,0.781753533,0.769264367,Healthy,101.5274833,,,,844330,26.8596,18.7095,1232,12,145.9819153,1.469390412,,,,,,,,,859112.0,3851.0,20799.0,3851.0,38780.0,272885.0,79038.0
Badulla,Uva,2014,December,0.791817717,0.786948687,Healthy,100.5822417,,,,845170,31.306,21.2879,1188,11,140.6283683,1.415503938,,,,,,,,,859112.0,3851.0,20799.0,3851.0,38780.0,272885.0,79038.0
Badulla,Uva,2015,January,0.795074107,0.792637687,Healthy,100.28898,,,,846000,21.8258,33.8015,755,9,89.33575506,1.115723923,2253.515082345785,4322.721014149058,100.65022508017013,5.2056198402187634,11.584892317919476,0.24759955369721853,17.03811171183546,,1337814.0,4140.0,39456.0,5356.0,105628.0,370889.0,129547.0
Badulla,Uva,2015,February,0.78031557,0.7792861,Healthy,100.12457,,,,846920,23.1814,35.0756,713,8,84.28100445,1.052594595,2253.515082345785,4322.721014149058,100.65022508017013,5.2056198402187634,11.584892317919476,0.24759955369721853,17.03811171183546,,1337814.0,4140.0,39456.0,5356.0,105628.0,370889.0,129547.0
Badulla,Uva,2015,March,0.766052083,0.759753923,Healthy,100.7793,,,,847830,23.1939,35.4667,755,9,89.14292816,1.113315687,2253.515082345785,4322.721014149058,100.65022508017013,5.2056198402187634,11.584892317919476,0.24759955369721853,17.03811171183546,,1337814.0,4140.0,39456.0,5356.0,105628.0,370889.0,129547.0
Badulla,Uva,2015,April,0.768912753,0.755197667,Healthy,101.7032367,,,,848750,18.3577,37.1835,671,8,79.1522684,0.988541255,2253.515082345785,4322.721014149058,100.65022508017013,5.2056198402187634,11.584892317919476,0.24759955369721853,17.03811171183546,,1337814.0,4140.0,39456.0,5356.0,105628.0,370889.0,129547.0
Badulla,Uva,2015,May,0.769950667,0.755497033,Healthy,101.7948113,,,,849670,17.5395,36.9611,629,7,74.12490416,0.925753958,2253.515082345785,4322.721014149058,100.65022508017013,5.2056198402187634,11.584892317919476,0.24759955369721853,17.03811171183546,,1337814.0,4140.0,39456.0,5356.0,105628.0,370889.0,129547.0
Badulla,Uva,2015,June,0.7696904,0.742993953,Healthy,103.36941,,,,850580,16.9025,29.8466,713,8,83.91834782,1.048065337,2253.515082345785,4322.721014149058,100.65022508017013,5.2056198402187634,11.584892317919476,0.24759955369721853,17.03811171183546,,1337814.0,4140.0,39456.0,5356.0,105628.0,370889.0,129547.0
Badulla,Uva,2015,July,0.7516028,0.717018043,Healthy,104.509297,319.2,299.725,12.5625,851500,15.6455,26.5841,797,9,93.68975839,1.170101542,2253.515082345785,4322.721014149058,100.65022508017013,5.2056198402187634,11.584892317919476,0.24759955369721853,17.03811171183546,,1337814.0,4140.0,39456.0,5356.0,105628.0,370889.0,129547.0
Badulla,Uva,2015,August,0.732816983,0.7010389,Healthy,104.231092,321.5,298.6,13.83333333,852420,15.3707,25.0688,881,11,103.4400768,1.291874325,2253.515082345785,4322.721014149058,100.65022508017013,5.2056198402187634,11.584892317919476,0.24759955369721853,17.03811171183546,,1337814.0,4140.0,39456.0,5356.0,105628.0,370889.0,129547.0
Badulla,Uva,2015,September,0.744511013,0.706012767,Healthy,105.0899183,321.7944444,295.6833333,15.71111111,853330,18.0787,33.9007,1007,12,118.0911625,1.474853322,2253.515082345785,4322.721014149058,100.65022508017013,5.2056198402187634,11.584892317919476,0.24759955369721853,17.03811171183546,,1337814.0,4140.0,39456.0,5356.0,105628.0,370889.0,129547.0
Badulla,Uva,2015,October,0.77483437,0.73642772,Healthy,104.8905833,,,,854250,19.8953,30.5757,1091,13,127.7943139,1.596037031,2253.515082345785,4322.721014149058,100.65022508017013,5.2056198402187634,11.584892317919476,0.24759955369721853,17.03811171183546,,1337814.0,4140.0,39456.0,5356.0,105628.0,370889.0,129547.0
Badulla,Uva,2015,November,0.794947833,0.769264367,Healthy,103.1372647,,,,855170,18.8713,29.5529,1175,14,137.4765879,1.71696,2253.515082345785,4322.721014149058,100.65022508017013,5.2056198402187634,11.584892317919476,0.24759955369721853,17.03811171183546,,1337814.0,4140.0,39456.0,5356.0,105628.0,370889.0,129547.0
Badulla,Uva,2015,December,0.80825284,0.786948687,Healthy,102.5459417,,,,856080,25.9987,28.7472,1133,14,132.4257933,1.65388008,2253.515082345785,4322.721014149058,100.65022508017013,5.2056198402187634,11.584892317919476,0.24759955369721853,17.03811171183546,,1337814.0,4140.0,39456.0,5356.0,105628.0,370889.0,129547.0
Badulla,Uva,2016,January,0.806361357,0.792637687,Healthy,101.6281017,,,,857000,25.6499,35.8459,723,9,84.42382674,1.161169138,,,,,,,,,986656.0,2685.0,26887.0,5271.0,45172.0,340129.0,56945.0
Badulla,Uva,2016,February,0.785868783,0.7792861,Healthy,100.7937127,,,,857920,28.4826,38.6067,683,9,79.64811092,1.095483726,,,,,,,,,986656.0,2685.0,26887.0,5271.0,45172.0,340129.0,56945.0
Badulla,Uva,2016,March,0.765796087,0.759753923,Healthy,100.745282,315.75,297.55,18.4,858830,25.6524,38.5308,723,9,84.24393595,1.158694912,,,,,,,,,986656.0,2685.0,26887.0,5271.0,45172.0,340129.0,56945.0
Badulla,Uva,2016,April,0.757392187,0.755197667,Healthy,100.2724,,,,859750,22.088,39.433,643,8,74.8033674,1.028848904,,,,,,,,,986656.0,2685.0,26887.0,5271.0,45172.0,340129.0,56945.0
Badulla,Uva,2016,May,0.771079047,0.755497033,Healthy,101.9357467,314.2666667,292.4666667,8.766666667,860670,24.6752,39.7979,602,8,70.05319452,0.963514811,,,,,,,,,986656.0,2685.0,26887.0,5271.0,45172.0,340129.0,56945.0
Badulla,Uva,2016,June,0.768757427,0.742993953,Healthy,103.2486967,317.9266667,294.8866667,10.82666667,861580,22.9965,34.8508,683,9,79.30976499,1.090830101,,,,,,,,,986656.0,2685.0,26887.0,5271.0,45172.0,340129.0,56945.0
Badulla,Uva,2016,July,0.747649267,0.717018043,Healthy,103.9961133,316.3423077,296.7346154,11.94615385,862500,19.5525,33.2988,763,10,88.54577589,1.217862613,,,,,,,,,986656.0,2685.0,26887.0,5271.0,45172.0,340129.0,56945.0
Badulla,Uva,2016,August,0.724627283,0.7010389,Healthy,103.1384377,318.5928571,297.8642857,11.49285714,863420,16.9959,32.7105,844,11,97.7621043,1.344624412,,,,,,,,,986656.0,2685.0,26887.0,5271.0,45172.0,340129.0,56945.0
Badulla,Uva,2016,September,0.686792557,0.706012767,Healthy,97.46856333,322.4431818,296.9272727,28.06363636,864330,17.8749,30.6771,964,13,111.6104875,1.535095702,,,,,,,,,986656.0,2685.0,26887.0,5271.0,45172.0,340129.0,56945.0
Badulla,Uva,2016,October,0.69308579,0.73642772,Healthy,94.48480333,322.8818182,303.9454545,15.8,865250,21.3036,41.8332,1045,14,120.7827993,1.661252094,,,,,,,,,986656.0,2685.0,26887.0,5271.0,45172.0,340129.0,56945.0
Badulla,Uva,2016,November,0.751961667,0.769264367,Healthy,97.87992667,,,,866170,22.8038,33.4379,1125,15,129.9356263,1.787140492,,,,,,,,,986656.0,2685.0,26887.0,5271.0,45172.0,340129.0,56945.0
Badulla,Uva,2016,December,0.787352803,0.786948687,Healthy,100.0473183,,,,867080,24.6383,35.633,1085,14,125.1635711,1.721505428,,,,,,,,,986656.0,2685.0,26887.0,5271.0,45172.0,340129.0,56945.0
Badulla,Uva,2017,January,0.799117363,0.792637687,Healthy,100.7694087,311.84,290.48,21.94,868000,27.2591,31.6133,761,9,87.67843093,1.087445206,,,,,,,,,903306.0,3331.0,16742.0,8689.0,39182.0,344380.0,23537.0
Badulla,Uva,2017,February,0.7957379,0.7792861,Healthy,101.9861697,,,,868420,28.6681,32.9734,718,8,82.76735827,1.026534873,,,,,,,,,903306.0,3331.0,16742.0,8689.0,39182.0,344380.0,23537.0
Badulla,Uva,2017,March,0.78188328,0.759753923,Healthy,102.7321967,,,,868830,27.5391,32.192,761,9,87.59467105,1.086406361,,,,,,,,,903306.0,3331.0,16742.0,8689.0,39182.0,344380.0,23537.0
Badulla,Uva,2017,April,0.76068616,0.755197667,Healthy,100.6827083,,,,869250,23.7338,30.9457,676,8,77.82430887,0.965227944,,,,,,,,,903306.0,3331.0,16742.0,8689.0,39182.0,344380.0,23537.0
Badulla,Uva,2017,May,0.753913813,0.755497033,Healthy,99.80396833,,,,869670,23.0846,30.6207,634,7,72.92505399,0.904464183,,,,,,,,,903306.0,3331.0,16742.0,8689.0,39182.0,344380.0,23537.0
Badulla,Uva,2017,June,0.75020319,0.742993953,Healthy,100.9105913,323.2111111,301.4888889,11.58888889,870080,21.0864,26.9686,718,8,82.60944886,1.024576378,,,,,,,,,903306.0,3331.0,16742.0,8689.0,39182.0,344380.0,23537.0
Badulla,Uva,2017,July,0.73317055,0.717018043,Healthy,102.1086433,320.7454545,296.5272727,19.10454545,870500,18.7292,26.5844,803,9,92.28366092,1.144562278,,,,,,,,,903306.0,3331.0,16742.0,8689.0,39182.0,344380.0,23537.0
Badulla,Uva,2017,August,0.73624181,0.7010389,Healthy,104.689945,323.7333333,300.7333333,12.1,870920,18.2079,23.7566,887,11,101.9485422,1.264432453,,,,,,,,,903306.0,3331.0,16742.0,8689.0,39182.0,344380.0,23537.0
Badulla,Uva,2017,September,0.76143541,0.706012767,Healthy,107.3312133,319.9,299.2857143,17.87142857,871330,19.7493,27.8063,1014,12,116.4577952,1.444385692,,,,,,,,,903306.0,3331.0,16742.0,8689.0,39182.0,344380.0,23537.0
Badulla,Uva,2017,October,0.77355565,0.73642772,Healthy,104.7364183,,,,871750,22.6857,27.5283,1099,13,126.1018277,1.563997286,,,,,,,,,903306.0,3331.0,16742.0,8689.0,39182.0,344380.0,23537.0
Badulla,Uva,2017,November,0.782160623,0.769264367,Healthy,101.5777867,,,,872170,25.7427,32.3717,1183,14,135.7365718,1.68349368,,,,,,,,,903306.0,3331.0,16742.0,8689.0,39182.0,344380.0,23537.0
Badulla,Uva,2017,December,0.788550333,0.786948687,Healthy,100.1926553,,,,872580,31.2961,34.2442,1141,14,130.8273363,1.622606132,,,,,,,,,903306.0,3331.0,16742.0,8689.0,39182.0,344380.0,23537.0
Badulla,Uva,2018,January,0.79139358,0.792637687,Healthy,99.85257667,314.4,294.95,8.4,873000,28.9469,35.3129,828,10,94.9291761,1.148269215,,,,,,,,,961598.0,2957.0,16931.0,7055.0,80776.0,339763.0,20063.0
Badulla,Uva,2018,February,0.784931533,0.7792861,Healthy,100.682392,,,,873580,29.7785,33.5444,782,9,89.5958077,1.083756459,,,,,,,,,961598.0,2957.0,16931.0,7055.0,80776.0,339763.0,20063.0
Badulla,Uva,2018,March,0.76984285,0.759753923,Healthy,101.2462833,,,,874170,29.2305,34.2276,828,10,94.80212171,1.146732357,,,,,,,,,961598.0,2957.0,16931.0,7055.0,80776.0,339763.0,20063.0
Badulla,Uva,2018,April,0.76746555,0.755197667,Healthy,101.5232847,309.3,289.5,8.1,874750,24.7359,34.4318,736,8,84.21267865,1.018641795,,,,,,,,,961598.0,2957.0,16931.0,7055.0,80776.0,339763.0,20063.0
Badulla,Uva,2018,May,0.778482947,0.755497033,Healthy,102.8543667,,,,875330,23.9255,32.0879,690,8,78.8970738,0.954343909,,,,,,,,,961598.0,2957.0,16931.0,7055.0,80776.0,339763.0,20063.0
Badulla,Uva,2018,June,0.77179964,0.742993953,Healthy,103.6325367,310.65,288.8333333,11.16666667,875920,21.9086,26.5591,782,9,89.35645457,1.080861229,,,,,,,,,961598.0,2957.0,16931.0,7055.0,80776.0,339763.0,20063.0
Badulla,Uva,2018,July,0.741247473,0.717018043,Healthy,103.1545733,315.25,286.625,13.8,876500,20.2994,29.3128,874,10,99.80289307,1.207221998,,,,,,,,,961598.0,2957.0,16931.0,7055.0,80776.0,339763.0,20063.0
Badulla,Uva,2018,August,0.70945602,0.7010389,Healthy,101.1198447,315.7071429,289.4285714,10.65,877080,19.637,24.3826,966,11,110.2355154,1.333415646,,,,,,,,,961598.0,2957.0,16931.0,7055.0,80776.0,339763.0,20063.0
Badulla,Uva,2018,September,0.723884733,0.706012767,Healthy,102.35793,320.4909091,299.1909091,14.45454545,877670,21.3945,28.6414,1104,13,125.8987558,1.522879175,,,,,,,,,961598.0,2957.0,16931.0,7055.0,80776.0,339763.0,20063.0
Badulla,Uva,2018,October,0.770527967,0.73642772,Healthy,104.3392567,,,,878250,24.0515,29.0671,1197,14,136.300246,1.648696248,,,,,,,,,961598.0,2957.0,16931.0,7055.0,80776.0,339763.0,20063.0
Badulla,Uva,2018,November,0.788857767,0.769264367,Healthy,102.3952833,,,,878830,27.8045,34.5174,1289,15,146.6880069,1.77434725,,,,,,,,,961598.0,2957.0,16931.0,7055.0,80776.0,339763.0,20063.0
Badulla,Uva,2018,December,0.797732947,0.786948687,Healthy,101.2891583,,,,879420,32.9584,35.7103,1243,15,141.3542518,1.709829816,,,,,,,,,961598.0,2957.0,16931.0,7055.0,80776.0,339763.0,20063.0
Badulla,Uva,2019,January,0.802971617,0.792637687,Healthy,101.2264733,312.3,299.2,6.2,880000,30.1853,34.4314,919,9,104.4844789,1.080931264,3174.798503027288,4363.357639428955,159.32420421676701,7.333784541993034,11.6937984736696,0.3919375423732468,19.41952055803588,,734606.0,1613.0,13459.0,3738.0,38232.0,284301.0,15490.0
Badulla,Uva,2019,February,0.787796433,0.7792861,Healthy,101.024622,,,,880500,30.6193,35.4017,868,8,98.62374944,1.020299811,3174.798503027288,4363.357639428955,159.32420421676701,7.333784541993034,11.6937984736696,0.3919375423732468,19.41952055803588,,734606.0,1613.0,13459.0,3738.0,38232.0,284301.0,15490.0
Badulla,Uva,2019,March,0.754641133,0.759753923,Healthy,99.36521,314.6,303.2,5.7,881000,28.2336,34.9152,919,9,104.3658813,1.079704327,3174.798503027288,4363.357639428955,159.32420421676701,7.333784541993034,11.6937984736696,0.3919375423732468,19.41952055803588,,734606.0,1613.0,13459.0,3738.0,38232.0,284301.0,15490.0
Badulla,Uva,2019,April,0.736340767,0.755197667,Healthy,97.65836867,321.6666667,301.0666667,21.8,881500,25.72,34.7232,817,8,92.71705196,0.959192802,3174.798503027288,4363.357639428955,159.32420421676701,7.333784541993034,11.6937984736696,0.3919375423732468,19.41952055803588,,734606.0,1613.0,13459.0,3738.0,38232.0,284301.0,15490.0
Badulla,Uva,2019,May,0.739969467,0.755497033,Healthy,98.07300333,301.2,286.55,13.0,882000,23.5345,34.1365,766,7,86.87296057,0.898733477,3174.798503027288,4363.357639428955,159.32420421676701,7.333784541993034,11.6937984736696,0.3919375423732468,19.41952055803588,,734606.0,1613.0,13459.0,3738.0,38232.0,284301.0,15490.0
Badulla,Uva,2019,June,0.740399283,0.742993953,Healthy,99.67576,326.1849057,300.8886792,17.64528302,882500,23.4578,28.8396,868,8,98.40023953,1.017987517,3174.798503027288,4363.357639428955,159.32420421676701,7.333784541993034,11.6937984736696,0.3919375423732468,19.41952055803588,,734606.0,1613.0,13459.0,3738.0,38232.0,284301.0,15490.0
Badulla,Uva,2019,July,0.732550687,0.717018043,Healthy,102.0305967,320.0222222,297.4259259,13.1962963,883000,20.226,29.6481,970,10,109.9144638,1.137106501,3174.798503027288,4363.357639428955,159.32420421676701,7.333784541993034,11.6937984736696,0.3919375423732468,19.41952055803588,,734606.0,1613.0,13459.0,3738.0,38232.0,284301.0,15490.0
Badulla,Uva,2019,August,0.721376607,0.7010389,Healthy,102.7074947,318.49,291.71,20.54,883500,19.6038,26.761,1072,11,121.4156556,1.256090659,3174.798503027288,4363.357639428955,159.32420421676701,7.333784541993034,11.6937984736696,0.3919375423732468,19.41952055803588,,734606.0,1613.0,13459.0,3738.0,38232.0,284301.0,15490.0
Badulla,Uva,2019,September,0.72815709,0.706012767,Healthy,102.9259667,329.05,303.6772727,19.20454545,884000,21.8982,30.2227,1225,12,138.6822647,1.43472023,3174.798503027288,4363.357639428955,159.32420421676701,7.333784541993034,11.6937984736696,0.3919375423732468,19.41952055803588,,734606.0,1613.0,13459.0,3738.0,38232.0,284301.0,15490.0
Badulla,Uva,2019,October,0.767834733,0.73642772,Healthy,103.9947633,,,,884500,24.6145,30.6278,1328,13,150.1541912,1.553401628,3174.798503027288,4363.357639428955,159.32420421676701,7.333784541993034,11.6937984736696,0.3919375423732468,19.41952055803588,,734606.0,1613.0,13459.0,3738.0,38232.0,284301.0,15490.0
Badulla,Uva,2019,November,0.7930691,0.769264367,Healthy,102.9088183,,,,885000,28.671,33.6368,1430,14,161.6131551,1.671948923,3174.798503027288,4363.357639428955,159.32420421676701,7.333784541993034,11.6937984736696,0.3919375423732468,19.41952055803588,,734606.0,1613.0,13459.0,3738.0,38232.0,284301.0,15490.0
Badulla,Uva,2019,December,0.800672667,0.786948687,Healthy,101.640812,,,,885500,34.5548,36.5778,1379,14,155.7532605,1.611326108,3174.798503027288,4363.357639428955,159.32420421676701,7.333784541993034,11.6937984736696,0.3919375423732468,19.41952055803588,,734606.0,1613.0,13459.0,3738.0,38232.0,284301.0,15490.0
Badulla,Uva,2020,January,0.802236883,0.792637687,Healthy,101.13894,317.7,304.8,6.1,886000,22.659,27.0324,511,4,57.76854044,0.545064141,89.03727322048348,111.03277617325128,4.354361081900813,0.2056761011393169,0.2975678401443134,0.010711728261476,0.5139556695451063,86.67906180170326,405256.0,578.0,9532.0,3000.0,21021.0,151634.0,7150.0
Badulla,Uva,2020,February,0.779096067,0.7792861,Healthy,99.97411333,302.7,291.0,6.4,886750,23.831,25.9907,483,4,54.51303174,0.514347405,80.30812878710272,100.147209881756,3.927462936616418,0.1855117774982073,0.2683945224831061,0.0096615588240763,0.4635678588053898,78.18111456624214,405256.0,578.0,9532.0,3000.0,21021.0,151634.0,7150.0
Badulla,Uva,2020,March,0.74826382,0.759753923,Healthy,98.579795,311.1333333,294.1333333,16.8,887500,21.4355,27.5144,511,4,57.67090347,0.544142906,328.2158306951155,409.29729256022034,16.05137026269319,0.758178568905717,1.0969167440613905,0.0394863708462252,1.8945816838133327,319.52281605333746,405256.0,578.0,9532.0,3000.0,21021.0,151634.0,7150.0
Badulla,Uva,2020,April,0.746960963,0.755197667,Healthy,98.97624667,318.5,297.95,12.75,888250,18.8918,25.9379,454,4,51.21974102,0.483274183,2699.9243732446607,3366.905653959472,132.03959633646286,6.236825302195167,9.023307152611386,0.3248174069876987,15.58494986179425,2628.41507992812,405256.0,578.0,9532.0,3000.0,21021.0,151634.0,7150.0
Badulla,Uva,2020,May,0.775607423,0.755497033,Healthy,102.4989153,322.05,300.025,11.525,889000,18.7838,24.7984,426,4,47.97799665,0.452687317,3933.3524816813583,4905.036170947747,192.36030426514765,9.08604423268394,13.145496938139962,0.4732063484922632,22.704747519316165,3829.175024298773,405256.0,578.0,9532.0,3000.0,21021.0,151634.0,7150.0
Badulla,Uva,2020,June,0.793123383,0.742993953,Healthy,106.3275667,315.55,297.85,10.5,889750,17.0891,20.91,483,4,54.32922832,0.512613162,4691.042218498805,5849.90332504953,229.4150632758329,10.83630752473224,15.677740911132744,0.564361055658549,27.07840949152353,4566.796844336796,405256.0,578.0,9532.0,3000.0,21021.0,151634.0,7150.0
Badulla,Uva,2020,July,0.792944633,0.717018043,Healthy,109.9045967,307.9,285.4,7.1,890500,15.4623,22.5396,540,5,60.66976167,0.572438066,4193.480985796104,5229.426046434304,205.08186899462257,9.686941077189,14.014861804443935,0.5045013977267715,24.206304279359703,4082.413851915514,405256.0,578.0,9532.0,3000.0,21021.0,151634.0,7150.0
Badulla,Uva,2020,August,0.771087227,0.7010389,Healthy,109.3248653,327.0888889,304.3222222,14.95555556,891250,14.5191,19.4481,597,5,66.99962371,0.632162282,3666.240662019907,4571.937842427993,179.29722101944515,8.469015929265987,12.25279341770702,0.4410711637078351,21.162880510680843,3569.137838893664,405256.0,578.0,9532.0,3000.0,21021.0,151634.0,7150.0
Badulla,Uva,2020,September,0.748219483,0.706012767,Healthy,105.5917767,315.75,291.5,20.6,892000,16.9489,22.7949,682,6,76.50661708,0.721863721,3578.9492176861,4463.0821795130405,175.02823956660126,8.267372692854892,11.961060241094948,0.4305694693338391,20.65900240328368,3484.1583665390526,405256.0,578.0,9532.0,3000.0,21021.0,151634.0,7150.0
Badulla,Uva,2020,October,0.735995383,0.73642772,Healthy,99.96284333,318.99,298.45,14.2,892750,17.793,22.4715,739,6,82.81253913,0.781362056,3535.303495519196,4408.654348055564,172.89374884017928,8.166551074649345,11.815193652788912,0.425318622146841,20.407063349585098,3441.668630361747,405256.0,578.0,9532.0,3000.0,21021.0,151634.0,7150.0
Badulla,Uva,2020,November,0.756098917,0.769264367,Healthy,98.39044467,306.8,275.5,15.4,893500,21.6118,26.2432,796,7,89.10787485,0.840760506,3404.366329018486,4245.370853683136,166.49027666091342,7.864086220032703,11.377593887870807,0.409566080585847,19.65124618848936,3314.1994218298305,405256.0,578.0,9532.0,3000.0,21021.0,151634.0,7150.0
Badulla,Uva,2020,December,0.791759533,0.786948687,Healthy,100.57173,,,,894250,25.0181,28.2284,767,7,85.85338579,0.81005339,3317.074884684678,4136.515190768185,162.22129520806948,7.662442983621609,11.085860711258734,0.3990643862118509,19.147368081092196,3229.2199494752194,405256.0,578.0,9532.0,3000.0,21021.0,151634.0,7150.0
Badulla,Uva,2021,January,0.811476567,0.792637687,Healthy,102.2359183,,,,895000,26.6903,30.6329,279,3,31.26311487,0.416950538,96.37042462117898,131.53642852729578,4.637751871045461,0.2226156808749234,0.3525176284531527,0.0114088696027718,0.5865421789308479,87.0254638643644,33850.0,281.0,771.0,2593.0,3495.0,8011.0,2093.0
Badulla,Uva,2021,February,0.79515,0.7792861,Healthy,101.9113,,,,895330,26.8576,30.3503,264,3,29.51539238,0.393641478,86.92234377596533,118.64070024030596,4.18307031506061,0.2007906141224799,0.3179570766440199,0.0102903529750491,0.529038043741549,78.4935556423679,33850.0,281.0,771.0,2593.0,3495.0,8011.0,2093.0
Badulla,Uva,2021,March,0.767360967,0.759753923,Healthy,100.9380397,306.1,288.6,11.8,895670,24.5919,30.9187,279,3,31.2397287,0.416638641,355.2478397800323,484.8793835908157,17.096026505030324,0.8206225098918746,1.2994767480233862,0.0420562252023745,2.162155483117635,320.7997491470688,33850.0,281.0,771.0,2593.0,3495.0,8011.0,2093.0
Badulla,Uva,2021,April,0.762090783,0.755197667,Healthy,100.8556733,314.2,300.6,5.3,896000,21.1504,29.9763,248,3,27.75842044,0.370209059,2922.2914054245744,3988.6487591659393,140.63300526611383,6.750493146530767,10.689578674564718,0.3459571929546399,17.786029014050122,2638.919213063521,33850.0,281.0,771.0,2593.0,3495.0,8011.0,2093.0
Badulla,Uva,2021,May,0.779145383,0.755497033,Healthy,102.9372667,312.6,297.8,6.7,896330,20.8721,27.1664,233,3,26.01393814,0.346943213,4257.30522885326,5810.815166117595,204.879509126773,9.83437507865103,15.572984645195156,0.5040035924518615,25.911363316298043,3844.4778448316274,33850.0,281.0,771.0,2593.0,3495.0,8011.0,2093.0
Badulla,Uva,2021,June,0.785935467,0.742993953,Healthy,105.4191217,321.85,300.5,10.85,896670,20.0377,25.1693,264,3,29.47128404,0.393053213,5077.398646217801,6930.164381428306,244.3458681862578,11.72879087276312,18.572840542227866,0.6010908357381941,30.902722250729173,4585.047478500924,33850.0,281.0,771.0,2593.0,3495.0,8011.0,2093.0
Badulla,Uva,2021,July,0.774614873,0.717018043,Healthy,107.5107647,318.525,301.275,14.375,897000,17.9357,25.2667,295,3,32.92637609,0.439133154,4538.858038040625,6195.1078690698905,218.42901949512148,10.484762067873843,16.602889089107304,0.5373353879579987,27.624986544939148,4098.728709847123,33850.0,281.0,771.0,2593.0,3495.0,8011.0,2093.0
Badulla,Uva,2021,August,0.749621247,0.7010389,Healthy,106.4675687,319.9333333,296.6333333,14.88333333,897330,16.3175,21.7948,326,4,36.37892686,0.485179202,3968.193954989722,5416.205880535707,190.9662535136366,9.16652803602626,14.515431759835694,0.4697769836435459,24.151736779505494,3583.4014532385345,33850.0,281.0,771.0,2593.0,3495.0,8011.0,2093.0
Badulla,Uva,2021,September,0.7465858,0.706012767,Healthy,105.368077,324.2333333,297.3,41.60833333,897670,18.0306,24.6859,373,4,41.56016919,0.554280499,3873.7131465375855,5287.248597665809,186.41943795378808,8.948277368501824,14.169826241744367,0.4585918173663186,23.57669542761251,3498.082371018569,33850.0,281.0,771.0,2593.0,3495.0,8011.0,2093.0
Badulla,Uva,2021,October,0.769825887,0.73642772,Healthy,104.25441,318.85,291.55,9.85,898000,19.9468,26.0119,404,5,45.00697123,0.600249878,3826.472742311517,5222.769956230861,184.14603017386383,8.839152034739605,13.997023482698705,0.452999234227705,23.28917475166601,3455.4228299085867,33850.0,281.0,771.0,2593.0,3495.0,8011.0,2093.0
Badulla,Uva,2021,November,0.788320523,0.769264367,Healthy,102.3287247,,,,898330,24.379,30.0756,435,5,48.45124092,0.646185483,3684.751529633314,5029.334031926015,177.32580683409114,8.511776033452955,13.47861520556172,0.4362214848118642,22.426612723826537,3327.444206578639,33850.0,281.0,771.0,2593.0,3495.0,8011.0,2093.0
Badulla,Uva,2021,December,0.798944667,0.786948687,Healthy,101.4340167,,,,898670,29.0902,32.2591,419,5,46.70316324,0.622871685,3590.2707211811776,4900.376749056117,172.77899127424263,8.29352536592852,13.133009687470391,0.4250363185346368,21.85157137193355,3242.125124358674,33850.0,281.0,771.0,2593.0,3495.0,8011.0,2093.0
Badulla,Uva,2022,January,0.803068787,0.792637687,Healthy,101.2379567,,,,899000,26.5635,32.5735,598,9,66.62687539,1.017390597,83.73319769279595,118.23840325917412,2.50862455086306,0.1934236866703587,0.3168789207345867,0.0061712163951231,0.5164738238000685,87.20474287053676,20511.0,404.0,760.0,940.0,1489.0,9060.0,36.0
Badulla,Uva,2022,February,0.7924801,0.7792861,Healthy,101.5920927,314.25,296.4,44.95,898750,26.992,32.261,565,8,62.9428859,0.961136176,75.52406066409044,106.6464029396472,2.2626809674451125,0.1744605801340489,0.2858123598782545,0.0055661951799149,0.4658391351922184,78.65525827538609,20511.0,404.0,760.0,940.0,1489.0,9060.0,36.0
Badulla,Uva,2022,March,0.778647133,0.759753923,Healthy,102.334728,322.85,300.2,16.2,898500,25.3156,32.0659,598,9,66.66395212,1.017956757,308.6635522793262,435.8592120142104,9.24747873651481,0.7130128057652436,1.168102688198084,0.0227487976918264,1.903864291655154,321.46062077766493,20511.0,404.0,760.0,940.0,1489.0,9060.0,36.0
Badulla,Uva,2022,April,0.78379075,0.755197667,Healthy,103.550652,,,,898250,22.8454,30.6076,532,8,59.27333863,0.905102288,2539.0860829786066,3585.405698829662,76.07035035117103,5.865288851680582,9.608887272863496,0.1871330618638807,15.661309186407957,2644.3555852801005,20511.0,404.0,760.0,940.0,1489.0,9060.0,36.0
Badulla,Uva,2022,May,0.77572302,0.755497033,Healthy,102.50952,325.75,301.5,14.35,898000,21.2153,28.6187,499,7,55.58422511,0.848769624,3699.0371451346914,5223.355343978809,110.82217868812694,8.54477580526114,13.99859232186321,0.2726225595727922,22.81599068669714,3852.397758574889,20511.0,404.0,760.0,940.0,1489.0,9060.0,36.0
Badulla,Uva,2022,June,0.748917027,0.742993953,Healthy,100.7475133,321.7555556,298.4444444,13.34444444,897750,20.3192,25.9288,565,8,63.01299772,0.962206782,4411.590239226326,6229.54097171374,132.17008172880472,10.190773452612817,16.695169804192826,0.3251384010528595,27.211081657858497,4594.493021433967,20511.0,404.0,760.0,940.0,1489.0,9060.0,36.0
Badulla,Uva,2022,July,0.745693947,0.717018043,Healthy,103.7496983,316.9205882,293.7176471,18.92941176,897500,19.033,26.0614,632,9,70.44590892,1.075707136,3943.6694285901135,5568.79695350071,118.15129747398176,9.109876380043168,14.924375835381904,0.2906521917859951,24.32490440721106,4107.172399510378,20511.0,404.0,760.0,940.0,1489.0,9060.0,36.0
Badulla,Uva,2022,August,0.756171967,0.7010389,Healthy,107.341933,331.2,297.2666667,28.76666667,897250,17.4183,22.6027,698,10,77.88296217,1.189270739,3447.837552056303,4868.640134201286,103.29630503553774,7.964504745250061,13.047955559659448,0.2541089103874228,21.266569215296933,3590.783529963279,20511.0,404.0,760.0,940.0,1489.0,9060.0,36.0
Badulla,Uva,2022,September,0.754060267,0.706012767,Healthy,106.3600167,316.015,292.32,16.63,897000,19.019,26.867,798,12,89.03390706,1.359545368,3365.7461817692483,4752.720131006017,100.83686920135828,7.774873679886964,12.737289951096129,0.2480586982353413,20.760222329218436,3505.288684011772,20511.0,404.0,760.0,940.0,1489.0,9060.0,36.0
Badulla,Uva,2022,October,0.765784017,0.73642772,Healthy,103.7416333,323.6166667,300.3666667,11.26666667,896750,21.0122,27.2751,865,13,96.48028903,1.473251421,3324.700496625721,4694.760129408382,99.60715128426854,7.680058147205416,12.581957146814467,0.2450335921593005,20.507048886179184,3462.5412610360186,20511.0,404.0,760.0,940.0,1489.0,9060.0,36.0
Badulla,Uva,2022,November,0.780864533,0.769264367,Healthy,101.4201133,,,,896500,25.6135,31.6341,931,14,103.930824,1.58702089,3201.563441195139,4520.880124615481,95.91799753299937,7.395611549160773,12.115958733969489,0.2359582739311783,19.74752855706144,3334.2989921087587,20511.0,404.0,760.0,940.0,1489.0,9060.0,36.0
Badulla,Uva,2022,December,0.786730467,0.786948687,Healthy,99.97516333,,,,896250,31.7366,34.3395,898,13,100.246964,1.530768446,3119.4720709080843,4404.960121420212,93.45856169881988,7.205980483797676,11.80529312540617,0.2299080617790968,19.24118167098294,3248.804146157252,20511.0,404.0,760.0,940.0,1489.0,9060.0,36.0
Badulla,Uva,2023,January,0.79104288,0.792637687,Healthy,99.81108,,,,896000,28.5032,32.5825,757,8,84.48932927,0.930966899,,,,,,,,,27890.0,685.0,586.0,288.0,1816.0,20200.0,60.0
Badulla,Uva,2023,February,0.785345033,0.7792861,Healthy,100.7321087,,,,895920,28.4734,33.2484,714,7,79.80260287,0.879325027,,,,,,,,,27890.0,685.0,586.0,288.0,1816.0,20200.0,60.0
Badulla,Uva,2023,March,0.770350657,0.759753923,Healthy,101.30909,,,,895830,26.1613,33.7321,757,8,84.50536265,0.931143567,,,,,,,,,27890.0,685.0,586.0,288.0,1816.0,20200.0,60.0
Badulla,Uva,2023,April,0.7658897,0.755197667,Healthy,101.3278967,,,,895750,24.1676,32.4702,672,7,75.12258656,0.827757091,,,,,,,,,27890.0,685.0,586.0,288.0,1816.0,20200.0,60.0
Badulla,Uva,2023,May,0.77218933,0.755497033,Healthy,102.07328,,,,895670,23.3691,28.9486,630,6,70.43371538,0.776091586,,,,,,,,,27890.0,685.0,586.0,288.0,1816.0,20200.0,60.0
Badulla,Uva,2023,June,0.77932939,0.742993953,Healthy,104.5866967,318.0833333,293.2833333,10.0,895580,20.7316,26.0674,714,7,79.83289931,0.879658856,,,,,,,,,27890.0,685.0,586.0,288.0,1816.0,20200.0,60.0
Badulla,Uva,2023,July,0.7665759,0.717018043,Healthy,106.4616467,318.1222222,297.6722222,12.29444444,895500,19.7426,27.8266,799,8,89.23297608,0.983235963,,,,,,,,,27890.0,685.0,586.0,288.0,1816.0,20200.0,60.0
Badulla,Uva,2023,August,0.745408137,0.7010389,Healthy,105.9073653,315.65,297.95,13.94375,895420,18.0053,24.4471,883,9,98.63473252,1.086831578,,,,,,,,,27890.0,685.0,586.0,288.0,1816.0,20200.0,60.0
Badulla,Uva,2023,September,0.74797195,0.706012767,Healthy,105.5512733,317.65,295.4,11.0,895330,20.5475,27.4426,1009,11,112.7367399,1.242218089,,,,,,,,,27890.0,685.0,586.0,288.0,1816.0,20200.0,60.0
Badulla,Uva,2023,October,0.768060967,0.73642772,Healthy,104.0316047,314.7,297.6,6.4,895250,22.0953,28.0208,1093,12,122.142382,1.345856519,,,,,,,,,27890.0,685.0,586.0,288.0,1816.0,20200.0,60.0
Badulla,Uva,2023,November,0.781948177,0.769264367,Healthy,101.5517693,,,,895170,27.4982,31.44,1177,12,131.5497052,1.449513473,,,,,,,,,27890.0,685.0,586.0,288.0,1816.0,20200.0,60.0
Badulla,Uva,2023,December,0.795673747,0.786948687,Healthy,101.04201,,,,895080,32.1066,33.9437,1135,12,126.8642563,1.397885677,,,,,,,,,27890.0,685.0,586.0,288.0,1816.0,20200.0,60.0
Badulla,Uva,2024,January,0.806985083,0.792637687,Healthy,101.7028667,,,,895000,27.9821,33.4441,826,6,92.29322796,0.686742063,,,,,,,,,74410.0,146.0,1027.0,715.0,1644.0,65289.0,94.0
Badulla,Uva,2024,February,0.790007423,0.7792861,Healthy,101.2908017,313.6,297.0,8.5,895000,29.203,32.1761,780,5,87.16582641,0.648589726,,,,,,,,,74410.0,146.0,1027.0,715.0,1644.0,65289.0,94.0
Badulla,Uva,2024,March,0.761794673,0.759753923,Healthy,100.2509567,311.3,300.8,10.2,895000,27.9323,33.0605,826,6,92.29322796,0.686742063,,,,,,,,,74410.0,146.0,1027.0,715.0,1644.0,65289.0,94.0
Badulla,Uva,2024,April,0.757995363,0.755197667,Healthy,100.346975,,,,895000,22.9279,33.2544,734,5,82.03842485,0.610437389,,,,,,,,,74410.0,146.0,1027.0,715.0,1644.0,65289.0,94.0
Badulla,Uva,2024,May,0.782645013,0.755497033,Healthy,103.37266,,,,895000,22.5757,30.9718,688,5,76.9110233,0.572285052,,,,,,,,,74410.0,146.0,1027.0,715.0,1644.0,65289.0,94.0
Badulla,Uva,2024,June,0.79731098,0.742993953,Healthy,106.85327,326.2,301.3,14.65,895000,21.0852,26.8214,780,5,87.16582641,0.648589726,,,,,,,,,74410.0,146.0,1027.0,715.0,1644.0,65289.0,94.0
Badulla,Uva,2024,July,0.779893573,0.717018043,Healthy,108.1978267,319.2888889,295.6722222,17.44444444,895000,19.6316,27.4973,871,6,97.42062951,0.7248944,,,,,,,,,74410.0,146.0,1027.0,715.0,1644.0,65289.0,94.0
Badulla,Uva,2024,August,0.762834377,0.7010389,Healthy,108.2279567,317.3333333,294.8888889,9.866666667,895000,18.514,25.7253,963,7,107.6754326,0.801199073,,,,,,,,,74410.0,146.0,1027.0,715.0,1644.0,65289.0,94.0
Badulla,Uva,2024,September,0.753701367,0.706012767,Healthy,106.3135933,318.7913043,294.4478261,16.93913043,895000,20.6259,26.8902,1101,8,123.0576373,0.915656084,,,,,,,,,74410.0,146.0,1027.0,715.0,1644.0,65289.0,94.0
Badulla,Uva,2024,October,0.76171025,0.73642772,Healthy,103.2263463,,,,895000,22.5131,29.0861,1193,8,133.3124404,0.991960758,,,,,,,,,74410.0,146.0,1027.0,715.0,1644.0,65289.0,94.0
Badulla,Uva,2024,November,0.776749667,0.769264367,Healthy,100.916195,,,,895000,26.8455,33.4903,1284,9,143.5672435,1.068265431,,,,,,,,,74410.0,146.0,1027.0,715.0,1644.0,65289.0,94.0
Badulla,Uva,2024,December,0.794679067,0.786948687,Healthy,100.9225813,,,,895000,32.2075,34.9556,1239,9,138.4398419,1.030113094,,,,,,,,,74410.0,146.0,1027.0,715.0,1644.0,65289.0,94.0
Batticaloa,Eastern,2014,January,0.7375081,0.72118236,Healthy,102.12137,,,,535000,17.1704,11.205,480,0,89.73330294,0.082060634,,,,,,,,,859112.0,3851.0,20799.0,3851.0,38780.0,272885.0,79038.0
Batticaloa,Eastern,2014,February,0.68169345,0.669240733,Healthy,101.7205333,,,,535500,16.4942,10.7409,453,0,84.66898955,0.077429346,,,,,,,,,859112.0,3851.0,20799.0,3851.0,38780.0,272885.0,79038.0
Batticaloa,Eastern,2014,March,0.6196138,0.627042573,Degraded,98.89073,,,,536000,15.4278,12.9329,480,0,89.56589006,0.081907535,,,,,,,,,859112.0,3851.0,20799.0,3851.0,38780.0,272885.0,79038.0
Batticaloa,Eastern,2014,April,0.588397933,0.60768549,Degraded,97.06744333,326.7,299.2,12.0,536500,14.7183,10.683,426,0,79.53992681,0.072738845,,,,,,,,,859112.0,3851.0,20799.0,3851.0,38780.0,272885.0,79038.0
Batticaloa,Eastern,2014,May,0.6108496,0.609719333,Degraded,100.1698133,324.3,300.05,11.85,537000,13.6921,8.9749,400,0,74.49925058,0.068129173,,,,,,,,,859112.0,3851.0,20799.0,3851.0,38780.0,272885.0,79038.0
Batticaloa,Eastern,2014,June,0.599117043,0.597156433,Degraded,100.2860747,327.2,301.85,20.4,537500,12.1855,8.602,453,0,84.35394214,0.077141237,,,,,,,,,859112.0,3851.0,20799.0,3851.0,38780.0,272885.0,79038.0
Batticaloa,Eastern,2014,July,0.528457733,0.553775297,Degraded,95.79042,327.0571429,300.3285714,20.05,538000,9.6299,6.3376,506,0,94.19031644,0.086136549,,,,,,,,,859112.0,3851.0,20799.0,3851.0,38780.0,272885.0,79038.0
Batticaloa,Eastern,2014,August,0.5109825,0.529086387,Degraded,96.87657,325.4526316,293.8842105,13.4,538500,9.198,6.3642,560,0,104.0084245,0.095115157,,,,,,,,,859112.0,3851.0,20799.0,3851.0,38780.0,272885.0,79038.0
Batticaloa,Eastern,2014,September,0.543115433,0.539749457,Degraded,100.564678,,,,539000,13.7477,9.1712,640,0,118.7565048,0.108602199,,,,,,,,,859112.0,3851.0,20799.0,3851.0,38780.0,272885.0,79038.0
Batticaloa,Eastern,2014,October,0.593184533,0.58577872,Degraded,101.170343,,,,539500,14.3955,9.4744,693,0,128.5336468,0.117543344,,,,,,,,,859112.0,3851.0,20799.0,3851.0,38780.0,272885.0,79038.0
Batticaloa,Eastern,2014,November,0.671601187,0.668409343,Healthy,100.4492283,320.5,302.6,9.4,540000,24.6871,17.2782,746,0,138.2926829,0.126467931,,,,,,,,,859112.0,3851.0,20799.0,3851.0,38780.0,272885.0,79038.0
Batticaloa,Eastern,2014,December,0.720862147,0.728719153,Healthy,98.996945,,,,540500,26.8392,19.1266,720,0,133.2302972,0.121838406,,,,,,,,,859112.0,3851.0,20799.0,3851.0,38780.0,272885.0,79038.0
Batticaloa,Eastern,2015,January,0.702604443,0.72118236,Healthy,97.58884,,,,541000,19.8303,31.4374,367,0,67.9906226,0.081150534,1689.9519075918688,2821.937260748133,329.33730494170055,3.903788906537217,7.5627918588049985,0.8101697701565834,12.276750535498799,,1337814.0,4140.0,39456.0,5356.0,105628.0,370889.0,129547.0
Batticaloa,Eastern,2015,February,0.655857713,0.669240733,Healthy,98.14772167,,,,541830,19.5624,33.2964,347,0,64.11500082,0.076524767,1689.9519075918688,2821.937260748133,329.33730494170055,3.903788906537217,7.5627918588049985,0.8101697701565834,12.276750535498799,,1337814.0,4140.0,39456.0,5356.0,105628.0,370889.0,129547.0
Batticaloa,Eastern,2015,March,0.6244065,0.627042573,Degraded,99.61481167,,,,542670,18.8805,34.6348,367,0,67.78138985,0.080900803,1689.9519075918688,2821.937260748133,329.33730494170055,3.903788906537217,7.5627918588049985,0.8101697701565834,12.276750535498799,,1337814.0,4140.0,39456.0,5356.0,105628.0,370889.0,129547.0
Batticaloa,Eastern,2015,April,0.61422358,0.60768549,Degraded,100.9951783,,,,543500,15.3431,34.5785,326,0,60.158114,0.071802006,1689.9519075918688,2821.937260748133,329.33730494170055,3.903788906537217,7.5627918588049985,0.8101697701565834,12.276750535498799,,1337814.0,4140.0,39456.0,5356.0,105628.0,370889.0,129547.0
Batticaloa,Eastern,2015,May,0.644527217,0.609719333,Degraded,105.2740947,,,,544330,14.8973,34.3846,306,0,56.31223527,0.067211739,1689.9519075918688,2821.937260748133,329.33730494170055,3.903788906537217,7.5627918588049985,0.8101697701565834,12.276750535498799,,1337814.0,4140.0,39456.0,5356.0,105628.0,370889.0,129547.0
Batticaloa,Eastern,2015,June,0.6571776,0.597156433,Degraded,109.2717767,,,,545170,13.6379,26.4416,347,0,63.72219839,0.076055936,1689.9519075918688,2821.937260748133,329.33730494170055,3.903788906537217,7.5627918588049985,0.8101697701565834,12.276750535498799,,1337814.0,4140.0,39456.0,5356.0,105628.0,370889.0,129547.0
Batticaloa,Eastern,2015,July,0.580547973,0.553775297,Degraded,104.3877333,316.7,283.9,9.95,546000,12.3625,23.79,388,0,71.1106644,0.084874475,1689.9519075918688,2821.937260748133,329.33730494170055,3.903788906537217,7.5627918588049985,0.8101697701565834,12.276750535498799,,1337814.0,4140.0,39456.0,5356.0,105628.0,370889.0,129547.0
Batticaloa,Eastern,2015,August,0.508380873,0.529086387,Degraded,96.42089333,331.8352941,302.9176471,27.03529412,546830,11.251,21.3636,429,0,78.47670141,0.093666244,1689.9519075918688,2821.937260748133,329.33730494170055,3.903788906537217,7.5627918588049985,0.8101697701565834,12.276750535498799,,1337814.0,4140.0,39456.0,5356.0,105628.0,370889.0,129547.0
Batticaloa,Eastern,2015,September,0.520095537,0.539749457,Degraded,96.65350533,325.2666667,291.2333333,16.0,547670,12.9127,30.38,490,0,89.55009849,0.10688295,1689.9519075918688,2821.937260748133,329.33730494170055,3.903788906537217,7.5627918588049985,0.8101697701565834,12.276750535498799,,1337814.0,4140.0,39456.0,5356.0,105628.0,370889.0,129547.0
Batticaloa,Eastern,2015,October,0.586991453,0.58577872,Degraded,100.179975,317.3,297.0,32.0,548500,16.4465,26.5078,531,0,96.86580549,0.115614647,1689.9519075918688,2821.937260748133,329.33730494170055,3.903788906537217,7.5627918588049985,0.8101697701565834,12.276750535498799,,1337814.0,4140.0,39456.0,5356.0,105628.0,370889.0,129547.0
Batticaloa,Eastern,2015,November,0.67001868,0.668409343,Healthy,100.2227817,,,,549330,12.5998,23.4257,572,0,104.1594054,0.124319959,1689.9519075918688,2821.937260748133,329.33730494170055,3.903788906537217,7.5627918588049985,0.8101697701565834,12.276750535498799,,1337814.0,4140.0,39456.0,5356.0,105628.0,370889.0,129547.0
Batticaloa,Eastern,2015,December,0.7458902,0.728719153,Healthy,102.19721,,,,550170,22.2604,23.6628,551,0,100.2860757,0.119696927,1689.9519075918688,2821.937260748133,329.33730494170055,3.903788906537217,7.5627918588049985,0.8101697701565834,12.276750535498799,,1337814.0,4140.0,39456.0,5356.0,105628.0,370889.0,129547.0
Batticaloa,Eastern,2016,January,0.737042267,0.72118236,Healthy,102.0467867,,,,551000,20.4168,30.1411,402,0,72.97153734,0.053118499,,,,,,,,,986656.0,2685.0,26887.0,5271.0,45172.0,340129.0,56945.0
Batticaloa,Eastern,2016,February,0.665473963,0.669240733,Healthy,99.46301667,,,,551830,25.3891,33.987,379,0,68.81390507,0.050092015,,,,,,,,,986656.0,2685.0,26887.0,5271.0,45172.0,340129.0,56945.0
Batticaloa,Eastern,2016,March,0.60350284,0.627042573,Degraded,96.509598,317.5,297.2,16.1,552670,21.0364,33.2572,402,0,72.75103963,0.052957991,,,,,,,,,986656.0,2685.0,26887.0,5271.0,45172.0,340129.0,56945.0
Batticaloa,Eastern,2016,April,0.57111582,0.60768549,Degraded,94.439792,317.5,298.2,23.6,553500,20.3321,35.5698,357,0,64.57061861,0.04700318,,,,,,,,,986656.0,2685.0,26887.0,5271.0,45172.0,340129.0,56945.0
Batticaloa,Eastern,2016,May,0.601961367,0.609719333,Degraded,98.82157667,318.0,291.4,10.6,554330,22.2054,34.5417,335,0,60.44431577,0.043999502,,,,,,,,,986656.0,2685.0,26887.0,5271.0,45172.0,340129.0,56945.0
Batticaloa,Eastern,2016,June,0.623558117,0.597156433,Degraded,104.088445,,,,555170,19.4855,29.1354,379,0,68.39990856,0.049790652,,,,,,,,,986656.0,2685.0,26887.0,5271.0,45172.0,340129.0,56945.0
Batticaloa,Eastern,2016,July,0.593487777,0.553775297,Degraded,106.5857,324.6666667,302.5333333,8.233333333,556000,15.6009,29.572,424,0,76.33283617,0.055565304,,,,,,,,,986656.0,2685.0,26887.0,5271.0,45172.0,340129.0,56945.0
Batticaloa,Eastern,2016,August,0.555610983,0.529086387,Degraded,104.5770467,328.22,301.22,15.01,556830,12.2694,29.016,469,0,84.24211444,0.06132274,,,,,,,,,986656.0,2685.0,26887.0,5271.0,45172.0,340129.0,56945.0
Batticaloa,Eastern,2016,September,0.515960167,0.539749457,Degraded,95.99553333,332.2333333,310.2833333,12.48333333,557670,15.0585,26.1404,536,0,96.13168379,0.069977568,,,,,,,,,986656.0,2685.0,26887.0,5271.0,45172.0,340129.0,56945.0
Batticaloa,Eastern,2016,October,0.527121147,0.58577872,Degraded,90.772345,340.15,307.2,29.6,558500,17.6104,35.6827,580,0,103.9878886,0.07569637,,,,,,,,,986656.0,2685.0,26887.0,5271.0,45172.0,340129.0,56945.0
Batticaloa,Eastern,2016,November,0.631195097,0.668409343,Healthy,94.771418,,,,559330,19.2373,28.2522,625,0,111.8207774,0.0813982,,,,,,,,,986656.0,2685.0,26887.0,5271.0,45172.0,340129.0,56945.0
Batticaloa,Eastern,2016,December,0.713133333,0.728719153,Healthy,97.992558,,,,560170,19.396,30.7497,603,0,107.6654866,0.078373421,,,,,,,,,986656.0,2685.0,26887.0,5271.0,45172.0,340129.0,56945.0
Batticaloa,Eastern,2017,January,0.72573495,0.72118236,Healthy,100.6001267,,,,561000,19.5537,28.7151,406,0,72.45337159,0.117386201,,,,,,,,,903306.0,3331.0,16742.0,8689.0,39182.0,344380.0,23537.0
Batticaloa,Eastern,2017,February,0.6821146,0.669240733,Healthy,101.7874167,,,,561750,21.3446,29.765,383,0,68.33682489,0.110716728,,,,,,,,,903306.0,3331.0,16742.0,8689.0,39182.0,344380.0,23537.0
Batticaloa,Eastern,2017,March,0.626211367,0.627042573,Degraded,99.86503333,310.9,293.5,22.1,562500,18.7857,32.1171,406,0,72.2601626,0.117073171,,,,,,,,,903306.0,3331.0,16742.0,8689.0,39182.0,344380.0,23537.0
Batticaloa,Eastern,2017,April,0.58209631,0.60768549,Degraded,96.10734,,,,563250,17.1947,30.6359,361,0,64.14572801,0.103926472,,,,,,,,,903306.0,3331.0,16742.0,8689.0,39182.0,344380.0,23537.0
Batticaloa,Eastern,2017,May,0.576636167,0.609719333,Degraded,94.98482467,313.4,290.5,46.0,564000,17.9746,28.6334,338,0,60.0566511,0.097301505,,,,,,,,,903306.0,3331.0,16742.0,8689.0,39182.0,344380.0,23537.0
Batticaloa,Eastern,2017,June,0.584108523,0.597156433,Degraded,97.99695833,322.7,301.7,10.1,564750,15.9126,24.91,383,0,67.97381387,0.110128591,,,,,,,,,903306.0,3331.0,16742.0,8689.0,39182.0,344380.0,23537.0
Batticaloa,Eastern,2017,July,0.574576833,0.553775297,Degraded,103.478465,329.975,303.1,19.175,565500,13.3542,22.0202,429,0,75.86997621,0.122921654,,,,,,,,,903306.0,3331.0,16742.0,8689.0,39182.0,344380.0,23537.0
Batticaloa,Eastern,2017,August,0.5884089,0.529086387,Degraded,110.2484153,326.1333333,300.7,12.3,566250,11.3452,20.7088,474,0,83.74522156,0.135680827,,,,,,,,,903306.0,3331.0,16742.0,8689.0,39182.0,344380.0,23537.0
Batticaloa,Eastern,2017,September,0.611601607,0.539749457,Degraded,112.193418,,,,567000,14.6082,24.504,541,0,95.58222566,0.154858691,,,,,,,,,903306.0,3331.0,16742.0,8689.0,39182.0,344380.0,23537.0
Batticaloa,Eastern,2017,October,0.633552033,0.58577872,Degraded,107.5537587,314.9,294.2,34.75,567750,16.4819,26.9276,587,0,103.4106246,0.167541966,,,,,,,,,903306.0,3331.0,16742.0,8689.0,39182.0,344380.0,23537.0
Batticaloa,Eastern,2017,November,0.6989902,0.668409343,Healthy,104.27102,,,,568500,19.6536,30.8905,632,1,111.2183681,0.180191776,,,,,,,,,903306.0,3331.0,16742.0,8689.0,39182.0,344380.0,23537.0
Batticaloa,Eastern,2017,December,0.749331297,0.728719153,Healthy,102.653805,,,,569250,24.9119,33.4127,609,0,107.1049841,0.173527427,,,,,,,,,903306.0,3331.0,16742.0,8689.0,39182.0,344380.0,23537.0
Batticaloa,Eastern,2018,January,0.70740037,0.72118236,Healthy,98.19044167,,,,570000,20.4161,30.0736,541,1,94.96790757,0.243902439,,,,,,,,,961598.0,2957.0,16931.0,7055.0,80776.0,339763.0,20063.0
Batticaloa,Eastern,2018,February,0.628717467,0.669240733,Healthy,94.36003533,320.8,302.1666667,9.566666667,570420,22.552,31.8601,511,1,89.62587259,0.230182695,,,,,,,,,961598.0,2957.0,16931.0,7055.0,80776.0,339763.0,20063.0
Batticaloa,Eastern,2018,March,0.604351623,0.627042573,Degraded,96.66908733,,,,570830,19.4482,33.1673,541,1,94.82982204,0.243547799,,,,,,,,,961598.0,2957.0,16931.0,7055.0,80776.0,339763.0,20063.0
Batticaloa,Eastern,2018,April,0.629607327,0.60768549,Degraded,103.336444,,,,571250,17.8222,33.6164,481,1,84.2312003,0.216327765,,,,,,,,,961598.0,2957.0,16931.0,7055.0,80776.0,339763.0,20063.0
Batticaloa,Eastern,2018,May,0.66004876,0.609719333,Degraded,107.6279033,,,,571670,17.974,29.801,451,1,78.90873423,0.202658279,,,,,,,,,961598.0,2957.0,16931.0,7055.0,80776.0,339763.0,20063.0
Batticaloa,Eastern,2018,June,0.652282477,0.597156433,Degraded,108.5132967,313.4,291.6,30.75,572080,16.9979,26.6528,511,1,89.36580591,0.229514776,,,,,,,,,961598.0,2957.0,16931.0,7055.0,80776.0,339763.0,20063.0
Batticaloa,Eastern,2018,July,0.587156907,0.553775297,Degraded,105.497602,322.52,297.07,12.18,572500,13.8458,23.7593,571,1,99.80615614,0.256328327,,,,,,,,,961598.0,2957.0,16931.0,7055.0,80776.0,339763.0,20063.0
Batticaloa,Eastern,2018,August,0.528873567,0.529086387,Degraded,99.960875,324.9916667,296.85,18.25833333,572920,11.755,22.0737,631,1,110.231199,0.283102566,,,,,,,,,961598.0,2957.0,16931.0,7055.0,80776.0,339763.0,20063.0
Batticaloa,Eastern,2018,September,0.537859747,0.539749457,Degraded,99.67258667,319.25,296.475,16.3,573330,15.0161,26.5707,721,1,125.8884233,0.323314415,,,,,,,,,961598.0,2957.0,16931.0,7055.0,80776.0,339763.0,20063.0
Batticaloa,Eastern,2018,October,0.595826037,0.58577872,Degraded,101.5762067,312.4,288.0,17.6,573750,17.289,27.7198,781,2,136.2792922,0.350000886,,,,,,,,,961598.0,2957.0,16931.0,7055.0,80776.0,339763.0,20063.0
Batticaloa,Eastern,2018,November,0.680597953,0.668409343,Healthy,101.69607,,,,574170,20.041,31.9879,842,2,146.6549594,0.376648314,,,,,,,,,961598.0,2957.0,16931.0,7055.0,80776.0,339763.0,20063.0
Batticaloa,Eastern,2018,December,0.73917884,0.728719153,Healthy,101.3453717,,,,574580,25.1357,34.5162,811,2,141.3163719,0.362937424,,,,,,,,,961598.0,2957.0,16931.0,7055.0,80776.0,339763.0,20063.0
Batticaloa,Eastern,2019,January,0.71714429,0.72118236,Healthy,99.46515333,,,,575000,21.9272,31.1056,515,2,89.57370095,0.35630965,2380.83908487794,2848.4654606141557,521.32425920495,5.499738286068041,7.6338874344459375,1.2824576776441767,14.416083398158156,,734606.0,1613.0,13459.0,3738.0,38232.0,284301.0,15490.0
Batticaloa,Eastern,2019,February,0.6492959,0.669240733,Healthy,97.216535,,,,575330,22.7608,32.8145,486,1,84.54886054,0.33632165,2380.83908487794,2848.4654606141557,521.32425920495,5.499738286068041,7.6338874344459375,1.2824576776441767,14.416083398158156,,734606.0,1613.0,13459.0,3738.0,38232.0,284301.0,15490.0
Batticaloa,Eastern,2019,March,0.589601983,0.627042573,Degraded,94.45680867,,,,575670,20.3603,34.5203,515,2,89.4694496,0.355894955,2380.83908487794,2848.4654606141557,521.32425920495,5.499738286068041,7.6338874344459375,1.2824576776441767,14.416083398158156,,734606.0,1613.0,13459.0,3738.0,38232.0,284301.0,15490.0
Batticaloa,Eastern,2019,April,0.55446381,0.60768549,Degraded,91.90719533,321.25,301.7,17.7,576000,17.8314,34.69,457,1,79.4828365,0.316169828,2380.83908487794,2848.4654606141557,521.32425920495,5.499738286068041,7.6338874344459375,1.2824576776441767,14.416083398158156,,734606.0,1613.0,13459.0,3738.0,38232.0,284301.0,15490.0
Batticaloa,Eastern,2019,May,0.558699157,0.609719333,Degraded,92.26596,320.2,298.3,20.03333333,576330,19.5647,30.178,429,1,74.47249268,0.296239494,2380.83908487794,2848.4654606141557,521.32425920495,5.499738286068041,7.6338874344459375,1.2824576776441767,14.416083398158156,,734606.0,1613.0,13459.0,3738.0,38232.0,284301.0,15490.0
Batticaloa,Eastern,2019,June,0.559702023,0.597156433,Degraded,94.21744667,320.08,291.64,12.62,576670,17.5564,27.2632,486,1,84.35239554,0.335540144,2380.83908487794,2848.4654606141557,521.32425920495,5.499738286068041,7.6338874344459375,1.2824576776441767,14.416083398158156,,734606.0,1613.0,13459.0,3738.0,38232.0,284301.0,15490.0
Batticaloa,Eastern,2019,July,0.533733703,0.553775297,Degraded,96.69858,324.2166667,295.2166667,10.51666667,577000,13.6769,24.2986,543,2,94.22228798,0.374800975,2380.83908487794,2848.4654606141557,521.32425920495,5.499738286068041,7.6338874344459375,1.2824576776441767,14.416083398158156,,734606.0,1613.0,13459.0,3738.0,38232.0,284301.0,15490.0
Batticaloa,Eastern,2019,August,0.532008513,0.529086387,Degraded,100.5072587,330.1666667,301.2111111,22.78888889,577330,12.4562,22.833,600,2,104.0808972,0.414016923,2380.83908487794,2848.4654606141557,521.32425920495,5.499738286068041,7.6338874344459375,1.2824576776441767,14.416083398158156,,734606.0,1613.0,13459.0,3738.0,38232.0,284301.0,15490.0
Batticaloa,Eastern,2019,September,0.571859733,0.539749457,Degraded,105.4296697,,,,577670,15.77,27.0662,686,2,118.8795865,0.472883708,2380.83908487794,2848.4654606141557,521.32425920495,5.499738286068041,7.6338874344459375,1.2824576776441767,14.416083398158156,,734606.0,1613.0,13459.0,3738.0,38232.0,284301.0,15490.0
Batticaloa,Eastern,2019,October,0.629491423,0.58577872,Degraded,106.8946467,,,,578000,17.6755,28.359,743,2,128.7126902,0.5119982,2380.83908487794,2848.4654606141557,521.32425920495,5.499738286068041,7.6338874344459375,1.2824576776441767,14.416083398158156,,734606.0,1613.0,13459.0,3738.0,38232.0,284301.0,15490.0
Batticaloa,Eastern,2019,November,0.690861767,0.668409343,Healthy,103.15695,,,,578330,20.4897,31.6644,801,3,138.5345723,0.551068053,2380.83908487794,2848.4654606141557,521.32425920495,5.499738286068041,7.6338874344459375,1.2824576776441767,14.416083398158156,,734606.0,1613.0,13459.0,3738.0,38232.0,284301.0,15490.0
Batticaloa,Eastern,2019,December,0.734679643,0.728719153,Healthy,100.7706313,,,,578670,25.9227,35.7851,772,3,133.5084194,0.531074832,2380.83908487794,2848.4654606141557,521.32425920495,5.499738286068041,7.6338874344459375,1.2824576776441767,14.416083398158156,,734606.0,1613.0,13459.0,3738.0,38232.0,284301.0,15490.0
Batticaloa,Eastern,2020,January,0.702482497,0.72118236,Healthy,97.55786133,,,,579000,16.1807,23.5506,308,0,53.21622646,0.06318716,66.77066903368794,72.4838654222715,14.247892066947546,0.1542402454678191,0.1942567593316876,0.0350498144846909,0.3835468192841977,75.84417907649035,405256.0,578.0,9532.0,3000.0,21021.0,151634.0,7150.0
Batticaloa,Eastern,2020,February,0.617705283,0.669240733,Healthy,92.80867,321.5,299.3,18.9,579920,17.7486,25.0412,291,0,50.18003605,0.05958209,60.22452501077733,65.37760410636251,12.851039903521311,0.1391186527748956,0.1752119790050515,0.0316135581626624,0.3459441899426096,68.40847524546189,405256.0,578.0,9532.0,3000.0,21021.0,151634.0,7150.0
Batticaloa,Eastern,2020,March,0.552737777,0.627042573,Degraded,89.01656667,,,,580830,15.6793,26.8541,308,0,53.04856003,0.062988079,246.13501526143784,267.19542547817724,52.52164134482624,0.5685718852539214,0.716083740281515,0.1292032377082725,1.413858863243709,279.5824640466703,405256.0,578.0,9532.0,3000.0,21021.0,151634.0,7150.0
Batticaloa,Eastern,2020,April,0.5425772,0.60768549,Degraded,90.10270333,,,,581750,14.0223,25.9413,273,0,47.07970414,0.05590086,2024.722346286243,2197.9666250106443,432.0463741477329,4.6771086199212215,5.890550555028526,1.062834080403423,11.630493255353173,2299.8631949371047,405256.0,578.0,9532.0,3000.0,21021.0,151634.0,7150.0
Batticaloa,Eastern,2020,May,0.590687,0.609719333,Degraded,97.11225333,321.1,300.92,12.86,582670,14.1468,23.7308,256,0,44.06753268,0.052324309,2949.692496723508,3202.0813489485818,629.4215848398592,6.813789667431304,8.581578015182199,1.5483770987060537,16.94374478131956,3350.528146261426,405256.0,578.0,9532.0,3000.0,21021.0,151634.0,7150.0
Batticaloa,Eastern,2020,June,0.62369834,0.597156433,Degraded,104.120028,326.9,302.9,10.9,583580,12.9433,20.2714,291,0,49.86532524,0.059208413,3517.897797912145,3818.904831169479,750.6683526252557,8.126343913177056,10.234664947534204,1.8466441474581288,20.20765300816939,3995.947238794697,405256.0,578.0,9532.0,3000.0,21021.0,151634.0,7150.0
Batticaloa,Eastern,2020,July,0.614794277,0.553775297,Degraded,110.13168,312.5,287.6,11.0,584500,10.6045,18.1908,325,0,55.64411247,0.066069951,3144.7675886062434,3413.8479361626687,671.0477793099608,7.264413129680422,9.149112468915952,1.6507775371025035,18.06430313569888,3572.112120426075,405256.0,578.0,9532.0,3000.0,21021.0,151634.0,7150.0
Batticaloa,Eastern,2020,August,0.58946342,0.529086387,Degraded,110.4240067,322.7,287.1,25.0,585420,9.3035,17.6849,359,0,61.40473673,0.072909922,2749.380489622444,2984.629752681767,586.6779086390164,6.351068931027846,7.998807737187135,1.4432276552519807,15.79310432346696,3122.995609031956,405256.0,578.0,9532.0,3000.0,21021.0,151634.0,7150.0
Batticaloa,Eastern,2020,September,0.56054227,0.539749457,Degraded,103.5551253,,,,586330,11.7008,21.046,410,0,70.06792562,0.083196302,2683.919049393338,2913.5671395226773,572.7093870047541,6.199853004098611,7.808359933920774,1.4088650920316954,15.417078030051082,3048.6385707216714,405256.0,578.0,9532.0,3000.0,21021.0,151634.0,7150.0
Batticaloa,Eastern,2020,October,0.557545933,0.58577872,Degraded,95.59435,,,,587250,13.6488,22.3734,445,0,75.78800181,0.089988128,2651.188329278785,2878.0358329431324,565.725126187623,6.124245040633994,7.7131360322875935,1.3916838104215528,15.22906488334314,3011.460051566529,405256.0,578.0,9532.0,3000.0,21021.0,151634.0,7150.0
Batticaloa,Eastern,2020,November,0.646783317,0.668409343,Healthy,96.94132333,,,,588170,16.289,24.6441,479,0,81.49018362,0.096758708,2552.996168935127,2771.441913204498,544.7723437362297,5.897421150240144,7.427464327388055,1.340139965591125,14.665025443219324,2899.9244941011016,405256.0,578.0,9532.0,3000.0,21021.0,151634.0,7150.0
Batticaloa,Eastern,2020,December,0.737885753,0.728719153,Healthy,101.1722147,,,,589080,19.7174,27.6221,462,0,78.45843125,0.093158907,2487.5347287060213,2700.3793000454084,530.8038221019674,5.746205223310909,7.237016524121694,1.3057774023708395,14.288999149803445,2825.567455790817,405256.0,578.0,9532.0,3000.0,21021.0,151634.0,7150.0
Batticaloa,Eastern,2021,January,0.721990233,0.72118236,Healthy,100.09315,,,,590000,17.5867,26.8101,183,0,31.09136007,0.148821827,72.26993251559252,85.86895790682416,15.175174233160885,0.1669435441110187,0.2301288071902887,0.0373309286135757,0.4344032799148833,76.14728088131885,33850.0,281.0,771.0,2593.0,3495.0,8011.0,2093.0
Batticaloa,Eastern,2021,February,0.64985568,0.669240733,Healthy,97.29433667,,,,590000,19.4015,27.5413,173,0,29.36406228,0.140553948,65.18464501406382,77.45043262184137,13.687412053439225,0.1505765299824874,0.2075671594265349,0.0336710336514604,0.3918147230604828,68.6818611870719,33850.0,281.0,771.0,2593.0,3495.0,8011.0,2093.0
Batticaloa,Eastern,2021,March,0.605921107,0.627042573,Degraded,96.88432467,321.7,303.5,15.0,590000,17.4005,29.2992,183,0,31.09136007,0.148821827,266.40681005747825,316.5365507153517,55.93985795753423,0.6153997312327748,0.8483179559171428,0.1376120505755342,1.6013297377254518,280.6997805036852,33850.0,281.0,771.0,2593.0,3495.0,8011.0,2093.0
Batticaloa,Eastern,2021,April,0.608844703,0.60768549,Degraded,100.178975,,,,590000,15.7423,28.2968,163,0,27.6367645,0.132286069,2191.47942422282,2603.849870645168,460.164842187908,5.062317469954714,6.97831765332905,1.1320055117822534,13.17264063506602,2309.0543114305806,33850.0,281.0,771.0,2593.0,3495.0,8011.0,2093.0
Batticaloa,Eastern,2021,May,0.645517843,0.609719333,Degraded,105.4249353,,,,590000,15.9656,27.2533,152,0,25.90946672,0.124018189,3192.630548188822,3793.387493413232,670.3856381825778,7.374976566316179,10.166278482347462,1.649148669929141,19.190403718592783,3363.918114227674,33850.0,281.0,771.0,2593.0,3495.0,8011.0,2093.0
Batticaloa,Eastern,2021,June,0.6435951,0.597156433,Degraded,107.1783267,324.65,302.2,18.85,590000,14.2927,21.7253,173,0,29.36406228,0.140553948,3807.63350332151,4524.115488149733,799.5233953824172,8.79563339267269,12.124629508241288,1.9668275526407464,22.887090453554723,4011.9165436883086,33850.0,281.0,771.0,2593.0,3495.0,8011.0,2093.0
Batticaloa,Eastern,2021,July,0.610322337,0.553775297,Degraded,109.376005,325.2,303.5,9.8,590000,12.2892,20.4288,193,0,32.81865785,0.157089706,3403.7721157343763,4044.259546905717,714.7209511382831,7.86271358734641,10.838615585707323,1.7582135398001764,20.45954271285391,3586.387621116233,33850.0,281.0,771.0,2593.0,3495.0,8011.0,2093.0
Batticaloa,Eastern,2021,August,0.582822343,0.529086387,Degraded,109.27822,319.6,290.9666667,11.0,590000,10.4645,19.0639,214,1,36.27325341,0.173625465,2975.820750642044,3535.7806196927586,624.860115483095,6.874145933983122,9.475892060776594,1.537155884088414,17.88719387884813,3135.4762715837173,33850.0,281.0,771.0,2593.0,3495.0,8011.0,2093.0
Batticaloa,Eastern,2021,September,0.567089033,0.539749457,Degraded,104.6521367,333.1,303.3,17.1,590000,12.9778,23.49,244,1,41.45514675,0.198429103,2904.967875626757,3451.5953668429306,609.9824936858785,6.710475792697809,9.250275583139056,1.5005569344672611,17.461308310304126,3060.822074641248,33850.0,281.0,771.0,2593.0,3495.0,8011.0,2093.0
Batticaloa,Eastern,2021,October,0.59609957,0.58577872,Degraded,101.6306933,,,,590000,16.1039,25.9412,264,1,44.90974232,0.214964862,2869.541438119114,3409.502740418017,602.5436827872702,6.628640722055153,9.137467344320289,1.4822574596566849,17.248365526032124,3023.494976170013,33850.0,281.0,771.0,2593.0,3495.0,8011.0,2093.0
Batticaloa,Eastern,2021,November,0.678632907,0.668409343,Healthy,101.42628,,,,590000,17.8875,27.3181,285,1,48.36433788,0.23150062,2763.2621255961844,3283.2248611432765,580.2272500914455,6.383135510127186,8.799042627863981,1.427359035224956,16.609537173216125,2911.513680756309,33850.0,281.0,771.0,2593.0,3495.0,8011.0,2093.0
Batticaloa,Eastern,2021,December,0.735723133,0.728719153,Healthy,100.9007163,,,,590000,22.5293,30.682,275,1,46.6370401,0.223232741,2692.4092505808976,3199.0396082934485,565.349628294229,6.219465368841873,8.573426150226444,1.3907600856038032,16.18365160467212,2836.85948381384,33850.0,281.0,771.0,2593.0,3495.0,8011.0,2093.0
Batticaloa,Eastern,2022,January,0.71856829,0.72118236,Healthy,99.65317667,,,,590000,18.8388,27.9765,370,2,62.71599835,0.34725093,62.79304641813561,77.18780710489811,8.208463001784155,0.1450519372258932,0.2068633230411269,0.020192818984389,0.3721080792514092,76.30415001171967,20511.0,404.0,760.0,940.0,1489.0,9060.0,36.0
Batticaloa,Eastern,2022,February,0.6636939,0.669240733,Healthy,99.23821667,,,,589330,19.8761,29.4475,349,1,59.29911589,0.328332063,56.63686539674975,69.62037503579042,7.403711727099432,0.1308311590664919,0.1865826050959183,0.0182131308486646,0.3356268950110749,68.82335099096284,20511.0,404.0,760.0,940.0,1489.0,9060.0,36.0
Batticaloa,Eastern,2022,March,0.641958917,0.627042573,Degraded,102.2153733,,,,588670,18.8123,32.1127,370,2,62.85769451,0.348035485,231.4724064041077,284.5354457984479,30.258647928145507,0.5347012587934888,0.7625549947398402,0.0744362739032379,1.3716925274365672,281.27804318045685,20511.0,404.0,760.0,940.0,1489.0,9060.0,36.0
Batticaloa,Eastern,2022,April,0.635863797,0.60768549,Degraded,104.2850267,317.9,298.95,17.45,588000,16.9325,30.8134,328,1,55.93717162,0.309717383,1904.1067899146412,2340.6067389749983,248.9095692599842,4.398486684702822,6.272826060452995,0.6123175403795612,11.28363028553538,2313.811137120088,20511.0,404.0,760.0,940.0,1489.0,9060.0,36.0
Batticaloa,Eastern,2022,May,0.632997147,0.609719333,Degraded,103.5290333,321.65,295.3,12.75,587330,16.4221,26.7505,308,1,52.50092087,0.290691276,2773.9751682364613,3409.8848903399103,362.6209243729353,6.4078826386262255,9.13849150611096,0.8920474739574209,16.43842161869461,3370.848038753028,20511.0,404.0,760.0,940.0,1489.0,9060.0,36.0
Batticaloa,Eastern,2022,June,0.616818667,0.597156433,Degraded,103.0402167,315.0,291.4,16.3,586670,15.1225,24.8588,349,1,59.56798194,0.329820742,3308.331680892752,4066.7379939384537,432.473335015569,7.642246182862256,10.898857823755057,1.0638844041382998,19.604988410755613,4020.18139375472,20511.0,404.0,760.0,940.0,1489.0,9060.0,36.0
Batticaloa,Eastern,2022,July,0.582558123,0.553775297,Degraded,104.77972,328.5,302.6285714,23.1,586000,12.8084,22.1998,390,2,66.65209911,0.369044646,2957.429362673759,3635.394365999318,386.60251235854,6.831661827776383,9.742856900878172,0.9510421804020084,17.525560909056566,3593.775849571581,20511.0,404.0,760.0,940.0,1489.0,9060.0,36.0
Batticaloa,Eastern,2022,August,0.570697567,0.529086387,Degraded,107.187045,,,,585330,11.3535,20.5054,431,2,73.752434,0.408358345,2585.596028982054,3178.3214690252157,337.9955353675828,5.972726826948545,8.517901536987576,0.8314690170042537,15.322097380940376,3141.935588717869,20511.0,404.0,760.0,940.0,1489.0,9060.0,36.0
Batticaloa,Eastern,2022,September,0.5847504,0.539749457,Degraded,107.6359847,,,,584670,13.9431,24.8355,493,2,84.38364439,0.467222077,2524.0342187681954,3102.647148334139,329.9480226207356,5.830519045354532,8.315094357535491,0.8116721356470095,14.957285538537034,3067.1275985103,20511.0,404.0,760.0,940.0,1489.0,9060.0,36.0
Batticaloa,Eastern,2022,October,0.618472753,0.58577872,Degraded,105.161605,,,,584000,16.2629,26.1437,534,2,91.52049226,0.506737944,2493.253313661266,3064.8099879886004,325.92426624731195,5.759415154557525,8.21369076780945,0.8017736949683875,14.774879617335362,3029.7236034065163,20511.0,404.0,760.0,940.0,1489.0,9060.0,36.0
Batticaloa,Eastern,2022,November,0.6958951,0.668409343,Healthy,103.8309317,,,,583330,18.4271,30.1493,575,3,98.67373458,0.546344585,2400.9105983404797,2951.298506951986,313.8529971270412,5.546103482166506,7.909479998631323,0.7720783729325214,14.227661853730352,2917.511618095164,20511.0,404.0,760.0,940.0,1489.0,9060.0,36.0
Batticaloa,Eastern,2022,December,0.753078817,0.728719153,Healthy,103.12988,,,,582670,23.6298,30.9532,555,3,95.25745025,0.52742903,2339.3487881266205,2875.624186260909,305.805484380194,5.403895700572494,7.706672819179237,0.7522814915752772,13.86285001132701,2842.703627887596,20511.0,404.0,760.0,940.0,1489.0,9060.0,36.0
Batticaloa,Eastern,2023,January,0.734164227,0.72118236,Healthy,101.6726447,,,,582000,20.4508,29.7844,396,2,68.1921046,0.352024139,,,,,,,,,27890.0,685.0,586.0,288.0,1816.0,20200.0,60.0
Batticaloa,Eastern,2023,February,0.665666223,0.669240733,Healthy,99.49836133,,,,581580,20.722,29.2742,374,1,64.45016477,0.33270734,,,,,,,,,27890.0,685.0,586.0,288.0,1816.0,20200.0,60.0
Batticaloa,Eastern,2023,March,0.62366259,0.627042573,Degraded,99.50259033,,,,581170,19.445,32.1503,396,2,68.2894934,0.352526883,,,,,,,,,27890.0,685.0,586.0,288.0,1816.0,20200.0,60.0
Batticaloa,Eastern,2023,April,0.617409333,0.60768549,Degraded,101.480415,,,,580750,17.5512,30.7263,352,1,60.7456716,0.31358385,,,,,,,,,27890.0,685.0,586.0,288.0,1816.0,20200.0,60.0
Batticaloa,Eastern,2023,May,0.649090607,0.609719333,Degraded,105.9665417,315.6,298.3,11.6,580330,17.0275,27.5,330,1,56.99028265,0.294197624,,,,,,,,,27890.0,685.0,586.0,288.0,1816.0,20200.0,60.0
Batticaloa,Eastern,2023,June,0.64625528,0.597156433,Degraded,107.5863,315.0,294.75,30.85,579920,16.0654,24.616,374,1,64.63465104,0.333659703,,,,,,,,,27890.0,685.0,586.0,288.0,1816.0,20200.0,60.0
Batticaloa,Eastern,2023,July,0.587760533,0.553775297,Degraded,105.5996947,318.6,299.9,38.7,579500,13.0364,22.3749,418,2,72.29108357,0.37318406,,,,,,,,,27890.0,685.0,586.0,288.0,1816.0,20200.0,60.0
Batticaloa,Eastern,2023,August,0.528044273,0.529086387,Degraded,99.81753467,324.9263158,294.3210526,20.2,579080,11.5305,21.5484,463,2,79.95862234,0.41276575,,,,,,,,,27890.0,685.0,586.0,288.0,1816.0,20200.0,60.0
Batticaloa,Eastern,2023,September,0.54905488,0.539749457,Degraded,101.5620267,326.4,301.8,13.63333333,578670,14.7622,25.337,529,2,91.44602826,0.472066518,,,,,,,,,27890.0,685.0,586.0,288.0,1816.0,20200.0,60.0
Batticaloa,Eastern,2023,October,0.618298347,0.58577872,Degraded,105.1003033,,,,578250,16.9766,27.0561,573,2,99.13848555,0.511776843,,,,,,,,,27890.0,685.0,586.0,288.0,1816.0,20200.0,60.0
Batticaloa,Eastern,2023,November,0.711232087,0.668409343,Healthy,105.9625633,,,,577830,20.0456,31.2565,617,3,106.8421255,0.551544896,,,,,,,,,27890.0,685.0,586.0,288.0,1816.0,20200.0,60.0
Batticaloa,Eastern,2023,December,0.756904853,0.728719153,Healthy,103.6321383,,,,577420,24.4979,32.7634,595,3,103.0994897,0.532224504,,,,,,,,,27890.0,685.0,586.0,288.0,1816.0,20200.0,60.0
Batticaloa,Eastern,2024,January,0.7119264,0.72118236,Healthy,98.78304333,,,,577000,20.8079,29.9314,373,1,64.69966606,0.304349664,,,,,,,,,74410.0,146.0,1027.0,715.0,1644.0,65289.0,94.0
Batticaloa,Eastern,2024,February,0.63750728,0.669240733,Healthy,95.576843,,,,577000,21.0,30.8518,352,1,61.10524017,0.287441349,,,,,,,,,74410.0,146.0,1027.0,715.0,1644.0,65289.0,94.0
Batticaloa,Eastern,2024,March,0.595795483,0.627042573,Degraded,95.39321067,,,,577000,18.8947,32.9729,373,1,64.69966606,0.304349664,,,,,,,,,74410.0,146.0,1027.0,715.0,1644.0,65289.0,94.0
Batticaloa,Eastern,2024,April,0.61077801,0.60768549,Degraded,100.4738533,,,,577000,17.6961,32.7069,331,1,57.51081428,0.270533035,,,,,,,,,74410.0,146.0,1027.0,715.0,1644.0,65289.0,94.0
Batticaloa,Eastern,2024,May,0.664312573,0.609719333,Degraded,108.2724733,,,,577000,18.2395,30.4848,311,1,53.91638838,0.25362472,,,,,,,,,74410.0,146.0,1027.0,715.0,1644.0,65289.0,94.0
Batticaloa,Eastern,2024,June,0.683504883,0.597156433,Degraded,113.34842,,,,577000,15.7447,24.1853,352,1,61.10524017,0.287441349,,,,,,,,,74410.0,146.0,1027.0,715.0,1644.0,65289.0,94.0
Batticaloa,Eastern,2024,July,0.639856467,0.553775297,Degraded,114.2539667,324.85,298.24,11.26,577000,13.4179,22.3659,394,1,68.29409195,0.321257979,,,,,,,,,74410.0,146.0,1027.0,715.0,1644.0,65289.0,94.0
Batticaloa,Eastern,2024,August,0.60722802,0.529086387,Degraded,113.4934847,323.49,296.32,18.45,577000,12.1736,21.6735,435,2,75.48294374,0.355074608,,,,,,,,,74410.0,146.0,1027.0,715.0,1644.0,65289.0,94.0
Batticaloa,Eastern,2024,September,0.593474347,0.539749457,Degraded,109.1304347,320.2,301.9,6.9,577000,14.8547,25.9658,497,2,86.26622141,0.405799552,,,,,,,,,74410.0,146.0,1027.0,715.0,1644.0,65289.0,94.0
Batticaloa,Eastern,2024,October,0.6102321,0.58577872,Degraded,103.8767247,,,,577000,17.7028,27.0547,539,2,93.4550732,0.439616181,,,,,,,,,74410.0,146.0,1027.0,715.0,1644.0,65289.0,94.0
Batticaloa,Eastern,2024,November,0.68312518,0.668409343,Healthy,102.0493333,,,,577000,19.0949,31.859,580,2,100.643925,0.473432811,,,,,,,,,74410.0,146.0,1027.0,715.0,1644.0,65289.0,94.0
Batticaloa,Eastern,2024,December,0.747597933,0.728719153,Healthy,102.4244003,,,,577000,24.1803,34.2335,559,2,97.04949909,0.456524496,,,,,,,,,74410.0,146.0,1027.0,715.0,1644.0,65289.0,94.0
Colombo,Western,2014,January,0.651098533,0.672061403,Healthy,97.09382,,,,2353000,54.1875,26.2664,1147,18,48.7473179,0.764980875,,,,,,,,,859112.0,3851.0,20799.0,3851.0,38780.0,272885.0,79038.0
Colombo,Western,2014,February,0.626963767,0.654409933,Healthy,96.103134,326.2,303.5,23.3,2354170,50.5,27.1119,1083,17,46.01625256,0.722122871,,,,,,,,,859112.0,3851.0,20799.0,3851.0,38780.0,272885.0,79038.0
Colombo,Western,2014,March,0.630656497,0.657734513,Healthy,96.17270833,,,,2355330,41.4375,25.6118,1147,18,48.69909483,0.764224121,,,,,,,,,859112.0,3851.0,20799.0,3851.0,38780.0,272885.0,79038.0
Colombo,Western,2014,April,0.6600536,0.67725397,Healthy,97.63123167,317.0,298.6,6.9,2356500,31.1875,23.1696,1019,16,43.2665918,0.678973053,,,,,,,,,859112.0,3851.0,20799.0,3851.0,38780.0,272885.0,79038.0
Colombo,Western,2014,May,0.68307822,0.695526517,Healthy,98.33097333,,,,2357670,28.0625,22.3199,955,15,40.5423006,0.636221354,,,,,,,,,859112.0,3851.0,20799.0,3851.0,38780.0,272885.0,79038.0
Colombo,Western,2014,June,0.683075347,0.704092183,Healthy,97.21317333,,,,2358830,25.1875,19.7881,1083,17,45.9253449,0.720696277,,,,,,,,,859112.0,3851.0,20799.0,3851.0,38780.0,272885.0,79038.0
Colombo,Western,2014,July,0.675807213,0.704232777,Healthy,96.23159667,,,,2360000,24.875,18.7622,1210,19,51.30287998,0.805084746,,,,,,,,,859112.0,3851.0,20799.0,3851.0,38780.0,272885.0,79038.0
Colombo,Western,2014,August,0.681756503,0.697732053,Healthy,97.864508,,,,2361170,24.5625,19.6841,1338,21,56.67508574,0.889389582,,,,,,,,,859112.0,3851.0,20799.0,3851.0,38780.0,272885.0,79038.0
Colombo,Western,2014,September,0.693005777,0.696139283,Healthy,99.579892,,,,2362330,27.375,23.5736,1529,24,64.73972111,1.015946121,,,,,,,,,859112.0,3851.0,20799.0,3851.0,38780.0,272885.0,79038.0
Colombo,Western,2014,October,0.698807223,0.69933169,Healthy,99.92997467,,,,2363500,22.5,21.1931,1656,26,70.09997919,1.100063465,,,,,,,,,859112.0,3851.0,20799.0,3851.0,38780.0,272885.0,79038.0
Colombo,Western,2014,November,0.70316375,0.6999362,Healthy,100.4305517,,,,2364670,43.375,21.1757,1784,28,75.45493293,1.18409757,,,,,,,,,859112.0,3851.0,20799.0,3851.0,38780.0,272885.0,79038.0
Colombo,Western,2014,December,0.700062313,0.693117947,Healthy,100.9345267,,,,2365830,49.5625,27.7445,1720,27,72.72443858,1.141248526,,,,,,,,,859112.0,3851.0,20799.0,3851.0,38780.0,272885.0,79038.0
Colombo,Western,2015,January,0.67505216,0.672061403,Healthy,100.412083,,,,2367000,36.875,31.4021,1037,16,43.84988717,0.701721846,9015.178141266226,28039.66119616662,447.6009229628735,20.82506150632498,75.14629200572655,1.1010982704886687,97.0724517825402,,1337814.0,4140.0,39456.0,5356.0,105628.0,370889.0,129547.0
Colombo,Western,2015,February,0.653928953,0.654409933,Healthy,99.93167333,321.7,298.9,9.7,2368670,36.9375,30.9037,980,15,41.38458408,0.662270045,9015.178141266226,28039.66119616662,447.6009229628735,20.82506150632498,75.14629200572655,1.1010982704886687,97.0724517825402,,1337814.0,4140.0,39456.0,5356.0,105628.0,370889.0,129547.0
Colombo,Western,2015,March,0.659315927,0.657734513,Healthy,100.222617,,,,2370330,39.625,29.4105,1037,16,43.78828388,0.70073602,9015.178141266226,28039.66119616662,447.6009229628735,20.82506150632498,75.14629200572655,1.1010982704886687,97.0724517825402,,1337814.0,4140.0,39456.0,5356.0,105628.0,370889.0,129547.0
Colombo,Western,2015,April,0.683304317,0.67725397,Healthy,100.83085,,,,2372000,29.375,26.7491,922,14,38.89551543,0.622437928,9015.178141266226,28039.66119616662,447.6009229628735,20.82506150632498,75.14629200572655,1.1010982704886687,97.0724517825402,,1337814.0,4140.0,39456.0,5356.0,105628.0,370889.0,129547.0
Colombo,Western,2015,May,0.701437667,0.695526517,Healthy,100.7937387,,,,2373670,30.875,26.3592,864,13,36.43889102,0.58312501,9015.178141266226,28039.66119616662,447.6009229628735,20.82506150632498,75.14629200572655,1.1010982704886687,97.0724517825402,,1337814.0,4140.0,39456.0,5356.0,105628.0,370889.0,129547.0
Colombo,Western,2015,June,0.705855057,0.704092183,Healthy,100.23383,,,,2375330,27.5,23.5769,980,15,41.26854911,0.660413158,9015.178141266226,28039.66119616662,447.6009229628735,20.82506150632498,75.14629200572655,1.1010982704886687,97.0724517825402,,1337814.0,4140.0,39456.0,5356.0,105628.0,370889.0,129547.0
Colombo,Western,2015,July,0.70558838,0.704232777,Healthy,100.1803843,,,,2377000,25.8438,22.3605,1095,17,46.0912676,0.737590253,9015.178141266226,28039.66119616662,447.6009229628735,20.82506150632498,75.14629200572655,1.1010982704886687,97.0724517825402,,1337814.0,4140.0,39456.0,5356.0,105628.0,370889.0,129547.0
Colombo,Western,2015,August,0.7105536,0.697732053,Healthy,101.71564,,,,2378670,24.1875,22.5837,1210,19,50.90721429,0.814658981,9015.178141266226,28039.66119616662,447.6009229628735,20.82506150632498,75.14629200572655,1.1010982704886687,97.0724517825402,,1337814.0,4140.0,39456.0,5356.0,105628.0,370889.0,129547.0
Colombo,Western,2015,September,0.721975347,0.696139283,Healthy,103.4624447,,,,2380330,30.75,27.6852,1383,22,58.1391,0.930389545,9015.178141266226,28039.66119616662,447.6009229628735,20.82506150632498,75.14629200572655,1.1010982704886687,97.0724517825402,,1337814.0,4140.0,39456.0,5356.0,105628.0,370889.0,129547.0
Colombo,Western,2015,October,0.72425072,0.69933169,Healthy,103.3259783,,,,2382000,33.25,24.3177,1499,23,62.93986743,1.007215362,9015.178141266226,28039.66119616662,447.6009229628735,20.82506150632498,75.14629200572655,1.1010982704886687,97.0724517825402,,1337814.0,4140.0,39456.0,5356.0,105628.0,370889.0,129547.0
Colombo,Western,2015,November,0.7130971,0.6999362,Healthy,101.7546547,,,,2383670,39.9375,25.1338,1614,25,67.73390803,1.08393353,9015.178141266226,28039.66119616662,447.6009229628735,20.82506150632498,75.14629200572655,1.1010982704886687,97.0724517825402,,1337814.0,4140.0,39456.0,5356.0,105628.0,370889.0,129547.0
Colombo,Western,2015,December,0.700584047,0.693117947,Healthy,101.004352,,,,2385330,45.4375,31.7979,1556,24,65.26938595,1.044494227,9015.178141266226,28039.66119616662,447.6009229628735,20.82506150632498,75.14629200572655,1.1010982704886687,97.0724517825402,,1337814.0,4140.0,39456.0,5356.0,105628.0,370889.0,129547.0
Colombo,Western,2016,January,0.679256497,0.672061403,Healthy,100.9967913,317.55,299.6,7.0,2387000,51.25,36.6643,1053,14,44.13234287,0.616142316,,,,,,,,,986656.0,2685.0,26887.0,5271.0,45172.0,340129.0,56945.0
Colombo,Western,2016,February,0.662702887,0.654409933,Healthy,101.1773747,,,,2388670,47.875,37.4756,994,13,41.65140577,0.581505352,,,,,,,,,986656.0,2685.0,26887.0,5271.0,45172.0,340129.0,56945.0
Colombo,Western,2016,March,0.661714487,0.657734513,Healthy,100.5643433,,,,2390330,43.9375,34.8821,1053,14,44.07086153,0.61528396,,,,,,,,,986656.0,2685.0,26887.0,5271.0,45172.0,340129.0,56945.0
Colombo,Western,2016,April,0.674986937,0.67725397,Healthy,99.68832367,,,,2392000,37.0,32.1276,936,13,39.14674933,0.546537238,,,,,,,,,986656.0,2685.0,26887.0,5271.0,45172.0,340129.0,56945.0
Colombo,Western,2016,May,0.696936233,0.695526517,Healthy,100.188382,,,,2393670,34.375,31.6034,877,12,36.67447282,0.512021188,,,,,,,,,986656.0,2685.0,26887.0,5271.0,45172.0,340129.0,56945.0
Colombo,Western,2016,June,0.699998563,0.704092183,Healthy,99.45741,,,,2395330,31.1875,27.4089,994,13,41.53559777,0.579888529,,,,,,,,,986656.0,2685.0,26887.0,5271.0,45172.0,340129.0,56945.0
Colombo,Western,2016,July,0.684626083,0.704232777,Healthy,97.39996133,,,,2397000,30.7188,26.688,1111,15,46.38979619,0.647659167,,,,,,,,,986656.0,2685.0,26887.0,5271.0,45172.0,340129.0,56945.0
Colombo,Western,2016,August,0.676537667,0.697732053,Healthy,97.16546333,,,,2398670,30.25,26.6355,1229,17,51.23723543,0.715335439,,,,,,,,,986656.0,2685.0,26887.0,5271.0,45172.0,340129.0,56945.0
Colombo,Western,2016,September,0.669284083,0.696139283,Healthy,96.401021,,,,2400330,31.9375,32.0976,1404,19,58.51634425,0.816960839,,,,,,,,,986656.0,2685.0,26887.0,5271.0,45172.0,340129.0,56945.0
Colombo,Western,2016,October,0.663705803,0.69933169,Healthy,95.24582667,,,,2402000,39.625,29.7677,1521,21,63.34863224,0.88442558,,,,,,,,,986656.0,2685.0,26887.0,5271.0,45172.0,340129.0,56945.0
Colombo,Western,2016,November,0.66130867,0.6999362,Healthy,94.84910833,,,,2403670,38.0625,30.5974,1638,22,68.17420556,0.951796577,,,,,,,,,986656.0,2685.0,26887.0,5271.0,45172.0,340129.0,56945.0
Colombo,Western,2016,December,0.65344492,0.693117947,Healthy,94.66181967,,,,2405330,46.125,38.3563,1580,22,65.6940435,0.917170434,,,,,,,,,986656.0,2685.0,26887.0,5271.0,45172.0,340129.0,56945.0
Colombo,Western,2017,January,0.644443467,0.672061403,Healthy,96.18110933,,,,2407000,51.2415,58.8355,1265,17,52.56315421,0.732619291,,,,,,,,,903306.0,3331.0,16742.0,8689.0,39182.0,344380.0,23537.0
Colombo,Western,2017,February,0.64336518,0.654409933,Healthy,98.433595,,,,2409670,48.3789,58.7154,1194,16,49.5879728,0.69115155,,,,,,,,,903306.0,3331.0,16742.0,8689.0,39182.0,344380.0,23537.0
Colombo,Western,2017,March,0.653439117,0.657734513,Healthy,99.39304667,,,,2412330,45.8802,57.0885,1265,17,52.44701687,0.731000582,,,,,,,,,903306.0,3331.0,16742.0,8689.0,39182.0,344380.0,23537.0
Colombo,Western,2017,April,0.668062303,0.67725397,Healthy,98.73829,,,,2415000,35.3455,51.6489,1124,15,46.56802841,0.649059907,,,,,,,,,903306.0,3331.0,16742.0,8689.0,39182.0,344380.0,23537.0
Colombo,Western,2017,May,0.684176817,0.695526517,Healthy,98.47697133,,,,2417670,33.4621,50.8123,1054,14,43.60931261,0.607821661,,,,,,,,,903306.0,3331.0,16742.0,8689.0,39182.0,344380.0,23537.0
Colombo,Western,2017,June,0.695421723,0.704092183,Healthy,98.85018,,,,2420330,30.5194,44.7743,1194,16,49.36956961,0.688107471,,,,,,,,,903306.0,3331.0,16742.0,8689.0,39182.0,344380.0,23537.0
Colombo,Western,2017,July,0.691391297,0.704232777,Healthy,98.29712167,,,,2423000,29.0554,42.3335,1335,18,55.11695171,0.768213832,,,,,,,,,903306.0,3331.0,16742.0,8689.0,39182.0,344380.0,23537.0
Colombo,Western,2017,August,0.683613,0.697732053,Healthy,98.11187333,,,,2425670,29.1581,43.6871,1476,20,60.85168121,0.848143842,,,,,,,,,903306.0,3331.0,16742.0,8689.0,39182.0,344380.0,23537.0
Colombo,Western,2017,September,0.68797533,0.696139283,Healthy,98.90567533,,,,2428330,32.534,51.1062,1686,23,69.46859897,0.968245466,,,,,,,,,903306.0,3331.0,16742.0,8689.0,39182.0,344380.0,23537.0
Colombo,Western,2017,October,0.693568097,0.69933169,Healthy,99.23103667,,,,2431000,34.8448,46.2666,1827,25,75.17499239,1.047780531,,,,,,,,,903306.0,3331.0,16742.0,8689.0,39182.0,344380.0,23537.0
Colombo,Western,2017,November,0.68603622,0.6999362,Healthy,98.14622667,,,,2433670,44.0644,46.9112,1968,27,80.86886475,1.127141079,,,,,,,,,903306.0,3331.0,16742.0,8689.0,39182.0,344380.0,23537.0
Colombo,Western,2017,December,0.670113013,0.693117947,Healthy,96.90288733,,,,2436330,51.5853,60.5395,1897,26,77.89555122,1.085699372,,,,,,,,,903306.0,3331.0,16742.0,8689.0,39182.0,344380.0,23537.0
Colombo,Western,2018,January,0.64626812,0.672061403,Healthy,96.42892,,,,2439000,53.8327,62.6037,1288,19,52.81552816,0.79800798,,,,,,,,,961598.0,2957.0,16931.0,7055.0,80776.0,339763.0,20063.0
Colombo,Western,2018,February,0.63632462,0.654409933,Healthy,97.43357167,321.1,304.8,10.9,2439750,50.6778,62.8227,1216,18,49.8659982,0.753442518,,,,,,,,,961598.0,2957.0,16931.0,7055.0,80776.0,339763.0,20063.0
Colombo,Western,2018,March,0.6481478,0.657734513,Healthy,98.64351333,,,,2440500,48.7745,59.5622,1288,19,52.78306624,0.797517502,,,,,,,,,961598.0,2957.0,16931.0,7055.0,80776.0,339763.0,20063.0
Colombo,Western,2018,April,0.67557822,0.67725397,Healthy,99.76801833,,,,2441250,37.7798,54.2082,1145,17,46.90386689,0.708686657,,,,,,,,,961598.0,2957.0,16931.0,7055.0,80776.0,339763.0,20063.0
Colombo,Western,2018,May,0.694943467,0.695526517,Healthy,99.92225,,,,2442000,35.2317,52.3501,1073,16,43.95887018,0.664189689,,,,,,,,,961598.0,2957.0,16931.0,7055.0,80776.0,339763.0,20063.0
Colombo,Western,2018,June,0.700176787,0.704092183,Healthy,99.48086533,,,,2442750,32.2885,46.0675,1216,18,49.80475657,0.752517197,,,,,,,,,961598.0,2957.0,16931.0,7055.0,80776.0,339763.0,20063.0
Colombo,Western,2018,July,0.688185483,0.704232777,Healthy,97.87131,,,,2443500,31.367,44.8553,1359,20,55.64705432,0.840790483,,,,,,,,,961598.0,2957.0,16931.0,7055.0,80776.0,339763.0,20063.0
Colombo,Western,2018,August,0.66811012,0.697732053,Healthy,96.037568,,,,2444250,30.3446,45.8489,1502,22,61.48576674,0.929009597,,,,,,,,,961598.0,2957.0,16931.0,7055.0,80776.0,339763.0,20063.0
Colombo,Western,2018,September,0.661717367,0.696139283,Healthy,95.38648,,,,2445000,34.4866,55.1169,1717,25,70.24789266,1.061399571,,,,,,,,,961598.0,2957.0,16931.0,7055.0,80776.0,339763.0,20063.0
Colombo,Western,2018,October,0.676499967,0.69933169,Healthy,96.95258467,,,,2445750,36.0713,49.8244,1860,28,76.07854674,1.149496929,,,,,,,,,961598.0,2957.0,16931.0,7055.0,80776.0,339763.0,20063.0
Colombo,Western,2018,November,0.67773041,0.6999362,Healthy,97.03873833,,,,2446500,45.8208,49.9494,2003,30,81.90562592,1.237540272,,,,,,,,,961598.0,2957.0,16931.0,7055.0,80776.0,339763.0,20063.0
Colombo,Western,2018,December,0.663352143,0.693117947,Healthy,95.99359533,,,,2447250,55.049,63.8871,1932,29,78.95622015,1.192976686,,,,,,,,,961598.0,2957.0,16931.0,7055.0,80776.0,339763.0,20063.0
Colombo,Western,2019,January,0.642365213,0.672061403,Healthy,95.88836933,315.3875,295.7375,12.5,2448000,56.6176,64.1917,1286,17,52.57054041,0.720349115,12700.768808533141,28303.25378085444,708.5295716025211,29.338775947711557,75.8527201326899,1.7429827461422016,106.93447882654367,,734606.0,1613.0,13459.0,3738.0,38232.0,284301.0,15490.0
Colombo,Western,2019,February,0.630173907,0.654409933,Healthy,96.55992667,,,,2448580,53.2262,64.3851,1215,16,49.63819415,0.680168569,12700.768808533141,28303.25378085444,708.5295716025211,29.338775947711557,75.8527201326899,1.7429827461422016,106.93447882654367,,734606.0,1613.0,13459.0,3738.0,38232.0,284301.0,15490.0
Colombo,Western,2019,March,0.634030423,0.657734513,Healthy,96.651543,,,,2449170,49.0124,61.276,1286,17,52.54542679,0.720004995,12700.768808533141,28303.25378085444,708.5295716025211,29.338775947711557,75.8527201326899,1.7429827461422016,106.93447882654367,,734606.0,1613.0,13459.0,3738.0,38232.0,284301.0,15490.0
Colombo,Western,2019,April,0.64790433,0.67725397,Healthy,95.96495867,,,,2449750,38.0505,55.9635,1143,15,46.69598773,0.639852913,12700.768808533141,28303.25378085444,708.5295716025211,29.338775947711557,75.8527201326899,1.7429827461422016,106.93447882654367,,734606.0,1613.0,13459.0,3738.0,38232.0,284301.0,15490.0
Colombo,Western,2019,May,0.66920582,0.695526517,Healthy,96.46792667,,,,2450330,36.9233,54.9949,1072,14,43.76712624,0.599720117,12700.768808533141,28303.25378085444,708.5295716025211,29.338775947711557,75.8527201326899,1.7429827461422016,106.93447882654367,,734606.0,1613.0,13459.0,3738.0,38232.0,284301.0,15490.0
Colombo,Western,2019,June,0.6848159,0.704092183,Healthy,97.44365667,,,,2450920,33.524,47.4686,1215,16,49.59080241,0.679519182,12700.768808533141,28303.25378085444,708.5295716025211,29.338775947711557,75.8527201326899,1.7429827461422016,106.93447882654367,,734606.0,1613.0,13459.0,3738.0,38232.0,284301.0,15490.0
Colombo,Western,2019,July,0.690018813,0.704232777,Healthy,98.11620333,,,,2451500,32.3523,45.3462,1358,18,55.41190146,0.759282934,12700.768808533141,28303.25378085444,708.5295716025211,29.338775947711557,75.8527201326899,1.7429827461422016,106.93447882654367,,734606.0,1613.0,13459.0,3738.0,38232.0,284301.0,15490.0
Colombo,Western,2019,August,0.69206521,0.697732053,Healthy,99.24257667,,,,2452080,31.4915,45.8245,1501,20,61.23024674,0.839008953,12700.768808533141,28303.25378085444,708.5295716025211,29.338775947711557,75.8527201326899,1.7429827461422016,106.93447882654367,,734606.0,1613.0,13459.0,3738.0,38232.0,284301.0,15490.0
Colombo,Western,2019,September,0.693005813,0.696139283,Healthy,99.58007167,,,,2452670,35.6312,56.0462,1715,23,69.96059148,0.958636715,12700.768808533141,28303.25378085444,708.5295716025211,29.338775947711557,75.8527201326899,1.7429827461422016,106.93447882654367,,734606.0,1613.0,13459.0,3738.0,38232.0,284301.0,15490.0
Colombo,Western,2019,October,0.695373887,0.69933169,Healthy,99.47186033,,,,2453250,36.8655,49.4788,1858,25,75.77272226,1.038277579,12700.768808533141,28303.25378085444,708.5295716025211,29.338775947711557,75.8527201326899,1.7429827461422016,106.93447882654367,,734606.0,1613.0,13459.0,3738.0,38232.0,284301.0,15490.0
Colombo,Western,2019,November,0.694469553,0.6999362,Healthy,99.27099167,,,,2453830,47.2612,51.2826,2001,27,81.58210548,1.117880795,12700.768808533141,28303.25378085444,708.5295716025211,29.338775947711557,75.8527201326899,1.7429827461422016,106.93447882654367,,734606.0,1613.0,13459.0,3738.0,38232.0,284301.0,15490.0
Colombo,Western,2019,December,0.684975373,0.693117947,Healthy,98.90358,,,,2454420,56.6249,65.8206,1930,26,78.64954832,1.077697359,12700.768808533141,28303.25378085444,708.5295716025211,29.338775947711557,75.8527201326899,1.7429827461422016,106.93447882654367,,734606.0,1613.0,13459.0,3738.0,38232.0,284301.0,15490.0
Colombo,Western,2020,January,0.6574058,0.672061403,Healthy,97.96707467,,,,2455000,42.4899,47.7523,626,6,25.51587104,0.256321097,356.19325807205104,720.222613344071,19.364249186924177,0.822806426146438,1.9301966037621103,0.0476360529998334,2.8006390829083823,230.2412579107743,405256.0,578.0,9532.0,3000.0,21021.0,151634.0,7150.0
Colombo,Western,2020,February,0.628433333,0.654409933,Healthy,96.31078867,,,,2457080,39.4092,48.7701,591,5,24.07792262,0.241876106,321.27235041792824,649.6125532122991,17.465793384284545,0.7421391294654144,1.7409616426089616,0.0429658517253399,2.5260666237997165,207.6685855665808,405256.0,578.0,9532.0,3000.0,21021.0,151634.0,7150.0
Colombo,Western,2020,March,0.624978213,0.657734513,Healthy,95.371348,,,,2459170,36.8572,45.2848,626,6,25.47260393,0.255886455,1313.0261277950112,2654.938260954614,71.3819381792499,3.0330903552064767,7.115234539358366,0.1755995679209547,10.3239244624858,848.7324801416777,405256.0,578.0,9532.0,3000.0,21021.0,151634.0,7150.0
Colombo,Western,2020,April,0.654520283,0.67725397,Healthy,96.86873533,,,,2461250,29.2556,41.2168,556,5,22.62317961,0.227262405,10801.036737420134,21839.691598756974,587.192379756436,24.950394863440515,58.53037348466869,1.4444932542008329,84.92526160231004,6981.727556059069,405256.0,578.0,9532.0,3000.0,21021.0,151634.0,7150.0
Colombo,Western,2020,May,0.68935358,0.695526517,Healthy,99.16925667,,,,2463330,27.2332,41.6445,522,5,21.19132212,0.212878601,15735.360988947665,31816.89309537631,855.444184669415,36.34868388446911,85.2692734956085,2.1043926942867617,123.7223500743644,10171.246158293618,405256.0,578.0,9532.0,3000.0,21021.0,151634.0,7150.0
Colombo,Western,2020,June,0.71120725,0.704092183,Healthy,100.94325,,,,2465420,24.7155,36.0732,591,5,23.99647205,0.24105789,18766.495773325503,37945.84631481408,1020.230148338534,43.35060523638192,101.69486812370172,2.5097661649127945,147.55523952499647,12130.554117769616,405256.0,578.0,9532.0,3000.0,21021.0,151634.0,7150.0
Colombo,Western,2020,July,0.717739093,0.704232777,Healthy,101.7908633,,,,2467500,24.2364,34.0855,661,6,26.79697861,0.269190534,16776.004037040515,33921.072887303104,912.0181675880758,38.7525693255636,90.9084753379723,2.2435646922666668,131.9046093558026,10843.911794150585,405256.0,578.0,9532.0,3000.0,21021.0,151634.0,7150.0
Colombo,Western,2020,August,0.704557947,0.697732053,Healthy,100.912062,,,,2469580,23.827,35.3985,730,7,29.59276772,0.297275788,14666.781214731507,29656.22525534409,797.3514371086424,33.88026460602979,79.47868368432216,1.9614845352872607,115.32043282563924,9480.522384561296,405256.0,578.0,9532.0,3000.0,21021.0,151634.0,7150.0
Colombo,Western,2020,September,0.69401882,0.696139283,Healthy,99.71590667,,,,2471670,27.064,42.8789,835,8,33.79170812,0.339456477,14317.572138190282,28950.12465402637,778.3668790822461,33.07359163921956,77.58633407279068,1.9147825225423256,112.5747082345526,9254.79566111936,405256.0,578.0,9532.0,3000.0,21021.0,151634.0,7150.0
Colombo,Western,2020,October,0.694581167,0.69933169,Healthy,99.36604667,,,,2473750,28.15,37.8426,904,9,36.57690301,0.367435306,14142.967599919668,28597.07435336752,768.874600069048,32.67025515581444,76.64015926702494,1.8914315161698585,111.20184593900926,9141.932299398391,405256.0,578.0,9532.0,3000.0,21021.0,151634.0,7150.0
Colombo,Western,2020,November,0.698115923,0.6999362,Healthy,99.75747533,,,,2475830,36.6846,39.1821,974,9,39.35741809,0.395367125,13619.153985107832,27537.923451390947,740.3977630294538,31.460245705599096,73.80163484972773,1.8213784970524567,107.0832590523793,8803.342214235488,405256.0,578.0,9532.0,3000.0,21021.0,151634.0,7150.0
Colombo,Western,2020,December,0.699915933,0.693117947,Healthy,100.9165867,,,,2477920,41.8735,49.0623,939,9,37.9197856,0.380925308,13269.944908566606,26831.82285007323,721.4132050030574,30.653572738788863,71.90928523819626,1.7746764843075218,104.33753446129266,8577.615490793552,405256.0,578.0,9532.0,3000.0,21021.0,151634.0,7150.0
Colombo,Western,2021,January,0.683017377,0.672061403,Healthy,101.5153033,,,,2480000,47.138,53.0681,412,8,16.6404406,0.351101495,385.5295011405151,853.2211259498091,20.624514414143352,0.8905731476345898,2.2866326175454885,0.0507363054587926,3.227942070638871,231.161388389718,33850.0,281.0,771.0,2593.0,3495.0,8011.0,2093.0
Colombo,Western,2021,February,0.65403041,0.654409933,Healthy,99.94470533,,,,2479830,45.5454,54.5879,389,8,15.71704905,0.331618588,347.7324912247782,769.5719959547295,18.602503197070465,0.8032620547292376,2.062452949158675,0.0457621578647933,2.911477161752706,208.4985071750397,33850.0,281.0,771.0,2593.0,3495.0,8011.0,2093.0
Colombo,Western,2021,March,0.650513037,0.657734513,Healthy,98.97982367,,,,2479670,42.2734,51.8639,412,8,16.64265514,0.35114822,1421.1675728317025,3145.2072878149816,76.02762176194018,3.2828970932412327,8.42915553134415,0.1870279495343728,11.899080574119758,852.1243336719015,33850.0,281.0,771.0,2593.0,3495.0,8011.0,2093.0
Colombo,Western,2021,April,0.675143453,0.67725397,Healthy,99.70717333,,,,2479500,33.0656,47.3741,366,7,14.79448551,0.312153152,11690.615166937385,25872.67590747803,625.4080694406409,27.005321035625357,69.33877143204113,1.538503850823977,97.88259631849046,7009.629159699978,33850.0,281.0,771.0,2593.0,3495.0,8011.0,2093.0
Colombo,Western,2021,May,0.69629419,0.695526517,Healthy,100.1036817,,,,2479330,31.368,46.5451,343,7,13.87078118,0.292663645,17031.332668030987,37692.297975782734,911.1182544130386,39.34237846315158,101.01535857509774,2.241350905856075,142.5990879441054,10211.89427533401,33850.0,281.0,771.0,2593.0,3495.0,8011.0,2093.0
Colombo,Western,2021,June,0.70214784,0.704092183,Healthy,99.74216367,,,,2479170,28.1878,41.4746,389,8,15.72123322,0.331706871,20312.113128716934,44953.04245935561,1086.628828054964,46.92098132733612,120.47415379107304,2.6731069170152115,170.06824203542436,12179.03236476808,33850.0,281.0,771.0,2593.0,3495.0,8011.0,2093.0
Colombo,Western,2021,July,0.70279705,0.704232777,Healthy,99.81002533,,,,2479000,26.698,38.8467,435,9,17.571995,0.370756632,18157.683563519942,40185.0420496361,971.3741886818102,41.94424903173107,107.69591269302474,2.3895805041572533,152.02974222891308,10887.248135531425,33850.0,281.0,771.0,2593.0,3495.0,8011.0,2093.0
Colombo,Western,2021,August,0.702875333,0.697732053,Healthy,100.6883433,,,,2478830,26.3887,39.3991,481,10,19.42301064,0.409811749,15874.74416460944,35132.634597933305,849.2447111706083,36.67065902024781,94.15546072246126,2.089141989479697,132.91526173218878,9518.410110164858,33850.0,281.0,771.0,2593.0,3495.0,8011.0,2093.0
Colombo,Western,2021,September,0.70459852,0.696139283,Healthy,101.133768,,,,2478670,29.8976,48.156,550,11,22.19915932,0.468386518,15496.774065452071,34296.14329798251,829.0245989998796,35.79754809119429,91.91366403859313,2.039400513539704,129.75061264332712,9291.781298018075,33850.0,281.0,771.0,2593.0,3495.0,8011.0,2093.0
Colombo,Western,2021,October,0.70512318,0.69933169,Healthy,100.7730437,,,,2478500,31.6081,42.5521,596,12,24.05073879,0.507453531,15307.789015873388,33877.897648007114,818.9145429145152,35.360992626667525,90.79276569665907,2.014529775569708,128.1682880988963,9178.466891944685,33850.0,281.0,771.0,2593.0,3495.0,8011.0,2093.0
Colombo,Western,2021,November,0.698741997,0.6999362,Healthy,99.84047,,,,2478330,41.5841,43.6386,641,13,25.90257228,0.546525904,14740.83386713734,32623.16069808093,788.5843746584222,34.05132623308726,87.43007067085689,1.9399175616597188,123.42131446560388,8838.52367372451,33850.0,281.0,771.0,2593.0,3495.0,8011.0,2093.0
Colombo,Western,2021,December,0.685099967,0.693117947,Healthy,98.92065667,,,,2478170,47.276,55.0301,619,13,24.97909305,0.527041148,14362.863767979972,31786.669398130136,768.3642624876934,33.178215304033735,85.18827398698878,1.8901760857197256,120.25666537674223,8611.894861577728,33850.0,281.0,771.0,2593.0,3495.0,8011.0,2093.0
Colombo,Western,2022,January,0.666146353,0.672061403,Healthy,99.18177167,,,,2478000,50.8343,55.8922,1274,16,51.43506762,0.676194413,334.9743249788415,766.9624657504311,11.156086967905386,0.7737906907011239,2.0554594082111555,0.0274439739410472,2.8566940728533265,231.6375982498633,20511.0,404.0,760.0,940.0,1489.0,9060.0,36.0
Colombo,Western,2022,February,0.648723177,0.654409933,Healthy,99.192358,,,,2476500,47.8012,58.5463,1203,15,48.60698698,0.63901487,302.13370488287654,691.7700671474474,10.062352951444067,0.6979288582794448,1.853943779955159,0.0247533882605524,2.5766260264951564,208.9280297939943,20511.0,404.0,760.0,940.0,1489.0,9060.0,36.0
Colombo,Western,2022,March,0.646513027,0.657734513,Healthy,98.415692,,,,2475000,44.8282,55.3276,1274,16,51.49741316,0.677014043,1234.8073156082785,2827.234187472177,41.12439901894533,2.8524048990551227,7.576987622425434,0.1011660215866055,10.530558543067162,853.8797739406725,20511.0,404.0,760.0,940.0,1489.0,9060.0,36.0
Colombo,Western,2022,April,0.6663333,0.67725397,Healthy,98.496155,,,,2473500,34.386,50.0651,1132,14,45.8032379,0.602155203,10157.603795681927,23257.00888790277,338.2919312914839,23.464064768025253,62.32878381957944,0.8321981509770503,86.62504673858174,7024.069523400267,20511.0,404.0,760.0,940.0,1489.0,9060.0,36.0
Colombo,Western,2022,May,0.692031867,0.695526517,Healthy,99.53013133,,,,2472000,32.9667,48.4577,1062,13,42.96659168,0.564863052,14797.98341524176,33881.694810504334,492.8365478174673,34.18334168920847,90.80294209215162,1.2123779076309695,126.19866168899104,10232.931546214548,20511.0,404.0,760.0,940.0,1489.0,9060.0,36.0
Colombo,Western,2022,June,0.701556493,0.704092183,Healthy,99.66379133,,,,2470500,29.6299,42.3511,1203,15,48.72503673,0.640566819,17648.549239571505,40408.395009243286,587.772660446309,40.76814874341018,108.294498624772,1.44592074469792,150.50856811288008,12204.122088183974,20511.0,404.0,760.0,940.0,1489.0,9060.0,36.0
Colombo,Western,2022,July,0.694934757,0.704232777,Healthy,98.76697,,,,2469000,28.2653,40.3688,1345,17,54.49047868,0.716362571,15776.633894101513,36122.428288873234,525.4298215080144,36.4440242953745,96.80810781418027,1.2925573609097152,134.54468947046448,10909.676686199444,20511.0,404.0,760.0,940.0,1489.0,9060.0,36.0
Colombo,Western,2022,August,0.68443041,0.697732053,Healthy,98.22068533,,,,2467500,28.2198,41.4187,1486,19,60.26293029,0.792250476,13793.060440305237,31580.807413253035,459.36828691375104,31.861969617105093,84.63656386751813,1.1300459858078276,117.62857947043106,9538.01875146496,20511.0,404.0,760.0,940.0,1489.0,9060.0,36.0
Colombo,Western,2022,September,0.678872447,0.696139283,Healthy,97.68587,,,,2466000,31.5422,50.2795,1699,22,68.91381323,0.905979863,13464.654239345586,30828.8834272232,448.4309467491379,31.103351292888306,82.62140758495818,1.1031401290028793,114.82789900684936,9310.923066906267,20511.0,404.0,760.0,940.0,1489.0,9060.0,36.0
Colombo,Western,2022,October,0.682084053,0.69933169,Healthy,97.69826,,,,2464500,33.0301,45.6685,1841,24,74.70207021,0.982075554,13300.45113886576,30452.921434208285,442.9622766668313,30.72404213077991,81.6138294436782,1.089687200600405,113.42755877505851,9197.375224626923,20511.0,404.0,760.0,940.0,1489.0,9060.0,36.0
Colombo,Western,2022,November,0.680078257,0.6999362,Healthy,97.35195533,,,,2463000,43.2804,46.4184,1982,26,80.49737745,1.058263932,12807.841837426293,29325.03545516354,426.55626641991176,29.58611464445473,78.59109501983829,1.049328415392983,109.226538079686,8856.731697788891,20511.0,404.0,760.0,940.0,1489.0,9060.0,36.0
Colombo,Western,2022,December,0.6761826,0.693117947,Healthy,97.722645,,,,2461500,49.4129,58.4965,1911,25,77.66977304,1.02109065,12479.435636466642,28573.111469133702,415.6189262552986,28.827496320237945,76.57593873727834,1.0224225585880349,106.42585761610432,8629.636013230202,20511.0,404.0,760.0,940.0,1489.0,9060.0,36.0
Colombo,Western,2023,January,0.671860833,0.672061403,Healthy,99.97921467,,,,2460000,52.5064,59.8047,1250,14,50.83878644,0.577037478,,,,,,,,,27890.0,685.0,586.0,288.0,1816.0,20200.0,60.0
Colombo,Western,2023,February,0.665711567,0.654409933,Healthy,101.6046567,,,,2458830,49.9126,59.8243,1181,13,48.0372564,0.545239161,,,,,,,,,27890.0,685.0,586.0,288.0,1816.0,20200.0,60.0
Colombo,Western,2023,March,0.663394177,0.657734513,Healthy,100.80224,,,,2457670,46.4339,56.4047,1250,14,50.88698427,0.577584539,,,,,,,,,27890.0,685.0,586.0,288.0,1816.0,20200.0,60.0
Colombo,Western,2023,April,0.67259999,0.67725397,Healthy,99.361547,,,,2456500,35.2617,51.4409,1111,12,45.25441876,0.51365301,,,,,,,,,27890.0,685.0,586.0,288.0,1816.0,20200.0,60.0
Colombo,Western,2023,May,0.692331867,0.695526517,Healthy,99.56984667,,,,2455330,33.2253,49.9778,1042,11,42.44623419,0.481779162,,,,,,,,,27890.0,685.0,586.0,288.0,1816.0,20200.0,60.0
Colombo,Western,2023,June,0.71372317,0.704092183,Healthy,101.2768613,,,,2454170,31.0789,43.7926,1181,13,48.12846997,0.546274466,,,,,,,,,27890.0,685.0,586.0,288.0,1816.0,20200.0,60.0
Colombo,Western,2023,July,0.714118847,0.704232777,Healthy,101.309938,,,,2453000,29.4143,41.9541,1320,14,53.81629927,0.610833259,,,,,,,,,27890.0,685.0,586.0,288.0,1816.0,20200.0,60.0
Colombo,Western,2023,August,0.69394639,0.697732053,Healthy,99.49293,,,,2451830,29.3742,43.5754,1459,16,59.50955697,0.675453666,,,,,,,,,27890.0,685.0,586.0,288.0,1816.0,20200.0,60.0
Colombo,Western,2023,September,0.68960722,0.696139283,Healthy,99.124422,,,,2450670,33.4138,50.7278,1667,18,68.04311454,0.77231244,,,,,,,,,27890.0,685.0,586.0,288.0,1816.0,20200.0,60.0
Colombo,Western,2023,October,0.699657937,0.69933169,Healthy,100.0432233,,,,2449500,35.2022,45.9633,1806,20,73.74858317,0.837071445,,,,,,,,,27890.0,685.0,586.0,288.0,1816.0,20200.0,60.0
Colombo,Western,2023,November,0.705773913,0.6999362,Healthy,100.7785333,,,,2448330,43.9961,46.6858,1945,22,79.45950482,0.901892343,,,,,,,,,27890.0,685.0,586.0,288.0,1816.0,20200.0,60.0
Colombo,Western,2023,December,0.702985487,0.693117947,Healthy,101.3286333,,,,2447170,51.3705,59.7235,1875,21,76.65798533,0.870094147,,,,,,,,,27890.0,685.0,586.0,288.0,1816.0,20200.0,60.0
Colombo,Western,2024,January,0.684542013,0.672061403,Healthy,101.7276133,,,,2446000,53.3685,60.7625,1020,14,41.73065034,0.580340227,,,,,,,,,74410.0,146.0,1027.0,715.0,1644.0,65289.0,94.0
Colombo,Western,2024,February,0.65813621,0.654409933,Healthy,100.5275817,,,,2446000,49.6367,60.938,964,13,39.41228088,0.548099103,,,,,,,,,74410.0,146.0,1027.0,715.0,1644.0,65289.0,94.0
Colombo,Western,2024,March,0.651985487,0.657734513,Healthy,99.18845133,,,,2446000,45.9736,57.3487,1020,14,41.73065034,0.580340227,,,,,,,,,74410.0,146.0,1027.0,715.0,1644.0,65289.0,94.0
Colombo,Western,2024,April,0.678305763,0.67725397,Healthy,100.1395097,,,,2446000,36.2368,51.396,907,12,37.09391141,0.51585798,,,,,,,,,74410.0,146.0,1027.0,715.0,1644.0,65289.0,94.0
Colombo,Western,2024,May,0.7103116,0.695526517,Healthy,101.9817687,,,,2446000,35.1626,51.1247,850,11,34.77554195,0.483616856,,,,,,,,,74410.0,146.0,1027.0,715.0,1644.0,65289.0,94.0
Colombo,Western,2024,June,0.718410153,0.704092183,Healthy,101.8988367,,,,2446000,31.4109,45.0759,964,13,39.41228088,0.548099103,,,,,,,,,74410.0,146.0,1027.0,715.0,1644.0,65289.0,94.0
Colombo,Western,2024,July,0.70929418,0.704232777,Healthy,100.6708067,,,,2446000,30.1734,42.4785,1077,14,44.0490198,0.612581351,,,,,,,,,74410.0,146.0,1027.0,715.0,1644.0,65289.0,94.0
Colombo,Western,2024,August,0.705518823,0.697732053,Healthy,101.0418933,,,,2446000,28.9388,43.8768,1190,16,48.68575873,0.677063598,,,,,,,,,74410.0,146.0,1027.0,715.0,1644.0,65289.0,94.0
Colombo,Western,2024,September,0.714179677,0.696139283,Healthy,102.4176317,,,,2446000,33.6155,52.5531,1360,18,55.64086712,0.773786969,,,,,,,,,74410.0,146.0,1027.0,715.0,1644.0,65289.0,94.0
Colombo,Western,2024,October,0.717607247,0.69933169,Healthy,102.4393467,,,,2446000,36.1004,47.8344,1474,20,60.27760605,0.838269217,,,,,,,,,74410.0,146.0,1027.0,715.0,1644.0,65289.0,94.0
Colombo,Western,2024,November,0.706256533,0.6999362,Healthy,100.8424567,,,,2446000,44.5966,48.7623,1587,22,64.91434497,0.902751464,,,,,,,,,74410.0,146.0,1027.0,715.0,1644.0,65289.0,94.0
Colombo,Western,2024,December,0.696337667,0.693117947,Healthy,100.4343333,,,,2446000,52.6784,60.9293,1531,21,62.59597551,0.87051034,,,,,,,,,74410.0,146.0,1027.0,715.0,1644.0,65289.0,94.0
Galle,Southern,2014,January,0.8048722,0.807815863,Healthy,99.65675,,,,1083000,25.0,17.57142857,951,7,87.85892845,0.695898926,,,,,,,,,859112.0,3851.0,20799.0,3851.0,38780.0,272885.0,79038.0
Galle,Southern,2014,February,0.789448757,0.793393733,Healthy,99.53182167,,,,1083750,23.14285714,16.14285714,898,7,82.92045273,0.656783038,,,,,,,,,859112.0,3851.0,20799.0,3851.0,38780.0,272885.0,79038.0
Galle,Southern,2014,March,0.782149367,0.78741916,Healthy,99.370665,,,,1084500,22.0952,19.71428571,951,7,87.73740849,0.69493641,,,,,,,,,859112.0,3851.0,20799.0,3851.0,38780.0,272885.0,79038.0
Galle,Southern,2014,April,0.791057397,0.79412357,Healthy,99.636645,,,,1085250,21.0476,16.7857,845,6,77.93491066,0.617294355,,,,,,,,,859112.0,3851.0,20799.0,3851.0,38780.0,272885.0,79038.0
Galle,Southern,2014,May,0.79552097,0.800402343,Healthy,99.42614667,,,,1086000,20.0,13.85714286,792,6,73.01352019,0.578313794,,,,,,,,,859112.0,3851.0,20799.0,3851.0,38780.0,272885.0,79038.0
Galle,Southern,2014,June,0.793107367,0.800973237,Healthy,99.07563333,,,,1086750,17.85714286,13.14285714,898,7,82.69154879,0.654969973,,,,,,,,,859112.0,3851.0,20799.0,3851.0,38780.0,272885.0,79038.0
Galle,Southern,2014,July,0.791590713,0.796383787,Healthy,99.43407333,,,,1087500,13.57142857,10.0,1004,7,92.35622839,0.731520419,,,,,,,,,859112.0,3851.0,20799.0,3851.0,38780.0,272885.0,79038.0
Galle,Southern,2014,August,0.800601797,0.79401784,Healthy,100.7800467,,,,1088250,13.14285714,9.571428571,1110,8,102.0075866,0.807965351,,,,,,,,,859112.0,3851.0,20799.0,3851.0,38780.0,272885.0,79038.0
Galle,Southern,2014,September,0.81433455,0.796829547,Healthy,102.0667167,,,,1089000,19.71428571,13.85714286,1268,10,116.4998096,0.922753029,,,,,,,,,859112.0,3851.0,20799.0,3851.0,38780.0,272885.0,79038.0
Galle,Southern,2014,October,0.824038883,0.80463834,Healthy,102.2703867,,,,1089750,20.28571429,14.57142857,1374,10,126.1212667,0.998961125,,,,,,,,,859112.0,3851.0,20799.0,3851.0,38780.0,272885.0,79038.0
Galle,Southern,2014,November,0.825170367,0.811067007,Healthy,101.638118,,,,1090500,34.71428571,25.85714286,1480,11,135.7294893,1.075064396,,,,,,,,,859112.0,3851.0,20799.0,3851.0,38780.0,272885.0,79038.0
Galle,Southern,2014,December,0.822428367,0.813815253,Healthy,100.9971433,,,,1091250,39.14285714,29.57142857,1427,11,130.7920543,1.035956751,,,,,,,,,859112.0,3851.0,20799.0,3851.0,38780.0,272885.0,79038.0
Galle,Southern,2015,January,0.81441478,0.807815863,Healthy,100.7695733,,,,1092000,28.14285714,47.0,960,11,87.97239346,1.092200482,2276.510092248004,3816.9717555222323,296.3686870211596,5.25873831309289,10.229484304799582,0.7290669700720526,16.217289587964526,,1337814.0,4140.0,39456.0,5356.0,105628.0,370889.0,129547.0
Galle,Southern,2015,February,0.807012933,0.793393733,Healthy,101.6161117,,,,1093000,28.57142857,50.71428571,907,11,83.00902268,1.030578924,2276.510092248004,3816.9717555222323,296.3686870211596,5.25873831309289,10.229484304799582,0.7290669700720526,16.217289587964526,,1337814.0,4140.0,39456.0,5356.0,105628.0,370889.0,129547.0
Galle,Southern,2015,March,0.80657221,0.78741916,Healthy,102.287188,,,,1094000,26.57142857,52.85714286,960,11,87.81156642,1.090203772,2276.510092248004,3816.9717555222323,296.3686870211596,5.25873831309289,10.229484304799582,0.7290669700720526,16.217289587964526,,1337814.0,4140.0,39456.0,5356.0,105628.0,370889.0,129547.0
Galle,Southern,2015,April,0.80990923,0.79412357,Healthy,101.8705333,,,,1095000,21.71428571,54.28571429,853,10,77.98344285,0.968185024,2276.510092248004,3816.9717555222323,296.3686870211596,5.25873831309289,10.229484304799582,0.7290669700720526,16.217289587964526,,1337814.0,4140.0,39456.0,5356.0,105628.0,370889.0,129547.0
Galle,Southern,2015,May,0.812698133,0.800402343,Healthy,101.4459687,,,,1096000,20.71428571,51.71428571,800,9,73.04277194,0.906845291,2276.510092248004,3816.9717555222323,296.3686870211596,5.25873831309289,10.229484304799582,0.7290669700720526,16.217289587964526,,1337814.0,4140.0,39456.0,5356.0,105628.0,370889.0,129547.0
Galle,Southern,2015,June,0.81149628,0.800973237,Healthy,101.2365787,,,,1097000,20.0,40.85714286,907,11,82.70634621,1.026821116,2276.510092248004,3816.9717555222323,296.3686870211596,5.25873831309289,10.229484304799582,0.7290669700720526,16.217289587964526,,1337814.0,4140.0,39456.0,5356.0,105628.0,370889.0,129547.0
Galle,Southern,2015,July,0.810005533,0.796383787,Healthy,101.6097167,,,,1098000,18.1429,37.3571,1014,12,92.35231833,1.146578406,2276.510092248004,3816.9717555222323,296.3686870211596,5.25873831309289,10.229484304799582,0.7290669700720526,16.217289587964526,,1337814.0,4140.0,39456.0,5356.0,105628.0,370889.0,129547.0
Galle,Southern,2015,August,0.813828987,0.79401784,Healthy,102.34723,,,,1099000,16.28571429,33.85714286,1120,13,101.9807364,1.266117757,2276.510092248004,3816.9717555222323,296.3686870211596,5.25873831309289,10.229484304799582,0.7290669700720526,16.217289587964526,,1337814.0,4140.0,39456.0,5356.0,105628.0,370889.0,129547.0
Galle,Southern,2015,September,0.818774067,0.796829547,Healthy,102.5913733,,,,1100000,18.71428571,46.57142857,1280,15,116.443459,1.445676275,2276.510092248004,3816.9717555222323,296.3686870211596,5.25873831309289,10.229484304799582,0.7290669700720526,16.217289587964526,,1337814.0,4140.0,39456.0,5356.0,105628.0,370889.0,129547.0
Galle,Southern,2015,October,0.824020333,0.80463834,Healthy,102.2684067,,,,1101000,23.85714286,40.71428571,1387,17,126.0325056,1.564726819,2276.510092248004,3816.9717555222323,296.3686870211596,5.25873831309289,10.229484304799582,0.7290669700720526,16.217289587964526,,1337814.0,4140.0,39456.0,5356.0,105628.0,370889.0,129547.0
Galle,Southern,2015,November,0.8260358,0.811067007,Healthy,101.7385047,,,,1102000,17.57142857,35.57142857,1494,18,135.6041491,1.6835613,2276.510092248004,3816.9717555222323,296.3686870211596,5.25873831309289,10.229484304799582,0.7290669700720526,16.217289587964526,,1337814.0,4140.0,39456.0,5356.0,105628.0,370889.0,129547.0
Galle,Southern,2015,December,0.826724687,0.813815253,Healthy,101.49448,,,,1103000,32.28571429,35.57142857,1440,17,130.6425934,1.621962276,2276.510092248004,3816.9717555222323,296.3686870211596,5.25873831309289,10.229484304799582,0.7290669700720526,16.217289587964526,,1337814.0,4140.0,39456.0,5356.0,105628.0,370889.0,129547.0
Galle,Southern,2016,January,0.82312093,0.807815863,Healthy,101.7851267,,,,1104000,29.57142857,47.57142857,828,5,75.02651113,0.536850477,,,,,,,,,986656.0,2685.0,26887.0,5271.0,45172.0,340129.0,56945.0
Galle,Southern,2016,February,0.8162364,0.793393733,Healthy,102.7092067,,,,1105000,35.71428571,51.57142857,782,5,70.7942464,0.506566604,,,,,,,,,986656.0,2685.0,26887.0,5271.0,45172.0,340129.0,56945.0
Galle,Southern,2016,March,0.808366047,0.78741916,Healthy,102.5015,318.2,299.85,28.8,1106000,30.14285714,52.14285714,828,5,74.89083932,0.535879681,,,,,,,,,986656.0,2685.0,26887.0,5271.0,45172.0,340129.0,56945.0
Galle,Southern,2016,April,0.810408,0.79412357,Healthy,101.929223,,,,1107000,28.57142857,53.57142857,736,5,66.50949978,0.475907198,,,,,,,,,986656.0,2685.0,26887.0,5271.0,45172.0,340129.0,56945.0
Galle,Southern,2016,May,0.81672713,0.800402343,Healthy,101.91976,,,,1108000,32.57142857,52.14285714,690,4,62.29638109,0.445760324,,,,,,,,,986656.0,2685.0,26887.0,5271.0,45172.0,340129.0,56945.0
Galle,Southern,2016,June,0.808795663,0.800973237,Healthy,100.9189147,,,,1109000,27.85714286,44.71428571,782,5,70.53890196,0.504739493,,,,,,,,,986656.0,2685.0,26887.0,5271.0,45172.0,340129.0,56945.0
Galle,Southern,2016,July,0.797099997,0.796383787,Healthy,100.0845467,,,,1110000,22.9286,44.9286,874,6,78.76657145,0.563612393,,,,,,,,,986656.0,2685.0,26887.0,5271.0,45172.0,340129.0,56945.0
Galle,Southern,2016,August,0.7970728,0.79401784,Healthy,100.3619533,,,,1111000,18.0,45.14285714,966,6,86.97942965,0.622379311,,,,,,,,,986656.0,2685.0,26887.0,5271.0,45172.0,340129.0,56945.0
Galle,Southern,2016,September,0.799077133,0.796829547,Healthy,100.26569,,,,1112000,21.0,40.28571429,1104,7,99.31566942,0.710650991,,,,,,,,,986656.0,2685.0,26887.0,5271.0,45172.0,340129.0,56945.0
Galle,Southern,2016,October,0.804461717,0.80463834,Healthy,99.979174,306.1,293.5,6.4,1113000,25.71428571,53.85714286,1196,8,107.4953068,0.769180199,,,,,,,,,986656.0,2685.0,26887.0,5271.0,45172.0,340129.0,56945.0
Galle,Southern,2016,November,0.8158864,0.811067007,Healthy,100.5594953,,,,1114000,27.42857143,43.57142857,1288,9,115.6602589,0.827604326,,,,,,,,,986656.0,2685.0,26887.0,5271.0,45172.0,340129.0,56945.0
Galle,Southern,2016,December,0.820908613,0.813815253,Healthy,100.82117,,,,1115000,27.85714286,47.71428571,1242,8,111.4295089,0.797331292,,,,,,,,,986656.0,2685.0,26887.0,5271.0,45172.0,340129.0,56945.0
Galle,Southern,2017,January,0.814482067,0.807815863,Healthy,100.77749,,,,1116000,28.1921,44.1924,824,10,73.87883556,0.911355888,,,,,,,,,903306.0,3331.0,16742.0,8689.0,39182.0,344380.0,23537.0
Galle,Southern,2017,February,0.8058043,0.793393733,Healthy,101.4725187,334.0,301.7,28.7,1116670,29.7779,44.9079,778,9,69.73259126,0.860208572,,,,,,,,,903306.0,3331.0,16742.0,8689.0,39182.0,344380.0,23537.0
Galle,Southern,2017,March,0.8054932,0.78741916,Healthy,102.1582883,,,,1117330,27.6294,49.9044,824,10,73.7908948,0.910271066,,,,,,,,,903306.0,3331.0,16742.0,8689.0,39182.0,344380.0,23537.0
Galle,Southern,2017,April,0.809221583,0.79412357,Healthy,101.7892,,,,1118000,24.3248,48.0731,732,9,65.55259828,0.808644938,,,,,,,,,903306.0,3331.0,16742.0,8689.0,39182.0,344380.0,23537.0
Galle,Southern,2017,May,0.809846273,0.800402343,Healthy,101.11072,,,,1118670,24.9834,43.498,687,8,61.41875359,0.757650581,,,,,,,,,903306.0,3331.0,16742.0,8689.0,39182.0,344380.0,23537.0
Galle,Southern,2017,June,0.808369117,0.800973237,Healthy,100.86914,,,,1119330,22.6505,37.5879,778,9,69.56687722,0.858164353,,,,,,,,,903306.0,3331.0,16742.0,8689.0,39182.0,344380.0,23537.0
Galle,Southern,2017,July,0.803571,0.796383787,Healthy,100.8490453,,,,1120000,18.5902,34.7089,870,10,77.70470383,0.958551103,,,,,,,,,903306.0,3331.0,16742.0,8689.0,39182.0,344380.0,23537.0
Galle,Southern,2017,August,0.799566033,0.79401784,Healthy,100.65735,,,,1120670,16.6548,32.3648,961,11,85.83279993,1.05881782,,,,,,,,,903306.0,3331.0,16742.0,8689.0,39182.0,344380.0,23537.0
Galle,Southern,2017,September,0.804391317,0.796829547,Healthy,100.892822,,,,1121330,20.971,38.526,1099,13,98.0368913,1.209365272,,,,,,,,,903306.0,3331.0,16742.0,8689.0,39182.0,344380.0,23537.0
Galle,Southern,2017,October,0.8136938,0.80463834,Healthy,101.0595067,,,,1122000,23.8894,41.8085,1190,14,106.1432112,1.309363361,,,,,,,,,903306.0,3331.0,16742.0,8689.0,39182.0,344380.0,23537.0
Galle,Southern,2017,November,0.820795657,0.811067007,Healthy,101.1298367,,,,1122670,27.693,47.6658,1282,15,114.2398555,1.409242094,,,,,,,,,903306.0,3331.0,16742.0,8689.0,39182.0,344380.0,23537.0
Galle,Southern,2017,December,0.821651857,0.813815253,Healthy,100.9072367,,,,1123330,34.5896,50.648,1236,15,110.0951374,1.358113605,,,,,,,,,903306.0,3331.0,16742.0,8689.0,39182.0,344380.0,23537.0
Galle,Southern,2018,January,0.811563553,0.807815863,Healthy,100.436725,,,,1124000,29.5983,45.8512,800,9,71.23730579,0.807221595,,,,,,,,,961598.0,2957.0,16931.0,7055.0,80776.0,339763.0,20063.0
Galle,Southern,2018,February,0.801273413,0.793393733,Healthy,100.9353553,,,,1124500,31.9218,48.6625,756,8,67.24976232,0.762036967,,,,,,,,,961598.0,2957.0,16931.0,7055.0,80776.0,339763.0,20063.0
Galle,Southern,2018,March,0.801461097,0.78741916,Healthy,101.6767567,,,,1125000,28.2957,51.4826,800,9,71.17398374,0.806504065,,,,,,,,,961598.0,2957.0,16931.0,7055.0,80776.0,339763.0,20063.0
Galle,Southern,2018,April,0.810328363,0.79412357,Healthy,101.9196047,,,,1125500,25.3609,50.6793,711,8,63.2376577,0.716574025,,,,,,,,,961598.0,2957.0,16931.0,7055.0,80776.0,339763.0,20063.0
Galle,Southern,2018,May,0.817653067,0.800402343,Healthy,102.0285383,,,,1126000,25.7329,45.9268,667,7,59.25897847,0.671489841,,,,,,,,,961598.0,2957.0,16931.0,7055.0,80776.0,339763.0,20063.0
Galle,Southern,2018,June,0.814508613,0.800973237,Healthy,101.5903817,,,,1126500,23.614,39.8585,756,8,67.13036638,0.760684038,,,,,,,,,961598.0,2957.0,16931.0,7055.0,80776.0,339763.0,20063.0
Galle,Southern,2018,July,0.8001475,0.796383787,Healthy,100.444065,,,,1127000,19.6517,36.2609,845,9,74.99476991,0.849799092,,,,,,,,,961598.0,2957.0,16931.0,7055.0,80776.0,339763.0,20063.0
Galle,Southern,2018,August,0.788732683,0.79401784,Healthy,99.37382333,,,,1127500,16.9458,34.7385,934,10,82.85219837,0.938835109,,,,,,,,,961598.0,2957.0,16931.0,7055.0,80776.0,339763.0,20063.0
Galle,Southern,2018,September,0.79230304,0.796829547,Healthy,99.46496633,,,,1128000,21.96,40.4504,1067,12,94.64625497,1.07247881,,,,,,,,,961598.0,2957.0,16931.0,7055.0,80776.0,339763.0,20063.0
Galle,Southern,2018,October,0.812064147,0.80463834,Healthy,100.86798,,,,1128500,25.2264,43.0981,1156,13,102.4880138,1.161337267,,,,,,,,,961598.0,2957.0,16931.0,7055.0,80776.0,339763.0,20063.0
Galle,Southern,2018,November,0.820253717,0.811067007,Healthy,101.0670917,,,,1129000,29.1098,48.668,1245,14,110.3228269,1.250117018,,,,,,,,,961598.0,2957.0,16931.0,7055.0,80776.0,339763.0,20063.0
Galle,Southern,2018,December,0.815890097,0.813815253,Healthy,100.2402667,,,,1129500,36.4528,54.5094,1201,13,106.3356331,1.204936352,,,,,,,,,961598.0,2957.0,16931.0,7055.0,80776.0,339763.0,20063.0
Galle,Southern,2019,January,0.803842587,0.807815863,Healthy,99.53646333,,,,1130000,30.6792,48.8068,760,11,67.27822145,1.010144615,3207.1943470074707,3852.853981191067,469.13660825699685,7.408618941587259,10.325648669592058,1.1540760563122123,18.888343667491533,,734606.0,1613.0,13459.0,3738.0,38232.0,284301.0,15490.0
Galle,Southern,2019,February,0.790374667,0.793393733,Healthy,99.64240467,,,,1130420,32.3964,49.4288,718,10,63.51693442,0.953671008,3207.1943470074707,3852.853981191067,469.13660825699685,7.408618941587259,10.325648669592058,1.1540760563122123,18.888343667491533,,734606.0,1613.0,13459.0,3738.0,38232.0,284301.0,15490.0
Galle,Southern,2019,March,0.784771583,0.78741916,Healthy,99.68388333,,,,1130830,29.0454,53.992,760,11,67.22884098,1.009403195,3207.1943470074707,3852.853981191067,469.13660825699685,7.408618941587259,10.325648669592058,1.1540760563122123,18.888343667491533,,734606.0,1613.0,13459.0,3738.0,38232.0,284301.0,15490.0
Galle,Southern,2019,April,0.791625917,0.79412357,Healthy,99.70371333,,,,1131250,26.0762,52.3113,675,10,59.736783,0.896914163,3207.1943470074707,3852.853981191067,469.13660825699685,7.408618941587259,10.325648669592058,1.1540760563122123,18.888343667491533,,734606.0,1613.0,13459.0,3738.0,38232.0,284301.0,15490.0
Galle,Southern,2019,May,0.804171,0.800402343,Healthy,100.4429183,,,,1131670,27.3584,47.0508,633,9,55.98244942,0.840544958,3207.1943470074707,3852.853981191067,469.13660825699685,7.408618941587259,10.325648669592058,1.1540760563122123,18.888343667491533,,734606.0,1613.0,13459.0,3738.0,38232.0,284301.0,15490.0
Galle,Southern,2019,June,0.809012927,0.800973237,Healthy,100.9448417,,,,1132080,24.7497,41.5868,718,10,63.4237978,0.952272614,3207.1943470074707,3852.853981191067,469.13660825699685,7.408618941587259,10.325648669592058,1.1540760563122123,18.888343667491533,,734606.0,1613.0,13459.0,3738.0,38232.0,284301.0,15490.0
Galle,Southern,2019,July,0.808512333,0.796383787,Healthy,101.4331933,,,,1132500,20.0587,36.952,802,12,70.85913243,1.063909977,3207.1943470074707,3852.853981191067,469.13660825699685,7.408618941587259,10.325648669592058,1.1540760563122123,18.888343667491533,,734606.0,1613.0,13459.0,3738.0,38232.0,284301.0,15490.0
Galle,Southern,2019,August,0.810745017,0.79401784,Healthy,101.981847,,,,1132920,17.5754,35.1011,886,13,78.28895416,1.175464567,3207.1943470074707,3852.853981191067,469.13660825699685,7.408618941587259,10.325648669592058,1.1540760563122123,18.888343667491533,,734606.0,1613.0,13459.0,3738.0,38232.0,284301.0,15490.0
Galle,Southern,2019,September,0.816528967,0.796829547,Healthy,102.3261983,,,,1133330,22.4699,42.1324,1013,15,89.44072217,1.342902085,3207.1943470074707,3852.853981191067,469.13660825699685,7.408618941587259,10.325648669592058,1.1540760563122123,18.888343667491533,,734606.0,1613.0,13459.0,3738.0,38232.0,284301.0,15490.0
Galle,Southern,2019,October,0.823379587,0.80463834,Healthy,102.1932933,,,,1133750,25.9008,44.3946,1098,16,96.85822106,1.454271654,3207.1943470074707,3852.853981191067,469.13660825699685,7.408618941587259,10.325648669592058,1.1540760563122123,18.888343667491533,,734606.0,1613.0,13459.0,3738.0,38232.0,284301.0,15490.0
Galle,Southern,2019,November,0.825128967,0.811067007,Healthy,101.6332853,,,,1134170,29.3444,50.1182,1182,17,104.2702263,1.56555874,3207.1943470074707,3852.853981191067,469.13660825699685,7.408618941587259,10.325648669592058,1.1540760563122123,18.888343667491533,,734606.0,1613.0,13459.0,3738.0,38232.0,284301.0,15490.0
Galle,Southern,2019,December,0.823555533,0.813815253,Healthy,101.1276153,,,,1134580,37.0665,55.7093,1140,17,100.5099555,1.509100391,3207.1943470074707,3852.853981191067,469.13660825699685,7.408618941587259,10.325648669592058,1.1540760563122123,18.888343667491533,,734606.0,1613.0,13459.0,3738.0,38232.0,284301.0,15490.0
Galle,Southern,2020,January,0.81395125,0.807815863,Healthy,100.7148467,,,,1135000,23.5883,35.9017,467,6,41.14967229,0.528634361,89.94581516697909,98.0421751029774,12.82159354965248,0.2077748330357217,0.2627530292759795,0.0315411201321451,0.5020689824438462,94.80522384561294,405256.0,578.0,9532.0,3000.0,21021.0,151634.0,7150.0
Galle,Southern,2020,February,0.797900567,0.793393733,Healthy,100.5341717,,,,1136000,24.6947,37.5378,441,5,38.82936849,0.498826291,81.12759799374581,88.43019715170507,11.56457457419635,0.1874047513655528,0.2369929283665696,0.028448853452523,0.4528465331846454,85.51059405682736,405256.0,578.0,9532.0,3000.0,21021.0,151634.0,7150.0
Galle,Southern,2020,March,0.78785923,0.78741916,Healthy,100.0526,313.6,294.7,42.5,1137000,21.9383,40.4139,467,6,41.0772894,0.527704485,331.5649657135699,361.4103709678382,47.26391347715031,0.7659150707983464,0.9685797941938064,0.1162692271537897,1.8507640921459427,349.4780800583379,405256.0,578.0,9532.0,3000.0,21021.0,151634.0,7150.0
Galle,Southern,2020,April,0.7978679,0.79412357,Healthy,100.4427583,321.1,303.2,8.7,1138000,19.8307,39.2826,415,5,36.48106077,0.468658465,2727.474571681042,2972.98478032852,388.7959691085796,6.300466260583207,7.967599211280435,0.9564380840071056,15.224503555870749,2874.8289936713813,405256.0,578.0,9532.0,3000.0,21021.0,151634.0,7150.0
Galle,Southern,2020,May,0.811360467,0.800402343,Healthy,101.2883917,,,,1139000,20.2555,35.8878,389,5,34.17096726,0.438981563,3973.4886582588992,4331.157264843296,566.4127503405301,9.178758800578056,11.607501469780033,1.393375365837704,22.179635636195798,4188.160182826784,405256.0,578.0,9532.0,3000.0,21021.0,151634.0,7150.0
Galle,Southern,2020,June,0.81955369,0.800973237,Healthy,102.1836567,,,,1140000,18.5889,30.881,441,5,38.69312509,0.497076023,4738.909908895543,5165.4769510137285,675.5219974101216,10.946881889548704,13.843478228716794,1.6617841136288989,26.4521442318944,4994.934048493372,405256.0,578.0,9532.0,3000.0,21021.0,151634.0,7150.0
Galle,Southern,2020,July,0.820452453,0.796383787,Healthy,102.8436533,,,,1141000,15.0133,28.3942,492,6,43.20735626,0.555068653,4236.271530021249,4617.59420779121,603.8719158091226,9.785787234349089,12.375152476880444,1.4855249128904413,23.64646462411997,4465.140150532594,405256.0,578.0,9532.0,3000.0,21021.0,151634.0,7150.0
Galle,Southern,2020,August,0.81076477,0.79401784,Healthy,101.9842133,,,,1142000,13.2546,26.5587,544,7,47.7136816,0.61295972,3703.651212757961,4037.0307395343625,527.9479696915726,8.555434301470891,10.819242381952092,1.2987520054412685,20.67342868886425,3903.744511289945,405256.0,578.0,9532.0,3000.0,21021.0,151634.0,7150.0
Galle,Southern,2020,September,0.809451223,0.796829547,Healthy,101.4904887,,,,1143000,17.1663,32.0501,622,8,54.48221411,0.699912511,3615.469041025629,3940.9109600216393,515.3777799370113,8.351733484769202,10.561641372857997,1.2678293386450477,20.181204196272247,3810.7982134020895,405256.0,578.0,9532.0,3000.0,21021.0,151634.0,7150.0
Galle,Southern,2020,October,0.81316047,0.80463834,Healthy,100.997885,,,,1144000,19.4837,34.2962,674,8,58.97080562,0.757575758,3571.3779551594625,3892.851070265278,509.0926850597306,8.249883076418358,10.432840868310944,1.2523680052469373,19.935091949976243,3764.325064458161,405256.0,578.0,9532.0,3000.0,21021.0,151634.0,7150.0
Galle,Southern,2020,November,0.81293331,0.811067007,Healthy,100.216858,,,,1145000,22.8499,38.8201,726,9,63.45155679,0.815138282,3439.1046975609647,3748.671400996194,490.2374004278889,7.944331851365827,10.046439354669802,1.2059840050526065,19.19675521108824,3624.9056176263775,405256.0,578.0,9532.0,3000.0,21021.0,151634.0,7150.0
Galle,Southern,2020,December,0.819095067,0.813815253,Healthy,100.61113,,,,1146000,28.2367,42.6309,700,9,61.13203933,0.785340314,3350.922525828632,3652.551621483472,477.6672106733277,7.7406310346641405,9.788838345575703,1.175061338256386,18.70453071849623,3531.9593197385216,405256.0,578.0,9532.0,3000.0,21021.0,151634.0,7150.0
Galle,Southern,2021,January,0.827001833,0.807815863,Healthy,102.2382513,,,,1147000,25.8179,41.3446,355,5,30.99708678,0.491207179,97.35379450665512,116.14694329511134,13.656049270201455,0.2248872653103733,0.3112738080308984,0.0335938812046955,0.5697549545459673,95.18410110164857,33850.0,281.0,771.0,2593.0,3495.0,8011.0,2093.0
Galle,Southern,2021,February,0.814496287,0.793393733,Healthy,102.501178,,,,1147000,27.2484,41.4643,335,5,29.2750264,0.463917891,87.80930484913988,104.75998807010038,12.317220910377776,0.2028394942015131,0.280756768027869,0.0303003634395293,0.5138966256689115,85.85232648383989,33850.0,281.0,771.0,2593.0,3495.0,8011.0,2093.0
Galle,Southern,2021,March,0.800024017,0.78741916,Healthy,101.5053483,,,,1147000,25.3114,44.9499,355,5,30.99708678,0.491207179,358.87281112257176,428.1495164604103,50.33994632937006,0.8289961936931407,1.1474407041138996,0.1238362679702503,2.1002731657772906,350.8747256296065,33850.0,281.0,771.0,2593.0,3495.0,8011.0,2093.0
Galle,Southern,2021,April,0.8020648,0.79412357,Healthy,100.9407847,,,,1147000,22.8195,43.8482,316,5,27.55296603,0.436628603,2952.110651069453,3521.985251095876,414.0996116934617,6.819375603970437,9.438920472936946,1.0186850447659157,17.2769811216733,2886.317889288226,33850.0,281.0,771.0,2593.0,3495.0,8011.0,2093.0
Galle,Southern,2021,May,0.81036542,0.800402343,Healthy,101.17145,,,,1147000,23.2763,40.7621,296,4,25.83090565,0.409339316,4300.747039676353,5130.962024389918,603.2760589365465,9.934725661652374,13.75097822536498,1.4840591049839045,25.169762992001257,4204.897642784593,33850.0,281.0,771.0,2593.0,3495.0,8011.0,2093.0
Galle,Southern,2021,June,0.815203053,0.800973237,Healthy,101.6722867,,,,1147000,20.6283,34.2229,335,5,29.2750264,0.463917891,5129.208741948671,6119.349737920864,719.486360569241,11.84847219390143,16.399857297627914,1.769936447000333,30.01826593852968,5014.895679610386,33850.0,281.0,771.0,2593.0,3495.0,8011.0,2093.0
Galle,Southern,2021,July,0.815478977,0.796383787,Healthy,102.2562867,,,,1147000,17.2896,31.5756,375,5,32.71914716,0.518496467,4585.172831470305,5470.293290095243,643.1731440592919,10.591749240696403,14.660386017455249,1.582205934385858,26.83434119253751,4482.984526395292,33850.0,281.0,771.0,2593.0,3495.0,8011.0,2093.0
Galle,Southern,2021,August,0.814503707,0.79401784,Healthy,102.4271853,,,,1147000,14.9319,30.1577,414,6,36.16326791,0.573075042,4008.6856561563854,4782.521194504583,562.307911125942,9.260063865721252,12.81715680127228,1.3832774613698176,23.46049812836335,3919.345339479648,33850.0,281.0,771.0,2593.0,3495.0,8011.0,2093.0
Galle,Southern,2021,September,0.815972213,0.796829547,Healthy,102.2607233,,,,1147000,18.8739,35.6256,474,7,41.32944904,0.654942905,3913.240759581234,4668.651642254474,548.9196275277054,9.039586154632651,12.51198640124199,1.3503422837181551,22.901914839592795,3826.02759330156,33850.0,281.0,771.0,2593.0,3495.0,8011.0,2093.0
Galle,Southern,2021,October,0.8198722,0.80463834,Healthy,101.7829047,,,,1147000,22.4956,38.9329,513,8,44.77356979,0.709521481,3865.5183112936575,4611.716866129419,542.225485728587,8.92934729908835,12.359401201226843,1.333874694892324,22.62262319520752,3779.368720212517,33850.0,281.0,771.0,2593.0,3495.0,8011.0,2093.0
Galle,Southern,2021,November,0.824894473,0.811067007,Healthy,101.6058533,,,,1147000,24.9845,42.59,553,8,48.21769055,0.764100056,3722.350966430931,4440.912537754257,522.143060331232,8.59863073245545,11.901645601181407,1.2844719284148307,21.78474826205169,3639.3921009453866,33850.0,281.0,771.0,2593.0,3495.0,8011.0,2093.0
Galle,Southern,2021,December,0.823348703,0.813815253,Healthy,101.10371,,,,1147000,31.4847,46.2096,533,8,46.49563017,0.736810768,3626.9060698557782,4327.042985504148,508.7547767329953,8.378153021366849,11.596475201151112,1.2515367507631685,21.226164973281133,3546.0743547673,33850.0,281.0,771.0,2593.0,3495.0,8011.0,2093.0
Galle,Southern,2022,January,0.812530817,0.807815863,Healthy,100.5496267,,,,1147000,27.341,43.5841,930,8,81.08108108,0.765517681,84.58761651837847,104.4047589888606,7.386747161033518,0.1953973941574542,0.2798047540901464,0.0181713980161424,0.4933735462637431,95.3801875146496,20511.0,404.0,760.0,940.0,1489.0,9060.0,36.0
Galle,Southern,2022,February,0.802346287,0.793393733,Healthy,101.06231,,,,1146330,28.4777,44.2141,878,8,76.62133359,0.723411489,76.29471293814525,94.16899830367817,6.6625562628929735,0.1762407868871155,0.2523729154538574,0.0163898884067167,0.4450035907476896,86.02918873870354,20511.0,404.0,760.0,940.0,1489.0,9060.0,36.0
Galle,Southern,2022,March,0.799883943,0.78741916,Healthy,101.48843,,,,1145670,26.1148,48.6626,930,8,81.17520752,0.766406365,311.8131746167676,384.8646017628586,27.229577770084333,0.720288433364733,1.031437132724461,0.0669847613144074,1.8187103274036016,351.5975539755711,20511.0,404.0,760.0,940.0,1489.0,9060.0,36.0
Galle,Southern,2022,April,0.809341353,0.79412357,Healthy,101.8026767,,,,1145000,23.8009,46.5535,826,7,72.19796215,0.681648738,2564.995077366123,3165.92077992692,223.9922447948693,5.925138628715744,8.484667690204144,0.5510209221953783,14.960827241115268,2892.26392140011,20511.0,404.0,760.0,940.0,1489.0,9060.0,36.0
Galle,Southern,2022,May,0.813408,0.800402343,Healthy,101.5295533,,,,1144330,24.1452,42.3803,775,7,67.72521912,0.63941985,3736.782353253072,4612.233764743194,326.3204187021277,8.631967236014594,12.36078648951176,0.8027482300072342,21.795501955533588,4213.560048441284,20511.0,404.0,760.0,940.0,1489.0,9060.0,36.0
Galle,Southern,2022,June,0.809414783,0.800973237,Healthy,100.9919333,,,,1143670,22.1822,37.211,878,8,76.79954299,0.725094033,4456.60638401731,5500.697792217026,389.1801886607265,10.294760747079986,14.741870083141627,0.9573832641053872,25.994014094327,5025.226742193401,20511.0,404.0,760.0,940.0,1489.0,9060.0,36.0
Galle,Southern,2022,July,0.805340713,0.796383787,Healthy,101.0583087,,,,1143000,18.3374,33.6953,981,9,85.8850977,0.81087425,3983.91087994402,4917.259433161629,347.90130746671576,9.202834132670684,13.178255280873168,0.8558372163681208,23.236926629911974,4492.219811964477,20511.0,404.0,760.0,940.0,1489.0,9060.0,36.0
Galle,Southern,2022,August,0.79943207,0.79401784,Healthy,100.6415033,,,,1142330,15.8306,31.9207,1085,10,94.98131013,0.896755092,3483.019503697936,4299.019487776612,304.1601772190271,8.045775053542231,11.52137222724132,0.7482340359588067,20.31538131674236,3927.419485897337,20511.0,404.0,760.0,940.0,1489.0,9060.0,36.0
Galle,Southern,2022,September,0.79819936,0.796829547,Healthy,100.1617067,,,,1141670,19.8726,37.4679,1240,11,108.6128216,1.025455436,3400.090467895604,4196.661880924788,296.9182682376217,7.854208980838844,11.24705384087843,0.7304189398645493,19.831681761581823,3833.909498137876,20511.0,404.0,760.0,940.0,1489.0,9060.0,36.0
Galle,Southern,2022,October,0.812211067,0.80463834,Healthy,100.8852633,,,,1141000,23.2357,40.7554,1343,12,117.7329828,1.111562386,3358.6259499944376,4145.483077498876,293.297313746919,7.758425944487151,11.109894647696985,0.7215113918174206,19.58983198400156,3787.1545042581456,20511.0,404.0,760.0,940.0,1489.0,9060.0,36.0
Galle,Southern,2022,November,0.820130233,0.811067007,Healthy,101.052742,,,,1140330,26.9627,45.3689,1446,13,126.863861,1.197770521,3234.232396290941,3991.94666722114,282.43445027481096,7.471076835432073,10.698417068152654,0.6947887476760348,18.86428265126076,3646.889522618955,20511.0,404.0,760.0,940.0,1489.0,9060.0,36.0
Galle,Southern,2022,December,0.817761077,0.813815253,Healthy,100.4568333,,,,1139670,33.4423,48.7536,1395,13,122.4038537,1.155661876,3151.303360488609,3889.589060369316,275.1925412934055,7.279510762728686,10.424098681789769,0.6769736515817776,18.380583096100228,3553.379534859495,20511.0,404.0,760.0,940.0,1489.0,9060.0,36.0
Galle,Southern,2023,January,0.813545667,0.807815863,Healthy,100.6691067,,,,1139000,28.6615,45.2689,992,8,87.14319364,0.758046211,,,,,,,,,27890.0,685.0,586.0,288.0,1816.0,20200.0,60.0
Galle,Southern,2023,February,0.80922961,0.793393733,Healthy,101.8789133,,,,1138250,29.8168,44.9275,937,8,82.35613435,0.716404265,,,,,,,,,27890.0,685.0,586.0,288.0,1816.0,20200.0,60.0
Galle,Southern,2023,March,0.808563553,0.78741916,Healthy,102.5249667,,,,1137500,27.3267,50.6891,992,8,87.25810775,0.759045832,,,,,,,,,27890.0,685.0,586.0,288.0,1816.0,20200.0,60.0
Galle,Southern,2023,April,0.813178967,0.79412357,Healthy,102.2576663,,,,1136750,24.3933,48.0148,882,7,77.61393646,0.675152562,,,,,,,,,27890.0,685.0,586.0,288.0,1816.0,20200.0,60.0
Galle,Southern,2023,May,0.818678353,0.800402343,Healthy,102.149114,,,,1136000,24.7652,43.5828,827,7,72.81110443,0.633373411,,,,,,,,,27890.0,685.0,586.0,288.0,1816.0,20200.0,60.0
Galle,Southern,2023,June,0.816966037,0.800973237,Healthy,101.8792883,,,,1135250,22.9185,37.9419,937,8,82.57376782,0.718297427,,,,,,,,,27890.0,685.0,586.0,288.0,1816.0,20200.0,60.0
Galle,Southern,2023,July,0.811585783,0.796383787,Healthy,101.79604,,,,1134500,18.8643,34.8384,1047,9,92.34933909,0.803333727,,,,,,,,,27890.0,685.0,586.0,288.0,1816.0,20200.0,60.0
Galle,Southern,2023,August,0.807591977,0.79401784,Healthy,101.6082733,,,,1133750,16.1877,32.9569,1157,10,102.1378439,0.888482534,,,,,,,,,27890.0,685.0,586.0,288.0,1816.0,20200.0,60.0
Galle,Southern,2023,September,0.811352433,0.796829547,Healthy,101.71483,,,,1133000,20.9912,39.46,1323,11,116.8062343,1.01608077,,,,,,,,,27890.0,685.0,586.0,288.0,1816.0,20200.0,60.0
Galle,Southern,2023,October,0.818865433,0.80463834,Healthy,101.6648787,,,,1132250,24.058,42.1306,1433,12,126.623907,1.101483305,,,,,,,,,27890.0,685.0,586.0,288.0,1816.0,20200.0,60.0
Galle,Southern,2023,November,0.82546175,0.811067007,Healthy,101.671655,,,,1131500,28.1337,47.3954,1543,13,136.4545948,1.186999055,,,,,,,,,27890.0,685.0,586.0,288.0,1816.0,20200.0,60.0
Galle,Southern,2023,December,0.829480867,0.813815253,Healthy,101.8135283,,,,1130750,35.2168,51.8098,1488,12,131.6684911,1.145365422,,,,,,,,,27890.0,685.0,586.0,288.0,1816.0,20200.0,60.0
Galle,Southern,2024,January,0.825171543,0.807815863,Healthy,102.0233783,,,,1130000,29.0032,44.9614,960,7,85.0075545,0.686380315,,,,,,,,,74410.0,146.0,1027.0,715.0,1644.0,65289.0,94.0
Galle,Southern,2024,February,0.80867341,0.793393733,Healthy,101.8111867,,,,1130000,29.9407,46.4819,907,7,80.28491258,0.648248075,,,,,,,,,74410.0,146.0,1027.0,715.0,1644.0,65289.0,94.0
Galle,Southern,2024,March,0.7980747,0.78741916,Healthy,101.272482,,,,1130000,27.558,50.2219,960,7,85.0075545,0.686380315,,,,,,,,,74410.0,146.0,1027.0,715.0,1644.0,65289.0,94.0
Galle,Southern,2024,April,0.80546231,0.79412357,Healthy,101.34275,,,,1130000,24.9865,50.0385,853,6,75.56227067,0.610115836,,,,,,,,,74410.0,146.0,1027.0,715.0,1644.0,65289.0,94.0
Galle,Southern,2024,May,0.81672033,0.800402343,Healthy,101.918746,,,,1130000,25.6059,45.8212,800,6,70.83962875,0.571983596,,,,,,,,,74410.0,146.0,1027.0,715.0,1644.0,65289.0,94.0
Galle,Southern,2024,June,0.819540087,0.800973237,Healthy,102.1818817,,,,1130000,22.7425,37.9242,907,7,80.28491258,0.648248075,,,,,,,,,74410.0,146.0,1027.0,715.0,1644.0,65289.0,94.0
Galle,Southern,2024,July,0.81681046,0.796383787,Healthy,102.4135713,,,,1130000,18.7662,35.3008,1013,8,89.73019642,0.724512555,,,,,,,,,74410.0,146.0,1027.0,715.0,1644.0,65289.0,94.0
Galle,Southern,2024,August,0.81772344,0.79401784,Healthy,102.8086533,,,,1130000,16.9771,33.8732,1120,9,99.17548025,0.800777034,,,,,,,,,74410.0,146.0,1027.0,715.0,1644.0,65289.0,94.0
Galle,Southern,2024,September,0.819716643,0.796829547,Healthy,102.7029167,,,,1130000,21.5089,39.2536,1280,10,113.343406,0.915173754,,,,,,,,,74410.0,146.0,1027.0,715.0,1644.0,65289.0,94.0
Galle,Southern,2024,October,0.82354198,0.80463834,Healthy,102.2121113,,,,1130000,24.5767,42.8181,1387,11,122.7886898,0.991438233,,,,,,,,,74410.0,146.0,1027.0,715.0,1644.0,65289.0,94.0
Galle,Southern,2024,November,0.827933293,0.811067007,Healthy,101.9589567,,,,1130000,27.8795,48.7716,1494,12,132.2339737,1.067702712,,,,,,,,,74410.0,146.0,1027.0,715.0,1644.0,65289.0,94.0
Galle,Southern,2024,December,0.82310988,0.813815253,Healthy,101.0760667,,,,1130000,35.1721,51.1465,1440,11,127.5113318,1.029570473,,,,,,,,,74410.0,146.0,1027.0,715.0,1644.0,65289.0,94.0
Gampaha,Western,2014,January,0.719377287,0.736200333,Healthy,97.85123667,317.8,300.2,8.9,2339000,42.07142857,27.27272727,1675,9,71.62222755,0.403549568,,,,,,,,,859112.0,3851.0,20799.0,3851.0,38780.0,272885.0,79038.0
Gampaha,Western,2014,February,0.672986533,0.703440243,Healthy,95.95616833,320.2,305.0,9.05,2340330,39.21428571,25.90909091,1582,8,67.60477355,0.380913553,,,,,,,,,859112.0,3851.0,20799.0,3851.0,38780.0,272885.0,79038.0
Gampaha,Western,2014,March,0.672997147,0.699897313,Healthy,96.410218,319.9333333,299.6666667,13.73333333,2341670,42.66666667,23.27272727,1675,9,71.54056304,0.403089436,,,,,,,,,859112.0,3851.0,20799.0,3851.0,38780.0,272885.0,79038.0
Gampaha,Western,2014,April,0.714388633,0.724239377,Healthy,98.72185333,,,,2343000,37.33333333,20.8636,1489,8,63.55551392,0.358098331,,,,,,,,,859112.0,3851.0,20799.0,3851.0,38780.0,272885.0,79038.0
Gampaha,Western,2014,May,0.745358823,0.74915808,Healthy,99.52528,,,,2344330,29.85714286,18.45454545,1396,7,59.54949113,0.335526724,,,,,,,,,859112.0,3851.0,20799.0,3851.0,38780.0,272885.0,79038.0
Gampaha,Western,2014,June,0.748363113,0.758436893,Healthy,98.75387,,,,2345670,26.28571429,16.09090909,1582,8,67.45086891,0.38004639,,,,,,,,,859112.0,3851.0,20799.0,3851.0,38780.0,272885.0,79038.0
Gampaha,Western,2014,July,0.739697853,0.752313433,Healthy,98.42861,,,,2347000,21.18181818,14.72727273,1768,9,75.3435453,0.424517027,,,,,,,,,859112.0,3851.0,20799.0,3851.0,38780.0,272885.0,79038.0
Gampaha,Western,2014,August,0.742924087,0.741012633,Healthy,100.2433117,,,,2348330,23.57142857,17.0,1954,11,83.22728149,0.468937293,,,,,,,,,859112.0,3851.0,20799.0,3851.0,38780.0,272885.0,79038.0
Gampaha,Western,2014,September,0.754236137,0.738296127,Healthy,102.021872,,,,2349670,38.57142857,28.54545455,2233,12,95.06264865,0.535622698,,,,,,,,,859112.0,3851.0,20799.0,3851.0,38780.0,272885.0,79038.0
Gampaha,Western,2014,October,0.762273013,0.745692967,Healthy,102.0848367,319.0,299.5,8.4,2351000,25.5,18.36363636,2419,13,102.926276,0.579929661,,,,,,,,,859112.0,3851.0,20799.0,3851.0,38780.0,272885.0,79038.0
Gampaha,Western,2014,November,0.770138983,0.759645287,Healthy,101.2964917,,,,2352330,40.0,25.18181818,2605,14,110.7810111,0.624186523,,,,,,,,,859112.0,3851.0,20799.0,3851.0,38780.0,272885.0,79038.0
Gampaha,Western,2014,December,0.773182953,0.762856907,Healthy,101.27051,312.5,297.6,5.3,2353670,45.85714286,28.90909091,2512,14,106.7637287,0.601551474,,,,,,,,,859112.0,3851.0,20799.0,3851.0,38780.0,272885.0,79038.0
Gampaha,Western,2015,January,0.744511317,0.736200333,Healthy,101.0550883,312.9,299.2,5.1,2355000,30.21428571,41.90909091,1717,12,72.94391797,0.528196365,6767.65825032735,12741.801145843101,558.1988219350857,15.63329055825618,34.14802707085951,1.3731691019603105,51.15448673107601,,1337814.0,4140.0,39456.0,5356.0,105628.0,370889.0,129547.0
Gampaha,Western,2015,February,0.711626933,0.703440243,Healthy,101.087875,,,,2356500,33.57142857,45.09090909,1622,11,68.8476261,0.498534584,6767.65825032735,12741.801145843101,558.1988219350857,15.63329055825618,34.14802707085951,1.3731691019603105,51.15448673107601,,1337814.0,4140.0,39456.0,5356.0,105628.0,370889.0,129547.0
Gampaha,Western,2015,March,0.71279433,0.699897313,Healthy,101.719243,316.5,299.3,5.1,2358000,37.42857143,46.63636364,1717,12,72.85111401,0.527524359,6767.65825032735,12741.801145843101,558.1988219350857,15.63329055825618,34.14802707085951,1.3731691019603105,51.15448673107601,,1337814.0,4140.0,39456.0,5356.0,105628.0,370889.0,129547.0
Gampaha,Western,2015,April,0.738220547,0.724239377,Healthy,101.806638,314.8666667,295.1666667,14.03333333,2359500,29.21428571,47.36363636,1526,11,64.71537824,0.468612442,6767.65825032735,12741.801145843101,558.1988219350857,15.63329055825618,34.14802707085951,1.3731691019603105,51.15448673107601,,1337814.0,4140.0,39456.0,5356.0,105628.0,370889.0,129547.0
Gampaha,Western,2015,May,0.758743243,0.74915808,Healthy,101.20061,317.0,300.4,13.8,2361000,30.0,45.63636364,1431,10,60.63212157,0.439045051,6767.65825032735,12741.801145843101,558.1988219350857,15.63329055825618,34.14802707085951,1.3731691019603105,51.15448673107601,,1337814.0,4140.0,39456.0,5356.0,105628.0,370889.0,129547.0
Gampaha,Western,2015,June,0.7645631,0.758436893,Healthy,100.757775,,,,2362500,29.14285714,39.63636364,1622,11,68.67277498,0.497268465,6767.65825032735,12741.801145843101,558.1988219350857,15.63329055825618,34.14802707085951,1.3731691019603105,51.15448673107601,,1337814.0,4140.0,39456.0,5356.0,105628.0,370889.0,129547.0
Gampaha,Western,2015,July,0.757172303,0.752313433,Healthy,100.6059053,,,,2364000,27.6071,35.3636,1813,13,76.70322452,0.555417991,6767.65825032735,12741.801145843101,558.1988219350857,15.63329055825618,34.14802707085951,1.3731691019603105,51.15448673107601,,1337814.0,4140.0,39456.0,5356.0,105628.0,370889.0,129547.0
Gampaha,Western,2015,August,0.751990013,0.741012633,Healthy,101.38879,,,,2365500,26.07142857,31.09090909,2004,14,84.72348959,0.61349377,6767.65825032735,12741.801145843101,558.1988219350857,15.63329055825618,34.14802707085951,1.3731691019603105,51.15448673107601,,1337814.0,4140.0,39456.0,5356.0,105628.0,370889.0,129547.0
Gampaha,Western,2015,September,0.762943947,0.738296127,Healthy,103.1263767,312.4,294.4,4.8,2367000,32.07142857,40.45454545,2290,16,96.76548477,0.700691418,6767.65825032735,12741.801145843101,558.1988219350857,15.63329055825618,34.14802707085951,1.3731691019603105,51.15448673107601,,1337814.0,4140.0,39456.0,5356.0,105628.0,370889.0,129547.0
Gampaha,Western,2015,October,0.778353167,0.745692967,Healthy,104.1046817,314.1,295.4,8.95,2368500,32.35714286,42.27272727,2481,17,104.7628855,0.758601633,6767.65825032735,12741.801145843101,558.1988219350857,15.63329055825618,34.14802707085951,1.3731691019603105,51.15448673107601,,1337814.0,4140.0,39456.0,5356.0,105628.0,370889.0,129547.0
Gampaha,Western,2015,November,0.786927633,0.759645287,Healthy,103.3710637,,,,2370000,26.57142857,29.18181818,2672,19,112.7501629,0.816438544,6767.65825032735,12741.801145843101,558.1988219350857,15.63329055825618,34.14802707085951,1.3731691019603105,51.15448673107601,,1337814.0,4140.0,39456.0,5356.0,105628.0,370889.0,129547.0
Gampaha,Western,2015,December,0.780070903,0.762856907,Healthy,102.1166883,,,,2371500,37.85714286,48.90909091,2576,18,108.6546027,0.786782061,6767.65825032735,12741.801145843101,558.1988219350857,15.63329055825618,34.14802707085951,1.3731691019603105,51.15448673107601,,1337814.0,4140.0,39456.0,5356.0,105628.0,370889.0,129547.0
Gampaha,Western,2016,January,0.740418433,0.736200333,Healthy,100.5304333,,,,2373000,41.28571429,58.09090909,1492,8,62.90894515,0.342265117,,,,,,,,,986656.0,2685.0,26887.0,5271.0,45172.0,340129.0,56945.0
Gampaha,Western,2016,February,0.699592183,0.703440243,Healthy,99.48832,319.7,299.95,8.45,2374750,42.64285714,58.81818182,1409,7,59.3702204,0.323012178,,,,,,,,,986656.0,2685.0,26887.0,5271.0,45172.0,340129.0,56945.0
Gampaha,Western,2016,March,0.692724103,0.699897313,Healthy,99.044475,,,,2376500,36.92857143,54.81818182,1492,8,62.81629574,0.341761044,,,,,,,,,986656.0,2685.0,26887.0,5271.0,45172.0,340129.0,56945.0
Gampaha,Western,2016,April,0.715173733,0.724239377,Healthy,98.82655167,318.9,300.6,12.9,2378250,34.21428571,44.63636364,1326,7,55.79562071,0.303564057,,,,,,,,,986656.0,2685.0,26887.0,5271.0,45172.0,340129.0,56945.0
Gampaha,Western,2016,May,0.752865933,0.74915808,Healthy,100.4610113,,,,2380000,32.07142857,49.18181818,1244,6,52.26993236,0.284382046,,,,,,,,,986656.0,2685.0,26887.0,5271.0,45172.0,340129.0,56945.0
Gampaha,Western,2016,June,0.76370141,0.758436893,Healthy,100.6510967,,,,2381750,30.42857143,45.18181818,1409,7,59.19573041,0.322062841,,,,,,,,,986656.0,2685.0,26887.0,5271.0,45172.0,340129.0,56945.0
Gampaha,Western,2016,July,0.745825497,0.752313433,Healthy,99.190215,,,,2383500,30.5714,47.1364,1575,8,66.11135841,0.359688304,,,,,,,,,986656.0,2685.0,26887.0,5271.0,45172.0,340129.0,56945.0
Gampaha,Western,2016,August,0.72308723,0.741012633,Healthy,97.73223,,,,2385250,30.71428571,49.09090909,1741,9,73.01683875,0.397258558,,,,,,,,,986656.0,2685.0,26887.0,5271.0,45172.0,340129.0,56945.0
Gampaha,Western,2016,September,0.69736099,0.738296127,Healthy,94.807722,321.15,297.6,21.75,2387000,27.85714286,38.36363636,1990,10,83.38663697,0.453676929,,,,,,,,,986656.0,2685.0,26887.0,5271.0,45172.0,340129.0,56945.0
Gampaha,Western,2016,October,0.694243953,0.745692967,Healthy,93.53289533,,,,2388750,30.78571429,43.09090909,2156,11,90.26934351,0.491123279,,,,,,,,,986656.0,2685.0,26887.0,5271.0,45172.0,340129.0,56945.0
Gampaha,Western,2016,November,0.72086948,0.759645287,Healthy,95.20912,315.9,297.0,8.1,2390500,33.35714286,47.18181818,2322,12,97.14197288,0.528514802,,,,,,,,,986656.0,2685.0,26887.0,5271.0,45172.0,340129.0,56945.0
Gampaha,Western,2016,December,0.730798567,0.762856907,Healthy,96.05650667,,,,2392250,37.92857143,51.45454545,2239,12,93.60409248,0.509266457,,,,,,,,,986656.0,2685.0,26887.0,5271.0,45172.0,340129.0,56945.0
Gampaha,Western,2017,January,0.713506367,0.736200333,Healthy,97.11928,,,,2394000,35.0939,55.1287,1586,10,66.25710618,0.440124702,,,,,,,,,903306.0,3331.0,16742.0,8689.0,39182.0,344380.0,23537.0
Gampaha,Western,2017,February,0.693149633,0.703440243,Healthy,98.63666,329.25,305.45,18.3,2395250,35.5931,57.4533,1498,9,62.54349946,0.415456404,,,,,,,,,903306.0,3331.0,16742.0,8689.0,39182.0,344380.0,23537.0
Gampaha,Western,2017,March,0.693827653,0.699897313,Healthy,99.190845,316.4,297.5666667,10.33333333,2396500,36.9925,54.51,1586,10,66.18798756,0.439665569,,,,,,,,,903306.0,3331.0,16742.0,8689.0,39182.0,344380.0,23537.0
Gampaha,Western,2017,April,0.713548933,0.724239377,Healthy,98.62085667,,,,2397750,31.1674,49.6178,1409,9,58.80309538,0.390610099,,,,,,,,,903306.0,3331.0,16742.0,8689.0,39182.0,344380.0,23537.0
Gampaha,Western,2017,May,0.7417163,0.74915808,Healthy,99.066575,316.6,299.2,7.0,2399000,28.4577,48.7377,1321,8,55.0991775,0.366006161,,,,,,,,,903306.0,3331.0,16742.0,8689.0,39182.0,344380.0,23537.0
Gampaha,Western,2017,June,0.756107083,0.758436893,Healthy,99.71176833,,,,2400250,26.8966,42.017,1498,9,62.41321407,0.41459096,,,,,,,,,903306.0,3331.0,16742.0,8689.0,39182.0,344380.0,23537.0
Gampaha,Western,2017,July,0.7424872,0.752313433,Healthy,98.774015,,,,2401500,24.4897,40.4606,1674,11,69.71963661,0.463125181,,,,,,,,,903306.0,3331.0,16742.0,8689.0,39182.0,344380.0,23537.0
Gampaha,Western,2017,August,0.727330477,0.741012633,Healthy,98.27049967,,,,2402750,25.4006,40.6952,1850,12,77.018457,0.511608903,,,,,,,,,903306.0,3331.0,16742.0,8689.0,39182.0,344380.0,23537.0
Gampaha,Western,2017,September,0.73394818,0.738296127,Healthy,99.44810667,,,,2404000,30.2201,50.7463,2114,14,87.97532568,0.584391867,,,,,,,,,903306.0,3331.0,16742.0,8689.0,39182.0,344380.0,23537.0
Gampaha,Western,2017,October,0.7505482,0.745692967,Healthy,100.6098867,,,,2405250,28.3351,44.9986,2291,15,95.25707231,0.632762174,,,,,,,,,903306.0,3331.0,16742.0,8689.0,39182.0,344380.0,23537.0
Gampaha,Western,2017,November,0.75972904,0.759645287,Healthy,100.0117367,,,,2406500,31.3464,45.6844,2467,16,102.5312543,0.681082232,,,,,,,,,903306.0,3331.0,16742.0,8689.0,39182.0,344380.0,23537.0
Gampaha,Western,2017,December,0.75152905,0.762856907,Healthy,98.6053,,,,2407750,37.4616,57.0045,2379,15,98.81809502,0.656416906,,,,,,,,,903306.0,3331.0,16742.0,8689.0,39182.0,344380.0,23537.0
Gampaha,Western,2018,January,0.71765458,0.736200333,Healthy,97.64033667,,,,2409000,36.8003,59.0624,1467,9,60.91789934,0.413085077,,,,,,,,,961598.0,2957.0,16931.0,7055.0,80776.0,339763.0,20063.0
Gampaha,Western,2018,February,0.688189343,0.703440243,Healthy,97.97706167,,,,2409670,37.8347,58.8325,1385,9,57.5175746,0.39002743,,,,,,,,,961598.0,2957.0,16931.0,7055.0,80776.0,339763.0,20063.0
Gampaha,Western,2018,March,0.6889858,0.699897313,Healthy,98.54400467,317.3,301.4,8.8,2410330,38.4831,55.9596,1467,9,60.88428535,0.41285714,,,,,,,,,961598.0,2957.0,16931.0,7055.0,80776.0,339763.0,20063.0
Gampaha,Western,2018,April,0.720921963,0.724239377,Healthy,99.56819,316.8,301.9,7.7,2411000,33.3481,52.1811,1304,8,54.10432537,0.366882142,,,,,,,,,961598.0,2957.0,16931.0,7055.0,80776.0,339763.0,20063.0
Gampaha,Western,2018,May,0.750715583,0.74915808,Healthy,100.19499,,,,2411670,30.2807,49.9153,1222,8,50.70871343,0.343856453,,,,,,,,,961598.0,2957.0,16931.0,7055.0,80776.0,339763.0,20063.0
Gampaha,Western,2018,June,0.7573624,0.758436893,Healthy,99.867062,,,,2412330,27.8353,45.2848,1385,9,57.45415179,0.38959736,,,,,,,,,961598.0,2957.0,16931.0,7055.0,80776.0,339763.0,20063.0
Gampaha,Western,2018,July,0.745297167,0.752313433,Healthy,99.12432333,,,,2413000,25.558,43.0343,1549,10,64.19563408,0.43531144,,,,,,,,,961598.0,2957.0,16931.0,7055.0,80776.0,339763.0,20063.0
Gampaha,Western,2018,August,0.7199248,0.741012633,Healthy,97.332425,,,,2413670,26.5921,42.5231,1712,11,70.9333737,0.481000141,,,,,,,,,961598.0,2957.0,16931.0,7055.0,80776.0,339763.0,20063.0
Gampaha,Western,2018,September,0.712012753,0.738296127,Healthy,96.66547467,311.0,284.4,8.6,2414330,31.5458,51.8572,1956,13,81.04455177,0.549564172,,,,,,,,,961598.0,2957.0,16931.0,7055.0,80776.0,339763.0,20063.0
Gampaha,Western,2018,October,0.7337184,0.745692967,Healthy,98.493825,316.6,297.95,12.05,2415000,29.4371,48.0104,2119,14,87.77390631,0.595196014,,,,,,,,,961598.0,2957.0,16931.0,7055.0,80776.0,339763.0,20063.0
Gampaha,Western,2018,November,0.746881533,0.759645287,Healthy,98.424353,,,,2415670,33.235,47.9904,2282,15,94.499528,0.640802543,,,,,,,,,961598.0,2957.0,16931.0,7055.0,80776.0,339763.0,20063.0
Gampaha,Western,2018,December,0.7459163,0.762856907,Healthy,97.915845,,,,2416330,39.8288,60.3625,2201,14,91.09965496,0.617747959,,,,,,,,,961598.0,2957.0,16931.0,7055.0,80776.0,339763.0,20063.0
Gampaha,Western,2019,January,0.7193482,0.736200333,Healthy,97.855275,,,,2417000,37.8723,61.2205,1465,9,60.61333845,0.372362433,9534.416454747601,12861.58306025761,883.6004393304237,22.024502010466957,34.4690426014904,2.173657080752842,58.667201692710194,,734606.0,1613.0,13459.0,3738.0,38232.0,284301.0,15490.0
Gampaha,Western,2019,February,0.681654587,0.703440243,Healthy,97.10618,,,,2417500,38.9427,62.5947,1383,8,57.23409085,0.351602896,9534.416454747601,12861.58306025761,883.6004393304237,22.024502010466957,34.4690426014904,2.173657080752842,58.667201692710194,,734606.0,1613.0,13459.0,3738.0,38232.0,284301.0,15490.0
Gampaha,Western,2019,March,0.666946787,0.699897313,Healthy,95.60835167,326.4,304.15,13.61666667,2418000,39.5116,59.67,1465,9,60.5882709,0.372208437,9534.416454747601,12861.58306025761,883.6004393304237,22.024502010466957,34.4690426014904,2.173657080752842,58.667201692710194,,734606.0,1613.0,13459.0,3738.0,38232.0,284301.0,15490.0
Gampaha,Western,2019,April,0.684818447,0.724239377,Healthy,94.90644667,318.0,301.0,14.8,2418500,33.8803,53.7836,1302,8,53.84510657,0.330783544,9534.416454747601,12861.58306025761,883.6004393304237,22.024502010466957,34.4690426014904,2.173657080752842,58.667201692710194,,734606.0,1613.0,13459.0,3738.0,38232.0,284301.0,15490.0
Gampaha,Western,2019,May,0.724169467,0.74915808,Healthy,96.86804167,,,,2419000,31.4959,51.9756,1220,7,50.46935339,0.310045473,9534.416454747601,12861.58306025761,883.6004393304237,22.024502010466957,34.4690426014904,2.173657080752842,58.667201692710194,,734606.0,1613.0,13459.0,3738.0,38232.0,284301.0,15490.0
Gampaha,Western,2019,June,0.753743953,0.758436893,Healthy,99.41957633,,,,2419500,28.8896,45.2205,1383,8,57.18678018,0.351312255,9534.416454747601,12861.58306025761,883.6004393304237,22.024502010466957,34.4690426014904,2.173657080752842,58.667201692710194,,734606.0,1613.0,13459.0,3738.0,38232.0,284301.0,15490.0
Gampaha,Western,2019,July,0.757302127,0.752313433,Healthy,100.6231367,,,,2420000,27.2411,44.3883,1546,9,63.90143116,0.392561983,9534.416454747601,12861.58306025761,883.6004393304237,22.024502010466957,34.4690426014904,2.173657080752842,58.667201692710194,,734606.0,1613.0,13459.0,3738.0,38232.0,284301.0,15490.0
Gampaha,Western,2019,August,0.755930487,0.741012633,Healthy,101.8868767,,,,2420500,27.6379,44.5869,1709,10,70.61330807,0.433794671,9534.416454747601,12861.58306025761,883.6004393304237,22.024502010466957,34.4690426014904,2.173657080752842,58.667201692710194,,734606.0,1613.0,13459.0,3738.0,38232.0,284301.0,15490.0
Gampaha,Western,2019,September,0.760862377,0.738296127,Healthy,102.86259,,,,2421000,32.671,54.0752,1953,12,80.68425666,0.495662949,9534.416454747601,12861.58306025761,883.6004393304237,22.024502010466957,34.4690426014904,2.173657080752842,58.667201692710194,,734606.0,1613.0,13459.0,3738.0,38232.0,284301.0,15490.0
Gampaha,Western,2019,October,0.764206367,0.745692967,Healthy,102.328405,,,,2421500,29.6549,49.2265,2116,13,87.38989641,0.53685732,9534.416454747601,12861.58306025761,883.6004393304237,22.024502010466957,34.4690426014904,2.173657080752842,58.667201692710194,,734606.0,1613.0,13459.0,3738.0,38232.0,284301.0,15490.0
Gampaha,Western,2019,November,0.768992167,0.759645287,Healthy,101.1551367,,,,2422000,33.0565,48.8395,2278,14,94.09276752,0.578034682,9534.416454747601,12861.58306025761,883.6004393304237,22.024502010466957,34.4690426014904,2.173657080752842,58.667201692710194,,734606.0,1613.0,13459.0,3738.0,38232.0,284301.0,15490.0
Gampaha,Western,2019,December,0.768621283,0.762856907,Healthy,100.7087567,,,,2422500,40.0564,62.3917,2197,13,90.71358454,0.557275542,9534.416454747601,12861.58306025761,883.6004393304237,22.024502010466957,34.4690426014904,2.173657080752842,58.667201692710194,,734606.0,1613.0,13459.0,3738.0,38232.0,284301.0,15490.0
Gampaha,Western,2020,January,0.728858133,0.736200333,Healthy,99.05512667,,,,2423000,28.4156,45.0105,677,4,27.96070181,0.199309463,267.39285723795086,327.2840301374327,24.14896960499584,0.6176775002196664,0.8771212007683196,0.0594064652282897,1.554205166216276,184.19300632861945,405256.0,578.0,9532.0,3000.0,21021.0,151634.0,7150.0
Gampaha,Western,2020,February,0.6696461,0.703440243,Healthy,95.50739933,314.2,294.0,18.9,2424670,29.6143,46.6318,639,4,26.38914135,0.188107067,241.17787123423008,295.1973605161156,21.78142356529036,0.5571208825510714,0.79112892618319,0.0535823019706142,1.401832110704876,166.13486845326457,405256.0,578.0,9532.0,3000.0,21021.0,151634.0,7150.0
Gampaha,Western,2020,March,0.649703553,0.699897313,Healthy,93.30706467,324.925,304.15,17.125,2426330,29.5343,43.6523,677,4,27.92232734,0.199035922,985.6834737398972,1206.4587777615163,89.01973109292584,2.276928824339162,3.233309524400864,0.2189885384885975,5.7292268872286245,678.9859841133422,405256.0,578.0,9532.0,3000.0,21021.0,151634.0,7150.0
Gampaha,Western,2020,April,0.6857716,0.724239377,Healthy,95.02164333,316.5,300.55,7.3,2428000,25.4912,39.8096,602,4,24.80277521,0.176799132,8108.295170950802,9924.406913873325,732.2819900809033,18.73016184489635,26.59741052918051,1.8014136955990216,47.128986069675896,5585.382044847254,405256.0,578.0,9532.0,3000.0,21021.0,151634.0,7150.0
Gampaha,Western,2020,May,0.74049358,0.74915808,Healthy,98.90934533,315.65,294.85,10.7,2429670,23.8228,39.0525,564,4,23.23661941,0.165635261,11812.472693276532,14458.253331365408,1066.8162454912867,27.28681192146879,38.74811892805929,2.6243679639085653,68.65929881343666,8136.996926634893,405256.0,578.0,9532.0,3000.0,21021.0,151634.0,7150.0
Gampaha,Western,2020,June,0.772199993,0.758436893,Healthy,101.7025267,,,,2431330,21.6149,35.1241,639,4,26.31685512,0.187591796,14087.933478399484,17243.37625449571,1272.3192417377215,32.5431263351028,46.212248362048506,3.1299053346747945,81.88528003182611,9704.443294215693,405256.0,578.0,9532.0,3000.0,21021.0,151634.0,7150.0
Gampaha,Western,2020,July,0.77245814,0.752313433,Healthy,102.5104233,,,,2433000,20.5639,33.6608,715,5,29.3927668,0.209517508,12593.679276187408,15414.43608608065,1137.3691174745095,29.091399127992908,41.31068871069614,2.7979280289872936,73.20001586767636,8675.129435320468,405256.0,578.0,9532.0,3000.0,21021.0,151634.0,7150.0
Gampaha,Western,2020,August,0.7542787,0.741012633,Healthy,101.676468,,,,2434670,20.4693,33.8867,790,5,32.4644588,0.231413142,11010.29412156268,13476.401240953108,994.3693366762992,25.433779420809785,36.116755325754326,2.446148568223696,63.996683314787816,7584.417907649035,405256.0,578.0,9532.0,3000.0,21021.0,151634.0,7150.0
Gampaha,Western,2020,September,0.74856168,0.738296127,Healthy,101.3023203,,,,2436330,24.7278,41.9432,903,6,37.07695892,0.264291963,10748.144261525473,13155.534544739938,970.6938762792444,24.82821324412384,35.25683257990303,2.387906935646941,62.472952759673824,7403.836528895487,405256.0,578.0,9532.0,3000.0,21021.0,151634.0,7150.0
Gampaha,Western,2020,October,0.7499908,0.745692967,Healthy,100.5411083,317.3,297.8,8.8,2438000,23.0907,36.5938,978,6,40.13919179,0.28612017,10617.06933150687,12995.101196633354,958.8561460807168,24.525430155780864,34.82687120697739,2.3587861193585637,61.71108748211682,7313.545839518712,405256.0,578.0,9532.0,3000.0,21021.0,151634.0,7150.0
Gampaha,Western,2020,November,0.762435433,0.759645287,Healthy,100.344198,,,,2439670,25.6373,37.3448,1053,7,43.19723236,0.307918494,10223.84454145106,12513.8011523136,923.342955485135,23.617080890751943,33.536987088200455,2.271423670493432,59.42549164944584,7042.67377138839,405256.0,578.0,9532.0,3000.0,21021.0,151634.0,7150.0
Gampaha,Western,2020,December,0.769671617,0.762856907,Healthy,100.8388033,,,,2441330,31.479,48.0841,1016,7,41.6261508,0.296719511,9961.694681413854,12192.934456100433,899.6674950880803,23.011514714066,32.677064342349155,2.213182037916677,57.901761094331846,6862.092392634842,405256.0,578.0,9532.0,3000.0,21021.0,151634.0,7150.0
Gampaha,Western,2021,January,0.745898563,0.736200333,Healthy,101.23337,,,,2443000,32.7113,50.9369,342,3,14.03811787,0.13178519,289.4154578260757,387.7213010609095,25.720634293493024,0.6685497075782347,1.039093086843237,0.0632727603619928,1.770915554783465,184.9291107117744,33850.0,281.0,771.0,2593.0,3495.0,8011.0,2093.0
Gampaha,Western,2021,February,0.7085773,0.703440243,Healthy,100.6803933,,,,2442670,33.3848,53.3549,323,3,13.26001359,0.124480606,261.0413933333231,349.7094088000358,23.199003480405462,0.6030056185999763,0.937221215584096,0.0570695485617974,1.5972963827458695,166.79880574003178,33850.0,281.0,771.0,2593.0,3495.0,8011.0,2093.0
Gampaha,Western,2021,March,0.70077871,0.699897313,Healthy,100.1183333,,,,2442330,33.4204,48.8877,342,3,14.04196892,0.131821343,1066.8648249274945,1429.2471490088424,94.81331857209192,2.464457745582512,3.8303823593436976,0.2332407636873461,6.528080868613556,681.6994669375212,33850.0,281.0,771.0,2593.0,3495.0,8011.0,2093.0
Gampaha,Western,2021,April,0.720705633,0.724239377,Healthy,99.54513133,,,,2442000,28.4368,46.2085,304,2,12.48343687,0.117190361,8776.098147608353,11757.078276288164,779.9404104879795,20.272786720975294,31.50896978045228,1.9186534098004295,53.70040991122801,5607.703327759982,33850.0,281.0,771.0,2593.0,3495.0,8011.0,2093.0
Gampaha,Western,2021,May,0.740358833,0.74915808,Healthy,98.89981033,,,,2441670,26.6286,43.6826,285,2,11.7048038,0.109880812,12785.353460434284,17128.158652749586,1136.2468443772505,29.53416649360319,45.90346518936889,2.7951672371680365,78.23279892014013,8169.515420267208,33850.0,281.0,771.0,2593.0,3495.0,8011.0,2093.0
Gampaha,Western,2021,June,0.75398935,0.758436893,Healthy,99.449965,315.7,298.6,7.9,2441330,25.0257,39.7867,323,3,13.26729176,0.124548931,15248.222258405198,20427.5909009934,1355.1243989532495,35.223393416916004,54.7459436146623,3.333606021424994,93.3029430530033,9743.225891814463,33850.0,281.0,771.0,2593.0,3495.0,8011.0,2093.0
Gampaha,Western,2021,July,0.759467353,0.752313433,Healthy,100.8930833,,,,2441000,23.2321,37.4391,362,3,14.83015424,0.139220565,13630.900582318309,18260.91304212361,1211.3914426072597,31.487380345155287,48.93924695289128,2.980022948813858,83.40665024686044,8709.798508425138,33850.0,281.0,771.0,2593.0,3495.0,8011.0,2093.0
Gampaha,Western,2021,August,0.755058833,0.741012633,Healthy,101.7760933,,,,2440670,23.0868,38.6401,400,3,16.39343935,0.153896166,11917.107086956055,15964.994749566857,1059.0849414967713,27.528517370868485,42.78618592883917,2.6053489560820573,72.92005225578971,7614.728088131886,33850.0,281.0,771.0,2593.0,3495.0,8011.0,2093.0
Gampaha,Western,2021,September,0.752417687,0.738296127,Healthy,101.7914787,300.5,287.1,5.0,2440330,28.0295,45.4164,457,4,18.73796956,0.175905838,11633.36644202853,15584.87582695812,1033.8686333658957,26.8730764810859,41.76746721624776,2.5433168380801034,71.18386053541377,7433.42503841446,33850.0,281.0,771.0,2593.0,3495.0,8011.0,2093.0
Gampaha,Western,2021,October,0.756265227,0.745692967,Healthy,101.3295133,317.7,296.9666667,8.333333333,2440000,25.9885,41.3519,495,4,20.30221245,0.19059043,11491.496119564768,15394.816365653753,1021.260479300458,26.545356036194608,41.258107859952055,2.5123007790791267,70.3157646752258,7342.773513555747,33850.0,281.0,771.0,2593.0,3495.0,8011.0,2093.0
Gampaha,Western,2021,November,0.760789337,0.759645287,Healthy,100.1429133,316.3,297.2,8.8,2439670,28.434,43.0546,533,5,21.8668785,0.205278996,11065.88515217348,14824.637981740654,983.436017104145,25.56219470152074,39.73002979106495,2.4192526020761966,67.71147709466189,7070.818938979608,33850.0,281.0,771.0,2593.0,3495.0,8011.0,2093.0
Gampaha,Western,2021,December,0.754457457,0.762856907,Healthy,98.96602133,,,,2439330,35.3921,53.2133,514,4,21.08885757,0.197975194,10782.144507245956,14444.51905913192,958.2197089732696,24.90675381173816,38.71131107847354,2.357220484074243,65.97528537428595,6889.515889262183,33850.0,281.0,771.0,2593.0,3495.0,8011.0,2093.0
Gampaha,Western,2022,January,0.725491467,0.736200333,Healthy,98.638175,,,,2439000,34.6577,54.5867,924,6,37.90837908,0.27300273,251.46388885139456,348.5235843810237,13.912649155566363,0.5808815832467213,0.9340432061411436,0.0342251169226932,1.5491499063105585,185.31007859989063,20511.0,404.0,760.0,940.0,1489.0,9060.0,36.0
Gampaha,Western,2022,February,0.694983683,0.703440243,Healthy,98.87809333,,,,2437500,34.6782,55.6637,873,6,35.82439024,0.25799458,226.8105664149832,314.3546055201389,12.548663944236324,0.5239324084186112,0.8424703427939724,0.0308697133028213,1.397272464515405,167.14242383519544,20511.0,404.0,760.0,940.0,1489.0,9060.0,36.0
Gampaha,Western,2022,March,0.690670883,0.699897313,Healthy,98.769872,320.2,302.7,8.1,2436000,35.9033,52.4749,924,6,37.95506428,0.27333894,926.964923609062,1284.7536051692637,51.28584394600934,2.141288973536933,3.443139661853627,0.1261631761071829,5.710591811497744,683.103819152538,20511.0,404.0,760.0,940.0,1489.0,9060.0,36.0
Gampaha,Western,2022,April,0.719975167,0.724239377,Healthy,99.44488333,316.2666667,296.3666667,12.96666667,2434500,30.6834,48.065,821,5,33.75862224,0.24311765,7625.272629581992,10568.46516167163,421.88062586438,17.614379774334402,28.32348663327997,1.037826339626375,46.97569274724076,5619.2556187202135,20511.0,404.0,760.0,940.0,1489.0,9060.0,36.0
Gampaha,Western,2022,May,0.75644181,0.74915808,Healthy,100.90988,319.5,300.9,11.4,2433000,27.3559,47.0722,770,5,31.6682205,0.228063316,11108.7870898469,15396.541874714634,614.6117362253141,25.661298177546332,41.26273222423522,1.511944871114273,68.43597527289585,8186.345236971639,20511.0,404.0,760.0,940.0,1489.0,9060.0,36.0
Gampaha,Western,2022,June,0.762928333,0.758436893,Healthy,100.55551,,,,2431500,26.4856,41.9655,873,6,35.91279096,0.258631211,13248.69547732739,18362.409239839417,733.005652568761,30.60448655262627,49.21125676276965,1.803193905319152,81.61893722071508,9763.29767054718,20511.0,404.0,760.0,940.0,1489.0,9060.0,36.0
Gampaha,Western,2022,July,0.748899967,0.752313433,Healthy,99.57388367,,,,2430000,24.0284,38.7133,975,7,40.16260163,0.289236843,11843.456098451952,16414.777444768995,655.258495522949,27.358383587424008,43.99160355198091,1.6119358989864547,72.96192303839139,8727.741348959555,20511.0,404.0,760.0,940.0,1489.0,9060.0,36.0
Gampaha,Western,2022,August,0.731136167,0.741012633,Healthy,98.750508,,,,2428500,24.7459,39.6022,1078,7,44.41766221,0.319880283,10354.395423292714,14350.97112157156,572.8737887586149,23.91865342780617,38.460602605811786,1.409269520346193,63.78852555396416,7630.415001171968,20511.0,404.0,760.0,940.0,1489.0,9060.0,36.0
Gampaha,Western,2022,September,0.719553173,0.738296127,Healthy,97.62247833,319.2,298.4,9.4,2427000,29.4911,49.5929,1232,8,50.79441647,0.365803411,10107.8621989286,14009.281332962712,559.2339366453145,23.349161679525068,37.54487397234008,1.3757154841474737,62.26975113601263,7448.738453525016,20511.0,404.0,760.0,940.0,1489.0,9060.0,36.0
Gampaha,Western,2022,October,0.72519928,0.745692967,Healthy,97.42427467,,,,2425500,27.5301,44.1847,1335,9,55.06131499,0.396532104,9984.595586746544,13838.43643865829,552.4140105886644,23.06441580538452,37.08700965560422,1.3589384660481143,61.51036392703686,7357.90017970154,20511.0,404.0,760.0,940.0,1489.0,9060.0,36.0
Gampaha,Western,2022,November,0.73920212,0.759645287,Healthy,97.47478233,,,,2424000,30.0378,44.4791,1438,10,59.33349433,0.427298827,9614.79575020038,13325.901755745022,531.9542324187139,22.210178182962878,35.71341670539667,1.308607411750036,59.232202300109584,7085.385358231112,20511.0,404.0,760.0,940.0,1489.0,9060.0,36.0
Gampaha,Western,2022,December,0.7507957,0.762856907,Healthy,98.51775333,,,,2422500,35.9657,56.3229,1386,9,57.24986785,0.412293287,9368.262525836266,12984.211967136176,518.3143803054136,21.640686434681776,34.79768807192495,1.2750533755513174,57.71342788215806,6903.708810584161,20511.0,404.0,760.0,940.0,1489.0,9060.0,36.0
Gampaha,Western,2023,January,0.748576587,0.736200333,Healthy,101.5878213,,,,2421000,35.7957,55.4866,1112,11,45.95762686,0.471484269,,,,,,,,,27890.0,685.0,586.0,288.0,1816.0,20200.0,60.0
Gampaha,Western,2023,February,0.73263402,0.703440243,Healthy,103.8753733,317.7,301.4,10.8,2419420,35.2664,56.2291,1050,10,43.43277059,0.445581495,,,,,,,,,27890.0,685.0,586.0,288.0,1816.0,20200.0,60.0
Gampaha,Western,2023,March,0.721297163,0.699897313,Healthy,102.8562913,318.25,300.1,12.75,2417830,36.3811,54.1177,1112,11,46.01788159,0.472102428,,,,,,,,,27890.0,685.0,586.0,288.0,1816.0,20200.0,60.0
Gampaha,Western,2023,April,0.73500918,0.724239377,Healthy,101.3932733,310.05,287.5,6.35,2416250,31.8773,49.0108,989,10,40.93153151,0.419921012,,,,,,,,,27890.0,685.0,586.0,288.0,1816.0,20200.0,60.0
Gampaha,Western,2023,May,0.758530467,0.74915808,Healthy,101.1720467,319.5,300.2,7.5,2414670,29.1734,48.5268,927,9,38.39841974,0.393933545,,,,,,,,,27890.0,685.0,586.0,288.0,1816.0,20200.0,60.0
Gampaha,Western,2023,June,0.7748255,0.758436893,Healthy,102.0272287,,,,2413080,26.951,41.861,1050,10,43.54688358,0.446752192,,,,,,,,,27890.0,685.0,586.0,288.0,1816.0,20200.0,60.0
Gampaha,Western,2023,July,0.764290047,0.752313433,Healthy,101.4904413,,,,2411500,24.8969,41.421,1174,12,48.70193467,0.49963842,,,,,,,,,27890.0,685.0,586.0,288.0,1816.0,20200.0,60.0
Gampaha,Western,2023,August,0.73587089,0.741012633,Healthy,99.34898833,320.8,302.15,7.5,2409920,25.1304,41.989,1298,13,53.8637453,0.552593994,,,,,,,,,27890.0,685.0,586.0,288.0,1816.0,20200.0,60.0
Gampaha,Western,2023,September,0.735548203,0.738296127,Healthy,99.65111533,,,,2408330,30.3703,50.6199,1483,15,61.59920755,0.631952938,,,,,,,,,27890.0,685.0,586.0,288.0,1816.0,20200.0,60.0
Gampaha,Western,2023,October,0.749951043,0.745692967,Healthy,100.535063,315.1,295.6,14.4,2406750,27.748,44.9159,1607,16,66.77628384,0.685065124,,,,,,,,,27890.0,685.0,586.0,288.0,1816.0,20200.0,60.0
Gampaha,Western,2023,November,0.761375867,0.759645287,Healthy,100.2141717,314.1666667,295.4666667,13.1,2405170,31.3193,45.5862,1730,17,71.96016197,0.738247091,,,,,,,,,27890.0,685.0,586.0,288.0,1816.0,20200.0,60.0
Gampaha,Western,2023,December,0.76827728,0.762856907,Healthy,100.668045,,,,2403580,38.1998,58.5125,1668,17,69.43605869,0.712352042,,,,,,,,,27890.0,685.0,586.0,288.0,1816.0,20200.0,60.0
Gampaha,Western,2024,January,0.7542461,0.736200333,Healthy,102.29856,,,,2402000,36.3481,57.5268,1119,8,46.59227067,0.350317825,,,,,,,,,74410.0,146.0,1027.0,715.0,1644.0,65289.0,94.0
Gampaha,Western,2024,February,0.716233327,0.703440243,Healthy,101.6941467,,,,2402000,36.9933,57.2945,1056,7,44.00381119,0.330855723,,,,,,,,,74410.0,146.0,1027.0,715.0,1644.0,65289.0,94.0
Gampaha,Western,2024,March,0.698351053,0.699897313,Healthy,99.795482,,,,2402000,36.7677,56.189,1119,8,46.59227067,0.350317825,,,,,,,,,74410.0,146.0,1027.0,715.0,1644.0,65289.0,94.0
Gampaha,Western,2024,April,0.725998533,0.724239377,Healthy,100.2221053,,,,2402000,31.9327,50.9347,994,7,41.41535171,0.311393622,,,,,,,,,74410.0,146.0,1027.0,715.0,1644.0,65289.0,94.0
Gampaha,Western,2024,May,0.760944673,0.74915808,Healthy,101.4740683,,,,2402000,28.7127,50.2198,932,7,38.82689222,0.29193152,,,,,,,,,74410.0,146.0,1027.0,715.0,1644.0,65289.0,94.0
Gampaha,Western,2024,June,0.771541833,0.758436893,Healthy,101.6210267,,,,2402000,27.4638,43.8239,1056,7,44.00381119,0.330855723,,,,,,,,,74410.0,146.0,1027.0,715.0,1644.0,65289.0,94.0
Gampaha,Western,2024,July,0.767529073,0.752313433,Healthy,101.89774,,,,2402000,25.2026,41.6508,1181,8,49.18073015,0.369779926,,,,,,,,,74410.0,146.0,1027.0,715.0,1644.0,65289.0,94.0
Gampaha,Western,2024,August,0.76912695,0.741012633,Healthy,103.5555967,,,,2402000,26.0843,41.8743,1305,9,54.35764911,0.408704129,,,,,,,,,74410.0,146.0,1027.0,715.0,1644.0,65289.0,94.0
Gampaha,Western,2024,September,0.77628153,0.738296127,Healthy,104.81862,,,,2402000,31.0498,52.113,1492,11,62.12302756,0.467090433,,,,,,,,,74410.0,146.0,1027.0,715.0,1644.0,65289.0,94.0
Gampaha,Western,2024,October,0.775429033,0.745692967,Healthy,103.740168,,,,2402000,28.0618,46.418,1616,12,67.29994652,0.506014636,,,,,,,,,74410.0,146.0,1027.0,715.0,1644.0,65289.0,94.0
Gampaha,Western,2024,November,0.770051047,0.759645287,Healthy,101.2872467,315.35,300.35,6.8,2402000,31.2736,46.0025,1740,13,72.47686548,0.544938838,,,,,,,,,74410.0,146.0,1027.0,715.0,1644.0,65289.0,94.0
Gampaha,Western,2024,December,0.7666234,0.762856907,Healthy,100.46342,,,,2402000,38.9779,57.8262,1678,12,69.888406,0.525476737,,,,,,,,,74410.0,146.0,1027.0,715.0,1644.0,65289.0,94.0
Hambantota,Southern,2014,January,0.76777293,0.77555122,Healthy,99.05472,,,,618000,19.1502,12.1571,892,2,144.4470755,0.438077196,,,,,,,,,859112.0,3851.0,20799.0,3851.0,38780.0,272885.0,79038.0
Hambantota,Southern,2014,February,0.713422733,0.748660267,Healthy,95.575968,316.35,300.95,18.55,618580,17.3795,11.4959,843,2,136.2943242,0.413351639,,,,,,,,,859112.0,3851.0,20799.0,3851.0,38780.0,272885.0,79038.0
Hambantota,Southern,2014,March,0.660461943,0.711859333,Healthy,93.25110467,325.38,300.54,17.06,619170,16.1375,13.7556,892,2,144.1741245,0.437249394,,,,,,,,,859112.0,3851.0,20799.0,3851.0,38780.0,272885.0,79038.0
Hambantota,Southern,2014,April,0.66114628,0.700837087,Healthy,94.712125,319.35,292.3,12.15,619750,16.0996,11.9603,793,2,128.0348423,0.38830239,,,,,,,,,859112.0,3851.0,20799.0,3851.0,38780.0,272885.0,79038.0
Hambantota,Southern,2014,May,0.671294893,0.7062601,Healthy,95.37671333,,,,620330,15.0891,9.8876,743,2,119.9204357,0.363693125,,,,,,,,,859112.0,3851.0,20799.0,3851.0,38780.0,272885.0,79038.0
Hambantota,Southern,2014,June,0.635467433,0.698409953,Healthy,91.58342667,322.325,299.625,12.475,620920,13.0834,9.3974,843,2,135.7806853,0.411793882,,,,,,,,,859112.0,3851.0,20799.0,3851.0,38780.0,272885.0,79038.0
Hambantota,Southern,2014,July,0.592374483,0.666442567,Healthy,89.65539333,335.7142857,304.225,59.49642857,621500,9.9305,7.175,942,2,151.6132619,0.459810712,,,,,,,,,859112.0,3851.0,20799.0,3851.0,38780.0,272885.0,79038.0
Hambantota,Southern,2014,August,0.5615592,0.635890633,Degraded,89.16511133,330.3238095,290.1214286,49.83571429,622080,10.0994,6.6723,1041,3,167.4163154,0.507738006,,,,,,,,,859112.0,3851.0,20799.0,3851.0,38780.0,272885.0,79038.0
Hambantota,Southern,2014,September,0.5737192,0.63163102,Degraded,91.49715333,327.16,301.28,16.68,622670,14.9358,9.5946,1190,3,191.1516377,0.57972218,,,,,,,,,859112.0,3851.0,20799.0,3851.0,38780.0,272885.0,79038.0
Hambantota,Southern,2014,October,0.641110983,0.67526712,Healthy,95.26881667,,,,623250,15.5149,10.2503,1289,3,206.8882301,0.627447911,,,,,,,,,859112.0,3851.0,20799.0,3851.0,38780.0,272885.0,79038.0
Hambantota,Southern,2014,November,0.7137804,0.737160857,Healthy,97.02592333,317.9,297.3,8.2,623830,26.6277,17.9601,1388,4,222.5955607,0.675084897,,,,,,,,,859112.0,3851.0,20799.0,3851.0,38780.0,272885.0,79038.0
Hambantota,Southern,2014,December,0.751606653,0.770022713,Healthy,97.752885,,,,624420,29.4836,20.8255,1339,4,214.4429055,0.650359631,,,,,,,,,859112.0,3851.0,20799.0,3851.0,38780.0,272885.0,79038.0
Hambantota,Southern,2015,January,0.7636525,0.77555122,Healthy,98.55986033,316.4,300.8,7.6,625000,21.1292,33.3058,981,5,156.96,0.831219512,1291.1910219779556,2824.760509178561,249.2706614203867,2.982651260769078,7.5703581645985425,0.6132058270941513,11.166215252461773,,1337814.0,4140.0,39456.0,5356.0,105628.0,370889.0,129547.0
Hambantota,Southern,2015,February,0.751219193,0.748660267,Healthy,100.3277117,,,,625750,21.3391,35.9013,926,4,148.0623252,0.784099731,1291.1910219779556,2824.760509178561,249.2706614203867,2.982651260769078,7.5703581645985425,0.6132058270941513,11.166215252461773,,1337814.0,4140.0,39456.0,5356.0,105628.0,370889.0,129547.0
Hambantota,Southern,2015,March,0.723869013,0.711859333,Healthy,101.5771867,315.5,298.9,12.7,626500,19.7097,36.7215,981,5,156.5841979,0.829229362,1291.1910219779556,2824.760509178561,249.2706614203867,2.982651260769078,7.5703581645985425,0.6132058270941513,11.166215252461773,,1337814.0,4140.0,39456.0,5356.0,105628.0,370889.0,129547.0
Hambantota,Southern,2015,April,0.71305094,0.700837087,Healthy,101.6263633,321.2,300.1,15.4,627250,16.2218,37.2404,872,4,139.0195297,0.736211427,1291.1910219779556,2824.760509178561,249.2706614203867,2.982651260769078,7.5703581645985425,0.6132058270941513,11.166215252461773,,1337814.0,4140.0,39456.0,5356.0,105628.0,370889.0,129547.0
Hambantota,Southern,2015,May,0.72476235,0.7062601,Healthy,102.446465,,,,628000,15.791,36.0491,817,4,130.1751592,0.689373932,1291.1910219779556,2824.760509178561,249.2706614203867,2.982651260769078,7.5703581645985425,0.6132058270941513,11.166215252461773,,1337814.0,4140.0,39456.0,5356.0,105628.0,370889.0,129547.0
Hambantota,Southern,2015,June,0.714681547,0.698409953,Healthy,102.173753,317.0,293.0,6.9,628750,15.0917,27.9867,926,4,147.3558648,0.780358499,1291.1910219779556,2824.760509178561,249.2706614203867,2.982651260769078,7.5703581645985425,0.6132058270941513,11.166215252461773,,1337814.0,4140.0,39456.0,5356.0,105628.0,370889.0,129547.0
Hambantota,Southern,2015,July,0.696151333,0.666442567,Healthy,104.159275,,,,629500,13.9276,26.762,1035,5,164.4956315,0.871126265,1291.1910219779556,2824.760509178561,249.2706614203867,2.982651260769078,7.5703581645985425,0.6132058270941513,11.166215252461773,,1337814.0,4140.0,39456.0,5356.0,105628.0,370889.0,129547.0
Hambantota,Southern,2015,August,0.6933745,0.635890633,Degraded,108.3918983,340.15,293.4025,92.0075,630250,12.1728,23.4808,1144,6,181.5946053,0.961678002,1291.1910219779556,2824.760509178561,249.2706614203867,2.982651260769078,7.5703581645985425,0.6132058270941513,11.166215252461773,,1337814.0,4140.0,39456.0,5356.0,105628.0,370889.0,129547.0
Hambantota,Southern,2015,September,0.715040753,0.63163102,Degraded,112.2339373,320.55,291.7,22.41666667,631000,14.1259,31.9241,1308,6,207.2900158,1.097754242,1291.1910219779556,2824.760509178561,249.2706614203867,2.982651260769078,7.5703581645985425,0.6132058270941513,11.166215252461773,,1337814.0,4140.0,39456.0,5356.0,105628.0,370889.0,129547.0
Hambantota,Southern,2015,October,0.749686633,0.67526712,Healthy,110.296454,319.575,298.475,8.375,631750,18.0338,27.6885,1417,7,224.2975861,1.18782193,1291.1910219779556,2824.760509178561,249.2706614203867,2.982651260769078,7.5703581645985425,0.6132058270941513,11.166215252461773,,1337814.0,4140.0,39456.0,5356.0,105628.0,370889.0,129547.0
Hambantota,Southern,2015,November,0.77701292,0.737160857,Healthy,105.081082,,,,632500,13.2511,25.1179,1526,8,241.2648221,1.277676018,1291.1910219779556,2824.760509178561,249.2706614203867,2.982651260769078,7.5703581645985425,0.6132058270941513,11.166215252461773,,1337814.0,4140.0,39456.0,5356.0,105628.0,370889.0,129547.0
Hambantota,Southern,2015,December,0.79196545,0.770022713,Healthy,102.6781187,,,,633250,24.5087,25.1045,1471,7,232.3726806,1.230585539,1291.1910219779556,2824.760509178561,249.2706614203867,2.982651260769078,7.5703581645985425,0.6132058270941513,11.166215252461773,,1337814.0,4140.0,39456.0,5356.0,105628.0,370889.0,129547.0
Hambantota,Southern,2016,January,0.784952933,0.77555122,Healthy,101.1366333,316.5,298.1,9.8,634000,21.8292,32.9815,825,3,130.1838886,0.507809494,,,,,,,,,986656.0,2685.0,26887.0,5271.0,45172.0,340129.0,56945.0
Hambantota,Southern,2016,February,0.737879987,0.748660267,Healthy,98.64023,324.85,302.7,13.4,634750,26.8056,35.1723,779,3,122.8061749,0.479031179,,,,,,,,,986656.0,2685.0,26887.0,5271.0,45172.0,340129.0,56945.0
Hambantota,Southern,2016,March,0.67572702,0.711859333,Healthy,95.246654,325.5555556,303.6055556,19.83888889,635500,22.0703,36.3021,825,3,129.8766095,0.506610888,,,,,,,,,986656.0,2685.0,26887.0,5271.0,45172.0,340129.0,56945.0
Hambantota,Southern,2016,April,0.6627345,0.700837087,Healthy,94.92308867,324.4714286,299.4571429,13.2,636250,21.2801,37.0752,733,2,115.3097896,0.44978996,,,,,,,,,986656.0,2685.0,26887.0,5271.0,45172.0,340129.0,56945.0
Hambantota,Southern,2016,May,0.714734503,0.7062601,Healthy,101.11978,313.8,295.4,5.8,637000,24.4105,36.8879,687,2,107.975648,0.421181606,,,,,,,,,986656.0,2685.0,26887.0,5271.0,45172.0,340129.0,56945.0
Hambantota,Southern,2016,June,0.7344035,0.698409953,Healthy,104.8091933,,,,637750,21.0837,31.4987,779,3,122.22849,0.476777798,,,,,,,,,986656.0,2685.0,26887.0,5271.0,45172.0,340129.0,56945.0
Hambantota,Southern,2016,July,0.70119606,0.666442567,Healthy,104.8483017,324.7166667,300.9166667,16.76666667,638500,17.6613,31.1945,871,3,136.4478484,0.53224338,,,,,,,,,986656.0,2685.0,26887.0,5271.0,45172.0,340129.0,56945.0
Hambantota,Southern,2016,August,0.648290967,0.635890633,Degraded,101.7944347,337.5833333,301.794697,55.35681818,639250,13.5815,31.0651,962,3,150.6338411,0.587578813,,,,,,,,,986656.0,2685.0,26887.0,5271.0,45172.0,340129.0,56945.0
Hambantota,Southern,2016,September,0.5930619,0.63163102,Degraded,94.35524167,321.2,297.8058824,13.10588235,640000,15.9802,29.0258,1100,4,171.9512195,0.670731707,,,,,,,,,986656.0,2685.0,26887.0,5271.0,45172.0,340129.0,56945.0
Hambantota,Southern,2016,October,0.613537637,0.67526712,Healthy,91.47449,340.4411765,306.6823529,76.58235294,640750,19.293,37.596,1192,4,186.0624459,0.725775498,,,,,,,,,986656.0,2685.0,26887.0,5271.0,45172.0,340129.0,56945.0
Hambantota,Southern,2016,November,0.70536038,0.737160857,Healthy,95.93759867,326.625,297.65,12.975,641500,20.737,30.8445,1283,5,200.1406764,0.780690582,,,,,,,,,986656.0,2685.0,26887.0,5271.0,45172.0,340129.0,56945.0
Hambantota,Southern,2016,December,0.756063537,0.770022713,Healthy,98.29789867,308.4,282.5,7.4,642250,20.355,32.6797,1238,4,192.767424,0.751929668,,,,,,,,,986656.0,2685.0,26887.0,5271.0,45172.0,340129.0,56945.0
Hambantota,Southern,2017,January,0.759933303,0.77555122,Healthy,98.10914,318.5,303.4,11.05,643000,20.8325,30.9079,903,4,140.5492546,0.682775101,,,,,,,,,903306.0,3331.0,16742.0,8689.0,39182.0,344380.0,23537.0
Hambantota,Southern,2017,February,0.753977243,0.748660267,Healthy,100.6788367,322.425,299.625,26.475,644000,22.1483,30.5444,853,4,132.5348432,0.643841842,,,,,,,,,903306.0,3331.0,16742.0,8689.0,39182.0,344380.0,23537.0
Hambantota,Southern,2017,March,0.737047433,0.711859333,Healthy,103.308512,316.56,296.98,17.66,645000,20.6879,34.9445,903,4,140.113443,0.680657969,,,,,,,,,903306.0,3331.0,16742.0,8689.0,39182.0,344380.0,23537.0
Hambantota,Southern,2017,April,0.712831757,0.700837087,Healthy,101.599552,316.3166667,299.1666667,25.66666667,646000,17.7463,34.5881,803,3,124.3524881,0.604092728,,,,,,,,,903306.0,3331.0,16742.0,8689.0,39182.0,344380.0,23537.0
Hambantota,Southern,2017,May,0.7033839,0.7062601,Healthy,99.619736,,,,647000,18.3328,30.2371,753,3,116.4002714,0.565461605,,,,,,,,,903306.0,3331.0,16742.0,8689.0,39182.0,344380.0,23537.0
Hambantota,Southern,2017,June,0.706233733,0.698409953,Healthy,101.0484133,323.15,304.45,9.1,648000,16.7604,25.5837,853,4,131.7167269,0.63986751,,,,,,,,,903306.0,3331.0,16742.0,8689.0,39182.0,344380.0,23537.0
Hambantota,Southern,2017,July,0.680633323,0.666442567,Healthy,101.9761383,322.91,298.72,18.25,649000,14.3371,23.6125,953,4,146.9859822,0.71404412,,,,,,,,,903306.0,3331.0,16742.0,8689.0,39182.0,344380.0,23537.0
Hambantota,Southern,2017,August,0.645990967,0.635890633,Degraded,101.4752653,331.3216216,295.2567568,45.82702703,650000,12.3647,22.5031,1054,5,162.2082552,0.787992495,,,,,,,,,903306.0,3331.0,16742.0,8689.0,39182.0,344380.0,23537.0
Hambantota,Southern,2017,September,0.6523298,0.63163102,Degraded,103.0362197,317.44,295.82,30.26,651000,15.7113,26.4181,1204,5,185.0960998,0.899179499,,,,,,,,,903306.0,3331.0,16742.0,8689.0,39182.0,344380.0,23537.0
Hambantota,Southern,2017,October,0.6848451,0.67526712,Healthy,101.3417347,324.79,296.88,24.64,652000,17.5903,28.429,1305,6,200.2132276,0.972617088,,,,,,,,,903306.0,3331.0,16742.0,8689.0,39182.0,344380.0,23537.0
Hambantota,Southern,2017,November,0.72949918,0.737160857,Healthy,99.03172,313.6,293.2,29.7,653000,20.9078,33.879,1405,6,215.2840548,1.045829754,,,,,,,,,903306.0,3331.0,16742.0,8689.0,39182.0,344380.0,23537.0
Hambantota,Southern,2017,December,0.756935253,0.770022713,Healthy,98.40414867,,,,654000,25.6008,35.3654,1355,6,207.2779145,1.006936675,,,,,,,,,903306.0,3331.0,16742.0,8689.0,39182.0,344380.0,23537.0
Hambantota,Southern,2018,January,0.7706035,0.77555122,Healthy,99.402395,,,,655000,21.8085,31.69,971,4,148.2852355,0.703779557,,,,,,,,,961598.0,2957.0,16931.0,7055.0,80776.0,339763.0,20063.0
Hambantota,Southern,2018,February,0.75505489,0.748660267,Healthy,100.804328,,,,655500,23.9652,34.8815,917,4,139.9403422,0.66417369,,,,,,,,,961598.0,2957.0,16931.0,7055.0,80776.0,339763.0,20063.0
Hambantota,Southern,2018,March,0.725838423,0.711859333,Healthy,101.8378017,,,,656000,20.5921,35.2078,971,4,148.059191,0.702706722,,,,,,,,,961598.0,2957.0,16931.0,7055.0,80776.0,339763.0,20063.0
Hambantota,Southern,2018,April,0.720416873,0.700837087,Healthy,102.6072333,,,,656500,18.4588,36.4459,863,4,131.507935,0.624152472,,,,,,,,,961598.0,2957.0,16931.0,7055.0,80776.0,339763.0,20063.0
Hambantota,Southern,2018,May,0.733880347,0.7062601,Healthy,103.6520937,317.1,291.3,8.2,657000,18.9744,31.7899,809,3,123.1948621,0.584697628,,,,,,,,,961598.0,2957.0,16931.0,7055.0,80776.0,339763.0,20063.0
Hambantota,Southern,2018,June,0.724074867,0.698409953,Healthy,103.4271833,319.5,298.2,12.2,657500,17.2182,28.5512,917,4,139.5146682,0.66215339,,,,,,,,,961598.0,2957.0,16931.0,7055.0,80776.0,339763.0,20063.0
Hambantota,Southern,2018,July,0.6746204,0.666442567,Healthy,101.1232367,314.26,295.44,9.04,658000,14.3921,25.5394,1025,4,155.8096721,0.739491437,,,,,,,,,961598.0,2957.0,16931.0,7055.0,80776.0,339763.0,20063.0
Hambantota,Southern,2018,August,0.610552133,0.635890633,Degraded,96.29757333,332.0303571,290.9589286,54.34642857,658500,12.5865,24.7936,1133,5,172.0799304,0.81671204,,,,,,,,,961598.0,2957.0,16931.0,7055.0,80776.0,339763.0,20063.0
Hambantota,Southern,2018,September,0.61610272,0.63163102,Degraded,97.70828167,326.845,300.6,17.415,659000,16.769,29.1376,1295,6,196.5135645,0.932677005,,,,,,,,,961598.0,2957.0,16931.0,7055.0,80776.0,339763.0,20063.0
Hambantota,Southern,2018,October,0.7015906,0.67526712,Healthy,103.616572,,,,659500,19.0016,29.7857,1402,6,212.7282926,1.009634054,,,,,,,,,961598.0,2957.0,16931.0,7055.0,80776.0,339763.0,20063.0
Hambantota,Southern,2018,November,0.75853605,0.737160857,Healthy,102.7260133,,,,660000,21.8489,35.0102,1510,7,228.9184528,1.086474501,,,,,,,,,961598.0,2957.0,16931.0,7055.0,80776.0,339763.0,20063.0
Hambantota,Southern,2018,December,0.774094897,0.770022713,Healthy,100.5004033,315.7,298.0,9.3,660500,27.0008,37.9036,1456,6,220.575691,1.04687875,,,,,,,,,961598.0,2957.0,16931.0,7055.0,80776.0,339763.0,20063.0
Hambantota,Southern,2019,January,0.758098797,0.77555122,Healthy,97.88309667,314.525,299.575,14.775,661000,23.6055,33.9301,866,4,131.0320652,0.664182134,1819.0565289808367,2851.3152495703685,394.58282118849235,4.202020581945733,7.641524868848588,0.970673740123691,12.814219190918012,,734606.0,1613.0,13459.0,3738.0,38232.0,284301.0,15490.0
Hambantota,Southern,2019,February,0.7140557,0.748660267,Healthy,95.66247667,318.85,299.4,10.525,661580,24.1472,34.2688,818,4,123.6440136,0.626733194,1819.0565289808367,2851.3152495703685,394.58282118849235,4.202020581945733,7.641524868848588,0.970673740123691,12.814219190918012,,734606.0,1613.0,13459.0,3738.0,38232.0,284301.0,15490.0
Hambantota,Southern,2019,March,0.6743741,0.711859333,Healthy,95.0797,324.8,306.1833333,16.4,662170,21.2444,37.8883,866,4,130.8005423,0.663008578,1819.0565289808367,2851.3152495703685,394.58282118849235,4.202020581945733,7.641524868848588,0.970673740123691,12.814219190918012,,734606.0,1613.0,13459.0,3738.0,38232.0,284301.0,15490.0
Hambantota,Southern,2019,April,0.671283517,0.700837087,Healthy,96.06269867,315.8,294.5,6.933333333,662750,19.6945,35.858,769,3,116.1653985,0.588825202,1819.0565289808367,2851.3152495703685,394.58282118849235,4.202020581945733,7.641524868848588,0.970673740123691,12.814219190918012,,734606.0,1613.0,13459.0,3738.0,38232.0,284301.0,15490.0
Hambantota,Southern,2019,May,0.691894083,0.7062601,Healthy,98.10019667,319.6857143,295.7714286,19.08571429,663330,20.0434,33.0417,721,3,108.8098371,0.55154095,1819.0565289808367,2851.3152495703685,394.58282118849235,4.202020581945733,7.641524868848588,0.970673740123691,12.814219190918012,,734606.0,1613.0,13459.0,3738.0,38232.0,284301.0,15490.0
Hambantota,Southern,2019,June,0.695119987,0.698409953,Healthy,99.56106333,322.8,284.8,14.9,663920,18.3899,29.1836,818,4,123.2082277,0.624524259,1819.0565289808367,2851.3152495703685,394.58282118849235,4.202020581945733,7.641524868848588,0.970673740123691,12.814219190918012,,734606.0,1613.0,13459.0,3738.0,38232.0,284301.0,15490.0
Hambantota,Southern,2019,July,0.673950567,0.666442567,Healthy,101.0569903,317.7,292.6333333,9.833333333,664500,15.0507,26.2729,914,4,137.5831208,0.697388464,1819.0565289808367,2851.3152495703685,394.58282118849235,4.202020581945733,7.641524868848588,0.970673740123691,12.814219190918012,,734606.0,1613.0,13459.0,3738.0,38232.0,284301.0,15490.0
Hambantota,Southern,2019,August,0.676916053,0.635890633,Degraded,105.9983567,323.14,292.7,34.22,665080,13.4775,25.0627,1010,5,151.9329419,0.770125582,1819.0565289808367,2851.3152495703685,394.58282118849235,4.202020581945733,7.641524868848588,0.970673740123691,12.814219190918012,,734606.0,1613.0,13459.0,3738.0,38232.0,284301.0,15490.0
Hambantota,Southern,2019,September,0.715036853,0.63163102,Degraded,112.2284613,323.5,305.25,8.5,665670,16.8459,29.3873,1154,5,173.4837484,0.879363429,1819.0565289808367,2851.3152495703685,394.58282118849235,4.202020581945733,7.641524868848588,0.970673740123691,12.814219190918012,,734606.0,1613.0,13459.0,3738.0,38232.0,284301.0,15490.0
Hambantota,Southern,2019,October,0.7563788,0.67526712,Healthy,111.2292417,331.0,294.0,28.0,666250,19.6613,30.7077,1251,6,187.7771168,0.951814396,1819.0565289808367,2851.3152495703685,394.58282118849235,4.202020581945733,7.641524868848588,0.970673740123691,12.814219190918012,,734606.0,1613.0,13459.0,3738.0,38232.0,284301.0,15490.0
Hambantota,Southern,2019,November,0.771970947,0.737160857,Healthy,104.4434983,312.15,292.15,24.7,666830,22.6591,34.5761,1347,6,202.0456208,1.02413933,1819.0565289808367,2851.3152495703685,394.58282118849235,4.202020581945733,7.641524868848588,0.970673740123691,12.814219190918012,,734606.0,1613.0,13459.0,3738.0,38232.0,284301.0,15490.0
Hambantota,Southern,2019,December,0.786723917,0.770022713,Healthy,102.0385817,319.9,297.1,12.4,667420,27.1852,38.282,1299,6,194.6574761,0.986689918,1819.0565289808367,2851.3152495703685,394.58282118849235,4.202020581945733,7.641524868848588,0.970673740123691,12.814219190918012,,734606.0,1613.0,13459.0,3738.0,38232.0,284301.0,15490.0
Hambantota,Southern,2020,January,0.780081917,0.77555122,Healthy,100.5466517,318.05,302.75,12.6,668000,17.4521,24.4642,484,2,72.53541697,0.306703666,51.01546854703773,72.5563829662053,10.784024239230956,0.1178457323436571,0.1944511063494302,0.0265286996285081,0.3388255383215955,67.71801703258068,405256.0,578.0,9532.0,3000.0,21021.0,151634.0,7150.0
Hambantota,Southern,2020,February,0.727851757,0.748660267,Healthy,97.38133333,,,,668670,18.4039,26.0281,457,1,68.43702965,0.289374333,46.01395202281832,65.44301208716554,9.726766960874976,0.1062922291727103,0.1753872723936036,0.0239278467237524,0.3056073482900664,61.07899575487668,405256.0,578.0,9532.0,3000.0,21021.0,151634.0,7150.0
Hambantota,Southern,2020,March,0.670592133,0.711859333,Healthy,94.579575,321.2461538,300.3923077,15.0,669330,16.3766,27.8998,484,2,72.39128462,0.306094227,188.05702131064885,267.462745051894,39.75287366618469,0.4344117192275988,0.7168001567390759,0.0977920692188143,1.249003945185489,249.6272000416699,405256.0,578.0,9532.0,3000.0,21021.0,151634.0,7150.0
Hambantota,Southern,2020,April,0.672574487,0.700837087,Healthy,96.23315333,328.3333333,301.4,32.0,670000,14.7936,28.2673,430,1,64.28346075,0.271811673,1546.9690609410557,2200.16561288699,327.00967619550335,3.5734985307738385,5.896443842537133,0.8044438034409384,10.27438617675191,2053.4492811938435,405256.0,578.0,9532.0,3000.0,21021.0,151634.0,7150.0
Hambantota,Southern,2020,May,0.7153388,0.7062601,Healthy,101.1999697,,,,670670,15.5632,25.2084,403,1,60.20553891,0.254568875,2253.6833458132546,3205.2849180953044,476.4001296272027,5.206008528828619,8.590163580495416,1.1719443188829188,14.968116428206956,2991.542987733417,405256.0,578.0,9532.0,3000.0,21021.0,151634.0,7150.0
Hambantota,Southern,2020,June,0.737508587,0.698409953,Healthy,105.230565,327.0,298.2,18.6,671330,14.1207,21.4186,457,1,68.16586272,0.288227749,2687.8149801154964,3822.725510395952,568.1700613885013,6.208852604066797,10.244904367861151,1.3976983510157133,17.851455322943664,3567.8100346381225,405256.0,578.0,9532.0,3000.0,21021.0,151634.0,7150.0
Hambantota,Southern,2020,July,0.736417647,0.666442567,Healthy,109.7796087,317.84,286.66,33.2,672000,11.3329,19.9719,511,2,76.10941734,0.321815718,2402.728538234992,3417.2633702906883,507.90639652221074,5.550302923322832,9.158265832379044,1.2494497354446388,15.958018491146516,3189.3858218089954,405256.0,578.0,9532.0,3000.0,21021.0,151634.0,7150.0
Hambantota,Southern,2020,August,0.70710978,0.635890633,Degraded,110.3778333,320.8888889,295.3222222,15.96666667,672670,9.8272,18.1886,565,2,84.03714792,0.355336778,2100.6369401721413,2987.615769196688,444.0480569095098,4.852471331797647,8.006810261447125,1.0923582199973942,13.951639813242164,2788.388936635675,405256.0,578.0,9532.0,3000.0,21021.0,151634.0,7150.0
Hambantota,Southern,2020,September,0.680155277,0.63163102,Degraded,107.125668,321.025,290.475,16.25,673330,13.1248,22.3597,646,2,95.94831368,0.405701115,2050.621774929947,2916.4820604062907,433.47548412595,4.736936300088178,7.816171921888859,1.0663496909498371,13.619457912926876,2721.998723858635,405256.0,578.0,9532.0,3000.0,21021.0,151634.0,7150.0
Hambantota,Southern,2020,October,0.68924195,0.67526712,Healthy,101.968788,328.04375,300.275,37.15,674000,15.0118,24.1892,699,2,103.8406794,0.43907264,2025.6141923088503,2880.915206011092,428.1891977341701,4.679168784233444,7.720852752109727,1.0533454264260589,13.45336696276923,2688.803617470115,405256.0,578.0,9532.0,3000.0,21021.0,151634.0,7150.0
Hambantota,Southern,2020,November,0.723827047,0.737160857,Healthy,98.30909867,,,,674670,17.4677,27.156,753,3,111.7173696,0.472377884,1950.59144444556,2774.2146428254964,412.3303385588306,4.505866236669244,7.434895242772331,1.0143326328547235,12.9550941122963,2589.218298304555,405256.0,578.0,9532.0,3000.0,21021.0,151634.0,7150.0
Hambantota,Southern,2020,December,0.766471333,0.770022713,Healthy,99.561798,328.2,297.9,33.06666667,675330,20.5442,29.6658,726,3,107.6221815,0.455062078,1900.576279203366,2703.0809340350997,401.7577657752708,4.390331204959776,7.244256903214066,0.9883241038071664,12.622912211981008,2522.828085527515,405256.0,578.0,9532.0,3000.0,21021.0,151634.0,7150.0
Hambantota,Southern,2021,January,0.79359841,0.77555122,Healthy,102.1867453,311.9,295.6,6.0,676000,19.5219,29.7988,286,1,42.43036513,0.184009237,55.21712635956362,85.95486676241956,11.485870751687978,0.1275515618905919,0.2303590429232844,0.0282552420491524,0.3861658468630288,67.9886436440347,33850.0,281.0,771.0,2593.0,3495.0,8011.0,2093.0
Hambantota,Southern,2021,February,0.754984287,0.748660267,Healthy,100.7833967,320.5666667,303.7666667,14.76666667,676420,19.8859,29.6873,270,1,40.04824058,0.173678594,49.80368259882207,77.52791904061368,10.359804991718566,0.1150465068032789,0.2077748230288446,0.0254851202796276,0.3483064501117513,61.32309034559992,33850.0,281.0,771.0,2593.0,3495.0,8011.0,2093.0
Hambantota,Southern,2021,March,0.70852192,0.711859333,Healthy,99.561827,322.1,299.5333333,10.7,676830,18.7075,31.6979,286,1,42.37833256,0.183783585,203.54548540388157,316.8532343398995,42.34007257484979,0.4701900712829664,0.8491666680309305,0.1041565785341304,1.4235133178480273,250.6248040211475,33850.0,281.0,771.0,2593.0,3495.0,8011.0,2093.0
Hambantota,Southern,2021,April,0.7030643,0.700837087,Healthy,100.295975,,,,677250,16.6623,30.8215,254,1,37.64626794,0.163261876,1674.3781551973557,2606.454930354545,348.29213955853834,3.8678135385058914,6.985299213350182,0.8567986633140042,11.709911415170078,2061.655635205876,33850.0,281.0,771.0,2593.0,3495.0,8011.0,2093.0
Hambantota,Southern,2021,May,0.71670432,0.7062601,Healthy,101.3809333,,,,677670,17.5659,28.74,239,1,35.27150239,0.152963148,2439.297758590134,3797.1826434457103,507.405231442216,5.63477782234321,10.176449484434505,1.248216869347851,17.059444176125563,3003.498316274709,33850.0,281.0,771.0,2593.0,3495.0,8011.0,2093.0
Hambantota,Southern,2021,June,0.71113176,0.698409953,Healthy,101.7002567,322.34,303.82,8.72,678080,15.6444,23.5267,270,1,39.95019894,0.173253414,2909.184677022498,4528.641705698456,605.1477394075605,6.720216603921971,12.136759771271862,1.4886634389425986,20.34563981413643,3582.068342578847,33850.0,281.0,771.0,2593.0,3495.0,8011.0,2093.0
Hambantota,Southern,2021,July,0.689162333,0.666442567,Healthy,103.17431,333.8631579,299.5,61.61578947,678500,12.6673,21.9639,302,1,44.62258329,0.193516305,2600.6183826602314,4048.305685555524,540.9619910893043,6.007428463945135,10.849459237288803,1.3307664980796885,18.187654199313627,3202.131804568065,33850.0,281.0,771.0,2593.0,3495.0,8011.0,2093.0
Hambantota,Southern,2021,August,0.658110157,0.635890633,Degraded,103.2397717,326.35,290.116,33.592,678920,11.1209,20.5271,334,1,49.2891867,0.213754126,2273.646379511443,3539.318043158451,472.94761918715193,5.252123136671433,9.48537235566465,1.1634511432003936,15.900946635536474,2799.5323853426053,33850.0,281.0,771.0,2593.0,3495.0,8011.0,2093.0
Hambantota,Southern,2021,September,0.660862733,0.63163102,Degraded,104.2861267,326.0555556,298.6925926,26.02222222,679330,14.1183,24.9013,382,1,56.29650161,0.244142992,2219.5119419040275,3455.048565940393,461.6869615874578,5.127072585798303,9.259530156720253,1.1357499255051462,15.522352668023702,2732.876852358257,33850.0,281.0,771.0,2593.0,3495.0,8011.0,2093.0
Hambantota,Southern,2021,October,0.7037949,0.67526712,Healthy,103.951742,310.7,292.4,20.1,679750,16.7391,27.3234,414,1,60.95019391,0.264324821,2192.44472310032,3412.913827331364,456.05663278761074,5.064547310361739,9.146609057248057,1.1218993166575224,15.333055684267316,2699.549085866084,33850.0,281.0,771.0,2593.0,3495.0,8011.0,2093.0
Hambantota,Southern,2021,November,0.741483487,0.737160857,Healthy,100.5634133,,,,680170,18.3123,29.326,446,1,65.59813896,0.284481725,2111.2430666891973,3286.509611504277,439.1656463880697,4.876971484052046,8.807845758831462,1.0803474901146517,14.76516473299816,2599.5657863895617,33850.0,281.0,771.0,2593.0,3495.0,8011.0,2093.0
Hambantota,Southern,2021,December,0.75780663,0.770022713,Healthy,98.511785,,,,680580,23.4987,33.2473,430,1,63.21724154,0.274156405,2057.1086290817816,3202.240134286218,427.9049887883756,4.7519209331789165,8.582003559887065,1.052646272419404,14.386570765485384,2532.9102534052145,33850.0,281.0,771.0,2593.0,3495.0,8011.0,2093.0
Hambantota,Southern,2022,January,0.763760763,0.77555122,Healthy,98.57211,,,,681000,20.8148,31.2584,630,2,92.54324702,0.408294832,47.97640537195832,77.26503077612857,6.212867388532605,0.1108254964092237,0.2070702824800245,0.0152836537757902,0.3331794326650385,68.12870536760686,20511.0,404.0,760.0,940.0,1489.0,9060.0,36.0
Hambantota,Southern,2022,February,0.741098433,0.748660267,Healthy,99.05610333,317.9,299.0,8.4,680920,20.8085,31.3624,595,2,87.41222421,0.38565709,43.27283621784475,69.69002775886104,5.603762742598033,0.0999602516632213,0.1867692743937475,0.0137852563467911,0.3005147824037601,61.44942052764539,20511.0,404.0,760.0,940.0,1489.0,9060.0,36.0
Hambantota,Southern,2022,March,0.710160367,0.711859333,Healthy,99.78015033,323.1,303.3,8.4,680830,19.0927,34.1321,630,2,92.56635463,0.408396781,176.85420019466986,284.8201134492582,22.902334687139795,0.4085332024496874,0.763317904044012,0.0563397433303638,1.2281908498240632,251.1411099825508,20511.0,404.0,760.0,940.0,1489.0,9060.0,36.0
Hambantota,Southern,2022,April,0.710706673,0.700837087,Healthy,101.3135467,318.55,297.5,14.7,680750,17.6951,33.3108,560,2,82.29087359,0.363062022,1454.8139393673243,2342.94843324084,188.39606698756225,3.360620199938519,6.27910180108545,0.463454324789403,10.103176325813372,2065.9028010000784,20511.0,404.0,760.0,940.0,1489.0,9060.0,36.0
Hambantota,Southern,2022,May,0.714990977,0.7062601,Healthy,101.15464,315.85,297.55,5.75,680670,18.5889,29.0088,525,2,77.15676125,0.34041065,2119.4282608435706,3413.296359580738,274.4625534581168,4.895879282548648,9.14763424367638,0.6751778815069673,14.718691407731994,3009.685748886632,20511.0,404.0,760.0,940.0,1489.0,9060.0,36.0
Hambantota,Southern,2022,June,0.6967549,0.698409953,Healthy,99.78002333,315.5,297.1,4.3,680580,16.8049,26.5017,595,2,87.45589307,0.385849755,2527.6980634206266,4070.8066214795567,327.3328367252373,5.838982526501647,10.909761745565213,0.8052387783440837,17.55398305041094,3589.447672995286,20511.0,404.0,760.0,940.0,1489.0,9060.0,36.0
Hambantota,Southern,2022,July,0.700145867,0.666442567,Healthy,104.7336053,324.7,303.4,10.6,680500,13.9005,23.0558,665,2,97.75631261,0.431294541,2259.5946216361544,3639.0314494953095,292.6138719069669,5.219663575979516,9.75260428464743,0.7198301248911386,15.692097985518084,3208.728437117484,20511.0,404.0,760.0,940.0,1489.0,9060.0,36.0
Hambantota,Southern,2022,August,0.707356847,0.635890633,Degraded,110.42036,319.49,292.45,15.22,680420,11.7746,22.7389,735,3,108.0591543,0.476750013,1975.4990447276955,3181.501267252352,255.82395129251896,4.563402793320975,8.526423396236304,0.6293269201795966,13.719153109736876,2805.299632783812,20511.0,404.0,760.0,940.0,1489.0,9060.0,36.0
Hambantota,Southern,2022,September,0.668629,0.63163102,Degraded,105.4428033,327.3538462,298.4384615,37.71538462,680330,14.9882,25.8747,840,3,123.5125135,0.544929236,1928.4633531865595,3105.751237079677,249.73290483317328,4.454750345860952,8.323413315373534,0.6143429458896063,13.392506607124092,2738.506784384197,20511.0,404.0,760.0,940.0,1489.0,9060.0,36.0
Hambantota,Southern,2022,October,0.67323685,0.67526712,Healthy,99.740396,313.1666667,292.5166667,13.26666667,680250,16.9146,29.1743,910,4,133.8209589,0.590409432,1904.945507415992,3067.876221993339,246.68738160350043,4.40042412213094,8.22190827494215,0.606850958744611,13.2291833558177,2705.1103601843897,20511.0,404.0,760.0,940.0,1489.0,9060.0,36.0
Hambantota,Southern,2022,November,0.724774487,0.737160857,Healthy,98.427525,312.1,289.4,6.5,680170,20.3872,32.6043,980,4,144.1318293,0.635900327,1834.3919701042887,2954.251176734328,237.55081191448195,4.237445450940907,7.917393153647998,0.5843749973096255,12.739213601898529,2604.921087584968,20511.0,404.0,760.0,940.0,1489.0,9060.0,36.0
Hambantota,Southern,2022,December,0.759404317,0.770022713,Healthy,98.70382167,,,,680080,25.7037,33.4084,945,4,139.0026568,0.613270749,1787.356278563153,2878.501146561652,231.45976545513625,4.128793003480883,7.714383072785228,0.5693910230196351,12.412567099285749,2538.1282391853533,20511.0,404.0,760.0,940.0,1489.0,9060.0,36.0
Hambantota,Southern,2023,January,0.7770227,0.77555122,Healthy,100.1806247,317.85,299.35,9.95,680000,21.6413,31.6173,721,4,106.1298422,0.667144907,,,,,,,,,27890.0,685.0,586.0,288.0,1816.0,20200.0,60.0
Hambantota,Southern,2023,February,0.769865873,0.748660267,Healthy,102.6627583,319.7,304.4,10.0,680000,22.864,32.3569,681,4,100.2337398,0.630081301,,,,,,,,,27890.0,685.0,586.0,288.0,1816.0,20200.0,60.0
Hambantota,Southern,2023,March,0.73193566,0.711859333,Healthy,102.62701,325.7,304.5,11.5,680000,20.7704,35.447,721,4,106.1298422,0.667144907,,,,,,,,,27890.0,685.0,586.0,288.0,1816.0,20200.0,60.0
Hambantota,Southern,2023,April,0.696865867,0.700837087,Healthy,99.47207067,,,,680000,17.8785,34.3435,641,4,94.33763749,0.593017695,,,,,,,,,27890.0,685.0,586.0,288.0,1816.0,20200.0,60.0
Hambantota,Southern,2023,May,0.707032547,0.7062601,Healthy,100.10193,,,,680000,19.0224,30.6704,601,3,88.44153515,0.555954089,,,,,,,,,27890.0,685.0,586.0,288.0,1816.0,20200.0,60.0
Hambantota,Southern,2023,June,0.71612783,0.698409953,Healthy,102.37038,319.18,286.06,14.88,680000,16.7417,26.3607,681,4,100.2337398,0.630081301,,,,,,,,,27890.0,685.0,586.0,288.0,1816.0,20200.0,60.0
Hambantota,Southern,2023,July,0.689697633,0.666442567,Healthy,103.241367,331.6172414,302.1137931,31.74827586,680000,14.1771,24.0734,761,4,112.0259445,0.704208513,,,,,,,,,27890.0,685.0,586.0,288.0,1816.0,20200.0,60.0
Hambantota,Southern,2023,August,0.6612992,0.635890633,Degraded,103.7137317,334.225,300.55,51.19107143,680000,11.8801,22.659,841,5,123.8181492,0.778335725,,,,,,,,,27890.0,685.0,586.0,288.0,1816.0,20200.0,60.0
Hambantota,Southern,2023,September,0.705725497,0.63163102,Degraded,110.85863,321.9,299.3,10.6,680000,15.2822,28.0559,962,6,141.5064562,0.889526542,,,,,,,,,27890.0,685.0,586.0,288.0,1816.0,20200.0,60.0
Hambantota,Southern,2023,October,0.749897233,0.67526712,Healthy,110.3386767,,,,680000,17.9591,29.2907,1042,6,153.2986609,0.963653754,,,,,,,,,27890.0,685.0,586.0,288.0,1816.0,20200.0,60.0
Hambantota,Southern,2023,November,0.760723907,0.737160857,Healthy,103.01556,,,,680000,20.8408,33.1992,1122,7,165.0908656,1.037780966,,,,,,,,,27890.0,685.0,586.0,288.0,1816.0,20200.0,60.0
Hambantota,Southern,2023,December,0.7805737,0.770022713,Healthy,101.2857367,,,,680000,26.3904,36.2502,1082,6,159.1947633,1.00071736,,,,,,,,,27890.0,685.0,586.0,288.0,1816.0,20200.0,60.0
Hambantota,Southern,2024,January,0.790432513,0.77555122,Healthy,101.802302,,,,680000,21.8532,31.6189,677,2,99.67360115,0.408895265,,,,,,,,,74410.0,146.0,1027.0,715.0,1644.0,65289.0,94.0
Hambantota,Southern,2024,February,0.748809793,0.748660267,Healthy,100.0083983,317.9666667,301.3333333,8.1,680000,21.8408,33.251,640,2,94.13617886,0.386178862,,,,,,,,,74410.0,146.0,1027.0,715.0,1644.0,65289.0,94.0
Hambantota,Southern,2024,March,0.696996837,0.711859333,Healthy,98.04787467,319.6857143,301.1857143,16.4,680000,20.201,36.1694,677,2,99.67360115,0.408895265,,,,,,,,,74410.0,146.0,1027.0,715.0,1644.0,65289.0,94.0
Hambantota,Southern,2024,April,0.701674507,0.700837087,Healthy,100.108685,320.6,300.2,5.9,680000,18.8058,34.8327,602,2,88.59875658,0.363462458,,,,,,,,,74410.0,146.0,1027.0,715.0,1644.0,65289.0,94.0
Hambantota,Southern,2024,May,0.756287813,0.7062601,Healthy,106.6143913,316.2,297.35,7.85,680000,19.0237,32.7051,564,2,83.06133429,0.340746055,,,,,,,,,74410.0,146.0,1027.0,715.0,1644.0,65289.0,94.0
Hambantota,Southern,2024,June,0.781256857,0.698409953,Healthy,111.0714267,304.8,292.2,4.1,680000,17.2914,26.9683,640,2,94.13617886,0.386178862,,,,,,,,,74410.0,146.0,1027.0,715.0,1644.0,65289.0,94.0
Hambantota,Southern,2024,July,0.745504667,0.666442567,Healthy,111.0303433,323.2,299.08,20.94,680000,14.2033,24.8196,715,2,105.2110234,0.431611669,,,,,,,,,74410.0,146.0,1027.0,715.0,1644.0,65289.0,94.0
Hambantota,Southern,2024,August,0.715554467,0.635890633,Degraded,111.6208313,319.575,297.6,11.125,680000,12.9969,24.36,790,3,116.285868,0.477044476,,,,,,,,,74410.0,146.0,1027.0,715.0,1644.0,65289.0,94.0
Hambantota,Southern,2024,September,0.715441173,0.63163102,Degraded,112.3010433,322.78,292.96,16.78,680000,16.318,26.9837,903,3,132.8981349,0.545193687,,,,,,,,,74410.0,146.0,1027.0,715.0,1644.0,65289.0,94.0
Hambantota,Southern,2024,October,0.723232133,0.67526712,Healthy,106.6651867,,,,680000,18.355,29.27,979,4,143.9729794,0.590626495,,,,,,,,,74410.0,146.0,1027.0,715.0,1644.0,65289.0,94.0
Hambantota,Southern,2024,November,0.746536833,0.737160857,Healthy,101.2007847,,,,680000,21.1266,34.8652,1054,4,155.047824,0.636059302,,,,,,,,,74410.0,146.0,1027.0,715.0,1644.0,65289.0,94.0
Hambantota,Southern,2024,December,0.784641133,0.770022713,Healthy,101.7785867,,,,680000,26.0236,35.6718,1016,4,149.5104017,0.613342898,,,,,,,,,74410.0,146.0,1027.0,715.0,1644.0,65289.0,94.0
Jaffna,Northern,2014,January,0.623120433,0.601497287,Degraded,103.316388,,,,593000,32.2105,18.8596,713,4,120.2566528,0.69098836,,,,,,,,,859112.0,3851.0,20799.0,3851.0,38780.0,272885.0,79038.0
Jaffna,Northern,2014,February,0.55653868,0.549848447,Degraded,101.0908067,,,,593250,30.1044,17.7069,673,3,113.527866,0.652325107,,,,,,,,,859112.0,3851.0,20799.0,3851.0,38780.0,272885.0,79038.0
Jaffna,Northern,2014,March,0.491246233,0.510992333,Degraded,96.46253667,,,,593500,31.1599,16.5664,713,4,120.1553414,0.69040623,,,,,,,,,859112.0,3851.0,20799.0,3851.0,38780.0,272885.0,79038.0
Jaffna,Northern,2014,April,0.462201073,0.498078743,Degraded,93.453663,326.5,301.85,44.15,593750,28.6442,14.7308,633,3,106.7597775,0.613436029,,,,,,,,,859112.0,3851.0,20799.0,3851.0,38780.0,272885.0,79038.0
Jaffna,Northern,2014,May,0.457404277,0.496706423,Degraded,92.80996167,,,,594000,22.3234,12.568,594,3,100.0451671,0.574854233,,,,,,,,,859112.0,3851.0,20799.0,3851.0,38780.0,272885.0,79038.0
Jaffna,Northern,2014,June,0.431638703,0.481901537,Degraded,90.54323467,,,,594250,19.7266,11.1691,673,3,113.3368221,0.651227379,,,,,,,,,859112.0,3851.0,20799.0,3851.0,38780.0,272885.0,79038.0
Jaffna,Northern,2014,July,0.4109172,0.463751807,Degraded,89.719315,,,,594500,16.007,10.5916,752,4,126.6172981,0.727536291,,,,,,,,,859112.0,3851.0,20799.0,3851.0,38780.0,272885.0,79038.0
Jaffna,Northern,2014,August,0.426410727,0.46041914,Degraded,93.32964467,313.9,288.9,25.0,594750,18.1308,11.9003,831,4,139.8866095,0.803781052,,,,,,,,,859112.0,3851.0,20799.0,3851.0,38780.0,272885.0,79038.0
Jaffna,Northern,2014,September,0.47477094,0.484534133,Degraded,98.15035333,,,,595000,28.0939,19.9012,950,5,159.8032384,0.918220947,,,,,,,,,859112.0,3851.0,20799.0,3851.0,38780.0,272885.0,79038.0
Jaffna,Northern,2014,October,0.549307507,0.53861731,Degraded,101.7907653,,,,595250,19.0984,12.8219,1030,5,173.0474659,0.994321577,,,,,,,,,859112.0,3851.0,20799.0,3851.0,38780.0,272885.0,79038.0
Jaffna,Northern,2014,November,0.62207631,0.601171213,Degraded,103.21324,,,,595500,30.3379,17.3194,1109,6,186.2805731,1.070358311,,,,,,,,,859112.0,3851.0,20799.0,3851.0,38780.0,272885.0,79038.0
Jaffna,Northern,2014,December,0.6405624,0.625297297,Degraded,102.26083,,,,595750,34.8524,20.077,1069,6,179.5523167,1.031698105,,,,,,,,,859112.0,3851.0,20799.0,3851.0,38780.0,272885.0,79038.0
Jaffna,Northern,2015,January,0.6071333,0.601497287,Degraded,100.8571867,,,,596000,22.9225,29.1072,659,5,110.7014241,0.871664757,1125.253208033119,2099.9427039745906,579.8290262850702,2.599334910556505,5.627846446651904,1.4263794046612726,9.653560761869679,,1337814.0,4140.0,39456.0,5356.0,105628.0,370889.0,129547.0
Jaffna,Northern,2015,February,0.546350507,0.549848447,Degraded,99.41422667,,,,596330,24.6263,30.7159,623,4,104.4934879,0.822783369,1125.253208033119,2099.9427039745906,579.8290262850702,2.599334910556505,5.627846446651904,1.4263794046612726,9.653560761869679,,1337814.0,4140.0,39456.0,5356.0,105628.0,370889.0,129547.0
Jaffna,Northern,2015,March,0.5143258,0.510992333,Degraded,100.6036503,,,,596670,27.7336,33.1695,659,5,110.5771176,0.870685966,1125.253208033119,2099.9427039745906,579.8290262850702,2.599334910556505,5.627846446651904,1.4263794046612726,9.653560761869679,,1337814.0,4140.0,39456.0,5356.0,105628.0,370889.0,129547.0
Jaffna,Northern,2015,April,0.51873657,0.498078743,Degraded,103.7696837,316.7,303.8,10.3,597000,21.725,32.9884,586,4,98.23643965,0.773515273,1125.253208033119,2099.9427039745906,579.8290262850702,2.599334910556505,5.627846446651904,1.4263794046612726,9.653560761869679,,1337814.0,4140.0,39456.0,5356.0,105628.0,370889.0,129547.0
Jaffna,Northern,2015,May,0.53146989,0.496706423,Degraded,106.3608553,,,,597330,22.911,32.563,549,4,92.04578259,0.724769942,1125.253208033119,2099.9427039745906,579.8290262850702,2.599334910556505,5.627846446651904,1.4263794046612726,9.653560761869679,,1337814.0,4140.0,39456.0,5356.0,105628.0,370889.0,129547.0
Jaffna,Northern,2015,June,0.521056963,0.481901537,Degraded,107.358065,,,,597670,21.567,28.3287,623,4,104.2592093,0.820938656,1125.253208033119,2099.9427039745906,579.8290262850702,2.599334910556505,5.627846446651904,1.4263794046612726,9.653560761869679,,1337814.0,4140.0,39456.0,5356.0,105628.0,370889.0,129547.0
Jaffna,Northern,2015,July,0.494504287,0.463751807,Degraded,105.9840417,328.3,294.65,31.0,598000,20.3459,24.3268,696,5,116.4606955,0.917013351,1125.253208033119,2099.9427039745906,579.8290262850702,2.599334910556505,5.627846446651904,1.4263794046612726,9.653560761869679,,1337814.0,4140.0,39456.0,5356.0,105628.0,370889.0,129547.0
Jaffna,Northern,2015,August,0.486261267,0.46041914,Degraded,105.0647473,,,,598330,20.0903,21.9691,769,6,128.6487227,1.012982068,1125.253208033119,2099.9427039745906,579.8290262850702,2.599334910556505,5.627846446651904,1.4263794046612726,9.653560761869679,,1337814.0,4140.0,39456.0,5356.0,105628.0,370889.0,129547.0
Jaffna,Northern,2015,September,0.510470947,0.484534133,Degraded,104.8505133,312.95,292.55,22.45,598670,23.3448,28.2711,879,6,146.9436112,1.157036309,1125.253208033119,2099.9427039745906,579.8290262850702,2.599334910556505,5.627846446651904,1.4263794046612726,9.653560761869679,,1337814.0,4140.0,39456.0,5356.0,105628.0,370889.0,129547.0
Jaffna,Northern,2015,October,0.5692441,0.53861731,Degraded,105.2047167,317.3,295.8,25.7,599000,24.9927,30.2659,953,7,159.101212,1.252765449,1125.253208033119,2099.9427039745906,579.8290262850702,2.599334910556505,5.627846446651904,1.4263794046612726,9.653560761869679,,1337814.0,4140.0,39456.0,5356.0,105628.0,370889.0,129547.0
Jaffna,Northern,2015,November,0.629449443,0.601171213,Degraded,104.3501333,,,,599330,20.14,20.0789,1026,8,171.2454246,1.34838917,1125.253208033119,2099.9427039745906,579.8290262850702,2.599334910556505,5.627846446651904,1.4263794046612726,9.653560761869679,,1337814.0,4140.0,39456.0,5356.0,105628.0,370889.0,129547.0
Jaffna,Northern,2015,December,0.650663447,0.625297297,Degraded,103.7562367,,,,599670,28.9524,34.6016,989,7,165.0358917,1.29949521,1125.253208033119,2099.9427039745906,579.8290262850702,2.599334910556505,5.627846446651904,1.4263794046612726,9.653560761869679,,1337814.0,4140.0,39456.0,5356.0,105628.0,370889.0,129547.0
Jaffna,Northern,2016,January,0.616983883,0.601497287,Degraded,102.3673783,,,,600000,30.5827,40.9265,599,2,99.8902439,0.426829268,,,,,,,,,986656.0,2685.0,26887.0,5271.0,45172.0,340129.0,56945.0
Jaffna,Northern,2016,February,0.55381719,0.549848447,Degraded,100.6518087,317.4,302.5,6.5,600420,31.0501,40.667,566,2,94.27479355,0.402834547,,,,,,,,,986656.0,2685.0,26887.0,5271.0,45172.0,340129.0,56945.0
Jaffna,Northern,2016,March,0.500791383,0.510992333,Degraded,98.168818,328.9,310.6,9.8,600830,28.0917,37.5361,599,2,99.75225329,0.426239637,,,,,,,,,986656.0,2685.0,26887.0,5271.0,45172.0,340129.0,56945.0
Jaffna,Northern,2016,April,0.47390966,0.498078743,Degraded,95.59006333,312.7,292.0,9.3,601250,26.1752,31.5297,532,2,88.60673056,0.378615013,,,,,,,,,986656.0,2685.0,26887.0,5271.0,45172.0,340129.0,56945.0
Jaffna,Northern,2016,May,0.496281683,0.496706423,Degraded,99.93008,322.7,300.1,15.2,601670,24.4006,34.9201,499,2,83.01082313,0.354703798,,,,,,,,,986656.0,2685.0,26887.0,5271.0,45172.0,340129.0,56945.0
Jaffna,Northern,2016,June,0.542520427,0.481901537,Degraded,111.4249167,316.4,300.0,6.9,602080,22.3324,31.2774,566,2,94.0148677,0.401723888,,,,,,,,,986656.0,2685.0,26887.0,5271.0,45172.0,340129.0,56945.0
Jaffna,Northern,2016,July,0.544362367,0.463751807,Degraded,115.689078,,,,602500,23.2772,33.2822,632,2,105.0021928,0.448672537,,,,,,,,,986656.0,2685.0,26887.0,5271.0,45172.0,340129.0,56945.0
Jaffna,Northern,2016,August,0.51998709,0.46041914,Degraded,111.679862,312.3,294.5,10.5,602920,23.4074,34.1474,699,2,115.9742101,0.495555775,,,,,,,,,986656.0,2685.0,26887.0,5271.0,45172.0,340129.0,56945.0
Jaffna,Northern,2016,September,0.503392467,0.484534133,Degraded,103.577218,,,,603330,21.0916,27.1981,799,3,132.4518839,0.565964588,,,,,,,,,986656.0,2685.0,26887.0,5271.0,45172.0,340129.0,56945.0
Jaffna,Northern,2016,October,0.520510743,0.53861731,Degraded,96.95372167,,,,603750,23.458,29.6193,865,3,143.3897221,0.612701779,,,,,,,,,986656.0,2685.0,26887.0,5271.0,45172.0,340129.0,56945.0
Jaffna,Northern,2016,November,0.577385967,0.601171213,Degraded,96.33948333,,,,604170,25.5371,33.8005,932,3,154.312353,0.65937399,,,,,,,,,986656.0,2685.0,26887.0,5271.0,45172.0,340129.0,56945.0
Jaffna,Northern,2016,December,0.61355157,0.625297297,Degraded,98.26012867,,,,604580,28.6403,35.5588,899,3,148.700287,0.63539373,,,,,,,,,986656.0,2685.0,26887.0,5271.0,45172.0,340129.0,56945.0
Jaffna,Northern,2017,January,0.612192433,0.601497287,Degraded,101.6614167,,,,605000,25.6707,38.284,701,3,115.9483975,0.580528119,,,,,,,,,903306.0,3331.0,16742.0,8689.0,39182.0,344380.0,23537.0
Jaffna,Northern,2017,February,0.578537617,0.549848447,Degraded,104.7968967,,,,605670,26.675,39.151,662,3,109.385682,0.547670047,,,,,,,,,903306.0,3331.0,16742.0,8689.0,39182.0,344380.0,23537.0
Jaffna,Northern,2017,March,0.535337637,0.510992333,Degraded,104.3263217,323.8,308.3,7.6,606330,27.0413,37.2676,701,3,115.6940618,0.579254716,,,,,,,,,903306.0,3331.0,16742.0,8689.0,39182.0,344380.0,23537.0
Jaffna,Northern,2017,April,0.492599983,0.498078743,Degraded,98.99938133,316.6,299.8,9.8,607000,23.2459,34.7655,623,3,102.7256533,0.514324748,,,,,,,,,903306.0,3331.0,16742.0,8689.0,39182.0,344380.0,23537.0
Jaffna,Northern,2017,May,0.4764731,0.496706423,Degraded,96.29832333,317.825,297.575,21.8,607670,21.2243,33.6407,584,2,96.19911642,0.481647813,,,,,,,,,903306.0,3331.0,16742.0,8689.0,39182.0,344380.0,23537.0
Jaffna,Northern,2017,June,0.46171397,0.481901537,Degraded,96.20796,325.3,302.0,8.1,608330,19.6472,30.0039,662,3,108.9073792,0.54527529,,,,,,,,,903306.0,3331.0,16742.0,8689.0,39182.0,344380.0,23537.0
Jaffna,Northern,2017,July,0.457008583,0.463751807,Degraded,98.696718,,,,609000,18.2007,27.4977,740,3,121.5861001,0.608754856,,,,,,,,,903306.0,3331.0,16742.0,8689.0,39182.0,344380.0,23537.0
Jaffna,Northern,2017,August,0.484345133,0.46041914,Degraded,104.678038,,,,609670,18.6058,28.28,818,4,134.2369543,0.6720949,,,,,,,,,903306.0,3331.0,16742.0,8689.0,39182.0,344380.0,23537.0
Jaffna,Northern,2017,September,0.53205589,0.484534133,Degraded,108.8906767,,,,610330,23.0842,35.1757,935,4,153.2477632,0.767277838,,,,,,,,,903306.0,3331.0,16742.0,8689.0,39182.0,344380.0,23537.0
Jaffna,Northern,2017,October,0.569247267,0.53861731,Degraded,105.25648,314.2,290.0,13.9,611000,21.8222,30.5906,1013,5,165.8363605,0.830306175,,,,,,,,,903306.0,3331.0,16742.0,8689.0,39182.0,344380.0,23537.0
Jaffna,Northern,2017,November,0.608209643,0.601171213,Degraded,101.0920383,,,,611670,22.9065,31.2583,1091,5,178.3973796,0.893196435,,,,,,,,,903306.0,3331.0,16742.0,8689.0,39182.0,344380.0,23537.0
Jaffna,Northern,2017,December,0.624210723,0.625297297,Degraded,99.83932,,,,612330,28.8634,39.6964,1052,5,171.8406263,0.860368214,,,,,,,,,903306.0,3331.0,16742.0,8689.0,39182.0,344380.0,23537.0
Jaffna,Northern,2018,January,0.591060193,0.601497287,Degraded,98.38562667,315.3,298.4,6.5,613000,27.6376,41.326,729,3,118.9233279,0.572951896,,,,,,,,,961598.0,2957.0,16931.0,7055.0,80776.0,339763.0,20063.0
Jaffna,Northern,2018,February,0.53364947,0.549848447,Degraded,97.30130667,,,,613330,28.0348,40.9463,688,3,112.2560449,0.540830087,,,,,,,,,961598.0,2957.0,16931.0,7055.0,80776.0,339763.0,20063.0
Jaffna,Northern,2018,March,0.50198064,0.510992333,Degraded,98.40004467,,,,613670,28.1296,39.2444,729,3,118.7934884,0.572326352,,,,,,,,,961598.0,2957.0,16931.0,7055.0,80776.0,339763.0,20063.0
Jaffna,Northern,2018,April,0.496661267,0.498078743,Degraded,99.741492,,,,614000,25.012,36.7353,648,3,105.5374593,0.508461111,,,,,,,,,961598.0,2957.0,16931.0,7055.0,80776.0,339763.0,20063.0
Jaffna,Northern,2018,May,0.508532213,0.496706423,Degraded,102.1651067,,,,614330,23.1118,33.9133,607,2,98.88821969,0.476426232,,,,,,,,,961598.0,2957.0,16931.0,7055.0,80776.0,339763.0,20063.0
Jaffna,Northern,2018,June,0.493799993,0.481901537,Degraded,102.2309733,,,,614670,21.1359,31.6311,688,3,112.0113231,0.53965106,,,,,,,,,961598.0,2957.0,16931.0,7055.0,80776.0,339763.0,20063.0
Jaffna,Northern,2018,July,0.460404293,0.463751807,Degraded,99.34216,318.3,298.3,18.0,615000,18.6512,30.9618,769,3,125.1219512,0.602815784,,,,,,,,,961598.0,2957.0,16931.0,7055.0,80776.0,339763.0,20063.0
Jaffna,Northern,2018,August,0.44481612,0.46041914,Degraded,96.945655,,,,615330,19.433,29.8002,850,4,138.2185169,0.665912758,,,,,,,,,961598.0,2957.0,16931.0,7055.0,80776.0,339763.0,20063.0
Jaffna,Northern,2018,September,0.46942256,0.484534133,Degraded,97.15838467,317.6,297.9,18.9,615670,23.5215,36.6867,972,4,157.8767846,0.760622871,,,,,,,,,961598.0,2957.0,16931.0,7055.0,80776.0,339763.0,20063.0
Jaffna,Northern,2018,October,0.545441957,0.53861731,Degraded,101.1259227,321.3,295.9,11.8,616000,21.8067,33.2279,1053,5,170.9415584,0.823566677,,,,,,,,,961598.0,2957.0,16931.0,7055.0,80776.0,339763.0,20063.0
Jaffna,Northern,2018,November,0.627991367,0.601171213,Degraded,104.1101467,,,,616330,24.526,34.1455,1134,5,183.9923418,0.88644308,,,,,,,,,961598.0,2957.0,16931.0,7055.0,80776.0,339763.0,20063.0
Jaffna,Northern,2018,December,0.650444047,0.625297297,Degraded,103.7241487,,,,616670,29.4791,42.9457,1093,5,177.3233658,0.854313114,,,,,,,,,961598.0,2957.0,16931.0,7055.0,80776.0,339763.0,20063.0
Jaffna,Northern,2019,January,0.60936771,0.601497287,Degraded,101.19312,,,,617000,28.9214,42.9091,717,2,116.2193145,0.474364549,1585.279915975301,2119.6836459626006,917.8399563544775,3.6619966059029454,5.68075217117977,2.2578862926320147,11.600635069714732,,734606.0,1613.0,13459.0,3738.0,38232.0,284301.0,15490.0
Jaffna,Northern,2019,February,0.53936022,0.549848447,Degraded,98.23200867,,,,617330,29.9592,45.0677,677,2,109.7040112,0.447771474,1585.279915975301,2119.6836459626006,917.8399563544775,3.6619966059029454,5.68075217117977,2.2578862926320147,11.600635069714732,,734606.0,1613.0,13459.0,3738.0,38232.0,284301.0,15490.0
Jaffna,Northern,2019,March,0.47856344,0.510992333,Degraded,94.20061533,,,,617670,29.465,40.8306,717,2,116.0932489,0.473849996,1585.279915975301,2119.6836459626006,917.8399563544775,3.6619966059029454,5.68075217117977,2.2578862926320147,11.600635069714732,,734606.0,1613.0,13459.0,3738.0,38232.0,284301.0,15490.0
Jaffna,Northern,2019,April,0.439689223,0.498078743,Degraded,89.34587,312.75,295.1,56.05,618000,26.0294,36.5573,637,2,103.1388955,0.420975084,1585.279915975301,2119.6836459626006,917.8399563544775,3.6619966059029454,5.68075217117977,2.2578862926320147,11.600635069714732,,734606.0,1613.0,13459.0,3738.0,38232.0,284301.0,15490.0
Jaffna,Northern,2019,May,0.429741923,0.496706423,Degraded,87.75158667,327.0,304.4,17.73333333,618330,23.3689,36.9727,597,2,96.64111002,0.39445351,1585.279915975301,2119.6836459626006,917.8399563544775,3.6619966059029454,5.68075217117977,2.2578862926320147,11.600635069714732,,734606.0,1613.0,13459.0,3738.0,38232.0,284301.0,15490.0
Jaffna,Northern,2019,June,0.429131183,0.481901537,Degraded,90.08998867,,,,618670,21.6366,32.2377,677,2,109.4663993,0.44680163,1585.279915975301,2119.6836459626006,917.8399563544775,3.6619966059029454,5.68075217117977,2.2578862926320147,11.600635069714732,,734606.0,1613.0,13459.0,3738.0,38232.0,284301.0,15490.0
Jaffna,Northern,2019,July,0.441696777,0.463751807,Degraded,95.72201333,,,,619000,20.095,30.3638,756,3,122.279575,0.499100306,1585.279915975301,2119.6836459626006,917.8399563544775,3.6619966059029454,5.68075217117977,2.2578862926320147,11.600635069714732,,734606.0,1613.0,13459.0,3738.0,38232.0,284301.0,15490.0
Jaffna,Northern,2019,August,0.4774473,0.46041914,Degraded,103.3244867,,,,619330,20.9031,30.7718,836,3,135.0790961,0.551343249,1585.279915975301,2119.6836459626006,917.8399563544775,3.6619966059029454,5.68075217117977,2.2578862926320147,11.600635069714732,,734606.0,1613.0,13459.0,3738.0,38232.0,284301.0,15490.0
Jaffna,Northern,2019,September,0.540092453,0.484534133,Degraded,110.369295,,,,619670,25.2074,36.7569,956,3,154.2914069,0.629760844,1585.279915975301,2119.6836459626006,917.8399563544775,3.6619966059029454,5.68075217117977,2.2578862926320147,11.600635069714732,,734606.0,1613.0,13459.0,3738.0,38232.0,284301.0,15490.0
Jaffna,Northern,2019,October,0.60491503,0.53861731,Degraded,111.2807947,314.6,295.4,25.7,620000,22.3793,34.0312,1035,4,167.0600577,0.681877787,1585.279915975301,2119.6836459626006,917.8399563544775,3.6619966059029454,5.68075217117977,2.2578862926320147,11.600635069714732,,734606.0,1613.0,13459.0,3738.0,38232.0,284301.0,15490.0
Jaffna,Northern,2019,November,0.653284947,0.601171213,Degraded,108.026848,,,,620330,24.5809,34.7479,1115,4,179.8151233,0.733939279,1585.279915975301,2119.6836459626006,917.8399563544775,3.6619966059029454,5.68075217117977,2.2578862926320147,11.600635069714732,,734606.0,1613.0,13459.0,3738.0,38232.0,284301.0,15490.0
Jaffna,Northern,2019,December,0.650933333,0.625297297,Degraded,103.7972233,,,,620670,30.3087,43.7213,1075,4,173.2981707,0.707339472,1585.279915975301,2119.6836459626006,917.8399563544775,3.6619966059029454,5.68075217117977,2.2578862926320147,11.600635069714732,,734606.0,1613.0,13459.0,3738.0,38232.0,284301.0,15490.0
Jaffna,Northern,2020,January,0.6032946,0.601497287,Degraded,100.26341,,,,621000,20.8295,31.2202,416,1,67.02014846,0.318133616,44.45919981222342,53.9388194296785,25.08474217718943,0.1027007515662361,0.1445560360715383,0.061708465755886,0.3089652533936605,86.67906180170326,405256.0,578.0,9532.0,3000.0,21021.0,151634.0,7150.0
Jaffna,Northern,2020,February,0.543953753,0.549848447,Degraded,99.01423333,318.9,304.1,7.6,621420,22.7287,32.3911,393,1,63.25402638,0.300256454,40.10045473259365,48.65069987774922,22.62545372844536,0.0926320504322913,0.1303838756723679,0.0556586161719755,0.2786745422766348,78.18111456624214,405256.0,578.0,9532.0,3000.0,21021.0,151634.0,7150.0
Jaffna,Northern,2020,March,0.50093979,0.510992333,Degraded,98.20201333,,,,621830,22.1548,29.6424,416,1,66.93069198,0.317708981,163.88881499407844,198.83329515254036,92.4692456727767,0.3785831626363212,0.532873231008808,0.2274743443550307,1.13893073800016,319.52281605333746,405256.0,578.0,9532.0,3000.0,21021.0,151634.0,7150.0
Jaffna,Northern,2020,April,0.478661283,0.498078743,Degraded,96.456982,325.45,309.6,12.5,622250,19.0603,27.532,369,1,59.45379181,0.282217366,1348.1598531294806,1635.6153774117215,760.6579171965382,3.1142492607291,4.383449211463414,1.8712184763034845,9.368916948496,2628.41507992812,405256.0,578.0,9532.0,3000.0,21021.0,151634.0,7150.0
Jaffna,Northern,2020,May,0.483190313,0.496706423,Degraded,97.53042333,,,,622670,17.9591,27.577,346,1,55.70033377,0.264400319,1964.050532881164,2382.8266700993263,1108.155375004074,4.536956730955488,6.385975475866196,2.7260622225100226,13.648994429331706,3829.175024298773,405256.0,578.0,9532.0,3000.0,21021.0,151634.0,7150.0
Jaffna,Northern,2020,June,0.499510737,0.481901537,Degraded,103.3345303,,,,623080,16.3325,25.2864,393,1,63.08550599,0.299456516,2342.389605793025,2841.835447206786,1321.6216123550582,5.410919989381888,7.616118998514186,3.251189166393444,16.27822815428952,4566.796844336796,405256.0,578.0,9532.0,3000.0,21021.0,151634.0,7150.0
Jaffna,Northern,2020,July,0.521122583,0.463751807,Degraded,111.1796133,311.1,292.6,11.6,623500,15.0267,24.0532,439,2,70.45983531,0.334461244,2093.94113625413,2540.4126327468184,1181.442170776647,4.83700402474704,6.808305855761473,2.906347740110552,14.551657620619066,4082.413851915514,405256.0,578.0,9532.0,3000.0,21021.0,151634.0,7150.0
Jaffna,Northern,2020,August,0.530478477,0.46041914,Degraded,113.7283133,,,,623920,15.5202,23.0427,485,2,77.82423638,0.369418844,1830.672933444493,2221.0102118102905,1032.9011484725056,4.22885447625678,5.952307367651579,2.540936825242364,12.722098669150723,3569.137838893664,405256.0,578.0,9532.0,3000.0,21021.0,151634.0,7150.0
Jaffna,Northern,2020,September,0.537261257,0.484534133,Degraded,109.8889417,322.9,298.0,11.0,624330,18.2587,30.0624,554,2,88.88357588,0.421915708,1787.0854826481957,2168.129016290998,1008.308263985065,4.1281674649173326,5.810585763659875,2.48043832940326,12.419191557980469,3484.1583665390526,405256.0,578.0,9532.0,3000.0,21021.0,151634.0,7150.0
Jaffna,Northern,2020,October,0.5659129,0.53861731,Degraded,104.6839633,,,,624750,17.5403,26.0509,601,2,96.2258074,0.456768073,1765.2917572500469,2141.6884185313515,996.0118217413446,4.077823959247609,5.739724961664022,2.450189081483708,12.26773800239534,3441.668630361747,405256.0,578.0,9532.0,3000.0,21021.0,151634.0,7150.0
Jaffna,Northern,2020,November,0.605722573,0.601171213,Degraded,100.7076963,,,,625170,19.6001,26.5811,647,3,103.5581736,0.491573609,1699.9105810556011,2062.366625252413,959.122495010184,3.926793442238439,5.527142555676467,2.3594413377250527,11.81337733563996,3314.1994218298305,405256.0,578.0,9532.0,3000.0,21021.0,151634.0,7150.0
Jaffna,Northern,2020,December,0.626988153,0.625297297,Degraded,100.2503803,,,,625580,24.0398,33.574,624,2,99.79422023,0.473706742,1656.3231302593035,2009.4854297331203,934.5296105227432,3.826106430898992,5.385420951684763,2.2989428418859488,11.510470224469705,3229.2199494752194,405256.0,578.0,9532.0,3000.0,21021.0,151634.0,7150.0
Jaffna,Northern,2021,January,0.614296763,0.601497287,Degraded,101.9759387,,,,626000,24.6108,35.4376,350,2,56.01184446,0.327281228,48.120880270130826,63.89932694908016,26.71730887236588,0.1111592334240022,0.1712501962235348,0.06572457982602,0.3481340094735571,87.0254638643644,33850.0,281.0,771.0,2593.0,3495.0,8011.0,2093.0
Jaffna,Northern,2021,February,0.56535588,0.549848447,Degraded,102.5829383,322.8,301.5,29.6,626250,25.0689,36.9068,331,1,52.87895753,0.308975545,43.403146910314064,57.63468705211149,24.097964865271173,0.1002612693628254,0.1544609612996587,0.059280993568567,0.3140032242310513,78.4935556423679,33850.0,281.0,771.0,2593.0,3495.0,8011.0,2093.0
Jaffna,Northern,2021,March,0.51969675,0.510992333,Degraded,101.5459397,,,,626500,24.5282,33.3296,350,2,55.96714227,0.32702003,177.38677432910967,235.5504601260209,98.48733466676047,0.4097634487002433,0.631275233137736,0.2422788432802307,1.28331752511821,320.7997491470688,33850.0,281.0,771.0,2593.0,3495.0,8011.0,2093.0
Jaffna,Northern,2021,April,0.50571938,0.498078743,Degraded,101.3942733,319.6,293.7,8.2,626750,21.6799,31.8185,311,1,49.72872704,0.290568522,1459.1949281913198,1937.6531201324008,810.1631013943887,3.3707402841219487,5.1929103619548345,1.9930012294301964,10.55665187550698,2638.919213063521,33850.0,281.0,771.0,2593.0,3495.0,8011.0,2093.0
Jaffna,Northern,2021,May,0.515358063,0.496706423,Degraded,103.414175,317.4,296.1,11.5,627000,19.6975,30.1129,292,1,46.60209282,0.272299374,2125.8106519334265,2822.8467375740697,1180.276409596869,4.910622605966214,7.565229256698507,2.903479967608298,15.37933183027302,3844.4778448316274,33850.0,281.0,771.0,2593.0,3495.0,8011.0,2093.0
Jaffna,Northern,2021,June,0.52462148,0.481901537,Degraded,108.04741,322.7,302.0,9.0,627250,18.7656,27.8241,331,1,52.79465469,0.308482957,2535.309907565519,3366.617480630947,1407.6354694126878,5.856565886476349,9.022534848090938,3.4627832547552124,18.3418839893225,4585.047478500924,33850.0,281.0,771.0,2593.0,3495.0,8011.0,2093.0
Jaffna,Northern,2021,July,0.52725051,0.463751807,Degraded,112.3653933,312.7,292.7,21.75,627500,17.1985,26.5965,370,2,58.98228225,0.344637709,2266.399106055965,3009.533006503735,1258.3328610082906,5.235381934989279,8.06554845743001,3.0954988380803954,16.396429230499685,4098.728709847123,33850.0,281.0,771.0,2593.0,3495.0,8011.0,2093.0
Jaffna,Northern,2021,August,0.516454837,0.46041914,Degraded,110.9858067,,,,627750,16.9347,27.0056,409,2,65.1649814,0.380763664,1981.4480111230332,2631.148756726829,1100.124482979771,4.577144905694207,7.051478668027902,2.706306228130237,14.334929801852349,3583.4014532385345,33850.0,281.0,771.0,2593.0,3495.0,8011.0,2093.0
Jaffna,Northern,2021,September,0.520689247,0.484534133,Degraded,106.7785013,323.36,294.54,17.9,628000,21.1855,30.9481,467,2,74.44461706,0.434985242,1934.270677524866,2568.5023577571424,1073.931042908824,4.46816526508244,6.883586318789142,2.6418703655557074,13.99362194942729,3498.082371018569,33850.0,281.0,771.0,2593.0,3495.0,8011.0,2093.0
Jaffna,Northern,2021,October,0.56906019,0.53861731,Degraded,105.185183,,,,628250,18.9702,29.7414,506,2,80.61624269,0.471046493,1910.6820107257824,2537.1791582722994,1060.8343228733506,4.4136754447765565,6.7996401441697625,2.609652434268442,13.82296802321476,3455.4228299085867,33850.0,281.0,771.0,2593.0,3495.0,8011.0,2093.0
Jaffna,Northern,2021,November,0.62393975,0.601171213,Degraded,103.5089733,,,,628500,21.6436,30.9388,545,3,86.78295852,0.507079056,1839.9160103285317,2443.2095598177702,1021.5441627669304,4.250205983858908,6.547801620311624,2.512998640406649,13.31100624457718,3327.444206578639,33850.0,281.0,771.0,2593.0,3495.0,8011.0,2093.0
Jaffna,Northern,2021,December,0.636636533,0.625297297,Degraded,101.6794267,,,,628750,26.2536,37.8867,525,3,83.65029336,0.488774669,1792.738676730364,2380.563160848084,995.3507226959836,4.141226343247141,6.379909271072864,2.4485627778321195,12.969698392152123,3242.125124358674,33850.0,281.0,771.0,2593.0,3495.0,8011.0,2093.0
Jaffna,Northern,2022,January,0.615482767,0.601497287,Degraded,102.1619433,,,,629000,25.2137,39.3371,683,2,108.6509752,0.453681802,41.81070278198941,57.43925445130436,14.45176431034456,0.0965827234263955,0.1539372019294957,0.0355513402034476,0.2860712655593388,87.20474287053676,20511.0,404.0,760.0,940.0,1489.0,9060.0,36.0
Jaffna,Northern,2022,February,0.588309667,0.549848447,Degraded,106.4429767,,,,628920,26.026,39.0686,645,2,102.6278628,0.428531761,37.71161427395122,51.8079549952941,13.03492467207548,0.0871138289728273,0.1388453193873882,0.0320659146933056,0.2580250630535212,78.65525827538609,20511.0,404.0,760.0,940.0,1489.0,9060.0,36.0
Jaffna,Northern,2022,March,0.576289227,0.510992333,Degraded,111.6589097,,,,628830,26.1953,37.7523,683,2,108.6803483,0.453804452,154.12572790223547,211.73685954598463,53.2731703989172,0.3560304314541639,0.5674547835832389,0.1310519991813362,1.054537214218739,321.46062077766493,20511.0,404.0,760.0,940.0,1489.0,9060.0,36.0
Jaffna,Northern,2022,April,0.582960183,0.498078743,Degraded,115.4874117,321.0,301.8,7.0,628750,22.7035,32.7888,607,2,96.61704569,0.40343306,1267.8480755362082,1741.7609217439642,438.2285001166247,2.928729054488641,4.667919270273824,1.078042110286897,8.674690435049362,2644.3555852801005,20511.0,404.0,760.0,940.0,1489.0,9060.0,36.0
Jaffna,Northern,2022,May,0.564235463,0.496706423,Degraded,112.3476433,,,,628670,20.7717,32.685,569,2,90.5900067,0.378266623,1847.049281722003,2537.46353487821,638.4279410040449,4.2666838407778265,6.800402273473603,1.5705327348699505,12.63761884912138,3852.397758574889,20511.0,404.0,760.0,940.0,1489.0,9060.0,36.0
Jaffna,Northern,2022,June,0.535527947,0.481901537,Degraded,110.085385,,,,628580,19.343,28.8918,645,2,102.6833743,0.428763555,2202.850164219716,3026.260327659897,761.4096216058003,5.088583879347543,8.110377678128524,1.8730676691502688,15.072029226626336,4594.493021433967,20511.0,404.0,760.0,940.0,1489.0,9060.0,36.0
Jaffna,Northern,2022,July,0.527169883,0.463751807,Degraded,112.3522433,,,,628500,18.3882,26.6047,721,3,114.7783793,0.479267323,1969.20211926154,2705.2762586673143,680.6497622244633,4.548856895494158,7.250140373228403,1.6743984150721796,13.47339568379474,4107.172399510378,20511.0,404.0,760.0,940.0,1489.0,9060.0,36.0
Jaffna,Northern,2022,August,0.540539747,0.46041914,Degraded,115.6969293,313.4,295.6,15.0,628420,18.0069,27.1241,797,3,126.8764637,0.529783949,1721.6171733760343,2365.1457715242964,595.0726480730111,3.976935670498639,6.338590667685114,1.4638787142596077,11.77940505244336,3590.783529963279,20511.0,404.0,760.0,940.0,1489.0,9060.0,36.0
Jaffna,Northern,2022,September,0.557647283,0.484534133,Degraded,113.7014153,,,,628330,21.7823,34.97,911,3,145.0224424,0.605554096,1680.6262882956523,2308.832776964194,580.9042516903204,3.8822467259629567,6.187671842264041,1.4290244591581882,11.498943027385184,3505.288684011772,20511.0,404.0,760.0,940.0,1489.0,9060.0,36.0
Jaffna,Northern,2022,October,0.599407513,0.53861731,Degraded,110.3402783,314.4,290.8,25.55,628250,20.946,31.4514,987,4,157.1276517,0.656100473,1660.1308457554617,2280.676279684143,573.820053498975,3.834902253695116,6.112212429553503,1.4115973316074786,11.358712014856096,3462.5412610360186,20511.0,404.0,760.0,940.0,1489.0,9060.0,36.0
Jaffna,Northern,2022,November,0.656032237,0.601171213,Degraded,108.4322087,,,,628170,22.28,31.2816,1063,4,169.2359442,0.706659724,1598.6445181348893,2196.20678784399,552.567458924939,3.692868836891594,5.8858341914218935,1.35931594895535,10.938018977268836,3334.2989921087587,20511.0,404.0,760.0,940.0,1489.0,9060.0,36.0
Jaffna,Northern,2022,December,0.67802687,0.625297297,Degraded,107.80839,,,,628080,26.33,38.5909,1025,4,163.2151877,0.681519521,1557.6536330545075,2139.893793283888,538.3990625422482,3.598179892355912,5.734915366000819,1.3244616938539306,10.65755695221066,3248.804146157252,20511.0,404.0,760.0,940.0,1489.0,9060.0,36.0
Jaffna,Northern,2023,January,0.64208819,0.601497287,Degraded,106.2204613,,,,628000,26.6216,39.5657,676,3,107.6588473,0.512661178,,,,,,,,,27890.0,685.0,586.0,288.0,1816.0,20200.0,60.0
Jaffna,Northern,2023,February,0.58847527,0.549848447,Degraded,106.4533883,,,,628080,26.0854,39.6814,638,3,101.6648493,0.48411833,,,,,,,,,27890.0,685.0,586.0,288.0,1816.0,20200.0,60.0
Jaffna,Northern,2023,March,0.55758601,0.510992333,Degraded,108.3078337,,,,628170,27.8469,37.6282,676,3,107.6297119,0.512522437,,,,,,,,,27890.0,685.0,586.0,288.0,1816.0,20200.0,60.0
Jaffna,Northern,2023,April,0.552248377,0.498078743,Degraded,109.8839667,,,,628250,23.6402,34.666,600,2,95.65867246,0.455517488,,,,,,,,,27890.0,685.0,586.0,288.0,1816.0,20200.0,60.0
Jaffna,Northern,2023,May,0.56506557,0.496706423,Degraded,112.5051533,,,,628330,22.2594,33.4794,563,2,89.66858723,0.426993273,,,,,,,,,27890.0,685.0,586.0,288.0,1816.0,20200.0,60.0
Jaffna,Northern,2023,June,0.551873103,0.481901537,Degraded,113.1535413,,,,628420,20.6885,29.0305,638,3,101.6098446,0.483856403,,,,,,,,,27890.0,685.0,586.0,288.0,1816.0,20200.0,60.0
Jaffna,Northern,2023,July,0.519684933,0.463751807,Degraded,110.878218,305.6,286.3,8.0,628500,18.5985,29.721,713,3,113.5494887,0.540711851,,,,,,,,,27890.0,685.0,586.0,288.0,1816.0,20200.0,60.0
Jaffna,Northern,2023,August,0.487512877,0.46041914,Degraded,105.31705,317.4,299.1,13.9,628580,19.3114,29.0228,788,3,125.4860937,0.597552827,,,,,,,,,27890.0,685.0,586.0,288.0,1816.0,20200.0,60.0
Jaffna,Northern,2023,September,0.492882787,0.484534133,Degraded,101.5629017,312.7,297.4,8.6,628670,22.6101,35.3701,901,4,143.3921477,0.682819751,,,,,,,,,27890.0,685.0,586.0,288.0,1816.0,20200.0,60.0
Jaffna,Northern,2023,October,0.559170953,0.53861731,Degraded,103.4688387,,,,628750,21.3905,32.1771,976,4,155.3217282,0.739627277,,,,,,,,,27890.0,685.0,586.0,288.0,1816.0,20200.0,60.0
Jaffna,Northern,2023,November,0.635761277,0.601171213,Degraded,105.3027967,,,,628830,22.9106,32.308,1051,5,167.2482733,0.796420349,,,,,,,,,27890.0,685.0,586.0,288.0,1816.0,20200.0,60.0
Jaffna,Northern,2023,December,0.667465583,0.625297297,Degraded,106.2443167,,,,628920,28.9713,39.8829,1014,4,161.2520418,0.767866866,,,,,,,,,27890.0,685.0,586.0,288.0,1816.0,20200.0,60.0
Jaffna,Northern,2024,January,0.651638667,0.601497287,Degraded,107.6974467,,,,629000,27.251,39.4166,695,2,110.6052968,0.407150335,,,,,,,,,74410.0,146.0,1027.0,715.0,1644.0,65289.0,94.0
Jaffna,Northern,2024,February,0.593588167,0.549848447,Degraded,107.2872733,336.6,305.3,31.2,629000,27.5579,38.9218,657,2,104.4605581,0.384530872,,,,,,,,,74410.0,146.0,1027.0,715.0,1644.0,65289.0,94.0
Jaffna,Northern,2024,March,0.543525793,0.510992333,Degraded,105.7941833,324.0,305.7,9.0,629000,27.7954,39.6413,695,2,110.6052968,0.407150335,,,,,,,,,74410.0,146.0,1027.0,715.0,1644.0,65289.0,94.0
Jaffna,Northern,2024,April,0.534083847,0.498078743,Degraded,106.569812,330.0,303.7,15.6,629000,24.2425,35.5423,618,2,98.31581941,0.361911409,,,,,,,,,74410.0,146.0,1027.0,715.0,1644.0,65289.0,94.0
Jaffna,Northern,2024,May,0.564870957,0.496706423,Degraded,112.47507,,,,629000,20.8941,34.3825,579,2,92.17108069,0.339291946,,,,,,,,,74410.0,146.0,1027.0,715.0,1644.0,65289.0,94.0
Jaffna,Northern,2024,June,0.5769247,0.481901537,Degraded,117.8690933,,,,629000,20.1862,31.5196,657,2,104.4605581,0.384530872,,,,,,,,,74410.0,146.0,1027.0,715.0,1644.0,65289.0,94.0
Jaffna,Northern,2024,July,0.553420417,0.463751807,Degraded,117.45017,,,,629000,19.1436,29.2074,734,2,116.7500355,0.429769798,,,,,,,,,74410.0,146.0,1027.0,715.0,1644.0,65289.0,94.0
Jaffna,Northern,2024,August,0.536438687,0.46041914,Degraded,114.8986767,321.7,299.1,10.4,629000,19.7585,28.8581,811,2,129.039513,0.475008725,,,,,,,,,74410.0,146.0,1027.0,715.0,1644.0,65289.0,94.0
Jaffna,Northern,2024,September,0.54813872,0.484534133,Degraded,111.9072933,,,,629000,23.9385,36.4804,927,3,147.4737291,0.542867114,,,,,,,,,74410.0,146.0,1027.0,715.0,1644.0,65289.0,94.0
Jaffna,Northern,2024,October,0.600747317,0.53861731,Degraded,110.569545,313.8,291.9,49.2,629000,21.376,32.8428,1004,3,159.7632065,0.58810604,,,,,,,,,74410.0,146.0,1027.0,715.0,1644.0,65289.0,94.0
Jaffna,Northern,2024,November,0.6508387,0.601171213,Degraded,107.6457513,,,,629000,24.0896,31.383,1082,3,172.052684,0.633344966,,,,,,,,,74410.0,146.0,1027.0,715.0,1644.0,65289.0,94.0
Jaffna,Northern,2024,December,0.656610723,0.625297297,Degraded,104.637568,,,,629000,29.5887,39.9312,1043,3,165.9079452,0.610725503,,,,,,,,,74410.0,146.0,1027.0,715.0,1644.0,65289.0,94.0
Kalutara,Western,2014,January,0.771076247,0.781934103,Healthy,98.69377667,,,,1242000,37.28571429,26.0,842,3,67.86261341,0.30635089,,,,,,,,,859112.0,3851.0,20799.0,3851.0,38780.0,272885.0,79038.0
Kalutara,Western,2014,February,0.75286472,0.768329287,Healthy,98.109958,314.7,302.8,6.3,1242830,34.57142857,25.28571429,796,3,64.0496653,0.289138171,,,,,,,,,859112.0,3851.0,20799.0,3851.0,38780.0,272885.0,79038.0
Kalutara,Western,2014,March,0.754191667,0.77279975,Healthy,97.73822333,318.9,294.2,44.9,1243670,30.5714,22.85714286,842,3,67.7714875,0.305939522,,,,,,,,,859112.0,3851.0,20799.0,3851.0,38780.0,272885.0,79038.0
Kalutara,Western,2014,April,0.774551267,0.787559833,Healthy,98.44572533,,,,1244500,26.5714,19.7143,749,3,60.2011452,0.271764871,,,,,,,,,859112.0,3851.0,20799.0,3851.0,38780.0,272885.0,79038.0
Kalutara,Western,2014,May,0.78818973,0.796654737,Healthy,99.00015667,,,,1245330,22.57142857,16.57142857,702,3,56.40095788,0.254609759,,,,,,,,,859112.0,3851.0,20799.0,3851.0,38780.0,272885.0,79038.0
Kalutara,Western,2014,June,0.787369233,0.798704133,Healthy,98.66441133,,,,1246170,20.0,14.85714286,796,3,63.87799861,0.28836322,,,,,,,,,859112.0,3851.0,20799.0,3851.0,38780.0,272885.0,79038.0
Kalutara,Western,2014,July,0.78665382,0.795079743,Healthy,99.00371333,,,,1247000,20.14285714,15.42857143,889,4,71.34553823,0.32207379,,,,,,,,,859112.0,3851.0,20799.0,3851.0,38780.0,272885.0,79038.0
Kalutara,Western,2014,August,0.79747179,0.790280493,Healthy,100.856272,,,,1247830,20.85714286,14.85714286,983,4,78.80314372,0.355739515,,,,,,,,,859112.0,3851.0,20799.0,3851.0,38780.0,272885.0,79038.0
Kalutara,Western,2014,September,0.806935233,0.79020558,Healthy,101.9910687,,,,1248670,41.28571429,28.42857143,1123,5,90.0001504,0.406285947,,,,,,,,,859112.0,3851.0,20799.0,3851.0,38780.0,272885.0,79038.0
Kalutara,Western,2014,October,0.810010853,0.794738913,Healthy,101.8082053,,,,1249500,23.85714286,17.57142857,1217,5,97.43539692,0.439850737,,,,,,,,,859112.0,3851.0,20799.0,3851.0,38780.0,272885.0,79038.0
Kalutara,Western,2014,November,0.807596783,0.798227013,Healthy,101.104685,,,,1250330,33.0,23.57142857,1311,5,104.860772,0.473370965,,,,,,,,,859112.0,3851.0,20799.0,3851.0,38780.0,272885.0,79038.0
Kalutara,Western,2014,December,0.803894233,0.796395437,Healthy,100.8860067,,,,1251170,38.0,27.0,1264,5,101.0478582,0.456158402,,,,,,,,,859112.0,3851.0,20799.0,3851.0,38780.0,272885.0,79038.0
Kalutara,Western,2015,January,0.789593573,0.781934103,Healthy,100.92063,,,,1252000,24.14285714,42.14285714,868,5,69.36024312,0.473388919,2773.1603328374517,4711.598309178912,309.10259764655365,6.406000368854514,12.627083468599485,0.7603923902105221,19.79347622766452,,1337814.0,4140.0,39456.0,5356.0,105628.0,370889.0,129547.0
Kalutara,Western,2015,February,0.779194867,0.768329287,Healthy,101.3281227,,,,1252920,28.14285714,44.14285714,820,5,65.45879557,0.446761244,2773.1603328374517,4711.598309178912,309.10259764655365,6.406000368854514,12.627083468599485,0.7603923902105221,19.79347622766452,,1337814.0,4140.0,39456.0,5356.0,105628.0,370889.0,129547.0
Kalutara,Western,2015,March,0.78915701,0.77279975,Healthy,101.987838,,,,1253830,34.14285714,45.42857143,868,5,69.25900991,0.472697995,2773.1603328374517,4711.598309178912,309.10259764655365,6.406000368854514,12.627083468599485,0.7603923902105221,19.79347622766452,,1337814.0,4140.0,39456.0,5356.0,105628.0,370889.0,129547.0
Kalutara,Western,2015,April,0.801064733,0.787559833,Healthy,101.6132983,,,,1254750,28.14285714,47.42857143,771,5,61.51842511,0.419867917,2773.1603328374517,4711.598309178912,309.10259764655365,6.406000368854514,12.627083468599485,0.7603923902105221,19.79347622766452,,1337814.0,4140.0,39456.0,5356.0,105628.0,370889.0,129547.0
Kalutara,Western,2015,May,0.805531383,0.796654737,Healthy,101.0485257,,,,1255670,25.42857143,42.0,723,4,57.6312675,0.393337771,2773.1603328374517,4711.598309178912,309.10259764655365,6.406000368854514,12.627083468599485,0.7603923902105221,19.79347622766452,,1337814.0,4140.0,39456.0,5356.0,105628.0,370889.0,129547.0
Kalutara,Western,2015,June,0.808117933,0.798704133,Healthy,101.1092417,,,,1256580,26.28571429,39.42857143,820,5,65.26813585,0.445459977,2773.1603328374517,4711.598309178912,309.10259764655365,6.406000368854514,12.627083468599485,0.7603923902105221,19.79347622766452,,1337814.0,4140.0,39456.0,5356.0,105628.0,370889.0,129547.0
Kalutara,Western,2015,July,0.8098737,0.795079743,Healthy,101.7511967,,,,1257500,24.5,32.4286,916,6,72.89337148,0.497502788,2773.1603328374517,4711.598309178912,309.10259764655365,6.406000368854514,12.627083468599485,0.7603923902105221,19.79347622766452,,1337814.0,4140.0,39456.0,5356.0,105628.0,370889.0,129547.0
Kalutara,Western,2015,August,0.812633913,0.790280493,Healthy,102.6604353,,,,1258420,22.71428571,25.42857143,1013,6,80.50745786,0.549469505,2773.1603328374517,4711.598309178912,309.10259764655365,6.406000368854514,12.627083468599485,0.7603923902105221,19.79347622766452,,1337814.0,4140.0,39456.0,5356.0,105628.0,370889.0,129547.0
Kalutara,Western,2015,September,0.819392313,0.79020558,Healthy,103.4736283,,,,1259330,26.28571429,32.14285714,1157,7,91.94203732,0.627511377,2773.1603328374517,4711.598309178912,309.10259764655365,6.406000368854514,12.627083468599485,0.7603923902105221,19.79347622766452,,1337814.0,4140.0,39456.0,5356.0,105628.0,370889.0,129547.0
Kalutara,Western,2015,October,0.823481367,0.794738913,Healthy,103.4029233,,,,1260250,28.14285714,46.71428571,1254,8,99.53116155,0.679307725,2773.1603328374517,4711.598309178912,309.10259764655365,6.406000368854514,12.627083468599485,0.7603923902105221,19.79347622766452,,1337814.0,4140.0,39456.0,5356.0,105628.0,370889.0,129547.0
Kalutara,Western,2015,November,0.820083933,0.798227013,Healthy,102.5768283,,,,1261170,20.42857143,31.0,1350,9,107.1092135,0.731028505,2773.1603328374517,4711.598309178912,309.10259764655365,6.406000368854514,12.627083468599485,0.7603923902105221,19.79347622766452,,1337814.0,4140.0,39456.0,5356.0,105628.0,370889.0,129547.0
Kalutara,Western,2015,December,0.8168987,0.796395437,Healthy,102.4224133,,,,1262080,32.85714286,48.71428571,1302,8,103.2094135,0.704412074,2773.1603328374517,4711.598309178912,309.10259764655365,6.406000368854514,12.627083468599485,0.7603923902105221,19.79347622766452,,1337814.0,4140.0,39456.0,5356.0,105628.0,370889.0,129547.0
Kalutara,Western,2016,January,0.80341602,0.781934103,Healthy,102.58283,,,,1263000,38.71428571,56.71428571,782,4,61.96628237,0.318637391,,,,,,,,,986656.0,2685.0,26887.0,5271.0,45172.0,340129.0,56945.0
Kalutara,Western,2016,February,0.79492565,0.768329287,Healthy,103.250402,,,,1264000,39.28571429,56.71428571,739,3,58.47741072,0.300697232,,,,,,,,,986656.0,2685.0,26887.0,5271.0,45172.0,340129.0,56945.0
Kalutara,Western,2016,March,0.797793567,0.77279975,Healthy,103.0391617,,,,1265000,33.0,54.57142857,782,4,61.86831196,0.318133616,,,,,,,,,986656.0,2685.0,26887.0,5271.0,45172.0,340129.0,56945.0
Kalutara,Western,2016,April,0.803074323,0.787559833,Healthy,101.8529667,,,,1266000,31.28571429,44.71428571,695,3,54.95061586,0.282562067,,,,,,,,,986656.0,2685.0,26887.0,5271.0,45172.0,340129.0,56945.0
Kalutara,Western,2016,May,0.812503843,0.796654737,Healthy,101.8718883,,,,1267000,25.28571429,48.0,652,3,51.47554238,0.26469286,,,,,,,,,986656.0,2685.0,26887.0,5271.0,45172.0,340129.0,56945.0
Kalutara,Western,2016,June,0.807326253,0.798704133,Healthy,101.015695,,,,1268000,27.57142857,47.42857143,739,3,58.2929394,0.29974866,,,,,,,,,986656.0,2685.0,26887.0,5271.0,45172.0,340129.0,56945.0
Kalutara,Western,2016,July,0.79083138,0.795079743,Healthy,99.49701667,,,,1269000,28.0,46.6429,826,4,65.09959189,0.33474921,,,,,,,,,986656.0,2685.0,26887.0,5271.0,45172.0,340129.0,56945.0
Kalutara,Western,2016,August,0.78847753,0.790280493,Healthy,99.785588,,,,1270000,28.42857143,45.85714286,913,4,71.89552525,0.369694642,,,,,,,,,986656.0,2685.0,26887.0,5271.0,45172.0,340129.0,56945.0
Kalutara,Western,2016,September,0.787623687,0.79020558,Healthy,99.69288167,,,,1271000,26.42857143,35.57142857,1043,5,82.10166759,0.42217574,,,,,,,,,986656.0,2685.0,26887.0,5271.0,45172.0,340129.0,56945.0
Kalutara,Western,2016,October,0.7902397,0.794738913,Healthy,99.46717833,,,,1272000,27.28571429,40.85714286,1130,5,88.87354911,0.456997495,,,,,,,,,986656.0,2685.0,26887.0,5271.0,45172.0,340129.0,56945.0
Kalutara,Western,2016,November,0.798427553,0.798227013,Healthy,100.0236067,,,,1273000,30.0,42.85714286,1217,6,95.63479138,0.491764541,,,,,,,,,986656.0,2685.0,26887.0,5271.0,45172.0,340129.0,56945.0
Kalutara,Western,2016,December,0.796975637,0.796395437,Healthy,100.0685587,,,,1274000,37.42857143,50.0,1173,6,92.14687751,0.473829307,,,,,,,,,986656.0,2685.0,26887.0,5271.0,45172.0,340129.0,56945.0
Kalutara,Western,2017,January,0.786289083,0.781934103,Healthy,100.5252137,318.4,304.6,12.8,1275000,35.0739,41.2378,808,6,63.41463415,0.516499283,,,,,,,,,903306.0,3331.0,16742.0,8689.0,39182.0,344380.0,23537.0
Kalutara,Western,2017,February,0.782249987,0.768329287,Healthy,101.7015617,322.1,302.1,12.5,1275500,35.6146,41.5756,763,6,59.86812122,0.487613657,,,,,,,,,903306.0,3331.0,16742.0,8689.0,39182.0,344380.0,23537.0
Kalutara,Western,2017,March,0.789589103,0.77279975,Healthy,102.0409333,,,,1276000,34.7356,39.1427,808,6,63.36493616,0.516094503,,,,,,,,,903306.0,3331.0,16742.0,8689.0,39182.0,344380.0,23537.0
Kalutara,Western,2017,April,0.797482673,0.787559833,Healthy,101.186125,,,,1276500,30.305,35.2912,718,5,56.30232566,0.458570978,,,,,,,,,903306.0,3331.0,16742.0,8689.0,39182.0,344380.0,23537.0
Kalutara,Western,2017,May,0.800957687,0.796654737,Healthy,100.5083453,,,,1277000,26.7062,32.9565,673,5,52.76276334,0.429741964,,,,,,,,,903306.0,3331.0,16742.0,8689.0,39182.0,344380.0,23537.0
Kalutara,Western,2017,June,0.801217933,0.798704133,Healthy,100.2961987,,,,1277500,26.7577,31.3804,763,6,59.77439422,0.48685027,,,,,,,,,903306.0,3331.0,16742.0,8689.0,39182.0,344380.0,23537.0
Kalutara,Western,2017,July,0.797942917,0.795079743,Healthy,100.3388967,,,,1278000,26.0743,29.9178,853,6,66.7805387,0.54391389,,,,,,,,,903306.0,3331.0,16742.0,8689.0,39182.0,344380.0,23537.0
Kalutara,Western,2017,August,0.795711523,0.790280493,Healthy,100.6464913,,,,1278500,26.0242,27.3664,943,7,73.7812032,0.600932877,,,,,,,,,903306.0,3331.0,16742.0,8689.0,39182.0,344380.0,23537.0
Kalutara,Western,2017,September,0.80314871,0.79020558,Healthy,101.5403283,,,,1279000,34.0291,33.2869,1078,8,84.2884113,0.686511947,,,,,,,,,903306.0,3331.0,16742.0,8689.0,39182.0,344380.0,23537.0
Kalutara,Western,2017,October,0.8075365,0.794738913,Healthy,101.5152713,,,,1279500,28.069,33.5178,1167,9,91.27676271,0.743430646,,,,,,,,,903306.0,3331.0,16742.0,8689.0,39182.0,344380.0,23537.0
Kalutara,Western,2017,November,0.8045237,0.798227013,Healthy,100.742418,,,,1280000,30.0663,32.6059,1257,10,98.25965447,0.800304878,,,,,,,,,903306.0,3331.0,16742.0,8689.0,39182.0,344380.0,23537.0
Kalutara,Western,2017,December,0.795988433,0.796395437,Healthy,99.95154667,,,,1280500,38.7096,41.1093,1212,9,94.71338368,0.771421225,,,,,,,,,903306.0,3331.0,16742.0,8689.0,39182.0,344380.0,23537.0
Kalutara,Western,2018,January,0.77830508,0.781934103,Healthy,99.56414,315.25,293.4,9.45,1281000,37.764,42.6498,772,3,60.33586565,0.257040041,,,,,,,,,961598.0,2957.0,16931.0,7055.0,80776.0,339763.0,20063.0
Kalutara,Western,2018,February,0.77159551,0.768329287,Healthy,100.3996447,,,,1281250,37.9599,43.7143,729,3,56.97275431,0.242712671,,,,,,,,,961598.0,2957.0,16931.0,7055.0,80776.0,339763.0,20063.0
Kalutara,Western,2018,March,0.784246143,0.77279975,Healthy,101.3903067,,,,1281500,36.8055,40.697,772,3,60.31232454,0.256939752,,,,,,,,,961598.0,2957.0,16931.0,7055.0,80776.0,339763.0,20063.0
Kalutara,Western,2018,April,0.802227587,0.787559833,Healthy,101.7512283,,,,1281750,31.8616,38.0294,687,2,53.60049856,0.228346344,,,,,,,,,961598.0,2957.0,16931.0,7055.0,80776.0,339763.0,20063.0
Kalutara,Western,2018,May,0.80910254,0.796654737,Healthy,101.4704867,,,,1282000,27.9815,34.3824,644,2,50.24066816,0.214032952,,,,,,,,,961598.0,2957.0,16931.0,7055.0,80776.0,339763.0,20063.0
Kalutara,Western,2018,June,0.806108947,0.798704133,Healthy,100.8724433,,,,1282250,27.4874,32.898,729,3,56.92832245,0.242523384,,,,,,,,,961598.0,2957.0,16931.0,7055.0,80776.0,339763.0,20063.0
Kalutara,Western,2018,July,0.798147393,0.795079743,Healthy,100.3626533,,,,1282500,27.0737,31.4994,815,3,63.61336947,0.27100271,,,,,,,,,961598.0,2957.0,16931.0,7055.0,80776.0,339763.0,20063.0
Kalutara,Western,2018,August,0.78420063,0.790280493,Healthy,99.27612333,,,,1282750,26.9417,28.0404,901,3,70.29581073,0.299470935,,,,,,,,,961598.0,2957.0,16931.0,7055.0,80776.0,339763.0,20063.0
Kalutara,Western,2018,September,0.778602557,0.79020558,Healthy,98.61889033,323.95,295.75,25.5,1283000,35.4158,35.107,1030,4,80.32241507,0.342185807,,,,,,,,,961598.0,2957.0,16931.0,7055.0,80776.0,339763.0,20063.0
Kalutara,Western,2018,October,0.7937974,0.794738913,Healthy,99.88787333,,,,1283250,29.4433,35.5081,1116,4,86.9989974,0.370629072,,,,,,,,,961598.0,2957.0,16931.0,7055.0,80776.0,339763.0,20063.0
Kalutara,Western,2018,November,0.80121213,0.798227013,Healthy,100.35196,,,,1283500,30.7194,34.636,1202,5,93.6729788,0.399061256,,,,,,,,,961598.0,2957.0,16931.0,7055.0,80776.0,339763.0,20063.0
Kalutara,Western,2018,December,0.794454467,0.796395437,Healthy,99.77031467,,,,1283750,40.7723,43.7903,1159,4,90.30992472,0.38473413,,,,,,,,,961598.0,2957.0,16931.0,7055.0,80776.0,339763.0,20063.0
Kalutara,Western,2019,January,0.775559587,0.781934103,Healthy,99.23329667,,,,1284000,37.8643,44.4897,761,3,59.33439708,0.279234101,3906.8854441312565,4755.890655211147,489.2937432792221,9.024905375943204,12.745786955965874,1.2036626084668864,22.97435494037596,,734606.0,1613.0,13459.0,3738.0,38232.0,284301.0,15490.0
Kalutara,Western,2019,February,0.762541667,0.768329287,Healthy,99.292825,,,,1284250,39.0826,44.4687,719,3,56.02713298,0.263669758,3906.8854441312565,4755.890655211147,489.2937432792221,9.024905375943204,12.745786955965874,1.2036626084668864,22.97435494037596,,734606.0,1613.0,13459.0,3738.0,38232.0,284301.0,15490.0
Kalutara,Western,2019,March,0.766072443,0.77279975,Healthy,99.18285167,,,,1284500,37.227,42.0999,761,3,59.31130078,0.279125407,3906.8854441312565,4755.890655211147,489.2937432792221,9.024905375943204,12.745786955965874,1.2036626084668864,22.97435494037596,,734606.0,1613.0,13459.0,3738.0,38232.0,284301.0,15490.0
Kalutara,Western,2019,April,0.777646167,0.787559833,Healthy,98.81624,316.6,300.2666667,11.76666667,1284750,33.038,38.3432,677,3,52.71089722,0.248063193,3906.8854441312565,4755.890655211147,489.2937432792221,9.024905375943204,12.745786955965874,1.2036626084668864,22.97435494037596,,734606.0,1613.0,13459.0,3738.0,38232.0,284301.0,15490.0
Kalutara,Western,2019,May,0.79271021,0.796654737,Healthy,99.53364667,,,,1285000,28.5111,35.4425,634,2,49.40685205,0.232513998,3906.8854441312565,4755.890655211147,489.2937432792221,9.024905375943204,12.745786955965874,1.2036626084668864,22.97435494037596,,734606.0,1613.0,13459.0,3738.0,38232.0,284301.0,15490.0
Kalutara,Western,2019,June,0.801338467,0.798704133,Healthy,100.3104817,,,,1285250,28.1179,34.5327,719,3,55.98354058,0.263464607,3906.8854441312565,4755.890655211147,489.2937432792221,9.024905375943204,12.745786955965874,1.2036626084668864,22.97435494037596,,734606.0,1613.0,13459.0,3738.0,38232.0,284301.0,15490.0
Kalutara,Western,2019,July,0.804934577,0.795079743,Healthy,101.1667267,,,,1285500,27.8617,32.1254,804,3,62.55767108,0.294403177,3906.8854441312565,4755.890655211147,489.2937432792221,9.024905375943204,12.745786955965874,1.2036626084668864,22.97435494037596,,734606.0,1613.0,13459.0,3738.0,38232.0,284301.0,15490.0
Kalutara,Western,2019,August,0.806483333,0.790280493,Healthy,101.928375,,,,1285750,27.3879,29.1352,888,4,69.12924505,0.325329716,3906.8854441312565,4755.890655211147,489.2937432792221,9.024905375943204,12.745786955965874,1.2036626084668864,22.97435494037596,,734606.0,1613.0,13459.0,3738.0,38232.0,284301.0,15490.0
Kalutara,Western,2019,September,0.805974343,0.79020558,Healthy,101.8768463,,,,1286000,35.7805,36.4499,1015,4,78.98949285,0.371733111,3906.8854441312565,4755.890655211147,489.2937432792221,9.024905375943204,12.745786955965874,1.2036626084668864,22.97435494037596,,734606.0,1613.0,13459.0,3738.0,38232.0,284301.0,15490.0
Kalutara,Western,2019,October,0.808241603,0.794738913,Healthy,101.5986397,,,,1286250,31.1995,36.8484,1100,5,85.55531853,0.402632598,3906.8854441312565,4755.890655211147,489.2937432792221,9.024905375943204,12.745786955965874,1.2036626084668864,22.97435494037596,,734606.0,1613.0,13459.0,3738.0,38232.0,284301.0,15490.0
Kalutara,Western,2019,November,0.809214057,0.798227013,Healthy,101.2953067,,,,1286500,31.8635,34.8251,1185,5,92.11859239,0.433520076,3906.8854441312565,4755.890655211147,489.2937432792221,9.024905375943204,12.745786955965874,1.2036626084668864,22.97435494037596,,734606.0,1613.0,13459.0,3738.0,38232.0,284301.0,15490.0
Kalutara,Western,2019,December,0.8078532,0.796395437,Healthy,101.3538067,,,,1286750,42.27,44.943,1142,5,88.81138433,0.417955996,3906.8854441312565,4755.890655211147,489.2937432792221,9.024905375943204,12.745786955965874,1.2036626084668864,22.97435494037596,,734606.0,1613.0,13459.0,3738.0,38232.0,284301.0,15490.0
Kalutara,Western,2020,January,0.793493547,0.781934103,Healthy,101.3889033,,,,1287000,28.7094,33.5271,429,1,33.36176019,0.153505032,109.56866282964064,121.02142117638226,13.372491918766448,0.2531036111364698,0.3243374087527045,0.0328963301201654,0.6103373500093398,94.80522384561294,405256.0,578.0,9532.0,3000.0,21021.0,151634.0,7150.0
Kalutara,Western,2020,February,0.770226243,0.768329287,Healthy,100.23104,316.9,300.5,10.2,1287750,29.7925,33.8559,405,1,31.48997827,0.144892538,98.82663706202877,109.1565759630114,12.061463299279536,0.2282895316132864,0.2925396235808706,0.0296711997162276,0.5505003549103846,85.51059405682736,405256.0,578.0,9532.0,3000.0,21021.0,151634.0,7150.0
Kalutara,Western,2020,March,0.76319101,0.77279975,Healthy,98.83291667,316.0,301.6,10.3,1288500,28.9595,31.6629,429,1,33.32292229,0.15332633,403.90016886220457,446.1181800227424,49.29467609270768,0.9330093900716926,1.1955967224609498,0.1212649031880608,2.2498710157207027,349.4780800583379,405256.0,578.0,9532.0,3000.0,21021.0,151634.0,7150.0
Kalutara,Western,2020,April,0.781914767,0.787559833,Healthy,99.32439,316.4,299.4,7.6,1289250,25.1994,29.7292,381,1,29.6031442,0.136210786,3322.5085699223373,3669.796624495591,405.50115200730016,7.6749947965206,9.835054953648186,0.9975328339379584,18.507582584106743,2874.8289936713813,405256.0,578.0,9532.0,3000.0,21021.0,151634.0,7150.0
Kalutara,Western,2020,May,0.803462137,0.796654737,Healthy,100.8033633,315.0,294.8,10.2,1290000,21.5946,27.7283,357,1,27.73681225,0.127623369,4840.356810885888,5346.299253144886,590.7494959408001,11.181224233146402,14.328081998428296,1.4532437600143682,26.962549991589064,4188.160182826784,405256.0,578.0,9532.0,3000.0,21021.0,151634.0,7150.0
Kalutara,Western,2020,June,0.818533943,0.798704133,Healthy,102.3366633,,,,1290750,21.6619,25.865,405,1,31.41678831,0.144555774,5772.764647514593,6376.167817665471,704.5467801122634,13.335086335758708,17.088129751343462,1.7331850790761676,32.156401166178334,4994.934048493372,405256.0,578.0,9532.0,3000.0,21021.0,151634.0,7150.0
Kalutara,Western,2020,July,0.82081536,0.795079743,Healthy,103.045228,,,,1291500,21.1647,24.5016,453,2,35.0924903,0.161468514,5160.46917876072,5699.871640503336,629.8181488015098,11.920683802937264,15.275655996548943,1.549352646051714,28.74569244553792,4465.140150532594,405256.0,578.0,9532.0,3000.0,21021.0,151634.0,7150.0
Kalutara,Western,2020,August,0.807760223,0.790280493,Healthy,102.0799033,,,,1292250,21.4657,22.5846,500,2,38.76392565,0.178361621,4511.650822396966,4983.234989615738,550.6320201845007,10.42191339973699,13.355069772170182,1.3545547696538716,25.13153794156104,3903.744511289945,405256.0,578.0,9532.0,3000.0,21021.0,151634.0,7150.0
Kalutara,Western,2020,September,0.801276883,0.79020558,Healthy,101.3177767,,,,1293000,28.0153,27.9468,572,2,44.27593232,0.203723615,4404.230564720848,4864.586537482031,537.5217339896316,10.173772604505157,13.037091920451845,1.3223034656144936,24.53316799057149,3810.7982134020895,405256.0,578.0,9532.0,3000.0,21021.0,151634.0,7150.0
Kalutara,Western,2020,October,0.80193585,0.794738913,Healthy,100.8522133,,,,1293750,23.6653,27.1038,620,2,47.9377872,0.220572641,4350.520435882788,4805.262311415177,530.966590892197,10.04970220688924,12.878102994592677,1.3061778135948046,24.23398301507672,3764.325064458161,405256.0,578.0,9532.0,3000.0,21021.0,151634.0,7150.0
Kalutara,Western,2020,November,0.8058064,0.798227013,Healthy,100.8934867,,,,1294500,23.9996,26.8949,667,3,51.59539892,0.237402142,4189.390049368612,4627.289633214616,511.30116159989353,9.677491014041491,12.401136217015171,1.257800857535738,23.3364280885924,3624.9056176263775,405256.0,578.0,9532.0,3000.0,21021.0,151634.0,7150.0
Kalutara,Western,2020,December,0.813423717,0.796395437,Healthy,102.01264,,,,1295250,31.9937,34.1513,644,2,49.72389735,0.228790939,4081.969791692493,4508.641181080907,498.1908754050244,9.42935021880966,12.083158365296834,1.22554955349636,22.73805813760285,3531.9593197385216,405256.0,578.0,9532.0,3000.0,21021.0,151634.0,7150.0
Kalutara,Western,2021,January,0.808391603,0.781934103,Healthy,103.180308,,,,1296000,33.1002,37.4928,236,1,18.23622403,0.107271906,118.59278906620943,143.3696072950567,14.24280124002176,0.2739493427429438,0.384230547550752,0.0350372910504535,0.6932171813441494,95.18410110164857,33850.0,281.0,771.0,2593.0,3495.0,8011.0,2093.0
Kalutara,Western,2021,February,0.78525384,0.768329287,Healthy,102.0674367,,,,1295670,32.7616,38.1738,223,1,17.2274871,0.101338159,106.96604504011044,129.31376344260013,12.846448177274524,0.2470915640426551,0.3465608860261683,0.0316022625160953,0.6252547125849188,85.85232648383989,33850.0,281.0,771.0,2593.0,3495.0,8011.0,2093.0
Kalutara,Western,2021,March,0.778982667,0.77279975,Healthy,100.75235,318.3,296.2,17.1,1295330,31.5989,36.8518,236,1,18.24565658,0.107327392,437.165575381321,528.4997288523658,52.5028751592959,1.0098524791308516,1.4163792733243403,0.1291570728918679,2.55538882534706,350.8747256296065,33850.0,281.0,771.0,2593.0,3495.0,8011.0,2093.0
Kalutara,Western,2021,April,0.793305733,0.787559833,Healthy,100.6852747,316.8,298.4,7.7,1295000,28.4364,33.425,210,1,16.22249427,0.095426437,3596.151927272409,4347.472503564808,431.89200230771866,8.307110951999267,11.651226309553683,1.062454325676988,21.02079158722994,2886.317889288226,33850.0,281.0,771.0,2593.0,3495.0,8011.0,2093.0
Kalutara,Western,2021,May,0.808043587,0.796654737,Healthy,101.3449413,,,,1294670,24.3279,30.5211,196,1,15.21246491,0.089485088,5239.0108581601935,6333.563239916917,629.1966900739025,12.102115082350046,16.97394948297734,1.5478238575818002,30.623888422909182,4204.897642784593,33850.0,281.0,771.0,2593.0,3495.0,8011.0,2093.0
Kalutara,Western,2021,June,0.81275061,0.798704133,Healthy,101.6550933,,,,1294330,24.723,28.4961,223,1,17.24532245,0.101443073,6248.212239625581,7553.610486310142,750.4001359203619,14.433370273535091,20.24367610331118,1.8459843343640905,36.52303071121037,5014.895679610386,33850.0,281.0,771.0,2593.0,3495.0,8011.0,2093.0
Kalutara,Western,2021,July,0.812857683,0.795079743,Healthy,102.1040133,,,,1294000,23.546,27.8041,249,1,19.27909928,0.113406466,5585.487830137941,6752.427386720121,670.8080113437699,12.902476887618644,18.096505396409924,1.650187707905674,32.64916999193425,4482.984526395292,33850.0,281.0,771.0,2593.0,3495.0,8011.0,2093.0
Kalutara,Western,2021,August,0.810073043,0.790280493,Healthy,102.3554633,,,,1293670,23.9563,25.2555,275,1,21.3139137,0.125375963,4883.232490961564,5903.454418031745,586.4682863538371,11.280267054121213,15.82125784032508,1.4427119844304392,28.54423687887673,3919.345339479648,33850.0,281.0,771.0,2593.0,3495.0,8011.0,2093.0
Kalutara,Western,2021,September,0.8069878,0.79020558,Healthy,101.9975333,,,,1293330,30.6513,30.6303,315,1,24.36516212,0.143324483,4766.965050700575,5762.8959795071805,572.5047557263647,11.011689267118326,15.444561225079244,1.4083616990868573,27.86461219128443,3826.02759330156,33850.0,281.0,771.0,2593.0,3495.0,8011.0,2093.0
Kalutara,Western,2021,October,0.807445483,0.794738913,Healthy,101.504397,,,,1293000,25.7158,31.3568,341,2,26.40232899,0.155307818,4708.831330570079,5692.616760244898,565.5229904126286,10.877400373616885,15.256212917456326,1.3911865564150665,27.52479984748828,3779.368720212517,33850.0,281.0,771.0,2593.0,3495.0,8011.0,2093.0
Kalutara,Western,2021,November,0.80880641,0.798227013,Healthy,101.2472503,,,,1292670,26.9701,30.528,367,2,28.44053598,0.16729727,4534.430170178596,5481.77910245805,544.5776944714203,10.474533693112557,14.691167994587577,1.3396611283996938,26.50536281609983,3639.3921009453866,33850.0,281.0,771.0,2593.0,3495.0,8011.0,2093.0
Kalutara,Western,2021,December,0.805408943,0.796395437,Healthy,101.0649133,,,,1292330,36.0145,38.182,354,2,27.43201776,0.16136481,4418.162729917606,5341.2206639334845,530.614163843948,10.20595590610967,14.31447137934174,1.305310843056112,25.825738128507524,3546.0743547673,33850.0,281.0,771.0,2593.0,3495.0,8011.0,2093.0
Kalutara,Western,2022,January,0.794062137,0.781934103,Healthy,101.4586103,314.8,300.0,6.6,1292000,34.5244,39.7955,671,3,51.95575021,0.260514989,103.04150356144278,128.8752753306252,7.704129469894876,0.2380258732269328,0.3453857378860756,0.0189521584959413,0.6023637696089498,95.3801875146496,20511.0,404.0,760.0,940.0,1489.0,9060.0,36.0
Kalutara,Western,2022,February,0.77993971,0.768329287,Healthy,101.418572,,,,1290920,35.0206,39.7103,633,3,49.11037165,0.246247776,92.93939536914444,116.240444415858,6.948822659120865,0.2146900033027236,0.3115243910344994,0.0170941037414373,0.5433084980786603,86.02918873870354,20511.0,404.0,760.0,940.0,1489.0,9060.0,36.0
Kalutara,Western,2022,March,0.778483953,0.77279975,Healthy,100.6914667,,,,1289830,33.7127,37.5109,671,3,52.04316016,0.260953277,379.83926803041646,475.0696423952458,28.399536085102675,0.8774287091502622,1.2731866416192583,0.0698628587693525,2.2204782095388733,351.5975539755711,20511.0,404.0,760.0,940.0,1489.0,9060.0,36.0
Kalutara,Western,2022,April,0.79255767,0.787559833,Healthy,100.59661,,,,1288750,30.1435,34.4233,596,2,46.29935417,0.232152855,3124.5820638778678,3907.953201937488,233.61639657240048,7.217784567557875,10.473314581192469,0.574696335568105,18.26579548431845,2892.26392140011,20511.0,404.0,760.0,940.0,1489.0,9060.0,36.0
Kalutara,Western,2022,May,0.800303183,0.796654737,Healthy,100.431088,,,,1287670,25.4638,32.6339,559,2,43.4420499,0.217825844,4552.009951449619,5693.254810194089,340.3412489347677,10.515142987848622,15.25792289132016,0.8372394723795283,26.61030535154831,4213.560048441284,20511.0,404.0,760.0,940.0,1489.0,9060.0,36.0
Kalutara,Western,2022,June,0.79863332,0.798704133,Healthy,99.99166167,,,,1286580,26.0407,29.9122,633,3,49.2760349,0.24707844,5428.87294254111,6789.958133595878,405.9018801099514,12.540696497269968,18.197087798036957,0.9985186250704804,31.7363029203774,5025.226742193401,20511.0,404.0,760.0,940.0,1489.0,9060.0,36.0
Kalutara,Western,2022,July,0.79564038,0.795079743,Healthy,100.06643,,,,1285500,25.1273,28.5659,708,3,55.11948468,0.276378493,4853.052775580108,6069.772771454151,362.8493918958331,11.210551911590052,16.266991027497124,0.8926095040637492,28.37015244315092,4492.219811964477,20511.0,404.0,760.0,940.0,1489.0,9060.0,36.0
Kalutara,Western,2022,August,0.788730123,0.790280493,Healthy,99.81536467,,,,1284420,24.8406,26.1649,783,3,60.97276136,0.30572782,4242.88544076529,5306.628984202213,317.228860525083,9.80106536816782,14.22176567766193,0.7803829968917041,24.803214042721454,3927.419485897337,20511.0,404.0,760.0,940.0,1489.0,9060.0,36.0
Kalutara,Western,2022,September,0.787754483,0.79020558,Healthy,99.70817133,318.4,300.7,7.9,1283330,32.6586,32.8363,895,4,69.74234143,0.34969999,4141.8643588423065,5180.2806750545415,309.67579241734296,9.56770666892573,13.88315220914617,0.7618024493466634,24.21266132741856,3833.909498137876,20511.0,404.0,760.0,940.0,1489.0,9060.0,36.0
Kalutara,Western,2022,October,0.79939998,0.794738913,Healthy,100.5513833,,,,1282250,27.2648,33.0597,969,4,75.61784021,0.379160742,4091.353817880815,5117.1065204807055,305.8992583634729,9.451027319304684,13.71384547488829,0.7525121755741432,23.91738496976712,3787.1545042581456,20511.0,404.0,760.0,940.0,1489.0,9060.0,36.0
Kalutara,Western,2022,November,0.8013378,0.798227013,Healthy,100.366828,,,,1281170,29.1084,31.5229,1044,5,81.50324484,0.408671164,3939.822194996341,4927.584056759199,294.56965620186287,9.10098927044155,13.205925272114651,0.7246413542565825,23.031555896812783,3646.889522618955,20511.0,404.0,760.0,940.0,1489.0,9060.0,36.0
Kalutara,Western,2022,December,0.796283947,0.796395437,Healthy,99.987065,,,,1280080,37.504,39.9805,1006,5,78.65933684,0.394411325,3838.801113073358,4801.235747611527,287.0165880941228,8.867630571199458,12.867311803598891,0.7060608067115418,22.44100318150989,3553.379534859495,20511.0,404.0,760.0,940.0,1489.0,9060.0,36.0
Kalutara,Western,2023,January,0.792133947,0.781934103,Healthy,101.22904,,,,1279000,34.9797,41.2654,754,5,58.99998093,0.39474437,,,,,,,,,27890.0,685.0,586.0,288.0,1816.0,20200.0,60.0
Kalutara,Western,2023,February,0.786577547,0.768329287,Healthy,102.22998,,,,1278000,36.6469,41.0259,712,4,55.76580531,0.373105844,,,,,,,,,27890.0,685.0,586.0,288.0,1816.0,20200.0,60.0
Kalutara,Western,2023,March,0.785824363,0.77279975,Healthy,101.5844283,,,,1277000,34.7904,38.9385,754,5,59.09238497,0.395362607,,,,,,,,,27890.0,685.0,586.0,288.0,1816.0,20200.0,60.0
Kalutara,Western,2023,April,0.792904467,0.787559833,Healthy,100.6383933,,,,1276000,30.6672,35.6555,670,4,52.56772944,0.351708846,,,,,,,,,27890.0,685.0,586.0,288.0,1816.0,20200.0,60.0
Kalutara,Western,2023,May,0.80722369,0.796654737,Healthy,101.2478087,,,,1275000,26.7935,32.763,628,4,49.32089909,0.329985653,,,,,,,,,27890.0,685.0,586.0,288.0,1816.0,20200.0,60.0
Kalutara,Western,2023,June,0.816171787,0.798704133,Healthy,102.05819,,,,1274000,26.6421,31.0534,712,4,55.94089418,0.374277291,,,,,,,,,27890.0,685.0,586.0,288.0,1816.0,20200.0,60.0
Kalutara,Western,2023,July,0.808918587,0.795079743,Healthy,101.6369933,,,,1273000,25.5697,29.6449,796,5,62.57128989,0.418638515,,,,,,,,,27890.0,685.0,586.0,288.0,1816.0,20200.0,60.0
Kalutara,Western,2023,August,0.79537499,0.790280493,Healthy,100.606158,,,,1272000,26.1883,26.9966,880,5,69.21211075,0.463069489,,,,,,,,,27890.0,685.0,586.0,288.0,1816.0,20200.0,60.0
Kalutara,Western,2023,September,0.797050633,0.79020558,Healthy,100.8145717,,,,1271000,33.8913,34.3622,1006,6,79.16178926,0.529638656,,,,,,,,,27890.0,685.0,586.0,288.0,1816.0,20200.0,60.0
Kalutara,Western,2023,October,0.80343778,0.794738913,Healthy,101.02976,,,,1270000,28.146,33.3347,1089,7,85.82613149,0.574227002,,,,,,,,,27890.0,685.0,586.0,288.0,1816.0,20200.0,60.0
Kalutara,Western,2023,November,0.8086032,0.798227013,Healthy,101.2232583,,,,1269000,29.2856,32.8043,1173,7,92.50097702,0.618885621,,,,,,,,,27890.0,685.0,586.0,288.0,1816.0,20200.0,60.0
Kalutara,Western,2023,December,0.808241,0.796395437,Healthy,101.3996013,,,,1268000,39.1144,41.6903,1131,7,89.26771563,0.597253212,,,,,,,,,27890.0,685.0,586.0,288.0,1816.0,20200.0,60.0
Kalutara,Western,2024,January,0.7965724,0.781934103,Healthy,101.7603333,,,,1267000,36.2389,40.8826,732,3,57.79159528,0.311856315,,,,,,,,,74410.0,146.0,1027.0,715.0,1644.0,65289.0,94.0
Kalutara,Western,2024,February,0.780864713,0.768329287,Healthy,101.5314533,,,,1267000,36.841,42.2008,691,3,54.5809511,0.294530964,,,,,,,,,74410.0,146.0,1027.0,715.0,1644.0,65289.0,94.0
Kalutara,Western,2024,March,0.77685127,0.77279975,Healthy,100.4933,,,,1267000,36.2135,39.6425,732,3,57.79159528,0.311856315,,,,,,,,,74410.0,146.0,1027.0,715.0,1644.0,65289.0,94.0
Kalutara,Western,2024,April,0.793414723,0.787559833,Healthy,100.697875,,,,1267000,31.5866,37.1099,650,3,51.37030692,0.277205613,,,,,,,,,74410.0,146.0,1027.0,715.0,1644.0,65289.0,94.0
Kalutara,Western,2024,May,0.805771783,0.796654737,Healthy,101.0769367,,,,1267000,26.5174,33.4288,610,3,48.15966273,0.259880263,,,,,,,,,74410.0,146.0,1027.0,715.0,1644.0,65289.0,94.0
Kalutara,Western,2024,June,0.806768587,0.798704133,Healthy,100.9502183,,,,1267000,26.8369,31.9803,691,3,54.5809511,0.294530964,,,,,,,,,74410.0,146.0,1027.0,715.0,1644.0,65289.0,94.0
Kalutara,Western,2024,July,0.80398842,0.795079743,Healthy,101.0544133,,,,1267000,26.2205,29.7382,772,4,61.00223946,0.329181666,,,,,,,,,74410.0,146.0,1027.0,715.0,1644.0,65289.0,94.0
Kalutara,Western,2024,August,0.803121767,0.790280493,Healthy,101.5283117,,,,1267000,26.5064,28.1752,854,4,67.42352783,0.363832368,,,,,,,,,74410.0,146.0,1027.0,715.0,1644.0,65289.0,94.0
Kalutara,Western,2024,September,0.807369197,0.79020558,Healthy,102.042665,,,,1267000,33.7517,34.4804,976,5,77.05546037,0.41580842,,,,,,,,,74410.0,146.0,1027.0,715.0,1644.0,65289.0,94.0
Kalutara,Western,2024,October,0.81208522,0.794738913,Healthy,102.0537683,,,,1267000,28.9806,34.3201,1057,5,83.47674874,0.450459122,,,,,,,,,74410.0,146.0,1027.0,715.0,1644.0,65289.0,94.0
Kalutara,Western,2024,November,0.80859294,0.798227013,Healthy,101.2221487,,,,1267000,30.6268,32.7753,1139,6,89.8980371,0.485109823,,,,,,,,,74410.0,146.0,1027.0,715.0,1644.0,65289.0,94.0
Kalutara,Western,2024,December,0.8011968,0.796395437,Healthy,100.5670967,,,,1267000,40.0272,42.7232,1098,5,86.68739292,0.467784473,,,,,,,,,74410.0,146.0,1027.0,715.0,1644.0,65289.0,94.0
Kandy,Central,2014,January,0.798556083,0.798484953,Healthy,100.00814,,,,1404000,72.81818182,54.90909091,1275,16,90.84323536,1.193454242,,,,,,,,,859112.0,3851.0,20799.0,3851.0,38780.0,272885.0,79038.0
Kandy,Central,2014,February,0.77632052,0.783000233,Healthy,99.19655667,318.0,303.4,13.3,1405080,68.63636364,52.27272727,1204,15,85.73044245,1.126284856,,,,,,,,,859112.0,3851.0,20799.0,3851.0,38780.0,272885.0,79038.0
Kandy,Central,2014,March,0.756126633,0.772741913,Healthy,97.98003,318.05,303.6,18.9,1406170,63.7576,34.27272727,1275,16,90.70304617,1.191612505,,,,,,,,,859112.0,3851.0,20799.0,3851.0,38780.0,272885.0,79038.0
Kandy,Central,2014,April,0.755449993,0.776686067,Healthy,97.43083333,325.0,308.1,10.8,1407250,58.8788,35.7727,1133,14,80.56305399,1.058398219,,,,,,,,,859112.0,3851.0,20799.0,3851.0,38780.0,272885.0,79038.0
Kandy,Central,2014,May,0.771733317,0.784525477,Healthy,98.466535,,,,1408330,54.0,37.27272727,1062,13,75.46994338,0.991487409,,,,,,,,,859112.0,3851.0,20799.0,3851.0,38780.0,272885.0,79038.0
Kandy,Central,2014,June,0.780501653,0.786501933,Healthy,99.28271,,,,1409420,49.0,43.81818182,1204,15,85.46645434,1.122816708,,,,,,,,,859112.0,3851.0,20799.0,3851.0,38780.0,272885.0,79038.0
Kandy,Central,2014,July,0.777654417,0.781882527,Healthy,99.49186667,,,,1410500,54.90909091,39.09090909,1346,17,95.44819199,1.253951923,,,,,,,,,859112.0,3851.0,20799.0,3851.0,38780.0,272885.0,79038.0
Kandy,Central,2014,August,0.774088867,0.7761414,Healthy,99.751688,312.2,293.3,29.2,1411580,53.81818182,42.27272727,1488,19,105.4146556,1.384886474,,,,,,,,,859112.0,3851.0,20799.0,3851.0,38780.0,272885.0,79038.0
Kandy,Central,2014,September,0.780906633,0.77577225,Healthy,100.6211213,314.6666667,294.7666667,14.03333333,1412670,55.72727273,37.18181818,1700,22,120.3809358,1.581506184,,,,,,,,,859112.0,3851.0,20799.0,3851.0,38780.0,272885.0,79038.0
Kandy,Central,2014,October,0.803099973,0.786720367,Healthy,101.956522,315.1,268.4,14.2,1413750,52.0,44.36363636,1842,24,130.3130549,1.711989534,,,,,,,,,859112.0,3851.0,20799.0,3851.0,38780.0,272885.0,79038.0
Kandy,Central,2014,November,0.817972223,0.801219763,Healthy,101.9683983,,,,1414830,51.45454545,34.63636364,1984,26,140.2300107,1.842273676,,,,,,,,,859112.0,3851.0,20799.0,3851.0,38780.0,272885.0,79038.0
Kandy,Central,2014,December,0.819220513,0.80611172,Healthy,101.53119,,,,1415920,62.27272727,44.72727273,1913,25,135.1176999,1.775110624,,,,,,,,,859112.0,3851.0,20799.0,3851.0,38780.0,272885.0,79038.0
Kandy,Central,2015,January,0.807945533,0.798484953,Healthy,101.1145667,,,,1417000,28.63636364,42.54545455,1223,15,86.32287381,1.068902009,2609.8313792241656,4108.024369223007,182.4612399200311,6.028710486007822,11.009505309517657,0.4488546502032766,17.487070445728754,,1337814.0,4140.0,39456.0,5356.0,105628.0,370889.0,129547.0
Kandy,Central,2015,February,0.793619967,0.783000233,Healthy,101.27569,,,,1418420,44.72727273,45.27272727,1155,14,81.44554063,1.008507921,2609.8313792241656,4108.024369223007,182.4612399200311,6.028710486007822,11.009505309517657,0.4488546502032766,17.487070445728754,,1337814.0,4140.0,39456.0,5356.0,105628.0,370889.0,129547.0
Kandy,Central,2015,March,0.787086647,0.772741913,Healthy,101.743637,332.5,301.25,28.5,1419830,31.81818182,45.90909091,1223,15,86.15081538,1.066771477,2609.8313792241656,4108.024369223007,182.4612399200311,6.028710486007822,11.009505309517657,0.4488546502032766,17.487070445728754,,1337814.0,4140.0,39456.0,5356.0,105628.0,370889.0,129547.0
Kandy,Central,2015,April,0.79225,0.776686067,Healthy,101.8828867,,,,1421250,28.09090909,46.63636364,1087,13,76.50199141,0.947293906,2609.8313792241656,4108.024369223007,182.4612399200311,6.028710486007822,11.009505309517657,0.4488546502032766,17.487070445728754,,1337814.0,4140.0,39456.0,5356.0,105628.0,370889.0,129547.0
Kandy,Central,2015,May,0.79464,0.784525477,Healthy,101.2123167,,,,1422670,36.72727273,41.72727273,1019,12,71.64903093,0.887201615,2609.8313792241656,4108.024369223007,182.4612399200311,6.028710486007822,11.009505309517657,0.4488546502032766,17.487070445728754,,1337814.0,4140.0,39456.0,5356.0,105628.0,370889.0,129547.0
Kandy,Central,2015,June,0.795756653,0.786501933,Healthy,101.1063967,,,,1424080,34.18181818,41.63636364,1155,14,81.12183567,1.00449961,2609.8313792241656,4108.024369223007,182.4612399200311,6.028710486007822,11.009505309517657,0.4488546502032766,17.487070445728754,,1337814.0,4140.0,39456.0,5356.0,105628.0,370889.0,129547.0
Kandy,Central,2015,July,0.79555163,0.781882527,Healthy,101.6435287,,,,1425500,39.6818,44.6364,1291,15,90.57526528,1.12155769,2609.8313792241656,4108.024369223007,182.4612399200311,6.028710486007822,11.009505309517657,0.4488546502032766,17.487070445728754,,1337814.0,4140.0,39456.0,5356.0,105628.0,370889.0,129547.0
Kandy,Central,2015,August,0.797248313,0.7761414,Healthy,102.55535,,,,1426920,45.18181818,47.63636364,1427,17,100.0098797,1.23838279,2609.8313792241656,4108.024369223007,182.4612399200311,6.028710486007822,11.009505309517657,0.4488546502032766,17.487070445728754,,1337814.0,4140.0,39456.0,5356.0,105628.0,370889.0,129547.0
Kandy,Central,2015,September,0.806760553,0.77577225,Healthy,103.752283,,,,1428330,36.09090909,55.0,1630,20,114.1841752,1.413897485,2609.8313792241656,4108.024369223007,182.4612399200311,6.028710486007822,11.009505309517657,0.4488546502032766,17.487070445728754,,1337814.0,4140.0,39456.0,5356.0,105628.0,370889.0,129547.0
Kandy,Central,2015,October,0.8194028,0.786720367,Healthy,103.9068233,,,,1429750,34.72727273,40.18181818,1766,21,123.5766671,1.530200999,2609.8313792241656,4108.024369223007,182.4612399200311,6.028710486007822,11.009505309517657,0.4488546502032766,17.487070445728754,,1337814.0,4140.0,39456.0,5356.0,105628.0,370889.0,129547.0
Kandy,Central,2015,November,0.828575527,0.801219763,Healthy,103.2143317,,,,1431170,31.72727273,28.09090909,1902,23,132.9505207,1.646273721,2609.8313792241656,4108.024369223007,182.4612399200311,6.028710486007822,11.009505309517657,0.4488546502032766,17.487070445728754,,1337814.0,4140.0,39456.0,5356.0,105628.0,370889.0,129547.0
Kandy,Central,2015,December,0.828923287,0.80611172,Healthy,102.664532,,,,1432580,49.90909091,70.81818182,1834,22,128.0761063,1.585915774,2609.8313792241656,4108.024369223007,182.4612399200311,6.028710486007822,11.009505309517657,0.4488546502032766,17.487070445728754,,1337814.0,4140.0,39456.0,5356.0,105628.0,370889.0,129547.0
Kandy,Central,2016,January,0.814223297,0.798484953,Healthy,101.8536503,,,,1434000,39.72727273,45.36363636,1122,13,78.27329319,0.959281559,,,,,,,,,986656.0,2685.0,26887.0,5271.0,45172.0,340129.0,56945.0
Kandy,Central,2016,February,0.79316939,0.783000233,Healthy,101.2207067,312.7,296.225,16.6,1435580,44.63636364,44.0,1060,12,73.84341526,0.904991008,,,,,,,,,986656.0,2685.0,26887.0,5271.0,45172.0,340129.0,56945.0
Kandy,Central,2016,March,0.783024433,0.772741913,Healthy,101.2497267,325.9,306.75,17.1,1437170,46.09090909,56.90909091,1122,13,78.10064393,0.957165649,,,,,,,,,986656.0,2685.0,26887.0,5271.0,45172.0,340129.0,56945.0
Kandy,Central,2016,April,0.787700567,0.776686067,Healthy,101.3317733,,,,1438750,43.90909091,52.63636364,997,12,69.34655619,0.849879567,,,,,,,,,986656.0,2685.0,26887.0,5271.0,45172.0,340129.0,56945.0
Kandy,Central,2016,May,0.8044272,0.784525477,Healthy,102.3843067,,,,1440330,38.36363636,42.09090909,935,11,64.94107973,0.79588807,,,,,,,,,986656.0,2685.0,26887.0,5271.0,45172.0,340129.0,56945.0
Kandy,Central,2016,June,0.806170007,0.786501933,Healthy,102.3510987,,,,1441920,41.18181818,43.09090909,1060,12,73.51873202,0.90101184,,,,,,,,,986656.0,2685.0,26887.0,5271.0,45172.0,340129.0,56945.0
Kandy,Central,2016,July,0.792381647,0.781882527,Healthy,101.26162,,,,1443500,41.8636,40.0455,1184,14,82.07805667,1.005910994,,,,,,,,,986656.0,2685.0,26887.0,5271.0,45172.0,340129.0,56945.0
Kandy,Central,2016,August,0.779078333,0.7761414,Healthy,100.3550187,318.2,296.1,14.1,1445080,42.54545455,37.0,1309,16,90.61866437,1.110580763,,,,,,,,,986656.0,2685.0,26887.0,5271.0,45172.0,340129.0,56945.0
Kandy,Central,2016,September,0.762806087,0.77577225,Healthy,98.43072333,322.5090909,296.7545455,31.21818182,1446670,35.54545455,36.72727273,1496,18,103.450363,1.267840172,,,,,,,,,986656.0,2685.0,26887.0,5271.0,45172.0,340129.0,56945.0
Kandy,Central,2016,October,0.763947223,0.786720367,Healthy,97.27788833,310.85,296.65,8.7,1448250,32.90909091,47.09090909,1621,19,111.94896,1.371995077,,,,,,,,,986656.0,2685.0,26887.0,5271.0,45172.0,340129.0,56945.0
Kandy,Central,2016,November,0.787904457,0.801219763,Healthy,98.43442333,,,,1449830,38.54545455,43.09090909,1746,21,120.4290338,1.475922969,,,,,,,,,986656.0,2685.0,26887.0,5271.0,45172.0,340129.0,56945.0
Kandy,Central,2016,December,0.801838867,0.80611172,Healthy,99.50092833,,,,1451420,41.18181818,43.27272727,1683,20,116.0007811,1.421652336,,,,,,,,,986656.0,2685.0,26887.0,5271.0,45172.0,340129.0,56945.0
Kandy,Central,2017,January,0.799895533,0.798484953,Healthy,100.1672967,315.6,298.6333333,8.6,1453000,40.8452,46.8972,1156,19,79.56121062,1.329461333,,,,,,,,,903306.0,3331.0,16742.0,8689.0,39182.0,344380.0,23537.0
Kandy,Central,2017,February,0.792492743,0.783000233,Healthy,101.140815,317.15,301.15,8.75,1454250,47.4706,46.2257,1091,18,75.07655582,1.254523118,,,,,,,,,903306.0,3331.0,16742.0,8689.0,39182.0,344380.0,23537.0
Kandy,Central,2017,March,0.787678327,0.772741913,Healthy,101.8155467,,,,1455500,42.7414,43.7076,1156,19,79.42455447,1.32717782,,,,,,,,,903306.0,3331.0,16742.0,8689.0,39182.0,344380.0,23537.0
Kandy,Central,2017,April,0.788184963,0.776686067,Healthy,101.39171,,,,1456750,39.3,43.2242,1027,17,70.53902425,1.178701336,,,,,,,,,903306.0,3331.0,16742.0,8689.0,39182.0,344380.0,23537.0
Kandy,Central,2017,May,0.792323293,0.784525477,Healthy,100.934418,,,,1458000,39.8844,38.7396,963,16,66.07363913,1.104085115,,,,,,,,,903306.0,3331.0,16742.0,8689.0,39182.0,344380.0,23537.0
Kandy,Central,2017,June,0.7937361,0.786501933,Healthy,100.8648,,,,1459250,38.0622,42.2532,1091,18,74.81931218,1.250224598,,,,,,,,,903306.0,3331.0,16742.0,8689.0,39182.0,344380.0,23537.0
Kandy,Central,2017,July,0.786574397,0.781882527,Healthy,100.5637267,324.4333333,291.8,37.46666667,1460500,41.1317,40.0521,1220,20,83.55001489,1.396113927,,,,,,,,,903306.0,3331.0,16742.0,8689.0,39182.0,344380.0,23537.0
Kandy,Central,2017,August,0.784984413,0.7761414,Healthy,101.0710717,,,,1461750,44.157,41.4113,1348,22,92.26578566,1.541753745,,,,,,,,,903306.0,3331.0,16742.0,8689.0,39182.0,344380.0,23537.0
Kandy,Central,2017,September,0.800647223,0.77577225,Healthy,103.011832,,,,1463000,38.8975,42.5445,1541,25,105.3565177,1.760498808,,,,,,,,,903306.0,3331.0,16742.0,8689.0,39182.0,344380.0,23537.0
Kandy,Central,2017,October,0.81206666,0.786720367,Healthy,103.0305233,,,,1464250,36.3128,42.6196,1669,27,114.0387917,1.905578899,,,,,,,,,903306.0,3331.0,16742.0,8689.0,39182.0,344380.0,23537.0
Kandy,Central,2017,November,0.81838164,0.801219763,Healthy,102.0170533,,,,1465500,37.2811,34.5096,1798,30,122.7062547,2.050411497,,,,,,,,,903306.0,3331.0,16742.0,8689.0,39182.0,344380.0,23537.0
Kandy,Central,2017,December,0.813315523,0.80611172,Healthy,100.8414097,,,,1466750,47.0567,52.0462,1734,28,118.22305,1.975497512,,,,,,,,,903306.0,3331.0,16742.0,8689.0,39182.0,344380.0,23537.0
Kandy,Central,2018,January,0.799345547,0.798484953,Healthy,100.1013533,,,,1468000,42.8947,48.5987,1191,15,81.17564963,1.071642188,,,,,,,,,961598.0,2957.0,16931.0,7055.0,80776.0,339763.0,20063.0
Kandy,Central,2018,February,0.78762112,0.783000233,Healthy,100.5556633,318.6,300.8,12.4,1468670,50.7006,48.2534,1125,14,76.63091672,1.011644793,,,,,,,,,961598.0,2957.0,16931.0,7055.0,80776.0,339763.0,20063.0
Kandy,Central,2018,March,0.781377203,0.772741913,Healthy,101.0496883,,,,1469330,45.4145,45.9964,1191,15,81.10217151,1.070672165,,,,,,,,,961598.0,2957.0,16931.0,7055.0,80776.0,339763.0,20063.0
Kandy,Central,2018,April,0.787118333,0.776686067,Healthy,101.2615667,,,,1470000,40.4974,45.2106,1059,13,72.0579614,0.951274819,,,,,,,,,961598.0,2957.0,16931.0,7055.0,80776.0,339763.0,20063.0
Kandy,Central,2018,May,0.799526623,0.784525477,Healthy,101.7973833,,,,1470670,41.5312,40.6677,993,13,67.52356276,0.891413852,,,,,,,,,961598.0,2957.0,16931.0,7055.0,80776.0,339763.0,20063.0
Kandy,Central,2018,June,0.801435533,0.786501933,Healthy,101.7852083,,,,1471330,39.7851,44.154,1125,14,76.49237659,1.009815852,,,,,,,,,961598.0,2957.0,16931.0,7055.0,80776.0,339763.0,20063.0
Kandy,Central,2018,July,0.79347498,0.781882527,Healthy,101.3931333,,,,1472000,44.4845,41.8297,1257,16,85.45256716,1.128104012,,,,,,,,,961598.0,2957.0,16931.0,7055.0,80776.0,339763.0,20063.0
Kandy,Central,2018,August,0.782786643,0.7761414,Healthy,100.8043783,,,,1472670,46.6741,43.2719,1390,18,94.40460474,1.24628454,,,,,,,,,961598.0,2957.0,16931.0,7055.0,80776.0,339763.0,20063.0
Kandy,Central,2018,September,0.791350547,0.77577225,Healthy,101.8856647,313.2125,294.8625,13.3875,1473330,41.0507,44.1788,1588,20,107.8426455,1.423687141,,,,,,,,,961598.0,2957.0,16931.0,7055.0,80776.0,339763.0,20063.0
Kandy,Central,2018,October,0.811061093,0.786720367,Healthy,102.9098417,,,,1474000,37.9889,45.4728,1721,22,116.7764283,1.541626678,,,,,,,,,961598.0,2957.0,16931.0,7055.0,80776.0,339763.0,20063.0
Kandy,Central,2018,November,0.81589386,0.801219763,Healthy,101.7250967,,,,1474670,38.6755,35.6939,1853,24,125.7020931,1.659459046,,,,,,,,,961598.0,2957.0,16931.0,7055.0,80776.0,339763.0,20063.0
Kandy,Central,2018,December,0.811248313,0.80611172,Healthy,100.5999617,,,,1475330,48.9425,54.9308,1787,23,121.1585072,1.599476793,,,,,,,,,961598.0,2957.0,16931.0,7055.0,80776.0,339763.0,20063.0
Kandy,Central,2019,January,0.799898313,0.798484953,Healthy,100.1665717,,,,1476000,43.5526,50.9172,1189,15,80.56712274,1.031132263,3676.7842473410815,4146.642694668111,288.8268936061322,8.4933716113579,11.113002421710538,0.7105141582710853,20.316888191339523,,734606.0,1613.0,13459.0,3738.0,38232.0,284301.0,15490.0
Kandy,Central,2019,February,0.784698333,0.783000233,Healthy,100.2036133,325.3,296.9,19.2,1476580,52.2608,49.2378,1123,14,76.0612829,0.97346461,3676.7842473410815,4146.642694668111,288.8268936061322,8.4933716113579,11.113002421710538,0.7105141582710853,20.316888191339523,,734606.0,1613.0,13459.0,3738.0,38232.0,284301.0,15490.0
Kandy,Central,2019,March,0.76725942,0.772741913,Healthy,99.33308167,320.7857143,304.2142857,15.88571429,1477170,46.3925,48.6461,1189,15,80.50330915,1.030315549,3676.7842473410815,4146.642694668111,288.8268936061322,8.4933716113579,11.113002421710538,0.7105141582710853,20.316888191339523,,734606.0,1613.0,13459.0,3738.0,38232.0,284301.0,15490.0
Kandy,Central,2019,April,0.762605533,0.776686067,Healthy,98.29695133,,,,1477750,43.0897,48.0761,1057,13,71.53041113,0.915476588,3676.7842473410815,4146.642694668111,288.8268936061322,8.4933716113579,11.113002421710538,0.7105141582710853,20.316888191339523,,734606.0,1613.0,13459.0,3738.0,38232.0,284301.0,15490.0
Kandy,Central,2019,May,0.774206067,0.784525477,Healthy,98.76304667,314.2,297.5,6.7,1478330,43.403,41.7284,990,12,67.03345057,0.857922577,3676.7842473410815,4146.642694668111,288.8268936061322,8.4933716113579,11.113002421710538,0.7105141582710853,20.316888191339523,,734606.0,1613.0,13459.0,3738.0,38232.0,284301.0,15490.0
Kandy,Central,2019,June,0.781250543,0.786501933,Healthy,99.37225867,304.2,291.0,8.0,1478920,41.2089,45.081,1123,14,75.94093602,0.97192436,3676.7842473410815,4146.642694668111,288.8268936061322,8.4933716113579,11.113002421710538,0.7105141582710853,20.316888191339523,,734606.0,1613.0,13459.0,3738.0,38232.0,284301.0,15490.0
Kandy,Central,2019,July,0.78368995,0.781882527,Healthy,100.2180913,317.16,291.66,24.63,1479500,45.3946,44.0694,1255,16,84.84189066,1.085842558,3676.7842473410815,4146.642694668111,288.8268936061322,8.4933716113579,11.113002421710538,0.7105141582710853,20.316888191339523,,734606.0,1613.0,13459.0,3738.0,38232.0,284301.0,15490.0
Kandy,Central,2019,August,0.789178323,0.7761414,Healthy,101.57847,,,,1480080,48.2021,45.1956,1387,17,93.73586925,1.199671475,3676.7842473410815,4146.642694668111,288.8268936061322,8.4933716113579,11.113002421710538,0.7105141582710853,20.316888191339523,,734606.0,1613.0,13459.0,3738.0,38232.0,284301.0,15490.0
Kandy,Central,2019,September,0.79511167,0.77577225,Healthy,102.3417117,,,,1480670,42.2424,44.8615,1585,20,107.0840211,1.370506793,3676.7842473410815,4146.642694668111,288.8268936061322,8.4933716113579,11.113002421710538,0.7105141582710853,20.316888191339523,,734606.0,1613.0,13459.0,3738.0,38232.0,284301.0,15490.0
Kandy,Central,2019,October,0.80811832,0.786720367,Healthy,102.5578217,,,,1481250,38.7279,45.8788,1717,21,115.9622654,1.484134335,3676.7842473410815,4146.642694668111,288.8268936061322,8.4933716113579,11.113002421710538,0.7105141582710853,20.316888191339523,,734606.0,1613.0,13459.0,3738.0,38232.0,284301.0,15490.0
Kandy,Central,2019,November,0.817698317,0.801219763,Healthy,101.93658,,,,1481830,39.8376,37.2092,1849,23,124.8335597,1.597672928,3676.7842473410815,4146.642694668111,288.8268936061322,8.4933716113579,11.113002421710538,0.7105141582710853,20.316888191339523,,734606.0,1613.0,13459.0,3738.0,38232.0,284301.0,15490.0
Kandy,Central,2019,December,0.818740567,0.80611172,Healthy,101.4751367,,,,1482420,50.0478,55.7971,1783,22,120.3273092,1.54000002,3676.7842473410815,4146.642694668111,288.8268936061322,8.4933716113579,11.113002421710538,0.7105141582710853,20.316888191339523,,734606.0,1613.0,13459.0,3738.0,38232.0,284301.0,15490.0
Kandy,Central,2020,January,0.808107223,0.798484953,Healthy,101.133232,,,,1483000,34.2765,38.6445,716,9,48.28873575,0.60687795,103.11547119954771,105.51810972977854,7.893694439633015,0.2381967384709552,0.2827885340758064,0.0194184883214972,0.5404037608682589,148.97963747167748,405256.0,578.0,9532.0,3000.0,21021.0,151634.0,7150.0
Kandy,Central,2020,February,0.784071647,0.783000233,Healthy,100.1269253,316.42,299.58,25.92,1484500,39.275,37.821,676,8,45.559946,0.572583361,93.0061112780234,95.17319701117276,7.1198028279042855,0.214844117052234,0.2550641679899429,0.0175147149566445,0.4874229999988216,134.3737906607287,405256.0,578.0,9532.0,3000.0,21021.0,151634.0,7150.0
Kandy,Central,2020,March,0.76273108,0.772741913,Healthy,98.78277833,325.1375,302.2875,19.6375,1486000,34.4109,36.3367,716,9,48.1912484,0.605652759,380.1119330493131,388.96871821957575,29.09832460100013,0.8780585653439134,1.0424361648284628,0.0715818785184603,1.9920766086908368,549.1798400916738,405256.0,578.0,9532.0,3000.0,21021.0,151634.0,7150.0
Kandy,Central,2020,April,0.766006097,0.776686067,Healthy,98.70696533,314.8,292.0,12.8,1487500,32.2954,36.2533,636,8,42.79346861,0.537815126,3126.825023727461,3199.681503864755,239.3646755076952,7.222965804810436,8.575146430357542,0.5888371017489302,16.38694933691691,4517.588418626456,405256.0,578.0,9532.0,3000.0,21021.0,151634.0,7150.0
Kandy,Central,2020,May,0.792566083,0.784525477,Healthy,100.9622567,,,,1489000,32.4649,31.6512,596,7,40.07846156,0.503693754,4555.277580638844,4661.417671003745,348.7155602449643,10.522691211275728,12.492599358290036,0.8578402782026122,23.873130847768376,6581.3945730135165,405256.0,578.0,9532.0,3000.0,21021.0,151634.0,7150.0
Kandy,Central,2020,June,0.813548877,0.786501933,Healthy,103.2335217,,,,1490500,31.0419,34.1944,676,8,45.37654467,0.57027843,5432.770021827149,5559.3560949787225,415.8893521430177,12.549698750420715,14.899074334542972,1.0230878062718234,28.47186089123551,7849.182076203869,405256.0,578.0,9532.0,3000.0,21021.0,151634.0,7150.0
Kandy,Central,2020,July,0.82138831,0.781882527,Healthy,104.749585,,,,1492000,33.5723,33.3374,755,9,50.6639748,0.636729223,4856.536506300266,4969.696070018196,371.77753027448034,11.218599329553616,13.318785467648764,0.9145727244752216,25.451957521677603,7016.64880797979,405256.0,578.0,9532.0,3000.0,21021.0,151634.0,7150.0
Kandy,Central,2020,August,0.81758388,0.7761414,Healthy,105.01625,,,,1493500,36.2049,34.5149,835,10,55.94078405,0.703046535,4245.931167040199,4344.863341814409,325.0344769260652,9.808100995862862,11.644233756062617,0.7995848132381205,22.2519195651636,6134.455660598484,405256.0,578.0,9532.0,3000.0,21021.0,151634.0,7150.0
Kandy,Central,2020,September,0.811027203,0.77577225,Healthy,104.2700133,,,,1495000,31.6563,34.5129,954,12,63.86817848,0.802675585,4144.837567824957,4241.414214628352,317.295560808778,9.57457478167565,11.36699009520398,0.7805470795895937,21.722111956469224,5988.397192488997,405256.0,578.0,9532.0,3000.0,21021.0,151634.0,7150.0
Kandy,Central,2020,October,0.805752747,0.786720367,Healthy,102.2773867,315.25,297.4,10.85,1496500,30.0283,35.2889,1034,13,69.12117434,0.868693618,4094.290768217335,4189.689651035324,313.4261027501343,9.457811674582045,11.228368264774664,0.7710282127653304,21.45720815212204,5915.367958434253,405256.0,578.0,9532.0,3000.0,21021.0,151634.0,7150.0
Kandy,Central,2020,November,0.811092217,0.801219763,Healthy,101.16008,,,,1498000,30.3315,27.9523,1113,14,74.36365018,0.934579439,3942.650369394472,4034.515960256238,301.8177285742035,9.10752235330123,10.812502773486717,0.7424716122925406,20.66249673908049,5696.280256270021,405256.0,578.0,9532.0,3000.0,21021.0,151634.0,7150.0
Kandy,Central,2020,December,0.816726083,0.80611172,Healthy,101.2398567,,,,1499500,39.1148,42.3015,1074,13,71.63607381,0.9003001,3841.556770179229,3931.066833070181,294.0788124569162,8.873996139114018,10.535259112628085,0.7234338786440139,20.132689130386115,5550.221788160534,405256.0,578.0,9532.0,3000.0,21021.0,151634.0,7150.0
Kandy,Central,2021,January,0.81563553,0.798484953,Healthy,102.0223467,,,,1501000,37.849,43.2095,405,7,27.02101038,0.502104288,111.60810955997746,125.00340689626069,8.407432334685533,0.2578147330835479,0.3350091304819787,0.0206822835433264,0.6135061471088532,149.5750160168763,33850.0,281.0,771.0,2593.0,3495.0,8011.0,2093.0
Kandy,Central,2021,February,0.8017461,0.783000233,Healthy,102.249988,,,,1500830,43.9853,42.2175,383,7,25.52273379,0.47426332,100.66613803448944,112.748170926039,7.583174262657535,0.2325387788596705,0.3021650980817846,0.0186546086861375,0.5533584856275928,134.9107987603198,33850.0,281.0,771.0,2593.0,3495.0,8011.0,2093.0
Kandy,Central,2021,March,0.78634612,0.772741913,Healthy,101.653204,314.0333333,296.7666667,12.56666667,1500670,39.619,40.4523,405,7,27.02695235,0.502214702,411.4181293583482,460.79687248033343,30.992103508252544,0.9503758788177842,1.234935618247294,0.0762405746303012,2.26155207169538,551.3745688465244,33850.0,281.0,771.0,2593.0,3495.0,8011.0,2093.0
Kandy,Central,2021,April,0.7861189,0.776686067,Healthy,101.141007,,,,1500500,35.8478,40.078,360,6,24.02667945,0.446463645,3384.3517928334336,3790.544485589552,254.9430216782583,7.8178526414452305,10.15865922138,0.6271598333285153,18.60367169615375,4535.642397452926,33850.0,281.0,771.0,2593.0,3495.0,8011.0,2093.0
Kandy,Central,2021,May,0.797407767,0.784525477,Healthy,101.5433553,,,,1500330,35.722,35.4871,337,6,22.52756426,0.418607093,4930.452369384886,5522.209328181869,371.41068725581374,11.389344973279083,14.799520999527411,0.9136702906493016,27.102536263455804,6607.69629580436,33850.0,281.0,771.0,2593.0,3495.0,8011.0,2093.0
Kandy,Central,2021,June,0.806861667,0.786501933,Healthy,102.43402,,,,1500170,34.366,38.4724,383,7,25.53396252,0.474471972,5880.215497797241,6585.963810397105,442.9562879078434,13.583297799911623,17.650383011864243,1.0896724682532946,32.323353280029174,7880.550353673463,33850.0,281.0,771.0,2593.0,3495.0,8011.0,2093.0
Kandy,Central,2021,July,0.812281647,0.781882527,Healthy,103.6549367,,,,1500000,38.6483,36.6583,428,7,28.54119241,0.530352304,5256.523120844428,5887.415360094473,395.9735778022479,12.142568409150623,15.77827316505319,0.9740950013935296,28.894936575597352,7044.689970049743,33850.0,281.0,771.0,2593.0,3495.0,8011.0,2093.0
Kandy,Central,2021,August,0.812282167,0.7761414,Healthy,104.3748233,,,,1499830,40.5374,37.8584,473,8,31.54910402,0.586245303,4595.628040704953,5147.199107493086,346.1883902517571,10.61590077402844,13.794493608081472,0.8516234400193223,25.26201782212924,6158.9712477537305,33850.0,281.0,771.0,2593.0,3495.0,8011.0,2093.0
Kandy,Central,2021,September,0.812702187,0.77577225,Healthy,104.4723567,310.5,293.275,9.9,1499670,35.7776,38.1151,540,10,36.05996571,0.670066114,4486.208325450073,5024.646747790869,337.94580953147715,10.363141231789667,13.466053284079532,0.8313466914474337,24.66054120731664,6012.329075188166,33850.0,281.0,771.0,2593.0,3495.0,8011.0,2093.0
Kandy,Central,2021,October,0.8184433,0.786720367,Healthy,103.7927317,309.7666667,288.0,7.666666667,1499500,32.9446,40.1594,585,10,39.06939169,0.725987253,4431.498467822633,4963.370567939761,333.8245191713372,10.23676146067028,13.301833122078564,0.8212083171614893,24.35980289991034,5939.007988905383,33850.0,281.0,771.0,2593.0,3495.0,8011.0,2093.0
Kandy,Central,2021,November,0.824424983,0.801219763,Healthy,102.727048,,,,1499330,33.5084,31.9811,630,11,42.07950012,0.781921074,4267.368894940314,4779.542028386438,321.46064809091735,9.857622147312124,12.809172636075656,0.7907931943036566,23.457587977691443,5719.044730057036,33850.0,281.0,771.0,2593.0,3495.0,8011.0,2093.0
Kandy,Central,2021,December,0.82084219,0.80611172,Healthy,101.7205903,,,,1499170,42.4349,47.901,608,11,40.5809914,0.754075792,4157.9491796854345,4656.989668684221,313.2180673706374,9.604862605073352,12.480732312073714,0.7705164457317679,22.85611136287884,5572.402557491471,33850.0,281.0,771.0,2593.0,3495.0,8011.0,2093.0
Kandy,Central,2022,January,0.807457207,0.798484953,Healthy,101.0569297,,,,1499000,39.5853,46.0247,853,14,56.94528059,0.951854082,96.97273762816896,112.36585483468244,4.547697192725755,0.2240070239210703,0.3011404909569489,0.0111873350941053,0.5363348499721247,149.88315180873505,20511.0,404.0,760.0,940.0,1489.0,9060.0,36.0
Kandy,Central,2022,February,0.79071664,0.783000233,Healthy,100.9265897,315.3,300.0,13.81666667,1497580,46.4294,44.9725,806,13,53.83264947,0.899825703,87.46560648815237,101.34959455677236,4.101844526772248,0.2020455509876319,0.2716169134121499,0.0100905375358597,0.4837530019356416,135.18872516081984,20511.0,404.0,760.0,940.0,1489.0,9060.0,36.0
Kandy,Central,2022,March,0.781823327,0.772741913,Healthy,101.1038997,,,,1496170,40.9749,42.3368,853,14,57.05299238,0.95365451,357.4681308646228,414.2113864494176,16.7640602398518,0.8257513822972786,1.1100865156844388,0.0412395881900354,1.977077486171753,552.5104419616116,20511.0,404.0,760.0,940.0,1489.0,9060.0,36.0
Kandy,Central,2022,April,0.7904794,0.776686067,Healthy,101.6679333,,,,1494750,37.8476,42.5276,758,12,50.76194866,0.848498199,2940.5556616071235,3407.329303957576,137.9022295794192,6.792683578312455,9.131642534606302,0.3392394847653713,16.26356559768413,4544.986162200173,20511.0,404.0,760.0,940.0,1489.0,9060.0,36.0
Kandy,Central,2022,May,0.800070533,0.784525477,Healthy,101.8628317,,,,1493330,38.8409,38.2806,711,11,47.63457932,0.796223467,4283.913291691464,4963.926881226264,200.90121127864955,9.89583970380728,13.303324041686388,0.4942169797454778,23.69338072523915,6621.30864755059,20511.0,404.0,760.0,940.0,1489.0,9060.0,36.0
Kandy,Central,2022,June,0.799307213,0.786501933,Healthy,101.5308167,,,,1491920,36.7057,41.2551,806,13,54.03687811,0.903239433,5109.1322746449005,5920.138273348854,239.6012226834137,11.80209555442972,15.865970572574929,0.5894190078011978,28.257485134805847,7896.784880589629,20511.0,404.0,760.0,940.0,1489.0,9060.0,36.0
Kandy,Central,2022,July,0.803018883,0.781882527,Healthy,102.5419827,,,,1490500,40.3596,38.9951,901,15,60.45169543,1.01046465,4567.225799663957,5292.211437507984,214.18762072406395,10.55029159722374,14.183126652521397,0.5269015469811974,25.260319796726336,7059.202561658463,20511.0,404.0,760.0,940.0,1489.0,9060.0,36.0
Kandy,Central,2022,August,0.809121133,0.7761414,Healthy,103.992188,,,,1489080,43.0185,39.5945,995,16,66.8787472,1.117894369,3992.995078806957,4626.829316722216,187.2581197004722,9.223818632044068,12.39990256881554,0.4606549744631617,22.08437617532277,6171.659192124385,20511.0,404.0,760.0,940.0,1489.0,9060.0,36.0
Kandy,Central,2022,September,0.808554997,0.77577225,Healthy,103.9700983,,,,1487670,37.2618,40.4543,1138,19,76.5052963,1.278804456,3897.923767406791,4516.6667139431165,182.7995930409372,9.004203902709687,12.10466679336755,0.4496869988807054,21.558557694957944,6024.714925645233,20511.0,404.0,760.0,940.0,1489.0,9060.0,36.0
Kandy,Central,2022,October,0.81626279,0.786720367,Healthy,103.531695,,,,1486250,35.3101,41.4624,1232,20,82.95992396,1.386695112,3850.388111706708,4461.585412553566,180.5703297111696,8.894396538042495,11.957048905643555,0.4442030110894773,21.29564845477553,5951.2427924056565,20511.0,404.0,760.0,940.0,1489.0,9060.0,36.0
Kandy,Central,2022,November,0.82018941,0.801219763,Healthy,102.2301367,,,,1484830,36.3706,33.7895,1327,22,89.42689725,1.494792128,3707.7811446064607,4296.341508384916,173.8825397218671,8.564974444040923,11.514195242471574,0.4277510477157931,20.50692073422829,5730.826392686929,20511.0,404.0,760.0,940.0,1489.0,9060.0,36.0
Kandy,Central,2022,December,0.8130572,0.80611172,Healthy,100.8112567,,,,1483420,46.4475,50.287,1280,21,86.31504457,1.442776761,3612.709833206295,4186.178905605816,169.42401306233202,8.34535971470654,11.218959467023584,0.4167830721333368,19.981102253863465,5583.882126207777,20511.0,404.0,760.0,940.0,1489.0,9060.0,36.0
Kandy,Central,2023,January,0.806874963,0.798484953,Healthy,100.9900713,,,,1482000,40.4754,46.6356,1039,15,70.15404365,1.05164412,,,,,,,,,27890.0,685.0,586.0,288.0,1816.0,20200.0,60.0
Kandy,Central,2023,February,0.79850722,0.783000233,Healthy,101.86225,,,,1481080,48.5077,47.2686,981,14,66.29775328,0.993836403,,,,,,,,,27890.0,685.0,586.0,288.0,1816.0,20200.0,60.0
Kandy,Central,2023,March,0.790447203,0.772741913,Healthy,102.152085,321.32,298.14,15.0,1480170,42.4116,44.5673,1039,15,70.24077821,1.052944314,,,,,,,,,27890.0,685.0,586.0,288.0,1816.0,20200.0,60.0
Kandy,Central,2023,April,0.796531667,0.776686067,Healthy,102.4003867,314.55,293.8,14.3,1479250,38.7377,43.3178,924,13,62.4750787,0.936532603,,,,,,,,,27890.0,685.0,586.0,288.0,1816.0,20200.0,60.0
Kandy,Central,2023,May,0.80601275,0.784525477,Healthy,102.5746953,,,,1478330,39.3407,38.7015,866,12,58.60683603,0.878545716,,,,,,,,,27890.0,685.0,586.0,288.0,1816.0,20200.0,60.0
Kandy,Central,2023,June,0.809986667,0.786501933,Healthy,102.8075033,310.3,290.0,9.95,1477420,38.803,41.5327,981,14,66.46199214,0.996298425,,,,,,,,,27890.0,685.0,586.0,288.0,1816.0,20200.0,60.0
Kandy,Central,2023,July,0.800111087,0.781882527,Healthy,102.1903067,310.1,293.35,11.58333333,1476500,41.5723,39.9017,1097,16,74.3273342,1.114203827,,,,,,,,,27890.0,685.0,586.0,288.0,1816.0,20200.0,60.0
Kandy,Central,2023,August,0.783826093,0.7761414,Healthy,100.9300433,311.35,291.6375,13.3625,1475580,43.551,40.8739,1212,18,82.20248408,1.232256254,,,,,,,,,27890.0,685.0,586.0,288.0,1816.0,20200.0,60.0
Kandy,Central,2023,September,0.787603873,0.77577225,Healthy,101.4324347,,,,1474670,38.7797,41.5418,1386,20,94.00366878,1.409161901,,,,,,,,,27890.0,685.0,586.0,288.0,1816.0,20200.0,60.0
Kandy,Central,2023,October,0.804477763,0.786720367,Healthy,102.1215897,,,,1473750,35.8487,42.6106,1501,22,101.9008806,1.527545046,,,,,,,,,27890.0,685.0,586.0,288.0,1816.0,20200.0,60.0
Kandy,Central,2023,November,0.819043887,0.801219763,Healthy,102.0942853,,,,1472830,36.3327,34.1799,1617,24,109.8079583,1.646076087,,,,,,,,,27890.0,685.0,586.0,288.0,1816.0,20200.0,60.0
Kandy,Central,2023,December,0.822517213,0.80611172,Healthy,101.916287,,,,1471920,46.34,52.5164,1559,23,105.9517087,1.588268981,,,,,,,,,27890.0,685.0,586.0,288.0,1816.0,20200.0,60.0
Kandy,Central,2024,January,0.819406633,0.798484953,Healthy,102.4667153,,,,1471000,41.2531,47.0404,1137,12,77.35404818,0.850591103,,,,,,,,,74410.0,146.0,1027.0,715.0,1644.0,65289.0,94.0
Kandy,Central,2024,February,0.804839993,0.783000233,Healthy,102.6213133,316.95,300.75,7.95,1471000,47.9703,47.3399,1074,11,73.05660106,0.803336042,,,,,,,,,74410.0,146.0,1027.0,715.0,1644.0,65289.0,94.0
Kandy,Central,2024,March,0.787931633,0.772741913,Healthy,101.84581,322.6,302.9,13.3,1471000,42.6483,45.1048,1137,12,77.35404818,0.850591103,,,,,,,,,74410.0,146.0,1027.0,715.0,1644.0,65289.0,94.0
Kandy,Central,2024,April,0.78392275,0.776686067,Healthy,100.875735,,,,1471000,40.1231,45.5151,1011,11,68.75915394,0.75608098,,,,,,,,,74410.0,146.0,1027.0,715.0,1644.0,65289.0,94.0
Kandy,Central,2024,May,0.796706653,0.784525477,Healthy,101.4589287,,,,1471000,39.6818,39.492,948,10,64.46170682,0.708825919,,,,,,,,,74410.0,146.0,1027.0,715.0,1644.0,65289.0,94.0
Kandy,Central,2024,June,0.811553883,0.786501933,Healthy,102.99496,,,,1471000,38.5937,42.7844,1074,11,73.05660106,0.803336042,,,,,,,,,74410.0,146.0,1027.0,715.0,1644.0,65289.0,94.0
Kandy,Central,2024,July,0.81496608,0.781882527,Healthy,103.977498,,,,1471000,43.0895,41.8897,1201,13,81.6514953,0.897846164,,,,,,,,,74410.0,146.0,1027.0,715.0,1644.0,65289.0,94.0
Kandy,Central,2024,August,0.81698887,0.7761414,Healthy,104.9447567,,,,1471000,44.6818,42.8829,1327,14,90.24638955,0.992356287,,,,,,,,,74410.0,146.0,1027.0,715.0,1644.0,65289.0,94.0
Kandy,Central,2024,September,0.823709447,0.77577225,Healthy,105.8049017,327.4333333,296.7,27.3,1471000,39.609,43.4549,1517,16,103.1387309,1.13412147,,,,,,,,,74410.0,146.0,1027.0,715.0,1644.0,65289.0,94.0
Kandy,Central,2024,October,0.829039413,0.786720367,Healthy,105.061028,,,,1471000,36.4654,43.4151,1643,18,111.7336252,1.228631593,,,,,,,,,74410.0,146.0,1027.0,715.0,1644.0,65289.0,94.0
Kandy,Central,2024,November,0.8224427,0.801219763,Healthy,102.49533,,,,1471000,37.2349,34.86,1770,19,120.3285194,1.323141715,,,,,,,,,74410.0,146.0,1027.0,715.0,1644.0,65289.0,94.0
Kandy,Central,2024,December,0.81757611,0.80611172,Healthy,101.3391367,,,,1471000,47.0979,53.0856,1706,18,116.0310723,1.275886654,,,,,,,,,74410.0,146.0,1027.0,715.0,1644.0,65289.0,94.0
Kegalle,Sabaragamuwa,2014,January,0.798783033,0.81093,Healthy,98.58797667,,,,856000,63.0354,43.9866,582,4,68.08468202,0.555618874,,,,,,,,,859112.0,3851.0,20799.0,3851.0,38780.0,272885.0,79038.0
Kegalle,Sabaragamuwa,2014,February,0.77939633,0.795398287,Healthy,98.10700667,315.9,305.2,4.6,856580,58.1997,40.7007,550,4,64.25865993,0.524395844,,,,,,,,,859112.0,3851.0,20799.0,3851.0,38780.0,272885.0,79038.0
Kegalle,Sabaragamuwa,2014,March,0.783666667,0.799070687,Healthy,98.18519967,324.9,306.3,23.7,857170,54.3454,28.1964,582,4,67.99174937,0.554860478,,,,,,,,,859112.0,3851.0,20799.0,3851.0,38780.0,272885.0,79038.0
Kegalle,Sabaragamuwa,2014,April,0.808177547,0.81710278,Healthy,98.96915133,,,,857750,49.8452,28.1479,518,4,60.39624372,0.492875812,,,,,,,,,859112.0,3851.0,20799.0,3851.0,38780.0,272885.0,79038.0
Kegalle,Sabaragamuwa,2014,May,0.82791028,0.831720327,Healthy,99.56781667,,,,858330,44.6439,29.4679,485,3,56.58321761,0.461758838,,,,,,,,,859112.0,3851.0,20799.0,3851.0,38780.0,272885.0,79038.0
Kegalle,Sabaragamuwa,2014,June,0.832130273,0.837332627,Healthy,99.413722,,,,858920,40.8147,34.6422,550,4,64.08359676,0.522967205,,,,,,,,,859112.0,3851.0,20799.0,3851.0,38780.0,272885.0,79038.0
Kegalle,Sabaragamuwa,2014,July,0.833459347,0.836162717,Healthy,99.6954,,,,859500,46.5202,30.7669,615,5,71.57451156,0.584098337,,,,,,,,,859112.0,3851.0,20799.0,3851.0,38780.0,272885.0,79038.0
Kegalle,Sabaragamuwa,2014,August,0.836499957,0.83049366,Healthy,100.6824713,,,,860080,44.9472,32.8066,679,5,79.05532327,0.64514702,,,,,,,,,859112.0,3851.0,20799.0,3851.0,38780.0,272885.0,79038.0
Kegalle,Sabaragamuwa,2014,September,0.835024837,0.82574345,Healthy,101.0598733,,,,860670,46.0892,30.1548,777,6,90.28700556,0.736805444,,,,,,,,,859112.0,3851.0,20799.0,3851.0,38780.0,272885.0,79038.0
Kegalle,Sabaragamuwa,2014,October,0.836308423,0.825089033,Healthy,101.282045,,,,861250,45.1114,36.485,841,6,97.74505292,0.797668354,,,,,,,,,859112.0,3851.0,20799.0,3851.0,38780.0,272885.0,79038.0
Kegalle,Sabaragamuwa,2014,November,0.841360547,0.82791171,Healthy,101.5318633,,,,861830,44.9991,27.2507,906,7,105.193062,0.858449344,,,,,,,,,859112.0,3851.0,20799.0,3851.0,38780.0,272885.0,79038.0
Kegalle,Sabaragamuwa,2014,December,0.838635733,0.82684343,Healthy,101.3445467,,,,862420,53.8628,36.1319,874,7,101.3667722,0.82722413,,,,,,,,,859112.0,3851.0,20799.0,3851.0,38780.0,272885.0,79038.0
Kegalle,Sabaragamuwa,2015,January,0.817532667,0.81093,Healthy,100.7659983,,,,863000,24.8576,34.5304,624,6,72.41613204,0.720685075,1386.9976852884695,2211.2122604821134,87.39300305921186,3.203964653016364,5.926048858092064,0.21498678752566117,9.34500029863409,,1337814.0,4140.0,39456.0,5356.0,105628.0,370889.0,129547.0
Kegalle,Sabaragamuwa,2015,February,0.801863003,0.795398287,Healthy,100.7649853,,,,863670,37.4296,36.9753,590,5,68.33995708,0.680118997,1386.9976852884695,2211.2122604821134,87.39300305921186,3.203964653016364,5.926048858092064,0.21498678752566117,9.34500029863409,,1337814.0,4140.0,39456.0,5356.0,105628.0,370889.0,129547.0
Kegalle,Sabaragamuwa,2015,March,0.81011514,0.799070687,Healthy,101.3002963,,,,864330,27.7929,36.5568,624,6,72.30470069,0.71957611,1386.9976852884695,2211.2122604821134,87.39300305921186,3.203964653016364,5.926048858092064,0.21498678752566117,9.34500029863409,,1337814.0,4140.0,39456.0,5356.0,105628.0,370889.0,129547.0
Kegalle,Sabaragamuwa,2015,April,0.828892733,0.81710278,Healthy,101.36016,,,,865000,23.4431,36.8679,555,5,64.22106302,0.639127779,1386.9976852884695,2211.2122604821134,87.39300305921186,3.203964653016364,5.926048858092064,0.21498678752566117,9.34500029863409,,1337814.0,4140.0,39456.0,5356.0,105628.0,370889.0,129547.0
Kegalle,Sabaragamuwa,2015,May,0.83903513,0.831720327,Healthy,100.83011,,,,865670,32.0638,33.0319,520,5,60.16064816,0.598718545,1386.9976852884695,2211.2122604821134,87.39300305921186,3.203964653016364,5.926048858092064,0.21498678752566117,9.34500029863409,,1337814.0,4140.0,39456.0,5356.0,105628.0,370889.0,129547.0
Kegalle,Sabaragamuwa,2015,June,0.842672077,0.837332627,Healthy,100.6017387,,,,866330,29.9172,33.734,590,5,68.13012447,0.678030743,1386.9976852884695,2211.2122604821134,87.39300305921186,3.203964653016364,5.926048858092064,0.21498678752566117,9.34500029863409,,1337814.0,4140.0,39456.0,5356.0,105628.0,370889.0,129547.0
Kegalle,Sabaragamuwa,2015,July,0.843477577,0.836162717,Healthy,100.8257113,,,,867000,34.158,36.3878,659,6,76.08658959,0.757213454,1386.9976852884695,2211.2122604821134,87.39300305921186,3.203964653016364,5.926048858092064,0.21498678752566117,9.34500029863409,,1337814.0,4140.0,39456.0,5356.0,105628.0,370889.0,129547.0
Kegalle,Sabaragamuwa,2015,August,0.842264827,0.83049366,Healthy,101.337122,,,,867670,39.5132,37.3811,729,7,84.03076701,0.836273878,1386.9976852884695,2211.2122604821134,87.39300305921186,3.203964653016364,5.926048858092064,0.21498678752566117,9.34500029863409,,1337814.0,4140.0,39456.0,5356.0,105628.0,370889.0,129547.0
Kegalle,Sabaragamuwa,2015,September,0.844075777,0.82574345,Healthy,102.0936067,,,,868330,30.8053,43.6593,833,8,95.96216792,0.955015136,1386.9976852884695,2211.2122604821134,87.39300305921186,3.203964653016364,5.926048858092064,0.21498678752566117,9.34500029863409,,1337814.0,4140.0,39456.0,5356.0,105628.0,370889.0,129547.0
Kegalle,Sabaragamuwa,2015,October,0.847885447,0.825089033,Healthy,102.6050633,,,,869000,29.0923,32.9207,902,8,103.8788627,1.033802053,1386.9976852884695,2211.2122604821134,87.39300305921186,3.203964653016364,5.926048858092064,0.21498678752566117,9.34500029863409,,1337814.0,4140.0,39456.0,5356.0,105628.0,370889.0,129547.0
Kegalle,Sabaragamuwa,2015,November,0.847666033,0.82791171,Healthy,102.2502433,,,,869670,26.8662,22.8863,972,9,111.7833594,1.112467574,1386.9976852884695,2211.2122604821134,87.39300305921186,3.203964653016364,5.926048858092064,0.21498678752566117,9.34500029863409,,1337814.0,4140.0,39456.0,5356.0,105628.0,370889.0,129547.0
Kegalle,Sabaragamuwa,2015,December,0.844605407,0.82684343,Healthy,102.0256233,,,,870330,42.6609,58.3027,937,9,107.709355,1.071923097,1386.9976852884695,2211.2122604821134,87.39300305921186,3.203964653016364,5.926048858092064,0.21498678752566117,9.34500029863409,,1337814.0,4140.0,39456.0,5356.0,105628.0,370889.0,129547.0
Kegalle,Sabaragamuwa,2016,January,0.827198147,0.81093,Healthy,101.8891933,,,,871000,32.9032,36.8445,586,5,67.29859147,0.61325642,,,,,,,,,986656.0,2685.0,26887.0,5271.0,45172.0,340129.0,56945.0
Kegalle,Sabaragamuwa,2016,February,0.809629077,0.795398287,Healthy,101.6832763,,,,871670,38.2194,34.9744,553,5,63.51092627,0.578741433,,,,,,,,,986656.0,2685.0,26887.0,5271.0,45172.0,340129.0,56945.0
Kegalle,Sabaragamuwa,2016,March,0.81326422,0.799070687,Healthy,101.67173,,,,872330,40.3083,45.7749,586,5,67.19598451,0.612321417,,,,,,,,,986656.0,2685.0,26887.0,5271.0,45172.0,340129.0,56945.0
Kegalle,Sabaragamuwa,2016,April,0.83189638,0.81710278,Healthy,101.7057703,,,,873000,36.6288,42.5159,521,4,59.6839233,0.543867982,,,,,,,,,986656.0,2685.0,26887.0,5271.0,45172.0,340129.0,56945.0
Kegalle,Sabaragamuwa,2016,May,0.848149067,0.831720327,Healthy,101.8634333,,,,873670,33.1816,32.8211,488,4,55.91076834,0.509485219,,,,,,,,,986656.0,2685.0,26887.0,5271.0,45172.0,340129.0,56945.0
Kegalle,Sabaragamuwa,2016,June,0.844701813,0.837332627,Healthy,100.830582,,,,874330,35.8612,34.5648,553,5,63.31770511,0.576980711,,,,,,,,,986656.0,2685.0,26887.0,5271.0,45172.0,340129.0,56945.0
Kegalle,Sabaragamuwa,2016,July,0.83301149,0.836162717,Healthy,99.64434,,,,875000,36.5314,32.4388,618,5,70.7126597,0.644367015,,,,,,,,,986656.0,2685.0,26887.0,5271.0,45172.0,340129.0,56945.0
Kegalle,Sabaragamuwa,2016,August,0.82986362,0.83049366,Healthy,99.92859167,,,,875670,37.162,29.0092,683,6,78.09629811,0.711650201,,,,,,,,,986656.0,2685.0,26887.0,5271.0,45172.0,340129.0,56945.0
Kegalle,Sabaragamuwa,2016,September,0.822962387,0.82574345,Healthy,99.682232,,,,876330,30.2525,29.8765,781,7,89.1856921,0.812701975,,,,,,,,,986656.0,2685.0,26887.0,5271.0,45172.0,340129.0,56945.0
Kegalle,Sabaragamuwa,2016,October,0.817579353,0.825089033,Healthy,99.14185,,,,877000,28.7738,37.8621,846,7,96.54402017,0.879754522,,,,,,,,,986656.0,2685.0,26887.0,5271.0,45172.0,340129.0,56945.0
Kegalle,Sabaragamuwa,2016,November,0.821716333,0.82791171,Healthy,99.29425167,,,,877670,33.2695,35.4081,911,8,103.8911138,0.946704694,,,,,,,,,986656.0,2685.0,26887.0,5271.0,45172.0,340129.0,56945.0
Kegalle,Sabaragamuwa,2016,December,0.822731477,0.82684343,Healthy,99.53121667,,,,878330,34.294,33.6678,879,8,100.1054385,0.91220784,,,,,,,,,986656.0,2685.0,26887.0,5271.0,45172.0,340129.0,56945.0
Kegalle,Sabaragamuwa,2017,January,0.811696347,0.81093,Healthy,100.090593,315.9,301.2,9.0,879000,34.6703,36.9895,568,8,64.67160576,0.957296262,,,,,,,,,903306.0,3331.0,16742.0,8689.0,39182.0,344380.0,23537.0
Kegalle,Sabaragamuwa,2017,February,0.801303017,0.795398287,Healthy,100.6985633,,,,879420,40.8786,37.2059,536,7,61.04956833,0.903681344,,,,,,,,,903306.0,3331.0,16742.0,8689.0,39182.0,344380.0,23537.0
Kegalle,Sabaragamuwa,2017,March,0.803285447,0.799070687,Healthy,100.4969547,,,,879830,35.7794,34.5393,568,8,64.61059689,0.956393183,,,,,,,,,903306.0,3331.0,16742.0,8689.0,39182.0,344380.0,23537.0
Kegalle,Sabaragamuwa,2017,April,0.820241817,0.81710278,Healthy,100.36152,,,,880250,33.6868,35.0242,505,7,57.40423891,0.849721647,,,,,,,,,903306.0,3331.0,16742.0,8689.0,39182.0,344380.0,23537.0
Kegalle,Sabaragamuwa,2017,May,0.840798193,0.831720327,Healthy,101.0288707,,,,880670,34.2406,31.4733,473,7,53.79080838,0.796234131,,,,,,,,,903306.0,3331.0,16742.0,8689.0,39182.0,344380.0,23537.0
Kegalle,Sabaragamuwa,2017,June,0.850103577,0.837332627,Healthy,101.4392483,,,,881080,31.6981,32.9964,536,7,60.93454781,0.901978761,,,,,,,,,903306.0,3331.0,16742.0,8689.0,39182.0,344380.0,23537.0
Kegalle,Sabaragamuwa,2017,July,0.843009077,0.836162717,Healthy,100.7722067,,,,881500,35.0985,32.0683,600,8,68.07086959,1.007613593,,,,,,,,,903306.0,3331.0,16742.0,8689.0,39182.0,344380.0,23537.0
Kegalle,Sabaragamuwa,2017,August,0.834379373,0.83049366,Healthy,100.441482,,,,881920,38.1452,33.1467,663,9,75.20039426,1.113147811,,,,,,,,,903306.0,3331.0,16742.0,8689.0,39182.0,344380.0,23537.0
Kegalle,Sabaragamuwa,2017,September,0.836806683,0.82574345,Healthy,101.2635467,,,,882330,33.0607,33.7687,757,11,85.9033717,1.271577776,,,,,,,,,903306.0,3331.0,16742.0,8689.0,39182.0,344380.0,23537.0
Kegalle,Sabaragamuwa,2017,October,0.841184867,0.825089033,Healthy,101.8392913,,,,882750,29.9623,34.9813,821,12,93.01770843,1.376887176,,,,,,,,,903306.0,3331.0,16742.0,8689.0,39182.0,344380.0,23537.0
Kegalle,Sabaragamuwa,2017,November,0.843024183,0.82791171,Healthy,101.721545,,,,883170,30.7555,28.1502,884,13,100.1252786,1.482096413,,,,,,,,,903306.0,3331.0,16742.0,8689.0,39182.0,344380.0,23537.0
Kegalle,Sabaragamuwa,2017,December,0.834305433,0.82684343,Healthy,100.8504233,,,,883580,39.6551,42.1296,852,12,96.50457479,1.428501236,,,,,,,,,903306.0,3331.0,16742.0,8689.0,39182.0,344380.0,23537.0
Kegalle,Sabaragamuwa,2018,January,0.812929683,0.81093,Healthy,100.2324467,311.0,298.8,4.6,884000,37.3928,39.3789,593,10,67.17801567,1.142258029,,,,,,,,,961598.0,2957.0,16931.0,7055.0,80776.0,339763.0,20063.0
Kegalle,Sabaragamuwa,2018,February,0.803373933,0.795398287,Healthy,100.9440133,,,,884250,42.3939,38.514,560,9,63.42796592,1.078494246,,,,,,,,,961598.0,2957.0,16931.0,7055.0,80776.0,339763.0,20063.0
Kegalle,Sabaragamuwa,2018,March,0.812706037,0.799070687,Healthy,101.6055167,,,,884500,38.9135,37.7266,593,10,67.14004054,1.141612321,,,,,,,,,961598.0,2957.0,16931.0,7055.0,80776.0,339763.0,20063.0
Kegalle,Sabaragamuwa,2018,April,0.832735137,0.81710278,Healthy,101.8026617,,,,884750,33.8488,36.5908,527,8,59.6631725,1.014479769,,,,,,,,,961598.0,2957.0,16931.0,7055.0,80776.0,339763.0,20063.0
Kegalle,Sabaragamuwa,2018,May,0.846055117,0.831720327,Healthy,101.6262567,,,,885000,34.9238,32.9811,494,8,55.91842359,0.950806118,,,,,,,,,961598.0,2957.0,16931.0,7055.0,80776.0,339763.0,20063.0
Kegalle,Sabaragamuwa,2018,June,0.846101787,0.837332627,Healthy,100.9883017,,,,885250,34.5235,36.0898,560,9,63.35631614,1.077275952,,,,,,,,,961598.0,2957.0,16931.0,7055.0,80776.0,339763.0,20063.0
Kegalle,Sabaragamuwa,2018,July,0.837299373,0.836162717,Healthy,100.1278667,,,,885500,38.331,33.0101,626,10,70.79000886,1.203674374,,,,,,,,,961598.0,2957.0,16931.0,7055.0,80776.0,339763.0,20063.0
Kegalle,Sabaragamuwa,2018,August,0.823602443,0.83049366,Healthy,99.21705867,,,,885750,38.7099,35.2553,692,11,78.21950531,1.330001446,,,,,,,,,961598.0,2957.0,16931.0,7055.0,80776.0,339763.0,20063.0
Kegalle,Sabaragamuwa,2018,September,0.8213363,0.82574345,Healthy,99.497075,,,,886000,34.7438,34.6968,791,13,89.36849639,1.519572758,,,,,,,,,961598.0,2957.0,16931.0,7055.0,80776.0,339763.0,20063.0
Kegalle,Sabaragamuwa,2018,October,0.830644233,0.825089033,Healthy,100.63471,,,,886250,31.3784,36.0407,857,14,96.78856055,1.645739448,,,,,,,,,961598.0,2957.0,16931.0,7055.0,80776.0,339763.0,20063.0
Kegalle,Sabaragamuwa,2018,November,0.834694517,0.82791171,Healthy,100.7726733,,,,886500,32.8365,28.2735,923,15,104.2044397,1.771834977,,,,,,,,,961598.0,2957.0,16931.0,7055.0,80776.0,339763.0,20063.0
Kegalle,Sabaragamuwa,2018,December,0.8295612,0.82684343,Healthy,100.3096817,,,,886750,42.0066,45.2064,890,15,100.4545236,1.708073466,,,,,,,,,961598.0,2957.0,16931.0,7055.0,80776.0,339763.0,20063.0
Kegalle,Sabaragamuwa,2019,January,0.81196906,0.81093,Healthy,100.12086,301.6,283.3,6.6,887000,36.1723,41.6051,639,8,72.0983309,0.948662249,1954.0309312562533,2231.9992147522157,138.33869378266945,4.513811451201946,5.981757895535939,0.34031318670536687,10.835882533443252,,734606.0,1613.0,13459.0,3738.0,38232.0,284301.0,15490.0
Kegalle,Sabaragamuwa,2019,February,0.798086033,0.795398287,Healthy,100.3179983,,,,887330,43.859,39.8657,603,7,68.06754419,0.895625581,1954.0309312562533,2231.9992147522157,138.33869378266945,4.513811451201946,5.981757895535939,0.34031318670536687,10.835882533443252,,734606.0,1613.0,13459.0,3738.0,38232.0,284301.0,15490.0
Kegalle,Sabaragamuwa,2019,March,0.798899373,0.799070687,Healthy,99.98077067,,,,887670,39.1919,39.4471,639,8,72.04391217,0.947946213,1954.0309312562533,2231.9992147522157,138.33869378266945,4.513811451201946,5.981757895535939,0.34031318670536687,10.835882533443252,,734606.0,1613.0,13459.0,3738.0,38232.0,284301.0,15490.0
Kegalle,Sabaragamuwa,2019,April,0.81157454,0.81710278,Healthy,99.3628,,,,888000,37.5482,38.6041,568,7,64.01523475,0.84230572,1954.0309312562533,2231.9992147522157,138.33869378266945,4.513811451201946,5.981757895535939,0.34031318670536687,10.835882533443252,,734606.0,1613.0,13459.0,3738.0,38232.0,284301.0,15490.0
Kegalle,Sabaragamuwa,2019,May,0.828663587,0.831720327,Healthy,99.652722,,,,888330,37.9844,34.2782,532,7,59.99198826,0.789368267,1954.0309312562533,2231.9992147522157,138.33869378266945,4.513811451201946,5.981757895535939,0.34031318670536687,10.835882533443252,,734606.0,1613.0,13459.0,3738.0,38232.0,284301.0,15490.0
Kegalle,Sabaragamuwa,2019,June,0.839578133,0.837332627,Healthy,100.2530333,,,,888670,34.0711,36.0567,603,7,67.96490709,0.894275093,1954.0309312562533,2231.9992147522157,138.33869378266945,4.513811451201946,5.981757895535939,0.34031318670536687,10.835882533443252,,734606.0,1613.0,13459.0,3738.0,38232.0,284301.0,15490.0
Kegalle,Sabaragamuwa,2019,July,0.84141392,0.836162717,Healthy,100.5929133,,,,889000,39.1897,35.0028,675,8,75.9325816,0.999112916,1954.0309312562533,2231.9992147522157,138.33869378266945,4.513811451201946,5.981757895535939,0.34031318670536687,10.835882533443252,,734606.0,1613.0,13459.0,3738.0,38232.0,284301.0,15490.0
Kegalle,Sabaragamuwa,2019,August,0.843825467,0.83049366,Healthy,101.514593,,,,889330,40.6564,35.4255,746,9,83.89434304,1.103872935,1954.0309312562533,2231.9992147522157,138.33869378266945,4.513811451201946,5.981757895535939,0.34031318670536687,10.835882533443252,,734606.0,1613.0,13459.0,3738.0,38232.0,284301.0,15490.0
Kegalle,Sabaragamuwa,2019,September,0.845146047,0.82574345,Healthy,102.21561,,,,889670,35.6744,36.5055,852,11,95.84260758,1.261086942,1954.0309312562533,2231.9992147522157,138.33869378266945,4.513811451201946,5.981757895535939,0.34031318670536687,10.835882533443252,,734606.0,1613.0,13459.0,3738.0,38232.0,284301.0,15490.0
Kegalle,Sabaragamuwa,2019,October,0.840508443,0.825089033,Healthy,101.7621767,,,,890000,33.4209,37.2193,923,12,103.790993,1.36567096,1954.0309312562533,2231.9992147522157,138.33869378266945,4.513811451201946,5.981757895535939,0.34031318670536687,10.835882533443252,,734606.0,1613.0,13459.0,3738.0,38232.0,284301.0,15490.0
Kegalle,Sabaragamuwa,2019,November,0.838867233,0.82791171,Healthy,101.2479267,,,,890330,34.7121,29.5608,994,13,111.7334862,1.47017745,1954.0309312562533,2231.9992147522157,138.33869378266945,4.513811451201946,5.981757895535939,0.34031318670536687,10.835882533443252,,734606.0,1613.0,13459.0,3738.0,38232.0,284301.0,15490.0
Kegalle,Sabaragamuwa,2019,December,0.83955576,0.82684343,Healthy,101.4499867,,,,890670,43.6916,43.366,959,12,107.7018753,1.417129938,1954.0309312562533,2231.9992147522157,138.33869378266945,4.513811451201946,5.981757895535939,0.34031318670536687,10.835882533443252,,734606.0,1613.0,13459.0,3738.0,38232.0,284301.0,15490.0
Kegalle,Sabaragamuwa,2020,January,0.820648433,0.81093,Healthy,101.1267467,313.5,298.3,8.9,891000,29.2698,31.5444,333,3,37.40658619,0.385973557,54.80082775068747,56.79687289233731,3.7808230537821617,0.126589912104088,0.152215619351464,0.0093008247123041,0.2881063561678562,94.80522384561294,405256.0,578.0,9532.0,3000.0,21021.0,151634.0,7150.0
Kegalle,Sabaragamuwa,2020,February,0.791806633,0.795398287,Healthy,99.57413867,311.1,299.8,6.0,891580,33.0976,29.3698,314,3,35.30546028,0.364293443,49.42819757905142,51.22855202053952,3.410154126940772,0.1141791364076088,0.1372925194150459,0.0083889791522742,0.259860634974929,85.51059405682736,405256.0,578.0,9532.0,3000.0,21021.0,151634.0,7150.0
Kegalle,Sabaragamuwa,2020,March,0.78443452,0.799070687,Healthy,98.276982,321.05,298.4,11.5,892170,29.7539,29.4246,333,3,37.35753084,0.385467387,202.0108944535145,209.36886477959632,13.9371516492362,0.4666451661876186,0.5611085576093182,0.034285393057121,1.062039116854058,349.4780800583379,405256.0,578.0,9532.0,3000.0,21021.0,151634.0,7150.0
Kegalle,Sabaragamuwa,2020,April,0.807265417,0.81710278,Healthy,98.86271133,,,,892750,27.041,29.821,296,3,33.18512043,0.342415074,1661.7545120870227,1722.2816456470518,114.6478990720414,3.8386529229210224,4.615714810334099,0.2820338317172219,8.736401564972343,2874.8289936713813,405256.0,578.0,9532.0,3000.0,21021.0,151634.0,7150.0
Kegalle,Sabaragamuwa,2020,May,0.839034533,0.831720327,Healthy,100.82795,,,,893330,27.7013,25.2263,277,2,31.09085136,0.320805711,2420.907155339193,2509.0853848320776,167.0234184347296,5.592295528833536,6.724348831349968,0.4108776093494348,12.72752196953294,4188.160182826784,405256.0,578.0,9532.0,3000.0,21021.0,151634.0,7150.0
Kegalle,Sabaragamuwa,2020,June,0.85543998,0.837332627,Healthy,102.0406033,,,,893920,26.1617,26.9205,314,3,35.21304174,0.363339838,2887.251454237199,2992.4156365041235,199.19748128456203,6.669550859287931,8.01967390583105,0.4900258039600226,15.179250569079004,4994.934048493372,405256.0,578.0,9532.0,3000.0,21021.0,151634.0,7150.0
Kegalle,Sabaragamuwa,2020,July,0.855154517,0.836162717,Healthy,102.1430833,,,,894500,28.8046,26.9978,351,3,39.330234,0.405822392,2581.0115344539463,2675.021346811651,178.06935245460295,5.962136644588616,7.169057209455224,0.4380506070383232,13.569244461082164,4465.140150532594,405256.0,578.0,9532.0,3000.0,21021.0,151634.0,7150.0
Kegalle,Sabaragamuwa,2020,August,0.844572753,0.83049366,Healthy,101.59868,,,,895080,30.2948,28.1373,388,4,43.44209047,0.448249891,2256.50467208713,2338.6947661550653,155.68094927338308,5.212525792521271,6.267701973295575,0.3829751352125224,11.863202901029368,3903.744511289945,405256.0,578.0,9532.0,3000.0,21021.0,151634.0,7150.0
Kegalle,Sabaragamuwa,2020,September,0.83723148,0.82574345,Healthy,101.3118117,,,,895670,26.4099,27.6872,444,4,49.61539896,0.511948134,2202.77837037077,2283.0115574370875,151.97426000496918,5.088418035556479,6.1184709739313945,0.3738566796122242,11.580745689100098,3810.7982134020895,405256.0,578.0,9532.0,3000.0,21021.0,151634.0,7150.0
Kegalle,Sabaragamuwa,2020,October,0.837417517,0.825089033,Healthy,101.4087933,,,,896250,26.1646,29.0222,481,4,53.71523171,0.554251568,2175.91521951259,2255.1699530780984,150.12091537076225,5.026364157074083,6.0438554742493045,0.3692974518120751,11.439517083135462,3764.325064458161,405256.0,578.0,9532.0,3000.0,21021.0,151634.0,7150.0
Kegalle,Sabaragamuwa,2020,November,0.8420533,0.82791171,Healthy,101.610812,,,,896830,25.1658,21.7603,518,5,57.80976155,0.596500284,2095.32576693805,2171.6451400011324,144.56088146814145,4.840202521626896,5.820008975203034,0.355619768411628,11.01583126524156,3624.9056176263775,405256.0,578.0,9532.0,3000.0,21021.0,151634.0,7150.0
Kegalle,Sabaragamuwa,2020,December,0.839283033,0.82684343,Healthy,101.4185603,,,,897420,33.2595,33.8509,499,5,55.70847813,0.574818545,2041.5994652216896,2115.9619312831546,140.85419219972758,4.716094764662103,5.670777975838854,0.3465013128113298,10.733374053312287,3531.9593197385216,405256.0,578.0,9532.0,3000.0,21021.0,151634.0,7150.0
Kegalle,Sabaragamuwa,2021,January,0.824683,0.81093,Healthy,101.5979933,,,,898000,31.6328,35.0207,174,3,19.42528111,0.382964854,59.31424951489728,67.28515731354489,4.026886806575002,0.1370159163794127,0.1803242216003003,0.0099061415441745,0.3272462795238875,95.18410110164857,33850.0,281.0,771.0,2593.0,3495.0,8011.0,2093.0
Kegalle,Sabaragamuwa,2021,February,0.805998167,0.795398287,Healthy,101.2533783,,,,898000,36.3532,34.5089,164,3,18.34609883,0.361689029,53.49912701343675,60.68857326319733,3.632093982400981,0.1235829834010388,0.1626453763453688,0.0089349511967064,0.2951633109431141,85.85232648383989,33850.0,281.0,771.0,2593.0,3495.0,8011.0,2093.0
Kegalle,Sabaragamuwa,2021,March,0.803779413,0.799070687,Healthy,100.5553337,,,,898000,32.7386,31.739,174,3,19.42528111,0.382964854,218.64860605491543,248.0315602930674,14.84421018894314,0.5050782799868547,0.6647245815854206,0.0365167570648001,1.2063196186370753,350.8747256296065,33850.0,281.0,771.0,2593.0,3495.0,8011.0,2093.0
Kegalle,Sabaragamuwa,2021,April,0.819266633,0.81710278,Healthy,100.2493333,,,,898000,29.8769,32.6395,155,3,17.26691654,0.340413204,1798.617389701738,2040.3234467724933,122.1094205170243,4.154806170211015,5.468066837350282,0.3003891744718797,9.923262182033175,2886.317889288226,33850.0,281.0,771.0,2593.0,3495.0,8011.0,2093.0
Kegalle,Sabaragamuwa,2021,May,0.836186633,0.831720327,Healthy,100.5062483,,,,898000,31.0319,28.4795,145,2,16.18773426,0.319137378,2620.294199158109,2972.4207730866005,177.89364657281328,6.052879600055233,7.966087671872088,0.4376183705691207,14.45658564249644,4204.897642784593,33850.0,281.0,771.0,2593.0,3495.0,8011.0,2093.0
Kegalle,Sabaragamuwa,2021,June,0.846928453,0.837332627,Healthy,101.0813853,,,,898000,28.8299,30.5869,164,3,18.34609883,0.361689029,3125.046832284881,3545.004268656766,212.1616637111181,7.218858182578076,9.500611440000132,0.5219176927293506,17.241387315307556,5014.895679610386,33850.0,281.0,771.0,2593.0,3495.0,8011.0,2093.0
Kegalle,Sabaragamuwa,2021,July,0.84976848,0.836162717,Healthy,101.535585,,,,898000,33.7389,28.6786,184,3,20.5044634,0.404240679,2793.5848497016323,3168.998977786957,189.65847273319903,6.453181002810771,8.492917260469044,0.4665598429236696,15.412658106203482,4482.984526395292,33850.0,281.0,771.0,2593.0,3495.0,8011.0,2093.0
Kegalle,Sabaragamuwa,2021,August,0.8471285,0.83049366,Healthy,101.8893553,,,,898000,34.6255,30.9505,203,4,22.66282796,0.44679233,2442.351450613417,2770.5653011459653,165.81298615308825,5.641831850916994,7.425115007071186,0.4078999459365971,13.474846803924777,3919.345339479648,33850.0,281.0,771.0,2593.0,3495.0,8011.0,2093.0
Kegalle,Sabaragamuwa,2021,September,0.842503623,0.82574345,Healthy,101.9137867,,,,898000,30.2953,29.8651,232,4,25.90037482,0.510619806,2384.200225598812,2704.5994606424897,161.86505791134806,5.507502521133255,7.248326554521872,0.3981880424619162,13.154017118117045,3826.02759330156,33850.0,281.0,771.0,2593.0,3495.0,8011.0,2093.0
Kegalle,Sabaragamuwa,2021,October,0.84016786,0.825089033,Healthy,101.7231647,,,,898000,28.1375,31.7609,251,4,28.05873938,0.553171456,2355.124613091509,2671.616540390752,159.89109379047795,5.440337856241387,7.159932328247215,0.3933320907245757,12.993602275213176,3779.368720212517,33850.0,281.0,771.0,2593.0,3495.0,8011.0,2093.0
Kegalle,Sabaragamuwa,2021,November,0.839404847,0.82791171,Healthy,101.3092517,,,,898000,28.5107,25.2626,271,5,30.21710395,0.595723106,2267.897775569602,2572.66777963554,153.9692014278677,5.238843861565781,6.894749649423246,0.3787642355125545,12.51235774650158,3639.3921009453866,33850.0,281.0,771.0,2593.0,3495.0,8011.0,2093.0
Kegalle,Sabaragamuwa,2021,December,0.8350357,0.82684343,Healthy,100.9341433,,,,898000,36.6297,39.1748,261,5,29.13792167,0.574447281,2209.7465505549967,2506.701939132064,150.0212731861275,5.104514531782042,6.717961196873931,0.3690523320378736,12.191528060693846,3546.0743547673,33850.0,281.0,771.0,2593.0,3495.0,8011.0,2093.0
Kegalle,Sabaragamuwa,2022,January,0.819520533,0.81093,Healthy,100.9985513,,,,898000,33.2084,37.2013,366,6,40.78168287,0.774077897,51.53626540667161,60.48278528518025,2.1781991334183592,0.1190487730894114,0.162093864564283,0.0053583698682091,0.2865010075219036,95.3801875146496,20511.0,404.0,760.0,940.0,1489.0,9060.0,36.0
Kegalle,Sabaragamuwa,2022,February,0.80787089,0.795398287,Healthy,101.4755953,,,,897500,39.117,36.6184,345,6,38.53749122,0.731480852,46.483690366801824,54.553100453299805,1.9646501987695,0.1073773247473122,0.1462023092148434,0.0048330394889729,0.2584126734511286,86.02918873870354,20511.0,404.0,760.0,940.0,1489.0,9060.0,36.0
Kegalle,Sabaragamuwa,2022,March,0.811903617,0.799070687,Healthy,101.511605,,,,897000,35.6522,33.3623,366,6,40.8271474,0.77494086,189.97682149910315,222.9561496787036,8.029439942797087,0.4388464576629283,0.5975224811389257,0.0197524222592808,1.0561213610611349,351.5975539755711,20511.0,404.0,760.0,940.0,1489.0,9060.0,36.0
Kegalle,Sabaragamuwa,2022,April,0.82979028,0.81710278,Healthy,101.4631803,,,,896500,33.0322,34.277,325,6,36.31103796,0.689220501,1562.7614598317182,1834.0515185006125,66.05068548689201,3.60997897221127,4.9152580695816415,0.1624846862977543,8.687721728090667,2892.26392140011,20511.0,404.0,760.0,940.0,1489.0,9060.0,36.0
Kegalle,Sabaragamuwa,2022,May,0.842498767,0.831720327,Healthy,101.2229433,,,,896000,33.7924,30.7563,305,5,34.06059451,0.646504791,2276.690312965316,2671.915985245316,96.22514995277574,5.259154622949882,7.160734840457445,0.2367138688838283,12.656603332291157,4213.560048441284,20511.0,404.0,760.0,940.0,1489.0,9060.0,36.0
Kegalle,Sabaragamuwa,2022,June,0.840447883,0.837332627,Healthy,100.35113,,,,895500,31.0491,33.6632,345,6,38.62356044,0.733114534,2715.2538264260106,3186.6126286525346,114.76119748029664,6.272236339044087,8.540121844788791,0.2823125458015297,15.094670729634409,5025.226742193401,20511.0,404.0,760.0,940.0,1489.0,9060.0,36.0
Kegalle,Sabaragamuwa,2022,July,0.835996333,0.836162717,Healthy,99.98140333,,,,895000,34.8827,31.9562,386,7,43.19162465,0.819821047,2427.2570491534348,2848.6205932353514,102.58890820531172,5.606963783544436,7.634303189870741,0.2523687141850668,13.493635687600245,4492.219811964477,20511.0,404.0,760.0,940.0,1489.0,9060.0,36.0
Kegalle,Sabaragamuwa,2022,August,0.833618767,0.83049366,Healthy,100.355,,,,894500,36.5138,30.7484,427,8,47.7647957,0.906624494,2122.081516745301,2490.467629389774,89.69055255252064,4.902008303681646,6.674453246764594,0.2206387592792007,11.797100309725442,3927.419485897337,20511.0,404.0,760.0,940.0,1489.0,9060.0,36.0
Kegalle,Sabaragamuwa,2022,September,0.8303921,0.82574345,Healthy,100.5308967,,,,894000,31.6679,32.7014,488,9,54.61886834,1.036721777,2071.5557663466034,2431.17078107097,87.55506320603206,4.785293820260654,6.5155376932702,0.2153854554868388,11.516216969017693,3833.909498137876,20511.0,404.0,760.0,940.0,1489.0,9060.0,36.0
Kegalle,Sabaragamuwa,2022,October,0.831607287,0.825089033,Healthy,100.7448753,,,,893500,29.4818,32.278,528,10,59.2035523,1.12374375,2046.2928911472543,2401.522356911568,86.48731853278777,4.726936578550159,6.436079916523002,0.2127588035906578,11.375775298663818,3787.1545042581456,20511.0,404.0,760.0,940.0,1489.0,9060.0,36.0
Kegalle,Sabaragamuwa,2022,November,0.829298747,0.82791171,Healthy,100.15821,,,,893000,31.084,27.1108,569,10,63.7933703,1.210863172,1970.5042655492084,2312.577084433362,83.2840845130549,4.551864853418673,6.19770658628141,0.204878847902115,10.954450287602198,3646.889522618955,20511.0,404.0,760.0,940.0,1489.0,9060.0,36.0
Kegalle,Sabaragamuwa,2022,December,0.82526,0.82684343,Healthy,99.81966467,,,,892500,38.7369,39.717,549,10,61.54949785,1.168272187,1919.9785151505107,2253.2802361145577,81.14859516656631,4.435150369997681,6.038791032787015,0.1996255441097531,10.673566946894448,3553.379534859495,20511.0,404.0,760.0,940.0,1489.0,9060.0,36.0
Kegalle,Sabaragamuwa,2023,January,0.820992097,0.81093,Healthy,101.17229,,,,892000,34.0564,36.8759,446,6,50.04648365,0.721863721,,,,,,,,,27890.0,685.0,586.0,288.0,1816.0,20200.0,60.0
Kegalle,Sabaragamuwa,2023,February,0.815294513,0.795398287,Healthy,102.3536133,,,,891500,42.1099,37.4813,421,6,47.29263277,0.682142548,,,,,,,,,27890.0,685.0,586.0,288.0,1816.0,20200.0,60.0
Kegalle,Sabaragamuwa,2023,March,0.816512683,0.799070687,Healthy,102.0550487,,,,891000,35.4163,35.9133,446,6,50.10265254,0.722673893,,,,,,,,,27890.0,685.0,586.0,288.0,1816.0,20200.0,60.0
Kegalle,Sabaragamuwa,2023,April,0.831696333,0.81710278,Healthy,101.6829287,,,,890500,32.0798,34.3092,396,5,44.56069715,0.642737477,,,,,,,,,27890.0,685.0,586.0,288.0,1816.0,20200.0,60.0
Kegalle,Sabaragamuwa,2023,May,0.847487247,0.831720327,Healthy,101.7881033,,,,890000,32.5749,31.3935,372,5,41.79912305,0.602904905,,,,,,,,,27890.0,685.0,586.0,288.0,1816.0,20200.0,60.0
Kegalle,Sabaragamuwa,2023,June,0.853595713,0.837332627,Healthy,101.8328087,,,,889500,33.8548,33.0358,421,6,47.39896809,0.683676314,,,,,,,,,27890.0,685.0,586.0,288.0,1816.0,20200.0,60.0
Kegalle,Sabaragamuwa,2023,July,0.842470867,0.836162717,Healthy,100.71112,,,,889000,35.3511,31.0946,471,6,53.00511217,0.764538579,,,,,,,,,27890.0,685.0,586.0,288.0,1816.0,20200.0,60.0
Kegalle,Sabaragamuwa,2023,August,0.82477453,0.83049366,Healthy,99.35018,,,,888500,36.8171,33.2558,520,7,58.61756592,0.845491854,,,,,,,,,27890.0,685.0,586.0,288.0,1816.0,20200.0,60.0
Kegalle,Sabaragamuwa,2023,September,0.824047223,0.82574345,Healthy,99.80665833,,,,888000,33.5776,32.8062,595,8,67.02922435,0.966820479,,,,,,,,,27890.0,685.0,586.0,288.0,1816.0,20200.0,60.0
Kegalle,Sabaragamuwa,2023,October,0.834453927,0.825089033,Healthy,101.069986,,,,887500,31.0854,33.951,644,9,72.6559029,1.04797893,,,,,,,,,27890.0,685.0,586.0,288.0,1816.0,20200.0,60.0
Kegalle,Sabaragamuwa,2023,November,0.84457393,0.82791171,Healthy,101.8978253,,,,887000,30.5719,27.6482,694,10,78.28892494,1.12922888,,,,,,,,,27890.0,685.0,586.0,288.0,1816.0,20200.0,60.0
Kegalle,Sabaragamuwa,2023,December,0.844903003,0.82684343,Healthy,102.0595933,,,,886500,39.8466,41.5908,669,9,75.53547109,1.089513433,,,,,,,,,27890.0,685.0,586.0,288.0,1816.0,20200.0,60.0
Kegalle,Sabaragamuwa,2024,January,0.830584247,0.81093,Healthy,102.283692,,,,886000,35.6356,36.6311,493,7,55.71216209,0.900181688,,,,,,,,,74410.0,146.0,1027.0,715.0,1644.0,65289.0,94.0
Kegalle,Sabaragamuwa,2024,February,0.815360557,0.795398287,Healthy,102.361112,314.45,299.05,7.5,886000,41.1531,37.5854,466,7,52.61704197,0.850171594,,,,,,,,,74410.0,146.0,1027.0,715.0,1644.0,65289.0,94.0
Kegalle,Sabaragamuwa,2024,March,0.812592707,0.799070687,Healthy,101.5938633,,,,886000,35.4933,37.0461,493,7,55.71216209,0.900181688,,,,,,,,,74410.0,146.0,1027.0,715.0,1644.0,65289.0,94.0
Kegalle,Sabaragamuwa,2024,April,0.82494965,0.81710278,Healthy,100.9051883,,,,886000,34.8738,36.7217,438,7,49.52192186,0.8001615,,,,,,,,,74410.0,146.0,1027.0,715.0,1644.0,65289.0,94.0
Kegalle,Sabaragamuwa,2024,May,0.8416788,0.831720327,Healthy,101.129062,,,,886000,33.8086,31.9187,411,6,46.42680174,0.750151407,,,,,,,,,74410.0,146.0,1027.0,715.0,1644.0,65289.0,94.0
Kegalle,Sabaragamuwa,2024,June,0.8494127,0.837332627,Healthy,101.3613933,,,,886000,32.3765,34.4992,466,7,52.61704197,0.850171594,,,,,,,,,74410.0,146.0,1027.0,715.0,1644.0,65289.0,94.0
Kegalle,Sabaragamuwa,2024,July,0.846467253,0.836162717,Healthy,101.16295,,,,886000,36.4618,32.9065,521,8,58.8072822,0.950191782,,,,,,,,,74410.0,146.0,1027.0,715.0,1644.0,65289.0,94.0
Kegalle,Sabaragamuwa,2024,August,0.847067247,0.83049366,Healthy,101.882778,,,,886000,36.9258,34.1382,575,9,64.99752244,1.050211969,,,,,,,,,74410.0,146.0,1027.0,715.0,1644.0,65289.0,94.0
Kegalle,Sabaragamuwa,2024,September,0.849573333,0.82574345,Healthy,102.7212433,,,,886000,32.9159,35.2873,658,10,74.28288278,1.200242251,,,,,,,,,74410.0,146.0,1027.0,715.0,1644.0,65289.0,94.0
Kegalle,Sabaragamuwa,2024,October,0.84587692,0.825089033,Healthy,102.3757067,,,,886000,31.4894,33.9014,712,11,80.47312302,1.300262438,,,,,,,,,74410.0,146.0,1027.0,715.0,1644.0,65289.0,94.0
Kegalle,Sabaragamuwa,2024,November,0.836074553,0.82791171,Healthy,100.9301433,,,,886000,30.7002,27.5163,767,12,86.66336325,1.400282626,,,,,,,,,74410.0,146.0,1027.0,715.0,1644.0,65289.0,94.0
Kegalle,Sabaragamuwa,2024,December,0.82912181,0.82684343,Healthy,100.2599363,,,,886000,39.8328,41.8985,740,11,83.56824313,1.350272532,,,,,,,,,74410.0,146.0,1027.0,715.0,1644.0,65289.0,94.0
Kilinochchi,Northern,2014,January,0.69139995,0.680625467,Healthy,101.4748967,,,,118000,23.0449,13.8527,67,0,57.04836709,0.310045473,,,,,,,,,859112.0,3851.0,20799.0,3851.0,38780.0,272885.0,79038.0
Kilinochchi,Northern,2014,February,0.624917847,0.62443539,Degraded,100.0535333,319.6,297.0,19.7,118080,22.1895,12.8843,63,0,53.84250997,0.292622337,,,,,,,,,859112.0,3851.0,20799.0,3851.0,38780.0,272885.0,79038.0
Kilinochchi,Northern,2014,March,0.5579935,0.58135265,Degraded,96.28377,324.3,307.125,16.05,118170,22.8577,11.7447,67,0,56.966297,0.30959944,,,,,,,,,859112.0,3851.0,20799.0,3851.0,38780.0,272885.0,79038.0
Kilinochchi,Northern,2014,April,0.5206764,0.564159417,Degraded,92.91865,319.4666667,293.4666667,16.26666667,118250,20.5564,10.2817,59,0,50.60245106,0.275013321,,,,,,,,,859112.0,3851.0,20799.0,3851.0,38780.0,272885.0,79038.0
Kilinochchi,Northern,2014,May,0.511551983,0.560338687,Degraded,92.005925,319.8,297.25,7.4,118330,16.1055,9.0388,56,0,47.40772499,0.257650679,,,,,,,,,859112.0,3851.0,20799.0,3851.0,38780.0,272885.0,79038.0
Kilinochchi,Northern,2014,June,0.489398367,0.551365647,Degraded,89.691245,328.9666667,303.3666667,13.0,118420,14.8654,7.8816,63,0,53.68792077,0.291782178,,,,,,,,,859112.0,3851.0,20799.0,3851.0,38780.0,272885.0,79038.0
Kilinochchi,Northern,2014,July,0.471366657,0.540398583,Degraded,88.30968667,317.2,290.7,7.7,118500,11.3797,7.1739,71,0,59.96363761,0.325889335,,,,,,,,,859112.0,3851.0,20799.0,3851.0,38780.0,272885.0,79038.0
Kilinochchi,Northern,2014,August,0.48271218,0.5262446,Degraded,92.45485667,329.2,296.9,19.8,118580,12.8893,8.3397,78,0,66.23088663,0.359950471,,,,,,,,,859112.0,3851.0,20799.0,3851.0,38780.0,272885.0,79038.0
Kilinochchi,Northern,2014,September,0.524420317,0.52585062,Degraded,99.73683833,323.3,300.4,15.5,118670,21.5171,14.4134,89,0,75.63503629,0.41105998,,,,,,,,,859112.0,3851.0,20799.0,3851.0,38780.0,272885.0,79038.0
Kilinochchi,Northern,2014,October,0.59864388,0.566457907,Degraded,105.19942,,,,118750,14.1971,9.3921,97,0,81.88275567,0.445014976,,,,,,,,,859112.0,3851.0,20799.0,3851.0,38780.0,272885.0,79038.0
Kilinochchi,Northern,2014,November,0.682698347,0.643287883,Degraded,105.693845,,,,118830,21.898,12.8282,104,0,88.12206274,0.478924254,,,,,,,,,859112.0,3851.0,20799.0,3851.0,38780.0,272885.0,79038.0
Kilinochchi,Northern,2014,December,0.7232992,0.693480157,Healthy,104.015468,,,,118920,24.9892,14.6151,100,0,84.91053629,0.461470306,,,,,,,,,859112.0,3851.0,20799.0,3851.0,38780.0,272885.0,79038.0
Kilinochchi,Northern,2015,January,0.687130857,0.680625467,Healthy,100.8712247,,,,119000,16.5158,20.4648,113,0,95.12195122,0.430416069,248.52810721491917,619.5164004805202,134.6654657918394,0.5740999276664632,1.6603039532877941,0.33127704584792494,2.5656809268021825,,1337814.0,4140.0,39456.0,5356.0,105628.0,370889.0,129547.0
Kilinochchi,Northern,2015,February,0.610434123,0.62443539,Degraded,97.918055,320.35,306.45,7.3,119080,18.2031,22.2603,106,0,89.77704406,0.406230969,248.52810721491917,619.5164004805202,134.6654657918394,0.5740999276664632,1.6603039532877941,0.33127704584792494,2.5656809268021825,,1337814.0,4140.0,39456.0,5356.0,105628.0,370889.0,129547.0
Kilinochchi,Northern,2015,March,0.575573167,0.58135265,Degraded,99.09602333,313.8,293.1,4.5,119170,20.2218,23.0521,113,0,94.98625657,0.429802066,248.52810721491917,619.5164004805202,134.6654657918394,0.5740999276664632,1.6603039532877941,0.33127704584792494,2.5656809268021825,,1337814.0,4140.0,39456.0,5356.0,105628.0,370889.0,129547.0
Kilinochchi,Northern,2015,April,0.5857642,0.564159417,Degraded,103.5213067,319.2,303.3,16.8,119250,16.0515,23.3265,100,0,84.37558589,0.381789981,248.52810721491917,619.5164004805202,134.6654657918394,0.5740999276664632,1.6603039532877941,0.33127704584792494,2.5656809268021825,,1337814.0,4140.0,39456.0,5356.0,105628.0,370889.0,129547.0
Kilinochchi,Northern,2015,May,0.60942032,0.560338687,Degraded,108.0437233,,,,119330,16.2708,22.8387,94,0,79.04908095,0.357688149,248.52810721491917,619.5164004805202,134.6654657918394,0.5740999276664632,1.6603039532877941,0.33127704584792494,2.5656809268021825,,1337814.0,4140.0,39456.0,5356.0,105628.0,370889.0,129547.0
Kilinochchi,Northern,2015,June,0.604107303,0.551365647,Degraded,108.7668367,318.0,300.95,7.3,119420,15.8242,19.8605,106,0,89.52144035,0.405074391,248.52810721491917,619.5164004805202,134.6654657918394,0.5740999276664632,1.6603039532877941,0.33127704584792494,2.5656809268021825,,1337814.0,4140.0,39456.0,5356.0,105628.0,370889.0,129547.0
Kilinochchi,Northern,2015,July,0.568343877,0.540398583,Degraded,104.7268633,324.8,297.7,23.0,119500,15.3267,17.53,119,0,99.98639317,0.452427118,248.52810721491917,619.5164004805202,134.6654657918394,0.5740999276664632,1.6603039532877941,0.33127704584792494,2.5656809268021825,,1337814.0,4140.0,39456.0,5356.0,105628.0,370889.0,129547.0
Kilinochchi,Northern,2015,August,0.5450081,0.5262446,Degraded,103.2578247,322.55,285.9,31.85,119580,14.7424,15.4091,132,0,110.4373437,0.499716487,248.52810721491917,619.5164004805202,134.6654657918394,0.5740999276664632,1.6603039532877941,0.33127704584792494,2.5656809268021825,,1337814.0,4140.0,39456.0,5356.0,105628.0,370889.0,129547.0
Kilinochchi,Northern,2015,September,0.556700807,0.52585062,Degraded,105.3531983,320.875,298.6,8.125,119670,17.749,20.626,150,0,126.1191855,0.570675047,248.52810721491917,619.5164004805202,134.6654657918394,0.5740999276664632,1.6603039532877941,0.33127704584792494,2.5656809268021825,,1337814.0,4140.0,39456.0,5356.0,105628.0,370889.0,129547.0
Kilinochchi,Northern,2015,October,0.607612987,0.566457907,Degraded,106.6722133,,,,119750,17.3447,21.5032,163,0,136.5378414,0.617818287,248.52810721491917,619.5164004805202,134.6654657918394,0.5740999276664632,1.6603039532877941,0.33127704584792494,2.5656809268021825,,1337814.0,4140.0,39456.0,5356.0,105628.0,370889.0,129547.0
Kilinochchi,Northern,2015,November,0.689053633,0.643287883,Degraded,106.606992,,,,119830,14.2421,14.4226,176,0,146.942586,0.664898579,248.52810721491917,619.5164004805202,134.6654657918394,0.5740999276664632,1.6603039532877941,0.33127704584792494,2.5656809268021825,,1337814.0,4140.0,39456.0,5356.0,105628.0,370889.0,129547.0
Kilinochchi,Northern,2015,December,0.73323331,0.693480157,Healthy,105.3512317,,,,119920,21.3854,25.0617,169,0,141.5882946,0.640671016,248.52810721491917,619.5164004805202,134.6654657918394,0.5740999276664632,1.6603039532877941,0.33127704584792494,2.5656809268021825,,1337814.0,4140.0,39456.0,5356.0,105628.0,370889.0,129547.0
Kilinochchi,Northern,2016,January,0.689671517,0.680625467,Healthy,101.2121933,,,,120000,22.431,29.8346,131,0,109.3292683,0.548780488,,,,,,,,,986656.0,2685.0,26887.0,5271.0,45172.0,340129.0,56945.0
Kilinochchi,Northern,2016,February,0.60091299,0.62443539,Degraded,96.49121133,316.2,300.5333333,8.8,120170,22.8795,29.1034,123,0,103.1093485,0.517559474,,,,,,,,,986656.0,2685.0,26887.0,5271.0,45172.0,340129.0,56945.0
Kilinochchi,Northern,2016,March,0.543009743,0.58135265,Degraded,93.92003833,326.7571429,303.7714286,28.4,120330,20.4314,27.1697,131,0,109.0294373,0.54727548,,,,,,,,,986656.0,2685.0,26887.0,5271.0,45172.0,340129.0,56945.0
Kilinochchi,Northern,2016,April,0.526601613,0.564159417,Degraded,93.886195,320.9,300.775,17.925,120500,18.9575,22.3257,116,0,96.77832878,0.485780791,,,,,,,,,986656.0,2685.0,26887.0,5271.0,45172.0,340129.0,56945.0
Kilinochchi,Northern,2016,May,0.55249106,0.560338687,Degraded,98.71830667,314.5,294.9,7.5,120670,17.7965,25.2418,109,0,90.60186317,0.454777897,,,,,,,,,986656.0,2685.0,26887.0,5271.0,45172.0,340129.0,56945.0
Kilinochchi,Northern,2016,June,0.585391067,0.551365647,Degraded,105.6661867,,,,120830,16.5022,23.101,123,0,102.5461426,0.51473245,,,,,,,,,986656.0,2685.0,26887.0,5271.0,45172.0,340129.0,56945.0
Kilinochchi,Northern,2016,July,0.590998367,0.540398583,Degraded,108.5725753,320.1,299.2,8.1,121000,16.3251,23.0062,138,0,114.4493718,0.574480951,,,,,,,,,986656.0,2685.0,26887.0,5271.0,45172.0,340129.0,56945.0
Kilinochchi,Northern,2016,August,0.571951197,0.5262446,Degraded,107.9266293,319.75,292.5,12.45,121170,17.3642,24.3875,153,0,126.3192008,0.6340618,,,,,,,,,986656.0,2685.0,26887.0,5271.0,45172.0,340129.0,56945.0
Kilinochchi,Northern,2016,September,0.534454473,0.52585062,Degraded,101.511008,321.9,302.24,14.28,121330,15.0924,19.2432,174,0,144.1744245,0.723686459,,,,,,,,,986656.0,2685.0,26887.0,5271.0,45172.0,340129.0,56945.0
Kilinochchi,Northern,2016,October,0.527547967,0.566457907,Degraded,93.73371333,319.6,301.25,9.125,121500,17.111,21.5495,189,0,155.9704239,0.782896718,,,,,,,,,986656.0,2685.0,26887.0,5271.0,45172.0,340129.0,56945.0
Kilinochchi,Northern,2016,November,0.592151223,0.643287883,Degraded,92.59843333,,,,121670,18.5739,23.1576,204,1,167.73346,0.841941517,,,,,,,,,986656.0,2685.0,26887.0,5271.0,45172.0,340129.0,56945.0
Kilinochchi,Northern,2016,December,0.67493818,0.693480157,Healthy,97.49324333,,,,121830,20.9984,26.2812,196,0,161.5305614,0.810805941,,,,,,,,,986656.0,2685.0,26887.0,5271.0,45172.0,340129.0,56945.0
Kilinochchi,Northern,2017,January,0.699051217,0.680625467,Healthy,102.5378047,,,,122000,19.085,27.857,130,0,107.2970812,0.479808077,,,,,,,,,903306.0,3331.0,16742.0,8689.0,39182.0,344380.0,23537.0
Kilinochchi,Northern,2017,February,0.648839,0.62443539,Degraded,103.6125083,308.3,294.9,7.2,122330,19.3073,29.3091,123,0,101.0627657,0.45192964,,,,,,,,,903306.0,3331.0,16742.0,8689.0,39182.0,344380.0,23537.0
Kilinochchi,Northern,2017,March,0.590739807,0.58135265,Degraded,101.474098,,,,122670,20.4651,27.8417,130,0,106.7110451,0.477187457,,,,,,,,,903306.0,3331.0,16742.0,8689.0,39182.0,344380.0,23537.0
Kilinochchi,Northern,2017,April,0.546069883,0.564159417,Degraded,97.05127167,,,,123000,17.5186,25.1786,116,0,94.59977527,0.423028621,,,,,,,,,903306.0,3331.0,16742.0,8689.0,39182.0,344380.0,23537.0
Kilinochchi,Northern,2017,May,0.524365033,0.560338687,Degraded,94.10537467,323.4666667,301.9666667,10.9,123330,16.0713,24.28,109,0,88.44998448,0.395528159,,,,,,,,,903306.0,3331.0,16742.0,8689.0,39182.0,344380.0,23537.0
Kilinochchi,Northern,2017,June,0.516751197,0.551365647,Degraded,94.245395,321.3375,296.1125,12.5875,123670,14.4433,21.1478,123,0,99.9677216,0.447032852,,,,,,,,,903306.0,3331.0,16742.0,8689.0,39182.0,344380.0,23537.0
Kilinochchi,Northern,2017,July,0.511355283,0.540398583,Degraded,95.08344867,327.9666667,300.1333333,14.25,124000,13.1904,19.818,138,0,111.4312877,0.498295306,,,,,,,,,903306.0,3331.0,16742.0,8689.0,39182.0,344380.0,23537.0
Kilinochchi,Northern,2017,August,0.515849577,0.5262446,Degraded,98.20194833,322.9333333,297.45,12.68333333,124330,14.3431,20.5596,152,0,122.834,0.549285634,,,,,,,,,903306.0,3331.0,16742.0,8689.0,39182.0,344380.0,23537.0
Kilinochchi,Northern,2017,September,0.5339016,0.52585062,Degraded,101.3950887,316.35,299.9,8.7,124670,16.8569,24.8848,174,0,139.9988653,0.626042997,,,,,,,,,903306.0,3331.0,16742.0,8689.0,39182.0,344380.0,23537.0
Kilinochchi,Northern,2017,October,0.576605657,0.566457907,Degraded,101.64705,,,,125000,15.9424,22.7611,189,0,151.2650407,0.676422764,,,,,,,,,903306.0,3331.0,16742.0,8689.0,39182.0,344380.0,23537.0
Kilinochchi,Northern,2017,November,0.66030406,0.643287883,Degraded,102.447517,,,,125330,16.9329,22.4716,203,0,162.4718872,0.726537226,,,,,,,,,903306.0,3331.0,16742.0,8689.0,39182.0,344380.0,23537.0
Kilinochchi,Northern,2017,December,0.705217057,0.693480157,Healthy,101.5847833,311.9,294.5,5.4,125670,20.7122,27.8482,196,0,156.2454512,0.698694024,,,,,,,,,903306.0,3331.0,16742.0,8689.0,39182.0,344380.0,23537.0
Kilinochchi,Northern,2018,January,0.658112177,0.680625467,Healthy,96.89177167,319.3,301.2,9.166666667,126000,20.4844,28.9381,126,0,100.0,0.174216028,,,,,,,,,961598.0,2957.0,16931.0,7055.0,80776.0,339763.0,20063.0
Kilinochchi,Northern,2018,February,0.572560147,0.62443539,Degraded,92.29154167,321.3,307.4,6.95,126250,21.034,28.5373,119,0,94.25742574,0.164211543,,,,,,,,,961598.0,2957.0,16931.0,7055.0,80776.0,339763.0,20063.0
Kilinochchi,Northern,2018,March,0.528917053,0.58135265,Degraded,91.69952467,329.14,309.54,19.4,126500,21.0491,28.347,126,0,99.60474308,0.173527427,,,,,,,,,961598.0,2957.0,16931.0,7055.0,80776.0,339763.0,20063.0
Kilinochchi,Northern,2018,April,0.52921221,0.564159417,Degraded,94.312422,332.6727273,308.9545455,18.16363636,126750,17.8082,26.4544,112,0,88.36291913,0.153942368,,,,,,,,,961598.0,2957.0,16931.0,7055.0,80776.0,339763.0,20063.0
Kilinochchi,Northern,2018,May,0.554573967,0.560338687,Degraded,99.05787,,,,127000,16.7372,24.98,105,0,82.67716535,0.144036873,,,,,,,,,961598.0,2957.0,16931.0,7055.0,80776.0,339763.0,20063.0
Kilinochchi,Northern,2018,June,0.546074773,0.551365647,Degraded,99.114758,321.55,294.45,8.65,127250,15.0826,22.1823,119,0,93.51669941,0.162921079,,,,,,,,,961598.0,2957.0,16931.0,7055.0,80776.0,339763.0,20063.0
Kilinochchi,Northern,2018,July,0.511352867,0.540398583,Degraded,95.07468367,322.325,299.0,11.55,127500,14.0149,20.9795,133,0,104.3137255,0.181731229,,,,,,,,,961598.0,2957.0,16931.0,7055.0,80776.0,339763.0,20063.0
Kilinochchi,Northern,2018,August,0.478943887,0.5262446,Degraded,91.78693167,325.7714286,293.2428571,18.4,127750,15.0272,20.6481,147,0,115.0684932,0.200467758,,,,,,,,,961598.0,2957.0,16931.0,7055.0,80776.0,339763.0,20063.0
Kilinochchi,Northern,2018,September,0.480069093,0.52585062,Degraded,92.04043,328.1333333,303.2666667,16.61666667,128000,17.2451,25.4086,168,0,131.25,0.228658537,,,,,,,,,961598.0,2957.0,16931.0,7055.0,80776.0,339763.0,20063.0
Kilinochchi,Northern,2018,October,0.557598353,0.566457907,Degraded,98.50918833,310.1,291.1,7.4,128250,16.5205,24.5682,182,0,141.9103314,0.247230542,,,,,,,,,961598.0,2957.0,16931.0,7055.0,80776.0,339763.0,20063.0
Kilinochchi,Northern,2018,November,0.662938187,0.643287883,Degraded,102.8218547,,,,128500,17.9377,23.6231,196,0,152.5291829,0.265730284,,,,,,,,,961598.0,2957.0,16931.0,7055.0,80776.0,339763.0,20063.0
Kilinochchi,Northern,2018,December,0.707305663,0.693480157,Healthy,101.86589,,,,128750,22.1325,29.9174,189,0,146.7961165,0.255742363,,,,,,,,,961598.0,2957.0,16931.0,7055.0,80776.0,339763.0,20063.0
Kilinochchi,Northern,2019,January,0.663199973,0.680625467,Healthy,97.591785,313.6,298.5,6.2,129000,21.4259,29.8854,139,0,108.2813386,0.22688599,350.13152071953186,625.3402914368589,213.16860598846472,0.8088038128621187,1.675911981050782,0.5243947707316232,3.009110564644524,,734606.0,1613.0,13459.0,3738.0,38232.0,284301.0,15490.0
Kilinochchi,Northern,2019,February,0.58218211,0.62443539,Degraded,93.71882167,324.0,304.2,10.1,129080,20.9069,30.776,131,0,102.2023274,0.214148407,350.13152071953186,625.3402914368589,213.16860598846472,0.8088038128621187,1.675911981050782,0.5243947707316232,3.009110564644524,,734606.0,1613.0,13459.0,3738.0,38232.0,284301.0,15490.0
Kilinochchi,Northern,2019,March,0.525002433,0.58135265,Degraded,91.06376667,325.3666667,307.2666667,15.74444444,129170,21.0903,29.8694,139,0,108.1388301,0.226587386,350.13152071953186,625.3402914368589,213.16860598846472,0.8088038128621187,1.675911981050782,0.5243947707316232,3.009110564644524,,734606.0,1613.0,13459.0,3738.0,38232.0,284301.0,15490.0
Kilinochchi,Northern,2019,April,0.49795608,0.564159417,Degraded,89.22026833,323.6375,302.0,30.2125,129250,18.5599,27.0657,124,0,96.06390841,0.201286346,350.13152071953186,625.3402914368589,213.16860598846472,0.8088038128621187,1.675911981050782,0.5243947707316232,3.009110564644524,,734606.0,1613.0,13459.0,3738.0,38232.0,284301.0,15490.0
Kilinochchi,Northern,2019,May,0.503379657,0.560338687,Degraded,90.66962167,321.7666667,296.5333333,17.06666667,129330,16.8993,25.5907,116,0,90.00420554,0.188589221,350.13152071953186,625.3402914368589,213.16860598846472,0.8088038128621187,1.675911981050782,0.5243947707316232,3.009110564644524,,734606.0,1613.0,13459.0,3738.0,38232.0,284301.0,15490.0
Kilinochchi,Northern,2019,June,0.522017873,0.551365647,Degraded,95.12632,321.9,292.2,15.16666667,129420,16.1261,22.0103,131,0,101.9338311,0.213585817,350.13152071953186,625.3402914368589,213.16860598846472,0.8088038128621187,1.675911981050782,0.5243947707316232,3.009110564644524,,734606.0,1613.0,13459.0,3738.0,38232.0,284301.0,15490.0
Kilinochchi,Northern,2019,July,0.52268535,0.540398583,Degraded,97.00033,320.55,295.35,10.2,129500,15.3553,22.049,147,0,113.8556675,0.238566092,350.13152071953186,625.3402914368589,213.16860598846472,0.8088038128621187,1.675911981050782,0.5243947707316232,3.009110564644524,,734606.0,1613.0,13459.0,3738.0,38232.0,284301.0,15490.0
Kilinochchi,Northern,2019,August,0.51264063,0.5262446,Degraded,97.64123067,325.425,293.875,12.875,129580,15.1407,21.9379,162,0,125.7627833,0.263515523,350.13152071953186,625.3402914368589,213.16860598846472,0.8088038128621187,1.675911981050782,0.5243947707316232,3.009110564644524,,734606.0,1613.0,13459.0,3738.0,38232.0,284301.0,15490.0
Kilinochchi,Northern,2019,September,0.52607638,0.52585062,Degraded,100.031572,325.2307692,295.5461538,13.05384615,129670,17.7089,26.5826,186,0,143.6291374,0.300951571,350.13152071953186,625.3402914368589,213.16860598846472,0.8088038128621187,1.675911981050782,0.5243947707316232,3.009110564644524,,734606.0,1613.0,13459.0,3738.0,38232.0,284301.0,15490.0
Kilinochchi,Northern,2019,October,0.595599167,0.566457907,Degraded,104.68864,316.2333333,294.8666667,21.33333333,129750,16.246,25.2924,201,0,155.5022949,0.325829848,350.13152071953186,625.3402914368589,213.16860598846472,0.8088038128621187,1.675911981050782,0.5243947707316232,3.009110564644524,,734606.0,1613.0,13459.0,3738.0,38232.0,284301.0,15490.0
Kilinochchi,Northern,2019,November,0.689891833,0.643287883,Degraded,106.729168,,,,129830,18.4248,24.5902,217,0,167.3608202,0.350677465,350.13152071953186,625.3402914368589,213.16860598846472,0.8088038128621187,1.675911981050782,0.5243947707316232,3.009110564644524,,734606.0,1613.0,13459.0,3738.0,38232.0,284301.0,15490.0
Kilinochchi,Northern,2019,December,0.723169097,0.693480157,Healthy,104.0035513,312.8,293.1,8.1,129920,21.3821,31.3023,209,0,161.2718521,0.33791902,350.13152071953186,625.3402914368589,213.16860598846472,0.8088038128621187,1.675911981050782,0.5243947707316232,3.009110564644524,,734606.0,1613.0,13459.0,3738.0,38232.0,284301.0,15490.0
Kilinochchi,Northern,2020,January,0.65732682,0.680625467,Healthy,96.77533833,,,,130000,15.7125,22.3915,85,0,65.96622889,0.112570356,9.819443924923757,15.912807142783604,5.8259389172052485,0.0226829154665738,0.04264632314266,0.0143318097363249,0.0796610483455588,,405256.0,578.0,9532.0,3000.0,21021.0,151634.0,7150.0
Kilinochchi,Northern,2020,February,0.567837367,0.62443539,Degraded,91.59185667,318.8,302.44,10.62,130250,16.3986,23.2165,80,0,62.1818579,0.106112386,8.856753344048874,14.352728011138147,5.254768435126301,0.0204591002247528,0.0384653110698502,0.0129267303504106,0.0718511416450138,,405256.0,578.0,9532.0,3000.0,21021.0,151634.0,7150.0
Kilinochchi,Northern,2020,March,0.52336259,0.58135265,Degraded,90.81867333,318.2125,296.4375,20.4875,130500,16.3781,21.8797,85,0,65.71348472,0.112139052,36.1971658408954,58.65897534986896,21.47601012616836,0.0836154530924683,0.1572060539376488,0.0528309849103741,0.2936524919404913,,405256.0,578.0,9532.0,3000.0,21021.0,151634.0,7150.0
Kilinochchi,Northern,2020,April,0.528439,0.564159417,Degraded,94.18795,325.8,304.5857143,18.18571429,130750,13.8031,20.1394,76,0,58.30030002,0.099488567,297.76019666459973,482.532475417938,176.66303010701796,0.6878260542952253,1.293187034120074,0.4345910540632641,2.415604142478564,,405256.0,578.0,9532.0,3000.0,21021.0,151634.0,7150.0
Kilinochchi,Northern,2020,May,0.568558533,0.560338687,Degraded,101.3509133,320.9,295.9,31.4,131000,13.2708,19.7631,71,0,54.55222491,0.093092534,433.78837574222,702.9716567194403,257.369419224773,1.002051147964528,1.8839640400081,0.6331287712929415,3.5191439592655698,,405256.0,578.0,9532.0,3000.0,21021.0,151634.0,7150.0
Kilinochchi,Northern,2020,June,0.591680467,0.551365647,Degraded,106.7086,318.2,299.4,9.4,131250,11.5967,17.2161,80,0,61.70809137,0.10530391,517.3499181621592,838.3865253462652,306.9470170692254,1.1950783109545875,2.246875887927991,0.7550896619902944,4.197043860872873,,405256.0,578.0,9532.0,3000.0,21021.0,151634.0,7150.0
Kilinochchi,Northern,2020,July,0.581815423,0.540398583,Degraded,107.0121383,324.45,293.85,30.8,131500,11.1061,16.8305,90,0,68.8367492,0.117468855,462.4765550522913,749.4620148424747,274.39029959072553,1.0683208421707926,2.0085581997778323,0.6750001369931847,3.75187917894181,,405256.0,578.0,9532.0,3000.0,21021.0,151634.0,7150.0
Kilinochchi,Northern,2020,August,0.555788597,0.5262446,Degraded,105.124632,327.0571429,297.5285714,16.91428571,131750,11.5131,16.8538,100,0,75.93835331,0.129587634,404.3300439674486,655.2332352910894,239.8916024731572,0.9340024015648062,1.7560250705801197,0.5901333420839666,3.2801608142288927,,405256.0,578.0,9532.0,3000.0,21021.0,151634.0,7150.0
Kilinochchi,Northern,2020,September,0.53994875,0.52585062,Degraded,102.458005,318.5,297.3,7.9,132000,13.7951,21.4378,114,0,86.62232077,0.14781966,394.7031381586999,639.6324439746348,234.1798976523677,0.9117642491465964,1.7142149498520216,0.5760825482248246,3.2020617472234427,,405256.0,578.0,9532.0,3000.0,21021.0,151634.0,7150.0
Kilinochchi,Northern,2020,October,0.547911377,0.566457907,Degraded,97.028763,330.1,299.1,18.6,132250,12.3294,18.4412,123,0,93.66345459,0.159835247,389.8896852543255,631.8320483164076,231.324045241973,0.9006451729374917,1.6933098894879726,0.5690571512952536,3.1630122137207177,,405256.0,578.0,9532.0,3000.0,21021.0,151634.0,7150.0
Kilinochchi,Northern,2020,November,0.616604867,0.643287883,Degraded,96.12968,,,,132500,13.8876,18.7088,133,0,100.6780181,0.171805492,375.4493265412024,608.430861341726,222.75648801078887,0.8672879443101773,1.6305947083958257,0.5479809605065405,3.045863613212544,,405256.0,578.0,9532.0,3000.0,21021.0,151634.0,7150.0
Kilinochchi,Northern,2020,December,0.691529253,0.693480157,Healthy,99.72910667,,,,132750,17.0168,23.4872,128,0,96.89954527,0.165357586,365.8224207324536,592.8300700252714,217.0447831899994,0.8450497918919676,1.5887845876677276,0.5339301666473985,2.967764546207094,,405256.0,578.0,9532.0,3000.0,21021.0,151634.0,7150.0
Kilinochchi,Northern,2021,January,0.696339007,0.680625467,Healthy,102.1513033,,,,133000,17.7438,25.6299,77,0,58.04144508,0.055015588,10.628177912023665,18.85131482382628,6.205103023305193,0.0245510909767746,0.0505215237278544,0.0152645534373307,0.0903371681419598,,33850.0,281.0,771.0,2593.0,3495.0,8011.0,2093.0
Kilinochchi,Northern,2021,February,0.621779643,0.62443539,Degraded,99.58053333,316.25,298.925,9.625,133170,18.0835,26.0647,72,0,54.74694305,0.051892837,9.586199685354671,17.003146703843306,5.596759589647819,0.0221441212731692,0.0455684331663,0.0137680285905336,0.081480583030003,,33850.0,281.0,771.0,2593.0,3495.0,8011.0,2093.0
Kilinochchi,Northern,2021,March,0.55631055,0.58135265,Degraded,96.02389667,323.76,302.02,15.06,133330,17.8987,24.2051,77,0,57.89778891,0.054879421,39.178381322753886,69.4911213113596,22.873713105517176,0.0905020608555614,0.1862362051144437,0.0562693342395722,0.3330076002095775,,33850.0,281.0,771.0,2593.0,3495.0,8011.0,2093.0
Kilinochchi,Northern,2021,April,0.543652827,0.564159417,Degraded,96.66384333,318.55,299.15,16.3,133500,15.6017,22.6091,68,0,51.39916568,0.048719588,322.2838655087175,571.6383995107321,188.1606240302251,0.7444757293251375,1.531990910688762,0.4628751351143537,2.7393417751282536,,33850.0,281.0,771.0,2593.0,3495.0,8011.0,2093.0
Kilinochchi,Northern,2021,May,0.57259835,0.560338687,Degraded,102.0118867,314.1,291.3,53.4,133670,14.8502,22.093,64,0,48.1254345,0.045616526,469.5153889370453,832.7845548643256,274.1195512060117,1.0845805484445747,2.2318626070363927,0.6743340959667888,3.990777251447757,,33850.0,281.0,771.0,2593.0,3495.0,8011.0,2093.0
Kilinochchi,Northern,2021,June,0.594218687,0.551365647,Degraded,107.1325233,330.05,302.375,21.125,133830,13.8523,19.5427,72,0,54.4769514,0.051636921,559.9590990119132,993.205547678847,326.9237612474715,1.2935055187175195,2.66179086777931,0.8042324526687799,4.759528839165609,,33850.0,281.0,771.0,2593.0,3495.0,8011.0,2093.0
Kilinochchi,Northern,2021,July,0.591215423,0.540398583,Degraded,108.6044113,324.3666667,296.2666667,19.8,134000,12.9102,18.5981,81,0,60.80876107,0.057638636,500.56634009178106,887.859964839818,292.2481855290014,1.1563082456120144,2.379464705770712,0.7189305364013434,4.25470348778407,,33850.0,281.0,771.0,2593.0,3495.0,8011.0,2093.0
Kilinochchi,Northern,2021,August,0.558296743,0.5262446,Degraded,105.55653,318.98,292.38,8.76,134170,12.3786,19.7787,90,0,67.12452531,0.063625142,437.6308552009742,776.2306103928466,255.5042421360961,1.0109272755142509,2.080298035852829,0.6285404356547964,3.719765747021876,,33850.0,281.0,771.0,2593.0,3495.0,8011.0,2093.0
Kilinochchi,Northern,2021,September,0.541338983,0.52585062,Degraded,102.6919927,319.675,296.9125,21.6375,134330,15.8338,22.3053,102,0,76.62236974,0.072627839,427.2110729342844,757.7489291930169,249.4208077995224,0.986857578478197,2.0307671302372854,0.613575187186825,3.631199895902308,,33850.0,281.0,771.0,2593.0,3495.0,8011.0,2093.0
Kilinochchi,Northern,2021,October,0.583421103,0.566457907,Degraded,102.7460233,,,,134500,14.584,20.6856,111,0,82.90265059,0.078580711,422.0011818009394,748.5080885931021,246.37909063123556,0.9748227299601702,2.0060016774295137,0.6060925629528394,3.586916970342523,,33850.0,281.0,771.0,2593.0,3495.0,8011.0,2093.0
Kilinochchi,Northern,2021,November,0.662697547,0.643287883,Degraded,102.8051163,,,,134670,15.925,21.423,120,0,89.16707568,0.084518555,406.3715084009047,720.7855667933577,237.253939126375,0.93871818440609,1.9317053190061988,0.5836446902508825,3.454068193663171,,33850.0,281.0,771.0,2593.0,3495.0,8011.0,2093.0
Kilinochchi,Northern,2021,December,0.701705683,0.693480157,Healthy,101.1122467,,,,134830,19.8429,25.8374,115,0,85.88050354,0.081403321,395.9517261342148,702.3038855935281,231.17050478980127,0.9146484873700363,1.8821744133906555,0.5686794417829112,3.3655023425436026,,33850.0,281.0,771.0,2593.0,3495.0,8011.0,2093.0
Kilinochchi,Northern,2022,January,0.66489917,0.680625467,Healthy,97.83478533,,,,135000,19.5566,27.7728,132,0,98.3197832,0.162601626,9.23448584687576,16.945490987256647,3.3564266087803856,0.021331662306283,0.0454139158458478,0.0082568094575997,0.0750023876097305,,20511.0,404.0,760.0,940.0,1489.0,9060.0,36.0
Kilinochchi,Northern,2022,February,0.60668292,0.62443539,Degraded,97.37822333,316.2,297.4,9.4,135080,19.1237,27.1122,125,0,92.8025789,0.153477253,8.329144097182056,15.284168341447169,3.027365176547013,0.0192403228644905,0.0409615711550784,0.0074473183343056,0.0676492123538746,,20511.0,404.0,760.0,940.0,1489.0,9060.0,36.0
Kilinochchi,Northern,2022,March,0.581511367,0.58135265,Degraded,100.0371547,322.5,301.5,18.9,135170,19.3917,26.1969,132,0,98.19612881,0.162397126,34.04084978848319,62.465731482436254,12.372709851974752,0.0786343630113961,0.1674081603729291,0.0304368662358578,0.2764793896201832,,20511.0,404.0,760.0,940.0,1489.0,9060.0,36.0
Kilinochchi,Northern,2022,April,0.58304469,0.564159417,Degraded,103.0768033,,,,135250,16.9941,24.12,117,0,87.23381873,0.144267616,280.022203180262,513.8470943488707,101.77870098978168,0.6468512893464052,1.3771102128549733,0.2503756044348629,2.2743371066362417,,20511.0,404.0,760.0,940.0,1489.0,9060.0,36.0
Kilinochchi,Northern,2022,May,0.595821933,0.560338687,Degraded,105.815887,321.75,292.15,15.95,135330,15.265,23.7175,110,0,81.73336001,0.135170937,407.9469924119821,748.5919842017495,148.27508136435702,0.9423575524716788,2.006226517660689,0.3647567001563182,3.313340770288686,,20511.0,404.0,760.0,940.0,1489.0,9060.0,36.0
Kilinochchi,Northern,2022,June,0.616493463,0.551365647,Degraded,110.837135,320.64,295.86,21.72,135420,14.775,21.2202,125,0,92.56957878,0.153091916,486.53065628539525,892.7947898580117,176.83761368221357,1.123885816019263,2.392690036819471,0.4350205296582454,3.95159638249698,,20511.0,404.0,760.0,940.0,1489.0,9060.0,36.0
Kilinochchi,Northern,2022,July,0.605362567,0.540398583,Degraded,110.9984883,315.7,286.9,11.5,135500,13.2326,19.0701,140,0,103.399034,0.17100171,434.9261765528544,798.0993990468718,158.08111204491146,1.0046794678370936,2.138906389445616,0.3888795356304821,3.5324653929131924,,20511.0,404.0,760.0,940.0,1489.0,9060.0,36.0
Kilinochchi,Northern,2022,August,0.575612153,0.5262446,Degraded,108.5643553,315.2,295.3,11.63333333,135580,13.2578,19.2189,154,0,114.2157092,0.188890368,380.2435348713548,697.7555112399795,138.20580153801583,0.8783625655528295,1.869984770123145,0.3399862717835189,3.0883336074594934,,20511.0,404.0,760.0,940.0,1489.0,9060.0,36.0
Kilinochchi,Northern,2022,September,0.560869887,0.52585062,Degraded,106.0873147,321.4142857,299.4285714,14.15714286,135670,16.0947,25.1289,176,0,130.4456473,0.215731501,371.1901173744177,681.1422847818847,134.91518721568212,0.8574491711349049,1.8254613232154508,0.331891360550578,3.014801854900934,,20511.0,404.0,760.0,940.0,1489.0,9060.0,36.0
Kilinochchi,Northern,2022,October,0.590647147,0.566457907,Degraded,103.932975,,,,135750,15.5238,22.1396,191,0,141.2328377,0.233571396,366.6634086259492,672.8356715528373,133.26988005451526,0.8469924739259427,1.803199599761604,0.3278439049341075,2.978035978621654,,20511.0,404.0,760.0,940.0,1489.0,9060.0,36.0
Kilinochchi,Northern,2022,November,0.66873087,0.643287883,Degraded,103.6685793,,,,135830,16.6045,22.6881,206,0,152.0073214,0.251390278,353.0832823805438,647.9158318656953,128.33395857101473,0.8156223822990561,1.7364144294000634,0.3157015380846962,2.867738349783816,,20511.0,404.0,760.0,940.0,1489.0,9060.0,36.0
Kilinochchi,Northern,2022,December,0.71748619,0.693480157,Healthy,103.231755,,,,135920,19.8266,28.7045,199,0,146.481431,0.24225154,344.0298648836067,631.3026054076005,125.043344248681,0.7947089878811316,1.6918909824923694,0.3076066268517552,2.7942065972252563,,20511.0,404.0,760.0,940.0,1489.0,9060.0,36.0
Kilinochchi,Northern,2023,January,0.680168287,0.680625467,Healthy,99.91848,,,,136000,19.4146,28.3148,135,0,99.26470588,0.269010043,,,,,,,,,27890.0,685.0,586.0,288.0,1816.0,20200.0,60.0
Kilinochchi,Northern,2023,February,0.606185367,0.62443539,Degraded,97.28683,,,,136170,19.2434,28.0894,127,0,93.6329588,0.253747856,,,,,,,,,27890.0,685.0,586.0,288.0,1816.0,20200.0,60.0
Kilinochchi,Northern,2023,March,0.564747957,0.58135265,Degraded,97.37480667,315.95,301.35,8.45,136330,20.4842,26.7887,135,0,99.02442603,0.268358878,,,,,,,,,27890.0,685.0,586.0,288.0,1816.0,20200.0,60.0
Kilinochchi,Northern,2023,April,0.566186173,0.564159417,Degraded,100.33309,,,,136500,17.7076,24.9341,120,0,87.91208791,0.238244141,,,,,,,,,27890.0,685.0,586.0,288.0,1816.0,20200.0,60.0
Kilinochchi,Northern,2023,May,0.59149428,0.560338687,Degraded,105.1070167,,,,136670,16.322,24.1925,112,0,82.31506549,0.223076058,,,,,,,,,27890.0,685.0,586.0,288.0,1816.0,20200.0,60.0
Kilinochchi,Northern,2023,June,0.596009753,0.551365647,Degraded,107.42451,314.9,294.6,27.3,136830,14.7824,20.533,127,0,93.18131989,0.252523902,,,,,,,,,27890.0,685.0,586.0,288.0,1816.0,20200.0,60.0
Kilinochchi,Northern,2023,July,0.56836259,0.540398583,Degraded,104.7271647,322.0285714,302.4142857,12.75714286,137000,13.8003,21.1516,142,0,104.0145985,0.281882381,,,,,,,,,27890.0,685.0,586.0,288.0,1816.0,20200.0,60.0
Kilinochchi,Northern,2023,August,0.5222634,0.5262446,Degraded,99.30347667,326.8705882,303.1058824,15.87647059,137170,13.6131,21.4764,157,0,114.821025,0.311168089,,,,,,,,,27890.0,685.0,586.0,288.0,1816.0,20200.0,60.0
Kilinochchi,Northern,2023,September,0.5215447,0.52585062,Degraded,99.2459,342.2,299.975,50.1,137330,16.9096,25.2588,180,0,131.0711425,0.355206348,,,,,,,,,27890.0,685.0,586.0,288.0,1816.0,20200.0,60.0
Kilinochchi,Northern,2023,October,0.587685347,0.566457907,Degraded,103.411543,317.5,296.1,18.5,137500,15.1951,21.8862,195,0,141.8181818,0.384331116,,,,,,,,,27890.0,685.0,586.0,288.0,1816.0,20200.0,60.0
Kilinochchi,Northern,2023,November,0.684030867,0.643287883,Degraded,105.8689433,,,,137670,17.1662,22.6397,210,0,152.5386795,0.413383955,,,,,,,,,27890.0,685.0,586.0,288.0,1816.0,20200.0,60.0
Kilinochchi,Northern,2023,December,0.72995201,0.693480157,Healthy,104.91167,,,,137830,21.1981,29.7891,202,0,146.920119,0.398157504,,,,,,,,,27890.0,685.0,586.0,288.0,1816.0,20200.0,60.0
Kilinochchi,Northern,2024,January,0.6863122,0.680625467,Healthy,100.7569467,,,,138000,20.5148,29.4568,107,0,77.73064687,0.106044539,,,,,,,,,74410.0,146.0,1027.0,715.0,1644.0,65289.0,94.0
Kilinochchi,Northern,2024,February,0.603965013,0.62443539,Degraded,96.946556,319.9,301.5,9.5,138000,19.8141,28.1376,101,0,73.4122776,0.100153175,,,,,,,,,74410.0,146.0,1027.0,715.0,1644.0,65289.0,94.0
Kilinochchi,Northern,2024,March,0.549941433,0.58135265,Degraded,95.02270333,314.9,300.1,8.55,138000,20.6163,27.3646,107,0,77.73064687,0.106044539,,,,,,,,,74410.0,146.0,1027.0,715.0,1644.0,65289.0,94.0
Kilinochchi,Northern,2024,April,0.543709733,0.564159417,Degraded,96.67304333,328.7,299.5,20.5,138000,17.3442,26.044,95,0,69.09390833,0.094261812,,,,,,,,,74410.0,146.0,1027.0,715.0,1644.0,65289.0,94.0
Kilinochchi,Northern,2024,May,0.580091853,0.560338687,Degraded,103.2413287,330.8,308.4,13.7,138000,15.7388,24.9433,89,0,64.77553906,0.088370449,,,,,,,,,74410.0,146.0,1027.0,715.0,1644.0,65289.0,94.0
Kilinochchi,Northern,2024,June,0.610755267,0.551365647,Degraded,109.88105,,,,138000,14.6718,21.9669,101,0,73.4122776,0.100153175,,,,,,,,,74410.0,146.0,1027.0,715.0,1644.0,65289.0,94.0
Kilinochchi,Northern,2024,July,0.601944717,0.540398583,Degraded,110.4226367,318.85,301.95,8.45,138000,13.696,21.4103,113,0,82.04901614,0.111935902,,,,,,,,,74410.0,146.0,1027.0,715.0,1644.0,65289.0,94.0
Kilinochchi,Northern,2024,August,0.572789403,0.5262446,Degraded,108.0706047,323.9,298.7666667,11.73333333,138000,14.3486,20.3927,125,0,90.68575468,0.123718628,,,,,,,,,74410.0,146.0,1027.0,715.0,1644.0,65289.0,94.0
Kilinochchi,Northern,2024,September,0.542422767,0.52585062,Degraded,102.885285,321.35,295.325,11.8,138000,16.6226,26.2884,143,0,103.6408625,0.141392718,,,,,,,,,74410.0,146.0,1027.0,715.0,1644.0,65289.0,94.0
Kilinochchi,Northern,2024,October,0.577489417,0.566457907,Degraded,101.7791913,329.3,296.1,16.1,138000,15.4257,22.6159,154,0,112.277601,0.153175445,,,,,,,,,74410.0,146.0,1027.0,715.0,1644.0,65289.0,94.0
Kilinochchi,Northern,2024,November,0.668210527,0.643287883,Degraded,103.5816167,,,,138000,17.6413,22.8294,166,0,120.9143396,0.164958171,,,,,,,,,74410.0,146.0,1027.0,715.0,1644.0,65289.0,94.0
Kilinochchi,Northern,2024,December,0.721769087,0.693480157,Healthy,103.8082767,,,,138000,20.9303,29.4402,160,0,116.5959703,0.159066808,,,,,,,,,74410.0,146.0,1027.0,715.0,1644.0,65289.0,94.0
Kurunegala,North Western,2014,January,0.772773427,0.780569127,Healthy,99.05412667,,,,1647000,33.5228,20.7696,1395,9,84.75720823,0.577546759,,,,,,,,,859112.0,3851.0,20799.0,3851.0,38780.0,272885.0,79038.0
Kurunegala,North Western,2014,February,0.68921561,0.719077073,Healthy,96.09341867,324.95,303.0,15.7,1648170,32.3073,19.3645,1318,8,79.99164977,0.545073617,,,,,,,,,859112.0,3851.0,20799.0,3851.0,38780.0,272885.0,79038.0
Kurunegala,North Western,2014,March,0.632287967,0.688387047,Healthy,92.40259467,328.7896552,302.1103448,24.91724138,1649330,34.2543,17.6717,1395,9,84.63747216,0.576730862,,,,,,,,,859112.0,3851.0,20799.0,3851.0,38780.0,272885.0,79038.0
Kurunegala,North Western,2014,April,0.683200817,0.725046423,Healthy,94.5701,,,,1650500,29.5462,15.5437,1240,8,75.17997749,0.51228625,,,,,,,,,859112.0,3851.0,20799.0,3851.0,38780.0,272885.0,79038.0
Kurunegala,North Western,2014,May,0.758001887,0.768874397,Healthy,98.66833467,,,,1651670,23.4846,13.6158,1163,7,70.43130183,0.47992815,,,,,,,,,859112.0,3851.0,20799.0,3851.0,38780.0,272885.0,79038.0
Kurunegala,North Western,2014,June,0.764239863,0.774869567,Healthy,98.71025867,,,,1652830,20.84,12.1383,1318,8,79.76612077,0.543536833,,,,,,,,,859112.0,3851.0,20799.0,3851.0,38780.0,272885.0,79038.0
Kurunegala,North Western,2014,July,0.73235315,0.744322267,Healthy,98.498552,,,,1654000,16.8159,11.3292,1473,10,89.08730744,0.607052624,,,,,,,,,859112.0,3851.0,20799.0,3851.0,38780.0,272885.0,79038.0
Kurunegala,North Western,2014,August,0.717614753,0.705662287,Healthy,101.592338,316.4,297.6,5.1,1655170,18.3692,13.0783,1628,11,98.39531626,0.67047862,,,,,,,,,859112.0,3851.0,20799.0,3851.0,38780.0,272885.0,79038.0
Kurunegala,North Western,2014,September,0.735150617,0.700741113,Healthy,104.5817467,323.5,295.225,21.5,1656330,30.6157,21.206,1861,12,112.3730351,0.765724634,,,,,,,,,859112.0,3851.0,20799.0,3851.0,38780.0,272885.0,79038.0
Kurunegala,North Western,2014,October,0.764075287,0.73167966,Healthy,104.1527253,,,,1657500,20.3562,13.7956,2016,13,121.6515224,0.828949466,,,,,,,,,859112.0,3851.0,20799.0,3851.0,38780.0,272885.0,79038.0
Kurunegala,North Western,2014,November,0.795108423,0.775106013,Healthy,102.42782,,,,1658670,32.4277,18.5596,2171,14,130.9169199,0.892085102,,,,,,,,,859112.0,3851.0,20799.0,3851.0,38780.0,272885.0,79038.0
Kurunegala,North Western,2014,December,0.81381942,0.801992007,Healthy,101.389403,,,,1659830,37.0307,22.3266,2093,14,126.1530897,0.859623738,,,,,,,,,859112.0,3851.0,20799.0,3851.0,38780.0,272885.0,79038.0
Kurunegala,North Western,2015,January,0.777207997,0.780569127,Healthy,99.58673333,,,,1661000,24.4742,32.3392,1376,12,82.86662457,0.77091379,4534.952688012199,6539.5602317069715,287.6579309731782,10.47574070930818,17.526021420974683,0.7076385101940185,28.709400640476883,,1337814.0,4140.0,39456.0,5356.0,105628.0,370889.0,129547.0
Kurunegala,North Western,2015,February,0.713078423,0.719077073,Healthy,99.22695,,,,1662580,26.0649,34.1215,1299,12,78.18854759,0.727393325,4534.952688012199,6539.5602317069715,287.6579309731782,10.47574070930818,17.526021420974683,0.7076385101940185,28.709400640476883,,1337814.0,4140.0,39456.0,5356.0,105628.0,370889.0,129547.0
Kurunegala,North Western,2015,March,0.694508833,0.688387047,Healthy,100.8285333,319.0,300.0,11.9,1664170,29.4356,35.6161,1376,12,82.70877579,0.769445312,4534.952688012199,6539.5602317069715,287.6579309731782,10.47574070930818,17.526021420974683,0.7076385101940185,28.709400640476883,,1337814.0,4140.0,39456.0,5356.0,105628.0,370889.0,129547.0
Kurunegala,North Western,2015,April,0.740772537,0.725046423,Healthy,102.0262633,,,,1665750,23.5982,35.9812,1223,11,73.44917754,0.683302646,4534.952688012199,6539.5602317069715,287.6579309731782,10.47574070930818,17.526021420974683,0.7076385101940185,28.709400640476883,,1337814.0,4140.0,39456.0,5356.0,105628.0,370889.0,129547.0
Kurunegala,North Western,2015,May,0.786578233,0.768874397,Healthy,102.1612933,,,,1667330,23.9769,34.4186,1147,10,68.79335195,0.639989187,4534.952688012199,6539.5602317069715,287.6579309731782,10.47574070930818,17.526021420974683,0.7076385101940185,28.709400640476883,,1337814.0,4140.0,39456.0,5356.0,105628.0,370889.0,129547.0
Kurunegala,North Western,2015,June,0.79254176,0.774869567,Healthy,102.1411567,,,,1668920,22.6223,28.9306,1299,12,77.89151993,0.724630056,4534.952688012199,6539.5602317069715,287.6579309731782,10.47574070930818,17.526021420974683,0.7076385101940185,28.709400640476883,,1337814.0,4140.0,39456.0,5356.0,105628.0,370889.0,129547.0
Kurunegala,North Western,2015,July,0.747056323,0.744322267,Healthy,100.3368567,,,,1670500,22.4892,26.4507,1452,13,86.97288918,0.809114646,4534.952688012199,6539.5602317069715,287.6579309731782,10.47574070930818,17.526021420974683,0.7076385101940185,28.709400640476883,,1337814.0,4140.0,39456.0,5356.0,105628.0,370889.0,129547.0
Kurunegala,North Western,2015,August,0.7122101,0.705662287,Healthy,100.8743533,319.05,298.6,11.15,1672080,21.1985,23.5627,1605,14,96.0370959,0.893439572,4534.952688012199,6539.5602317069715,287.6579309731782,10.47574070930818,17.526021420974683,0.7076385101940185,28.709400640476883,,1337814.0,4140.0,39456.0,5356.0,105628.0,370889.0,129547.0
Kurunegala,North Western,2015,September,0.7377118,0.700741113,Healthy,104.9197367,314.8,294.1,15.7,1673670,25.7317,30.6641,1835,17,109.6524113,1.020103768,4534.952688012199,6539.5602317069715,287.6579309731782,10.47574070930818,17.526021420974683,0.7076385101940185,28.709400640476883,,1337814.0,4140.0,39456.0,5356.0,105628.0,370889.0,129547.0
Kurunegala,North Western,2015,October,0.7720426,0.73167966,Healthy,105.1750253,317.8,296.15,10.8,1675250,25.2124,31.4632,1988,18,118.6780762,1.104070136,4534.952688012199,6539.5602317069715,287.6579309731782,10.47574070930818,17.526021420974683,0.7076385101940185,28.709400640476883,,1337814.0,4140.0,39456.0,5356.0,105628.0,370889.0,129547.0
Kurunegala,North Western,2015,November,0.794491133,0.775106013,Healthy,102.356852,,,,1676830,21.5971,22.4664,2141,19,127.6867322,1.18787827,4534.952688012199,6539.5602317069715,287.6579309731782,10.47574070930818,17.526021420974683,0.7076385101940185,28.709400640476883,,1337814.0,4140.0,39456.0,5356.0,105628.0,370889.0,129547.0
Kurunegala,North Western,2015,December,0.817151667,0.801992007,Healthy,101.778765,,,,1678420,30.4378,35.9497,2064,19,123.0098516,1.144368935,4534.952688012199,6539.5602317069715,287.6579309731782,10.47574070930818,17.526021420974683,0.7076385101940185,28.709400640476883,,1337814.0,4140.0,39456.0,5356.0,105628.0,370889.0,129547.0
Kurunegala,North Western,2016,January,0.79522528,0.780569127,Healthy,101.7584533,,,,1680000,33.5873,43.5691,1174,7,69.93466899,0.470383275,,,,,,,,,986656.0,2685.0,26887.0,5271.0,45172.0,340129.0,56945.0
Kurunegala,North Western,2016,February,0.713868983,0.719077073,Healthy,99.306845,319.9,304.7,9.1,1681580,34.6296,44.6189,1109,7,65.98735007,0.443833456,,,,,,,,,986656.0,2685.0,26887.0,5271.0,45172.0,340129.0,56945.0
Kurunegala,North Western,2016,March,0.669270657,0.688387047,Healthy,97.411,321.0,299.2,7.8,1683170,30.0799,41.5999,1174,7,69.80295746,0.469497378,,,,,,,,,986656.0,2685.0,26887.0,5271.0,45172.0,340129.0,56945.0
Kurunegala,North Western,2016,April,0.717122333,0.725046423,Healthy,98.95906333,,,,1684750,27.401,33.7758,1044,7,61.98888402,0.41693962,,,,,,,,,986656.0,2685.0,26887.0,5271.0,45172.0,340129.0,56945.0
Kurunegala,North Western,2016,May,0.784482487,0.768874397,Healthy,101.9015503,,,,1686330,25.1034,36.389,979,6,58.06012855,0.390514659,,,,,,,,,986656.0,2685.0,26887.0,5271.0,45172.0,340129.0,56945.0
Kurunegala,North Western,2016,June,0.795387527,0.774869567,Healthy,102.4869333,,,,1687920,24.5928,33.1874,1109,7,65.73949484,0.442166372,,,,,,,,,986656.0,2685.0,26887.0,5271.0,45172.0,340129.0,56945.0
Kurunegala,North Western,2016,July,0.763297247,0.744322267,Healthy,102.3905553,,,,1689500,24.6339,35.6406,1240,8,73.40484148,0.493723789,,,,,,,,,986656.0,2685.0,26887.0,5271.0,45172.0,340129.0,56945.0
Kurunegala,North Western,2016,August,0.709445967,0.705662287,Healthy,100.4883117,317.9,292.3,7.9,1691080,24.9286,37.0375,1370,9,81.05586443,0.545184864,,,,,,,,,986656.0,2685.0,26887.0,5271.0,45172.0,340129.0,56945.0
Kurunegala,North Western,2016,September,0.645182033,0.700741113,Healthy,92.61140333,317.125,293.85,8.45,1692670,21.8443,28.2192,1566,10,92.54825721,0.62248314,,,,,,,,,986656.0,2685.0,26887.0,5271.0,45172.0,340129.0,56945.0
Kurunegala,North Western,2016,October,0.651252723,0.73167966,Healthy,89.69554667,322.65,299.5,10.7,1694250,24.1778,32.716,1697,11,100.1671123,0.673727853,,,,,,,,,986656.0,2685.0,26887.0,5271.0,45172.0,340129.0,56945.0
Kurunegala,North Western,2016,November,0.735764533,0.775106013,Healthy,95.21617333,,,,1695830,27.3108,35.2912,1827,12,107.7717705,0.724877077,,,,,,,,,986656.0,2685.0,26887.0,5271.0,45172.0,340129.0,56945.0
Kurunegala,North Western,2016,December,0.778347017,0.801992007,Healthy,97.22448267,,,,1697420,30.798,38.9794,1762,11,103.8254326,0.698333856,,,,,,,,,986656.0,2685.0,26887.0,5271.0,45172.0,340129.0,56945.0
Kurunegala,North Western,2017,January,0.771061997,0.780569127,Healthy,98.87199633,,,,1699000,28.7628,42.1835,1228,11,72.32231298,0.697684434,,,,,,,,,903306.0,3331.0,16742.0,8689.0,39182.0,344380.0,23537.0
Kurunegala,North Western,2017,February,0.740887517,0.719077073,Healthy,102.8547597,,,,1700000,28.9165,42.2361,1160,11,68.26422764,0.658536585,,,,,,,,,903306.0,3331.0,16742.0,8689.0,39182.0,344380.0,23537.0
Kurunegala,North Western,2017,March,0.719048923,0.688387047,Healthy,104.1536113,319.9,300.3,9.15,1701000,29.7665,39.703,1228,11,72.23727793,0.696864111,,,,,,,,,903306.0,3331.0,16742.0,8689.0,39182.0,344380.0,23537.0
Kurunegala,North Western,2017,April,0.730263283,0.725046423,Healthy,100.6956433,,,,1702000,25.1645,37.8365,1092,10,64.17318697,0.619070821,,,,,,,,,903306.0,3331.0,16742.0,8689.0,39182.0,344380.0,23537.0
Kurunegala,North Western,2017,May,0.761295113,0.768874397,Healthy,99.073032,,,,1703000,23.2977,36.7939,1023,9,60.1270355,0.580038096,,,,,,,,,903306.0,3331.0,16742.0,8689.0,39182.0,344380.0,23537.0
Kurunegala,North Western,2017,June,0.766989653,0.774869567,Healthy,99.043625,,,,1704000,21.619,31.8902,1160,11,68.10398298,0.656990725,,,,,,,,,903306.0,3331.0,16742.0,8689.0,39182.0,344380.0,23537.0
Kurunegala,North Western,2017,July,0.726004827,0.744322267,Healthy,97.68726367,,,,1705000,19.7474,30.9611,1297,12,76.07157333,0.733853086,,,,,,,,,903306.0,3331.0,16742.0,8689.0,39182.0,344380.0,23537.0
Kurunegala,North Western,2017,August,0.69805,0.705662287,Healthy,99.00529,325.6,301.9,11.1,1706000,19.9016,31.0759,1433,13,84.02982301,0.81062534,,,,,,,,,903306.0,3331.0,16742.0,8689.0,39182.0,344380.0,23537.0
Kurunegala,North Western,2017,September,0.748629937,0.700741113,Healthy,106.3692533,,,,1707000,24.1383,39.1123,1638,15,95.97782445,0.925886236,,,,,,,,,903306.0,3331.0,16742.0,8689.0,39182.0,344380.0,23537.0
Kurunegala,North Western,2017,October,0.79470422,0.73167966,Healthy,108.0755687,,,,1708000,22.9624,33.8217,1774,17,103.9151006,1.00245616,,,,,,,,,903306.0,3331.0,16742.0,8689.0,39182.0,344380.0,23537.0
Kurunegala,North Western,2017,November,0.806593043,0.775106013,Healthy,103.8312227,,,,1709000,24.7325,34.2396,1911,18,111.843088,1.078936477,,,,,,,,,903306.0,3331.0,16742.0,8689.0,39182.0,344380.0,23537.0
Kurunegala,North Western,2017,December,0.8012386,0.801992007,Healthy,99.91484633,,,,1710000,29.4339,42.5017,1843,17,107.7856226,1.039794608,,,,,,,,,903306.0,3331.0,16742.0,8689.0,39182.0,344380.0,23537.0
Kurunegala,North Western,2018,January,0.754279333,0.780569127,Healthy,96.82360167,,,,1711000,29.1114,43.3764,1148,10,67.13232883,0.641473393,,,,,,,,,961598.0,2957.0,16931.0,7055.0,80776.0,339763.0,20063.0
Kurunegala,North Western,2018,February,0.688245553,0.719077073,Healthy,95.99503333,322.08,307.06,8.56,1711670,29.7983,44.3166,1084,10,63.37793723,0.60559884,,,,,,,,,961598.0,2957.0,16931.0,7055.0,80776.0,339763.0,20063.0
Kurunegala,North Western,2018,March,0.671378883,0.688387047,Healthy,97.69529,335.75,306.2,32.2,1712330,30.2599,41.4082,1148,10,67.08018585,0.640975148,,,,,,,,,961598.0,2957.0,16931.0,7055.0,80776.0,339763.0,20063.0
Kurunegala,North Western,2018,April,0.733008823,0.725046423,Healthy,101.0112417,,,,1713000,26.5582,40.1251,1021,9,59.60351022,0.569532841,,,,,,,,,961598.0,2957.0,16931.0,7055.0,80776.0,339763.0,20063.0
Kurunegala,North Western,2018,May,0.789320037,0.768874397,Healthy,102.497115,,,,1713670,24.8173,37.6233,957,9,55.85644389,0.533728283,,,,,,,,,961598.0,2957.0,16931.0,7055.0,80776.0,339763.0,20063.0
Kurunegala,North Western,2018,June,0.792871293,0.774869567,Healthy,102.18246,,,,1714330,22.2777,34.1528,1084,10,63.27959834,0.604659176,,,,,,,,,961598.0,2957.0,16931.0,7055.0,80776.0,339763.0,20063.0
Kurunegala,North Western,2018,July,0.76404259,0.744322267,Healthy,102.483875,,,,1715000,20.0635,31.9948,1212,11,70.69662708,0.675531537,,,,,,,,,961598.0,2957.0,16931.0,7055.0,80776.0,339763.0,20063.0
Kurunegala,North Western,2018,August,0.7128635,0.705662287,Healthy,100.94534,,,,1715670,20.7337,31.035,1340,12,78.10786286,0.746348543,,,,,,,,,961598.0,2957.0,16931.0,7055.0,80776.0,339763.0,20063.0
Kurunegala,North Western,2018,September,0.691950223,0.700741113,Healthy,98.82784,317.9857143,291.3285714,13.92857143,1716330,25.5337,37.8002,1531,14,89.23180246,0.852641761,,,,,,,,,961598.0,2957.0,16931.0,7055.0,80776.0,339763.0,20063.0
Kurunegala,North Western,2018,October,0.741115783,0.73167966,Healthy,101.19776,,,,1717000,23.3841,35.8422,1659,15,96.63006473,0.923334801,,,,,,,,,961598.0,2957.0,16931.0,7055.0,80776.0,339763.0,20063.0
Kurunegala,North Western,2018,November,0.791770897,0.775106013,Healthy,102.0206487,,,,1717670,27.1014,35.0956,1786,17,104.0225554,0.993972692,,,,,,,,,961598.0,2957.0,16931.0,7055.0,80776.0,339763.0,20063.0
Kurunegala,North Western,2018,December,0.810123403,0.801992007,Healthy,100.9559467,,,,1718330,32.168,45.5621,1722,16,100.2689367,0.958105523,,,,,,,,,961598.0,2957.0,16931.0,7055.0,80776.0,339763.0,20063.0
Kurunegala,North Western,2019,January,0.770935633,0.780569127,Healthy,98.82977333,,,,1719000,30.8364,46.9649,1224,12,71.20844507,0.732132976,6388.934832516691,6601.036708620785,455.3479229921047,14.75843946311356,17.69077837910371,1.1201558905605777,33.56937373277784,,734606.0,1613.0,13459.0,3738.0,38232.0,284301.0,15490.0
Kurunegala,North Western,2019,February,0.703526533,0.719077073,Healthy,97.980092,,,,1719580,30.7279,48.0246,1156,11,67.22973666,0.691225698,6388.934832516691,6601.036708620785,455.3479229921047,14.75843946311356,17.69077837910371,1.1201558905605777,33.56937373277784,,734606.0,1613.0,13459.0,3738.0,38232.0,284301.0,15490.0
Kurunegala,North Western,2019,March,0.664941753,0.688387047,Healthy,96.82613,322.825,305.425,9.3,1720170,31.9741,45.1796,1224,12,71.16001155,0.731635004,6388.934832516691,6601.036708620785,455.3479229921047,14.75843946311356,17.69077837910371,1.1201558905605777,33.56937373277784,,734606.0,1613.0,13459.0,3738.0,38232.0,284301.0,15490.0
Kurunegala,North Western,2019,April,0.686553767,0.725046423,Healthy,95.02943133,,,,1720750,26.7205,39.6388,1088,11,63.23202328,0.65012302,6388.934832516691,6601.036708620785,455.3479229921047,14.75843946311356,17.69077837910371,1.1201558905605777,33.56937373277784,,734606.0,1613.0,13459.0,3738.0,38232.0,284301.0,15490.0
Kurunegala,North Western,2019,May,0.747556317,0.768874397,Healthy,97.38946033,,,,1721330,25.8605,39.8307,1020,10,59.2600475,0.609284964,6388.934832516691,6601.036708620785,455.3479229921047,14.75843946311356,17.69077837910371,1.1201558905605777,33.56937373277784,,734606.0,1613.0,13459.0,3738.0,38232.0,284301.0,15490.0
Kurunegala,North Western,2019,June,0.771495543,0.774869567,Healthy,99.59242667,,,,1721920,23.3008,34.701,1156,11,67.13837494,0.690286358,6388.934832516691,6601.036708620785,455.3479229921047,14.75843946311356,17.69077837910371,1.1201558905605777,33.56937373277784,,734606.0,1613.0,13459.0,3738.0,38232.0,284301.0,15490.0
Kurunegala,North Western,2019,July,0.751125487,0.744322267,Healthy,100.8677767,,,,1722500,21.5634,32.6853,1292,13,75.01174083,0.77123674,6388.934832516691,6601.036708620785,455.3479229921047,14.75843946311356,17.69077837910371,1.1201558905605777,33.56937373277784,,734606.0,1613.0,13459.0,3738.0,38232.0,284301.0,15490.0
Kurunegala,North Western,2019,August,0.746330983,0.705662287,Healthy,105.3965517,,,,1723080,21.8046,33.9165,1428,14,82.87980627,0.852132625,6388.934832516691,6601.036708620785,455.3479229921047,14.75843946311356,17.69077837910371,1.1201558905605777,33.56937373277784,,734606.0,1613.0,13459.0,3738.0,38232.0,284301.0,15490.0
Kurunegala,North Western,2019,September,0.770089223,0.700741113,Healthy,109.23648,,,,1723670,25.6521,40.0369,1632,16,94.68735669,0.973532509,6388.934832516691,6601.036708620785,455.3479229921047,14.75843946311356,17.69077837910371,1.1201558905605777,33.56937373277784,,734606.0,1613.0,13459.0,3738.0,38232.0,284301.0,15490.0
Kurunegala,North Western,2019,October,0.779951017,0.73167966,Healthy,106.19983,,,,1724250,24.001,37.5903,1768,18,102.5434648,1.054305454,6388.934832516691,6601.036708620785,455.3479229921047,14.75843946311356,17.69077837910371,1.1201558905605777,33.56937373277784,,734606.0,1613.0,13459.0,3738.0,38232.0,284301.0,15490.0
Kurunegala,North Western,2019,November,0.791220003,0.775106013,Healthy,101.9592933,,,,1724830,25.9989,37.7224,1904,19,110.3942894,1.135024076,6388.934832516691,6601.036708620785,455.3479229921047,14.75843946311356,17.69077837910371,1.1201558905605777,33.56937373277784,,734606.0,1613.0,13459.0,3738.0,38232.0,284301.0,15490.0
Kurunegala,North Western,2019,December,0.814974247,0.801992007,Healthy,101.5236027,,,,1725420,32.2284,45.4743,1836,18,106.4152355,1.094113247,6388.934832516691,6601.036708620785,455.3479229921047,14.75843946311356,17.69077837910371,1.1201558905605777,33.56937373277784,,734606.0,1613.0,13459.0,3738.0,38232.0,284301.0,15490.0
Kurunegala,North Western,2020,January,0.775316013,0.780569127,Healthy,99.34681133,,,,1726000,22.4115,34.5627,647,2,37.48834186,0.127179719,179.17777639375535,167.97418225741123,12.44474613476543,0.4139006634695748,0.450170808449862,0.0306140754915229,0.89468554741096,148.97963747167748,405256.0,578.0,9532.0,3000.0,21021.0,151634.0,7150.0
Kurunegala,North Western,2020,February,0.677884787,0.719077073,Healthy,94.619992,319.3,305.2,7.5,1727420,23.9217,35.2312,611,2,35.37655151,0.120015441,161.61132772770085,151.50612517335125,11.224672984298223,0.3733221670509889,0.4060364154645813,0.0276126955413736,0.8069712780569439,134.3737906607287,405256.0,578.0,9532.0,3000.0,21021.0,151634.0,7150.0
Kurunegala,North Western,2020,March,0.631225083,0.688387047,Healthy,92.25799533,325.7833333,305.25,10.06666667,1728830,24.0739,33.6691,647,2,37.4269755,0.126971533,660.4984698436471,619.198946360653,45.87475045756667,1.5257514653388249,1.65945317624655,0.112851886125614,3.298056527710989,549.1798400916738,405256.0,578.0,9532.0,3000.0,21021.0,151634.0,7150.0
Kurunegala,North Western,2020,April,0.691441147,0.725046423,Healthy,95.63047667,325.9,299.5,34.0,1730250,20.7331,29.7945,575,1,33.24111958,0.112770959,5433.302572410639,5093.570056099734,377.36862543950457,12.550928942268577,13.650767750347288,0.9283268185811814,27.130023511197045,4517.588418626456,405256.0,578.0,9532.0,3000.0,21021.0,151634.0,7150.0
Kurunegala,North Western,2020,May,0.782146413,0.768874397,Healthy,101.6092867,,,,1731670,19.3565,29.8999,539,1,31.13799495,0.105636079,7915.441768924133,7420.506522077401,549.7649616005198,18.284670486214743,19.886957479167435,1.3524218055372788,39.52404977091946,6581.3945730135165,405256.0,578.0,9532.0,3000.0,21021.0,151634.0,7150.0
Kurunegala,North Western,2020,June,0.8114221,0.774869567,Healthy,104.4334467,,,,1733080,16.9679,25.6514,611,2,35.26101657,0.119623487,9440.209513137655,8849.9338769738,655.6673110610725,21.806883975347983,23.717822790289784,1.6129415852102382,47.137648350848,7849.182076203869,405256.0,578.0,9532.0,3000.0,21021.0,151634.0,7150.0
Kurunegala,North Western,2020,July,0.790533733,0.744322267,Healthy,105.8249233,,,,1734500,16.0448,24.9961,682,2,39.37710781,0.133587384,8438.921939172555,7911.254623182386,586.1231414844423,19.4939096794886,21.202162390128795,1.441862928051728,42.13793499766912,7016.64880797979,405256.0,578.0,9532.0,3000.0,21021.0,151634.0,7150.0
Kurunegala,North Western,2020,August,0.757655013,0.705662287,Healthy,106.8812353,,,,1735920,16.5709,24.7548,754,2,43.48646504,0.147528435,7377.908439742865,6916.583975305167,512.4307231962234,17.04296849580602,18.536445053817847,1.2605795790627097,36.83999312868657,6134.455660598484,405256.0,578.0,9532.0,3000.0,21021.0,151634.0,7150.0
Kurunegala,North Western,2020,September,0.752255483,0.700741113,Healthy,106.8631283,,,,1737330,19.626,32.3546,862,2,49.65848211,0.168467088,7202.24395308232,6751.903404464567,500.2299916915514,16.63718353162016,18.09510112396504,1.2305657795612166,35.962850435146414,5988.397192488997,405256.0,578.0,9532.0,3000.0,21021.0,151634.0,7150.0
Kurunegala,North Western,2020,October,0.763542813,0.73167966,Healthy,104.0928547,318.3,299.9,8.5,1738750,18.3976,27.9673,934,3,53.75275435,0.182356964,7114.411709752048,6669.563119044267,494.1296259392154,16.434291049527232,17.874429159038637,1.21555887981047,35.52427908837634,5915.367958434253,405256.0,578.0,9532.0,3000.0,21021.0,151634.0,7150.0
Kurunegala,North Western,2020,November,0.782922343,0.775106013,Healthy,100.9543913,315.3,296.6,6.9,1740170,19.9329,28.6011,1006,3,57.84034463,0.19622417,6850.914979761234,6422.5422627833705,475.8285286822076,15.825613603248447,17.212413264259432,1.170538180558231,34.20856504806611,5696.280256270021,405256.0,578.0,9532.0,3000.0,21021.0,151634.0,7150.0
Kurunegala,North Western,2020,December,0.801720853,0.801992007,Healthy,99.968118,,,,1741580,24.8199,37.0107,970,3,55.72946237,0.189062973,6675.250493100689,6257.86169194277,463.6277971775356,15.41982863906259,16.771069334406626,1.1405243810567376,33.331422354525955,5550.221788160534,405256.0,578.0,9532.0,3000.0,21021.0,151634.0,7150.0
Kurunegala,North Western,2021,January,0.78952212,0.780569127,Healthy,101.0836387,,,,1743000,25.4368,37.2517,448,6,25.75458629,0.348432056,193.9349417292397,198.9928089743264,13.25467584925214,0.4479897153945437,0.5333007280511948,0.0326065025891602,1.0138969460348983,149.5750160168763,33850.0,281.0,771.0,2593.0,3495.0,8011.0,2093.0
Kurunegala,North Western,2021,February,0.728693857,0.719077073,Healthy,101.2476143,325.14,304.72,14.48,1742920,27.3155,39.7415,423,5,24.3248924,0.329089824,174.92171214794163,179.4837100552747,11.955197824815652,0.4040691550617452,0.4810163429481363,0.0294097866490465,0.9144952846589278,134.9107987603198,33850.0,281.0,771.0,2593.0,3495.0,8011.0,2093.0
Kurunegala,North Western,2021,March,0.69142427,0.688387047,Healthy,100.4119467,321.2,300.1,11.0,1742830,26.3247,35.7221,448,6,25.75709846,0.348466043,714.8974322568051,733.5421193563403,48.86037371881181,1.6514130685132198,1.965892879874992,0.120196519348277,3.737502467736488,551.3745688465244,33850.0,281.0,771.0,2593.0,3495.0,8011.0,2093.0
Kurunegala,North Western,2021,April,0.720081633,0.725046423,Healthy,99.35969533,321.0,306.0,6.0,1742750,22.8277,34.055,399,5,22.89624962,0.309761812,5880.791909495474,6034.164295662661,401.9285529582046,13.584629310934544,16.171560312375934,0.9887442402771832,30.744933863587654,4535.642397452926,33850.0,281.0,771.0,2593.0,3495.0,8011.0,2093.0
Kurunegala,North Western,2021,May,0.769596387,0.768874397,Healthy,100.0851067,,,,1742670,20.7136,32.23,374,5,21.46621941,0.29041503,8567.361249332884,8790.799972924653,585.5447978110799,19.79060448595896,23.559343927438075,1.4404402026152563,44.79038861601228,6607.69629580436,33850.0,281.0,771.0,2593.0,3495.0,8011.0,2093.0
Kurunegala,North Western,2021,June,0.792405033,0.774869567,Healthy,102.1294867,310.5,294.3,4.7,1742580,20.221,29.7847,423,5,24.3296385,0.329154034,10217.709576989548,10484.18975909833,698.3394903321665,23.60290912284585,28.09762855438353,1.7179151462171294,53.4184528234465,7880.550353673463,33850.0,281.0,771.0,2593.0,3495.0,8011.0,2093.0
Kurunegala,North Western,2021,July,0.785175953,0.744322267,Healthy,105.15774,,,,1742500,18.3883,27.6894,473,6,27.19319733,0.367894927,9133.955490855564,9372.17112071239,624.269242939287,21.09943718387635,25.117418603509208,1.535702337630646,47.75255812501619,7044.689970049743,33850.0,281.0,771.0,2593.0,3495.0,8011.0,2093.0
Kurunegala,North Western,2021,August,0.758186037,0.705662287,Healthy,106.950388,313.7,293.1,5.6,1742420,18.9104,28.2863,523,7,30.0570191,0.406639378,7985.556424145163,8193.821546001673,545.7807702633233,18.446635339775327,21.959441743284486,1.3426206948477752,41.74869777790758,6158.9712477537305,33850.0,281.0,771.0,2593.0,3495.0,8011.0,2093.0
Kurunegala,North Western,2021,September,0.742048933,0.700741113,Healthy,105.5056067,321.4,297.2,9.5,1742330,22.9458,33.3827,598,8,34.35265336,0.464754724,7795.424128332183,7998.730556811157,532.7859900189585,18.007429736447342,21.4365978922539,1.3106535354466378,40.75468116414788,6012.329075188166,33850.0,281.0,771.0,2593.0,3495.0,8011.0,2093.0
Kurunegala,North Western,2021,October,0.75677783,0.73167966,Healthy,103.2209937,,,,1742250,20.5729,30.3576,648,8,37.21708332,0.503507403,7700.357980425692,7901.185062215898,526.2885998967761,17.78782693478335,21.17517596673861,1.294669955746069,40.25767285726802,5939.007988905383,33850.0,281.0,771.0,2593.0,3495.0,8011.0,2093.0
Kurunegala,North Western,2021,November,0.780910117,0.775106013,Healthy,100.7115903,,,,1742170,23.2944,33.2075,698,9,40.08177634,0.542263641,7415.159536706225,7608.548578430126,506.7964295302289,17.129018529791377,20.39091019019274,1.246719216644363,38.76664793662847,5719.044730057036,33850.0,281.0,771.0,2593.0,3495.0,8011.0,2093.0
Kurunegala,North Western,2021,December,0.790741317,0.801992007,Healthy,98.68116467,,,,1742080,29.1566,40.5309,673,9,38.6522811,0.522924096,7225.027240893244,7413.45758923961,493.8016492858641,16.689812926463393,19.868066339162155,1.214752057243225,37.77263132286877,5572.402557491471,33850.0,281.0,771.0,2593.0,3495.0,8011.0,2093.0
Kurunegala,North Western,2022,January,0.754757353,0.780569127,Healthy,96.88485367,321.125,301.5,11.45,1742000,28.2675,42.089,905,11,51.9923833,0.638458738,168.5039043792545,178.87510141952555,7.169638689978045,0.3892440191160778,0.4793852718043284,0.0176373111773459,0.8862666020977522,149.88315180873505,20511.0,404.0,760.0,940.0,1489.0,9060.0,36.0
Kurunegala,North Western,2022,February,0.69389957,0.719077073,Healthy,96.73185333,323.35,302.4166667,12.73333333,1740750,28.3166,41.5968,855,10,49.13917816,0.603421803,151.98391375383733,161.33832677055238,6.4667329360586265,0.3510828407713642,0.4323867157450803,0.0159081630227042,0.7993777195391488,135.18872516081984,20511.0,404.0,760.0,940.0,1489.0,9060.0,36.0
Kurunegala,North Western,2022,March,0.66844282,0.688387047,Healthy,97.29845167,323.2,295.6,12.45,1739500,28.2901,38.8328,905,11,52.06710647,0.639376328,621.1516475156831,659.3827268013882,26.429256347370043,1.4348603057612277,1.7671457078277202,0.0650159706145303,3.267021984203478,552.5104419616116,20511.0,404.0,760.0,940.0,1489.0,9060.0,36.0
Kurunegala,North Western,2022,April,0.72018985,0.725046423,Healthy,99.35812,,,,1738250,24.6597,36.6939,805,9,46.31515436,0.568743211,5109.633100441511,5424.124398927377,217.40874968727545,11.803252462019888,14.53665338912537,0.5348255242306975,26.874731375375955,4544.986162200173,20511.0,404.0,760.0,940.0,1489.0,9060.0,36.0
Kurunegala,North Western,2022,May,0.776692393,0.768874397,Healthy,100.9539683,,,,1737000,21.3165,34.9361,754,9,43.45170395,0.533580465,7443.907775812947,7902.070656827275,316.7293327160889,17.195426962127907,21.177549360297093,0.7791541584815787,39.15213048090658,6621.30864755059,20511.0,404.0,760.0,940.0,1489.0,9060.0,36.0
Kurunegala,North Western,2022,June,0.77966602,0.774869567,Healthy,100.581398,,,,1735750,20.6735,31.0953,855,10,49.28072844,0.60516002,8877.84296209915,9424.262696358135,377.7415521562941,20.507817242449036,25.2570240262398,0.9292442183044834,46.69408548699332,7896.784880589629,20511.0,404.0,760.0,940.0,1489.0,9060.0,36.0
Kurunegala,North Western,2022,July,0.762338567,0.744322267,Healthy,102.2853967,,,,1734500,19.7981,28.569,956,11,55.11815453,0.676842744,7936.203496450376,8424.666541366672,337.67592418288746,18.332630076800367,22.57810633086268,0.8306827734899032,41.74141918115295,7059.202561658463,20511.0,404.0,760.0,940.0,1489.0,9060.0,36.0
Kurunegala,North Western,2022,August,0.747584147,0.705662287,Healthy,105.5507863,,,,1733250,19.5908,29.0417,1056,12,60.96400038,0.748628862,6938.396062675183,7365.445352568697,295.2204166461547,16.027694904779672,19.739393544884106,0.7262422249495406,36.49333067461332,6171.659192124385,20511.0,404.0,760.0,940.0,1489.0,9060.0,36.0
Kurunegala,North Western,2022,September,0.737110953,0.700741113,Healthy,104.8476067,320.0,299.45,8.15,1732000,23.9442,36.6512,1207,14,69.72342703,0.856193319,6773.196156421011,7190.077606078966,288.19135910696053,15.646083121332536,19.269407984291625,0.7089507434031229,35.624441849027285,6024.714925645233,20511.0,404.0,760.0,940.0,1489.0,9060.0,36.0
Kurunegala,North Western,2022,October,0.7525928,0.73167966,Healthy,102.6845767,,,,1730750,22.4293,32.8509,1308,16,75.58826534,0.928212662,6690.596203293926,7102.393732834101,284.67683033736347,15.455277229608969,19.034415203995387,0.7003050026299141,35.18999743623427,5951.2427924056565,20511.0,404.0,760.0,940.0,1489.0,9060.0,36.0
Kurunegala,North Western,2022,November,0.777221053,0.775106013,Healthy,100.263775,,,,1729500,24.5464,33.7076,1408,17,81.46158131,1.000336109,6442.796343912671,6839.342113099506,274.1332440285723,14.88285955443827,18.32943686310667,0.6743677803102878,33.88666419785523,5730.826392686929,20511.0,404.0,760.0,940.0,1489.0,9060.0,36.0
Kurunegala,North Western,2022,December,0.796483953,0.801992007,Healthy,99.35326467,,,,1728250,29.6316,41.1335,1358,16,78.60905399,0.965307498,6277.5964376585,6663.974366609775,267.1041864893781,14.501247770991132,17.859451302514195,0.6570762987638702,33.0177753722692,5583.882126207777,20511.0,404.0,760.0,940.0,1489.0,9060.0,36.0
Kurunegala,North Western,2023,January,0.78505081,0.780569127,Healthy,100.5476947,,,,1727000,28.1924,40.8921,1203,7,69.69226206,0.432160662,,,,,,,,,27890.0,685.0,586.0,288.0,1816.0,20200.0,60.0
Kurunegala,North Western,2023,February,0.735844293,0.719077073,Healthy,102.1853803,317.38,298.42,12.34,1725750,27.435,42.9538,1136,7,65.86814499,0.40844737,,,,,,,,,27890.0,685.0,586.0,288.0,1816.0,20200.0,60.0
Kurunegala,North Western,2023,March,0.699564313,0.688387047,Healthy,101.5145367,323.25,300.75,10.55,1724500,28.9498,39.7284,1203,7,69.79329463,0.432787163,,,,,,,,,27890.0,685.0,586.0,288.0,1816.0,20200.0,60.0
Kurunegala,North Western,2023,April,0.725055687,0.725046423,Healthy,100.0035247,,,,1723250,24.9358,36.4111,1069,6,62.08348519,0.384978752,,,,,,,,,27890.0,685.0,586.0,288.0,1816.0,20200.0,60.0
Kurunegala,North Western,2023,May,0.773505033,0.768874397,Healthy,100.56336,,,,1722000,22.67,37.1914,1002,6,58.24551712,0.36117957,,,,,,,,,27890.0,685.0,586.0,288.0,1816.0,20200.0,60.0
Kurunegala,North Western,2023,June,0.7809755,0.774869567,Healthy,100.7395633,,,,1720750,21.3802,30.7457,1136,7,66.0595387,0.409634199,,,,,,,,,27890.0,685.0,586.0,288.0,1816.0,20200.0,60.0
Kurunegala,North Western,2023,July,0.734544313,0.744322267,Healthy,98.75369033,,,,1719500,20.2566,30.288,1270,7,73.88492117,0.458159278,,,,,,,,,27890.0,685.0,586.0,288.0,1816.0,20200.0,60.0
Kurunegala,North Western,2023,August,0.677932253,0.705662287,Healthy,96.33322833,321.1,300.375,16.525,1718250,20.1842,31.4625,1404,8,81.72168933,0.506754958,,,,,,,,,27890.0,685.0,586.0,288.0,1816.0,20200.0,60.0
Kurunegala,North Western,2023,September,0.717105487,0.700741113,Healthy,102.16885,,,,1717000,24.0233,37.5149,1604,9,93.46421012,0.579570152,,,,,,,,,27890.0,685.0,586.0,288.0,1816.0,20200.0,60.0
Kurunegala,North Western,2023,October,0.7749962,0.73167966,Healthy,105.5472333,,,,1715750,22.404,33.8151,1738,10,101.3266615,0.628325094,,,,,,,,,27890.0,685.0,586.0,288.0,1816.0,20200.0,60.0
Kurunegala,North Western,2023,November,0.794503153,0.775106013,Healthy,102.3617747,,,,1714500,24.6526,34.8129,1872,11,109.2005776,0.677151128,,,,,,,,,27890.0,685.0,586.0,288.0,1816.0,20200.0,60.0
Kurunegala,North Western,2023,December,0.80900524,0.801992007,Healthy,100.823418,,,,1713250,29.6694,42.929,1805,11,105.377385,0.653443569,,,,,,,,,27890.0,685.0,586.0,288.0,1816.0,20200.0,60.0
Kurunegala,North Western,2024,January,0.794562227,0.780569127,Healthy,101.6915867,312.8,300.4,5.8,1712000,29.5397,43.354,1365,8,79.77404832,0.508604969,,,,,,,,,74410.0,146.0,1027.0,715.0,1644.0,65289.0,94.0
Kurunegala,North Western,2024,February,0.731102933,0.719077073,Healthy,101.5484897,315.6,298.8,13.1,1712000,29.8144,42.9851,1289,8,75.34215675,0.480349138,,,,,,,,,74410.0,146.0,1027.0,715.0,1644.0,65289.0,94.0
Kurunegala,North Western,2024,March,0.670029917,0.688387047,Healthy,97.51501167,324.04,308.08,10.32,1712000,29.8771,41.2418,1365,8,79.77404832,0.508604969,,,,,,,,,74410.0,146.0,1027.0,715.0,1644.0,65289.0,94.0
Kurunegala,North Western,2024,April,0.699557357,0.725046423,Healthy,96.69847333,,,,1712000,24.8395,38.4852,1213,7,70.91026518,0.452093306,,,,,,,,,74410.0,146.0,1027.0,715.0,1644.0,65289.0,94.0
Kurunegala,North Western,2024,May,0.767782873,0.768874397,Healthy,99.858414,316.1,292.4,11.4,1712000,23.4348,37.1533,1138,7,66.4783736,0.423837474,,,,,,,,,74410.0,146.0,1027.0,715.0,1644.0,65289.0,94.0
Kurunegala,North Western,2024,June,0.797413247,0.774869567,Healthy,102.7359417,,,,1712000,22.1286,32.8439,1289,8,75.34215675,0.480349138,,,,,,,,,74410.0,146.0,1027.0,715.0,1644.0,65289.0,94.0
Kurunegala,North Western,2024,July,0.78384429,0.744322267,Healthy,104.9889187,,,,1712000,20.2388,30.4552,1441,9,84.2059399,0.536860801,,,,,,,,,74410.0,146.0,1027.0,715.0,1644.0,65289.0,94.0
Kurunegala,North Western,2024,August,0.771688587,0.705662287,Healthy,108.7466083,,,,1712000,21.0235,31.3296,1593,10,93.06972305,0.593372464,,,,,,,,,74410.0,146.0,1027.0,715.0,1644.0,65289.0,94.0
Kurunegala,North Western,2024,September,0.765953987,0.700741113,Healthy,108.6922013,,,,1712000,25.383,38.6309,1820,11,106.3653978,0.678139959,,,,,,,,,74410.0,146.0,1027.0,715.0,1644.0,65289.0,94.0
Kurunegala,North Western,2024,October,0.758602733,0.73167966,Healthy,103.4675833,,,,1712000,22.5665,35.4869,1972,12,115.2291809,0.734651622,,,,,,,,,74410.0,146.0,1027.0,715.0,1644.0,65289.0,94.0
Kurunegala,North Western,2024,November,0.772488367,0.775106013,Healthy,99.68886333,312.8,295.6,9.5,1712000,25.1404,33.5848,2124,13,124.0929641,0.791163285,,,,,,,,,74410.0,146.0,1027.0,715.0,1644.0,65289.0,94.0
Kurunegala,North Western,2024,December,0.79325526,0.801992007,Healthy,98.97467,,,,1712000,32.1004,43.1579,2048,13,119.6610725,0.762907454,,,,,,,,,74410.0,146.0,1027.0,715.0,1644.0,65289.0,94.0
Mannar,Northern,2014,January,0.747287167,0.752750457,Healthy,99.31791333,319.6,304.2,8.2,102000,25.1799,15.4153,62,0,61.69296987,0.430416069,,,,,,,,,859112.0,3851.0,20799.0,3851.0,38780.0,272885.0,79038.0
Mannar,Northern,2014,February,0.712748697,0.730726753,Healthy,97.69319667,317.3,299.475,13.75,102080,23.8462,14.3935,59,0,58.21991997,0.406185488,,,,,,,,,859112.0,3851.0,20799.0,3851.0,38780.0,272885.0,79038.0
Mannar,Northern,2014,March,0.677098433,0.701147733,Healthy,96.79736,333.5,310.3,22.6,102170,25.7141,13.1327,62,0,61.59031934,0.429699902,,,,,,,,,859112.0,3851.0,20799.0,3851.0,38780.0,272885.0,79038.0
Mannar,Northern,2014,April,0.667594367,0.683091767,Healthy,97.88840667,,,,102250,22.6247,11.3135,55,0,54.70411672,0.381656628,,,,,,,,,859112.0,3851.0,20799.0,3851.0,38780.0,272885.0,79038.0
Mannar,Northern,2014,May,0.682371783,0.67330281,Healthy,101.2582213,,,,102330,18.2121,10.2179,52,0,51.24501553,0.357523364,,,,,,,,,859112.0,3851.0,20799.0,3851.0,38780.0,272885.0,79038.0
Mannar,Northern,2014,June,0.663027687,0.650217933,Healthy,101.8242983,324.66,299.3,11.92,102420,16.1142,8.9448,59,0,58.02664939,0.404837089,,,,,,,,,859112.0,3851.0,20799.0,3851.0,38780.0,272885.0,79038.0
Mannar,Northern,2014,July,0.623970257,0.62472038,Degraded,99.88643667,,,,102500,12.5672,8.0113,66,0,64.80269681,0.452111838,,,,,,,,,859112.0,3851.0,20799.0,3851.0,38780.0,272885.0,79038.0
Mannar,Northern,2014,August,0.62168817,0.611533847,Degraded,101.53604,325.95,301.05,8.95,102580,14.1751,9.5453,73,0,71.56817523,0.49931285,,,,,,,,,859112.0,3851.0,20799.0,3851.0,38780.0,272885.0,79038.0
Mannar,Northern,2014,September,0.65488,0.62242828,Degraded,104.8179433,322.83,300.73,15.73,102670,23.6151,16.1212,83,0,81.72050163,0.570143035,,,,,,,,,859112.0,3851.0,20799.0,3851.0,38780.0,272885.0,79038.0
Mannar,Northern,2014,October,0.710635377,0.669382467,Healthy,105.7448833,322.45,294.0,17.375,102750,15.7493,10.3332,90,0,88.46161454,0.617174055,,,,,,,,,859112.0,3851.0,20799.0,3851.0,38780.0,272885.0,79038.0
Mannar,Northern,2014,November,0.742634863,0.7253331,Healthy,102.2483867,314.8,299.4,13.4,102830,24.5609,14.0487,97,0,95.19223851,0.664131897,,,,,,,,,859112.0,3851.0,20799.0,3851.0,38780.0,272885.0,79038.0
Mannar,Northern,2014,December,0.744276933,0.751651733,Healthy,99.08242333,,,,102920,27.3021,15.6877,94,0,91.71224631,0.639852881,,,,,,,,,859112.0,3851.0,20799.0,3851.0,38780.0,272885.0,79038.0
Mannar,Northern,2015,January,0.741735367,0.752750457,Healthy,98.62872667,311.1,292.15,10.45,103000,17.797,22.748,66,0,64.14870945,0.284158181,206.8805999579882,516.6770086740395,301.07848958123685,0.4778941859029527,1.384694383246426,0.7406530843698426,2.603241653519221,,1337814.0,4140.0,39456.0,5356.0,105628.0,370889.0,129547.0
Mannar,Northern,2015,February,0.729833833,0.730726753,Healthy,99.89023667,312.6666667,301.8,4.733333333,103170,20.13,25.4895,62,0,60.48506254,0.267929402,206.8805999579882,516.6770086740395,301.07848958123685,0.4778941859029527,1.384694383246426,0.7406530843698426,2.603241653519221,,1337814.0,4140.0,39456.0,5356.0,105628.0,370889.0,129547.0
Mannar,Northern,2015,March,0.712612303,0.701147733,Healthy,101.5303067,313.7,300.7,8.8,103330,22.7827,24.8963,66,0,63.94384083,0.283250679,206.8805999579882,516.6770086740395,301.07848958123685,0.4778941859029527,1.384694383246426,0.7406530843698426,2.603241653519221,,1337814.0,4140.0,39456.0,5356.0,105628.0,370889.0,129547.0
Mannar,Northern,2015,April,0.705195353,0.683091767,Healthy,103.0163383,,,,103500,17.5208,26.3877,58,0,56.74561093,0.251364832,206.8805999579882,516.6770086740395,301.07848958123685,0.4778941859029527,1.384694383246426,0.7406530843698426,2.603241653519221,,1337814.0,4140.0,39456.0,5356.0,105628.0,370889.0,129547.0
Mannar,Northern,2015,May,0.701354863,0.67330281,Healthy,103.879256,311.0,292.6,4.3,103670,17.9818,25.4106,55,0,53.11177352,0.2352681,206.8805999579882,516.6770086740395,301.07848958123685,0.4778941859029527,1.384694383246426,0.7406530843698426,2.603241653519221,,1337814.0,4140.0,39456.0,5356.0,105628.0,370889.0,129547.0
Mannar,Northern,2015,June,0.682123043,0.650217933,Healthy,104.5581533,317.6,297.1,16.5,103830,17.8406,21.9605,62,0,60.10058656,0.266226297,206.8805999579882,516.6770086740395,301.07848958123685,0.4778941859029527,1.384694383246426,0.7406530843698426,2.603241653519221,,1337814.0,4140.0,39456.0,5356.0,105628.0,370889.0,129547.0
Mannar,Northern,2015,July,0.65966151,0.62472038,Degraded,105.181795,324.5,295.425,12.75,104000,16.4265,20.0219,69,0,67.06144465,0.297060663,206.8805999579882,516.6770086740395,301.07848958123685,0.4778941859029527,1.384694383246426,0.7406530843698426,2.603241653519221,,1337814.0,4140.0,39456.0,5356.0,105628.0,370889.0,129547.0
Mannar,Northern,2015,August,0.660340497,0.611533847,Degraded,107.37855,313.3,284.8,7.75,104170,15.9806,16.907,77,0,73.99958323,0.327794389,206.8805999579882,516.6770086740395,301.07848958123685,0.4778941859029527,1.384694383246426,0.7406530843698426,2.603241653519221,,1337814.0,4140.0,39456.0,5356.0,105628.0,370889.0,129547.0
Mannar,Northern,2015,September,0.681120487,0.62242828,Degraded,108.7299433,318.25,299.1,7.3,104330,19.1353,22.0364,88,0,84.44125465,0.37404764,206.8805999579882,516.6770086740395,301.07848958123685,0.4778941859029527,1.384694383246426,0.7406530843698426,2.603241653519221,,1337814.0,4140.0,39456.0,5356.0,105628.0,370889.0,129547.0
Mannar,Northern,2015,October,0.71473382,0.669382467,Healthy,106.329983,,,,104500,19.2142,22.6626,95,0,91.32920994,0.40455907,206.8805999579882,516.6770086740395,301.07848958123685,0.4778941859029527,1.384694383246426,0.7406530843698426,2.603241653519221,,1337814.0,4140.0,39456.0,5356.0,105628.0,370889.0,129547.0
Mannar,Northern,2015,November,0.7484123,0.7253331,Healthy,102.9857227,,,,104670,15.8988,15.9949,102,0,98.19479106,0.434971389,206.8805999579882,516.6770086740395,301.07848958123685,0.4778941859029527,1.384694383246426,0.7406530843698426,2.603241653519221,,1337814.0,4140.0,39456.0,5356.0,105628.0,370889.0,129547.0
Mannar,Northern,2015,December,0.7650697,0.751651733,Healthy,101.67453,,,,104830,23.072,26.5143,99,0,94.54331403,0.418796518,206.8805999579882,516.6770086740395,301.07848958123685,0.4778941859029527,1.384694383246426,0.7406530843698426,2.603241653519221,,1337814.0,4140.0,39456.0,5356.0,105628.0,370889.0,129547.0
Mannar,Northern,2016,January,0.764011763,0.752750457,Healthy,101.4025833,,,,105000,24.2156,31.6498,59,0,56.8641115,0.069686411,,,,,,,,,986656.0,2685.0,26887.0,5271.0,45172.0,340129.0,56945.0
Mannar,Northern,2016,February,0.73370614,0.730726753,Healthy,100.3761167,317.5,290.3,12.1,105080,25.1197,32.9994,56,0,53.66410725,0.065764837,,,,,,,,,986656.0,2685.0,26887.0,5271.0,45172.0,340129.0,56945.0
Mannar,Northern,2016,March,0.6857723,0.701147733,Healthy,97.94626533,327.45,305.3,16.55,105170,22.7573,30.9378,59,0,56.77219461,0.069573768,,,,,,,,,986656.0,2685.0,26887.0,5271.0,45172.0,340129.0,56945.0
Mannar,Northern,2016,April,0.66148459,0.683091767,Healthy,97.05355,325.5333333,303.5,11.83333333,105250,20.1289,24.0871,53,0,50.42581542,0.061796342,,,,,,,,,986656.0,2685.0,26887.0,5271.0,45172.0,340129.0,56945.0
Mannar,Northern,2016,May,0.6779728,0.67330281,Healthy,100.654338,321.6,298.4,20.56666667,105330,19.3211,26.8431,49,0,47.23829636,0.057890069,,,,,,,,,986656.0,2685.0,26887.0,5271.0,45172.0,340129.0,56945.0
Mannar,Northern,2016,June,0.695017933,0.650217933,Healthy,106.41278,317.6,297.6,8.3,105420,18.344,25.4891,56,0,53.49103007,0.065552733,,,,,,,,,986656.0,2685.0,26887.0,5271.0,45172.0,340129.0,56945.0
Mannar,Northern,2016,July,0.688527167,0.62472038,Degraded,109.460665,324.1,299.1,15.7,105500,18.3314,25.2434,63,0,59.73875853,0.073209263,,,,,,,,,986656.0,2685.0,26887.0,5271.0,45172.0,340129.0,56945.0
Mannar,Northern,2016,August,0.674027153,0.611533847,Degraded,109.446137,330.0333333,295.5666667,36.1,105580,18.5886,26.3396,69,0,65.97701893,0.08085419,,,,,,,,,986656.0,2685.0,26887.0,5271.0,45172.0,340129.0,56945.0
Mannar,Northern,2016,September,0.646286123,0.62242828,Degraded,103.5731167,318.9333333,297.0333333,12.86666667,105670,16.4433,20.6731,79,0,75.33808659,0.092326087,,,,,,,,,986656.0,2685.0,26887.0,5271.0,45172.0,340129.0,56945.0
Mannar,Northern,2016,October,0.648279983,0.669382467,Healthy,97.08761,324.5142857,301.2285714,15.95714286,105750,18.5298,23.8354,86,0,81.55451767,0.099944262,,,,,,,,,986656.0,2685.0,26887.0,5271.0,45172.0,340129.0,56945.0
Mannar,Northern,2016,November,0.706742027,0.7253331,Healthy,97.59052633,,,,105830,19.8608,25.4058,92,0,87.76155039,0.10755092,,,,,,,,,986656.0,2685.0,26887.0,5271.0,45172.0,340129.0,56945.0
Mannar,Northern,2016,December,0.748420007,0.751651733,Healthy,99.59556667,,,,105920,22.9779,29.0948,89,0,84.55530175,0.103621693,,,,,,,,,986656.0,2685.0,26887.0,5271.0,45172.0,340129.0,56945.0
Mannar,Northern,2017,January,0.7566374,0.752750457,Healthy,100.48526,,,,106000,20.6031,30.2238,57,0,54.53290382,0.069028992,,,,,,,,,903306.0,3331.0,16742.0,8689.0,39182.0,344380.0,23537.0
Mannar,Northern,2017,February,0.74135946,0.730726753,Healthy,101.3638613,,,,106250,21.4467,31.6022,54,0,51.38211382,0.06504065,,,,,,,,,903306.0,3331.0,16742.0,8689.0,39182.0,344380.0,23537.0
Mannar,Northern,2017,March,0.70671949,0.701147733,Healthy,100.7340333,311.8,291.5,18.6,106500,21.7764,29.5248,57,0,54.2768808,0.068704912,,,,,,,,,903306.0,3331.0,16742.0,8689.0,39182.0,344380.0,23537.0
Mannar,Northern,2017,April,0.6577087,0.683091767,Healthy,96.533698,331.1666667,305.0333333,22.8,106750,18.4521,27.2422,51,0,48.1331277,0.06092801,,,,,,,,,903306.0,3331.0,16742.0,8689.0,39182.0,344380.0,23537.0
Mannar,Northern,2017,May,0.629601,0.67330281,Healthy,93.956868,315.15,292.85,7.25,107000,16.7864,27.0661,48,0,45.01937543,0.056986551,,,,,,,,,903306.0,3331.0,16742.0,8689.0,39182.0,344380.0,23537.0
Mannar,Northern,2017,June,0.603604577,0.650217933,Healthy,93.34004667,319.1,291.9,10.7,107250,15.8309,23.4576,54,0,50.90302651,0.064434211,,,,,,,,,903306.0,3331.0,16742.0,8689.0,39182.0,344380.0,23537.0
Mannar,Northern,2017,July,0.57386871,0.62472038,Degraded,92.463932,328.6333333,303.2,15.91666667,107500,14.981,22.5923,61,0,56.75931178,0.07184723,,,,,,,,,903306.0,3331.0,16742.0,8689.0,39182.0,344380.0,23537.0
Mannar,Northern,2017,August,0.584461017,0.611533847,Degraded,95.90936667,316.6,294.3,6.3,107750,15.0444,22.487,67,0,62.58842171,0.07922585,,,,,,,,,903306.0,3331.0,16742.0,8689.0,39182.0,344380.0,23537.0
Mannar,Northern,2017,September,0.63246819,0.62242828,Degraded,101.4850233,,,,108000,18.5967,28.5876,77,0,71.36404697,0.090334237,,,,,,,,,903306.0,3331.0,16742.0,8689.0,39182.0,344380.0,23537.0
Mannar,Northern,2017,October,0.670411787,0.669382467,Healthy,100.1689367,,,,108250,17.4804,25.2206,83,0,77.13250343,0.09763608,,,,,,,,,903306.0,3331.0,16742.0,8689.0,39182.0,344380.0,23537.0
Mannar,Northern,2017,November,0.70543435,0.7253331,Healthy,97.436564,,,,108500,18.8883,25.5139,89,0,82.87437713,0.104904275,,,,,,,,,903306.0,3331.0,16742.0,8689.0,39182.0,344380.0,23537.0
Mannar,Northern,2017,December,0.738939983,0.751651733,Healthy,98.41207333,,,,108750,21.9955,30.5165,86,0,79.73086627,0.100925147,,,,,,,,,903306.0,3331.0,16742.0,8689.0,39182.0,344380.0,23537.0
Mannar,Northern,2018,January,0.744270223,0.752750457,Healthy,98.94237667,,,,109000,21.914,31.5232,48,0,44.57373014,0.067129112,,,,,,,,,961598.0,2957.0,16931.0,7055.0,80776.0,339763.0,20063.0
Mannar,Northern,2018,February,0.7038564,0.730726753,Healthy,96.54957167,,,,109170,23.1063,31.7996,45,0,42.03185753,0.06330099,,,,,,,,,961598.0,2957.0,16931.0,7055.0,80776.0,339763.0,20063.0
Mannar,Northern,2018,March,0.6579364,0.701147733,Healthy,94.24496533,,,,109330,22.9061,31.0798,48,0,44.43918948,0.06692649,,,,,,,,,961598.0,2957.0,16931.0,7055.0,80776.0,339763.0,20063.0
Mannar,Northern,2018,April,0.6545528,0.683091767,Healthy,96.11053333,325.8,299.65,20.95,109500,19.5131,28.5467,43,0,39.44017522,0.059397854,,,,,,,,,961598.0,2957.0,16931.0,7055.0,80776.0,339763.0,20063.0
Mannar,Northern,2018,May,0.6747446,0.67330281,Healthy,100.2035033,,,,109670,18.2303,27.2927,40,0,36.91784889,0.05559917,,,,,,,,,961598.0,2957.0,16931.0,7055.0,80776.0,339763.0,20063.0
Mannar,Northern,2018,June,0.647940497,0.650217933,Healthy,99.66494333,,,,109830,17.047,25.4814,45,0,41.77927603,0.062920596,,,,,,,,,961598.0,2957.0,16931.0,7055.0,80776.0,339763.0,20063.0
Mannar,Northern,2018,July,0.593503077,0.62472038,Degraded,95.36205333,318.9,291.4333333,10.5,110000,15.6071,24.2306,51,0,46.62232077,0.070214339,,,,,,,,,961598.0,2957.0,16931.0,7055.0,80776.0,339763.0,20063.0
Mannar,Northern,2018,August,0.55387075,0.611533847,Degraded,91.28247967,323.8666667,294.9333333,18.86666667,110170,15.6443,23.9619,56,0,51.4504192,0.077485571,,,,,,,,,961598.0,2957.0,16931.0,7055.0,80776.0,339763.0,20063.0
Mannar,Northern,2018,September,0.572534347,0.62242828,Degraded,92.563257,320.76,298.86,17.56,110330,19.1237,28.203,64,0,58.71520693,0.088426516,,,,,,,,,961598.0,2957.0,16931.0,7055.0,80776.0,339763.0,20063.0
Mannar,Northern,2018,October,0.658413283,0.669382467,Healthy,98.44915967,,,,110500,17.3661,26.7084,70,0,63.51028216,0.095648015,,,,,,,,,961598.0,2957.0,16931.0,7055.0,80776.0,339763.0,20063.0
Mannar,Northern,2018,November,0.719106633,0.7253331,Healthy,99.199898,,,,110670,19.6038,26.0331,75,0,68.29062598,0.102847328,,,,,,,,,961598.0,2957.0,16931.0,7055.0,80776.0,339763.0,20063.0
Mannar,Northern,2018,December,0.749279477,0.751651733,Healthy,99.702,,,,110830,24.4336,32.5831,72,0,65.75660812,0.099031036,,,,,,,,,961598.0,2957.0,16931.0,7055.0,80776.0,339763.0,20063.0
Mannar,Northern,2019,January,0.760838963,0.752750457,Healthy,101.0079713,,,,111000,22.3821,33.0341,74,0,67.10613052,0.0,291.457653954688,521.5341368401879,476.5919869638473,0.6732671806353293,1.3977114867317038,1.1724162879310642,3.243394955298097,,734606.0,1613.0,13459.0,3738.0,38232.0,284301.0,15490.0
Mannar,Northern,2019,February,0.731209717,0.730726753,Healthy,100.055285,,,,111080,23.0337,34.1009,70,0,63.33236721,0.0,291.457653954688,521.5341368401879,476.5919869638473,0.6732671806353293,1.3977114867317038,1.1724162879310642,3.243394955298097,,734606.0,1613.0,13459.0,3738.0,38232.0,284301.0,15490.0
Mannar,Northern,2019,March,0.674446107,0.701147733,Healthy,96.43254333,322.9333333,298.6666667,24.56666667,111170,22.9967,32.6806,74,0,67.00351253,0.0,291.457653954688,521.5341368401879,476.5919869638473,0.6732671806353293,1.3977114867317038,1.1724162879310642,3.243394955298097,,734606.0,1613.0,13459.0,3738.0,38232.0,284301.0,15490.0
Mannar,Northern,2019,April,0.633367183,0.683091767,Healthy,93.21579667,355.7,309.6,146.65,111250,20.7803,30.1684,66,0,59.51584909,0.0,291.457653954688,521.5341368401879,476.5919869638473,0.6732671806353293,1.3977114867317038,1.1724162879310642,3.243394955298097,,734606.0,1613.0,13459.0,3738.0,38232.0,284301.0,15490.0
Mannar,Northern,2019,May,0.623464597,0.67330281,Healthy,93.11141333,323.9333333,302.8333333,13.33333333,111330,19.2293,27.9346,62,0,55.75601431,0.0,291.457653954688,521.5341368401879,476.5919869638473,0.6732671806353293,1.3977114867317038,1.1724162879310642,3.243394955298097,,734606.0,1613.0,13459.0,3738.0,38232.0,284301.0,15490.0
Mannar,Northern,2019,June,0.612112817,0.650217933,Healthy,94.561672,323.15,298.35,10.05,111420,17.4662,25.2218,70,0,63.13910743,0.0,291.457653954688,521.5341368401879,476.5919869638473,0.6732671806353293,1.3977114867317038,1.1724162879310642,3.243394955298097,,734606.0,1613.0,13459.0,3738.0,38232.0,284301.0,15490.0
Mannar,Northern,2019,July,0.59451383,0.62472038,Degraded,95.52450167,323.3,294.7,13.9,111500,16.5901,24.4596,78,0,70.51660651,0.0,291.457653954688,521.5341368401879,476.5919869638473,0.6732671806353293,1.3977114867317038,1.1724162879310642,3.243394955298097,,734606.0,1613.0,13459.0,3738.0,38232.0,284301.0,15490.0
Mannar,Northern,2019,August,0.5833615,0.611533847,Degraded,95.74150333,,,,111580,16.2365,24.2108,86,0,77.88352664,0.0,291.457653954688,521.5341368401879,476.5919869638473,0.6732671806353293,1.3977114867317038,1.1724162879310642,3.243394955298097,,734606.0,1613.0,13459.0,3738.0,38232.0,284301.0,15490.0
Mannar,Northern,2019,September,0.612733833,0.62242828,Degraded,98.54391833,,,,111670,19.5536,29.7285,99,0,88.93800768,0.0,291.457653954688,521.5341368401879,476.5919869638473,0.6732671806353293,1.3977114867317038,1.1724162879310642,3.243394955298097,,734606.0,1613.0,13459.0,3738.0,38232.0,284301.0,15490.0
Mannar,Northern,2019,October,0.6831015,0.669382467,Healthy,101.9002767,,,,111750,17.6341,26.7496,107,0,96.28053328,0.0,291.457653954688,521.5341368401879,476.5919869638473,0.6732671806353293,1.3977114867317038,1.1724162879310642,3.243394955298097,,734606.0,1613.0,13459.0,3738.0,38232.0,284301.0,15490.0
Mannar,Northern,2019,November,0.737841003,0.7253331,Healthy,101.6148467,,,,111830,19.3505,27.0166,115,0,103.6125536,0.0,291.457653954688,521.5341368401879,476.5919869638473,0.6732671806353293,1.3977114867317038,1.1724162879310642,3.243394955298097,,734606.0,1613.0,13459.0,3738.0,38232.0,284301.0,15490.0
Mannar,Northern,2019,December,0.768938443,0.751651733,Healthy,102.1552197,,,,111920,24.0138,34.1792,111,0,99.83176136,0.0,291.457653954688,521.5341368401879,476.5919869638473,0.6732671806353293,1.3977114867317038,1.1724162879310642,3.243394955298097,,734606.0,1613.0,13459.0,3738.0,38232.0,284301.0,15490.0
Mannar,Northern,2020,January,0.762346133,0.752750457,Healthy,101.192018,327.1,296.8,31.2,112000,17.4798,24.2573,36,0,32.86149826,0.0,8.173934422175087,13.2712896507069,13.025350480694632,0.0188817885152244,0.0355670562638945,0.0320423621825087,0.0864912069616277,32.50464817563872,405256.0,578.0,9532.0,3000.0,21021.0,151634.0,7150.0
Mannar,Northern,2020,February,0.713639977,0.730726753,Healthy,97.80233,318.84,298.67,17.94,112170,17.2782,25.0575,34,0,30.98882286,0.0,7.372568302353997,11.97018282220622,11.748355335528489,0.0170306327784377,0.0320800899635126,0.0289009541254,0.0780116768673504,29.317917962340807,405256.0,578.0,9532.0,3000.0,21021.0,151634.0,7150.0
Mannar,Northern,2020,March,0.664936383,0.701147733,Healthy,95.17486667,323.3,302.55,14.6,112330,17.4989,24.076,36,0,32.76495865,0.0,30.131366105272864,48.92161675162543,48.01501745824687,0.0696034557031803,0.1311099328943561,0.1181169429472872,0.3188303315448237,119.82105602000156,405256.0,578.0,9532.0,3000.0,21021.0,151634.0,7150.0
Mannar,Northern,2020,April,0.6521805,0.683091767,Healthy,95.78592167,332.1,312.1,15.25,112500,15.0263,22.4239,32,0,29.08039747,0.0,247.86254086066216,402.43234205525926,394.9745983998872,0.5725624693881297,1.078518676708095,0.9716375120637224,2.622718658159947,985.6556549730448,405256.0,578.0,9532.0,3000.0,21021.0,151634.0,7150.0
Mannar,Northern,2020,May,0.675089703,0.67330281,Healthy,100.2553133,,,,112670,14.0691,21.2778,30,0,27.22173756,0.0,361.09557359138176,586.2787369224048,575.4140124118628,0.8341307749960919,1.5712270149520453,1.4155184705331825,3.8208762604813193,1435.94063411204,405256.0,578.0,9532.0,3000.0,21021.0,151634.0,7150.0
Mannar,Northern,2020,June,0.68907538,0.650217933,Healthy,105.5653767,324.8,301.9,9.5,112830,13.2868,19.5883,34,0,30.80755349,0.0,430.654152791852,699.2148096362633,686.2571910122836,0.994811092949178,1.873895689825186,1.688192689890217,4.556899472664581,1712.5488166262987,405256.0,578.0,9532.0,3000.0,21021.0,151634.0,7150.0
Mannar,Northern,2020,July,0.688110247,0.62472038,Degraded,109.3995447,333.1,296.2,24.1,113000,12.3147,18.6897,38,0,34.38017124,0.0,384.9762839620501,625.0517204117249,613.4684677378137,0.8892952159523358,1.6751386107034232,1.5091324306350216,4.07356625729078,1530.905194468318,405256.0,578.0,9532.0,3000.0,21021.0,151634.0,7150.0
Mannar,Northern,2020,August,0.675254337,0.611533847,Degraded,109.6318833,316.2,295.8,9.94,113170,12.2567,19.1203,42,0,37.94205566,0.0,336.5737703248564,546.464867970284,536.3379609697788,0.7774854094504184,1.4645258461603614,1.3193913839856557,3.5614026395964355,1338.4266895851238,405256.0,578.0,9532.0,3000.0,21021.0,151634.0,7150.0
Mannar,Northern,2020,September,0.670143587,0.62242828,Degraded,107.1104633,,,,113330,15.0686,23.513,49,0,43.30113009,0.0,328.5601091266456,533.4537996852772,523.5680095181174,0.7589738520825513,1.4296561831565433,1.2879773034145687,3.476607338653663,1306.5593874521448,405256.0,578.0,9532.0,3000.0,21021.0,151634.0,7150.0
Mannar,Northern,2020,October,0.673562553,0.669382467,Healthy,100.624018,322.8909091,293.6090909,15.99090909,113500,13.5672,20.207,53,0,46.83929659,0.0,324.5532785275401,526.9482655427738,517.1830337922867,0.7497180733986177,1.4122213516546342,1.2722702631290252,3.434209688182277,1290.625736385655,405256.0,578.0,9532.0,3000.0,21021.0,151634.0,7150.0
Mannar,Northern,2020,November,0.70606561,0.7253331,Healthy,97.51422,,,,113670,15.3706,20.7332,57,0,50.36688002,0.0,312.5327867302239,507.4316631152638,498.0281066147947,0.7219507373468173,1.3599168571489073,1.2251491422723948,3.30701673676812,1242.8247831861863,405256.0,578.0,9532.0,3000.0,21021.0,151634.0,7150.0
Mannar,Northern,2020,December,0.74482102,0.751651733,Healthy,99.144235,,,,113830,18.8081,27.0784,55,0,48.49979537,0.0,304.519125532013,494.4205948302571,485.25815516313327,0.7034391799789501,1.3250471941450892,1.1937350617013078,3.2222214358253467,1210.9574810532074,405256.0,578.0,9532.0,3000.0,21021.0,151634.0,7150.0
Mannar,Northern,2021,January,0.769020517,0.752750457,Healthy,102.0290367,,,,114000,19.7409,27.8464,19,0,17.26572529,0.064184852,8.847143478215415,15.72200662515536,13.8730671220528,0.0204369014346776,0.0421349777554163,0.0341277451202498,0.0966996243103438,32.63454894913665,33850.0,281.0,771.0,2593.0,3495.0,8011.0,2093.0
Mannar,Northern,2021,February,0.75473588,0.730726753,Healthy,103.0758063,329.4,299.7,30.2,114080,20.6313,29.0402,18,0,16.29508318,0.060576517,7.979776470547233,14.180633426610711,12.512962502243695,0.0184332836469641,0.0380040975833167,0.0307818877555194,0.0872192689858003,29.43508336588796,33850.0,281.0,771.0,2593.0,3495.0,8011.0,2093.0
Mannar,Northern,2021,March,0.72237125,0.701147733,Healthy,102.8230947,315.7,297.1,26.0,114170,20.3764,26.099,19,0,17.24001649,0.064089281,32.61299948832348,57.955632265278574,51.13993370482208,0.0753360288180272,0.1553210944709465,0.1258042369138622,0.3564613602028361,120.2999059301508,33850.0,281.0,771.0,2593.0,3495.0,8011.0,2093.0
Mannar,Northern,2021,April,0.701421523,0.683091767,Healthy,102.500978,319.5,295.0,12.9,114250,16.9575,25.9126,17,0,15.31372863,0.056928359,268.2766154717674,476.7467303098581,420.680358906954,0.6197189817397827,1.2776812372304198,1.0348736829111065,2.9322739018813087,989.5947048988204,33850.0,281.0,771.0,2593.0,3495.0,8011.0,2093.0
Mannar,Northern,2021,May,0.702213333,0.67330281,Healthy,103.9996033,,,,114330,16.2912,24.4593,16,0,14.34657485,0.053332992,390.83557365528094,694.5427632642162,612.8631416859795,0.9028301751436988,1.8613746055480995,1.5076433285475093,4.271848109239308,1441.6791918118602,33850.0,281.0,771.0,2593.0,3495.0,8011.0,2093.0
Mannar,Northern,2021,June,0.693211777,0.650217933,Healthy,106.1478933,317.7666667,296.3666667,10.13333333,114420,14.7188,21.3633,18,0,16.2466622,0.060396514,466.1230299208786,828.3339568978909,730.920222685409,1.0767441991172295,2.219935004486348,1.7980637478061057,5.094742951409683,1719.3928044378465,33850.0,281.0,771.0,2593.0,3495.0,8011.0,2093.0
Mannar,Northern,2021,July,0.675271267,0.62472038,Degraded,107.4917413,321.9,295.75,8.3,114500,13.5466,20.6865,20,0,18.14534739,0.067454823,416.6831104837926,740.4756845808464,653.3942593562906,0.9625379852175608,1.9844748346766687,1.6073498780164743,4.554362697910704,1537.0232661926714,33850.0,281.0,771.0,2593.0,3495.0,8011.0,2093.0
Mannar,Northern,2021,August,0.653625133,0.611533847,Degraded,106.3620917,317.8666667,289.0333333,7.066666667,114580,13.6064,21.2061,22,0,20.04138125,0.074503276,364.2941432206346,647.37674338875,571.243940319821,0.8415194708396659,1.7349696722818502,1.4052600931867594,3.9817492363082754,1343.7755449644503,33850.0,281.0,771.0,2593.0,3495.0,8011.0,2093.0
Mannar,Northern,2021,September,0.652967657,0.62242828,Degraded,104.5457933,323.0,301.75,11.6,114670,16.6567,24.4076,26,0,22.88645892,0.085079773,355.62047314395284,631.9630114033035,557.64289412173,0.821483292962531,1.6936608705608536,1.3718015195394555,3.88694568306284,1311.7808891319637,33850.0,281.0,771.0,2593.0,3495.0,8011.0,2093.0
Mannar,Northern,2021,October,0.690050243,0.669382467,Healthy,102.88944,324.8666667,299.4666667,18.06666667,114750,15.603,23.3993,28,0,24.77637848,0.092105496,351.28363810561194,624.2561454105803,550.8423710226846,0.8114652040239635,1.6730064697003553,1.3550722327158036,3.8395439064401216,1295.78356121572,33850.0,281.0,771.0,2593.0,3495.0,8011.0,2093.0
Mannar,Northern,2021,November,0.727476393,0.7253331,Healthy,100.2825933,,,,114830,17.1782,23.2747,30,0,26.6636647,0.09912143,338.2731329905893,601.1355474324108,530.4408017255482,0.7814109372082614,1.611043267118861,1.3048843722448482,3.6973385765719695,1247.7915774669896,33850.0,281.0,771.0,2593.0,3495.0,8011.0,2093.0
Mannar,Northern,2021,December,0.755943083,0.751651733,Healthy,100.5336067,,,,114920,21.7584,28.5074,29,0,25.691255,0.095506524,329.5994629139076,585.7218154469643,516.8397555274572,0.7613747593311264,1.5697344653978649,1.2714257985975443,3.6025350233265354,1215.7969216345027,33850.0,281.0,771.0,2593.0,3495.0,8011.0,2093.0
Mannar,Northern,2022,January,0.763156367,0.752750457,Healthy,101.2959813,320.7,299.42,16.98,115000,20.8069,30.1935,46,0,40.21208908,0.0,7.687001658340092,14.1325485282031,7.504135138283607,0.0177569738307656,0.0378752300555843,0.0184601724401776,0.0740923763265276,32.70177857645129,20511.0,404.0,760.0,940.0,1489.0,9060.0,36.0
Mannar,Northern,2022,February,0.732978967,0.730726753,Healthy,100.2846847,314.3,299.3,12.14,115080,20.8085,31.0538,43,0,37.95168296,0.0,6.933374044777335,12.747004554849852,6.768435614922467,0.0160160940434356,0.0341619722069976,0.0166503516127092,0.0668284178631425,29.495721853269785,20511.0,404.0,760.0,940.0,1489.0,9060.0,36.0
Mannar,Northern,2022,March,0.6977015,0.701147733,Healthy,99.5418,318.925,301.325,9.325,115170,20.9607,28.0515,46,0,40.15273286,0.0,28.33639826995955,52.09645339808201,27.662302078378783,0.0654570800036065,0.1396184951068598,0.0680492631128118,0.2731248382232782,120.54773279162436,20511.0,404.0,760.0,940.0,1489.0,9060.0,36.0
Mannar,Northern,2022,April,0.69333792,0.683091767,Healthy,101.4001233,,,,115250,17.8963,26.6875,41,0,35.66654322,0.0,233.09702087495984,428.5487509581587,227.5518625756,0.5384541182211573,1.1485106525678654,0.5597775819359759,2.246742352724999,991.6333444800376,20511.0,404.0,760.0,940.0,1489.0,9060.0,36.0
Mannar,Northern,2022,May,0.69125382,0.67330281,Healthy,102.4806867,322.8,293.7,22.0,115330,16.4639,25.9399,38,0,33.41419003,0.0,339.58460267137696,624.3261143929723,331.5062052265287,0.784440432170881,1.6731939865731658,0.8155052648572607,3.273139683601308,1444.6491594655834,20511.0,404.0,760.0,940.0,1489.0,9060.0,36.0
Mannar,Northern,2022,June,0.667672277,0.650217933,Healthy,102.4968533,331.0,303.6,28.1,115420,15.8324,22.5316,43,0,37.83988628,0.0,404.9994795286239,744.5913312800337,395.3649238542754,0.9355487977111214,1.9955047678304905,0.9725977126815176,3.9036512782231294,1722.934883037737,20511.0,404.0,760.0,940.0,1489.0,9060.0,36.0
Mannar,Northern,2022,July,0.654669197,0.62472038,Degraded,104.4445817,,,,115500,14.7104,20.874,48,0,42.2623447,0.0,362.042705555547,665.6153247988989,353.43005102269063,0.8363186498333137,1.7838490704610492,0.869437925515819,3.4896056458101823,1540.189649816392,20511.0,404.0,760.0,940.0,1489.0,9060.0,36.0
Mannar,Northern,2022,August,0.656888697,0.611533847,Degraded,106.8566217,313.8,289.8,35.7,115580,14.5453,21.87,53,0,46.67868101,0.0,316.52359769635666,581.9284688083628,308.9937998116779,0.731169510678584,1.5595682964064126,0.7601247475367277,3.0508625546217245,1346.5438237362296,20511.0,404.0,760.0,940.0,1489.0,9060.0,36.0
Mannar,Northern,2022,September,0.668204083,0.62242828,Degraded,106.8145213,323.7,302.0,8.1,115670,17.1903,26.9428,61,0,53.30555597,0.0,308.9873215607292,568.0730290748304,301.63680457806646,0.7137607128052844,1.5224357179205457,0.7420265392620435,2.9782229699878737,1314.4832565044144,20511.0,404.0,760.0,940.0,1489.0,9060.0,36.0
Mannar,Northern,2022,October,0.69482357,0.669382467,Healthy,103.5617753,,,,115750,16.4676,24.9407,66,0,57.70777362,0.0,305.2191834929153,561.1453092080642,297.9583069612608,0.7050563138686345,1.5038694286776122,0.7329774351247016,2.941903177670949,1298.452972888507,20511.0,404.0,760.0,940.0,1489.0,9060.0,36.0
Mannar,Northern,2022,November,0.726532833,0.7253331,Healthy,100.16216,,,,115830,17.7388,24.9314,71,0,62.10391034,0.0,293.91476928947407,540.3621496077656,286.9228141108438,0.6789431170586853,1.448170560948812,0.7058301227126758,2.832943800720173,1250.3621220407845,20511.0,404.0,760.0,940.0,1489.0,9060.0,36.0
Mannar,Northern,2022,December,0.750345113,0.751651733,Healthy,99.83617333,,,,115920,20.9963,31.8764,69,0,59.83941827,0.0,286.37849315384653,526.5067098742331,279.5658188772324,0.6615343191853856,1.4110379824629449,0.6877319144379918,2.7603042160863223,1218.3015548089695,20511.0,404.0,760.0,940.0,1489.0,9060.0,36.0
Mannar,Northern,2023,January,0.755521533,0.752750457,Healthy,100.3451913,,,,116000,21.7668,30.0776,69,0,59.54583684,0.189234651,,,,,,,,,27890.0,685.0,586.0,288.0,1816.0,20200.0,60.0
Mannar,Northern,2023,February,0.7285143,0.730726753,Healthy,99.712875,,,,116080,20.6667,31.7976,65,0,56.19897688,0.178598443,,,,,,,,,27890.0,685.0,586.0,288.0,1816.0,20200.0,60.0
Mannar,Northern,2023,March,0.689007167,0.701147733,Healthy,98.38170833,,,,116170,21.9705,29.6419,69,0,59.45869909,0.18895773,,,,,,,,,27890.0,685.0,586.0,288.0,1816.0,20200.0,60.0
Mannar,Northern,2023,April,0.681656407,0.683091767,Healthy,99.80721667,,,,116250,18.8751,26.7093,61,0,52.81580558,0.16784684,,,,,,,,,27890.0,685.0,586.0,288.0,1816.0,20200.0,60.0
Mannar,Northern,2023,May,0.698951247,0.67330281,Healthy,103.55004,321.1,300.3,9.5,116330,17.1611,25.9697,57,0,49.48076645,0.157248198,,,,,,,,,27890.0,685.0,586.0,288.0,1816.0,20200.0,60.0
Mannar,Northern,2023,June,0.683641523,0.650217933,Healthy,104.7743553,320.9,297.7,15.4,116420,16.0539,22.4057,65,0,56.03484999,0.178076854,,,,,,,,,27890.0,685.0,586.0,288.0,1816.0,20200.0,60.0
Mannar,Northern,2023,July,0.64948715,0.62472038,Degraded,103.665122,323.7818182,298.9636364,18.28181818,116500,15.2083,23.044,72,0,62.58417949,0.198890401,,,,,,,,,27890.0,685.0,586.0,288.0,1816.0,20200.0,60.0
Mannar,Northern,2023,August,0.618849713,0.611533847,Degraded,101.1051933,317.0,292.2666667,13.0,116580,14.9806,23.0357,80,0,69.12452038,0.219675383,,,,,,,,,27890.0,685.0,586.0,288.0,1816.0,20200.0,60.0
Mannar,Northern,2023,September,0.62331742,0.62242828,Degraded,100.13366,324.56,299.98,13.4,116670,18.4964,27.3841,92,0,78.93851116,0.250863913,,,,,,,,,27890.0,685.0,586.0,288.0,1816.0,20200.0,60.0
Mannar,Northern,2023,October,0.666518967,0.669382467,Healthy,99.60750333,,,,116750,16.2747,24.8727,99,0,85.45812225,0.271583016,,,,,,,,,27890.0,685.0,586.0,288.0,1816.0,20200.0,60.0
Mannar,Northern,2023,November,0.71471435,0.7253331,Healthy,98.63127533,,,,116830,19.0991,24.7006,107,0,91.96880465,0.292273744,,,,,,,,,27890.0,685.0,586.0,288.0,1816.0,20200.0,60.0
Mannar,Northern,2023,December,0.75047024,0.751651733,Healthy,99.84982833,,,,116920,22.5581,32.3318,103,0,88.61593919,0.281618451,,,,,,,,,27890.0,685.0,586.0,288.0,1816.0,20200.0,60.0
Mannar,Northern,2024,January,0.7637133,0.752750457,Healthy,101.36557,,,,117000,22.041,31.3725,53,0,45.90368981,0.187617261,,,,,,,,,74410.0,146.0,1027.0,715.0,1644.0,65289.0,94.0
Mannar,Northern,2024,February,0.727185633,0.730726753,Healthy,99.53758,,,,117000,22.2836,32.1237,50,0,43.35348482,0.17719408,,,,,,,,,74410.0,146.0,1027.0,715.0,1644.0,65289.0,94.0
Mannar,Northern,2024,March,0.677516883,0.701147733,Healthy,96.85009733,315.5,299.1,17.6,117000,22.6287,31.4986,53,0,45.90368981,0.187617261,,,,,,,,,74410.0,146.0,1027.0,715.0,1644.0,65289.0,94.0
Mannar,Northern,2024,April,0.668093313,0.683091767,Healthy,97.956988,324.85,294.3,32.6,117000,19.0301,27.976,47,0,40.80327983,0.166770898,,,,,,,,,74410.0,146.0,1027.0,715.0,1644.0,65289.0,94.0
Mannar,Northern,2024,May,0.69468768,0.67330281,Healthy,102.966027,338.35,303.75,32.7,117000,16.7792,27.3737,44,0,38.25307484,0.156347717,,,,,,,,,74410.0,146.0,1027.0,715.0,1644.0,65289.0,94.0
Mannar,Northern,2024,June,0.70802766,0.650217933,Healthy,108.267758,312.8,286.8,8.8,117000,16.0029,23.9044,50,0,43.35348482,0.17719408,,,,,,,,,74410.0,146.0,1027.0,715.0,1644.0,65289.0,94.0
Mannar,Northern,2024,July,0.69623022,0.62472038,Degraded,110.6022933,318.6,295.6,9.95,117000,15.4181,23.3281,56,0,48.4538948,0.198040442,,,,,,,,,74410.0,146.0,1027.0,715.0,1644.0,65289.0,94.0
Mannar,Northern,2024,August,0.693867683,0.611533847,Degraded,112.4463053,321.45,295.75,8.85,117000,15.6738,22.7934,62,0,53.55430477,0.218886804,,,,,,,,,74410.0,146.0,1027.0,715.0,1644.0,65289.0,94.0
Mannar,Northern,2024,September,0.69573178,0.62242828,Degraded,110.912778,,,,117000,18.9375,28.1618,71,0,61.20491974,0.250156348,,,,,,,,,74410.0,146.0,1027.0,715.0,1644.0,65289.0,94.0
Mannar,Northern,2024,October,0.71250717,0.669382467,Healthy,106.0313613,314.45,294.15,7.65,117000,16.5688,24.8937,77,0,66.30532972,0.27100271,,,,,,,,,74410.0,146.0,1027.0,715.0,1644.0,65289.0,94.0
Mannar,Northern,2024,November,0.734244613,0.7253331,Healthy,101.163228,,,,117000,18.5897,25.2508,83,0,71.4057397,0.291849072,,,,,,,,,74410.0,146.0,1027.0,715.0,1644.0,65289.0,94.0
Mannar,Northern,2024,December,0.746521,0.751651733,Healthy,99.36024667,,,,117000,22.7274,31.7703,80,0,68.85553471,0.281425891,,,,,,,,,74410.0,146.0,1027.0,715.0,1644.0,65289.0,94.0
Matale,Central,2014,January,0.81669152,0.81472279,Healthy,100.2277987,,,,496000,63.1615,44.1222,441,4,88.92604249,0.914634146,,,,,,,,,859112.0,3851.0,20799.0,3851.0,38780.0,272885.0,79038.0
Matale,Central,2014,February,0.801249237,0.799962033,Healthy,100.1502683,,,,496420,57.3651,41.5494,416,4,83.91465003,0.863090296,,,,,,,,,859112.0,3851.0,20799.0,3851.0,38780.0,272885.0,79038.0
Matale,Central,2014,March,0.767106447,0.775617123,Healthy,98.96625167,319.0,304.85,21.05,496830,53.807,26.6428,441,4,88.77748339,0.913106166,,,,,,,,,859112.0,3851.0,20799.0,3851.0,38780.0,272885.0,79038.0
Matale,Central,2014,April,0.7566378,0.76829087,Healthy,98.57542667,,,,497250,50.9731,28.7611,392,4,78.84666479,0.810964369,,,,,,,,,859112.0,3851.0,20799.0,3851.0,38780.0,272885.0,79038.0
Matale,Central,2014,May,0.766684527,0.769755317,Healthy,99.62544667,323.2875,301.85,16.3875,497670,46.7913,28.9439,367,3,73.85636579,0.759637472,,,,,,,,,859112.0,3851.0,20799.0,3851.0,38780.0,272885.0,79038.0
Matale,Central,2014,June,0.7458746,0.759334443,Healthy,98.33365833,,,,498080,41.3616,35.659,416,4,83.63497946,0.86021379,,,,,,,,,859112.0,3851.0,20799.0,3851.0,38780.0,272885.0,79038.0
Matale,Central,2014,July,0.715146733,0.74118865,Healthy,96.70740667,323.7142857,300.0285714,22.40714286,498500,46.5583,30.9095,465,4,93.39563406,0.960605393,,,,,,,,,859112.0,3851.0,20799.0,3851.0,38780.0,272885.0,79038.0
Matale,Central,2014,August,0.706438283,0.72781648,Healthy,97.25211267,319.9,295.05,11.375,498920,45.2055,32.8853,514,5,103.1398553,1.060827974,,,,,,,,,859112.0,3851.0,20799.0,3851.0,38780.0,272885.0,79038.0
Matale,Central,2014,September,0.725703447,0.73437527,Healthy,98.889628,326.2923077,296.5230769,27.52307692,499330,48.5975,29.9031,588,6,117.7773338,1.211379346,,,,,,,,,859112.0,3851.0,20799.0,3851.0,38780.0,272885.0,79038.0
Matale,Central,2014,October,0.776653197,0.764674647,Healthy,101.4655947,349.65,294.25,65.85,499750,43.1886,35.273,637,6,127.4848807,1.311224718,,,,,,,,,859112.0,3851.0,20799.0,3851.0,38780.0,272885.0,79038.0
Matale,Central,2014,November,0.80368602,0.7938021,Healthy,101.1731413,313.0,299.8,10.0,500170,44.8746,28.4968,686,7,137.1761243,1.410902407,,,,,,,,,859112.0,3851.0,20799.0,3851.0,38780.0,272885.0,79038.0
Matale,Central,2014,December,0.810365647,0.808937357,Healthy,100.1674217,,,,500580,53.5158,35.8767,661,6,132.1686356,1.359398707,,,,,,,,,859112.0,3851.0,20799.0,3851.0,38780.0,272885.0,79038.0
Matale,Central,2015,January,0.80946966,0.81472279,Healthy,99.392428,,,,501000,24.387,33.5774,473,5,94.50854389,1.066160362,980.1255467232636,1828.9539423847118,102.91790779428142,2.264090012930739,4.901596565591028,0.2531780531739323,7.4188646316956985,,1337814.0,4140.0,39456.0,5356.0,105628.0,370889.0,129547.0
Matale,Central,2015,February,0.795326333,0.799962033,Healthy,99.45505533,,,,501580,36.9521,36.6733,447,5,89.15485602,1.005764872,980.1255467232636,1828.9539423847118,102.91790779428142,2.264090012930739,4.901596565591028,0.2531780531739323,7.4188646316956985,,1337814.0,4140.0,39456.0,5356.0,105628.0,370889.0,129547.0
Matale,Central,2015,March,0.77746564,0.775617123,Healthy,100.2265067,,,,502170,27.0059,36.2237,473,5,94.28834954,1.063676328,980.1255467232636,1828.9539423847118,102.91790779428142,2.264090012930739,4.901596565591028,0.2531780531739323,7.4188646316956985,,1337814.0,4140.0,39456.0,5356.0,105628.0,370889.0,129547.0
Matale,Central,2015,April,0.780926867,0.76829087,Healthy,101.5439227,,,,502750,23.7451,38.214,420,4,83.71517629,0.9443993,980.1255467232636,1828.9539423847118,102.91790779428142,2.264090012930739,4.901596565591028,0.2531780531739323,7.4188646316956985,,1337814.0,4140.0,39456.0,5356.0,105628.0,370889.0,129547.0
Matale,Central,2015,May,0.7847801,0.769755317,Healthy,101.8331633,,,,503330,30.5836,33.1309,394,4,78.39253983,0.884354104,980.1255467232636,1828.9539423847118,102.91790779428142,2.264090012930739,4.901596565591028,0.2531780531739323,7.4188646316956985,,1337814.0,4140.0,39456.0,5356.0,105628.0,370889.0,129547.0
Matale,Central,2015,June,0.781452223,0.759334443,Healthy,102.7331533,320.9,299.8,37.5,503920,29.3272,33.4088,447,5,88.74085705,1.001094508,980.1255467232636,1828.9539423847118,102.91790779428142,2.264090012930739,4.901596565591028,0.2531780531739323,7.4188646316956985,,1337814.0,4140.0,39456.0,5356.0,105628.0,370889.0,129547.0
Matale,Central,2015,July,0.758021367,0.74118865,Healthy,102.126092,321.6166667,297.6166667,15.23333333,504500,34.683,34.7462,499,5,99.06693418,1.11758402,980.1255467232636,1828.9539423847118,102.91790779428142,2.264090012930739,4.901596565591028,0.2531780531739323,7.4188646316956985,,1337814.0,4140.0,39456.0,5356.0,105628.0,370889.0,129547.0
Matale,Central,2015,August,0.749626887,0.72781648,Healthy,102.8051633,309.6,294.05,18.25,505080,38.5478,37.9402,552,6,109.3692958,1.233805995,980.1255467232636,1828.9539423847118,102.91790779428142,2.264090012930739,4.901596565591028,0.2531780531739323,7.4188646316956985,,1337814.0,4140.0,39456.0,5356.0,105628.0,370889.0,129547.0
Matale,Central,2015,September,0.7749935,0.73437527,Healthy,105.1749167,,,,505670,31.0726,44.8774,631,7,124.8476424,1.408418775,980.1255467232636,1828.9539423847118,102.91790779428142,2.264090012930739,4.901596565591028,0.2531780531739323,7.4188646316956985,,1337814.0,4140.0,39456.0,5356.0,105628.0,370889.0,129547.0
Matale,Central,2015,October,0.80634822,0.764674647,Healthy,105.1226387,315.8,297.0,9.5,506250,28.7539,32.735,683,7,135.0966576,1.524038944,980.1255467232636,1828.9539423847118,102.91790779428142,2.264090012930739,4.901596565591028,0.2531780531739323,7.4188646316956985,,1337814.0,4140.0,39456.0,5356.0,105628.0,370889.0,129547.0
Matale,Central,2015,November,0.817447733,0.7938021,Healthy,102.8051733,,,,506830,26.835,22.101,736,8,145.3222156,1.639394489,980.1255467232636,1828.9539423847118,102.91790779428142,2.264090012930739,4.901596565591028,0.2531780531739323,7.4188646316956985,,1337814.0,4140.0,39456.0,5356.0,105628.0,370889.0,129547.0
Matale,Central,2015,December,0.82378358,0.808937357,Healthy,101.72917,,,,507420,41.4462,55.7234,710,8,139.9691986,1.579006567,980.1255467232636,1828.9539423847118,102.91790779428142,2.264090012930739,4.901596565591028,0.2531780531739323,7.4188646316956985,,1337814.0,4140.0,39456.0,5356.0,105628.0,370889.0,129547.0
Matale,Central,2016,January,0.822002953,0.81472279,Healthy,100.8414467,,,,508000,33.9967,36.9818,411,4,81.04954868,0.821010179,,,,,,,,,986656.0,2685.0,26887.0,5271.0,45172.0,340129.0,56945.0
Matale,Central,2016,February,0.799841767,0.799962033,Healthy,99.98533467,,,,508500,38.9391,36.109,388,3,76.47152873,0.774636065,,,,,,,,,986656.0,2685.0,26887.0,5271.0,45172.0,340129.0,56945.0
Matale,Central,2016,March,0.7755776,0.775617123,Healthy,99.994828,,,,509000,39.5576,44.4219,411,4,80.89031578,0.819397192,,,,,,,,,986656.0,2685.0,26887.0,5271.0,45172.0,340129.0,56945.0
Matale,Central,2016,April,0.768909453,0.76829087,Healthy,100.07525,323.9,303.4,10.7,509500,36.375,41.9829,365,3,71.83194109,0.727638287,,,,,,,,,986656.0,2685.0,26887.0,5271.0,45172.0,340129.0,56945.0
Matale,Central,2016,May,0.78462237,0.769755317,Healthy,101.8145133,,,,510000,32.3247,33.3443,343,3,67.27642276,0.681492109,,,,,,,,,986656.0,2685.0,26887.0,5271.0,45172.0,340129.0,56945.0
Matale,Central,2016,June,0.783914867,0.759334443,Healthy,103.037347,316.2,296.6,9.8,510500,35.111,35.2394,388,3,76.1719341,0.771601252,,,,,,,,,986656.0,2685.0,26887.0,5271.0,45172.0,340129.0,56945.0
Matale,Central,2016,July,0.767337283,0.74118865,Healthy,103.305085,320.3,297.25,12.25,511000,35.3774,31.2359,434,4,85.05003739,0.861534056,,,,,,,,,986656.0,2685.0,26887.0,5271.0,45172.0,340129.0,56945.0
Matale,Central,2016,August,0.738483067,0.72781648,Healthy,101.369228,318.3461538,293.9846154,18.12307692,511500,36.8876,29.087,480,4,93.91078368,0.951291038,,,,,,,,,986656.0,2685.0,26887.0,5271.0,45172.0,340129.0,56945.0
Matale,Central,2016,September,0.701607933,0.73437527,Healthy,95.83340033,323.6217391,301.2,20.59130435,512000,30.7841,29.8269,548,5,107.2217988,1.086128049,,,,,,,,,986656.0,2685.0,26887.0,5271.0,45172.0,340129.0,56945.0
Matale,Central,2016,October,0.7053766,0.764674647,Healthy,92.71729,320.69375,297.275,46.93125,512500,28.1604,36.6585,594,6,116.0436248,1.175490779,,,,,,,,,986656.0,2685.0,26887.0,5271.0,45172.0,340129.0,56945.0
Matale,Central,2016,November,0.767956693,0.7938021,Healthy,96.92906333,,,,513000,32.5149,34.4573,640,6,124.8482543,1.264679313,,,,,,,,,986656.0,2685.0,26887.0,5271.0,45172.0,340129.0,56945.0
Matale,Central,2016,December,0.80654224,0.808937357,Healthy,99.72003667,,,,513500,34.4907,34.4979,617,6,120.2721638,1.218324744,,,,,,,,,986656.0,2685.0,26887.0,5271.0,45172.0,340129.0,56945.0
Matale,Central,2017,January,0.817584067,0.81472279,Healthy,100.3311513,,,,514000,33.8974,37.145,406,6,79.03577868,1.224257379,,,,,,,,,903306.0,3331.0,16742.0,8689.0,39182.0,344380.0,23537.0
Matale,Central,2017,February,0.810453213,0.799962033,Healthy,101.23681,,,,514420,39.9987,36.7466,383,5,74.583958,1.155299061,,,,,,,,,903306.0,3331.0,16742.0,8689.0,39182.0,344380.0,23537.0
Matale,Central,2017,March,0.795435823,0.775617123,Healthy,102.4014467,,,,514830,36.1409,35.0289,406,6,78.90835857,1.222283652,,,,,,,,,903306.0,3331.0,16742.0,8689.0,39182.0,344380.0,23537.0
Matale,Central,2017,April,0.779449253,0.76829087,Healthy,101.3643967,318.3,301.1,11.8,515250,33.7574,33.8768,361,5,70.08358875,1.085588731,,,,,,,,,903306.0,3331.0,16742.0,8689.0,39182.0,344380.0,23537.0
Matale,Central,2017,May,0.77819948,0.769755317,Healthy,101.0305267,352.2,295.1,62.3,515670,34.2235,31.1256,338,5,65.64985075,1.016910512,,,,,,,,,903306.0,3331.0,16742.0,8689.0,39182.0,344380.0,23537.0
Matale,Central,2017,June,0.770815403,0.759334443,Healthy,101.4180633,320.58,298.26,11.82,516080,31.5184,34.422,383,5,74.34405456,1.151582978,,,,,,,,,903306.0,3331.0,16742.0,8689.0,39182.0,344380.0,23537.0
Matale,Central,2017,July,0.748741267,0.74118865,Healthy,100.9531363,313.2,292.65,12.35,516500,34.7422,32.5418,428,6,83.02284765,1.286016732,,,,,,,,,903306.0,3331.0,16742.0,8689.0,39182.0,344380.0,23537.0
Matale,Central,2017,August,0.741969117,0.72781648,Healthy,101.8210517,323.1727273,296.4181818,23.15454545,516920,36.8168,32.4411,473,7,91.68753763,1.420232031,,,,,,,,,903306.0,3331.0,16742.0,8689.0,39182.0,344380.0,23537.0
Matale,Central,2017,September,0.775715937,0.73437527,Healthy,105.26635,317.9666667,298.3,15.91666667,517330,32.3821,33.3193,541,8,104.7027113,1.621835947,,,,,,,,,903306.0,3331.0,16742.0,8689.0,39182.0,344380.0,23537.0
Matale,Central,2017,October,0.802513403,0.764674647,Healthy,104.6549967,321.5333333,296.5,15.66666667,517750,31.472,33.6214,586,9,113.3359243,1.755563669,,,,,,,,,903306.0,3331.0,16742.0,8689.0,39182.0,344380.0,23537.0
Matale,Central,2017,November,0.8097189,0.7938021,Healthy,101.8894267,,,,518170,30.818,27.3776,631,9,121.955142,1.889074606,,,,,,,,,903306.0,3331.0,16742.0,8689.0,39182.0,344380.0,23537.0
Matale,Central,2017,December,0.811068147,0.808937357,Healthy,100.24964,,,,518580,39.8042,41.4083,609,9,117.5066246,1.820167455,,,,,,,,,903306.0,3331.0,16742.0,8689.0,39182.0,344380.0,23537.0
Matale,Central,2018,January,0.80886615,0.81472279,Healthy,99.32262333,,,,519000,35.7346,39.2981,441,5,84.99929508,1.057380516,,,,,,,,,961598.0,2957.0,16931.0,7055.0,80776.0,339763.0,20063.0
Matale,Central,2018,February,0.794569133,0.799962033,Healthy,99.36596533,,,,519250,44.0764,37.5759,416,5,80.23846151,0.998156347,,,,,,,,,961598.0,2957.0,16931.0,7055.0,80776.0,339763.0,20063.0
Matale,Central,2018,March,0.773614387,0.775617123,Healthy,99.75852667,315.3,297.5,10.0,519500,38.7344,35.7698,441,5,84.91748633,1.056362825,,,,,,,,,961598.0,2957.0,16931.0,7055.0,80776.0,339763.0,20063.0
Matale,Central,2018,April,0.77208357,0.76829087,Healthy,100.4630647,,,,519750,33.868,35.9339,392,4,75.44590309,0.938537524,,,,,,,,,961598.0,2957.0,16931.0,7055.0,80776.0,339763.0,20063.0
Matale,Central,2018,May,0.78327212,0.769755317,Healthy,101.649228,,,,520000,35.3067,32.919,367,4,70.69652908,0.87945591,,,,,,,,,961598.0,2957.0,16931.0,7055.0,80776.0,339763.0,20063.0
Matale,Central,2018,June,0.77450745,0.759334443,Healthy,101.8741367,313.0,291.0,8.4,520250,34.287,34.6735,416,5,80.08423092,0.996237737,,,,,,,,,961598.0,2957.0,16931.0,7055.0,80776.0,339763.0,20063.0
Matale,Central,2018,July,0.75249798,0.74118865,Healthy,101.4284417,308.3,292.65,5.8,520500,38.8512,33.7479,465,5,89.4629148,1.112907383,,,,,,,,,961598.0,2957.0,16931.0,7055.0,80776.0,339763.0,20063.0
Matale,Central,2018,August,0.73999255,0.72781648,Healthy,101.5660517,315.8909091,292.8,13.43636364,520750,39.0075,34.1187,514,6,98.8325937,1.229465007,,,,,,,,,961598.0,2957.0,16931.0,7055.0,80776.0,339763.0,20063.0
Matale,Central,2018,September,0.76149099,0.73437527,Healthy,103.4527737,322.66,302.5,23.16,521000,35.7016,36.1618,588,7,112.8973363,1.404428632,,,,,,,,,961598.0,2957.0,16931.0,7055.0,80776.0,339763.0,20063.0
Matale,Central,2018,October,0.80057412,0.764674647,Healthy,104.411568,,,,521250,33.132,37.2419,637,7,122.2467879,1.520734632,,,,,,,,,961598.0,2957.0,16931.0,7055.0,80776.0,339763.0,20063.0
Matale,Central,2018,November,0.811807943,0.7938021,Healthy,102.1369653,,,,521500,33.6955,28.2078,686,8,131.5872756,1.636929121,,,,,,,,,961598.0,2957.0,16931.0,7055.0,80776.0,339763.0,20063.0
Matale,Central,2018,December,0.816361687,0.808937357,Healthy,100.8653933,,,,521750,41.9391,43.2327,661,8,126.8269309,1.577711033,,,,,,,,,961598.0,2957.0,16931.0,7055.0,80776.0,339763.0,20063.0
Matale,Central,2019,January,0.81434228,0.81472279,Healthy,99.95568667,,,,522000,37.3081,40.517,486,9,93.1595178,1.738155313,1380.8210749921898,1846.1473989523708,162.91383100154687,3.189696683231958,4.947675029192353,0.40076802426380526,8.538139736688118,,734606.0,1613.0,13459.0,3738.0,38232.0,284301.0,15490.0
Matale,Central,2019,February,0.79142635,0.799962033,Healthy,98.99285667,,,,522250,44.1637,38.777,459,8,87.94187128,1.640805302,1380.8210749921898,1846.1473989523708,162.91383100154687,3.189696683231958,4.947675029192353,0.40076802426380526,8.538139736688118,,734606.0,1613.0,13459.0,3738.0,38232.0,284301.0,15490.0
Matale,Central,2019,March,0.750675567,0.775617123,Healthy,96.97452667,326.22,306.48,15.96,522500,40.0308,39.3194,486,9,93.07036994,1.736492006,1380.8210749921898,1846.1473989523708,162.91383100154687,3.189696683231958,4.947675029192353,0.40076802426380526,8.538139736688118,,734606.0,1613.0,13459.0,3738.0,38232.0,284301.0,15490.0
Matale,Central,2019,April,0.73638458,0.76829087,Healthy,96.10047967,322.5,301.85,16.35,522750,36.695,39.2133,432,8,82.6896533,1.542810263,1380.8210749921898,1846.1473989523708,162.91383100154687,3.189696683231958,4.947675029192353,0.40076802426380526,8.538139736688118,,734606.0,1613.0,13459.0,3738.0,38232.0,284301.0,15490.0
Matale,Central,2019,May,0.747614417,0.769755317,Healthy,97.29957833,321.08,299.58,17.82,523000,37.2853,33.7294,405,7,77.48449377,1.445693233,1380.8210749921898,1846.1473989523708,162.91383100154687,3.189696683231958,4.947675029192353,0.40076802426380526,8.538139736688118,,734606.0,1613.0,13459.0,3738.0,38232.0,284301.0,15490.0
Matale,Central,2019,June,0.738448267,0.759334443,Healthy,97.41767667,319.95,301.1,32.9,523250,34.8772,36.7667,459,8,87.77380273,1.637669506,1380.8210749921898,1846.1473989523708,162.91383100154687,3.189696683231958,4.947675029192353,0.40076802426380526,8.538139736688118,,734606.0,1613.0,13459.0,3738.0,38232.0,284301.0,15490.0
Matale,Central,2019,July,0.717071127,0.74118865,Healthy,96.95291333,316.1666667,297.3333333,9.566666667,523500,39.1214,35.0376,513,9,98.05328426,1.829462421,1380.8210749921898,1846.1473989523708,162.91383100154687,3.189696683231958,4.947675029192353,0.40076802426380526,8.538139736688118,,734606.0,1613.0,13459.0,3738.0,38232.0,284301.0,15490.0
Matale,Central,2019,August,0.719185567,0.72781648,Healthy,98.89196,318.1,287.2333333,41.96666667,523750,41.7694,35.4109,567,10,108.3229524,2.021072239,1380.8210749921898,1846.1473989523708,162.91383100154687,3.189696683231958,4.947675029192353,0.40076802426380526,8.538139736688118,,734606.0,1613.0,13459.0,3738.0,38232.0,284301.0,15490.0
Matale,Central,2019,September,0.745205467,0.73437527,Healthy,101.37679,327.02,301.98,17.72,524000,35.1443,36.4016,648,12,123.7385962,2.308694843,1380.8210749921898,1846.1473989523708,162.91383100154687,3.189696683231958,4.947675029192353,0.40076802426380526,8.538139736688118,,734606.0,1613.0,13459.0,3738.0,38232.0,284301.0,15490.0
Matale,Central,2019,October,0.78384224,0.764674647,Healthy,102.355308,,,,524250,33.5763,36.3958,702,13,133.9862211,2.499893382,1380.8210749921898,1846.1473989523708,162.91383100154687,3.189696683231958,4.947675029192353,0.40076802426380526,8.538139736688118,,734606.0,1613.0,13459.0,3738.0,38232.0,284301.0,15490.0
Matale,Central,2019,November,0.8044955,0.7938021,Healthy,101.268565,,,,524500,33.9438,30.0733,756,14,144.2240771,2.690909655,1380.8210749921898,1846.1473989523708,162.91383100154687,3.189696683231958,4.947675029192353,0.40076802426380526,8.538139736688118,,734606.0,1613.0,13459.0,3738.0,38232.0,284301.0,15490.0
Matale,Central,2019,December,0.81667958,0.808937357,Healthy,100.901745,,,,524750,43.4204,44.0234,729,13,139.0069603,2.593569528,1380.8210749921898,1846.1473989523708,162.91383100154687,3.189696683231958,4.947675029192353,0.40076802426380526,8.538139736688118,,734606.0,1613.0,13459.0,3738.0,38232.0,284301.0,15490.0
Matale,Central,2020,January,0.818397973,0.81472279,Healthy,100.4246567,,,,525000,29.0149,30.1388,271,3,51.79094077,0.738675958,38.72514844814534,46.97824195715831,4.452466270921108,0.0894550929152157,0.1259016884451842,0.0109530670264659,0.2263098483868659,54.174413626064535,405256.0,578.0,9532.0,3000.0,21021.0,151634.0,7150.0
Matale,Central,2020,February,0.79104622,0.799962033,Healthy,98.94717333,,,,525420,33.1415,31.151,256,3,48.87456663,0.69708074,34.92856526695461,42.372531961358455,4.015949969850409,0.0806849857666651,0.1135583856564406,0.009879236925832,0.2041226083489378,48.86319660390134,405256.0,578.0,9532.0,3000.0,21021.0,151634.0,7150.0
Matale,Central,2020,March,0.754595,0.775617123,Healthy,97.451992,319.4,300.7,13.2,525830,29.9777,28.4697,271,3,51.709191,0.73750999,142.75152761277104,173.17469584207373,16.413012920258197,0.3297560287855011,0.4641081848567576,0.0403760117838351,0.8342402254260939,199.70176003333592,405256.0,578.0,9532.0,3000.0,21021.0,151634.0,7150.0
Matale,Central,2020,April,0.751514933,0.76829087,Healthy,97.94881667,321.0,305.1,8.4,526250,27.0412,29.8526,241,3,45.92704169,0.65504123,1174.2831779422895,1424.5461017008886,135.01449192116652,2.7125941410466887,3.817783552558381,0.3321356501260697,6.862513343731139,1642.7594249550748,405256.0,578.0,9532.0,3000.0,21021.0,151634.0,7150.0
Matale,Central,2020,May,0.782978567,0.769755317,Healthy,101.6148183,,,,526670,28.1651,26.0461,226,3,43.02226553,0.61361143,1710.740381444538,2075.332924107405,196.694245262456,3.9518102811368823,5.561892236607846,0.4838678433456418,9.997570361090371,2393.234390186733,405256.0,578.0,9532.0,3000.0,21021.0,151634.0,7150.0
Matale,Central,2020,June,0.80043432,0.759334443,Healthy,105.0821847,325.0,298.2666667,16.3,527080,26.3603,27.8378,256,3,48.72063974,0.694885335,2040.283801571892,2475.1085517428296,234.5838601953924,4.71305558163107,6.633290918670784,0.5770762960806654,11.92342279638252,2854.248027710498,405256.0,578.0,9532.0,3000.0,21021.0,151634.0,7150.0
Matale,Central,2020,July,0.802694,0.74118865,Healthy,107.77735,,,,527500,28.5606,26.925,287,4,54.40912419,0.776018187,1823.8785602440212,2212.58308198224,209.70243103436272,4.213159474163689,5.929722659712403,0.5158679803445324,10.658750114220624,2551.5086574471966,405256.0,578.0,9532.0,3000.0,21021.0,151634.0,7150.0
Matale,Central,2020,August,0.7885522,0.72781648,Healthy,107.807368,312.1833333,297.55,8.183333333,527920,30.4205,27.7408,317,4,60.08855739,0.857021943,1594.564936100102,1934.3981982359296,183.33684644969264,3.683445002391235,5.184187171272292,0.4510086422662439,9.318640815929772,2230.71114930854,405256.0,578.0,9532.0,3000.0,21021.0,151634.0,7150.0
Matale,Central,2020,September,0.7697353,0.73437527,Healthy,104.5158567,322.7,297.3,11.55,528330,27.0258,28.2168,362,5,68.61934499,0.978693564,1556.599104288195,1888.3410982779317,178.97168343898565,3.595743930905729,5.060754143384856,0.4402703412599048,9.09676841555049,2177.598979086908,405256.0,578.0,9532.0,3000.0,21021.0,151634.0,7150.0
Matale,Central,2020,October,0.763870113,0.764674647,Healthy,99.91505133,338.88,301.28,67.16,528750,25.2564,27.8745,392,5,74.27857541,1.059409176,1537.616188382241,1865.312548298932,176.78910193363217,3.5518933951629763,4.999037629441138,0.4349011907567352,8.985832215360851,2151.042893976092,405256.0,578.0,9532.0,3000.0,21021.0,151634.0,7150.0
Matale,Central,2020,November,0.780260133,0.7938021,Healthy,98.39402333,,,,529170,25.0691,22.3185,422,6,79.92882242,1.13999666,1480.6674406643806,1796.2268983619351,170.24135741757175,3.420341787934719,4.813888087609986,0.4187937392472265,8.653023614791932,2071.374638643644,405256.0,578.0,9532.0,3000.0,21021.0,151634.0,7150.0
Matale,Central,2020,December,0.80511292,0.808937357,Healthy,99.55313333,,,,529580,32.7928,34.0836,407,5,77.01455088,1.098431431,1442.701608852473,1750.1697984039367,165.87619440686478,3.3326407164492133,4.690455059722551,0.4080554382408874,8.431151214412651,2018.2624684220125,405256.0,578.0,9532.0,3000.0,21021.0,151634.0,7150.0
Matale,Central,2021,January,0.82124424,0.81472279,Healthy,100.7543667,,,,530000,31.2188,34.3834,146,2,27.66682006,0.497008744,41.91456975804376,55.65338793198994,4.742241947862777,0.096822656141081,0.149151079657733,0.0116659151917424,0.2576396509905565,54.39091491522776,33850.0,281.0,771.0,2593.0,3495.0,8011.0,2093.0
Matale,Central,2021,February,0.805037317,0.799962033,Healthy,100.5960113,,,,530000,38.4606,33.6271,138,2,26.12977451,0.469397147,37.8052982131375,50.19717342885365,4.277316266699757,0.0873302388723476,0.1345284247893278,0.0105221980160814,0.2323808616777568,49.05847227647993,33850.0,281.0,771.0,2593.0,3495.0,8011.0,2093.0
Matale,Central,2021,March,0.77777759,0.775617123,Healthy,100.26147,,,,530000,34.6172,32.0323,146,2,27.66682006,0.497008744,154.50861008847502,205.15366531792367,17.481205611729447,0.3569148893043772,0.5498118230520355,0.0430037658048544,0.9497304781612672,200.499843216918,33850.0,281.0,771.0,2593.0,3495.0,8011.0,2093.0
Matale,Central,2021,April,0.77433381,0.76829087,Healthy,100.7380483,317.35,298.3,11.3,530000,30.2789,32.186,130,2,24.59272895,0.44178555,1270.997688839503,1687.607145820048,143.80151318372123,2.9360046612192527,4.522787150797728,0.3537517224319542,7.812543534448935,1649.3245081647003,33850.0,281.0,771.0,2593.0,3495.0,8011.0,2093.0
Matale,Central,2021,May,0.786973617,0.769755317,Healthy,102.10118,,,,530000,30.7798,28.9868,122,2,23.05568339,0.414173953,1851.6377581347567,2458.5702551132026,209.4955119320556,4.277283221291287,6.588968283703383,0.5153589593528567,11.381610464347526,2402.7986530197672,33850.0,281.0,771.0,2593.0,3495.0,8011.0,2093.0
Matale,Central,2021,June,0.793198487,0.759334443,Healthy,104.1873853,,,,530000,28.9408,30.2267,138,2,26.12977451,0.469397147,2208.3225282326184,2932.1696739854297,249.85106105700535,5.101225040217348,7.858214726280952,0.6146336102002332,13.574073376698532,2865.654674063077,33850.0,281.0,771.0,2593.0,3495.0,8011.0,2093.0
Matale,Central,2021,July,0.794097,0.74118865,Healthy,106.690642,,,,530000,33.1883,30.0911,154,2,29.20386562,0.524620341,1974.0940501729624,2621.165447306663,223.3502972307135,4.560157255899544,7.024723398781857,0.5494417311875551,12.134322385868956,2561.705443654452,33850.0,281.0,771.0,2593.0,3495.0,8011.0,2093.0
Matale,Central,2021,August,0.782564167,0.72781648,Healthy,107.03796,313.75,292.1,8.9,530000,35.0882,30.6303,171,3,32.27795674,0.579843534,1725.8940488606252,2291.610091317232,195.2687860884672,3.9868152528680434,6.141515044730183,0.4803612137776293,10.608691511375854,2239.625908274084,33850.0,281.0,771.0,2593.0,3495.0,8011.0,2093.0
Matale,Central,2021,September,0.771325333,0.73437527,Healthy,104.7155133,314.2,294.5,22.5,530000,31.2261,31.0835,195,3,36.88909342,0.662678325,1684.8013334115626,2237.04794628587,190.61952927683703,3.891891080180709,5.995288496046131,0.468924042021019,10.356103618247856,2186.301481886606,33850.0,281.0,771.0,2593.0,3495.0,8011.0,2093.0
Matale,Central,2021,October,0.788197997,0.764674647,Healthy,102.892085,,,,530000,27.8352,32.2358,211,3,39.96318454,0.717901519,1664.2549756870312,2209.7668737701883,188.29490087102195,3.8444289938370417,5.922175221704105,0.4632054561427139,10.22980967168386,2159.6392686928666,33850.0,281.0,771.0,2593.0,3495.0,8011.0,2093.0
Matale,Central,2021,November,0.808170633,0.7938021,Healthy,101.7044937,,,,530000,28.9663,26.014,228,4,43.03727566,0.773124712,1602.615902513438,2127.9236562231445,181.32101565357672,3.702042734806041,5.702835398678028,0.4460496985077987,9.850927831991866,2079.6526291116493,33850.0,281.0,771.0,2593.0,3495.0,8011.0,2093.0
Matale,Central,2021,December,0.81549999,0.808937357,Healthy,100.76491,,,,530000,35.5631,37.2084,219,3,41.5002301,0.745513116,1561.5231870643754,2073.361511191782,176.67175884194654,3.6071185621187065,5.556608849993976,0.4346125267511885,9.59833993886387,2026.328202724172,33850.0,281.0,771.0,2593.0,3495.0,8011.0,2093.0
Matale,Central,2022,January,0.81727709,0.81472279,Healthy,100.29524,,,,530000,34.6374,37.5231,334,5,63.10630465,1.118269673,36.418236918170265,50.02696058207447,2.5651446880575484,0.0841261272809733,0.1340722543599595,0.0063102559326215,0.2245086375735544,54.50296429408548,20511.0,404.0,760.0,940.0,1489.0,9060.0,36.0
Matale,Central,2022,February,0.80132882,0.799962033,Healthy,100.1611667,319.1,304.5,9.8,529580,38.3421,34.9853,315,5,59.6476668,1.056981188,32.84782153403591,45.1223566034397,2.3136599147185724,0.0758784677436229,0.1209279156972183,0.0056916033902076,0.202497986831049,49.15953642211631,20511.0,404.0,760.0,940.0,1489.0,9060.0,36.0
Matale,Central,2022,March,0.77922832,0.775617123,Healthy,100.4381687,311.3,295.9,6.0,529170,35.045,34.6618,334,5,63.20528651,1.120023673,134.24761844345113,184.41310959666663,9.455827477545473,0.3101119986043721,0.4942271337190664,0.0232613355947618,0.8276004679182005,200.9128879860406,20511.0,404.0,760.0,940.0,1489.0,9060.0,36.0
Matale,Central,2022,April,0.777832323,0.76829087,Healthy,101.1656883,,,,528750,32.4783,35.0263,297,5,56.22710412,0.99636741,1104.329478312751,1516.9940105917285,77.78424039374507,2.551001094902455,4.065543948385832,0.1913492313686128,6.8078942746569,1652.7222408000628,20511.0,404.0,760.0,940.0,1489.0,9060.0,36.0
Matale,Central,2022,May,0.78073281,0.769755317,Healthy,101.33903,,,,528330,33.3873,30.2461,278,4,52.75481464,0.934837013,1608.8291720909333,2210.0145527728187,113.31903886654229,3.716395387530056,5.922839001431154,0.2787648356116939,9.917999224572904,2407.7485991093054,20511.0,404.0,760.0,940.0,1489.0,9060.0,36.0
Matale,Central,2022,June,0.772889523,0.759334443,Healthy,101.6766187,319.4,298.7,6.6,527920,30.4892,32.4304,315,5,59.83522386,1.060304776,1918.7412274337933,2635.7341781183145,135.1479171923653,4.432292235372062,7.0637675973570815,0.3324638762932186,11.828523709022363,2871.558138396229,20511.0,404.0,760.0,940.0,1489.0,9060.0,36.0
Matale,Central,2022,July,0.774401483,0.74118865,Healthy,104.2041827,310.31,287.03,9.23,527500,35.2083,31.6928,353,6,66.92790814,1.185990059,1715.2275505381365,2356.171751336134,120.81328511204372,3.962175641743095,6.314540293580839,0.2972006813756275,10.57391661669956,2566.9827496939865,20511.0,404.0,760.0,940.0,1489.0,9060.0,36.0
Matale,Central,2022,August,0.783402967,0.72781648,Healthy,107.1472,314.4,292.7,8.2,527080,35.8663,31.2062,390,6,74.03189593,1.311875644,1499.5744613364222,2059.933671026595,105.6236048023696,3.464017005687135,5.520622238351274,0.2598340678138292,9.24447331185224,2244.2397062270493,20511.0,404.0,760.0,940.0,1489.0,9060.0,36.0
Matale,Central,2022,September,0.786920367,0.73437527,Healthy,106.7020767,319.1333333,298.8666667,15.9,526670,31.9058,33.0733,445,7,84.67374628,1.500453609,1463.8703074950788,2010.8876312402476,103.10875706897986,3.381540410313632,5.389178851723862,0.2536475423896904,9.024366804427183,2190.8054275073573,20511.0,404.0,760.0,940.0,1489.0,9060.0,36.0
Matale,Central,2022,October,0.802282057,0.764674647,Healthy,104.6246547,,,,526250,29.5142,32.3795,483,8,91.8031014,1.626788714,1446.018230574407,1986.3646113470736,101.85133320228498,3.34030211262688,5.323457158410157,0.250554279677621,8.91431355071466,2164.088288147512,20511.0,404.0,760.0,940.0,1489.0,9060.0,36.0
Matale,Central,2022,November,0.8095522,0.7938021,Healthy,101.87037,311.2,296.0,7.9,525830,30.5574,26.4249,520,9,98.94384549,1.753325637,1392.4619998123924,1912.795551667553,98.07906160220035,3.216587219566626,5.126292078469041,0.2412744915414129,8.58415378957708,2083.9368700679743,20511.0,404.0,760.0,940.0,1489.0,9060.0,36.0
Matale,Central,2022,December,0.811348247,0.808937357,Healthy,100.2819253,314.3,289.1,9.5,525420,39.5904,41.3862,501,8,95.48458794,1.69202617,1356.757845971049,1863.7495118812053,95.5642138688106,3.1341106241931227,4.9948486918416295,0.2350879661172741,8.364047282152027,2030.5025913482823,20511.0,404.0,760.0,940.0,1489.0,9060.0,36.0
Matale,Central,2023,January,0.81207612,0.81472279,Healthy,99.69406667,,,,525000,34.2332,37.6976,390,8,74.3554007,1.630662021,,,,,,,,,27890.0,685.0,586.0,288.0,1816.0,20200.0,60.0
Matale,Central,2023,February,0.801526833,0.799962033,Healthy,100.18498,,,,524580,40.391,38.6019,368,8,70.28076972,1.541302729,,,,,,,,,27890.0,685.0,586.0,288.0,1816.0,20200.0,60.0
Matale,Central,2023,March,0.782247243,0.775617123,Healthy,100.8047363,310.35,295.0,6.5,524170,35.3381,35.278,390,8,74.47313918,1.633244102,,,,,,,,,27890.0,685.0,586.0,288.0,1816.0,20200.0,60.0
Matale,Central,2023,April,0.7798214,0.76829087,Healthy,101.4089233,,,,523750,32.7653,35.0212,346,7,66.25143101,1.452936725,,,,,,,,,27890.0,685.0,586.0,288.0,1816.0,20200.0,60.0
Matale,Central,2023,May,0.788748233,0.769755317,Healthy,102.3175547,,,,523330,33.9558,31.1363,325,7,62.16056371,1.36322136,,,,,,,,,27890.0,685.0,586.0,288.0,1816.0,20200.0,60.0
Matale,Central,2023,June,0.791471133,0.759334443,Healthy,103.97293,322.4,299.2,12.1,522920,33.7701,33.4318,368,8,70.50387474,1.546195566,,,,,,,,,27890.0,685.0,586.0,288.0,1816.0,20200.0,60.0
Matale,Central,2023,July,0.77380396,0.74118865,Healthy,104.1189283,320.7222222,298.0333333,19.21111111,522500,34.4547,32.271,412,9,78.86178862,1.729490022,,,,,,,,,27890.0,685.0,586.0,288.0,1816.0,20200.0,60.0
Matale,Central,2023,August,0.744672613,0.72781648,Healthy,102.1666367,319.2666667,296.5777778,15.92222222,522080,36.7809,32.847,455,9,87.23314995,1.91307939,,,,,,,,,27890.0,685.0,586.0,288.0,1816.0,20200.0,60.0
Matale,Central,2023,September,0.75667211,0.73437527,Healthy,102.8408817,308.5666667,282.2666667,8.933333333,521670,32.1721,33.092,520,11,99.77338257,2.188094801,,,,,,,,,27890.0,685.0,586.0,288.0,1816.0,20200.0,60.0
Matale,Central,2023,October,0.789046757,0.764674647,Healthy,102.9953637,,,,521250,29.5876,33.6302,563,12,108.1749235,2.372346026,,,,,,,,,27890.0,685.0,586.0,288.0,1816.0,20200.0,60.0
Matale,Central,2023,November,0.806888017,0.7938021,Healthy,101.5523717,,,,520830,31.1825,27.7846,607,13,116.5900145,2.556894413,,,,,,,,,27890.0,685.0,586.0,288.0,1816.0,20200.0,60.0
Matale,Central,2023,December,0.81901191,0.808937357,Healthy,101.17296,,,,520420,39.6311,41.3231,585,12,112.5146575,2.467519199,,,,,,,,,27890.0,685.0,586.0,288.0,1816.0,20200.0,60.0
Matale,Central,2024,January,0.827578543,0.81472279,Healthy,101.4868133,,,,520000,34.3562,38.0666,387,6,74.46529081,1.252345216,,,,,,,,,74410.0,146.0,1027.0,715.0,1644.0,65289.0,94.0
Matale,Central,2024,February,0.804122847,0.799962033,Healthy,100.48486,,,,520000,40.1235,37.266,365,6,70.32833021,1.182770482,,,,,,,,,74410.0,146.0,1027.0,715.0,1644.0,65289.0,94.0
Matale,Central,2024,March,0.76425025,0.775617123,Healthy,98.62100667,317.1,301.1,11.66666667,520000,35.2151,36.3552,387,6,74.46529081,1.252345216,,,,,,,,,74410.0,146.0,1027.0,715.0,1644.0,65289.0,94.0
Matale,Central,2024,April,0.756708443,0.76829087,Healthy,98.58392,,,,520000,34.79,36.9519,344,5,66.19136961,1.113195747,,,,,,,,,74410.0,146.0,1027.0,715.0,1644.0,65289.0,94.0
Matale,Central,2024,May,0.7866328,0.769755317,Healthy,102.0610033,,,,520000,34.6902,31.0604,322,5,62.05440901,1.043621013,,,,,,,,,74410.0,146.0,1027.0,715.0,1644.0,65289.0,94.0
Matale,Central,2024,June,0.806482567,0.759334443,Healthy,105.8283147,,,,520000,32.0871,33.3238,365,6,70.32833021,1.182770482,,,,,,,,,74410.0,146.0,1027.0,715.0,1644.0,65289.0,94.0
Matale,Central,2024,July,0.796041773,0.74118865,Healthy,106.9334467,315.1333333,292.8,8.9,520000,36.036,32.7698,408,6,78.60225141,1.32191995,,,,,,,,,74410.0,146.0,1027.0,715.0,1644.0,65289.0,94.0
Matale,Central,2024,August,0.786201507,0.72781648,Healthy,107.5067033,,,,520000,38.8191,34.5245,451,7,86.87617261,1.461069418,,,,,,,,,74410.0,146.0,1027.0,715.0,1644.0,65289.0,94.0
Matale,Central,2024,September,0.786471617,0.73437527,Healthy,106.6454733,311.4428571,294.1571429,9.085714286,520000,34.5291,35.4928,516,8,99.28705441,1.669793621,,,,,,,,,74410.0,146.0,1027.0,715.0,1644.0,65289.0,94.0
Matale,Central,2024,October,0.794771113,0.764674647,Healthy,103.7086167,312.9,284.8,6.45,520000,30.8461,33.7839,559,9,107.5609756,1.808943089,,,,,,,,,74410.0,146.0,1027.0,715.0,1644.0,65289.0,94.0
Matale,Central,2024,November,0.798887053,0.7938021,Healthy,100.6051247,,,,520000,30.7963,28.2798,602,10,115.8348968,1.948092558,,,,,,,,,74410.0,146.0,1027.0,715.0,1644.0,65289.0,94.0
Matale,Central,2024,December,0.8085149,0.808937357,Healthy,99.95091,,,,520000,38.9268,42.0641,580,9,111.6979362,1.878517824,,,,,,,,,74410.0,146.0,1027.0,715.0,1644.0,65289.0,94.0
Matara,Southern,2014,January,0.809236723,0.816498163,Healthy,99.16083333,,,,832000,22.471,15.0102,513,4,61.68503752,0.580440901,,,,,,,,,859112.0,3851.0,20799.0,3851.0,38780.0,272885.0,79038.0
Matara,Southern,2014,February,0.786751247,0.794317213,Healthy,99.104642,,,,832670,21.3645,13.911,484,4,58.21121418,0.547753085,,,,,,,,,859112.0,3851.0,20799.0,3851.0,38780.0,272885.0,79038.0
Matara,Southern,2014,March,0.778008533,0.782558167,Healthy,99.45361,,,,833330,19.6852,16.6212,513,4,61.58658781,0.579514513,,,,,,,,,859112.0,3851.0,20799.0,3851.0,38780.0,272885.0,79038.0
Matara,Southern,2014,April,0.786432437,0.78895477,Healthy,99.69930667,,,,834000,18.9034,14.3885,456,4,54.69965491,0.514710183,,,,,,,,,859112.0,3851.0,20799.0,3851.0,38780.0,272885.0,79038.0
Matara,Southern,2014,May,0.795344403,0.802598423,Healthy,99.15038867,320.9,297.0,16.9,834670,17.4748,11.7547,427,4,51.23976264,0.482153455,,,,,,,,,859112.0,3851.0,20799.0,3851.0,38780.0,272885.0,79038.0
Matara,Southern,2014,June,0.79865724,0.811229313,Healthy,98.54020667,,,,835330,15.668,10.9636,484,4,58.02584812,0.546008836,,,,,,,,,859112.0,3851.0,20799.0,3851.0,38780.0,272885.0,79038.0
Matara,Southern,2014,July,0.80229825,0.8077109,Healthy,99.36966367,,,,836000,12.0374,8.6029,541,5,64.80044346,0.609756098,,,,,,,,,859112.0,3851.0,20799.0,3851.0,38780.0,272885.0,79038.0
Matara,Southern,2014,August,0.80682732,0.79976131,Healthy,100.8324417,315.875,292.225,27.5,836670,11.4935,8.1633,598,5,71.5641887,0.673401262,,,,,,,,,859112.0,3851.0,20799.0,3851.0,38780.0,272885.0,79038.0
Matara,Southern,2014,September,0.8115812,0.796465063,Healthy,101.78577,,,,837330,17.8827,11.6787,684,6,81.72317759,0.768994828,,,,,,,,,859112.0,3851.0,20799.0,3851.0,38780.0,272885.0,79038.0
Matara,Southern,2014,October,0.8181923,0.802403333,Healthy,101.85255,,,,838000,18.1765,12.6914,741,6,88.4626579,0.832411665,,,,,,,,,859112.0,3851.0,20799.0,3851.0,38780.0,272885.0,79038.0
Matara,Southern,2014,November,0.8277786,0.81549072,Healthy,101.42032,,,,838670,31.3331,21.3468,798,7,95.19137008,0.895727178,,,,,,,,,859112.0,3851.0,20799.0,3851.0,38780.0,272885.0,79038.0
Matara,Southern,2014,December,0.834721333,0.825264327,Healthy,101.08053,,,,839330,34.5409,24.8579,769,7,91.71949868,0.863057729,,,,,,,,,859112.0,3851.0,20799.0,3851.0,38780.0,272885.0,79038.0
Matara,Southern,2015,January,0.82587092,0.816498163,Healthy,101.0816153,,,,840000,25.0184,38.8878,534,4,63.60627178,0.487804878,1505.976772390627,3301.8534204714506,259.56245219981486,3.4788063442223485,8.84896716686349,0.6385236324115445,12.96629714349738,,1337814.0,4140.0,39456.0,5356.0,105628.0,370889.0,129547.0
Matara,Southern,2015,February,0.79998803,0.794317213,Healthy,100.6705333,,,,840670,25.967,43.7965,504,3,60.02471316,0.460337433,1505.976772390627,3301.8534204714506,259.56245219981486,3.4788063442223485,8.84896716686349,0.6385236324115445,12.96629714349738,,1337814.0,4140.0,39456.0,5356.0,105628.0,370889.0,129547.0
Matara,Southern,2015,March,0.785256403,0.782558167,Healthy,100.3240833,315.25,299.45,7.15,841330,24.5819,45.4734,534,4,63.50572105,0.487033741,1505.976772390627,3301.8534204714506,259.56245219981486,3.4788063442223485,8.84896716686349,0.6385236324115445,12.96629714349738,,1337814.0,4140.0,39456.0,5356.0,105628.0,370889.0,129547.0
Matara,Southern,2015,April,0.79616152,0.78895477,Healthy,100.8580383,,,,842000,19.0157,45.6759,474,3,56.40461155,0.432574397,1505.976772390627,3301.8534204714506,259.56245219981486,3.4788063442223485,8.84896716686349,0.6385236324115445,12.96629714349738,,1337814.0,4140.0,39456.0,5356.0,105628.0,370889.0,129547.0
Matara,Southern,2015,May,0.81745469,0.802598423,Healthy,101.7414253,,,,842670,19.0795,44.4204,445,3,52.83727941,0.405216057,1505.976772390627,3301.8534204714506,259.56245219981486,3.4788063442223485,8.84896716686349,0.6385236324115445,12.96629714349738,,1337814.0,4140.0,39456.0,5356.0,105628.0,370889.0,129547.0
Matara,Southern,2015,June,0.833588013,0.811229313,Healthy,102.5959667,,,,843330,18.083,34.5117,504,3,59.83538545,0.458885454,1505.976772390627,3301.8534204714506,259.56245219981486,3.4788063442223485,8.84896716686349,0.6385236324115445,12.96629714349738,,1337814.0,4140.0,39456.0,5356.0,105628.0,370889.0,129547.0
Matara,Southern,2015,July,0.837510247,0.8077109,Healthy,103.47473,,,,844000,16.3912,32.2418,563,4,66.82175471,0.51246484,1505.976772390627,3301.8534204714506,259.56245219981486,3.4788063442223485,8.84896716686349,0.6385236324115445,12.96629714349738,,1337814.0,4140.0,39456.0,5356.0,105628.0,370889.0,129547.0
Matara,Southern,2015,August,0.829270067,0.79976131,Healthy,103.472225,,,,844670,14.6574,28.6995,623,4,73.79704067,0.565959227,1505.976772390627,3301.8534204714506,259.56245219981486,3.4788063442223485,8.84896716686349,0.6385236324115445,12.96629714349738,,1337814.0,4140.0,39456.0,5356.0,105628.0,370889.0,129547.0
Matara,Southern,2015,September,0.82231451,0.796465063,Healthy,103.053818,,,,845330,16.4077,39.3774,712,5,84.27362615,0.646305542,1505.976772390627,3301.8534204714506,259.56245219981486,3.4788063442223485,8.84896716686349,0.6385236324115445,12.96629714349738,,1337814.0,4140.0,39456.0,5356.0,105628.0,370889.0,129547.0
Matara,Southern,2015,October,0.827064913,0.802403333,Healthy,102.8936683,313.4,296.0,8.4,846000,20.9431,35.5098,771,5,91.22412501,0.699609833,1505.976772390627,3301.8534204714506,259.56245219981486,3.4788063442223485,8.84896716686349,0.6385236324115445,12.96629714349738,,1337814.0,4140.0,39456.0,5356.0,105628.0,370889.0,129547.0
Matara,Southern,2015,November,0.83360514,0.81549072,Healthy,102.0941543,,,,846670,15.91,29.7838,831,6,98.16362352,0.752829761,1505.976772390627,3301.8534204714506,259.56245219981486,3.4788063442223485,8.84896716686349,0.6385236324115445,12.96629714349738,,1337814.0,4140.0,39456.0,5356.0,105628.0,370889.0,129547.0
Matara,Southern,2015,December,0.83585637,0.825264327,Healthy,101.2103633,,,,847330,28.7799,29.5472,801,6,94.58404924,0.725377535,1505.976772390627,3301.8534204714506,259.56245219981486,3.4788063442223485,8.84896716686349,0.6385236324115445,12.96629714349738,,1337814.0,4140.0,39456.0,5356.0,105628.0,370889.0,129547.0
Matara,Southern,2016,January,0.82387777,0.816498163,Healthy,100.8516737,316.5,300.4,7.6,848000,27.2806,40.6408,415,2,49.03647032,0.258858721,,,,,,,,,986656.0,2685.0,26887.0,5271.0,45172.0,340129.0,56945.0
Matara,Southern,2016,February,0.800894853,0.794317213,Healthy,100.7786017,,,,848670,31.9627,45.0701,392,2,46.27565983,0.244284673,,,,,,,,,986656.0,2685.0,26887.0,5271.0,45172.0,340129.0,56945.0
Matara,Southern,2016,March,0.786953827,0.782558167,Healthy,100.5279267,321.1,302.1,9.15,849330,26.5479,43.9966,415,2,48.95968214,0.258453363,,,,,,,,,986656.0,2685.0,26887.0,5271.0,45172.0,340129.0,56945.0
Matara,Southern,2016,April,0.79632819,0.78895477,Healthy,100.8779947,,,,850000,26.0456,44.3391,369,1,43.48541368,0.229555237,,,,,,,,,986656.0,2685.0,26887.0,5271.0,45172.0,340129.0,56945.0
Matara,Southern,2016,May,0.814587153,0.802598423,Healthy,101.406187,,,,850670,28.9508,43.8941,346,1,40.73546619,0.215038533,,,,,,,,,986656.0,2685.0,26887.0,5271.0,45172.0,340129.0,56945.0
Matara,Southern,2016,June,0.817250393,0.811229313,Healthy,100.6993673,,,,851330,25.1097,38.0207,392,2,46.13107048,0.2435214,,,,,,,,,986656.0,2685.0,26887.0,5271.0,45172.0,340129.0,56945.0
Matara,Southern,2016,July,0.808758067,0.8077109,Healthy,100.1219733,,,,852000,20.8807,37.4147,438,2,51.5177106,0.271956945,,,,,,,,,986656.0,2685.0,26887.0,5271.0,45172.0,340129.0,56945.0
Matara,Southern,2016,August,0.79936578,0.79976131,Healthy,99.95318133,316.25,295.1,13.05,852670,16.5891,38.7354,485,2,56.89588544,0.300347803,,,,,,,,,986656.0,2685.0,26887.0,5271.0,45172.0,340129.0,56945.0
Matara,Southern,2016,September,0.788265767,0.796465063,Healthy,99.03142,316.7,298.0,12.5,853330,19.2313,35.2655,554,2,64.97357697,0.342989145,,,,,,,,,986656.0,2685.0,26887.0,5271.0,45172.0,340129.0,56945.0
Matara,Southern,2016,October,0.79035382,0.802403333,Healthy,98.586198,,,,854000,23.3877,45.646,600,3,70.33281925,0.371280059,,,,,,,,,986656.0,2685.0,26887.0,5271.0,45172.0,340129.0,56945.0
Matara,Southern,2016,November,0.80707688,0.81549072,Healthy,99.02726333,,,,854670,24.9518,36.7129,646,3,75.68365901,0.399526618,,,,,,,,,986656.0,2685.0,26887.0,5271.0,45172.0,340129.0,56945.0
Matara,Southern,2016,December,0.822907667,0.825264327,Healthy,99.73048,,,,855330,25.7422,40.3155,623,3,72.92435697,0.384960533,,,,,,,,,986656.0,2685.0,26887.0,5271.0,45172.0,340129.0,56945.0
Matara,Southern,2017,January,0.823975177,0.816498163,Healthy,100.8649987,,,,856000,25.0621,36.6962,485,1,56.69022111,0.196603602,,,,,,,,,903306.0,3331.0,16742.0,8689.0,39182.0,344380.0,23537.0
Matara,Southern,2017,February,0.808291467,0.794317213,Healthy,101.6554933,,,,856170,25.9979,39.0495,458,1,53.5301334,0.185644311,,,,,,,,,903306.0,3331.0,16742.0,8689.0,39182.0,344380.0,23537.0
Matara,Southern,2017,March,0.794987173,0.782558167,Healthy,101.4927467,,,,856330,24.5262,42.202,485,1,56.66837465,0.196527837,,,,,,,,,903306.0,3331.0,16742.0,8689.0,39182.0,344380.0,23537.0
Matara,Southern,2017,April,0.793519647,0.78895477,Healthy,100.54541,322.6,298.2,14.4,856500,21.5218,40.5858,431,1,50.36189066,0.174656738,,,,,,,,,903306.0,3331.0,16742.0,8689.0,39182.0,344380.0,23537.0
Matara,Southern,2017,May,0.800557247,0.802598423,Healthy,99.76118167,,,,856670,22.7034,37.3276,404,1,47.20490316,0.163708199,,,,,,,,,903306.0,3331.0,16742.0,8689.0,39182.0,344380.0,23537.0
Matara,Southern,2017,June,0.80822135,0.811229313,Healthy,99.65066833,,,,856830,20.549,31.8386,458,1,53.48890014,0.185501312,,,,,,,,,903306.0,3331.0,16742.0,8689.0,39182.0,344380.0,23537.0
Matara,Southern,2017,July,0.809606833,0.8077109,Healthy,100.2213633,,,,857000,16.825,29.765,512,1,59.76985324,0.20728387,,,,,,,,,903306.0,3331.0,16742.0,8689.0,39182.0,344380.0,23537.0
Matara,Southern,2017,August,0.80784274,0.79976131,Healthy,100.951535,,,,857170,14.5542,26.7862,566,1,66.04831497,0.229057787,,,,,,,,,903306.0,3331.0,16742.0,8689.0,39182.0,344380.0,23537.0
Matara,Southern,2017,September,0.81009569,0.796465063,Healthy,101.61029,,,,857330,19.133,33.3635,647,2,75.46970131,0.261731473,,,,,,,,,903306.0,3331.0,16742.0,8689.0,39182.0,344380.0,23537.0
Matara,Southern,2017,October,0.814208517,0.802403333,Healthy,101.3854367,,,,857500,21.2728,36.4765,700,2,81.74263434,0.283486217,,,,,,,,,903306.0,3331.0,16742.0,8689.0,39182.0,344380.0,23537.0
Matara,Southern,2017,November,0.8225205,0.81549072,Healthy,100.8128453,,,,857670,25.1705,40.8776,754,2,88.01308063,0.305232336,,,,,,,,,903306.0,3331.0,16742.0,8689.0,39182.0,344380.0,23537.0
Matara,Southern,2017,December,0.82983335,0.825264327,Healthy,100.5220133,,,,857830,31.2363,44.225,727,2,84.85392665,0.294276284,,,,,,,,,903306.0,3331.0,16742.0,8689.0,39182.0,344380.0,23537.0
Matara,Southern,2018,January,0.82290767,0.816498163,Healthy,100.7404347,,,,858000,26.3871,38.1584,540,3,62.94559099,0.426402865,,,,,,,,,961598.0,2957.0,16931.0,7055.0,80776.0,339763.0,20063.0
Matara,Southern,2018,February,0.80461791,0.794317213,Healthy,101.2206587,,,,858420,28.0997,41.3071,510,3,59.41952724,0.402516781,,,,,,,,,961598.0,2957.0,16931.0,7055.0,80776.0,339763.0,20063.0
Matara,Southern,2018,March,0.79421451,0.782558167,Healthy,101.400075,,,,858830,24.8464,44.0275,540,3,62.88475842,0.425990776,,,,,,,,,961598.0,2957.0,16931.0,7055.0,80776.0,339763.0,20063.0
Matara,Southern,2018,April,0.80309655,0.78895477,Healthy,101.68501,319.1,302.1,5.8,859250,23.2788,43.2887,480,3,55.8702404,0.37847338,,,,,,,,,961598.0,2957.0,16931.0,7055.0,80776.0,339763.0,20063.0
Matara,Southern,2018,May,0.81978202,0.802598423,Healthy,102.0156847,,,,859670,23.741,38.807,450,3,52.35276043,0.354645444,,,,,,,,,961598.0,2957.0,16931.0,7055.0,80776.0,339763.0,20063.0
Matara,Southern,2018,June,0.819046123,0.811229313,Healthy,100.9080167,,,,860080,21.4436,33.5506,510,3,59.3048444,0.401739902,,,,,,,,,961598.0,2957.0,16931.0,7055.0,80776.0,339763.0,20063.0
Matara,Southern,2018,July,0.79967948,0.8077109,Healthy,99.06244667,,,,860500,17.2657,30.1316,570,3,66.2495335,0.448784267,,,,,,,,,961598.0,2957.0,16931.0,7055.0,80776.0,339763.0,20063.0
Matara,Southern,2018,August,0.781702563,0.79976131,Healthy,97.87458467,317.3,296.3,14.7,860920,15.1616,29.3359,630,4,73.18744667,0.49578273,,,,,,,,,961598.0,2957.0,16931.0,7055.0,80776.0,339763.0,20063.0
Matara,Southern,2018,September,0.783082877,0.796465063,Healthy,98.41892,319.7666667,297.6666667,14.46666667,861330,20.0355,33.6869,720,4,83.60298155,0.566339124,,,,,,,,,961598.0,2957.0,16931.0,7055.0,80776.0,339763.0,20063.0
Matara,Southern,2018,October,0.803428187,0.802403333,Healthy,100.1190067,,,,861750,23.0849,37.1485,780,5,90.52575469,0.613235027,,,,,,,,,961598.0,2957.0,16931.0,7055.0,80776.0,339763.0,20063.0
Matara,Southern,2018,November,0.820477763,0.81549072,Healthy,100.5765767,,,,862170,25.5987,40.6451,840,5,97.44178308,0.66008524,,,,,,,,,961598.0,2957.0,16931.0,7055.0,80776.0,339763.0,20063.0
Matara,Southern,2018,December,0.825183713,0.825264327,Healthy,99.99099,,,,862580,31.8234,45.1058,810,5,93.91705768,0.636208222,,,,,,,,,961598.0,2957.0,16931.0,7055.0,80776.0,339763.0,20063.0
Matara,Southern,2019,January,0.813552967,0.816498163,Healthy,99.659922,,,,863000,27.9627,41.6161,550,2,63.81030438,0.322188622,2121.6511218565674,3332.893170605143,410.874204288647,4.90101409148867,8.932153697221784,1.0107505425500716,14.843918331260525,,734606.0,1613.0,13459.0,3738.0,38232.0,284301.0,15490.0
Matara,Southern,2019,February,0.7908316,0.794317213,Healthy,99.58701033,316.3,297.2333333,7.766666667,863250,28.9059,42.2545,520,2,60.24783445,0.304201131,2121.6511218565674,3332.893170605143,410.874204288647,4.90101409148867,8.932153697221784,1.0107505425500716,14.843918331260525,,734606.0,1613.0,13459.0,3738.0,38232.0,284301.0,15490.0
Matara,Southern,2019,March,0.777782033,0.782558167,Healthy,99.42627833,,,,863500,25.7558,46.9173,550,2,63.77335574,0.322002062,2121.6511218565674,3332.893170605143,410.874204288647,4.90101409148867,8.932153697221784,1.0107505425500716,14.843918331260525,,734606.0,1613.0,13459.0,3738.0,38232.0,284301.0,15490.0
Matara,Southern,2019,April,0.7851282,0.78895477,Healthy,99.54345,,,,863750,22.7827,44.67,489,2,56.67101997,0.286141212,2121.6511218565674,3332.893170605143,410.874204288647,4.90101409148867,8.932153697221784,1.0107505425500716,14.843918331260525,,734606.0,1613.0,13459.0,3738.0,38232.0,284301.0,15490.0
Matara,Southern,2019,May,0.80357435,0.802598423,Healthy,100.1136113,,,,864000,24.6821,39.6224,458,2,53.11370822,0.268179765,2121.6511218565674,3332.893170605143,410.874204288647,4.90101409148867,8.932153697221784,1.0107505425500716,14.843918331260525,,734606.0,1613.0,13459.0,3738.0,38232.0,284301.0,15490.0
Matara,Southern,2019,June,0.81798032,0.811229313,Healthy,100.7837487,,,,864250,22.744,35.9914,520,2,60.17812333,0.303849148,2121.6511218565674,3332.893170605143,410.874204288647,4.90101409148867,8.932153697221784,1.0107505425500716,14.843918331260525,,734606.0,1613.0,13459.0,3738.0,38232.0,284301.0,15490.0
Matara,Southern,2019,July,0.820998283,0.8077109,Healthy,101.5496167,,,,864500,18.5485,31.4851,581,2,67.2384526,0.3394979,2121.6511218565674,3332.893170605143,410.874204288647,4.90101409148867,8.932153697221784,1.0107505425500716,14.843918331260525,,734606.0,1613.0,13459.0,3738.0,38232.0,284301.0,15490.0
Matara,Southern,2019,August,0.81960341,0.79976131,Healthy,102.335472,,,,864750,15.8803,29.0828,642,3,74.29469958,0.375126041,2121.6511218565674,3332.893170605143,410.874204288647,4.90101409148867,8.932153697221784,1.0107505425500716,14.843918331260525,,734606.0,1613.0,13459.0,3738.0,38232.0,284301.0,15490.0
Matara,Southern,2019,September,0.818485453,0.796465063,Healthy,102.6014717,,,,865000,20.2405,35.954,734,3,84.88368814,0.428591569,2121.6511218565674,3332.893170605143,410.874204288647,4.90101409148867,8.932153697221784,1.0107505425500716,14.843918331260525,,734606.0,1613.0,13459.0,3738.0,38232.0,284301.0,15490.0
Matara,Southern,2019,October,0.820313643,0.802403333,Healthy,102.1020333,,,,865250,22.7304,38.6592,795,4,91.93075924,0.464173379,2121.6511218565674,3332.893170605143,410.874204288647,4.90101409148867,8.932153697221784,1.0107505425500716,14.843918331260525,,734606.0,1613.0,13459.0,3738.0,38232.0,284301.0,15490.0
Matara,Southern,2019,November,0.82467433,0.81549072,Healthy,101.0622887,,,,865500,26.4874,42.3354,856,4,98.97375923,0.499734633,2121.6511218565674,3332.893170605143,410.874204288647,4.90101409148867,8.932153697221784,1.0107505425500716,14.843918331260525,,734606.0,1613.0,13459.0,3738.0,38232.0,284301.0,15490.0
Matara,Southern,2019,December,0.828890557,0.825264327,Healthy,100.4143683,,,,865750,33.1196,46.7742,826,4,95.41142249,0.481747815,2121.6511218565674,3332.893170605143,410.874204288647,4.90101409148867,8.932153697221784,1.0107505425500716,14.843918331260525,,734606.0,1613.0,13459.0,3738.0,38232.0,284301.0,15490.0
Matara,Southern,2020,January,0.821104247,0.816498163,Healthy,100.5314787,,,,866000,21.3659,29.8636,355,1,41.02968512,0.228130457,59.50173859385393,84.81092131370407,11.229270866323068,0.1374490161518025,0.2272932691207269,0.0276240063311547,0.3923662916036842,83.97034112040002,405256.0,578.0,9532.0,3000.0,21021.0,151634.0,7150.0
Matara,Southern,2020,February,0.792205977,0.794317213,Healthy,99.74755333,,,,866580,22.0768,31.2398,335,1,38.72432271,0.215312338,53.668234810142735,76.49612510647815,10.128361957860015,0.1239736224114297,0.2050096152853614,0.0249157704163356,0.3538990081131268,75.73795473604709,405256.0,578.0,9532.0,3000.0,21021.0,151634.0,7150.0
Matara,Southern,2020,March,0.769699123,0.782558167,Healthy,98.45524133,319.5666667,299.1833333,14.08333333,867170,19.4368,34.2132,355,1,40.9743272,0.227822659,219.33974226753992,312.63633739169336,41.39417495821051,0.5066748046380173,0.8378653842097383,0.1018296703971978,1.4463698592449532,309.5377280516707,405256.0,578.0,9532.0,3000.0,21021.0,151634.0,7150.0
Matara,Southern,2020,April,0.779106833,0.78895477,Healthy,98.824532,332.1,300.7,20.6,867750,17.4139,33.5819,315,1,36.39728014,0.202373675,1804.3027203018648,2571.766466894967,340.51112538762004,4.167939283897307,6.892334131278513,0.8376573684535452,11.897930783629365,2546.277108680366,405256.0,578.0,9532.0,3000.0,21021.0,151634.0,7150.0
Matara,Southern,2020,May,0.805620507,0.802598423,Healthy,100.3527087,,,,868330,18.0275,29.737,296,1,34.09965808,0.189598593,2628.5768049402527,3746.647170975985,496.0695541534484,6.072012419411984,10.041014418215642,1.220331103217483,17.333357940845108,3709.513304789437,405256.0,578.0,9532.0,3000.0,21021.0,151634.0,7150.0
Matara,Southern,2020,June,0.82688031,0.811229313,Healthy,101.8169833,,,,868920,16.3251,26.9411,335,1,38.62003818,0.214732502,3134.924933366381,4468.371481763191,591.6284474080405,7.241676596076341,11.975235571125353,1.4554059806237798,20.67231814782547,4424.084442951272,405256.0,578.0,9532.0,3000.0,21021.0,151634.0,7150.0
Matara,Southern,2020,July,0.83412223,0.8077109,Healthy,103.0797613,,,,869500,13.25,24.5045,375,2,43.13477982,0.239835061,2802.415217694845,3994.428097951316,528.876639625647,6.473579152875093,10.705067302509528,1.301036533479092,18.47968298886371,3954.8384190431534,405256.0,578.0,9532.0,3000.0,21021.0,151634.0,7150.0
Matara,Southern,2020,August,0.8246718,0.79976131,Healthy,102.9307833,,,,870080,12.278,22.6922,414,2,47.64350236,0.264904152,2450.0715891586906,3492.214407034872,462.3817415544791,5.659665370956575,9.35913461085346,1.1374590842240186,16.156259066034053,3457.6022814282364,405256.0,578.0,9532.0,3000.0,21021.0,151634.0,7150.0
Matara,Southern,2020,September,0.812319613,0.796465063,Healthy,101.873085,,,,870670,15.3979,27.7794,473,2,54.41281973,0.302542449,2391.736551321578,3409.0664449626133,451.3726524698486,5.524911433552847,9.136298072499804,1.1103767250758276,15.77158623112848,3375.278417584708,405256.0,578.0,9532.0,3000.0,21021.0,151634.0,7150.0
Matara,Southern,2020,October,0.8125521,0.802403333,Healthy,101.1912733,,,,871250,17.5689,28.4175,513,2,58.90797961,0.32753613,2362.569032403023,3367.492463926484,445.8681079275334,5.457534464850983,9.024879803322978,1.096835545501732,15.579249813675691,3334.1164856629425,405256.0,578.0,9532.0,3000.0,21021.0,151634.0,7150.0
Matara,Southern,2020,November,0.819813623,0.81549072,Healthy,100.5000967,,,,871830,21.0259,32.9512,552,3,63.39715852,0.352496557,2275.066475647356,3242.7705208180964,429.3544743005878,5.255403558745392,8.690624995792499,1.056212006779446,15.002240561317336,3210.630689897648,405256.0,578.0,9532.0,3000.0,21021.0,151634.0,7150.0
Matara,Southern,2020,December,0.829986313,0.825264327,Healthy,100.5392883,,,,872420,26.1687,36.5191,532,2,61.0916313,0.339677522,2216.731437810244,3159.622558745837,418.3453852159574,5.120649621341665,8.467788457438845,1.029129647631255,14.617567726411764,3128.306826054119,405256.0,578.0,9532.0,3000.0,21021.0,151634.0,7150.0
Matara,Southern,2021,January,0.83289999,0.816498163,Healthy,101.8951567,,,,873000,23.3514,35.8359,171,0,19.61277345,0.075433744,64.4023295703188,100.47236567612411,11.960094946474255,0.1487693813074364,0.2692659400120126,0.0294218335683266,0.4474571548877757,84.30591811860302,33850.0,281.0,771.0,2593.0,3495.0,8011.0,2093.0
Matara,Southern,2021,February,0.81140593,0.794317213,Healthy,102.0226,,,,873080,24.9833,35.8441,161,0,18.52147765,0.071236453,58.08837569087576,90.62213374709228,10.78753661838854,0.1341841478459229,0.2428673184422073,0.0265373400812358,0.4035888063693661,76.0406320285439,33850.0,281.0,771.0,2593.0,3495.0,8011.0,2093.0
Matara,Southern,2021,March,0.791523923,0.782558167,Healthy,101.0766387,314.0,301.4,16.2,873170,22.5437,37.6964,171,0,19.60895498,0.075419058,237.40466586705747,370.3687205315947,44.088193136022745,0.5484047781529028,0.9925881710246738,0.1084569551146159,1.6494499042921924,310.7747569862229,33850.0,281.0,771.0,2593.0,3495.0,8011.0,2093.0
Matara,Southern,2021,April,0.79378033,0.78895477,Healthy,100.5751337,,,,873250,20.2982,38.2569,152,0,17.42858539,0.067033021,1952.9059349117256,3046.676735649528,362.6722908769105,4.511212709646086,8.165093651540735,0.8921738355572,13.56848019674402,2556.4529876552856,33850.0,281.0,771.0,2593.0,3495.0,8011.0,2093.0
Matara,Southern,2021,May,0.809191413,0.802598423,Healthy,100.772935,,,,873330,20.8264,33.8668,142,0,16.33780207,0.0628377,2845.067618077024,4438.514507221717,528.3547826354215,6.572106197757925,11.895218879354204,1.299752765283137,19.767077842395267,3724.337912180639,33850.0,281.0,771.0,2593.0,3495.0,8011.0,2093.0
Matara,Southern,2021,June,0.823194853,0.811229313,Healthy,101.3891653,,,,873420,18.7576,29.7442,161,0,18.51426771,0.071208722,3393.118814812677,5293.514638661673,630.1328455132611,7.8381044622172835,14.186619231613284,1.5501267999626225,23.574850493793196,4441.764744797771,33850.0,281.0,771.0,2593.0,3495.0,8011.0,2093.0
Matara,Southern,2021,July,0.827784577,0.8077109,Healthy,102.3407933,,,,873500,15.7307,27.5976,180,0,20.69052173,0.07957893,3033.223443684426,4732.051418706864,563.2970208123756,7.006746154911023,12.681897802134396,1.3857106711984442,21.074354628243864,3970.6434376644006,33850.0,281.0,771.0,2593.0,3495.0,8011.0,2093.0
Matara,Southern,2021,August,0.822231603,0.79976131,Healthy,102.64425,,,,873580,13.2897,25.1375,199,0,22.86637716,0.087947604,2651.8606293660678,4137.097410193344,492.4744977959987,6.125798053835616,11.087421059318164,1.211487264578157,18.424706377731937,3471.42015782483,33850.0,281.0,771.0,2593.0,3495.0,8011.0,2093.0
Matara,Southern,2021,September,0.816050403,0.796465063,Healthy,102.3138233,,,,873670,16.6127,30.6852,228,0,26.13031041,0.100501194,2588.721090571637,4038.595090903026,480.7489145151416,5.979945719220481,10.823434843620111,1.1826423297072484,17.98602289254784,3388.7672969242385,33850.0,281.0,771.0,2593.0,3495.0,8011.0,2093.0
Matara,Southern,2021,October,0.81812904,0.802403333,Healthy,101.845348,,,,873750,20.4069,32.1802,247,0,28.30524443,0.108866325,2557.151321174422,3989.343931257868,474.886122874713,5.9070195519129145,10.691441735771086,1.168219862271794,17.766681149955794,3347.440866473943,33850.0,281.0,771.0,2593.0,3495.0,8011.0,2093.0
Matara,Southern,2021,November,0.82691792,0.81549072,Healthy,101.3210233,,,,873830,21.9846,35.9961,266,1,30.47978021,0.117229924,2462.442012982777,3841.590452322392,457.29774795342746,5.688241049990215,10.29546241222401,1.1249524599654317,17.108655922179658,3223.4615751230563,33850.0,281.0,771.0,2593.0,3495.0,8011.0,2093.0
Matara,Southern,2021,December,0.831429033,0.825264327,Healthy,100.7044383,,,,873920,28.4697,39.3165,256,0,29.3881898,0.113031499,2399.302474188347,3743.088133032074,445.5721646725703,5.542388715375082,10.03147619652596,1.096107525094523,16.669972436995565,3140.8087142224654,33850.0,281.0,771.0,2593.0,3495.0,8011.0,2093.0
Matara,Southern,2022,January,0.82578118,0.816498163,Healthy,101.0727433,,,,874000,24.8925,37.2257,438,3,50.22325166,0.426968801,55.95713638272158,90.3148445052357,6.46938185733836,0.1292609850440868,0.2420437832740316,0.0159146793690523,0.3872194476871708,84.47959465583249,20511.0,404.0,760.0,940.0,1489.0,9060.0,36.0
Matara,Southern,2022,February,0.8100256,0.794317213,Healthy,101.861825,,,,873580,25.9384,38.565,414,3,47.4558759,0.403442185,50.47114261970964,81.46044798511453,5.83512873406989,0.1165883394515292,0.2183140006001069,0.0143544166858119,0.3492567567374481,76.19728145428027,20511.0,404.0,760.0,940.0,1489.0,9060.0,36.0
Matara,Southern,2022,March,0.8020162,0.782558167,Healthy,102.3371967,,,,873170,23.8608,41.7907,438,3,50.27099185,0.42737466,206.2733654892481,332.9253091565551,23.84791743489434,0.4764914742801632,0.8922398285395675,0.05866587688984,1.4273971797095708,311.4149763783629,20511.0,404.0,760.0,940.0,1489.0,9060.0,36.0
Matara,Southern,2022,April,0.806901703,0.78895477,Healthy,102.1399987,,,,872750,21.9,39.526,390,3,44.70683034,0.380071403,1696.8178708995863,2738.6648436734704,196.1744910269367,3.9196492817780455,7.3396217810449,0.4825892479262643,11.741860310749209,2561.719473240097,20511.0,404.0,760.0,940.0,1489.0,9060.0,36.0
Matara,Southern,2022,May,0.811074347,0.802598423,Healthy,100.995725,,,,872330,21.7306,36.6926,365,3,41.93283309,0.356488496,2471.988789613171,3989.791071966589,285.79445734477105,5.710294104006425,10.692640072870455,0.7030543650681368,17.105988541945017,3732.010328619424,20511.0,404.0,760.0,940.0,1489.0,9060.0,36.0
Matara,Southern,2022,June,0.813232453,0.811229313,Healthy,100.23257,,,,871920,20.2398,32.4844,414,3,47.5462245,0.404210277,2948.173048242604,4758.352689913103,340.8476284444738,6.810279741440417,12.752385208967112,0.8384851659734056,20.401150116380933,4450.915114514155,20511.0,404.0,760.0,940.0,1489.0,9060.0,36.0
Matara,Southern,2022,July,0.8172436,0.8077109,Healthy,101.1118567,,,,871500,16.6217,27.8197,463,3,53.16550756,0.451982145,2635.4714037509257,4253.652088266198,304.6952004181713,6.087938942664639,11.39978759655341,0.7495501930287014,18.237276732246748,3978.823262025679,20511.0,404.0,760.0,940.0,1489.0,9060.0,36.0
Matara,Southern,2022,August,0.806751293,0.79976131,Healthy,100.8219033,,,,871080,13.9797,27.9181,512,4,58.79020941,0.49980008,2304.1173804650057,3718.846538450881,266.3863117727559,5.322511148874164,9.96650872304836,0.6553103269609796,15.9443301988835,3478.571544651926,20511.0,404.0,760.0,940.0,1489.0,9060.0,36.0
Matara,Southern,2022,September,0.795496557,0.796465063,Healthy,99.88561,,,,870670,17.3763,31.0569,585,4,67.22045008,0.57146907,2249.257442834886,3630.302573249669,260.0437805400712,5.195784692948588,9.729210896309112,0.6397077001285753,15.564703289386276,3395.748412636404,20511.0,404.0,760.0,940.0,1489.0,9060.0,36.0
Matara,Southern,2022,October,0.802011073,0.802403333,Healthy,99.953596,,,,870250,20.6418,35.2956,634,5,72.85729967,0.619390279,2221.8274740198267,3586.0305906490635,256.8725149237289,5.132421464985801,9.610561982939489,0.6319063867123731,15.374889834637662,3354.336846628643,20511.0,404.0,760.0,940.0,1489.0,9060.0,36.0
Matara,Southern,2022,November,0.817011943,0.81549072,Healthy,100.1757147,,,,869830,24.1835,38.0553,682,5,78.49959281,0.667357765,2139.5375675746486,3453.214642847247,247.35871807470195,4.942331781097439,9.25461524283062,0.6085024464637668,14.805449470391824,3230.10214860536,20511.0,404.0,760.0,940.0,1489.0,9060.0,36.0
Matara,Southern,2022,December,0.827461547,0.825264327,Healthy,100.251,,,,869420,30.3095,40.526,658,5,75.73173257,0.643827031,2084.677629944529,3364.6706776460355,241.01618684201728,4.815605325171863,9.017317416091371,0.5928998196313625,14.425822560894598,3147.279016589838,20511.0,404.0,760.0,940.0,1489.0,9060.0,36.0
Matara,Southern,2023,January,0.82388288,0.816498163,Healthy,100.8540347,,,,869000,26.337,38.3397,582,3,67.07457408,0.446265682,,,,,,,,,27890.0,685.0,586.0,288.0,1816.0,20200.0,60.0
Matara,Southern,2023,February,0.81063247,0.794317213,Healthy,101.93427,,,,868670,26.346,38.5182,550,3,63.37227428,0.421633258,,,,,,,,,27890.0,685.0,586.0,288.0,1816.0,20200.0,60.0
Matara,Southern,2023,March,0.804956397,0.782558167,Healthy,102.6903833,,,,868330,24.0415,42.778,582,3,67.12632856,0.446610019,,,,,,,,,27890.0,685.0,586.0,288.0,1816.0,20200.0,60.0
Matara,Southern,2023,April,0.808017083,0.78895477,Healthy,102.2732033,,,,868000,22.5645,39.7218,518,3,59.69053239,0.397137612,,,,,,,,,27890.0,685.0,586.0,288.0,1816.0,20200.0,60.0
Matara,Southern,2023,May,0.814258077,0.802598423,Healthy,101.3684013,,,,867670,21.7645,37.2665,485,3,55.98115727,0.372458114,,,,,,,,,27890.0,685.0,586.0,288.0,1816.0,20200.0,60.0
Matara,Southern,2023,June,0.821366683,0.811229313,Healthy,101.1770133,,,,867330,20.6,33.0293,550,3,63.47018262,0.42228467,,,,,,,,,27890.0,685.0,586.0,288.0,1816.0,20200.0,60.0
Matara,Southern,2023,July,0.820707733,0.8077109,Healthy,101.5152,,,,867000,17.065,29.4051,615,4,70.96426328,0.47214486,,,,,,,,,27890.0,685.0,586.0,288.0,1816.0,20200.0,60.0
Matara,Southern,2023,August,0.809850393,0.79976131,Healthy,101.18711,,,,866670,14.6051,27.5366,680,4,78.46405094,0.52204302,,,,,,,,,27890.0,685.0,586.0,288.0,1816.0,20200.0,60.0
Matara,Southern,2023,September,0.80787262,0.796465063,Healthy,101.3476217,,,,866330,18.4228,33.4254,777,5,89.70839423,0.596854744,,,,,,,,,27890.0,685.0,586.0,288.0,1816.0,20200.0,60.0
Matara,Southern,2023,October,0.81671965,0.802403333,Healthy,101.6797533,,,,866000,21.0767,34.8406,841,5,97.22112695,0.646839032,,,,,,,,,27890.0,685.0,586.0,288.0,1816.0,20200.0,60.0
Matara,Southern,2023,November,0.82149657,0.81549072,Healthy,100.69558,,,,865670,24.721,41.0608,906,6,104.7395875,0.696861428,,,,,,,,,27890.0,685.0,586.0,288.0,1816.0,20200.0,60.0
Matara,Southern,2023,December,0.823977753,0.825264327,Healthy,99.85302833,,,,865330,31.8579,44.9006,874,5,101.0385718,0.672237548,,,,,,,,,27890.0,685.0,586.0,288.0,1816.0,20200.0,60.0
Matara,Southern,2024,January,0.821776017,0.816498163,Healthy,100.611028,,,,865000,26.1723,38.419,548,2,63.40053574,0.338361765,,,,,,,,,74410.0,146.0,1027.0,715.0,1644.0,65289.0,94.0
Matara,Southern,2024,February,0.8043906,0.794317213,Healthy,101.1932537,,,,865000,26.5161,39.1614,517,2,59.87828375,0.319563889,,,,,,,,,74410.0,146.0,1027.0,715.0,1644.0,65289.0,94.0
Matara,Southern,2024,March,0.794635047,0.782558167,Healthy,101.4506867,,,,865000,25.0072,43.4565,548,2,63.40053574,0.338361765,,,,,,,,,74410.0,146.0,1027.0,715.0,1644.0,65289.0,94.0
Matara,Southern,2024,April,0.80702051,0.78895477,Healthy,102.152418,,,,865000,22.9197,42.6723,487,2,56.35603177,0.300766013,,,,,,,,,74410.0,146.0,1027.0,715.0,1644.0,65289.0,94.0
Matara,Southern,2024,May,0.822794867,0.802598423,Healthy,102.3694133,,,,865000,22.4114,39.7097,457,2,52.83377978,0.281968138,,,,,,,,,74410.0,146.0,1027.0,715.0,1644.0,65289.0,94.0
Matara,Southern,2024,June,0.827635833,0.811229313,Healthy,101.9050547,,,,865000,20.466,32.4898,517,2,59.87828375,0.319563889,,,,,,,,,74410.0,146.0,1027.0,715.0,1644.0,65289.0,94.0
Matara,Southern,2024,July,0.82377948,0.8077109,Healthy,101.87346,,,,865000,17.0814,30.5177,578,3,66.92278772,0.357159641,,,,,,,,,74410.0,146.0,1027.0,715.0,1644.0,65289.0,94.0
Matara,Southern,2024,August,0.819657233,0.79976131,Healthy,102.3418067,,,,865000,15.0523,28.9625,639,3,73.9672917,0.394755393,,,,,,,,,74410.0,146.0,1027.0,715.0,1644.0,65289.0,94.0
Matara,Southern,2024,September,0.819427317,0.796465063,Healthy,102.7127483,,,,865000,19.1347,33.1937,731,3,84.53404765,0.45114902,,,,,,,,,74410.0,146.0,1027.0,715.0,1644.0,65289.0,94.0
Matara,Southern,2024,October,0.81965982,0.802403333,Healthy,102.0255233,,,,865000,22.2698,37.3954,792,4,91.57855162,0.488744772,,,,,,,,,74410.0,146.0,1027.0,715.0,1644.0,65289.0,94.0
Matara,Southern,2024,November,0.8210581,0.81549072,Healthy,100.6450367,,,,865000,25.6906,41.5581,853,4,98.62305559,0.526340524,,,,,,,,,74410.0,146.0,1027.0,715.0,1644.0,65289.0,94.0
Matara,Southern,2024,December,0.823192277,0.825264327,Healthy,99.76329833,,,,865000,32.2435,43.7486,822,4,95.10080361,0.507542648,,,,,,,,,74410.0,146.0,1027.0,715.0,1644.0,65289.0,94.0
Monaragala,Uva,2014,January,0.803148007,0.8022891,Healthy,100.1011933,312.7,299.1,4.9,467000,22.0243,15.0545,603,3,129.2160652,0.673734789,,,,,,,,,859112.0,3851.0,20799.0,3851.0,38780.0,272885.0,79038.0
Monaragala,Uva,2014,February,0.775034013,0.780097653,Healthy,99.38641533,310.1,295.1,4.5,467670,20.9232,13.7023,569,2,121.86256,0.635393486,,,,,,,,,859112.0,3851.0,20799.0,3851.0,38780.0,272885.0,79038.0
Monaragala,Uva,2014,March,0.741981,0.763142747,Healthy,97.39609,,,,468330,18.7989,12.8849,603,3,128.8491073,0.671821464,,,,,,,,,859112.0,3851.0,20799.0,3851.0,38780.0,272885.0,79038.0
Monaragala,Uva,2014,April,0.740143367,0.764463867,Healthy,97.013342,313.6,294.9,15.275,469000,16.3551,11.3619,536,2,114.3689219,0.596321528,,,,,,,,,859112.0,3851.0,20799.0,3851.0,38780.0,272885.0,79038.0
Monaragala,Uva,2014,May,0.74442165,0.761633487,Healthy,97.879007,,,,469670,14.2358,9.4269,502,2,107.0679102,0.558253927,,,,,,,,,859112.0,3851.0,20799.0,3851.0,38780.0,272885.0,79038.0
Monaragala,Uva,2014,June,0.699442643,0.731003187,Healthy,95.94572167,324.1307692,298.8769231,18.33076923,470330,13.0702,9.2617,569,2,121.1733536,0.631799952,,,,,,,,,859112.0,3851.0,20799.0,3851.0,38780.0,272885.0,79038.0
Monaragala,Uva,2014,July,0.6377084,0.685321293,Healthy,93.517755,322.2324324,298.9891892,19.23783784,471000,12.0883,10.9861,636,3,135.2363938,0.705124886,,,,,,,,,859112.0,3851.0,20799.0,3851.0,38780.0,272885.0,79038.0
Monaragala,Uva,2014,August,0.616692457,0.664359003,Healthy,93.32774867,324.0135135,293.9432432,21.92972973,471670,12.9292,8.5058,704,3,149.2594812,0.778241505,,,,,,,,,859112.0,3851.0,20799.0,3851.0,38780.0,272885.0,79038.0
Monaragala,Uva,2014,September,0.65017365,0.67865846,Healthy,96.078822,321.4416667,297.975,27.54583333,472330,14.0,9.2379,804,4,170.3439049,0.888176053,,,,,,,,,859112.0,3851.0,20799.0,3851.0,38780.0,272885.0,79038.0
Monaragala,Uva,2014,October,0.717845363,0.724169167,Healthy,99.17442667,,,,473000,13.1972,8.4759,871,4,184.2778322,0.96082779,,,,,,,,,859112.0,3851.0,20799.0,3851.0,38780.0,272885.0,79038.0
Monaragala,Uva,2014,November,0.773725263,0.77563148,Healthy,99.767722,,,,473670,22.8971,15.6614,938,4,198.1723408,1.033273997,,,,,,,,,859112.0,3851.0,20799.0,3851.0,38780.0,272885.0,79038.0
Monaragala,Uva,2014,December,0.805759313,0.8032846,Healthy,100.2893153,,,,474330,26.5072,18.1117,905,4,190.828861,0.994984967,,,,,,,,,859112.0,3851.0,20799.0,3851.0,38780.0,272885.0,79038.0
Monaragala,Uva,2015,January,0.8036301,0.8022891,Healthy,100.1560367,,,,475000,18.3658,28.9884,738,4,155.4608472,0.862644416,854.0244100889321,1971.1599888360854,102.7434706624267,1.9727963873054335,5.282708770080708,0.2527489378295697,7.508254095215712,,1337814.0,4140.0,39456.0,5356.0,105628.0,370889.0,129547.0
Monaragala,Uva,2015,February,0.776725047,0.780097653,Healthy,99.59398533,314.5,293.15,9.0,475670,19.7631,30.1414,697,3,146.6173259,0.813572161,854.0244100889321,1971.1599888360854,102.7434706624267,1.9727963873054335,5.282708770080708,0.2527489378295697,7.508254095215712,,1337814.0,4140.0,39456.0,5356.0,105628.0,370889.0,129547.0
Monaragala,Uva,2015,March,0.764825447,0.763142747,Healthy,100.2075987,,,,476330,20.1666,30.9461,738,4,155.0267723,0.860235756,854.0244100889321,1971.1599888360854,102.7434706624267,1.9727963873054335,5.282708770080708,0.2527489378295697,7.508254095215712,,1337814.0,4140.0,39456.0,5356.0,105628.0,370889.0,129547.0
Monaragala,Uva,2015,April,0.77263095,0.764463867,Healthy,101.0023633,312.3,295.7,6.9,477000,15.8361,31.1872,656,3,137.6080176,0.763579963,854.0244100889321,1971.1599888360854,102.7434706624267,1.9727963873054335,5.282708770080708,0.2527489378295697,7.508254095215712,,1337814.0,4140.0,39456.0,5356.0,105628.0,370889.0,129547.0
Monaragala,Uva,2015,May,0.77860231,0.761633487,Healthy,102.0932333,,,,477670,14.9096,31.1208,615,3,128.8265651,0.714852125,854.0244100889321,1971.1599888360854,102.7434706624267,1.9727963873054335,5.282708770080708,0.2527489378295697,7.508254095215712,,1337814.0,4140.0,39456.0,5356.0,105628.0,370889.0,129547.0
Monaragala,Uva,2015,June,0.762267013,0.731003187,Healthy,104.00877,,,,478330,14.7645,24.8814,697,3,145.8019849,0.809047875,854.0244100889321,1971.1599888360854,102.7434706624267,1.9727963873054335,5.282708770080708,0.2527489378295697,7.508254095215712,,1337814.0,4140.0,39456.0,5356.0,105628.0,370889.0,129547.0
Monaragala,Uva,2015,July,0.721501947,0.685321293,Healthy,104.91955,324.708,297.564,16.564,479000,14.0098,24.0223,779,4,162.7272264,0.902965188,854.0244100889321,1971.1599888360854,102.7434706624267,1.9727963873054335,5.282708770080708,0.2527489378295697,7.508254095215712,,1337814.0,4140.0,39456.0,5356.0,105628.0,370889.0,129547.0
Monaragala,Uva,2015,August,0.701828307,0.664359003,Healthy,105.245497,326.425641,299.925641,17.65897436,479670,13.1313,21.5389,861,4,179.6051859,0.996620136,854.0244100889321,1971.1599888360854,102.7434706624267,1.9727963873054335,5.282708770080708,0.2527489378295697,7.508254095215712,,1337814.0,4140.0,39456.0,5356.0,105628.0,370889.0,129547.0
Monaragala,Uva,2015,September,0.72856022,0.67865846,Healthy,106.845405,321.3545455,296.8090909,10.22727273,480330,15.7551,30.1974,984,5,204.9810268,1.137429399,854.0244100889321,1971.1599888360854,102.7434706624267,1.9727963873054335,5.282708770080708,0.2527489378295697,7.508254095215712,,1337814.0,4140.0,39456.0,5356.0,105628.0,370889.0,129547.0
Monaragala,Uva,2015,October,0.77113241,0.724169167,Healthy,106.0792083,,,,481000,18.0942,26.837,1066,5,221.7534608,1.230498791,854.0244100889321,1971.1599888360854,102.7434706624267,1.9727963873054335,5.282708770080708,0.2527489378295697,7.508254095215712,,1337814.0,4140.0,39456.0,5356.0,105628.0,370889.0,129547.0
Monaragala,Uva,2015,November,0.806695117,0.77563148,Healthy,103.768692,,,,481670,16.2902,24.6423,1148,6,238.4792341,1.323309266,854.0244100889321,1971.1599888360854,102.7434706624267,1.9727963873054335,5.282708770080708,0.2527489378295697,7.508254095215712,,1337814.0,4140.0,39456.0,5356.0,105628.0,370889.0,129547.0
Monaragala,Uva,2015,December,0.824855,0.8032846,Healthy,102.5293567,,,,482330,22.8745,25.3069,1107,6,229.6474481,1.27430213,854.0244100889321,1971.1599888360854,102.7434706624267,1.9727963873054335,5.282708770080708,0.2527489378295697,7.508254095215712,,1337814.0,4140.0,39456.0,5356.0,105628.0,370889.0,129547.0
Monaragala,Uva,2016,January,0.809504623,0.8022891,Healthy,100.843805,,,,483000,21.4327,30.2942,505,3,104.6659597,0.80290865,,,,,,,,,986656.0,2685.0,26887.0,5271.0,45172.0,340129.0,56945.0
Monaragala,Uva,2016,February,0.77358566,0.780097653,Healthy,99.213258,,,,483500,23.9454,33.0361,477,3,98.74895957,0.757518434,,,,,,,,,986656.0,2685.0,26887.0,5271.0,45172.0,340129.0,56945.0
Monaragala,Uva,2016,March,0.750558023,0.763142747,Healthy,98.45195,321.7916667,303.15,18.0,484000,22.1868,33.0332,505,3,104.4497077,0.801249748,,,,,,,,,986656.0,2685.0,26887.0,5271.0,45172.0,340129.0,56945.0
Monaragala,Uva,2016,April,0.757930987,0.764463867,Healthy,99.19665333,320.5666667,299.7666667,22.6,484500,19.99,33.8994,449,3,92.74837021,0.711486991,,,,,,,,,986656.0,2685.0,26887.0,5271.0,45172.0,340129.0,56945.0
Monaragala,Uva,2016,May,0.7790077,0.761633487,Healthy,102.144848,,,,485000,22.1922,34.3496,421,3,86.86195625,0.666331406,,,,,,,,,986656.0,2685.0,26887.0,5271.0,45172.0,340129.0,56945.0
Monaragala,Uva,2016,June,0.7585724,0.731003187,Healthy,103.529002,324.9,300.2,16.03333333,485500,20.2144,30.9072,477,3,98.34216674,0.754397863,,,,,,,,,986656.0,2685.0,26887.0,5271.0,45172.0,340129.0,56945.0
Monaragala,Uva,2016,July,0.71274605,0.685321293,Healthy,103.7295467,322.5590909,299.6954545,14.55909091,486000,18.1027,28.6815,533,4,109.7987554,0.842283114,,,,,,,,,986656.0,2685.0,26887.0,5271.0,45172.0,340129.0,56945.0
Monaragala,Uva,2016,August,0.682574197,0.664359003,Healthy,102.5491167,323.1190476,297.2428571,19.25952381,486500,14.6803,27.43,589,4,121.2317951,0.929987717,,,,,,,,,986656.0,2685.0,26887.0,5271.0,45172.0,340129.0,56945.0
Monaragala,Uva,2016,September,0.66318689,0.67865846,Healthy,97.89340467,323.7333333,299.3925926,20.71111111,487000,15.0286,26.8594,674,5,138.4083738,1.061751891,,,,,,,,,986656.0,2685.0,26887.0,5271.0,45172.0,340129.0,56945.0
Monaragala,Uva,2016,October,0.687385827,0.724169167,Healthy,95.244202,324.9823529,305.0294118,17.21764706,487500,18.5343,35.6252,730,5,149.7886179,1.149051491,,,,,,,,,986656.0,2685.0,26887.0,5271.0,45172.0,340129.0,56945.0
Monaragala,Uva,2016,November,0.758563613,0.77563148,Healthy,97.92133067,319.3,296.4,13.7,488000,19.5351,29.4182,786,6,161.1455418,1.236172198,,,,,,,,,986656.0,2685.0,26887.0,5271.0,45172.0,340129.0,56945.0
Monaragala,Uva,2016,December,0.8010283,0.8032846,Healthy,99.734785,,,,488500,21.9876,30.5824,758,5,155.2312954,1.190803106,,,,,,,,,986656.0,2685.0,26887.0,5271.0,45172.0,340129.0,56945.0
Monaragala,Uva,2017,January,0.8039204,0.8022891,Healthy,100.19257,312.1,301.6,8.6,489000,24.7856,28.4891,574,3,117.5819243,0.763130331,,,,,,,,,903306.0,3331.0,16742.0,8689.0,39182.0,344380.0,23537.0
Monaragala,Uva,2017,February,0.792661257,0.780097653,Healthy,101.51666,316.4,298.9,12.0,489170,24.7856,28.5222,543,3,111.0110024,0.720483726,,,,,,,,,903306.0,3331.0,16742.0,8689.0,39182.0,344380.0,23537.0
Monaragala,Uva,2017,March,0.781688347,0.763142747,Healthy,102.2805367,320.6,303.1333333,21.83333333,489330,24.0547,29.177,574,3,117.502628,0.762615682,,,,,,,,,903306.0,3331.0,16742.0,8689.0,39182.0,344380.0,23537.0
Monaragala,Uva,2017,April,0.77208028,0.764463867,Healthy,100.93613,316.4,299.0,12.9,489500,20.8168,27.9084,511,3,104.4105068,0.677645183,,,,,,,,,903306.0,3331.0,16742.0,8689.0,39182.0,344380.0,23537.0
Monaragala,Uva,2017,May,0.76556846,0.761633487,Healthy,100.48618,,,,489670,19.4171,26.2955,479,3,97.85086721,0.635071803,,,,,,,,,903306.0,3331.0,16742.0,8689.0,39182.0,344380.0,23537.0
Monaragala,Uva,2017,June,0.74528154,0.731003187,Healthy,101.833456,321.0222222,299.1222222,9.588888889,489830,17.9956,22.268,543,3,110.8614255,0.719512942,,,,,,,,,903306.0,3331.0,16742.0,8689.0,39182.0,344380.0,23537.0
Monaragala,Uva,2017,July,0.711134567,0.685321293,Healthy,103.5156333,318.39,294.52,13.91,490000,16.4487,23.2801,606,3,123.860959,0.803882529,,,,,,,,,903306.0,3331.0,16742.0,8689.0,39182.0,344380.0,23537.0
Monaragala,Uva,2017,August,0.703115567,0.664359003,Healthy,105.42614,327.6875,296.0791667,33.63333333,490170,15.5306,20.337,670,4,136.8514756,0.888193593,,,,,,,,,903306.0,3331.0,16742.0,8689.0,39182.0,344380.0,23537.0
Monaragala,Uva,2017,September,0.725379733,0.67865846,Healthy,106.41716,323.5842105,300.0315789,16.33684211,490330,16.9364,23.313,766,4,156.3506509,1.014747161,,,,,,,,,903306.0,3331.0,16742.0,8689.0,39182.0,344380.0,23537.0
Monaragala,Uva,2017,October,0.745548883,0.724169167,Healthy,102.7867983,322.4666667,297.0833333,28.41666667,490500,19.4698,24.0071,830,5,169.3211672,1.09892842,,,,,,,,,903306.0,3331.0,16742.0,8689.0,39182.0,344380.0,23537.0
Monaragala,Uva,2017,November,0.773880267,0.77563148,Healthy,99.79184467,,,,490670,22.7295,28.0556,894,5,182.2826959,1.183051348,,,,,,,,,903306.0,3331.0,16742.0,8689.0,39182.0,344380.0,23537.0
Monaragala,Uva,2017,December,0.799790853,0.8032846,Healthy,99.59031167,,,,490830,27.1701,29.4235,862,5,175.7153016,1.140427638,,,,,,,,,903306.0,3331.0,16742.0,8689.0,39182.0,344380.0,23537.0
Monaragala,Uva,2018,January,0.799723817,0.8022891,Healthy,99.69920667,311.1,297.15,14.9,491000,26.6317,30.259,500,3,101.8429288,0.625900353,,,,,,,,,961598.0,2957.0,16931.0,7055.0,80776.0,339763.0,20063.0
Monaragala,Uva,2018,February,0.781972363,0.780097653,Healthy,100.2276283,331.5,300.45,29.95,491420,26.6244,29.8315,472,2,96.10278228,0.590622894,,,,,,,,,961598.0,2957.0,16931.0,7055.0,80776.0,339763.0,20063.0
Monaragala,Uva,2018,March,0.772152293,0.763142747,Healthy,101.108635,,,,491830,25.8969,29.1723,500,3,101.6710612,0.624844099,,,,,,,,,961598.0,2957.0,16931.0,7055.0,80776.0,339763.0,20063.0
Monaragala,Uva,2018,April,0.779760733,0.764463867,Healthy,101.877648,,,,492250,21.2102,28.6156,444,2,90.29716707,0.554943081,,,,,,,,,961598.0,2957.0,16931.0,7055.0,80776.0,339763.0,20063.0
Monaragala,Uva,2018,May,0.785391923,0.761633487,Healthy,102.9286183,,,,492670,20.9428,27.1735,416,2,84.58142714,0.519815619,,,,,,,,,961598.0,2957.0,16931.0,7055.0,80776.0,339763.0,20063.0
Monaragala,Uva,2018,June,0.757572373,0.731003187,Healthy,103.40121,316.2777778,291.0444444,18.04444444,493080,19.3556,23.7479,472,2,95.77924326,0.588634506,,,,,,,,,961598.0,2957.0,16931.0,7055.0,80776.0,339763.0,20063.0
Monaragala,Uva,2018,July,0.705406597,0.685321293,Healthy,102.7226133,322.74375,288.6,25.775,493500,17.3532,24.5836,527,3,106.9562854,0.657325722,,,,,,,,,961598.0,2957.0,16931.0,7055.0,80776.0,339763.0,20063.0
Monaragala,Uva,2018,August,0.666235987,0.664359003,Healthy,100.2621487,325.75625,293.625,17.35625,493920,16.391,21.455,583,3,118.1143189,0.725900116,,,,,,,,,961598.0,2957.0,16931.0,7055.0,80776.0,339763.0,20063.0
Monaragala,Uva,2018,September,0.68990535,0.67865846,Healthy,101.5318353,326.7352941,298.5647059,28.22941176,494330,18.4769,24.3155,666,4,134.8758334,0.828912058,,,,,,,,,961598.0,2957.0,16931.0,7055.0,80776.0,339763.0,20063.0
Monaragala,Uva,2018,October,0.75720805,0.724169167,Healthy,104.2660153,,,,494750,20.6597,26.1293,722,4,145.9914468,0.897225748,,,,,,,,,961598.0,2957.0,16931.0,7055.0,80776.0,339763.0,20063.0
Monaragala,Uva,2018,November,0.799780063,0.77563148,Healthy,102.9321967,,,,495170,23.7892,28.2656,777,4,157.0882038,0.965423552,,,,,,,,,961598.0,2957.0,16931.0,7055.0,80776.0,339763.0,20063.0
Monaragala,Uva,2018,December,0.811763043,0.8032846,Healthy,100.9960013,,,,495580,29.1435,31.4757,750,4,151.3525911,0.930173957,,,,,,,,,961598.0,2957.0,16931.0,7055.0,80776.0,339763.0,20063.0
Monaragala,Uva,2019,January,0.795809463,0.8022891,Healthy,99.23795867,313.8333333,299.2333333,8.0,496000,25.9848,30.4592,423,3,85.41502754,0.634343037,1203.1671941936738,1989.6902825031693,162.63770586425605,2.7793162185873865,5.332369957108495,0.40008875642607,8.51177493212195,,734606.0,1613.0,13459.0,3738.0,38232.0,284301.0,15490.0
Monaragala,Uva,2019,February,0.769753567,0.780097653,Healthy,98.75421833,,,,496420,26.1245,31.9034,400,2,80.60149696,0.598594882,1203.1671941936738,1989.6902825031693,162.63770586425605,2.7793162185873865,5.332369957108495,0.40008875642607,8.51177493212195,,734606.0,1613.0,13459.0,3738.0,38232.0,284301.0,15490.0
Monaragala,Uva,2019,March,0.751423633,0.763142747,Healthy,98.55811667,324.7571429,301.7857143,17.42857143,496830,24.8258,31.4119,423,3,85.27233391,0.633283309,1203.1671941936738,1989.6902825031693,162.63770586425605,2.7793162185873865,5.332369957108495,0.40008875642607,8.51177493212195,,734606.0,1613.0,13459.0,3738.0,38232.0,284301.0,15490.0
Monaragala,Uva,2019,April,0.743192637,0.764463867,Healthy,97.38875333,316.0,293.95,38.1,497250,21.6266,28.5811,376,2,75.73360801,0.56244303,1203.1671941936738,1989.6902825031693,162.63770586425605,2.7793162185873865,5.332369957108495,0.40008875642607,8.51177493212195,,734606.0,1613.0,13459.0,3738.0,38232.0,284301.0,15490.0
Monaragala,Uva,2019,May,0.741897253,0.761633487,Healthy,97.56991867,314.5,289.575,12.1,497670,20.6689,28.1326,353,2,70.94033807,0.526845343,1203.1671941936738,1989.6902825031693,162.63770586425605,2.7793162185873865,5.332369957108495,0.40008875642607,8.51177493212195,,734606.0,1613.0,13459.0,3738.0,38232.0,284301.0,15490.0
Monaragala,Uva,2019,June,0.72088221,0.731003187,Healthy,98.70769667,323.4222222,297.2777778,15.04444444,498080,20.5917,25.7771,400,2,80.33286846,0.596599887,1203.1671941936738,1989.6902825031693,162.63770586425605,2.7793162185873865,5.332369957108495,0.40008875642607,8.51177493212195,,734606.0,1613.0,13459.0,3738.0,38232.0,284301.0,15490.0
Monaragala,Uva,2019,July,0.687439577,0.685321293,Healthy,100.2936133,321.5541667,293.0833333,30.15,498500,17.8445,25.7104,447,3,89.70814884,0.666226321,1203.1671941936738,1989.6902825031693,162.63770586425605,2.7793162185873865,5.332369957108495,0.40008875642607,8.51177493212195,,734606.0,1613.0,13459.0,3738.0,38232.0,284301.0,15490.0
Monaragala,Uva,2019,August,0.675477767,0.664359003,Healthy,101.5569053,321.8111111,295.0888889,27.16666667,498920,17.2467,22.9766,494,3,99.06764465,0.73573553,1203.1671941936738,1989.6902825031693,162.63770586425605,2.7793162185873865,5.332369957108495,0.40008875642607,8.51177493212195,,734606.0,1613.0,13459.0,3738.0,38232.0,284301.0,15490.0
Monaragala,Uva,2019,September,0.709467017,0.67865846,Healthy,104.21812,323.5846154,300.2,17.99230769,499330,18.7692,25.8502,564,4,113.1272002,0.840150192,1203.1671941936738,1989.6902825031693,162.63770586425605,2.7793162185873865,5.332369957108495,0.40008875642607,8.51177493212195,,734606.0,1613.0,13459.0,3738.0,38232.0,284301.0,15490.0
Monaragala,Uva,2019,October,0.7636966,0.724169167,Healthy,105.11525,313.85,292.55,9.4,499750,20.904,26.6804,611,4,122.4514696,0.909397788,1203.1671941936738,1989.6902825031693,162.63770586425605,2.7793162185873865,5.332369957108495,0.40008875642607,8.51177493212195,,734606.0,1613.0,13459.0,3738.0,38232.0,284301.0,15490.0
Monaragala,Uva,2019,November,0.8000695,0.77563148,Healthy,102.9666633,325.3,299.6,16.7,500170,24.4903,30.103,659,4,131.7600796,0.978529089,1203.1671941936738,1989.6902825031693,162.63770586425605,2.7793162185873865,5.332369957108495,0.40008875642607,8.51177493212195,,734606.0,1613.0,13459.0,3738.0,38232.0,284301.0,15490.0
Monaragala,Uva,2019,December,0.8166471,0.8032846,Healthy,101.5674867,,,,500580,29.3039,32.8181,635,4,126.9502986,0.942808781,1203.1671941936738,1989.6902825031693,162.63770586425605,2.7793162185873865,5.332369957108495,0.40008875642607,8.51177493212195,,734606.0,1613.0,13459.0,3738.0,38232.0,284301.0,15490.0
Monaragala,Uva,2020,January,0.803472413,0.8022891,Healthy,100.1366067,,,,501000,19.9638,23.4621,320,2,63.89659705,0.49656784,33.742842607867985,50.63092555030168,4.4449197179195465,0.077945966424175,0.1356908804748084,0.010934502506082,0.2245713494050656,,405256.0,578.0,9532.0,3000.0,21021.0,151634.0,7150.0
Monaragala,Uva,2020,February,0.764923997,0.780097653,Healthy,98.167153,318.85,302.45,9.3,501330,21.2009,22.9209,302,2,60.30706289,0.468672032,30.434720783567187,45.66710931987993,4.009143274986257,0.0703042050100402,0.1223878529772782,0.0098624924564661,0.2025545504437846,,405256.0,578.0,9532.0,3000.0,21021.0,151634.0,7150.0
Monaragala,Uva,2020,March,0.73118006,0.763142747,Healthy,96.068087,322.41,300.06,13.76,501670,19.3622,24.2154,320,2,63.81126063,0.495904654,124.3853805937094,186.6394902638571,16.385194254291658,0.2873302291714687,0.5001938339071371,0.0403075778655574,0.8278316409441633,,405256.0,578.0,9532.0,3000.0,21021.0,151634.0,7150.0
Monaragala,Uva,2020,April,0.738795533,0.764463867,Healthy,96.84658667,319.1333333,301.2,6.966666667,502000,16.344,22.0628,284,2,56.68383377,0.440514365,1023.202080256232,1535.308360069442,134.78565379926624,2.363596805391896,4.1146264049861045,0.331572708346195,6.809795918724195,,405256.0,578.0,9532.0,3000.0,21021.0,151634.0,7150.0
Monaragala,Uva,2020,May,0.771564297,0.761633487,Healthy,101.230567,320.4,292.7,14.7,502330,16.3992,20.7784,266,2,53.10618372,0.412710913,1490.6396940299326,2236.6955934280327,196.36086518573995,3.443377693209144,5.994344190387127,0.4830477283569204,9.920769611953192,,405256.0,578.0,9532.0,3000.0,21021.0,151634.0,7150.0
Monaragala,Uva,2020,June,0.778557863,0.731003187,Healthy,106.1086947,316.85,291.05,13.05,502670,15.168,19.0185,302,2,60.14629844,0.467422662,1777.7846683792395,2667.5548422286383,234.18626043234937,4.106682583956044,7.14904697717275,0.5760982006635795,11.831827761792374,,405256.0,578.0,9532.0,3000.0,21021.0,151634.0,7150.0
Monaragala,Uva,2020,July,0.766995683,0.685321293,Healthy,111.1193563,309.3333333,286.6,9.533333333,503000,13.5554,19.1472,337,2,67.17823142,0.522070827,1589.2217243940956,2384.6173170946,209.34700318515195,3.671102183350361,6.390774409813528,0.5149936278354739,10.576870220999362,,405256.0,578.0,9532.0,3000.0,21021.0,151634.0,7150.0
Monaragala,Uva,2020,August,0.7376378,0.664359003,Healthy,110.25673,319.75,292.625,14.6375,503330,12.8572,16.5914,373,2,74.20094367,0.576647334,1389.4111662063283,2084.802816777127,183.0261060319813,3.2095397939366186,5.587271548962701,0.450244220838674,9.247055563737993,,405256.0,578.0,9532.0,3000.0,21021.0,151634.0,7150.0
Monaragala,Uva,2020,September,0.71479101,0.67865846,Healthy,104.9769967,318.05,294.35,19.6,503670,14.5085,19.163,426,3,84.74383392,0.658580652,1356.3299479633204,2035.16465447291,178.6683416026484,3.1331221797952704,5.454241273987399,0.4395241203425151,9.026887574125183,,405256.0,578.0,9532.0,3000.0,21021.0,151634.0,7150.0
Monaragala,Uva,2020,October,0.721005547,0.724169167,Healthy,99.61317133,314.3,292.3,12.8,504000,16.2499,20.4283,462,3,91.74570912,0.712995225,1339.7893388418163,2010.3455733208011,176.48945938798195,3.094913372724596,5.387726136499747,0.4341640700944356,8.91680357931878,,405256.0,578.0,9532.0,3000.0,21021.0,151634.0,7150.0
Monaragala,Uva,2020,November,0.762129363,0.77563148,Healthy,98.36154,318.25,296.95,23.6,504330,19.9832,22.6355,497,3,98.73842121,0.767338588,1290.167511477305,1935.888329864476,169.95281274398266,2.980286951512575,5.188180724036795,0.4180839193501974,8.586551594899566,,405256.0,578.0,9532.0,3000.0,21021.0,151634.0,7150.0
Monaragala,Uva,2020,December,0.801618977,0.8032846,Healthy,99.80238,,,,504670,22.2001,24.6305,480,3,95.14790394,0.739435139,1257.0862932342973,1886.2501675602584,165.59504831464977,2.9038693373712268,5.055150449061492,0.4073638188540385,8.366383605286757,,405256.0,578.0,9532.0,3000.0,21021.0,151634.0,7150.0
Monaragala,Uva,2021,January,0.8173998,0.8022891,Healthy,101.7750547,,,,505000,23.2419,26.0381,202,2,40.14972229,0.478145376,36.52191888214465,59.980587259444704,4.73420424964606,0.0843656326177541,0.1607479738553118,0.0116461424541293,0.2567597489271953,,33850.0,281.0,771.0,2593.0,3495.0,8011.0,2093.0
Monaragala,Uva,2021,February,0.798484033,0.780097653,Healthy,102.2140477,314.8,293.2,10.5,505330,23.6298,26.546,191,2,37.89441947,0.451286843,32.941338599581435,54.100137528126574,4.2700665781121305,0.0760944921650331,0.1449883685753792,0.0105043637821558,0.2315872245225682,,33850.0,281.0,771.0,2593.0,3495.0,8011.0,2093.0
Monaragala,Uva,2021,March,0.775667013,0.763142747,Healthy,101.539573,,,,505670,21.3505,26.9291,202,2,40.09652492,0.477511845,134.62981862437633,221.1049098975608,17.45157644967567,0.3109948810223094,0.592561158525463,0.0429308780662021,0.9464869176139744,,33850.0,281.0,771.0,2593.0,3495.0,8011.0,2093.0
Monaragala,Uva,2021,April,0.7726896,0.764463867,Healthy,101.0098933,,,,506000,18.6222,25.2258,180,2,35.61811112,0.424178155,1107.473481396798,1818.8231018966903,143.55778180544374,2.5582637420266034,4.874445913083132,0.3531521432413916,7.785861798351126,,33850.0,281.0,771.0,2593.0,3495.0,8011.0,2093.0
Monaragala,Uva,2021,May,0.777846933,0.761633487,Healthy,102.00032,314.55,290.05,11.75,506330,18.3294,23.746,168,2,33.37021599,0.397407841,1613.409475322978,2649.7306489319394,209.1404347931877,3.72697588799608,7.101278139137597,0.5144854695912418,11.34273949672492,,33850.0,281.0,771.0,2593.0,3495.0,8011.0,2093.0
Monaragala,Uva,2021,June,0.76647847,0.731003187,Healthy,104.5544317,327.18,300.52,18.32,506670,17.7437,21.0234,191,2,37.79419936,0.450093316,1924.2038438494635,3160.15368561035,249.4275846823325,4.444910879292261,8.469211877435738,0.613591858318538,13.527714615046538,,33850.0,281.0,771.0,2593.0,3495.0,8011.0,2093.0
Monaragala,Uva,2021,July,0.74574818,0.685321293,Healthy,108.22891,321.95,297.85,15.46666667,507000,15.2456,22.5263,214,2,42.21308189,0.502718045,1720.1107677433613,2824.9680509252184,222.9717374048987,3.9734558734871657,7.570914376479586,0.5485104740160508,12.092880723982802,,33850.0,281.0,771.0,2593.0,3495.0,8011.0,2093.0
Monaragala,Uva,2021,August,0.730409647,0.664359003,Healthy,109.2460293,314.0666667,280.9666667,9.133333333,507330,14.8139,19.55,236,2,46.62621577,0.555274313,1503.843718676544,2469.7888871536047,194.9378220442495,3.473878990142817,6.619034217571661,0.4795470422288537,10.572460249943331,,33850.0,281.0,771.0,2593.0,3495.0,8011.0,2093.0
Monaragala,Uva,2021,September,0.733319863,0.67865846,Healthy,107.50994,324.5,296.6733333,28.49333333,507670,15.9313,22.5496,270,3,53.25141596,0.634174207,1468.037915850912,2410.984389840424,190.2964453289102,3.3911675856156074,6.461438164772336,0.4681292555091191,10.32073500589706,,33850.0,281.0,771.0,2593.0,3495.0,8011.0,2093.0
Monaragala,Uva,2021,October,0.758828303,0.724169167,Healthy,104.4958133,316.3,297.6333333,19.76666667,508000,18.1321,22.5015,292,3,57.6515588,0.686575763,1450.1350144380958,2381.582141183833,187.97575697124057,3.349811883352002,6.382640138372673,0.4624203621492518,10.194872383873928,,33850.0,281.0,771.0,2593.0,3495.0,8011.0,2093.0
Monaragala,Uva,2021,November,0.78968958,0.77563148,Healthy,101.7093083,,,,508330,21.027,26.0609,315,3,62.04598863,0.738909284,1396.4263101996482,2293.375395214062,181.01369189823168,3.225744776561188,6.146246059173686,0.44529368206965,9.817284517804524,,33850.0,281.0,771.0,2593.0,3495.0,8011.0,2093.0
Monaragala,Uva,2021,December,0.808316647,0.8032846,Healthy,100.59043,,,,508670,25.1743,28.0542,304,3,59.79006946,0.712043411,1360.620507374016,2234.570897900881,176.3723151828924,3.143033372033978,5.98865000637436,0.4338758953499153,9.565559273758254,,33850.0,281.0,771.0,2593.0,3495.0,8011.0,2093.0
Monaragala,Uva,2022,January,0.80493349,0.8022891,Healthy,100.3099733,,,,509000,24.0459,28.0689,398,5,78.31712109,1.006277253,31.732734040551364,53.91669017858887,2.560796985196434,0.0733026156336736,0.1444967296786181,0.0062995605835832,0.224098905895875,,20511.0,404.0,760.0,940.0,1489.0,9060.0,36.0
Monaragala,Uva,2022,February,0.78182687,0.780097653,Healthy,100.208595,,,,509000,24.7607,28.711,376,4,73.96616992,0.950372961,28.621681683634552,48.63074016108013,2.3097384572359987,0.0661160846891958,0.1303303836316947,0.0056819566048005,0.2021284249256911,,20511.0,404.0,760.0,940.0,1489.0,9060.0,36.0
Monaragala,Uva,2022,March,0.767154133,0.763142747,Healthy,100.49368,311.54,292.32,12.14,509000,23.2203,27.7124,398,5,78.31712109,1.006277253,116.97556862007168,198.75172065832757,9.439800651312344,0.2702135635123656,0.5326546113643178,0.0232219096022283,0.8260900844789117,,20511.0,404.0,760.0,940.0,1489.0,9060.0,36.0
Monaragala,Uva,2022,April,0.774588333,0.764463867,Healthy,101.24261,,,,509000,18.9301,26.4994,354,4,69.61521875,0.89446867,962.2484939943662,1634.944340415445,77.65240269816245,2.2227940211269863,4.381650832313391,0.1910249106374796,6.795469764077857,,20511.0,404.0,760.0,940.0,1489.0,9060.0,36.0
Monaragala,Uva,2022,May,0.770542633,0.761633487,Healthy,101.0963287,318.0666667,295.9666667,11.93333333,509000,19.0106,25.3194,332,4,65.26426757,0.838564378,1401.8401920267102,2381.8490778894256,113.12697269897188,3.238250843581701,6.383355528743659,0.2782923528394708,9.899898725164832,,20511.0,404.0,760.0,940.0,1489.0,9060.0,36.0
Monaragala,Uva,2022,June,0.738904627,0.731003187,Healthy,101.0182667,319.8,296.9470588,9.370588235,509000,17.1187,22.8713,376,4,73.96616992,0.950372961,1671.879536607088,2840.6695394091807,134.91885292593756,3.862041729562373,7.612994365616603,0.3319003781978065,11.806936473376783,,20511.0,404.0,760.0,940.0,1489.0,9060.0,36.0
Monaragala,Uva,2022,July,0.726432413,0.685321293,Healthy,105.6151583,326.2842105,300.5894737,26.62631579,509000,16.4467,23.2625,420,5,82.66807226,1.062181545,1494.5495522628305,2539.370388411185,120.60851683219282,3.452409465727139,6.805512640941974,0.2966969514071944,10.554619058076309,,20511.0,404.0,760.0,940.0,1489.0,9060.0,36.0
Monaragala,Uva,2022,August,0.739853223,0.664359003,Healthy,110.5690233,328.6333333,293.5666667,41.53333333,509000,15.3945,19.5725,465,5,91.3699746,1.173990129,1306.641989905056,2220.099007353658,105.44458174338256,3.0183429966806794,5.949865339707804,0.2593936710887211,9.227602007477206,,20511.0,404.0,760.0,940.0,1489.0,9060.0,36.0
Monaragala,Uva,2022,September,0.74330841,0.67865846,Healthy,108.8858287,320.5666667,299.6555556,15.34444444,509000,16.8419,23.1545,531,6,104.4228281,1.341703004,1275.5314663358877,2167.239507178572,102.9339964637782,2.9464776872359013,5.80820187923857,0.2532176313008944,9.007897197775366,,20511.0,404.0,760.0,940.0,1489.0,9060.0,36.0
Monaragala,Uva,2022,October,0.757096567,0.724169167,Healthy,104.2772713,326.94,298.0,28.66,509000,18.8352,23.0462,575,7,113.1247305,1.453511588,1259.9762045513037,2140.809757091028,101.67870382397604,2.910545032513512,5.7373701490039535,0.2501296114069811,8.898044792924447,,20511.0,404.0,760.0,940.0,1489.0,9060.0,36.0
Monaragala,Uva,2022,November,0.78195301,0.77563148,Healthy,100.774428,309.9,284.1,5.8,509000,22.9213,26.5044,620,7,121.8266328,1.565320172,1213.310419197552,2061.5205068283976,97.91282590456952,2.8027470683463456,5.524874958300105,0.2408655517252411,8.568487578371691,,20511.0,404.0,760.0,940.0,1489.0,9060.0,36.0
Monaragala,Uva,2022,December,0.797979017,0.8032846,Healthy,99.37898333,317.3,297.1,9.8,509000,26.7215,29.2598,597,7,117.4756816,1.50941588,1182.199895628384,2008.6610066533103,95.4022406249652,2.7308817589015675,5.383211497830871,0.2346895119374143,8.348782768669853,,20511.0,404.0,760.0,940.0,1489.0,9060.0,36.0
Monaragala,Uva,2023,January,0.79551932,0.8022891,Healthy,99.20628,,,,509000,24.9871,28.4106,487,4,95.8263453,0.905649528,,,,,,,,,27890.0,685.0,586.0,288.0,1816.0,20200.0,60.0
Monaragala,Uva,2023,February,0.780020587,0.780097653,Healthy,99.99255333,319.7666667,293.8,14.36666667,509000,24.7138,28.4869,460,4,90.50265945,0.855335665,,,,,,,,,27890.0,685.0,586.0,288.0,1816.0,20200.0,60.0
Monaragala,Uva,2023,March,0.765455,0.763142747,Healthy,100.2841333,314.1333333,295.4666667,11.93333333,509000,23.0197,28.8328,487,4,95.8263453,0.905649528,,,,,,,,,27890.0,685.0,586.0,288.0,1816.0,20200.0,60.0
Monaragala,Uva,2023,April,0.763135817,0.764463867,Healthy,99.83699,318.15,290.0,11.2,509000,20.1473,27.2835,433,4,85.1789736,0.805021803,,,,,,,,,27890.0,685.0,586.0,288.0,1816.0,20200.0,60.0
Monaragala,Uva,2023,May,0.77069262,0.761633487,Healthy,101.1201213,,,,509000,20.6294,25.2125,406,3,79.85528775,0.75470794,,,,,,,,,27890.0,685.0,586.0,288.0,1816.0,20200.0,60.0
Monaragala,Uva,2023,June,0.7660817,0.731003187,Healthy,104.504082,314.8,286.7,6.5,509000,18.7869,23.1007,460,4,90.50265945,0.855335665,,,,,,,,,27890.0,685.0,586.0,288.0,1816.0,20200.0,60.0
Monaragala,Uva,2023,July,0.73148511,0.685321293,Healthy,106.27586,320.6363636,297.2818182,25.54545455,509000,17.2013,24.2149,514,4,101.1500311,0.955963391,,,,,,,,,27890.0,685.0,586.0,288.0,1816.0,20200.0,60.0
Monaragala,Uva,2023,August,0.7022491,0.664359003,Healthy,105.3039013,322.4710526,299.3842105,16.64736842,509000,16.1207,21.1701,569,5,111.7974028,1.056591116,,,,,,,,,27890.0,685.0,586.0,288.0,1816.0,20200.0,60.0
Monaragala,Uva,2023,September,0.725375247,0.67865846,Healthy,106.407425,324.6,296.9,10.0,509000,17.5775,24.0385,650,6,127.7684604,1.207532704,,,,,,,,,27890.0,685.0,586.0,288.0,1816.0,20200.0,60.0
Monaragala,Uva,2023,October,0.7664982,0.724169167,Healthy,105.4855,317.9,285.6,11.0,509000,18.8846,24.7329,704,6,138.4158321,1.308160429,,,,,,,,,27890.0,685.0,586.0,288.0,1816.0,20200.0,60.0
Monaragala,Uva,2023,November,0.7926729,0.77563148,Healthy,102.0738013,,,,509000,23.8589,28.3506,758,7,149.0632038,1.408788155,,,,,,,,,27890.0,685.0,586.0,288.0,1816.0,20200.0,60.0
Monaragala,Uva,2023,December,0.8094369,0.8032846,Healthy,100.7213133,,,,509000,27.805,29.0986,731,6,143.7395179,1.358474292,,,,,,,,,27890.0,685.0,586.0,288.0,1816.0,20200.0,60.0
Monaragala,Uva,2024,January,0.808932423,0.8022891,Healthy,100.7796393,,,,509000,24.9205,30.0771,120,4,23.67626623,0.790646413,,,,,,,,,74410.0,146.0,1027.0,715.0,1644.0,65289.0,94.0
Monaragala,Uva,2024,February,0.784577413,0.780097653,Healthy,100.5385267,327.4333333,301.8333333,19.1,509000,25.5828,28.4895,113,3,22.36091811,0.746721613,,,,,,,,,74410.0,146.0,1027.0,715.0,1644.0,65289.0,94.0
Monaragala,Uva,2024,March,0.7632656,0.763142747,Healthy,100.0147733,316.9166667,301.2833333,15.8,509000,23.9628,29.21,120,4,23.67626623,0.790646413,,,,,,,,,74410.0,146.0,1027.0,715.0,1644.0,65289.0,94.0
Monaragala,Uva,2024,April,0.76664298,0.764463867,Healthy,100.2668567,321.1,300.6,7.1,509000,20.4915,27.5162,107,3,21.04556998,0.702796812,,,,,,,,,74410.0,146.0,1027.0,715.0,1644.0,65289.0,94.0
Monaragala,Uva,2024,May,0.78403243,0.761633487,Healthy,102.7651433,310.7,286.5,5.6,509000,19.5021,27.1901,100,3,19.73022186,0.658872011,,,,,,,,,74410.0,146.0,1027.0,715.0,1644.0,65289.0,94.0
Monaragala,Uva,2024,June,0.785239587,0.731003187,Healthy,106.9607867,312.625,295.05,7.8,509000,18.4937,22.6753,113,3,22.36091811,0.746721613,,,,,,,,,74410.0,146.0,1027.0,715.0,1644.0,65289.0,94.0
Monaragala,Uva,2024,July,0.76479355,0.685321293,Healthy,110.8187027,316.53,297.5,11.2,509000,17.2957,23.7583,127,4,24.99161436,0.834571214,,,,,,,,,74410.0,146.0,1027.0,715.0,1644.0,65289.0,94.0
Monaragala,Uva,2024,August,0.754378817,0.664359003,Healthy,112.6017433,319.7,296.325,17.575,509000,16.1585,21.4823,140,4,27.6223106,0.922420816,,,,,,,,,74410.0,146.0,1027.0,715.0,1644.0,65289.0,94.0
Monaragala,Uva,2024,September,0.748469883,0.67865846,Healthy,109.5975267,325.4153846,294.6230769,30.53461538,509000,17.2745,24.0845,160,5,31.56835498,1.054195218,,,,,,,,,74410.0,146.0,1027.0,715.0,1644.0,65289.0,94.0
Monaragala,Uva,2024,October,0.758519883,0.724169167,Healthy,104.4621267,320.9,295.5,10.65,509000,20.3011,25.8851,174,5,34.19905122,1.142044819,,,,,,,,,74410.0,146.0,1027.0,715.0,1644.0,65289.0,94.0
Monaragala,Uva,2024,November,0.785872937,0.77563148,Healthy,101.2472247,,,,509000,23.351,28.0535,187,6,36.82974747,1.229894421,,,,,,,,,74410.0,146.0,1027.0,715.0,1644.0,65289.0,94.0
Monaragala,Uva,2024,December,0.806029567,0.8032846,Healthy,100.3218433,,,,509000,28.4526,30.3247,180,6,35.51439935,1.18596962,,,,,,,,,74410.0,146.0,1027.0,715.0,1644.0,65289.0,94.0
Mullaitivu,Northern,2014,January,0.767746263,0.771980633,Healthy,99.48606,,,,95000,21.4866,12.402,136,0,144.0308087,0.231065469,,,,,,,,,859112.0,3851.0,20799.0,3851.0,38780.0,272885.0,79038.0
Mullaitivu,Northern,2014,February,0.747384283,0.7505556,Healthy,99.60223867,317.1,299.8,7.5,95080,19.9185,11.6653,129,0,135.9146427,0.218044881,,,,,,,,,859112.0,3851.0,20799.0,3851.0,38780.0,272885.0,79038.0
Mullaitivu,Northern,2014,March,0.71457684,0.72847333,Healthy,98.21154,,,,95170,20.8811,10.6998,136,0,143.7735298,0.230652722,,,,,,,,,859112.0,3851.0,20799.0,3851.0,38780.0,272885.0,79038.0
Mullaitivu,Northern,2014,April,0.69416468,0.714852,Healthy,97.295302,324.8,302.84,17.34,95250,18.8798,9.5948,121,0,127.6913557,0.204852442,,,,,,,,,859112.0,3851.0,20799.0,3851.0,38780.0,272885.0,79038.0
Mullaitivu,Northern,2014,May,0.689452933,0.70917131,Healthy,97.40208667,327.1,299.6,20.275,95330,15.3272,8.0603,114,0,119.6101859,0.191887999,,,,,,,,,859112.0,3851.0,20799.0,3851.0,38780.0,272885.0,79038.0
Mullaitivu,Northern,2014,June,0.66362351,0.699140867,Healthy,95.25523,324.98,301.54,11.74,95420,13.2868,7.3617,129,0,135.4303524,0.217267945,,,,,,,,,859112.0,3851.0,20799.0,3851.0,38780.0,272885.0,79038.0
Mullaitivu,Northern,2014,July,0.638981957,0.688691957,Healthy,93.27021333,322.2333333,293.1,19.35,95500,10.4839,6.6117,144,0,151.2365385,0.242625463,,,,,,,,,859112.0,3851.0,20799.0,3851.0,38780.0,272885.0,79038.0
Mullaitivu,Northern,2014,August,0.6550741,0.6894681,Healthy,95.345643,331.6,292.5,84.2,95580,11.7861,7.8744,159,0,167.0162653,0.267940533,,,,,,,,,859112.0,3851.0,20799.0,3851.0,38780.0,272885.0,79038.0
Mullaitivu,Northern,2014,September,0.703343933,0.703901843,Healthy,99.91709,,,,95670,19.4543,12.8325,182,0,190.6961685,0.305929682,,,,,,,,,859112.0,3851.0,20799.0,3851.0,38780.0,272885.0,79038.0
Mullaitivu,Northern,2014,October,0.750842307,0.733829983,Healthy,102.1698283,,,,95750,12.7581,8.505,197,0,206.4149101,0.331146915,,,,,,,,,859112.0,3851.0,20799.0,3851.0,38780.0,272885.0,79038.0
Mullaitivu,Northern,2014,November,0.776893713,0.76497931,Healthy,101.4641087,,,,95830,19.5439,11.5049,212,0,222.1074073,0.356322044,,,,,,,,,859112.0,3851.0,20799.0,3851.0,38780.0,272885.0,79038.0
Mullaitivu,Northern,2014,December,0.783727413,0.778531567,Healthy,100.6273683,,,,95920,22.67,12.8129,205,0,213.9740434,0.343273866,,,,,,,,,859112.0,3851.0,20799.0,3851.0,38780.0,272885.0,79038.0
Mullaitivu,Northern,2015,January,0.771612133,0.771980633,Healthy,99.95396467,,,,96000,15.3812,18.9025,126,0,131.554878,0.304878049,223.89449390004276,527.7545637400109,125.24586067168485,0.5171962809090986,1.4143822308232294,0.30810481725234473,2.2396833289846727,,1337814.0,4140.0,39456.0,5356.0,105628.0,370889.0,129547.0
Mullaitivu,Northern,2015,February,0.747285067,0.7505556,Healthy,99.59200867,,,,96080,17.1497,20.8901,119,0,124.1428214,0.287700629,223.89449390004276,527.7545637400109,125.24586067168485,0.5171962809090986,1.4143822308232294,0.30810481725234473,2.2396833289846727,,1337814.0,4140.0,39456.0,5356.0,105628.0,370889.0,129547.0
Mullaitivu,Northern,2015,March,0.731987413,0.72847333,Healthy,100.45423,,,,96170,18.307,21.4366,126,0,131.3223281,0.304339115,223.89449390004276,527.7545637400109,125.24586067168485,0.5171962809090986,1.4143822308232294,0.30810481725234473,2.2396833289846727,,1337814.0,4140.0,39456.0,5356.0,105628.0,370889.0,129547.0
Mullaitivu,Northern,2015,April,0.733013317,0.714852,Healthy,102.3758297,,,,96250,15.0036,20.7987,112,0,116.6339352,0.270298807,223.89449390004276,527.7545637400109,125.24586067168485,0.5171962809090986,1.4143822308232294,0.30810481725234473,2.2396833289846727,,1337814.0,4140.0,39456.0,5356.0,105628.0,370889.0,129547.0
Mullaitivu,Northern,2015,May,0.739717217,0.70917131,Healthy,104.024605,320.4,301.6,8.7,96330,14.8459,20.7907,105,0,109.2535061,0.253194684,223.89449390004276,527.7545637400109,125.24586067168485,0.5171962809090986,1.4143822308232294,0.30810481725234473,2.2396833289846727,,1337814.0,4140.0,39456.0,5356.0,105628.0,370889.0,129547.0
Mullaitivu,Northern,2015,June,0.737653713,0.699140867,Healthy,105.1410133,,,,96420,14.7133,17.6711,119,0,123.7050641,0.286686128,223.89449390004276,527.7545637400109,125.24586067168485,0.5171962809090986,1.4143822308232294,0.30810481725234473,2.2396833289846727,,1337814.0,4140.0,39456.0,5356.0,105628.0,370889.0,129547.0
Mullaitivu,Northern,2015,July,0.71969801,0.688691957,Healthy,104.1965567,319.425,296.4,10.725,96500,14.0121,15.4429,133,0,138.1439825,0.320148279,223.89449390004276,527.7545637400109,125.24586067168485,0.5171962809090986,1.4143822308232294,0.30810481725234473,2.2396833289846727,,1337814.0,4140.0,39456.0,5356.0,105628.0,370889.0,129547.0
Mullaitivu,Northern,2015,August,0.712136077,0.6894681,Healthy,103.065842,318.05,295.65,29.15,96580,13.2797,13.9099,147,0,152.5589805,0.353554995,223.89449390004276,527.7545637400109,125.24586067168485,0.5171962809090986,1.4143822308232294,0.30810481725234473,2.2396833289846727,,1337814.0,4140.0,39456.0,5356.0,105628.0,370889.0,129547.0
Mullaitivu,Northern,2015,September,0.727279183,0.703901843,Healthy,103.1000633,319.85,296.125,13.5,96670,16.4646,17.9148,168,0,174.1907975,0.403686669,223.89449390004276,527.7545637400109,125.24586067168485,0.5171962809090986,1.4143822308232294,0.30810481725234473,2.2396833289846727,,1337814.0,4140.0,39456.0,5356.0,105628.0,370889.0,129547.0
Mullaitivu,Northern,2015,October,0.755587017,0.733829983,Healthy,102.779515,,,,96750,15.997,19.3867,182,0,188.5506607,0.43696561,223.89449390004276,527.7545637400109,125.24586067168485,0.5171962809090986,1.4143822308232294,0.30810481725234473,2.2396833289846727,,1337814.0,4140.0,39456.0,5356.0,105628.0,370889.0,129547.0
Mullaitivu,Northern,2015,November,0.780355687,0.76497931,Healthy,101.887428,,,,96830,13.5715,13.0036,196,0,202.886796,0.470189562,223.89449390004276,527.7545637400109,125.24586067168485,0.5171962809090986,1.4143822308232294,0.30810481725234473,2.2396833289846727,,1337814.0,4140.0,39456.0,5356.0,105628.0,370889.0,129547.0
Mullaitivu,Northern,2015,December,0.792554877,0.778531567,Healthy,101.6927017,,,,96920,18.5103,22.4416,189,0,195.4591667,0.452976053,223.89449390004276,527.7545637400109,125.24586067168485,0.5171962809090986,1.4143822308232294,0.30810481725234473,2.2396833289846727,,1337814.0,4140.0,39456.0,5356.0,105628.0,370889.0,129547.0
Mullaitivu,Northern,2016,January,0.778718007,0.771980633,Healthy,100.8181067,,,,97000,20.8968,25.3576,88,0,91.57656525,0.150867488,,,,,,,,,986656.0,2685.0,26887.0,5271.0,45172.0,340129.0,56945.0
Mullaitivu,Northern,2016,February,0.747043103,0.7505556,Healthy,99.55785833,314.8,299.1,6.5,97080,21.631,26.163,83,0,86.41770596,0.142368544,,,,,,,,,986656.0,2685.0,26887.0,5271.0,45172.0,340129.0,56945.0
Mullaitivu,Northern,2016,March,0.711262333,0.72847333,Healthy,97.785435,,,,97170,18.6612,24.2851,88,0,91.41635103,0.150603544,,,,,,,,,986656.0,2685.0,26887.0,5271.0,45172.0,340129.0,56945.0
Mullaitivu,Northern,2016,April,0.690600387,0.714852,Healthy,96.829503,327.5555556,299.7555556,36.27777778,97250,16.8529,19.7653,78,0,81.19213326,0.133759692,,,,,,,,,986656.0,2685.0,26887.0,5271.0,45172.0,340129.0,56945.0
Mullaitivu,Northern,2016,May,0.703217247,0.70917131,Healthy,99.21854333,325.7,306.3,9.5,97330,16.3946,21.5584,74,0,76.05506036,0.12529664,,,,,,,,,986656.0,2685.0,26887.0,5271.0,45172.0,340129.0,56945.0
Mullaitivu,Northern,2016,June,0.727363113,0.699140867,Healthy,103.77215,344.1,299.6,40.2,97420,14.912,19.9501,83,0,86.11610444,0.141871671,,,,,,,,,986656.0,2685.0,26887.0,5271.0,45172.0,340129.0,56945.0
Mullaitivu,Northern,2016,July,0.73580468,0.688691957,Healthy,106.3783433,321.55,299.7,13.15,97500,14.8763,21.2821,93,0,96.16843861,0.158432354,,,,,,,,,986656.0,2685.0,26887.0,5271.0,45172.0,340129.0,56945.0
Mullaitivu,Northern,2016,August,0.726466653,0.6894681,Healthy,105.005928,332.14,294.3,31.04,97580,15.5575,21.8144,103,0,106.2042902,0.174965882,,,,,,,,,986656.0,2685.0,26887.0,5271.0,45172.0,340129.0,56945.0
Mullaitivu,Northern,2016,September,0.70599762,0.703901843,Healthy,100.2894347,323.025,301.65,11.9,97670,13.9081,17.1781,118,0,121.2644869,0.199776749,,,,,,,,,986656.0,2685.0,26887.0,5271.0,45172.0,340129.0,56945.0
Mullaitivu,Northern,2016,October,0.707627037,0.733829983,Healthy,96.66140133,325.5125,301.0875,16.425,97750,15.7153,19.2476,128,0,131.2623459,0.216247687,,,,,,,,,986656.0,2685.0,26887.0,5271.0,45172.0,340129.0,56945.0
Mullaitivu,Northern,2016,November,0.743096053,0.76497931,Healthy,97.31114333,,,,97830,16.5619,21.7107,138,0,141.2438534,0.232691686,,,,,,,,,986656.0,2685.0,26887.0,5271.0,45172.0,340129.0,56945.0
Mullaitivu,Northern,2016,December,0.771346263,0.778531567,Healthy,99.13206867,,,,97920,18.5868,23.7176,133,0,136.0742468,0.224175036,,,,,,,,,986656.0,2685.0,26887.0,5271.0,45172.0,340129.0,56945.0
Mullaitivu,Northern,2017,January,0.778165063,0.771980633,Healthy,100.7540767,,,,98000,17.9012,24.7974,107,0,109.7560976,0.223992036,,,,,,,,,903306.0,3331.0,16742.0,8689.0,39182.0,344380.0,23537.0
Mullaitivu,Northern,2017,February,0.76032623,0.7505556,Healthy,101.220152,,,,97830,17.8488,25.5905,101,0,103.8386649,0.211915643,,,,,,,,,903306.0,3331.0,16742.0,8689.0,39182.0,344380.0,23537.0
Mullaitivu,Northern,2017,March,0.731621963,0.72847333,Healthy,100.4009987,320.45,303.775,12.05,97670,18.1513,23.9508,107,0,110.1269332,0.224748843,,,,,,,,,903306.0,3331.0,16742.0,8689.0,39182.0,344380.0,23537.0
Mullaitivu,Northern,2017,April,0.699056843,0.714852,Healthy,97.93317,318.34,299.06,14.26,97500,15.7898,22.9354,95,0,98.06128831,0.200125078,,,,,,,,,903306.0,3331.0,16742.0,8689.0,39182.0,344380.0,23537.0
Mullaitivu,Northern,2017,May,0.680650553,0.70917131,Healthy,96.24252667,322.5928571,297.8714286,19.18571429,97330,14.2383,21.3533,89,0,92.09303025,0.18794496,,,,,,,,,903306.0,3331.0,16742.0,8689.0,39182.0,344380.0,23537.0
Mullaitivu,Northern,2017,June,0.664302317,0.699140867,Healthy,95.34868,330.1,299.3785714,22.86428571,97170,13.5325,18.6781,101,0,104.5439599,0.21335502,,,,,,,,,903306.0,3331.0,16742.0,8689.0,39182.0,344380.0,23537.0
Mullaitivu,Northern,2017,July,0.658585473,0.688691957,Healthy,95.925475,323.1888889,298.9666667,14.38888889,97000,12.2161,17.9867,113,0,117.0480262,0.238873523,,,,,,,,,903306.0,3331.0,16742.0,8689.0,39182.0,344380.0,23537.0
Mullaitivu,Northern,2017,August,0.688098017,0.6894681,Healthy,99.81141467,,,,96830,12.9508,18.1155,125,0,129.595998,0.264481629,,,,,,,,,903306.0,3331.0,16742.0,8689.0,39182.0,344380.0,23537.0
Mullaitivu,Northern,2017,September,0.724447047,0.703901843,Healthy,102.72363,316.6333333,295.4,19.56666667,96670,15.4088,22.3759,143,0,148.3548507,0.302765001,,,,,,,,,903306.0,3331.0,16742.0,8689.0,39182.0,344380.0,23537.0
Mullaitivu,Northern,2017,October,0.74850471,0.733829983,Healthy,101.8781717,,,,96500,14.3455,20.5934,155,0,161.0008846,0.328573234,,,,,,,,,903306.0,3331.0,16742.0,8689.0,39182.0,344380.0,23537.0
Mullaitivu,Northern,2017,November,0.769239987,0.76497931,Healthy,100.5246617,,,,96330,15.3021,20.0923,167,0,173.6915532,0.354472557,,,,,,,,,903306.0,3331.0,16742.0,8689.0,39182.0,344380.0,23537.0
Mullaitivu,Northern,2017,December,0.77750587,0.778531567,Healthy,99.87645,,,,96170,19.1116,25.8597,161,0,167.7669371,0.342381504,,,,,,,,,903306.0,3331.0,16742.0,8689.0,39182.0,344380.0,23537.0
Mullaitivu,Northern,2018,January,0.759354867,0.771980633,Healthy,98.460872,311.85,294.25,7.55,96000,18.5889,25.9782,106,0,110.8231707,0.076219512,,,,,,,,,961598.0,2957.0,16931.0,7055.0,80776.0,339763.0,20063.0
Mullaitivu,Northern,2018,February,0.72178625,0.7505556,Healthy,96.40276667,314.4,301.0,6.9,96080,19.141,25.7924,100,0,104.5791786,0.071925157,,,,,,,,,961598.0,2957.0,16931.0,7055.0,80776.0,339763.0,20063.0
Mullaitivu,Northern,2018,March,0.694339953,0.72847333,Healthy,95.615348,315.9,292.0,28.4,96170,19.0834,25.8004,106,0,110.6272683,0.076084779,,,,,,,,,961598.0,2957.0,16931.0,7055.0,80776.0,339763.0,20063.0
Mullaitivu,Northern,2018,April,0.691215277,0.714852,Healthy,96.91139,324.93,302.09,19.21,96250,17.0535,23.0449,94,0,98.2536163,0.067574702,,,,,,,,,961598.0,2957.0,16931.0,7055.0,80776.0,339763.0,20063.0
Mullaitivu,Northern,2018,May,0.7123835,0.70917131,Healthy,100.4254933,317.0333333,294.7,10.66666667,96330,15.3451,22.8948,88,0,92.03626761,0.063298671,,,,,,,,,961598.0,2957.0,16931.0,7055.0,80776.0,339763.0,20063.0
Mullaitivu,Northern,2018,June,0.712301517,0.699140867,Healthy,101.7555787,322.4583333,295.8333333,18.79166667,96420,13.5941,20.4327,100,0,104.2104074,0.071671532,,,,,,,,,961598.0,2957.0,16931.0,7055.0,80776.0,339763.0,20063.0
Mullaitivu,Northern,2018,July,0.684711747,0.688691957,Healthy,99.459254,320.6,298.4166667,12.56666667,96500,12.7083,18.8749,112,0,116.3738995,0.08003707,,,,,,,,,961598.0,2957.0,16931.0,7055.0,80776.0,339763.0,20063.0
Mullaitivu,Northern,2018,August,0.66258467,0.6894681,Healthy,96.36581333,321.7083333,293.2666667,15.375,96580,13.6043,19.6583,124,0,128.5172409,0.088388749,,,,,,,,,961598.0,2957.0,16931.0,7055.0,80776.0,339763.0,20063.0
Mullaitivu,Northern,2018,September,0.678592143,0.703901843,Healthy,96.63802667,327.0714286,303.1071429,18.35,96670,15.3444,22.9814,141,0,146.740104,0.100921667,,,,,,,,,961598.0,2957.0,16931.0,7055.0,80776.0,339763.0,20063.0
Mullaitivu,Northern,2018,October,0.723468233,0.733829983,Healthy,98.67463067,,,,96750,15.126,22.0709,153,0,158.8369992,0.109241402,,,,,,,,,961598.0,2957.0,16931.0,7055.0,80776.0,339763.0,20063.0
Mullaitivu,Northern,2018,November,0.754235683,0.76497931,Healthy,98.68251667,,,,96830,16.7961,21.1665,165,0,170.9139058,0.11754739,,,,,,,,,961598.0,2957.0,16931.0,7055.0,80776.0,339763.0,20063.0
Mullaitivu,Northern,2018,December,0.766462317,0.778531567,Healthy,98.54327867,,,,96920,20.0714,27.74,159,0,164.6567951,0.113244013,,,,,,,,,961598.0,2957.0,16931.0,7055.0,80776.0,339763.0,20063.0
Mullaitivu,Northern,2019,January,0.75861488,0.771980633,Healthy,98.37315,311.9,298.7,5.2,97000,18.6755,26.7446,108,0,111.5665074,0.301734976,315.4271784726568,532.7158287340416,198.2578485747638,0.7286367822718373,1.4276784210072313,0.48771430749391903,2.6440295107729876,,734606.0,1613.0,13459.0,3738.0,38232.0,284301.0,15490.0
Mullaitivu,Northern,2019,February,0.730542737,0.7505556,Healthy,97.497248,319.1,300.5,14.4,97080,19.1779,28.1875,102,0,105.281538,0.284737087,315.4271784726568,532.7158287340416,198.2578485747638,0.7286367822718373,1.4276784210072313,0.48771430749391903,2.6440295107729876,,734606.0,1613.0,13459.0,3738.0,38232.0,284301.0,15490.0
Mullaitivu,Northern,2019,March,0.693389377,0.72847333,Healthy,95.48809667,327.55,309.0,11.15,97170,20.2798,27.2856,108,0,111.3713206,0.301207087,315.4271784726568,532.7158287340416,198.2578485747638,0.7286367822718373,1.4276784210072313,0.48771430749391903,2.6440295107729876,,734606.0,1613.0,13459.0,3738.0,38232.0,284301.0,15490.0
Mullaitivu,Northern,2019,April,0.66426822,0.714852,Healthy,93.38562167,327.35,303.8083333,29.64166667,97250,16.7351,24.834,96,0,98.91529249,0.267519385,315.4271784726568,532.7158287340416,198.2578485747638,0.7286367822718373,1.4276784210072313,0.48771430749391903,2.6440295107729876,,734606.0,1613.0,13459.0,3738.0,38232.0,284301.0,15490.0
Mullaitivu,Northern,2019,May,0.658605833,0.70917131,Healthy,93.34028,322.2833333,299.6333333,13.25,97330,16.0083,23.9633,90,0,92.65686513,0.25059328,315.4271784726568,532.7158287340416,198.2578485747638,0.7286367822718373,1.4276784210072313,0.48771430749391903,2.6440295107729876,,734606.0,1613.0,13459.0,3738.0,38232.0,284301.0,15490.0
Mullaitivu,Northern,2019,June,0.663239953,0.699140867,Healthy,95.209846,324.0,304.8,11.7,97420,14.3522,20.7395,102,0,104.9141009,0.283743342,315.4271784726568,532.7158287340416,198.2578485747638,0.7286367822718373,1.4276784210072313,0.48771430749391903,2.6440295107729876,,734606.0,1613.0,13459.0,3738.0,38232.0,284301.0,15490.0
Mullaitivu,Northern,2019,July,0.662325077,0.688691957,Healthy,96.43081,322.6666667,292.1333333,13.96666667,97500,13.3257,20.44,114,0,117.1607255,0.316864707,315.4271784726568,532.7158287340416,198.2578485747638,0.7286367822718373,1.4276784210072313,0.48771430749391903,2.6440295107729876,,734606.0,1613.0,13459.0,3738.0,38232.0,284301.0,15490.0
Mullaitivu,Northern,2019,August,0.66215371,0.6894681,Healthy,96.30612,307.9,286.1,8.65,97580,13.4133,19.702,126,0,129.3872695,0.349931763,315.4271784726568,532.7158287340416,198.2578485747638,0.7286367822718373,1.4276784210072313,0.48771430749391903,2.6440295107729876,,734606.0,1613.0,13459.0,3738.0,38232.0,284301.0,15490.0
Mullaitivu,Northern,2019,September,0.68869369,0.703901843,Healthy,97.97542667,327.5666667,301.0333333,20.23333333,97670,16.3789,24.0187,144,0,147.7349062,0.399553499,315.4271784726568,532.7158287340416,198.2578485747638,0.7286367822718373,1.4276784210072313,0.48771430749391903,2.6440295107729876,,734606.0,1613.0,13459.0,3738.0,38232.0,284301.0,15490.0
Mullaitivu,Northern,2019,October,0.74083528,0.733829983,Healthy,100.8877567,316.7,298.85,15.9,97750,15.2507,21.8714,156,0,159.9151644,0.432495374,315.4271784726568,532.7158287340416,198.2578485747638,0.7286367822718373,1.4276784210072313,0.48771430749391903,2.6440295107729876,,734606.0,1613.0,13459.0,3738.0,38232.0,284301.0,15490.0
Mullaitivu,Northern,2019,November,0.77504548,0.76497931,Healthy,101.23642,,,,97830,16.3985,21.8157,168,0,172.0755018,0.465383372,315.4271784726568,532.7158287340416,198.2578485747638,0.7286367822718373,1.4276784210072313,0.48771430749391903,2.6440295107729876,,734606.0,1613.0,13459.0,3738.0,38232.0,284301.0,15490.0
Mullaitivu,Northern,2019,December,0.784686243,0.778531567,Healthy,100.7429887,,,,97920,19.8566,27.8966,162,0,165.777439,0.448350072,315.4271784726568,532.7158287340416,198.2578485747638,0.7286367822718373,1.4276784210072313,0.48771430749391903,2.6440295107729876,,734606.0,1613.0,13459.0,3738.0,38232.0,284301.0,15490.0
Mullaitivu,Northern,2020,January,0.767810537,0.771980633,Healthy,99.48930333,,,,98000,14.0749,20.3089,67,0,69.13887506,0.149328024,8.846160108761635,13.555826100818056,5.418425055120943,0.0204346298512393,0.0363296139501923,0.0133293256355975,0.0700935694370292,,405256.0,578.0,9532.0,3000.0,21021.0,151634.0,7150.0
Mullaitivu,Northern,2020,February,0.72393055,0.7505556,Healthy,96.66775833,325.15,302.95,14.95,98000,14.8254,20.5561,63,0,65.29782645,0.141032023,7.978889509863433,12.22682354191432,4.887206912462024,0.0184312347677845,0.0327678870923303,0.0120225290046565,0.0632216508647715,,405256.0,578.0,9532.0,3000.0,21021.0,151634.0,7150.0
Mullaitivu,Northern,2020,March,0.686905487,0.72847333,Healthy,94.658995,322.7,305.15,17.15,98000,14.7146,19.8689,67,0,69.13887506,0.149328024,32.609374518572295,49.97049621478028,19.973802163975236,0.075327655137902,0.1339209298556111,0.049135553323379,0.2583841383168922,,405256.0,578.0,9532.0,3000.0,21021.0,151634.0,7150.0
Mullaitivu,Northern,2020,April,0.68307018,0.714852,Healthy,95.84663667,322.9888889,301.4666667,15.62222222,98000,13.0361,17.557,60,0,61.45677783,0.132736021,268.2467962392131,411.060491468924,164.30577152440267,0.6196500993125823,1.1016421171367163,0.4041921979500306,2.125484414399329,,405256.0,578.0,9532.0,3000.0,21021.0,151634.0,7150.0
Mullaitivu,Northern,2020,May,0.708370567,0.70917131,Healthy,99.89769533,329.05,300.475,18.575,98000,11.9153,17.3736,56,0,57.61572922,0.12444002,390.7921318635287,598.8485530420211,239.36689508210748,0.9027298246047512,1.6049141221526169,0.5888425619019844,3.096486508659352,,405256.0,578.0,9532.0,3000.0,21021.0,151634.0,7150.0
Mullaitivu,Northern,2020,June,0.732192153,0.699140867,Healthy,104.4166583,320.2555556,292.5777778,20.37777778,98000,10.8125,15.809,63,0,65.29782645,0.141032023,466.0712198478923,714.2059751548647,285.47662986490127,1.0766245178486311,1.9140720134150375,0.7022725094676572,3.6929690407313256,,405256.0,578.0,9532.0,3000.0,21021.0,151634.0,7150.0
Mullaitivu,Northern,2020,July,0.737132117,0.688691957,Healthy,106.557348,315.6,292.1,11.375,98000,10.0589,15.4168,71,0,72.97992368,0.157624025,416.636795710695,638.4528292973522,255.19719573334316,0.9624309980917056,1.7110535825169042,0.6277851015040241,3.301269682112633,,405256.0,578.0,9532.0,3000.0,21021.0,151634.0,7150.0
Mullaitivu,Northern,2020,August,0.718361553,0.6894681,Healthy,103.9102967,323.4777778,297.9444444,18.76666667,98000,10.5311,15.4681,79,0,80.66202091,0.174216028,364.2536515372437,558.1810747395668,223.11161991674464,0.841425935051033,1.4959252803020393,0.5488545849951918,2.886205800348264,,405256.0,578.0,9532.0,3000.0,21021.0,151634.0,7150.0
Mullaitivu,Northern,2020,September,0.70062114,0.703901843,Healthy,99.574118,329.4666667,296.6666667,37.06666667,98000,12.1784,19.0393,90,0,92.18516675,0.199104032,355.5809455482617,544.8910491505295,217.79943849015547,0.8213919842164846,1.4603080117234193,0.5357866186857824,2.817486614625686,,405256.0,578.0,9532.0,3000.0,21021.0,151634.0,7150.0
Mullaitivu,Northern,2020,October,0.705802367,0.733829983,Healthy,96.42924133,326.2333333,298.4666667,16.33333333,98000,11.2498,16.1271,97,0,99.86726398,0.215696035,351.2445925537707,538.2460363560109,215.14334777686088,0.8113750087992104,1.4424993774341093,0.5292526355310777,2.7831270217643973,,405256.0,578.0,9532.0,3000.0,21021.0,151634.0,7150.0
Mullaitivu,Northern,2020,November,0.74071725,0.76497931,Healthy,97.01861333,310.4,292.8,28.1,98000,12.9441,16.8526,105,0,107.5493612,0.232288037,338.23553357029783,518.3109979724551,207.1750756369772,0.7813240825473879,1.3890734745661797,0.5096506860669638,2.6800482431805315,,405256.0,578.0,9532.0,3000.0,21021.0,151634.0,7150.0
Mullaitivu,Northern,2020,December,0.7720039,0.778531567,Healthy,99.211325,,,,98000,15.8296,21.1022,101,0,103.7083126,0.223992036,329.5628275813158,505.0209723834177,201.862894210388,0.7612901317128395,1.3534562059875597,0.4965827197575545,2.611329057457953,,405256.0,578.0,9532.0,3000.0,21021.0,151634.0,7150.0
Mullaitivu,Northern,2021,January,0.774081957,0.771980633,Healthy,100.2552683,,,,98000,16.2724,22.7529,48,0,48.97959184,0.37332006,9.574733986262396,16.059086447198688,5.771067319602498,0.0221176355082661,0.0430383516784924,0.0141968256062221,0.0793528127929807,,33850.0,281.0,771.0,2593.0,3495.0,8011.0,2093.0
Mullaitivu,Northern,2021,February,0.74515448,0.7505556,Healthy,99.32273633,,,,98080,16.6145,23.8851,45,0,46.22077216,0.352292471,8.636034575844509,14.48466620727724,5.205276405915977,0.0199492398702008,0.038818905435503,0.0128049799585533,0.0715731252642571,,33850.0,281.0,771.0,2593.0,3495.0,8011.0,2093.0
Mullaitivu,Northern,2021,March,0.717385463,0.72847333,Healthy,98.57536167,,,,98170,16.996,21.392,48,0,48.89477437,0.372673585,35.29509783171235,59.19820102104613,21.273738354613126,0.0815316759912555,0.1586511787364036,0.0523333963523482,0.2925162510800075,,33850.0,281.0,771.0,2593.0,3495.0,8011.0,2093.0
Mullaitivu,Northern,2021,April,0.714240353,0.714852,Healthy,99.921852,324.05,303.6,14.225,98250,13.9588,20.5118,42,0,43.42663274,0.330995676,290.3397276422508,486.9681802077013,174.99912960324042,0.6706847708535993,1.3050747229566395,0.4304978588239715,2.406257352634211,,33850.0,281.0,771.0,2593.0,3495.0,8011.0,2093.0
Mullaitivu,Northern,2021,May,0.728010563,0.70917131,Healthy,102.4826533,321.4,298.0,10.7,98330,13.5701,20.1946,40,0,40.67934506,0.310055984,422.9779543342975,709.4337601086007,254.9453857071456,0.9770790745122272,1.9012824770910504,0.6271656488395783,3.5055272004428564,,33850.0,281.0,771.0,2593.0,3495.0,8011.0,2093.0
Mullaitivu,Northern,2021,June,0.725752133,0.699140867,Healthy,103.5532687,326.7166667,298.35,18.91666667,98420,12.6245,18.3913,45,0,46.06109869,0.351075447,504.4570631585695,846.0934369337815,304.0560370151354,1.1652958158962954,2.267530410982535,0.7479778510572331,4.180804077936064,,33850.0,281.0,771.0,2593.0,3495.0,8011.0,2093.0
Mullaitivu,Northern,2021,July,0.719810567,0.688691957,Healthy,104.2126017,319.4,287.3,10.9,98500,11.5596,16.6983,50,0,51.43824027,0.392059758,450.9511967647503,756.3514832582596,271.80595493500385,1.0416972645265732,2.0270219751321363,0.6686426491401096,3.7373618887988194,,33850.0,281.0,771.0,2593.0,3495.0,8011.0,2093.0
Mullaitivu,Northern,2021,August,0.715225857,0.6894681,Healthy,103.4839433,336.1,301.1,30.55,98580,11.5143,16.9114,56,0,56.80665449,0.432977549,394.2537523755103,661.2565007670046,237.6321837483381,0.9107261679874288,1.7721674220555728,0.5845751720209118,3.2674687620639133,,33850.0,281.0,771.0,2593.0,3495.0,8011.0,2093.0
Mullaitivu,Northern,2021,September,0.722982337,0.703901843,Healthy,102.5327933,324.3666667,300.8,16.05,98670,13.8101,20.0439,64,0,64.86267356,0.494380134,384.8667582713314,645.5122983677902,231.97427461147288,0.8890422116067755,1.729972959625678,0.5706567155442234,3.189671886776677,,33850.0,281.0,771.0,2593.0,3495.0,8011.0,2093.0
Mullaitivu,Northern,2021,October,0.74713528,0.733829983,Healthy,101.7008087,,,,98750,13.1908,18.488,69,0,70.21097046,0.535144592,380.173261219242,637.640197168183,229.1453200430403,0.878200233416449,1.7088757284107308,0.5636974873058792,3.1507734491330592,,33850.0,281.0,771.0,2593.0,3495.0,8011.0,2093.0
Mullaitivu,Northern,2021,November,0.771799583,0.76497931,Healthy,100.8379873,,,,98830,14.228,19.8951,74,0,75.55060879,0.575843055,366.0927700629739,614.0238935693615,220.6584563377425,0.8456742988454696,1.6455840347658892,0.5428198025908467,3.0340781362022056,,33850.0,281.0,771.0,2593.0,3495.0,8011.0,2093.0
Mullaitivu,Northern,2021,December,0.783334487,0.778531567,Healthy,100.57976,,,,98920,17.5058,23.4305,72,0,72.78608977,0.554772026,356.7057759587951,598.2796911701471,215.00054720087732,0.8239903424648165,1.6033895723359946,0.5289013461141583,2.95628126091497,,33850.0,281.0,771.0,2593.0,3495.0,8011.0,2093.0
Mullaitivu,Northern,2022,January,0.772746633,0.771980633,Healthy,100.0919687,,,,99000,17.4287,24.9524,95,0,96.60014782,0.29563932,8.319181915812058,14.435550368647776,3.121650654280204,0.0192173102255258,0.038687274987976,0.0076792606095293,0.0655838458230311,,20511.0,404.0,760.0,940.0,1489.0,9060.0,36.0
Mullaitivu,Northern,2022,February,0.7460149,0.7505556,Healthy,99.43223667,,,,99000,17.8548,24.4605,90,0,91.23347294,0.279214913,7.503575845634402,13.02030033250583,2.815606472488025,0.0173332602034154,0.0348944048911156,0.0069263919223205,0.0591540570168516,,20511.0,404.0,760.0,940.0,1489.0,9060.0,36.0
Mullaitivu,Northern,2022,March,0.727164287,0.72847333,Healthy,99.83390667,,,,99000,17.8819,24.2956,95,0,96.60014782,0.29563932,30.66678823867974,53.213401358936885,11.507261235385846,0.0708402808313501,0.1426119156419508,0.0283078626390491,0.2417600591123502,,20511.0,404.0,760.0,940.0,1489.0,9060.0,36.0
Mullaitivu,Northern,2022,April,0.72469606,0.714852,Healthy,101.2880667,,,,99000,15.7289,21.4756,85,0,85.86679806,0.262790507,252.266957505948,437.7368361787016,94.65946542832027,0.5827366718387398,1.1731347209589202,0.2328622849536679,1.988733677751328,,20511.0,404.0,760.0,940.0,1489.0,9060.0,36.0
Mullaitivu,Northern,2022,May,0.72478981,0.70917131,Healthy,102.0574153,316.8166667,290.9333333,23.88333333,99000,13.5508,21.5323,79,0,80.50012318,0.2463661,367.5120952220503,637.7116662855575,137.90350831555486,0.8489529399629362,1.709067265645294,0.3392426304562649,2.897262836064495,,20511.0,404.0,760.0,940.0,1489.0,9060.0,36.0
Mullaitivu,Northern,2022,June,0.717437247,0.699140867,Healthy,102.44291,334.55,298.05,39.6,99000,12.889,18.7061,90,0,91.23347294,0.279214913,438.3067021134704,760.5553694226775,164.46814329511574,1.0124884818821167,2.0382883900527755,0.4045916325059848,3.455368504440877,,20511.0,404.0,760.0,940.0,1489.0,9060.0,36.0
Mullaitivu,Northern,2022,July,0.70829881,0.688691957,Healthy,102.6542933,323.1166667,291.3166667,15.78333333,99000,11.801,17.5544,100,0,101.9668227,0.312063727,391.8171561133443,679.8861173625871,147.02362493296172,0.9050976306218254,1.8220947945317336,0.3616781173350858,3.0888705424886447,,20511.0,404.0,760.0,940.0,1489.0,9060.0,36.0
Mullaitivu,Northern,2022,August,0.711720767,0.6894681,Healthy,103.0090333,,,,99000,12.3126,17.4917,111,0,112.7001725,0.34491254,342.5545494746141,594.4050151796141,128.53855635271424,0.7913010092863585,1.5930054406813656,0.316204848627677,2.700511298595401,,20511.0,404.0,760.0,940.0,1489.0,9060.0,36.0
Mullaitivu,Northern,2022,September,0.725531367,0.703901843,Healthy,102.870302,317.8,296.5,24.1,99000,14.4975,21.8428,127,0,128.8001971,0.39418576,334.39848877283754,580.2525148181946,125.47811453479244,0.7724605090652548,1.5550767397127616,0.3086761617555895,2.636213410533606,,20511.0,404.0,760.0,940.0,1489.0,9060.0,36.0
Mullaitivu,Northern,2022,October,0.7510647,0.733829983,Healthy,102.20188,324.1,295.75,20.55,99000,13.3523,20.4057,138,0,139.5335469,0.427034573,330.32045842194924,573.176264637485,123.94789362583155,0.7630402589547028,1.5361123892284596,0.3049118183195456,2.604064466502708,,20511.0,404.0,760.0,940.0,1489.0,9060.0,36.0
Mullaitivu,Northern,2022,November,0.77513802,0.76497931,Healthy,101.2478667,,,,99000,15.3929,20.5172,148,0,150.2668966,0.459883387,318.0863673692846,551.947514095356,119.35723089894894,0.7347795086230473,1.479219337775554,0.2936187880114144,2.507617634410016,,20511.0,404.0,760.0,940.0,1489.0,9060.0,36.0
Mullaitivu,Northern,2022,December,0.784680387,0.778531567,Healthy,100.7423333,,,,99000,18.3539,25.9345,143,0,144.9002217,0.44345898,309.93030666750803,537.7950137339366,116.29678908102716,0.7159390084019435,1.44129063680695,0.2860901011393268,2.4433197463482204,,20511.0,404.0,760.0,940.0,1489.0,9060.0,36.0
Mullaitivu,Northern,2023,January,0.768245867,0.771980633,Healthy,99.54332333,303.6,290.6,6.7,99000,18.158,25.1569,86,0,87.50923873,0.96082779,,,,,,,,,27890.0,685.0,586.0,288.0,1816.0,20200.0,60.0
Mullaitivu,Northern,2023,February,0.737690153,0.7505556,Healthy,98.39142,,,,99080,17.2818,25.7711,81,0,82.58088233,0.906715769,,,,,,,,,27890.0,685.0,586.0,288.0,1816.0,20200.0,60.0
Mullaitivu,Northern,2023,March,0.7160945,0.72847333,Healthy,98.41161,317.2,300.6,6.2,99170,17.7762,23.7233,86,0,87.35922793,0.959180712,,,,,,,,,27890.0,685.0,586.0,288.0,1816.0,20200.0,60.0
Mullaitivu,Northern,2023,April,0.715914083,0.714852,Healthy,100.14043,319.5,302.25,12.3,99250,15.5251,21.8362,77,0,77.5900555,0.851917839,,,,,,,,,27890.0,685.0,586.0,288.0,1816.0,20200.0,60.0
Mullaitivu,Northern,2023,May,0.732307413,0.70917131,Healthy,103.049725,320.9,299.3,17.1,99330,14.7828,21.593,72,0,72.68209197,0.798029726,,,,,,,,,27890.0,685.0,586.0,288.0,1816.0,20200.0,60.0
Mullaitivu,Northern,2023,June,0.740951333,0.699140867,Healthy,105.5828233,313.6666667,291.8666667,6.9,99420,13.8222,18.9908,81,0,82.29846933,0.90361495,,,,,,,,,27890.0,685.0,586.0,288.0,1816.0,20200.0,60.0
Mullaitivu,Northern,2023,July,0.726378017,0.688691957,Healthy,105.1002767,321.6428571,297.6142857,12.28571429,99500,12.3966,18.4784,91,1,91.90668791,1.009110594,,,,,,,,,27890.0,685.0,586.0,288.0,1816.0,20200.0,60.0
Mullaitivu,Northern,2023,August,0.70312392,0.6894681,Healthy,101.8487347,318.8333333,296.9,14.35,99580,12.2781,18.4966,101,1,101.4994685,1.114436732,,,,,,,,,27890.0,685.0,586.0,288.0,1816.0,20200.0,60.0
Mullaitivu,Northern,2023,September,0.706334517,0.703901843,Healthy,100.3236333,324.6,283.0,15.6,99670,15.1964,22.9108,115,1,115.8946475,1.272491906,,,,,,,,,27890.0,685.0,586.0,288.0,1816.0,20200.0,60.0
Mullaitivu,Northern,2023,October,0.735206247,0.733829983,Healthy,100.1758947,320.3,298.0,10.8,99750,13.7482,20.5934,125,1,125.451841,1.377427308,,,,,,,,,27890.0,685.0,586.0,288.0,1816.0,20200.0,60.0
Mullaitivu,Northern,2023,November,0.766598007,0.76497931,Healthy,100.1979467,,,,99830,15.542,20.3687,134,1,134.993717,1.482194527,,,,,,,,,27890.0,685.0,586.0,288.0,1816.0,20200.0,60.0
Mullaitivu,Northern,2023,December,0.7805192,0.778531567,Healthy,100.240068,,,,99920,19.2389,25.7497,129,1,130.0552637,1.427971646,,,,,,,,,27890.0,685.0,586.0,288.0,1816.0,20200.0,60.0
Mullaitivu,Northern,2024,January,0.76449918,0.771980633,Healthy,99.087306,,,,100000,18.4125,25.4159,65,0,65.34146341,0.219512195,,,,,,,,,74410.0,146.0,1027.0,715.0,1644.0,65289.0,94.0
Mullaitivu,Northern,2024,February,0.725985083,0.7505556,Healthy,96.92580167,,,,100000,18.0645,25.3764,61,0,61.71138211,0.207317073,,,,,,,,,74410.0,146.0,1027.0,715.0,1644.0,65289.0,94.0
Mullaitivu,Northern,2024,March,0.695961923,0.72847333,Healthy,95.82454667,,,,100000,17.8716,24.9815,65,0,65.34146341,0.219512195,,,,,,,,,74410.0,146.0,1027.0,715.0,1644.0,65289.0,94.0
Mullaitivu,Northern,2024,April,0.698574133,0.714852,Healthy,97.87394533,317.8,301.9,33.75,100000,16.4399,23.117,58,0,58.08130081,0.195121951,,,,,,,,,74410.0,146.0,1027.0,715.0,1644.0,65289.0,94.0
Mullaitivu,Northern,2024,May,0.72361803,0.70917131,Healthy,101.9059667,313.4,288.15,7.95,100000,14.1261,22.7358,54,0,54.45121951,0.182926829,,,,,,,,,74410.0,146.0,1027.0,715.0,1644.0,65289.0,94.0
Mullaitivu,Northern,2024,June,0.738666253,0.699140867,Healthy,105.2782147,322.4,294.05,15.5,100000,13.3643,19.9528,61,0,61.71138211,0.207317073,,,,,,,,,74410.0,146.0,1027.0,715.0,1644.0,65289.0,94.0
Mullaitivu,Northern,2024,July,0.73117799,0.688691957,Healthy,105.7511567,325.6333333,297.2666667,19.83333333,100000,12.3668,18.5882,68,0,68.97154472,0.231707317,,,,,,,,,74410.0,146.0,1027.0,715.0,1644.0,65289.0,94.0
Mullaitivu,Northern,2024,August,0.725084697,0.6894681,Healthy,104.8176487,321.3333333,299.8333333,8.133333333,100000,12.6814,19.2097,76,0,76.23170732,0.256097561,,,,,,,,,74410.0,146.0,1027.0,715.0,1644.0,65289.0,94.0
Mullaitivu,Northern,2024,September,0.723553317,0.703901843,Healthy,102.611512,321.6,296.8,10.6,100000,15.4241,23.0345,87,0,87.12195122,0.292682927,,,,,,,,,74410.0,146.0,1027.0,715.0,1644.0,65289.0,94.0
Mullaitivu,Northern,2024,October,0.74160937,0.733829983,Healthy,100.9960833,317.6,296.0,25.73333333,100000,14.2855,20.8493,94,0,94.38211382,0.317073171,,,,,,,,,74410.0,146.0,1027.0,715.0,1644.0,65289.0,94.0
Mullaitivu,Northern,2024,November,0.770108197,0.76497931,Healthy,100.628975,,,,100000,15.4879,21.0749,101,0,101.6422764,0.341463415,,,,,,,,,74410.0,146.0,1027.0,715.0,1644.0,65289.0,94.0
Mullaitivu,Northern,2024,December,0.78286739,0.778531567,Healthy,100.523544,,,,100000,19.4237,25.5224,98,0,98.01219512,0.329268293,,,,,,,,,74410.0,146.0,1027.0,715.0,1644.0,65289.0,94.0
Nuwara Eliya,Central,2014,January,0.783699413,0.787591533,Healthy,99.53526833,308.8,294.6,6.5,733000,49.7795,34.709,479,6,65.47432869,0.828536253,,,,,,,,,859112.0,3851.0,20799.0,3851.0,38780.0,272885.0,79038.0
Nuwara Eliya,Central,2014,February,0.7674109,0.773856657,Healthy,99.21719967,315.8722222,298.95,13.46111111,733670,49.1515,33.6145,453,5,61.7803955,0.781791863,,,,,,,,,859112.0,3851.0,20799.0,3851.0,38780.0,272885.0,79038.0
Nuwara Eliya,Central,2014,March,0.758791933,0.76845832,Healthy,98.81897667,322.78,303.28,14.42,734330,44.2097,22.3571,479,6,65.35574323,0.827035629,,,,,,,,,859112.0,3851.0,20799.0,3851.0,38780.0,272885.0,79038.0
Nuwara Eliya,Central,2014,April,0.76201146,0.773969947,Healthy,98.54863,313.2,297.5,3.9,735000,41.6699,23.7516,426,5,58.04103755,0.734472651,,,,,,,,,859112.0,3851.0,20799.0,3851.0,38780.0,272885.0,79038.0
Nuwara Eliya,Central,2014,May,0.769864933,0.778376583,Healthy,98.97249133,,,,735670,36.7235,24.4699,399,5,54.36391648,0.687941007,,,,,,,,,859112.0,3851.0,20799.0,3851.0,38780.0,272885.0,79038.0
Nuwara Eliya,Central,2014,June,0.7680425,0.7738468,Healthy,99.295395,300.9,290.75,3.8,736330,34.6911,28.3714,453,5,61.55721316,0.778967631,,,,,,,,,859112.0,3851.0,20799.0,3851.0,38780.0,272885.0,79038.0
Nuwara Eliya,Central,2014,July,0.758437343,0.764345547,Healthy,99.27446033,314.875,293.63,17.225,737000,38.0123,26.0999,506,6,68.73669347,0.869819417,,,,,,,,,859112.0,3851.0,20799.0,3851.0,38780.0,272885.0,79038.0
Nuwara Eliya,Central,2014,August,0.756268953,0.76049158,Healthy,99.47900533,321.1888889,294.3333333,19.23333333,737670,36.6685,27.8387,559,7,75.90313204,0.960506169,,,,,,,,,859112.0,3851.0,20799.0,3851.0,38780.0,272885.0,79038.0
Nuwara Eliya,Central,2014,September,0.76652353,0.764563433,Healthy,100.2398,335.2,304.5,18.1,738330,39.2661,24.792,639,8,86.66889318,1.096740072,,,,,,,,,859112.0,3851.0,20799.0,3851.0,38780.0,272885.0,79038.0
Nuwara Eliya,Central,2014,October,0.786837917,0.777578067,Healthy,101.1181733,,,,739000,35.8339,28.8841,693,8,93.80617622,1.187057879,,,,,,,,,859112.0,3851.0,20799.0,3851.0,38780.0,272885.0,79038.0
Nuwara Eliya,Central,2014,November,0.803245373,0.793236477,Healthy,101.1870833,,,,739670,35.7736,22.188,746,9,100.9305292,1.277212064,,,,,,,,,859112.0,3851.0,20799.0,3851.0,38780.0,272885.0,79038.0
Nuwara Eliya,Central,2014,December,0.808944213,0.797640203,Healthy,101.333687,,,,740330,42.4939,28.2927,719,9,97.23910201,1.230499385,,,,,,,,,859112.0,3851.0,20799.0,3851.0,38780.0,272885.0,79038.0
Nuwara Eliya,Central,2015,January,0.798605157,0.787591533,Healthy,101.3143213,,,,741000,19.6211,28.0297,574,6,77.53530167,0.888713341,658.1274031247689,1655.2993634170134,120.71049524346228,1.5202743012182163,4.436202293957595,0.2969478182989172,6.253424413474728,,1337814.0,4140.0,39456.0,5356.0,105628.0,370889.0,129547.0
Nuwara Eliya,Central,2015,February,0.781735613,0.773856657,Healthy,100.9562367,,,,741670,30.9296,28.7586,542,6,73.16163337,0.838582145,658.1274031247689,1655.2993634170134,120.71049524346228,1.5202743012182163,4.436202293957595,0.2969478182989172,6.253424413474728,,1337814.0,4140.0,39456.0,5356.0,105628.0,370889.0,129547.0
Nuwara Eliya,Central,2015,March,0.77790456,0.76845832,Healthy,101.1541167,309.5,289.0,8.7,742330,21.7245,29.4878,574,6,77.39638508,0.887121072,658.1274031247689,1655.2993634170134,120.71049524346228,1.5202743012182163,4.436202293957595,0.2969478182989172,6.253424413474728,,1337814.0,4140.0,39456.0,5356.0,105628.0,370889.0,129547.0
Nuwara Eliya,Central,2015,April,0.7881678,0.773969947,Healthy,101.7229063,,,,743000,20.1483,30.3727,510,5,68.73474926,0.787840987,658.1274031247689,1655.2993634170134,120.71049524346228,1.5202743012182163,4.436202293957595,0.2969478182989172,6.253424413474728,,1337814.0,4140.0,39456.0,5356.0,105628.0,370889.0,129547.0
Nuwara Eliya,Central,2015,May,0.791578713,0.778376583,Healthy,101.5937397,,,,743670,24.9471,27.2276,478,5,64.38077209,0.737935493,658.1274031247689,1655.2993634170134,120.71049524346228,1.5202743012182163,4.436202293957595,0.2969478182989172,6.253424413474728,,1337814.0,4140.0,39456.0,5356.0,105628.0,370889.0,129547.0
Nuwara Eliya,Central,2015,June,0.78662872,0.7738468,Healthy,101.5515567,316.25,297.4,6.75,744330,23.9041,27.227,542,6,72.90017683,0.835585318,658.1274031247689,1655.2993634170134,120.71049524346228,1.5202743012182163,4.436202293957595,0.2969478182989172,6.253424413474728,,1337814.0,4140.0,39456.0,5356.0,105628.0,370889.0,129547.0
Nuwara Eliya,Central,2015,July,0.779983313,0.764345547,Healthy,101.9206033,321.7,295.3,12.6,745000,27.1494,28.4327,606,6,81.4033939,0.933049599,658.1274031247689,1655.2993634170134,120.71049524346228,1.5202743012182163,4.436202293957595,0.2969478182989172,6.253424413474728,,1337814.0,4140.0,39456.0,5356.0,105628.0,370889.0,129547.0
Nuwara Eliya,Central,2015,August,0.78089251,0.76049158,Healthy,102.51712,,,,745670,31.2623,30.7402,670,7,89.89133034,1.030338733,658.1274031247689,1655.2993634170134,120.71049524346228,1.5202743012182163,4.436202293957595,0.2969478182989172,6.253424413474728,,1337814.0,4140.0,39456.0,5356.0,105628.0,370889.0,129547.0
Nuwara Eliya,Central,2015,September,0.788601687,0.764563433,Healthy,102.9508667,,,,746330,25.9095,36.0014,766,8,102.6420994,1.176488658,658.1274031247689,1655.2993634170134,120.71049524346228,1.5202743012182163,4.436202293957595,0.2969478182989172,6.253424413474728,,1337814.0,4140.0,39456.0,5356.0,105628.0,370889.0,129547.0
Nuwara Eliya,Central,2015,October,0.8020109,0.777578067,Healthy,102.9527793,,,,747000,23.8157,26.8544,829,9,111.095874,1.273386228,658.1274031247689,1655.2993634170134,120.71049524346228,1.5202743012182163,4.436202293957595,0.2969478182989172,6.253424413474728,,1337814.0,4140.0,39456.0,5356.0,105628.0,370889.0,129547.0
Nuwara Eliya,Central,2015,November,0.815958013,0.793236477,Healthy,102.6946367,,,,747670,22.8298,18.5085,893,10,119.5344975,1.370110134,658.1274031247689,1655.2993634170134,120.71049524346228,1.5202743012182163,4.436202293957595,0.2969478182989172,6.253424413474728,,1337814.0,4140.0,39456.0,5356.0,105628.0,370889.0,129547.0
Nuwara Eliya,Central,2015,December,0.821329267,0.797640203,Healthy,102.7947467,,,,748330,34.3197,47.199,861,9,115.1637484,1.320012398,658.1274031247689,1655.2993634170134,120.71049524346228,1.5202743012182163,4.436202293957595,0.2969478182989172,6.253424413474728,,1337814.0,4140.0,39456.0,5356.0,105628.0,370889.0,129547.0
Nuwara Eliya,Central,2016,January,0.810257453,0.787591533,Healthy,102.705712,311.0,295.8,5.8,749000,28.2122,29.9503,464,4,62.0241623,0.595916507,,,,,,,,,986656.0,2685.0,26887.0,5271.0,45172.0,340129.0,56945.0
Nuwara Eliya,Central,2016,February,0.794627033,0.773856657,Healthy,102.5210467,308.85,290.5,4.75,749670,31.333,28.7574,438,4,58.52602245,0.562307036,,,,,,,,,986656.0,2685.0,26887.0,5271.0,45172.0,340129.0,56945.0
Nuwara Eliya,Central,2016,March,0.78510973,0.76845832,Healthy,102.034558,314.8777778,295.1666667,13.67777778,750330,33.0079,36.3074,464,4,61.91422116,0.594860213,,,,,,,,,986656.0,2685.0,26887.0,5271.0,45172.0,340129.0,56945.0
Nuwara Eliya,Central,2016,April,0.783274687,0.773969947,Healthy,101.1295087,,,,751000,30.8359,34.5558,412,3,54.98576424,0.528292899,,,,,,,,,986656.0,2685.0,26887.0,5271.0,45172.0,340129.0,56945.0
Nuwara Eliya,Central,2016,May,0.7895885,0.778376583,Healthy,101.35348,,,,751670,26.9102,27.5616,387,3,51.50320571,0.494833131,,,,,,,,,986656.0,2685.0,26887.0,5271.0,45172.0,340129.0,56945.0
Nuwara Eliya,Central,2016,June,0.786452267,0.7738468,Healthy,101.5299853,316.5,287.0,18.6,752330,28.3005,28.1813,438,4,58.31909302,0.560318897,,,,,,,,,986656.0,2685.0,26887.0,5271.0,45172.0,340129.0,56945.0
Nuwara Eliya,Central,2016,July,0.776377557,0.764345547,Healthy,101.477348,309.1111111,292.0222222,10.03333333,753000,28.7177,26.0136,490,4,65.12216716,0.625681556,,,,,,,,,986656.0,2685.0,26887.0,5271.0,45172.0,340129.0,56945.0
Nuwara Eliya,Central,2016,August,0.7681718,0.76049158,Healthy,100.94761,311.9428571,293.6571429,15.41428571,753670,30.526,24.0914,541,5,71.91314566,0.690928002,,,,,,,,,986656.0,2685.0,26887.0,5271.0,45172.0,340129.0,56945.0
Nuwara Eliya,Central,2016,September,0.762608617,0.764563433,Healthy,99.76101167,322.5461538,300.3769231,12.56153846,754330,24.6248,23.6356,619,5,82.11454326,0.788941115,,,,,,,,,986656.0,2685.0,26887.0,5271.0,45172.0,340129.0,56945.0
Nuwara Eliya,Central,2016,October,0.76854252,0.777578067,Healthy,98.90853267,320.0055556,299.7666667,16.63333333,755000,22.8596,30.6446,671,6,88.87847951,0.853927745,,,,,,,,,986656.0,2685.0,26887.0,5271.0,45172.0,340129.0,56945.0
Nuwara Eliya,Central,2016,November,0.78734712,0.793236477,Healthy,99.30066533,,,,755670,27.4024,27.5008,722,6,95.63042155,0.918799136,,,,,,,,,986656.0,2685.0,26887.0,5271.0,45172.0,340129.0,56945.0
Nuwara Eliya,Central,2016,December,0.79896605,0.797640203,Healthy,100.156575,313.4,294.9,7.3,756330,28.5485,28.6423,696,6,92.13457927,0.88521174,,,,,,,,,986656.0,2685.0,26887.0,5271.0,45172.0,340129.0,56945.0
Nuwara Eliya,Central,2017,January,0.79312126,0.787591533,Healthy,100.66084,314.9,301.6166667,12.13333333,757000,29.3672,29.9085,490,1,64.85807262,0.14498824,,,,,,,,,903306.0,3331.0,16742.0,8689.0,39182.0,344380.0,23537.0
Nuwara Eliya,Central,2017,February,0.783421233,0.773856657,Healthy,101.1614117,321.9333333,301.7666667,17.8,757500,33.7038,29.2985,463,1,61.21441412,0.136842953,,,,,,,,,903306.0,3331.0,16742.0,8689.0,39182.0,344380.0,23537.0
Nuwara Eliya,Central,2017,March,0.781579843,0.76845832,Healthy,101.60319,,,,758000,30.0939,28.3013,490,1,64.77250788,0.144796962,,,,,,,,,903306.0,3331.0,16742.0,8689.0,39182.0,344380.0,23537.0
Nuwara Eliya,Central,2017,April,0.786948837,0.773969947,Healthy,101.575415,,,,758500,28.1387,28.3626,436,0,57.537609,0.128623567,,,,,,,,,903306.0,3331.0,16742.0,8689.0,39182.0,344380.0,23537.0
Nuwara Eliya,Central,2017,May,0.790901123,0.778376583,Healthy,101.5119467,,,,759000,27.1646,25.0866,409,0,53.90597384,0.120505158,,,,,,,,,903306.0,3331.0,16742.0,8689.0,39182.0,344380.0,23537.0
Nuwara Eliya,Central,2017,June,0.790172973,0.7738468,Healthy,101.982038,317.3,300.9,7.0,759500,26.2552,27.0967,463,1,61.05321751,0.136482602,,,,,,,,,903306.0,3331.0,16742.0,8689.0,39182.0,344380.0,23537.0
Nuwara Eliya,Central,2017,July,0.782806897,0.764345547,Healthy,102.266975,319.5333333,298.5666667,12.23333333,760000,28.7318,26.1247,518,1,68.19105691,0.152439024,,,,,,,,,903306.0,3331.0,16742.0,8689.0,39182.0,344380.0,23537.0
Nuwara Eliya,Central,2017,August,0.781256317,0.76049158,Healthy,102.5619883,316.7,298.0,6.7,760500,30.4036,26.6702,572,1,75.31951059,0.168374465,,,,,,,,,903306.0,3331.0,16742.0,8689.0,39182.0,344380.0,23537.0
Nuwara Eliya,Central,2017,September,0.791553433,0.764563433,Healthy,103.313179,,,,761000,27.6267,28.3722,654,1,86.02288388,0.192301529,,,,,,,,,903306.0,3331.0,16742.0,8689.0,39182.0,344380.0,23537.0
Nuwara Eliya,Central,2017,October,0.8022925,0.777578067,Healthy,102.9875783,322.45,293.85,14.6,761500,26.0583,28.4052,709,1,93.13026814,0.208189869,,,,,,,,,903306.0,3331.0,16742.0,8689.0,39182.0,344380.0,23537.0
Nuwara Eliya,Central,2017,November,0.811016083,0.793236477,Healthy,102.1093733,,,,762000,25.9774,22.4344,763,1,100.2283251,0.224057359,,,,,,,,,903306.0,3331.0,16742.0,8689.0,39182.0,344380.0,23537.0
Nuwara Eliya,Central,2017,December,0.808337893,0.797640203,Healthy,101.2618847,,,,762500,32.6277,33.4807,736,1,96.58536585,0.215913635,,,,,,,,,903306.0,3331.0,16742.0,8689.0,39182.0,344380.0,23537.0
Nuwara Eliya,Central,2018,January,0.795434467,0.787591533,Healthy,100.93667,311.3,297.2,6.1,763000,30.8578,32.0386,504,4,66.10299524,0.52744302,,,,,,,,,961598.0,2957.0,16931.0,7055.0,80776.0,339763.0,20063.0
Nuwara Eliya,Central,2018,February,0.786763183,0.773856657,Healthy,101.567325,326.85,302.9,28.75,763420,35.373,30.4929,476,3,62.39626005,0.497866575,,,,,,,,,961598.0,2957.0,16931.0,7055.0,80776.0,339763.0,20063.0
Nuwara Eliya,Central,2018,March,0.7845471,0.76845832,Healthy,101.9657467,,,,763830,31.7693,29.8524,504,4,66.03116579,0.526869885,,,,,,,,,961598.0,2957.0,16931.0,7055.0,80776.0,339763.0,20063.0
Nuwara Eliya,Central,2018,April,0.789579833,0.773969947,Healthy,101.8945153,,,,764250,28.0959,29.0983,448,3,58.66211361,0.468071413,,,,,,,,,961598.0,2957.0,16931.0,7055.0,80776.0,339763.0,20063.0
Nuwara Eliya,Central,2018,May,0.793837347,0.778376583,Healthy,101.86639,,,,764670,29.7862,27.101,420,3,54.96552474,0.438575926,,,,,,,,,961598.0,2957.0,16931.0,7055.0,80776.0,339763.0,20063.0
Nuwara Eliya,Central,2018,June,0.785855733,0.7738468,Healthy,101.45713,,,,765080,27.9648,27.8598,476,3,62.2608784,0.49678635,,,,,,,,,961598.0,2957.0,16931.0,7055.0,80776.0,339763.0,20063.0
Nuwara Eliya,Central,2018,July,0.771065487,0.764345547,Healthy,100.8247487,308.02,290.68,7.3,765500,31.629,27.2755,532,4,69.54750867,0.554927169,,,,,,,,,961598.0,2957.0,16931.0,7055.0,80776.0,339763.0,20063.0
Nuwara Eliya,Central,2018,August,0.764987333,0.76049158,Healthy,100.5546867,328.6583333,293.525,63.05833333,765920,33.2831,28.5329,588,4,76.82614754,0.613004224,,,,,,,,,961598.0,2957.0,16931.0,7055.0,80776.0,339763.0,20063.0
Nuwara Eliya,Central,2018,September,0.77601436,0.764563433,Healthy,101.4047067,327.8142857,299.6428571,46.84285714,766330,28.4628,28.6904,672,5,87.75433624,0.700201435,,,,,,,,,961598.0,2957.0,16931.0,7055.0,80776.0,339763.0,20063.0
Nuwara Eliya,Central,2018,October,0.79799078,0.777578067,Healthy,102.4661617,,,,766750,26.4864,28.8221,728,5,95.01512296,0.758136046,,,,,,,,,961598.0,2957.0,16931.0,7055.0,80776.0,339763.0,20063.0
Nuwara Eliya,Central,2018,November,0.809472967,0.793236477,Healthy,101.926528,,,,767170,27.6389,23.8587,784,6,102.2679596,0.816007222,,,,,,,,,961598.0,2957.0,16931.0,7055.0,80776.0,339763.0,20063.0
Nuwara Eliya,Central,2018,December,0.807115497,0.797640203,Healthy,101.1177333,,,,767580,33.9787,35.7436,756,6,98.56285736,0.786443806,,,,,,,,,961598.0,2957.0,16931.0,7055.0,80776.0,339763.0,20063.0
Nuwara Eliya,Central,2019,January,0.79596088,0.787591533,Healthy,100.9994567,,,,768000,31.0245,33.3229,464,4,60.46112805,0.552591463,927.1834524696324,1670.8603445067147,191.0785950052041,2.141793775204851,4.4779057232779955,0.4700533437128021,7.089752842195648,,734606.0,1613.0,13459.0,3738.0,38232.0,284301.0,15490.0
Nuwara Eliya,Central,2019,February,0.782342487,0.773856657,Healthy,101.0297017,316.0,301.4666667,7.7,768420,37.5505,31.4988,438,4,57.07096581,0.521606684,927.1834524696324,1670.8603445067147,191.0785950052041,2.141793775204851,4.4779057232779955,0.4700533437128021,7.089752842195648,,734606.0,1613.0,13459.0,3738.0,38232.0,284301.0,15490.0
Nuwara Eliya,Central,2019,March,0.768682727,0.76845832,Healthy,100.0275033,320.92,303.1,13.78,768830,32.7148,31.5887,464,4,60.39585649,0.551994906,927.1834524696324,1670.8603445067147,191.0785950052041,2.141793775204851,4.4779057232779955,0.4700533437128021,7.089752842195648,,734606.0,1613.0,13459.0,3738.0,38232.0,284301.0,15490.0
Nuwara Eliya,Central,2019,April,0.76534367,0.773969947,Healthy,98.9533,,,,769250,30.6001,31.1166,412,3,53.65589437,0.490394244,927.1834524696324,1670.8603445067147,191.0785950052041,2.141793775204851,4.4779057232779955,0.4700533437128021,7.089752842195648,,734606.0,1613.0,13459.0,3738.0,38232.0,284301.0,15490.0
Nuwara Eliya,Central,2019,May,0.772577583,0.778376583,Healthy,99.299965,313.6333333,296.5333333,34.13333333,769670,30.9383,26.4316,386,3,50.27495154,0.459493727,927.1834524696324,1670.8603445067147,191.0785950052041,2.141793775204851,4.4779057232779955,0.4700533437128021,7.089752842195648,,734606.0,1613.0,13459.0,3738.0,38232.0,284301.0,15490.0
Nuwara Eliya,Central,2019,June,0.774263767,0.7738468,Healthy,100.0510367,312.9,288.9,10.9,770080,29.4434,28.6102,438,4,56.94794248,0.520482298,927.1834524696324,1670.8603445067147,191.0785950052041,2.141793775204851,4.4779057232779955,0.4700533437128021,7.089752842195648,,734606.0,1613.0,13459.0,3738.0,38232.0,284301.0,15490.0
Nuwara Eliya,Central,2019,July,0.769545357,0.764345547,Healthy,100.6387867,323.8666667,294.1,22.36666667,770500,31.5761,29.2251,490,4,63.61300602,0.581398416,927.1834524696324,1670.8603445067147,191.0785950052041,2.141793775204851,4.4779057232779955,0.4700533437128021,7.089752842195648,,734606.0,1613.0,13459.0,3738.0,38232.0,284301.0,15490.0
Nuwara Eliya,Central,2019,August,0.768014917,0.76049158,Healthy,100.928252,,,,770920,32.833,28.9185,541,4,70.27080726,0.64224816,927.1834524696324,1670.8603445067147,191.0785950052041,2.141793775204851,4.4779057232779955,0.4700533437128021,7.089752842195648,,734606.0,1613.0,13459.0,3738.0,38232.0,284301.0,15490.0
Nuwara Eliya,Central,2019,September,0.77500975,0.764563433,Healthy,101.28208,320.25,301.725,9.8,771330,29.3956,28.6263,619,5,80.26680555,0.733607741,927.1834524696324,1670.8603445067147,191.0785950052041,2.141793775204851,4.4779057232779955,0.4700533437128021,7.089752842195648,,734606.0,1613.0,13459.0,3738.0,38232.0,284301.0,15490.0
Nuwara Eliya,Central,2019,October,0.791982733,0.777578067,Healthy,101.7401067,,,,771750,27.3922,29.83,670,6,86.90838318,0.794309206,927.1834524696324,1670.8603445067147,191.0785950052041,2.141793775204851,4.4779057232779955,0.4700533437128021,7.089752842195648,,734606.0,1613.0,13459.0,3738.0,38232.0,284301.0,15490.0
Nuwara Eliya,Central,2019,November,0.80862354,0.793236477,Healthy,101.8247817,,,,772170,27.8032,24.576,722,6,93.54273581,0.854944639,927.1834524696324,1670.8603445067147,191.0785950052041,2.141793775204851,4.4779057232779955,0.4700533437128021,7.089752842195648,,734606.0,1613.0,13459.0,3738.0,38232.0,284301.0,15490.0
Nuwara Eliya,Central,2019,December,0.814974147,0.797640203,Healthy,102.04507,,,,772580,35.5568,35.3149,696,6,90.15405461,0.823973395,927.1834524696324,1670.8603445067147,191.0785950052041,2.141793775204851,4.4779057232779955,0.4700533437128021,7.089752842195648,,734606.0,1613.0,13459.0,3738.0,38232.0,284301.0,15490.0
Nuwara Eliya,Central,2020,January,0.804721827,0.787591533,Healthy,102.044515,314.9,303.9,6.7,773000,23.7877,25.2347,295,2,38.21348563,0.378632506,26.002874294016333,42.51777598332625,5.222214677080351,0.0600666396191777,0.1139476396353143,0.0128466481056176,0.1868609273601097,59.59185498867098,405256.0,578.0,9532.0,3000.0,21021.0,151634.0,7150.0
Nuwara Eliya,Central,2020,February,0.783178707,0.773856657,Healthy,101.130352,316.3166667,298.8666667,14.41666667,773580,27.7148,24.022,278,2,36.06345495,0.357329254,23.45357289264217,38.34936657319621,4.710232845994041,0.0541777533820034,0.1027763024161658,0.0115871728011453,0.1685412285993146,53.74951626429147,405256.0,578.0,9532.0,3000.0,21021.0,151634.0,7150.0
Nuwara Eliya,Central,2020,March,0.767059737,0.76845832,Healthy,99.82916667,323.9625,301.85,15.1875,774170,23.6344,22.962,295,2,38.15573374,0.37806028,95.85373269166804,156.7321938208889,19.25051684884521,0.2214221225177532,0.4200422794399824,0.0473562714481592,0.6888206734058947,219.6719360366695,405256.0,578.0,9532.0,3000.0,21021.0,151634.0,7150.0
Nuwara Eliya,Central,2020,April,0.77145805,0.773969947,Healthy,99.69438,,,,774750,22.945,22.9323,262,2,33.89081713,0.335802003,788.4989234450246,1289.289030553217,158.35598035499532,1.8214325131580071,3.4552946018826214,0.3895557116732885,5.666282826713916,1807.0353674505825,405256.0,578.0,9532.0,3000.0,21021.0,151634.0,7150.0
Nuwara Eliya,Central,2020,May,0.790931033,0.778376583,Healthy,101.51555,,,,775330,22.7877,20.9858,246,2,31.74887294,0.314578875,1148.715211459192,1878.285280204589,230.6990130874908,2.653532138470734,5.0338045509483,0.5675195721952273,8.25485626161426,2632.5578292054065,405256.0,578.0,9532.0,3000.0,21021.0,151634.0,7150.0
Nuwara Eliya,Central,2020,June,0.80021262,0.7738468,Healthy,103.2011773,,,,775920,21.3435,21.7169,278,2,35.95469569,0.356251629,1369.9945730984678,2240.1032170038748,275.1390360257823,3.164687463857461,6.003476621570385,0.6768420286234245,9.84500611405127,3139.6728304815474,405256.0,578.0,9532.0,3000.0,21021.0,151634.0,7150.0
Nuwara Eliya,Central,2020,July,0.7990218,0.764345547,Healthy,104.2586353,,,,776500,23.2072,21.0779,311,3,40.1546443,0.397866181,1224.6843932201416,2002.503880626464,245.95607165386275,2.829020948338528,5.366710400078924,0.6050519362685024,8.800783284685952,2806.659523191916,405256.0,578.0,9532.0,3000.0,21021.0,151634.0,7150.0
Nuwara Eliya,Central,2020,August,0.797072957,0.76049158,Healthy,104.51348,,,,777080,25.7215,22.3511,344,3,44.34832337,0.439418612,1070.7065885771428,1750.7319522546102,215.03236905624968,2.4733322196132006,4.691961632042356,0.5289796278783743,7.694273479533929,2453.782264239393,405256.0,578.0,9532.0,3000.0,21021.0,151634.0,7150.0
Nuwara Eliya,Central,2020,September,0.7957856,0.764563433,Healthy,103.83419,,,,777670,22.1363,22.8964,393,3,50.64534552,0.501811697,1045.2135745634014,1709.0478581533098,209.9125507453866,2.4144433572414576,4.580248259850872,0.516384874833651,7.511076491925978,2395.3588769955986,405256.0,578.0,9532.0,3000.0,21021.0,151634.0,7150.0
Nuwara Eliya,Central,2020,October,0.793973543,0.777578067,Healthy,101.9838117,,,,778250,20.6617,22.6108,426,4,54.82490161,0.543224192,1032.4670675565303,1688.2058111026597,207.35264158995503,2.384998926055586,4.524391573755128,0.5100874983112894,7.419477998122002,2366.147183373701,405256.0,578.0,9532.0,3000.0,21021.0,151634.0,7150.0
Nuwara Eliya,Central,2020,November,0.801641913,0.793236477,Healthy,100.997012,,,,778830,21.8273,18.0837,459,4,58.9982326,0.584575007,994.2275465359186,1625.6796699507097,199.6729141236605,2.296665632497972,4.356821515467903,0.4911953687442047,7.144682516710078,2278.5121025080084,405256.0,578.0,9532.0,3000.0,21021.0,151634.0,7150.0
Nuwara Eliya,Central,2020,December,0.808172387,0.797640203,Healthy,101.24271,,,,779420,27.7338,26.737,443,4,56.84808779,0.563270625,968.734532522177,1583.9955758494093,194.55309581279732,2.237776770126229,4.245108143276418,0.4786006156994815,6.961485529102127,2220.088715264213,405256.0,578.0,9532.0,3000.0,21021.0,151634.0,7150.0
Nuwara Eliya,Central,2021,January,0.805567203,0.787591533,Healthy,102.1472917,,,,780000,27.221,28.0004,181,4,23.23639775,0.572232645,28.14448316358589,50.36923865655518,5.562087165967866,0.0650137561078834,0.1349895595995679,0.0136827344282809,0.2136860501357322,59.83000640675052,33850.0,281.0,771.0,2593.0,3495.0,8011.0,2093.0
Nuwara Eliya,Central,2021,February,0.79446835,0.773856657,Healthy,102.5016967,,,,780250,30.655,27.5692,171,4,21.93845521,0.54026878,25.38522010833236,45.43107800395171,5.016784502637681,0.0586398584502477,0.1217552890505906,0.0123412898764886,0.192736437377327,53.96431950412792,33850.0,281.0,771.0,2593.0,3495.0,8011.0,2093.0
Nuwara Eliya,Central,2021,March,0.78510571,0.76845832,Healthy,102.0340267,,,,780500,27.6919,26.4059,181,4,23.22151216,0.571866065,103.74829087753228,185.67484053788965,20.50338014121488,0.2396585519270996,0.4976085726415443,0.0504383151473885,0.7877054397160324,220.54982753860972,33850.0,281.0,771.0,2593.0,3495.0,8011.0,2093.0
Nuwara Eliya,Central,2021,April,0.787925253,0.773969947,Healthy,101.6936167,,,,780750,25.6926,25.7888,161,3,20.63473469,0.508162622,853.4400629899133,1527.3730898502463,168.66211376802556,1.9714465455067,4.093359880798662,0.4149087998693429,6.479715226174703,1814.2569589811703,33850.0,281.0,771.0,2593.0,3495.0,8011.0,2093.0
Nuwara Eliya,Central,2021,May,0.795505147,0.778376583,Healthy,102.0677367,,,,781000,25.043,22.8113,151,3,19.33887137,0.476249961,1243.3239326972357,2225.135190063114,245.7133800965804,2.8720782845306143,5.963362309369146,0.6044549150375879,9.439895508937346,2643.078518321744,33850.0,281.0,771.0,2593.0,3495.0,8011.0,2093.0
Nuwara Eliya,Central,2021,June,0.7987132,0.7738468,Healthy,103.0190833,,,,781250,24.3554,24.4168,171,4,21.91037398,0.539577236,1482.8279658932404,2653.7675347090926,293.0456512736402,3.425332601213386,7.112096993020369,0.7208923021331549,11.258321896366908,3152.220141469385,33850.0,281.0,771.0,2593.0,3495.0,8011.0,2093.0
Nuwara Eliya,Central,2021,July,0.797025837,0.764345547,Healthy,104.013507,,,,781500,26.6515,23.6375,191,4,24.48023137,0.602863994,1325.54997174379,2372.2923775106965,261.9633994638198,3.062020434728156,6.357743571728668,0.6444299626809968,10.064193969137818,2817.875988019897,33850.0,281.0,771.0,2593.0,3495.0,8011.0,2093.0
Nuwara Eliya,Central,2021,August,0.796495383,0.76049158,Healthy,104.4422183,321.5,297.2,21.3,781750,28.2855,24.0166,211,5,27.04844509,0.666110275,1158.8904832064777,2074.027474093448,229.0271185986768,2.677037016206964,5.558393630570442,0.5634067117527449,8.798837358530148,2463.5884991014923,33850.0,281.0,771.0,2593.0,3495.0,8011.0,2093.0
Nuwara Eliya,Central,2021,September,0.800723567,0.764563433,Healthy,104.4396563,322.22,300.88,10.26,782000,24.4785,25.1711,241,5,30.90262616,0.761025513,1131.2978526539423,2024.6458675674132,223.57409196537492,2.613298039630607,5.426050925080669,0.5499922662348223,8.589341230946097,2404.931630075266,33850.0,281.0,771.0,2593.0,3495.0,8011.0,2093.0
Nuwara Eliya,Central,2021,October,0.808162613,0.777578067,Healthy,103.697015,310.8,270.1,9.9,782250,22.6544,26.8339,261,6,33.46714579,0.824180821,1117.5015373776748,1999.9550643043965,220.84757864872404,2.581428551342429,5.359879572335783,0.5432850434758612,8.48459316715407,2375.603195562153,33850.0,281.0,771.0,2593.0,3495.0,8011.0,2093.0
Nuwara Eliya,Central,2021,November,0.81692642,0.793236477,Healthy,102.810145,,,,782500,22.7535,21.374,281,6,36.03002675,0.887295774,1076.1125915488722,1925.882654515345,212.6680386987713,2.485820086477895,5.161365514101125,0.5231633751989775,8.170348975777996,2287.617892022814,33850.0,281.0,771.0,2593.0,3495.0,8011.0,2093.0
Nuwara Eliya,Central,2021,December,0.817269527,0.797640203,Healthy,102.3156967,311.1,297.2,5.6,782750,28.8833,31.8177,271,6,34.73214355,0.85533337,1048.519960996337,1876.5010479893103,207.2150120654695,2.422081109901539,5.029022808611353,0.509748929681055,7.960852848193944,2228.9610229965883,33850.0,281.0,771.0,2593.0,3495.0,8011.0,2093.0
Nuwara Eliya,Central,2022,January,0.807922393,0.787591533,Healthy,102.4279187,322.4,301.05,18.0,783000,28.5032,30.097,375,5,48.00485936,0.700869078,24.453846519424765,45.27702643907108,3.008610379891226,0.0564883854598712,0.1213424308567105,0.0074011815345324,0.1852319978511141,59.95326072349402,20511.0,404.0,760.0,940.0,1489.0,9060.0,36.0
Nuwara Eliya,Central,2022,February,0.797937923,0.773856657,Healthy,102.9233033,,,,782830,31.9982,29.5844,354,5,45.34776835,0.662075652,22.056410586147816,40.83810227837782,2.713648577941105,0.0509503084540014,0.1094461141060525,0.0066755755017351,0.1670719980617891,54.07549006432794,20511.0,404.0,760.0,940.0,1489.0,9060.0,36.0
Nuwara Eliya,Central,2022,March,0.791168947,0.76845832,Healthy,102.7748337,,,,782670,28.9635,27.1643,375,5,48.02509982,0.701164588,90.14359109121284,166.9035484420659,11.090563753324515,0.2082316954207017,0.4473015098247366,0.0272827868331783,0.6828159920786165,221.00417678464464,20511.0,404.0,760.0,940.0,1489.0,9060.0,36.0
Nuwara Eliya,Central,2022,April,0.794823557,0.773969947,Healthy,102.5308517,,,,782500,27.0324,27.8598,334,4,42.6982519,0.623392815,741.5269341625567,1372.95924290242,91.23168534317216,1.7129272179155064,3.679530770978485,0.2244299459442035,5.616887934838195,1817.9944648800688,20511.0,404.0,760.0,940.0,1489.0,9060.0,36.0
Nuwara Eliya,Central,2022,May,0.798962033,0.778376583,Healthy,102.4850353,,,,782330,27.2713,24.8162,313,4,40.03830958,0.584557761,1080.284631534588,2000.179226808375,132.90978795872414,2.4954574988448988,5.360480327846445,0.3269580783784614,8.182895905069804,2648.523459020236,20511.0,404.0,760.0,940.0,1489.0,9060.0,36.0
Nuwara Eliya,Central,2022,June,0.79302297,0.7738468,Healthy,102.327692,320.8,297.2,15.1,782170,25.1593,26.7869,354,5,45.38603308,0.662634316,1288.3820705430255,2385.4778439565475,158.51247236799452,2.97616258295439,6.3930806218035485,0.3899406820252666,9.759183886783203,3158.713952235852,20511.0,404.0,760.0,940.0,1489.0,9060.0,36.0
Nuwara Eliya,Central,2022,July,0.78894194,0.764345547,Healthy,103.021043,312.95,292.95,9.1,782000,28.6384,25.7388,396,5,50.73659368,0.740752292,1151.7282223462405,2132.459166797033,141.69964965683772,2.6604921936198163,5.7149905670160495,0.3485811381558208,8.724063898791686,2823.681024663385,20511.0,404.0,760.0,940.0,1489.0,9060.0,36.0
Nuwara Eliya,Central,2022,August,0.788688467,0.76049158,Healthy,103.4789903,317.65,294.4,11.15,781830,30.2941,25.3997,438,6,56.08948112,0.818904241,1006.9230919763136,1864.3481474911612,123.88395681905044,2.325992342465285,4.996453035276313,0.3047545337748641,7.627199911516461,2468.6636768497538,20511.0,404.0,760.0,940.0,1489.0,9060.0,36.0
Nuwara Eliya,Central,2022,September,0.792609767,0.764563433,Healthy,103.442918,303.3,292.4,5.2,781670,26.4452,26.0082,501,7,64.11538523,0.936082128,982.948732643544,1819.958905884229,120.93433879954924,2.270611572406588,4.877489867769734,0.2974984734468912,7.445599913623211,2409.885970258093,20511.0,404.0,760.0,940.0,1489.0,9060.0,36.0
Nuwara Eliya,Central,2022,October,0.809109193,0.777578067,Healthy,103.8098933,,,,781500,25.1171,27.6372,542,7,69.47344329,1.014309567,970.9615529771594,1797.7642850807626,119.45952978979864,2.242921187377239,4.818008284016445,0.2938704432829047,7.354799914676587,2380.4971169622627,20511.0,404.0,760.0,940.0,1489.0,9060.0,36.0
Nuwara Eliya,Central,2022,November,0.816391933,0.793236477,Healthy,102.7480167,,,,781330,26.1856,21.3784,584,8,74.83383295,1.092571048,935.0000139780057,1731.1804226703646,115.03510276054686,2.1598500322891936,4.639563532756577,0.2829863527909453,7.082399917836715,2292.330557074771,20511.0,404.0,760.0,940.0,1489.0,9060.0,36.0
Nuwara Eliya,Central,2022,December,0.807655157,0.797640203,Healthy,101.1813,,,,781170,32.6568,32.6584,563,8,72.17597619,1.053766442,911.0256546452362,1686.791181063432,112.08548474104566,2.104469262230496,4.520600365249998,0.2757302924629723,6.9007999199434655,2233.552850483111,20511.0,404.0,760.0,940.0,1489.0,9060.0,36.0
Nuwara Eliya,Central,2023,January,0.796343633,0.787591533,Healthy,101.0457433,,,,781000,28.0636,31.0639,423,6,54.22691359,0.833827801,,,,,,,,,27890.0,685.0,586.0,288.0,1816.0,20200.0,60.0
Nuwara Eliya,Central,2023,February,0.790360303,0.773856657,Healthy,102.0041883,311.7,299.3,5.4,780830,34.2579,30.928,399,6,51.22545751,0.787675487,,,,,,,,,27890.0,685.0,586.0,288.0,1816.0,20200.0,60.0
Nuwara Eliya,Central,2023,March,0.788976407,0.76845832,Healthy,102.5069303,,,,780670,28.9194,29.0494,423,6,54.24983605,0.834180271,,,,,,,,,27890.0,685.0,586.0,288.0,1816.0,20200.0,60.0
Nuwara Eliya,Central,2023,April,0.793885037,0.773969947,Healthy,102.416962,,,,780500,27.7629,27.7338,376,5,48.2325797,0.741655078,,,,,,,,,27890.0,685.0,586.0,288.0,1816.0,20200.0,60.0
Nuwara Eliya,Central,2023,May,0.80066778,0.778376583,Healthy,102.690958,,,,780330,26.9096,24.9194,352,5,45.22789451,0.695453112,,,,,,,,,27890.0,685.0,586.0,288.0,1816.0,20200.0,60.0
Nuwara Eliya,Central,2023,June,0.7992942,0.7738468,Healthy,103.0889073,,,,780170,26.8815,27.5665,399,6,51.26879268,0.788341836,,,,,,,,,27890.0,685.0,586.0,288.0,1816.0,20200.0,60.0
Nuwara Eliya,Central,2023,July,0.78773733,0.764345547,Healthy,102.8718817,315.2571429,292.5714286,21.81428571,780000,29.6519,26.0283,447,6,57.3129039,0.881279967,,,,,,,,,27890.0,685.0,586.0,288.0,1816.0,20200.0,60.0
Nuwara Eliya,Central,2023,August,0.778134457,0.76049158,Healthy,102.176805,314.2962963,293.9185185,16.24074074,779830,30.6637,26.5915,494,7,63.35965031,0.974258617,,,,,,,,,27890.0,685.0,586.0,288.0,1816.0,20200.0,60.0
Nuwara Eliya,Central,2023,September,0.78434826,0.764563433,Healthy,102.4285853,,,,779670,26.9725,26.3534,564,8,72.42588875,1.113666914,,,,,,,,,27890.0,685.0,586.0,288.0,1816.0,20200.0,60.0
Nuwara Eliya,Central,2023,October,0.798072983,0.777578067,Healthy,102.4769967,,,,779500,25.0541,26.8926,611,9,78.47849101,1.206735608,,,,,,,,,27890.0,685.0,586.0,288.0,1816.0,20200.0,60.0
Nuwara Eliya,Central,2023,November,0.808208583,0.793236477,Healthy,101.7763,,,,779330,25.9739,22.835,658,10,84.53373384,1.299844905,,,,,,,,,27890.0,685.0,586.0,288.0,1816.0,20200.0,60.0
Nuwara Eliya,Central,2023,December,0.812155167,0.797640203,Healthy,101.7125467,,,,779170,32.1266,33.8837,635,9,81.53141069,1.253679259,,,,,,,,,27890.0,685.0,586.0,288.0,1816.0,20200.0,60.0
Nuwara Eliya,Central,2024,January,0.80803677,0.787591533,Healthy,102.4418417,,,,779000,29.5176,30.7656,402,5,51.61401421,0.676289176,,,,,,,,,74410.0,146.0,1027.0,715.0,1644.0,65289.0,94.0
Nuwara Eliya,Central,2024,February,0.7941281,0.773856657,Healthy,102.4600283,307.6,293.6,7.05,779000,32.7494,29.995,379,4,48.74656898,0.638717555,,,,,,,,,74410.0,146.0,1027.0,715.0,1644.0,65289.0,94.0
Nuwara Eliya,Central,2024,March,0.78091607,0.76845832,Healthy,101.522177,317.5857143,301.0571429,29.38571429,779000,30.3496,29.6402,402,5,51.61401421,0.676289176,,,,,,,,,74410.0,146.0,1027.0,715.0,1644.0,65289.0,94.0
Nuwara Eliya,Central,2024,April,0.776841943,0.773969947,Healthy,100.3490583,,,,779000,28.6718,30.3527,357,4,45.87912375,0.601145934,,,,,,,,,74410.0,146.0,1027.0,715.0,1644.0,65289.0,94.0
Nuwara Eliya,Central,2024,May,0.784937933,0.778376583,Healthy,100.7920833,,,,779000,27.247,25.7863,335,4,43.01167851,0.563574314,,,,,,,,,74410.0,146.0,1027.0,715.0,1644.0,65289.0,94.0
Nuwara Eliya,Central,2024,June,0.792718363,0.7738468,Healthy,102.2915767,,,,779000,26.9027,27.186,379,4,48.74656898,0.638717555,,,,,,,,,74410.0,146.0,1027.0,715.0,1644.0,65289.0,94.0
Nuwara Eliya,Central,2024,July,0.793047087,0.764345547,Healthy,103.5251933,317.8,298.3,11.0,779000,29.5573,27.3618,424,5,54.48145945,0.713860797,,,,,,,,,74410.0,146.0,1027.0,715.0,1644.0,65289.0,94.0
Nuwara Eliya,Central,2024,August,0.795920083,0.76049158,Healthy,104.3712517,309.35,289.45,10.25,779000,31.665,28.3193,469,6,60.21634992,0.789004039,,,,,,,,,74410.0,146.0,1027.0,715.0,1644.0,65289.0,94.0
Nuwara Eliya,Central,2024,September,0.804151737,0.764563433,Healthy,104.8598367,310.88,293.26,10.34,779000,27.7851,28.0871,536,7,68.81868562,0.901718902,,,,,,,,,74410.0,146.0,1027.0,715.0,1644.0,65289.0,94.0
Nuwara Eliya,Central,2024,October,0.813761487,0.777578067,Healthy,104.3744367,,,,779000,25.733,28.863,580,7,74.55357609,0.976862143,,,,,,,,,74410.0,146.0,1027.0,715.0,1644.0,65289.0,94.0
Nuwara Eliya,Central,2024,November,0.813887317,0.793236477,Healthy,102.45091,,,,779000,25.5898,22.8611,625,8,80.28846656,1.052005385,,,,,,,,,74410.0,146.0,1027.0,715.0,1644.0,65289.0,94.0
Nuwara Eliya,Central,2024,December,0.81090059,0.797640203,Healthy,101.56445,,,,779000,32.3983,35.3322,603,7,77.42102132,1.014433764,,,,,,,,,74410.0,146.0,1027.0,715.0,1644.0,65289.0,94.0
Polonnaruwa,North Central,2014,January,0.805183607,0.786786787,Healthy,102.1974833,,,,416000,30.5159,19.0886,389,2,93.62687617,0.633208255,,,,,,,,,859112.0,3851.0,20799.0,3851.0,38780.0,272885.0,79038.0
Polonnaruwa,North Central,2014,February,0.788455423,0.776217623,Healthy,101.47303,314.3,299.8,6.4,416500,27.6097,17.6026,367,2,88.31923013,0.597312096,,,,,,,,,859112.0,3851.0,20799.0,3851.0,38780.0,272885.0,79038.0
Polonnaruwa,North Central,2014,March,0.716542233,0.727107247,Healthy,98.62609667,318.2,304.2,22.2,417000,30.3692,15.5208,389,2,93.40235129,0.63168977,,,,,,,,,859112.0,3851.0,20799.0,3851.0,38780.0,272885.0,79038.0
Polonnaruwa,North Central,2014,April,0.6765224,0.69618518,Healthy,97.36564,327.9769231,301.4923077,16.86923077,417500,26.3991,14.5202,346,2,82.92488194,0.56082956,,,,,,,,,859112.0,3851.0,20799.0,3851.0,38780.0,272885.0,79038.0
Polonnaruwa,North Central,2014,May,0.696243087,0.692515233,Healthy,100.5026167,,,,418000,22.0245,12.5192,324,2,77.64908391,0.525148792,,,,,,,,,859112.0,3851.0,20799.0,3851.0,38780.0,272885.0,79038.0
Polonnaruwa,North Central,2014,June,0.67563963,0.694172343,Healthy,97.51255167,321.76875,301.25625,10.7625,418500,19.2214,11.0795,367,2,87.89715496,0.594457557,,,,,,,,,859112.0,3851.0,20799.0,3851.0,38780.0,272885.0,79038.0
Polonnaruwa,North Central,2014,July,0.6197879,0.689642257,Healthy,90.55206833,325.3214286,299.2071429,20.32619048,419000,15.4123,10.3052,411,2,98.1207676,0.663600908,,,,,,,,,859112.0,3851.0,20799.0,3851.0,38780.0,272885.0,79038.0
Polonnaruwa,North Central,2014,August,0.611812907,0.675623413,Healthy,91.219245,326.63,296.245,26.59,419500,16.7688,11.248,454,3,108.3200093,0.732579435,,,,,,,,,859112.0,3851.0,20799.0,3851.0,38780.0,272885.0,79038.0
Polonnaruwa,North Central,2014,September,0.65537785,0.66211692,Healthy,99.04994933,320.5125,295.35,18.65,420000,27.245,18.9412,519,3,123.6469222,0.836236934,,,,,,,,,859112.0,3851.0,20799.0,3851.0,38780.0,272885.0,79038.0
Polonnaruwa,North Central,2014,October,0.716076983,0.6956889,Healthy,102.740952,322.14,299.76,15.2,420500,18.6425,12.6524,562,3,133.7915567,0.904846147,,,,,,,,,859112.0,3851.0,20799.0,3851.0,38780.0,272885.0,79038.0
Polonnaruwa,North Central,2014,November,0.73543535,0.737411163,Healthy,99.75617,319.3,303.7,13.2,421000,28.7553,16.8995,605,4,143.9120947,0.973292393,,,,,,,,,859112.0,3851.0,20799.0,3851.0,38780.0,272885.0,79038.0
Polonnaruwa,North Central,2014,December,0.735800833,0.7602516,Healthy,96.98758333,,,,421500,32.4739,19.2858,584,3,138.6077597,0.937418627,,,,,,,,,859112.0,3851.0,20799.0,3851.0,38780.0,272885.0,79038.0
Polonnaruwa,North Central,2015,January,0.76111236,0.786786787,Healthy,96.92925333,,,,422000,21.9065,27.7105,362,3,86.00161831,0.849612762,889.1064331191441,2074.4788569066154,96.28929678380227,2.0538358605052225,5.559603336509729,0.23687167008815357,7.850310867103107,,1337814.0,4140.0,39456.0,5356.0,105628.0,370889.0,129547.0
Polonnaruwa,North Central,2015,February,0.769322687,0.776217623,Healthy,99.17159933,,,,422500,23.5048,29.7822,342,3,81.12762784,0.801462452,889.1064331191441,2074.4788569066154,96.28929678380227,2.0538358605052225,5.559603336509729,0.23687167008815357,7.850310867103107,,1337814.0,4140.0,39456.0,5356.0,105628.0,370889.0,129547.0
Polonnaruwa,North Central,2015,March,0.730755447,0.727107247,Healthy,100.4723267,321.3,303.5,15.275,423000,26.6675,32.235,362,3,85.79830479,0.847604221,889.1064331191441,2074.4788569066154,96.28929678380227,2.0538358605052225,5.559603336509729,0.23687167008815357,7.850310867103107,,1337814.0,4140.0,39456.0,5356.0,105628.0,370889.0,129547.0
Polonnaruwa,North Central,2015,April,0.70262615,0.69618518,Healthy,100.8633383,,,,423500,20.9946,31.5008,322,3,76.1751183,0.752536451,889.1064331191441,2074.4788569066154,96.28929678380227,2.0538358605052225,5.559603336509729,0.23687167008815357,7.850310867103107,,1337814.0,4140.0,39456.0,5356.0,105628.0,370889.0,129547.0
Polonnaruwa,North Central,2015,May,0.705096247,0.692515233,Healthy,101.69486,318.55,296.925,18.725,424000,21.1438,30.9726,302,2,71.32995858,0.704670962,889.1064331191441,2074.4788569066154,96.28929678380227,2.0538358605052225,5.559603336509729,0.23687167008815357,7.850310867103107,,1337814.0,4140.0,39456.0,5356.0,105628.0,370889.0,129547.0
Polonnaruwa,North Central,2015,June,0.72870085,0.694172343,Healthy,104.6394153,325.37,293.79,20.09,424500,21.593,27.124,342,3,80.74540109,0.797686422,889.1064331191441,2074.4788569066154,96.28929678380227,2.0538358605052225,5.559603336509729,0.23687167008815357,7.850310867103107,,1337814.0,4140.0,39456.0,5356.0,105628.0,370889.0,129547.0
Polonnaruwa,North Central,2015,July,0.717162917,0.689642257,Healthy,103.7190253,322.55625,295.825,19.434375,425000,19.5302,23.9439,383,3,90.13868962,0.890483022,889.1064331191441,2074.4788569066154,96.28929678380227,2.0538358605052225,5.559603336509729,0.23687167008815357,7.850310867103107,,1337814.0,4140.0,39456.0,5356.0,105628.0,370889.0,129547.0
Polonnaruwa,North Central,2015,August,0.692266053,0.675623413,Healthy,102.2939253,323.8928571,296.8642857,22.77857143,425500,18.3551,20.5419,423,4,99.50990227,0.983061534,889.1064331191441,2074.4788569066154,96.28929678380227,2.0538358605052225,5.559603336509729,0.23687167008815357,7.850310867103107,,1337814.0,4140.0,39456.0,5356.0,105628.0,370889.0,129547.0
Polonnaruwa,North Central,2015,September,0.695832997,0.66211692,Healthy,104.7326647,322.8545455,297.7863636,14.10909091,426000,22.6807,27.977,483,4,113.5921218,1.122180236,889.1064331191441,2074.4788569066154,96.28929678380227,2.0538358605052225,5.559603336509729,0.23687167008815357,7.850310867103107,,1337814.0,4140.0,39456.0,5356.0,105628.0,370889.0,129547.0
Polonnaruwa,North Central,2015,October,0.744624413,0.6956889,Healthy,106.5702167,322.26,297.92,15.58,426500,23.6732,27.9012,524,5,122.9138669,1.214270056,889.1064331191441,2074.4788569066154,96.28929678380227,2.0538358605052225,5.559603336509729,0.23687167008815357,7.850310867103107,,1337814.0,4140.0,39456.0,5356.0,105628.0,370889.0,129547.0
Polonnaruwa,North Central,2015,November,0.76292412,0.737411163,Healthy,103.2480967,,,,427000,19.0459,20.1554,564,5,132.2137812,1.306144209,889.1064331191441,2074.4788569066154,96.28929678380227,2.0538358605052225,5.559603336509729,0.23687167008815357,7.850310867103107,,1337814.0,4140.0,39456.0,5356.0,105628.0,370889.0,129547.0
Polonnaruwa,North Central,2015,December,0.771449123,0.7602516,Healthy,101.3827117,,,,427500,27.3641,34.043,544,5,127.3427471,1.258023107,889.1064331191441,2074.4788569066154,96.28929678380227,2.0538358605052225,5.559603336509729,0.23687167008815357,7.850310867103107,,1337814.0,4140.0,39456.0,5356.0,105628.0,370889.0,129547.0
Polonnaruwa,North Central,2016,January,0.794793947,0.786786787,Healthy,100.9580353,,,,428000,28.8714,39.3426,294,2,68.69158879,0.666742649,,,,,,,,,986656.0,2685.0,26887.0,5271.0,45172.0,340129.0,56945.0
Polonnaruwa,North Central,2016,February,0.777095683,0.776217623,Healthy,100.1038863,,,,428420,29.8452,40.0817,277,2,64.81178905,0.629084065,,,,,,,,,986656.0,2685.0,26887.0,5271.0,45172.0,340129.0,56945.0
Polonnaruwa,North Central,2016,March,0.716017783,0.727107247,Healthy,98.56156167,319.8,303.6,9.2,428830,26.5021,37.2249,294,2,68.55863629,0.665452169,,,,,,,,,986656.0,2685.0,26887.0,5271.0,45172.0,340129.0,56945.0
Polonnaruwa,North Central,2016,April,0.677115793,0.69618518,Healthy,97.44458333,326.1142857,301.5,23.76428571,429250,25.1023,30.151,261,2,60.88138226,0.590934273,,,,,,,,,986656.0,2685.0,26887.0,5271.0,45172.0,340129.0,56945.0
Polonnaruwa,North Central,2016,May,0.693657467,0.692515233,Healthy,100.1547467,320.8,298.22,22.7,429670,23.6252,34.221,245,2,57.02050411,0.553459348,,,,,,,,,986656.0,2685.0,26887.0,5271.0,45172.0,340129.0,56945.0
Polonnaruwa,North Central,2016,June,0.728088493,0.694172343,Healthy,104.5562963,315.0,289.0,6.6,430080,21.3653,31.4498,277,2,64.56163194,0.62665596,,,,,,,,,986656.0,2685.0,26887.0,5271.0,45172.0,340129.0,56945.0
Polonnaruwa,North Central,2016,July,0.748079,0.689642257,Healthy,107.9025267,317.975,299.975,10.5875,430500,22.0621,31.737,310,3,72.08672087,0.699696892,,,,,,,,,986656.0,2685.0,26887.0,5271.0,45172.0,340129.0,56945.0
Polonnaruwa,North Central,2016,August,0.726041087,0.675623413,Healthy,106.9366333,317.7,292.3923077,12.75384615,430920,22.6626,33.6123,343,3,79.597141,0.772595445,,,,,,,,,986656.0,2685.0,26887.0,5271.0,45172.0,340129.0,56945.0
Polonnaruwa,North Central,2016,September,0.6407523,0.66211692,Healthy,97.00542667,326.0770833,299.7802083,26.91770833,431330,19.9223,26.7555,392,3,90.88169151,0.882126921,,,,,,,,,986656.0,2685.0,26887.0,5271.0,45172.0,340129.0,56945.0
Polonnaruwa,North Central,2016,October,0.628454567,0.6956889,Healthy,90.971943,329.1492063,304.4984127,22.63968254,431750,22.604,30.1142,424,4,98.35939008,0.954707868,,,,,,,,,986656.0,2685.0,26887.0,5271.0,45172.0,340129.0,56945.0
Polonnaruwa,North Central,2016,November,0.720870967,0.737411163,Healthy,97.8834,,,,432170,23.4893,32.1009,457,4,105.8225544,1.027147741,,,,,,,,,986656.0,2685.0,26887.0,5271.0,45172.0,340129.0,56945.0
Polonnaruwa,North Central,2016,December,0.76105603,0.7602516,Healthy,100.10324,,,,432580,28.022,34.8901,441,4,101.9464608,0.989525129,,,,,,,,,986656.0,2685.0,26887.0,5271.0,45172.0,340129.0,56945.0
Polonnaruwa,North Central,2017,January,0.781789917,0.786786787,Healthy,99.40175667,,,,433000,25.6488,36.9897,276,3,63.91032502,0.86182617,,,,,,,,,903306.0,3331.0,16742.0,8689.0,39182.0,344380.0,23537.0
Polonnaruwa,North Central,2017,February,0.790650267,0.776217623,Healthy,101.7579267,,,,433250,26.3056,40.1439,261,3,60.32492177,0.813477263,,,,,,,,,903306.0,3331.0,16742.0,8689.0,39182.0,344380.0,23537.0
Polonnaruwa,North Central,2017,March,0.75844252,0.727107247,Healthy,104.029272,,,,433500,26.9168,36.2724,276,3,63.83661068,0.860832138,,,,,,,,,903306.0,3331.0,16742.0,8689.0,39182.0,344380.0,23537.0
Polonnaruwa,North Central,2017,April,0.69656032,0.69618518,Healthy,100.0461883,324.75,304.525,10.925,433750,22.2566,33.9017,245,3,56.71094867,0.764743094,,,,,,,,,903306.0,3331.0,16742.0,8689.0,39182.0,344380.0,23537.0
Polonnaruwa,North Central,2017,May,0.68143818,0.692515233,Healthy,98.50844133,322.5111111,295.3666667,18.03333333,434000,21.0282,32.7092,230,3,53.1358885,0.716533663,,,,,,,,,903306.0,3331.0,16742.0,8689.0,39182.0,344380.0,23537.0
Polonnaruwa,North Central,2017,June,0.6857238,0.694172343,Healthy,98.86515,325.0105263,300.3947368,16.25789474,434250,19.1048,28.1927,261,3,60.18600428,0.811603971,,,,,,,,,903306.0,3331.0,16742.0,8689.0,39182.0,344380.0,23537.0
Polonnaruwa,North Central,2017,July,0.682398247,0.689642257,Healthy,99.02158333,323.4222222,298.6037037,20.48148148,434500,17.455,27.3563,292,3,67.22800715,0.906564877,,,,,,,,,903306.0,3331.0,16742.0,8689.0,39182.0,344380.0,23537.0
Polonnaruwa,North Central,2017,August,0.704944533,0.675623413,Healthy,104.0581433,320.975,298.875,14.475,434750,18.5088,28.5009,322,4,74.26191111,1.00141657,,,,,,,,,903306.0,3331.0,16742.0,8689.0,39182.0,344380.0,23537.0
Polonnaruwa,North Central,2017,September,0.7326313,0.66211692,Healthy,109.90202,,,,435000,22.1048,33.5861,368,4,84.82197925,1.143818335,,,,,,,,,903306.0,3331.0,16742.0,8689.0,39182.0,344380.0,23537.0
Polonnaruwa,North Central,2017,October,0.749891353,0.6956889,Healthy,107.2976133,321.2777778,294.5777778,11.8,435250,20.9269,30.7432,399,5,91.83769724,1.238424791,,,,,,,,,903306.0,3331.0,16742.0,8689.0,39182.0,344380.0,23537.0
Polonnaruwa,North Central,2017,November,0.758253437,0.737411163,Healthy,102.6544863,,,,435500,22.1697,30.2873,430,5,98.84536044,1.332922629,,,,,,,,,903306.0,3331.0,16742.0,8689.0,39182.0,344380.0,23537.0
Polonnaruwa,North Central,2017,December,0.756154877,0.7602516,Healthy,99.50141833,,,,435750,27.4546,37.9596,415,5,95.26048445,1.284580832,,,,,,,,,903306.0,3331.0,16742.0,8689.0,39182.0,344380.0,23537.0
Polonnaruwa,North Central,2018,January,0.77238534,0.786786787,Healthy,98.27839667,,,,436000,26.8755,40.0168,296,3,68.0857015,0.72163795,,,,,,,,,961598.0,2957.0,16931.0,7055.0,80776.0,339763.0,20063.0
Polonnaruwa,North Central,2018,February,0.77579913,0.776217623,Healthy,99.95706667,324.8,306.4,12.2,436330,26.528,40.0312,280,2,64.25452951,0.681031493,,,,,,,,,961598.0,2957.0,16931.0,7055.0,80776.0,339763.0,20063.0
Polonnaruwa,North Central,2018,March,0.74150168,0.727107247,Healthy,101.8573067,,,,436670,27.5203,37.5018,296,3,67.98123492,0.720530713,,,,,,,,,961598.0,2957.0,16931.0,7055.0,80776.0,339763.0,20063.0
Polonnaruwa,North Central,2018,April,0.710441967,0.69618518,Healthy,101.9104667,,,,437000,23.6977,35.0924,263,2,60.38213243,0.639988093,,,,,,,,,961598.0,2957.0,16931.0,7055.0,80776.0,339763.0,20063.0
Polonnaruwa,North Central,2018,May,0.711996543,0.692515233,Healthy,102.623878,319.3,300.0,10.8,437330,21.5464,33.1012,247,2,56.56553376,0.599536098,,,,,,,,,961598.0,2957.0,16931.0,7055.0,80776.0,339763.0,20063.0
Polonnaruwa,North Central,2018,June,0.717533583,0.694172343,Healthy,103.1391187,322.2444444,295.5333333,22.81666667,437670,20.6222,30.4301,280,2,64.05780351,0.678946402,,,,,,,,,961598.0,2957.0,16931.0,7055.0,80776.0,339763.0,20063.0
Polonnaruwa,North Central,2018,July,0.712254,0.689642257,Healthy,103.0554467,318.2,292.7529412,13.88823529,438000,18.5594,30.0825,313,3,71.54007499,0.758250733,,,,,,,,,961598.0,2957.0,16931.0,7055.0,80776.0,339763.0,20063.0
Polonnaruwa,North Central,2018,August,0.676031597,0.675623413,Healthy,100.0525667,322.9846154,295.0653846,19.64615385,438330,19.3964,29.6872,346,3,79.0110803,0.837435655,,,,,,,,,961598.0,2957.0,16931.0,7055.0,80776.0,339763.0,20063.0
Polonnaruwa,North Central,2018,September,0.67654223,0.66211692,Healthy,102.02299,328.3793103,300.1586207,16.8,438670,23.3625,34.9135,395,4,90.22838992,0.956327524,,,,,,,,,961598.0,2957.0,16931.0,7055.0,80776.0,339763.0,20063.0
Polonnaruwa,North Central,2018,October,0.730706013,0.6956889,Healthy,104.7074933,,,,439000,21.0386,32.7859,428,4,97.67394485,1.035242699,,,,,,,,,961598.0,2957.0,16931.0,7055.0,80776.0,339763.0,20063.0
Polonnaruwa,North Central,2018,November,0.744857767,0.737411163,Healthy,100.952242,,,,439330,24.3626,33.4355,461,4,105.1083144,1.11403932,,,,,,,,,961598.0,2957.0,16931.0,7055.0,80776.0,339763.0,20063.0
Polonnaruwa,North Central,2018,December,0.762962943,0.7602516,Healthy,100.3311867,,,,439670,28.5641,39.8303,445,4,101.2760679,1.073421474,,,,,,,,,961598.0,2957.0,16931.0,7055.0,80776.0,339763.0,20063.0
Polonnaruwa,North Central,2019,January,0.79706895,0.786786787,Healthy,101.22923,315.6,289.2,16.0,440000,27.8726,42.406,329,3,74.78381375,0.814855876,1252.5914714359396,2093.980420778828,152.42107578449807,2.8934862990170203,5.61186752768726,0.37495584642986524,8.880309673134146,,734606.0,1613.0,13459.0,3738.0,38232.0,284301.0,15490.0
Polonnaruwa,North Central,2019,February,0.773859767,0.776217623,Healthy,99.705595,,,,440250,27.5015,43.7095,310,3,70.58905001,0.769149088,1252.5914714359396,2093.980420778828,152.42107578449807,2.8934862990170203,5.61186752768726,0.37495584642986524,8.880309673134146,,734606.0,1613.0,13459.0,3738.0,38232.0,284301.0,15490.0
Polonnaruwa,North Central,2019,March,0.692281303,0.727107247,Healthy,95.49128867,323.6892857,307.9,21.15,440500,29.2125,39.5807,329,3,74.6989286,0.813930954,1252.5914714359396,2093.980420778828,152.42107578449807,2.8934862990170203,5.61186752768726,0.37495584642986524,8.880309673134146,,734606.0,1613.0,13459.0,3738.0,38232.0,284301.0,15490.0
Polonnaruwa,North Central,2019,April,0.634445087,0.69618518,Healthy,91.72463533,324.4333333,302.9025641,26.58205128,440750,23.9822,35.8299,292,3,66.36138511,0.723083805,1252.5914714359396,2093.980420778828,152.42107578449807,2.8934862990170203,5.61186752768726,0.37495584642986524,8.880309673134146,,734606.0,1613.0,13459.0,3738.0,38232.0,284301.0,15490.0
Polonnaruwa,North Central,2019,May,0.643270383,0.692515233,Healthy,93.368738,323.875,302.15,25.525,441000,22.4406,36.3205,274,2,62.17852995,0.677506775,1252.5914714359396,2093.980420778828,152.42107578449807,2.8934862990170203,5.61186752768726,0.37495584642986524,8.880309673134146,,734606.0,1613.0,13459.0,3738.0,38232.0,284301.0,15490.0
Polonnaruwa,North Central,2019,June,0.68179711,0.694172343,Healthy,98.33586533,326.3130435,299.1347826,21.34347826,441250,21.1202,30.8192,310,3,70.42907483,0.767405974,1252.5914714359396,2093.980420778828,152.42107578449807,2.8934862990170203,5.61186752768726,0.37495584642986524,8.880309673134146,,734606.0,1613.0,13459.0,3738.0,38232.0,284301.0,15490.0
Polonnaruwa,North Central,2019,July,0.690451133,0.689642257,Healthy,100.1091267,323.5,296.9833333,16.33333333,441500,19.4886,29.3042,347,3,78.67027594,0.857203363,1252.5914714359396,2093.980420778828,152.42107578449807,2.8934862990170203,5.61186752768726,0.37495584642986524,8.880309673134146,,734606.0,1613.0,13459.0,3738.0,38232.0,284301.0,15490.0
Polonnaruwa,North Central,2019,August,0.659074143,0.675623413,Healthy,97.712458,323.6,292.25,20.8,441750,20.0285,29.8782,383,4,86.90214916,0.946899112,1252.5914714359396,2093.980420778828,152.42107578449807,2.8934862990170203,5.61186752768726,0.37495584642986524,8.880309673134146,,734606.0,1613.0,13459.0,3738.0,38232.0,284301.0,15490.0
Polonnaruwa,North Central,2019,September,0.65688447,0.66211692,Healthy,99.261185,328.1537037,300.0185185,21.16111111,442000,23.4449,36.6607,438,4,99.26056727,1.081558327,1252.5914714359396,2093.980420778828,152.42107578449807,2.8934862990170203,5.61186752768726,0.37495584642986524,8.880309673134146,,734606.0,1613.0,13459.0,3738.0,38232.0,284301.0,15490.0
Polonnaruwa,North Central,2019,October,0.729997973,0.6956889,Healthy,104.5966867,,,,442250,21.662,33.8615,475,5,107.4714942,1.171025843,1252.5914714359396,2093.980420778828,152.42107578449807,2.8934862990170203,5.61186752768726,0.37495584642986524,8.880309673134146,,734606.0,1613.0,13459.0,3738.0,38232.0,284301.0,15490.0
Polonnaruwa,North Central,2019,November,0.755743667,0.737411163,Healthy,102.3359733,,,,442500,23.4127,33.6755,511,5,115.6731432,1.260392265,1252.5914714359396,2093.980420778828,152.42107578449807,2.8934862990170203,5.61186752768726,0.37495584642986524,8.880309673134146,,734606.0,1613.0,13459.0,3738.0,38232.0,284301.0,15490.0
Polonnaruwa,North Central,2019,December,0.753141087,0.7602516,Healthy,99.12717033,,,,442750,28.0765,43.6875,493,5,111.478977,1.214691989,1252.5914714359396,2093.980420778828,152.42107578449807,2.8934862990170203,5.61186752768726,0.37495584642986524,8.880309673134146,,734606.0,1613.0,13459.0,3738.0,38232.0,284301.0,15490.0
Polonnaruwa,North Central,2020,January,0.786310043,0.786786787,Healthy,99.94030333,,,,443000,20.2136,30.2169,185,1,41.9369047,0.297307713,35.12894722910564,53.28475879917424,4.165697256861782,0.081147868099234,0.1428031535817869,0.0102476152518799,0.2341986369329009,48.75697226345808,405256.0,578.0,9532.0,3000.0,21021.0,151634.0,7150.0
Polonnaruwa,North Central,2020,February,0.773987043,0.776217623,Healthy,99.722178,319.65,300.0,12.85,443420,21.2894,31.7823,175,1,39.5695615,0.280524658,31.684932794879582,48.06076283847087,3.7572955650125865,0.0731921947561718,0.1288028444071019,0.0092429470899309,0.2112379862532047,43.97687694351121,405256.0,578.0,9532.0,3000.0,21021.0,151634.0,7150.0
Polonnaruwa,North Central,2020,March,0.700643937,0.727107247,Healthy,96.57661333,321.1,305.5,7.9,443830,20.8411,29.7429,185,1,41.8584791,0.296751723,129.49494272689918,196.42224812244615,15.355903613529703,0.2991333176991372,0.5264116249681557,0.037775522889283,0.8633204655565759,179.73158403000232,405256.0,578.0,9532.0,3000.0,21021.0,151634.0,7150.0
Polonnaruwa,North Central,2020,April,0.6653974,0.69618518,Healthy,95.87652,322.4285714,301.8619048,14.28571429,444250,18.1938,26.9173,165,1,37.17236047,0.263529928,1065.233664506115,1615.781950645548,126.3186432889558,2.460689765009126,4.330295627730069,0.3107438624908312,7.101729255230025,1478.4834824595673,405256.0,578.0,9532.0,3000.0,21021.0,151634.0,7150.0
Polonnaruwa,North Central,2020,May,0.722938783,0.692515233,Healthy,104.0995567,320.85,299.95,13.7,444670,17.0495,26.0286,154,1,34.81617226,0.246825955,1551.8729040622547,2353.932579892932,184.02580234724692,3.584826408383809,6.308539314113059,0.4527034737742275,10.346069196271095,2153.91095116806,405256.0,578.0,9532.0,3000.0,21021.0,151634.0,7150.0
Polonnaruwa,North Central,2020,June,0.7808994,0.694172343,Healthy,111.6530317,321.3833333,296.5,12.58333333,445080,15.1494,24.5686,175,1,39.42198023,0.279478395,1850.8133569530748,2807.375429281982,219.47506919975692,4.275378854561604,7.523766150475714,0.5399086702314021,12.33905367526872,2568.823224939448,405256.0,578.0,9532.0,3000.0,21021.0,151634.0,7150.0
Polonnaruwa,North Central,2020,July,0.779519797,0.689642257,Healthy,112.148735,328.8333333,293.5666667,28.71666667,445500,14.88,23.3746,196,1,44.01832234,0.312063727,1654.5045342021908,2509.607659521892,196.19617276435287,3.821905474007061,6.725748527518671,0.4826425850003082,11.03029658652604,2296.3577917024763,405256.0,578.0,9532.0,3000.0,21021.0,151634.0,7150.0
Polonnaruwa,North Central,2020,August,0.714137613,0.675623413,Healthy,105.29289,323.6090909,300.25,13.46363636,445920,15.0778,23.0407,216,1,48.60600611,0.344587676,1446.4860623749378,2194.0783034954093,171.52871057666158,3.3413828040861064,5.880129853367697,0.4219606280185874,9.64347328547239,2007.6400343776857,405256.0,578.0,9532.0,3000.0,21021.0,151634.0,7150.0
Polonnaruwa,North Central,2020,September,0.6629373,0.66211692,Healthy,100.118433,325.2947368,298.2947368,16.20526316,446330,17.432,28.6981,247,1,55.49869314,0.393452728,1412.0459180326773,2141.838343888376,167.44469365816963,3.2618260706554847,5.740126761620847,0.4119139463990973,9.413866778675429,1959.839081178217,405256.0,578.0,9532.0,3000.0,21021.0,151634.0,7150.0
Polonnaruwa,North Central,2020,October,0.648542233,0.6956889,Healthy,93.70120667,327.7666667,300.95,19.6,446750,16.7229,24.4766,268,1,60.06706066,0.425839737,1394.825845861547,2115.718364084859,165.40268519892365,3.222047703940174,5.670125215747421,0.4068906055893522,9.299063525276948,1935.9386045784825,405256.0,578.0,9532.0,3000.0,21021.0,151634.0,7150.0
Polonnaruwa,North Central,2020,November,0.707421833,0.737411163,Healthy,96.17364667,,,,447170,18.6413,25.4612,288,2,64.62684659,0.458165907,1343.1656293481567,2037.358424674309,159.27665982118577,3.1027126037942425,5.460120578127148,0.391820583160117,8.954653765081506,1864.23717477928,405256.0,578.0,9532.0,3000.0,21021.0,151634.0,7150.0
Polonnaruwa,North Central,2020,December,0.789716343,0.7602516,Healthy,103.6249487,,,,447580,22.5552,33.0797,278,1,62.26165863,0.441398131,1308.7254850058962,1985.1184650672756,155.19264290269382,3.0231558703636208,5.320117486380298,0.3817739015406268,8.725047258284546,1816.4362215798108,405256.0,578.0,9532.0,3000.0,21021.0,151634.0,7150.0
Polonnaruwa,North Central,2021,January,0.81619565,0.786786787,Healthy,103.519605,,,,448000,23.8363,34.6686,133,1,29.90527003,0.277656794,38.02218372726484,63.124485480263765,4.436809415627547,0.0878312444099817,0.1691736210871069,0.0109145511624437,0.2679194166595324,48.95182342370497,33850.0,281.0,771.0,2593.0,3495.0,8011.0,2093.0
Polonnaruwa,North Central,2021,February,0.76198532,0.776217623,Healthy,98.26165733,,,,448080,23.9083,37.3486,126,1,28.2388235,0.262184598,34.294518655964346,56.93581043317906,4.001828100369942,0.0792203380952776,0.1525879719609199,0.00984449712691,0.2416528071831076,44.152625048831936,33850.0,281.0,771.0,2593.0,3495.0,8011.0,2093.0
Polonnaruwa,North Central,2021,March,0.699874677,0.727107247,Healthy,96.50255467,320.1,299.5,8.1,448170,24.0694,33.4657,133,1,29.89392636,0.277551474,140.1602066808978,232.694181770384,16.355297453685854,0.3237700774328739,0.6236204071446293,0.0402340317360672,0.9876245163135704,180.44985889522616,33850.0,281.0,771.0,2593.0,3495.0,8011.0,2093.0
Polonnaruwa,North Central,2021,April,0.695013767,0.69618518,Healthy,99.846815,,,,448250,19.8693,31.1785,119,1,26.56763656,0.24666839,1152.9668065532364,1914.157192063292,134.53972080917646,2.663353323137976,5.129941274729624,0.3309677131905741,8.124262311058175,1484.3920573482303,33850.0,281.0,771.0,2593.0,3495.0,8011.0,2093.0
Polonnaruwa,North Central,2021,May,0.736692233,0.692515233,Healthy,105.9508733,,,,448330,19.3931,30.1892,111,1,24.90271484,0.231210351,1679.6858811279935,2788.6169762163577,196.0025806550757,3.880074385405664,7.47349349625984,0.4821663484114862,11.83573423007699,2162.51878771779,33850.0,281.0,771.0,2593.0,3495.0,8011.0,2093.0
Polonnaruwa,North Central,2021,June,0.76432612,0.694172343,Healthy,109.4267933,324.5333333,300.9,22.06666667,448420,18.1929,26.52,126,1,28.21741232,0.261985805,2003.247209316874,3325.793970303307,233.75895881943555,4.6275010535219785,8.913127840412864,0.5750470386958114,14.115675932630657,2579.0892066567694,33850.0,281.0,771.0,2593.0,3495.0,8011.0,2093.0
Polonnaruwa,North Central,2021,July,0.75184021,0.689642257,Healthy,108.4055847,324.78,298.14,32.58,448500,16.2638,25.2822,141,1,31.53148254,0.292755436,1790.7703002527471,2973.039492619481,208.96502384975224,4.136679393583846,7.967745840220211,0.5140539586703905,12.618479192474448,2305.5348992890067,33850.0,281.0,771.0,2593.0,3495.0,8011.0,2093.0
Polonnaruwa,North Central,2021,August,0.690108623,0.675623413,Healthy,101.98507,312.7,281.5142857,9.114285714,448580,16.4911,26.034,156,1,34.84437069,0.323514092,1565.6193299461986,2599.243519775566,182.69215240819304,3.616580652175719,6.965972632998518,0.4494226949241548,11.031975980098393,2015.663317446676,33850.0,281.0,771.0,2593.0,3495.0,8011.0,2093.0
Polonnaruwa,North Central,2021,September,0.668214653,0.66211692,Healthy,100.8545817,326.375,298.515,14.67,448670,20.7613,30.7568,178,1,39.8141499,0.369656225,1528.3426792331938,2537.356769304719,178.34233925561702,3.5304715890286777,6.800116141736648,0.4387221545688178,10.769309885334144,1967.6713336979449,33850.0,281.0,771.0,2593.0,3495.0,8011.0,2093.0
Polonnaruwa,North Central,2021,October,0.7211408,0.6956889,Healthy,103.4097387,318.5,299.7,8.3,448750,18.6227,28.5947,193,1,43.12430645,0.400389519,1509.7043538766916,2506.4133940692955,176.167432679329,3.4874170574551573,6.717187896105714,0.4333718843911492,10.63797683795202,1943.67534182358,33850.0,281.0,771.0,2593.0,3495.0,8011.0,2093.0
Polonnaruwa,North Central,2021,November,0.75741376,0.737411163,Healthy,102.5447333,,,,448830,20.4749,29.2493,208,1,46.43328299,0.431111857,1453.7893778071848,2413.583268363026,169.642712950465,3.3582534627345964,6.468403159212911,0.4173210738581439,10.243977695805652,1871.687366200484,33850.0,281.0,771.0,2593.0,3495.0,8011.0,2093.0
Polonnaruwa,North Central,2021,December,0.765203417,0.7602516,Healthy,100.6141667,,,,448920,26.1091,36.8234,200,1,44.76597493,0.415631662,1416.51272709418,2351.696517892179,165.29289979788896,3.2721443995875554,6.302546667951042,0.4066205335028068,9.981311601041403,1823.695382451754,33850.0,281.0,771.0,2593.0,3495.0,8011.0,2093.0
Polonnaruwa,North Central,2022,January,0.788560317,0.786786787,Healthy,100.2122967,313.1,296.6,9.5,449000,25.2788,37.2893,286,2,63.86550057,0.619262317,33.03626646101963,56.742747642676576,2.399931979335198,0.0763137755249553,0.1520705636823732,0.0059038326691645,0.2342881718764932,49.05266786467693,20511.0,404.0,760.0,940.0,1489.0,9060.0,36.0
Polonnaruwa,North Central,2022,February,0.77524481,0.776217623,Healthy,99.882157,313.4,298.4,6.0,448670,25.0913,37.4926,270,2,60.3617811,0.585289023,29.79741680797848,51.179733167904345,2.164644530380766,0.0688320328264302,0.1371616848899836,0.0053250255447366,0.2113187432611506,44.24358277990467,20511.0,404.0,760.0,940.0,1489.0,9060.0,36.0
Polonnaruwa,North Central,2022,March,0.72856695,0.727107247,Healthy,100.1934917,319.2,293.4,11.5,448330,26.3123,36.3466,286,2,63.9609434,0.620187765,121.78074695434684,209.1693442514352,8.84680808068661,0.2813135254645412,0.5605738425938463,0.021763147878489,0.8636505159368767,180.8215991874365,20511.0,404.0,760.0,940.0,1489.0,9060.0,36.0
Polonnaruwa,North Central,2022,April,0.717198277,0.69618518,Healthy,102.81853,,,,448000,22.575,32.171,254,2,56.8960511,0.551684088,1001.7761976856244,1720.6403770470454,72.77440796160555,2.314103016653793,4.611316210486082,0.1790250435855496,7.104444270725425,1487.4500167200565,20511.0,404.0,760.0,940.0,1489.0,9060.0,36.0
Polonnaruwa,North Central,2022,May,0.710788793,0.692515233,Healthy,102.4604317,320.49,297.36,12.89,447670,19.6453,31.4798,238,2,53.37936753,0.51758509,1459.4256536603375,2506.694322332359,106.02052449886666,3.37127325995538,6.717940783850723,0.260810490267212,10.350024534073317,2166.9737391983745,20511.0,404.0,760.0,940.0,1489.0,9060.0,36.0
Polonnaruwa,North Central,2022,June,0.696862067,0.694172343,Healthy,100.3612667,316.0928571,290.4928571,15.94285714,447330,19.0412,28.5442,270,2,60.54259791,0.587042286,1740.557803544308,2989.563978742586,126.44347506811124,4.020688526187351,8.012031463030132,0.3110509486675537,12.343770937885038,2584.402324556606,20511.0,404.0,760.0,940.0,1489.0,9060.0,36.0
Polonnaruwa,North Central,2022,July,0.7239201,0.689642257,Healthy,104.6396233,319.8391304,295.0826087,11.93478261,447000,17.1822,25.9473,302,2,67.71521071,0.656590459,1555.9433733209637,2672.472153680571,113.0320904777087,3.5942291923714254,7.16222537186393,0.2780589425751634,11.03451350681052,2310.284474724588,20511.0,404.0,760.0,940.0,1489.0,9060.0,36.0
Polonnaruwa,North Central,2022,August,0.758967503,0.675623413,Healthy,111.4958953,318.375,294.35,21.1,446670,18.316,26.1363,334,3,74.89842176,0.726241395,1360.3168542772785,2336.4660794043293,98.82072856086106,3.1423319333805133,6.261729092803602,0.2430989922597182,9.647160018443834,2019.815735604344,20511.0,404.0,760.0,940.0,1489.0,9060.0,36.0
Polonnaruwa,North Central,2022,September,0.7420859,0.66211692,Healthy,111.2323487,319.9285714,298.6428571,10.48571429,446330,21.4848,34.0232,382,3,85.66340228,0.830622426,1327.928357746867,2280.8359346566067,96.46785407131676,3.067514506395263,6.112640304879707,0.2373109210154391,9.41746573229041,1971.7248847566216,20511.0,404.0,760.0,940.0,1489.0,9060.0,36.0
Polonnaruwa,North Central,2022,October,0.739323543,0.6956889,Healthy,105.8798247,318.55,290.7,11.2,446000,19.326,30.0656,414,4,92.87068431,0.900506763,1311.734109481661,2253.020862282746,95.2914168265446,3.0301057929026376,6.038095910917759,0.2344168853932997,9.302618589213695,1947.67945933276,20511.0,404.0,760.0,940.0,1489.0,9060.0,36.0
Polonnaruwa,North Central,2022,November,0.749626397,0.737411163,Healthy,101.5563053,,,,445670,22.0982,30.1469,446,4,100.0886397,0.970494593,1263.1513646860444,2169.5756451611637,91.76210509222814,2.9178796524247628,5.814462729031917,0.2257347785268812,8.958077159983562,1875.5431830611765,20511.0,404.0,760.0,940.0,1489.0,9060.0,36.0
Polonnaruwa,North Central,2022,December,0.769833867,0.7602516,Healthy,101.1809433,,,,445330,25.8651,39.3727,430,4,96.58773187,0.936548561,1230.762868155633,2113.945500413441,89.40923060268383,2.8430622254395126,5.6653739411080215,0.2199467072826022,8.728382873830137,1827.4523322134544,20511.0,404.0,760.0,940.0,1489.0,9060.0,36.0
Polonnaruwa,North Central,2023,January,0.796127553,0.786786787,Healthy,101.11724,310.3,292.3,9.1,445000,25.106,37.8921,348,4,78.33379008,0.904357358,,,,,,,,,27890.0,685.0,586.0,288.0,1816.0,20200.0,60.0
Polonnaruwa,North Central,2023,February,0.776444223,0.776217623,Healthy,100.0229933,312.0,300.5,6.7,444750,25.4676,39.0696,329,3,74.02349909,0.854595392,,,,,,,,,27890.0,685.0,586.0,288.0,1816.0,20200.0,60.0
Polonnaruwa,North Central,2023,March,0.72236519,0.727107247,Healthy,99.39054133,316.4,298.6,10.5,444500,26.0642,36.0039,348,4,78.42190458,0.905374633,,,,,,,,,27890.0,685.0,586.0,288.0,1816.0,20200.0,60.0
Polonnaruwa,North Central,2023,April,0.697114357,0.69618518,Healthy,100.125552,321.55,303.75,15.45,444250,23.4719,33.4657,309,3,69.74758774,0.805230337,,,,,,,,,27890.0,685.0,586.0,288.0,1816.0,20200.0,60.0
Polonnaruwa,North Central,2023,May,0.7076724,0.692515233,Healthy,102.0418533,317.0,299.7,7.7,444000,20.6318,33.7268,290,3,65.42518128,0.755328499,,,,,,,,,27890.0,685.0,586.0,288.0,1816.0,20200.0,60.0
Polonnaruwa,North Central,2023,June,0.73410575,0.694172343,Healthy,105.3649967,326.1083333,299.9916667,16.15,443750,19.7848,28.6074,329,3,74.19031261,0.856521241,,,,,,,,,27890.0,685.0,586.0,288.0,1816.0,20200.0,60.0
Polonnaruwa,North Central,2023,July,0.737718367,0.689642257,Healthy,106.4979553,324.5,300.05,23.2,443500,17.9878,28.5347,367,4,82.96532571,0.957828068,,,,,,,,,27890.0,685.0,586.0,288.0,1816.0,20200.0,60.0
Polonnaruwa,North Central,2023,August,0.690654317,0.675623413,Healthy,102.06218,323.662963,298.5,18.72222222,443250,17.6104,28.3333,406,4,91.7502373,1.059249171,,,,,,,,,27890.0,685.0,586.0,288.0,1816.0,20200.0,60.0
Polonnaruwa,North Central,2023,September,0.664810643,0.66211692,Healthy,100.377622,326.6888889,297.3111111,19.11111111,443000,22.4857,33.5798,464,5,104.9165887,1.211253648,,,,,,,,,27890.0,685.0,586.0,288.0,1816.0,20200.0,60.0
Polonnaruwa,North Central,2023,October,0.708307143,0.6956889,Healthy,101.68971,,,,442750,19.9937,30.4657,503,5,113.723816,1.312932384,,,,,,,,,27890.0,685.0,586.0,288.0,1816.0,20200.0,60.0
Polonnaruwa,North Central,2023,November,0.743261477,0.737411163,Healthy,100.7444153,,,,442500,22.267,30.8024,542,6,122.5409949,1.414726012,,,,,,,,,27890.0,685.0,586.0,288.0,1816.0,20200.0,60.0
Polonnaruwa,North Central,2023,December,0.77099222,0.7602516,Healthy,101.3237667,,,,442250,27.4534,40.6648,522,6,118.2313282,1.364971253,,,,,,,,,27890.0,685.0,586.0,288.0,1816.0,20200.0,60.0
Polonnaruwa,North Central,2024,January,0.794242523,0.786786787,Healthy,100.89295,,,,442000,26.7326,38.5174,331,3,74.9751683,0.827723209,,,,,,,,,74410.0,146.0,1027.0,715.0,1644.0,65289.0,94.0
Polonnaruwa,North Central,2024,February,0.75682325,0.776217623,Healthy,97.63883,323.15,299.6,17.2,442000,26.3234,40.0513,312,3,70.80988118,0.781738587,,,,,,,,,74410.0,146.0,1027.0,715.0,1644.0,65289.0,94.0
Polonnaruwa,North Central,2024,March,0.694173817,0.727107247,Healthy,95.76830133,322.0,305.05,21.2,442000,25.9846,39.2588,331,3,74.9751683,0.827723209,,,,,,,,,74410.0,146.0,1027.0,715.0,1644.0,65289.0,94.0
Polonnaruwa,North Central,2024,April,0.68858216,0.69618518,Healthy,98.98478,322.0,303.4,9.9,442000,22.4799,34.1111,294,3,66.64459405,0.735753964,,,,,,,,,74410.0,146.0,1027.0,715.0,1644.0,65289.0,94.0
Polonnaruwa,North Central,2024,May,0.7358428,0.692515233,Healthy,105.836845,,,,442000,20.4224,33.8381,276,3,62.47930692,0.689769341,,,,,,,,,74410.0,146.0,1027.0,715.0,1644.0,65289.0,94.0
Polonnaruwa,North Central,2024,June,0.77715487,0.694172343,Healthy,111.15034,315.0,293.2,7.1,442000,20.1062,30.5075,312,3,70.80988118,0.781738587,,,,,,,,,74410.0,146.0,1027.0,715.0,1644.0,65289.0,94.0
Polonnaruwa,North Central,2024,July,0.765955187,0.689642257,Healthy,110.314972,324.6533333,302.0333333,17.08,442000,18.115,29.1155,349,3,79.14045543,0.873707832,,,,,,,,,74410.0,146.0,1027.0,715.0,1644.0,65289.0,94.0
Polonnaruwa,North Central,2024,August,0.7319747,0.675623413,Healthy,107.763847,326.06,294.78,17.02,442000,18.4736,28.3779,386,4,87.47102969,0.965677078,,,,,,,,,74410.0,146.0,1027.0,715.0,1644.0,65289.0,94.0
Polonnaruwa,North Central,2024,September,0.708373237,0.66211692,Healthy,106.4961433,321.11,299.49,20.735,442000,21.9081,35.0562,441,4,99.96689107,1.103630946,,,,,,,,,74410.0,146.0,1027.0,715.0,1644.0,65289.0,94.0
Polonnaruwa,North Central,2024,October,0.729475,0.6956889,Healthy,104.5508163,316.9,292.6,14.9,442000,20.0017,31.6137,478,5,108.2974653,1.195600191,,,,,,,,,74410.0,146.0,1027.0,715.0,1644.0,65289.0,94.0
Polonnaruwa,North Central,2024,November,0.743537057,0.737411163,Healthy,100.78278,,,,442000,23.1113,31.6341,515,5,116.6280396,1.287569437,,,,,,,,,74410.0,146.0,1027.0,715.0,1644.0,65289.0,94.0
Polonnaruwa,North Central,2024,December,0.768789353,0.7602516,Healthy,101.050995,,,,442000,27.7998,38.7874,497,5,112.4627525,1.241584814,,,,,,,,,74410.0,146.0,1027.0,715.0,1644.0,65289.0,94.0
Puttalam,North Western,2014,January,0.740565713,0.744257547,Healthy,99.52980667,,,,778000,33.2813,20.0597,456,2,58.69647,0.300959308,,,,,,,,,859112.0,3851.0,20799.0,3851.0,38780.0,272885.0,79038.0
Puttalam,North Western,2014,February,0.687172577,0.708381497,Healthy,97.194798,323.8111111,300.4444444,14.81111111,778670,29.7643,18.4317,431,2,55.38785594,0.283994775,,,,,,,,,859112.0,3851.0,20799.0,3851.0,38780.0,272885.0,79038.0
Puttalam,North Western,2014,March,0.65362241,0.685657533,Healthy,95.64513667,326.3222222,305.2194444,18.10555556,779330,32.38,16.594,456,2,58.59629895,0.300445692,,,,,,,,,859112.0,3851.0,20799.0,3851.0,38780.0,272885.0,79038.0
Puttalam,North Western,2014,April,0.681398117,0.6956773,Healthy,98.076252,329.7666667,304.8,16.26666667,780000,28.9213,14.8186,405,2,52.04085887,0.266833438,,,,,,,,,859112.0,3851.0,20799.0,3851.0,38780.0,272885.0,79038.0
Puttalam,North Western,2014,May,0.716226123,0.710992,Healthy,100.6873753,,,,780670,23.0838,13.2758,380,1,48.74643325,0.249941654,,,,,,,,,859112.0,3851.0,20799.0,3851.0,38780.0,272885.0,79038.0
Puttalam,North Western,2014,June,0.70309935,0.701750467,Healthy,100.1764733,,,,781330,20.2761,11.4896,431,2,55.19929068,0.283027929,,,,,,,,,859112.0,3851.0,20799.0,3851.0,38780.0,272885.0,79038.0
Puttalam,North Western,2014,July,0.66295948,0.667962847,Healthy,99.30584333,324.0666667,303.2333333,14.1,782000,16.5129,10.5961,482,2,61.64046743,0.316054311,,,,,,,,,859112.0,3851.0,20799.0,3851.0,38780.0,272885.0,79038.0
Puttalam,North Western,2014,August,0.644954833,0.634589713,Degraded,101.5214183,332.6833333,291.075,126.2166667,782670,18.188,12.3244,532,2,68.07061631,0.34902415,,,,,,,,,859112.0,3851.0,20799.0,3851.0,38780.0,272885.0,79038.0
Puttalam,North Western,2014,September,0.670999647,0.638963233,Degraded,104.644408,325.3710526,296.5842105,30.37105263,783330,29.5302,21.392,608,3,77.72944337,0.39854866,,,,,,,,,859112.0,3851.0,20799.0,3851.0,38780.0,272885.0,79038.0
Puttalam,North Western,2014,October,0.719572267,0.685679817,Healthy,104.6193987,314.0,293.8,9.3,784000,19.6626,13.4942,659,3,84.13493446,0.431392069,,,,,,,,,859112.0,3851.0,20799.0,3851.0,38780.0,272885.0,79038.0
Puttalam,North Western,2014,November,0.756854167,0.738979613,Healthy,102.2725367,,,,784670,32.089,18.7522,710,3,90.52948674,0.46417939,,,,,,,,,859112.0,3851.0,20799.0,3851.0,38780.0,272885.0,79038.0
Puttalam,North Western,2014,December,0.767156363,0.758974667,Healthy,101.0116147,,,,785330,35.5778,21.37,684,3,87.22292602,0.447225386,,,,,,,,,859112.0,3851.0,20799.0,3851.0,38780.0,272885.0,79038.0
Puttalam,North Western,2015,January,0.747668207,0.744257547,Healthy,100.4286867,,,,786000,23.489,29.8823,360,2,45.89461925,0.316514616,1873.4071685398442,3455.3704973692006,818.4590226623194,4.32757055932704,9.26039293294946,2.0134091957493054,15.601372688025807,,1337814.0,4140.0,39456.0,5356.0,105628.0,370889.0,129547.0
Puttalam,North Western,2015,February,0.714513367,0.708381497,Healthy,100.81148,316.45,297.65,8.7,786920,26.306,33.3823,340,2,43.29424299,0.298580986,1873.4071685398442,3455.3704973692006,818.4590226623194,4.32757055932704,9.26039293294946,2.0134091957493054,15.601372688025807,,1337814.0,4140.0,39456.0,5356.0,105628.0,370889.0,129547.0
Puttalam,North Western,2015,March,0.69931338,0.685657533,Healthy,101.8572533,318.9,301.2875,16.8125,787830,30.0409,33.5851,360,2,45.78801357,0.315779404,1873.4071685398442,3455.3704973692006,818.4590226623194,4.32757055932704,9.26039293294946,2.0134091957493054,15.601372688025807,,1337814.0,4140.0,39456.0,5356.0,105628.0,370889.0,129547.0
Puttalam,North Western,2015,April,0.721383797,0.6956773,Healthy,103.4442567,,,,788750,22.4339,34.864,320,2,40.65298339,0.280365403,1873.4071685398442,3455.3704973692006,818.4590226623194,4.32757055932704,9.26039293294946,2.0134091957493054,15.601372688025807,,1337814.0,4140.0,39456.0,5356.0,105628.0,370889.0,129547.0
Puttalam,North Western,2015,May,0.747433917,0.710992,Healthy,104.7879753,,,,789670,23.6545,32.9966,300,2,38.06776959,0.262536342,1873.4071685398442,3455.3704973692006,818.4590226623194,4.32757055932704,9.26039293294946,2.0134091957493054,15.601372688025807,,1337814.0,4140.0,39456.0,5356.0,105628.0,370889.0,129547.0
Puttalam,North Western,2015,June,0.749873203,0.701750467,Healthy,106.4039533,,,,790580,23.026,29.7985,340,2,43.09381175,0.297198702,1873.4071685398442,3455.3704973692006,818.4590226623194,4.32757055932704,9.26039293294946,2.0134091957493054,15.601372688025807,,1337814.0,4140.0,39456.0,5356.0,105628.0,370889.0,129547.0
Puttalam,North Western,2015,July,0.71986665,0.667962847,Healthy,107.23529,319.0666667,291.0333333,12.6,791500,21.6722,25.4492,380,2,48.10768891,0.331777165,1873.4071685398442,3455.3704973692006,818.4590226623194,4.32757055932704,9.26039293294946,2.0134091957493054,15.601372688025807,,1337814.0,4140.0,39456.0,5356.0,105628.0,370889.0,129547.0
Puttalam,North Western,2015,August,0.691241733,0.634589713,Degraded,108.276978,322.025,293.875,18.125,792420,19.8337,22.3956,420,2,53.10992385,0.366275337,1873.4071685398442,3455.3704973692006,818.4590226623194,4.32757055932704,9.26039293294946,2.0134091957493054,15.601372688025807,,1337814.0,4140.0,39456.0,5356.0,105628.0,370889.0,129547.0
Puttalam,North Western,2015,September,0.698131447,0.638963233,Degraded,108.5902347,322.9111111,296.8777778,15.20555556,793330,25.2812,30.2949,480,3,60.62743244,0.418120224,1873.4071685398442,3455.3704973692006,818.4590226623194,4.32757055932704,9.26039293294946,2.0134091957493054,15.601372688025807,,1337814.0,4140.0,39456.0,5356.0,105628.0,370889.0,129547.0
Puttalam,North Western,2015,October,0.735094687,0.685679817,Healthy,106.73316,318.475,293.625,15.925,794250,24.5785,29.9789,521,3,65.60363998,0.452438896,1873.4071685398442,3455.3704973692006,818.4590226623194,4.32757055932704,9.26039293294946,2.0134091957493054,15.601372688025807,,1337814.0,4140.0,39456.0,5356.0,105628.0,370889.0,129547.0
Puttalam,North Western,2015,November,0.77325449,0.738979613,Healthy,104.3514047,,,,795170,20.8453,21.5541,561,3,70.56833273,0.486678157,1873.4071685398442,3455.3704973692006,818.4590226623194,4.32757055932704,9.26039293294946,2.0134091957493054,15.601372688025807,,1337814.0,4140.0,39456.0,5356.0,105628.0,370889.0,129547.0
Puttalam,North Western,2015,December,0.783494373,0.758974667,Healthy,103.03121,,,,796080,29.953,36.1863,541,3,67.97024934,0.46876034,1873.4071685398442,3455.3704973692006,818.4590226623194,4.32757055932704,9.26039293294946,2.0134091957493054,15.601372688025807,,1337814.0,4140.0,39456.0,5356.0,105628.0,370889.0,129547.0
Puttalam,North Western,2016,January,0.764559797,0.744257547,Healthy,102.5547883,315.85,300.3,7.55,797000,31.6444,43.2622,315,1,39.62420051,0.174434618,,,,,,,,,986656.0,2685.0,26887.0,5271.0,45172.0,340129.0,56945.0
Puttalam,North Western,2016,February,0.723682833,0.708381497,Healthy,102.01546,313.25,291.2,9.55,798080,33.9432,44.1595,298,1,37.37221364,0.164520866,,,,,,,,,986656.0,2685.0,26887.0,5271.0,45172.0,340129.0,56945.0
Puttalam,North Western,2016,March,0.691712737,0.685657533,Healthy,100.8218233,319.93,300.41,9.95,799170,27.9926,41.1592,315,1,39.51660824,0.173960972,,,,,,,,,986656.0,2685.0,26887.0,5271.0,45172.0,340129.0,56945.0
Puttalam,North Western,2016,April,0.695380693,0.6956773,Healthy,99.95886333,311.7,295.9,33.8,800250,27.2377,31.7346,280,1,35.07846887,0.154423287,,,,,,,,,986656.0,2685.0,26887.0,5271.0,45172.0,340129.0,56945.0
Puttalam,North Western,2016,May,0.728020517,0.710992,Healthy,102.23603,,,,801330,24.9562,36.596,263,1,32.84174207,0.144576714,,,,,,,,,986656.0,2685.0,26887.0,5271.0,45172.0,340129.0,56945.0
Puttalam,North Western,2016,June,0.7429841,0.701750467,Healthy,105.491285,326.65,284.85,58.95,802420,23.3321,33.2723,298,1,37.17008083,0.163631032,,,,,,,,,986656.0,2685.0,26887.0,5271.0,45172.0,340129.0,56945.0
Puttalam,North Western,2016,July,0.72086698,0.667962847,Healthy,107.3736013,315.4,291.35,33.1,803500,23.3217,34.7138,333,1,41.48719272,0.182635927,,,,,,,,,986656.0,2685.0,26887.0,5271.0,45172.0,340129.0,56945.0
Puttalam,North Western,2016,August,0.668909033,0.634589713,Degraded,105.0017113,317.45,291.7375,11.1375,804580,24.6087,35.0372,368,1,45.79271476,0.201589801,,,,,,,,,986656.0,2685.0,26887.0,5271.0,45172.0,340129.0,56945.0
Puttalam,North Western,2016,September,0.6230006,0.638963233,Degraded,97.70476333,328.9888889,293.5888889,46.26666667,805670,21.1714,28.2578,421,1,52.26372718,0.230076649,,,,,,,,,986656.0,2685.0,26887.0,5271.0,45172.0,340129.0,56945.0
Puttalam,North Western,2016,October,0.63890655,0.685679817,Healthy,93.642935,328.4538462,300.8615385,25.10769231,806750,23.5793,32.367,456,2,56.5432416,0.248916031,,,,,,,,,986656.0,2685.0,26887.0,5271.0,45172.0,340129.0,56945.0
Puttalam,North Western,2016,November,0.708714627,0.738979613,Healthy,96.15061,,,,807830,25.781,35.2938,491,2,60.81131334,0.26770504,,,,,,,,,986656.0,2685.0,26887.0,5271.0,45172.0,340129.0,56945.0
Puttalam,North Western,2016,December,0.748209633,0.758974667,Healthy,98.66889167,,,,808920,29.7977,37.4246,473,2,58.56046544,0.257796303,,,,,,,,,986656.0,2685.0,26887.0,5271.0,45172.0,340129.0,56945.0
Puttalam,North Western,2017,January,0.741659187,0.744257547,Healthy,99.67659,322.7,301.0,16.9,810000,27.4468,39.1331,321,1,39.70189702,0.216802168,,,,,,,,,903306.0,3331.0,16742.0,8689.0,39182.0,344380.0,23537.0
Puttalam,North Western,2017,February,0.714261953,0.708381497,Healthy,100.7771367,318.6,303.1,11.5,811250,27.139,41.5944,303,1,37.43846067,0.204442106,,,,,,,,,903306.0,3331.0,16742.0,8689.0,39182.0,344380.0,23537.0
Puttalam,North Western,2017,March,0.687279423,0.685657533,Healthy,100.2191467,320.34,299.02,13.08,812500,28.4901,40.5716,321,1,39.57973734,0.216135084,,,,,,,,,903306.0,3331.0,16742.0,8689.0,39182.0,344380.0,23537.0
Puttalam,North Western,2017,April,0.674179107,0.6956773,Healthy,97.12438633,,,,813750,23.9295,36.6589,285,1,35.12794575,0.19182496,,,,,,,,,903306.0,3331.0,16742.0,8689.0,39182.0,344380.0,23537.0
Puttalam,North Western,2017,May,0.6752003,0.710992,Healthy,95.29698667,319.8,302.1,8.3,815000,21.8155,35.4917,267,1,32.88193925,0.179560078,,,,,,,,,903306.0,3331.0,16742.0,8689.0,39182.0,344380.0,23537.0
Puttalam,North Western,2017,June,0.656465067,0.701750467,Healthy,93.971637,,,,816250,20.8675,29.8536,303,1,37.2091286,0.203189781,,,,,,,,,903306.0,3331.0,16742.0,8689.0,39182.0,344380.0,23537.0
Puttalam,North Western,2017,July,0.612291877,0.667962847,Healthy,92.24101133,326.9272727,300.0272727,19.83636364,817500,19.3358,29.4067,339,1,41.52308496,0.226747222,,,,,,,,,903306.0,3331.0,16742.0,8689.0,39182.0,344380.0,23537.0
Puttalam,North Western,2017,August,0.592712747,0.634589713,Degraded,93.893808,316.7857143,291.6,10.07142857,818750,19.4766,29.6523,375,2,45.82386893,0.250232731,,,,,,,,,903306.0,3331.0,16742.0,8689.0,39182.0,344380.0,23537.0
Puttalam,North Western,2017,September,0.64806325,0.638963233,Degraded,101.3013933,,,,820000,23.3831,37.9973,428,2,52.29030339,0.285544319,,,,,,,,,903306.0,3331.0,16742.0,8689.0,39182.0,344380.0,23537.0
Puttalam,North Western,2017,October,0.71180215,0.685679817,Healthy,103.56011,,,,821250,21.9567,33.1271,464,2,56.56160671,0.308868842,,,,,,,,,903306.0,3331.0,16742.0,8689.0,39182.0,344380.0,23537.0
Puttalam,North Western,2017,November,0.750628047,0.738979613,Healthy,101.48273,,,,822500,25.1492,32.9727,500,2,60.81992735,0.33212247,,,,,,,,,903306.0,3331.0,16742.0,8689.0,39182.0,344380.0,23537.0
Puttalam,North Western,2017,December,0.75985324,0.758974667,Healthy,100.1090147,,,,823750,30.0172,41.6765,482,2,58.55879196,0.319774973,,,,,,,,,903306.0,3331.0,16742.0,8689.0,39182.0,344380.0,23537.0
Puttalam,North Western,2018,January,0.728310543,0.744257547,Healthy,97.98448467,,,,825000,29.2211,41.993,295,1,35.86696231,0.177383592,,,,,,,,,961598.0,2957.0,16931.0,7055.0,80776.0,339763.0,20063.0
Puttalam,North Western,2018,February,0.678280653,0.708381497,Healthy,96.02782667,325.9333333,303.2666667,19.93333333,825580,29.0536,44.1655,279,1,33.85055532,0.167411253,,,,,,,,,961598.0,2957.0,16931.0,7055.0,80776.0,339763.0,20063.0
Puttalam,North Western,2018,March,0.65994392,0.685657533,Healthy,96.50609,326.1714286,303.4,16.72142857,826170,29.2388,40.5075,295,1,35.81616847,0.177132386,,,,,,,,,961598.0,2957.0,16931.0,7055.0,80776.0,339763.0,20063.0
Puttalam,North Western,2018,April,0.698602797,0.6956773,Healthy,100.3812083,316.9666667,296.45,28.35,826750,25.7258,38.0416,263,1,31.81425948,0.157340551,,,,,,,,,961598.0,2957.0,16931.0,7055.0,80776.0,339763.0,20063.0
Puttalam,North Western,2018,May,0.74554514,0.710992,Healthy,104.5392433,,,,827330,23.2885,36.1218,246,1,29.80495883,0.147403357,,,,,,,,,961598.0,2957.0,16931.0,7055.0,80776.0,339763.0,20063.0
Puttalam,North Western,2018,June,0.74502368,0.701750467,Healthy,105.7582417,,,,827920,21.7193,33.4199,279,1,33.75488147,0.166938088,,,,,,,,,961598.0,2957.0,16931.0,7055.0,80776.0,339763.0,20063.0
Puttalam,North Western,2018,July,0.715259773,0.667962847,Healthy,106.5913113,317.6,298.5,9.5,828500,20.2674,31.7208,312,1,37.69963348,0.186447248,,,,,,,,,961598.0,2957.0,16931.0,7055.0,80776.0,339763.0,20063.0
Puttalam,North Western,2018,August,0.6722461,0.634589713,Degraded,105.49515,319.4636364,293.0,19.40909091,829080,21.1878,31.4429,345,1,41.63886624,0.205929111,,,,,,,,,961598.0,2957.0,16931.0,7055.0,80776.0,339763.0,20063.0
Puttalam,North Western,2018,September,0.66045635,0.638963233,Degraded,103.1204883,325.1880952,297.9380952,20.87142857,829670,25.1149,37.3291,394,1,47.55343514,0.235180194,,,,,,,,,961598.0,2957.0,16931.0,7055.0,80776.0,339763.0,20063.0
Puttalam,North Western,2018,October,0.71640402,0.685679817,Healthy,104.1722167,,,,830250,22.7676,34.66,427,2,51.48023296,0.254600559,,,,,,,,,961598.0,2957.0,16931.0,7055.0,80776.0,339763.0,20063.0
Puttalam,North Western,2018,November,0.76262364,0.738979613,Healthy,103.003935,,,,830830,26.2145,34.2453,460,2,55.4015482,0.273993809,,,,,,,,,961598.0,2957.0,16931.0,7055.0,80776.0,339763.0,20063.0
Puttalam,North Western,2018,December,0.76995699,0.758974667,Healthy,101.35798,316.25,300.7,8.35,831420,30.7176,44.4758,443,2,53.38501101,0.264020826,,,,,,,,,961598.0,2957.0,16931.0,7055.0,80776.0,339763.0,20063.0
Puttalam,North Western,2019,January,0.749496233,0.744257547,Healthy,100.6587067,322.3,300.3,14.6,832000,28.7621,43.457,361,2,43.40114916,0.316604128,2639.294638334379,3487.853416263388,1295.5791441682336,6.096770614552415,9.347447155585881,3.187124694653855,18.63134246479215,,734606.0,1613.0,13459.0,3738.0,38232.0,284301.0,15490.0
Puttalam,North Western,2019,February,0.71081462,0.708381497,Healthy,100.3182317,322.6333333,297.1666667,13.16666667,832420,30.7427,45.9619,341,2,40.96929259,0.29886414,2639.294638334379,3487.853416263388,1295.5791441682336,6.096770614552415,9.347447155585881,3.187124694653855,18.63134246479215,,734606.0,1613.0,13459.0,3738.0,38232.0,284301.0,15490.0
Puttalam,North Western,2019,March,0.671665997,0.685657533,Healthy,98.095492,324.2117647,302.6470588,20.75294118,832830,29.9126,44.5253,361,2,43.35789549,0.316288599,2639.294638334379,3487.853416263388,1295.5791441682336,6.096770614552415,9.347447155585881,3.187124694653855,18.63134246479215,,734606.0,1613.0,13459.0,3738.0,38232.0,284301.0,15490.0
Puttalam,North Western,2019,April,0.667336753,0.6956773,Healthy,96.19911667,323.0,305.45,8.6,833250,26.2826,40.1827,320,2,38.52092526,0.28100371,2639.294638334379,3487.853416263388,1295.5791441682336,6.096770614552415,9.347447155585881,3.187124694653855,18.63134246479215,,734606.0,1613.0,13459.0,3738.0,38232.0,284301.0,15490.0
Puttalam,North Western,2019,May,0.688364473,0.710992,Healthy,97.026058,,,,833670,24.3153,37.8262,300,2,36.09517365,0.263308258,2639.294638334379,3487.853416263388,1295.5791441682336,6.096770614552415,9.347447155585881,3.187124694653855,18.63134246479215,,734606.0,1613.0,13459.0,3738.0,38232.0,284301.0,15490.0
Puttalam,North Western,2019,June,0.68711994,0.701750467,Healthy,98.055872,322.0,297.5,9.9,834080,22.7953,32.9304,341,2,40.88775482,0.298269336,2639.294638334379,3487.853416263388,1295.5791441682336,6.096770614552415,9.347447155585881,3.187124694653855,18.63134246479215,,734606.0,1613.0,13459.0,3738.0,38232.0,284301.0,15490.0
Puttalam,North Western,2019,July,0.669978507,0.667962847,Healthy,100.3022537,322.4222222,296.0444444,14.48888889,834500,21.5875,31.581,381,2,45.67507928,0.333192068,2639.294638334379,3487.853416263388,1295.5791441682336,6.096770614552415,9.347447155585881,3.187124694653855,18.63134246479215,,734606.0,1613.0,13459.0,3738.0,38232.0,284301.0,15490.0
Puttalam,North Western,2019,August,0.68036949,0.634589713,Degraded,106.70263,310.7,290.3,10.35,834920,21.3042,32.8819,421,3,50.45758729,0.368079664,2639.294638334379,3487.853416263388,1295.5791441682336,6.096770614552415,9.347447155585881,3.187124694653855,18.63134246479215,,734606.0,1613.0,13459.0,3738.0,38232.0,284301.0,15490.0
Puttalam,North Western,2019,September,0.719899667,0.638963233,Degraded,111.7436867,322.5,294.55,15.325,835330,25.9599,40.2358,481,3,57.63751028,0.420456002,2639.294638334379,3487.853416263388,1295.5791441682336,6.096770614552415,9.347447155585881,3.187124694653855,18.63134246479215,,734606.0,1613.0,13459.0,3738.0,38232.0,284301.0,15490.0
Puttalam,North Western,2019,October,0.75302148,0.685679817,Healthy,109.1904113,,,,835750,22.8448,35.3848,521,3,62.40925706,0.455265097,2639.294638334379,3487.853416263388,1295.5791441682336,6.096770614552415,9.347447155585881,3.187124694653855,18.63134246479215,,734606.0,1613.0,13459.0,3738.0,38232.0,284301.0,15490.0
Puttalam,North Western,2019,November,0.76818379,0.738979613,Healthy,103.7148233,,,,836170,25.701,35.4845,561,4,67.17621023,0.490039224,2639.294638334379,3487.853416263388,1295.5791441682336,6.096770614552415,9.347447155585881,3.187124694653855,18.63134246479215,,734606.0,1613.0,13459.0,3738.0,38232.0,284301.0,15490.0
Puttalam,North Western,2019,December,0.775750433,0.758974667,Healthy,102.073762,315.8,289.6,17.0,836580,31.6696,46.4719,541,3,64.74531324,0.472306236,2639.294638334379,3487.853416263388,1295.5791441682336,6.096770614552415,9.347447155585881,3.187124694653855,18.63134246479215,,734606.0,1613.0,13459.0,3738.0,38232.0,284301.0,15490.0
Puttalam,North Western,2020,January,0.757895317,0.744257547,Healthy,101.713872,315.9,302.1,7.1,837000,22.4207,33.6011,195,1,23.3586852,0.192324504,74.01905903592252,88.75413837123953,35.40842668332516,0.170984026372981,0.2378610908349219,0.0871047296409798,0.4959498468488828,67.71801703258068,405256.0,578.0,9532.0,3000.0,21021.0,151634.0,7150.0
Puttalam,North Western,2020,February,0.709561683,0.708381497,Healthy,100.14936,328.2333333,304.65,18.03333333,838000,23.7746,33.5167,184,1,22.03465471,0.181423055,66.7622885422046,80.05275225641209,31.93701230260699,0.1542208865324926,0.2145413760471844,0.0785650502644131,0.4473273128440902,61.07899575487668,405256.0,578.0,9532.0,3000.0,21021.0,151634.0,7150.0
Puttalam,North Western,2020,March,0.674880057,0.685657533,Healthy,98.53421533,321.2,301.5,9.675,839000,22.6569,31.9629,195,1,23.30300299,0.191866043,272.8545705637928,327.1721179175104,130.5251807150025,0.6302940580023614,0.8768212760189278,0.3210919445589061,1.828207278580195,249.6272000416699,405256.0,578.0,9532.0,3000.0,21021.0,151634.0,7150.0
Puttalam,North Western,2020,April,0.69235514,0.6956773,Healthy,99.548408,320.6,302.65,9.95,840000,20.0768,28.5248,173,1,20.68912118,0.170344561,2244.5191137069446,2691.3387253161163,1073.7084679561244,5.184839152663042,7.212787783847191,2.641322831172066,15.038949767682295,2053.4492811938435,405256.0,578.0,9532.0,3000.0,21021.0,151634.0,7150.0
Puttalam,North Western,2020,May,0.732858243,0.710992,Healthy,102.8717387,324.0,301.3,8.9,841000,18.7041,27.8273,162,1,19.37298802,0.159508135,3269.900784469283,3920.844583341229,1564.2193199515991,7.553470812124044,10.507863483354493,3.847979527080934,21.90931382255947,2991.542987733417,405256.0,578.0,9532.0,3000.0,21021.0,151634.0,7150.0
Puttalam,North Western,2020,June,0.745605267,0.701750467,Healthy,105.8401247,,,,842000,17.2795,26.2731,184,1,21.92997702,0.180561188,3899.788463323995,4676.124898108245,1865.5380881979345,9.008511350278429,12.5320147269301,4.589223696966919,26.129749774175444,3567.8100346381225,405256.0,578.0,9532.0,3000.0,21021.0,151634.0,7150.0
Puttalam,North Western,2020,July,0.730669167,0.667962847,Healthy,108.7494853,317.4,293.1,17.0,843000,15.7091,25.0449,206,1,24.48089961,0.201564293,3486.152545182076,4180.145889563085,1667.6674684970003,8.053012379370596,11.202790984029066,4.10246197250262,23.35826533590228,3189.3858218089954,405256.0,578.0,9532.0,3000.0,21021.0,151634.0,7150.0
Puttalam,North Western,2020,August,0.710334233,0.634589713,Degraded,111.0663167,316.2,298.2,6.6,844000,16.2073,25.1232,228,1,27.02577737,0.222517628,3047.843607361515,3654.582168227509,1457.9940399016236,7.0405187330051,9.794280210849724,3.5866653381579936,20.421464282012817,2788.388936635675,405256.0,578.0,9532.0,3000.0,21021.0,151634.0,7150.0
Puttalam,North Western,2020,September,0.704941117,0.638963233,Degraded,109.5897667,321.125,294.925,15.975,845000,19.3667,29.7896,260,2,30.85005051,0.254004907,2975.275902424336,3567.568307079235,1423.2798960944422,6.872887334600216,9.56108306297235,3.5012685443923277,19.93523894196489,2721.998723858635,405256.0,578.0,9532.0,3000.0,21021.0,151634.0,7150.0
Puttalam,North Western,2020,October,0.710240807,0.685679817,Healthy,103.3794247,318.52,299.42,7.42,846000,17.7672,27.2644,282,2,33.38138346,0.27484672,2938.9920499557466,3524.061376505098,1405.922824190851,6.789071635397775,9.444484489033664,3.458570147509494,19.69212627194093,2688.803617470115,405256.0,578.0,9532.0,3000.0,21021.0,151634.0,7150.0
Puttalam,North Western,2020,November,0.736790947,0.738979613,Healthy,99.72442667,319.8,296.6,9.5,847000,19.9664,27.1604,304,2,35.90673923,0.29563932,2830.1404925499787,3393.540584782688,1353.8516084800794,6.537624537790451,9.094688767217605,3.3304749568609946,18.962788261869047,2589.218298304555,405256.0,578.0,9532.0,3000.0,21021.0,151634.0,7150.0
Puttalam,North Western,2020,December,0.765841733,0.758974667,Healthy,100.8481797,,,,848000,24.3087,34.7695,293,2,34.58352508,0.284744593,2757.5727876128,3306.526723634413,1319.1374646728975,6.369993139385568,8.861491619340228,3.2450781630953283,18.476562921821124,2522.828085527515,405256.0,578.0,9532.0,3000.0,21021.0,151634.0,7150.0
Puttalam,North Western,2021,January,0.7666573,0.744257547,Healthy,102.8237117,,,,849000,25.6362,37.2876,168,2,19.79660433,0.275790744,80.11530330323423,105.143749266919,37.71288003283415,0.185066350630471,0.2817852480353429,0.0927736848807719,0.5596252835465859,67.9886436440347,33850.0,281.0,771.0,2593.0,3495.0,8011.0,2093.0
Puttalam,North Western,2021,February,0.732797167,0.708381497,Healthy,103.21923,316.6538462,300.6153846,8.192307692,849080,26.6479,37.9941,158,2,18.69503137,0.260444494,72.26086180291712,94.83553855447592,34.01553885314451,0.1669225907647385,0.2541592433259955,0.0836782255787354,0.5047600596694695,61.32309034559992,33850.0,281.0,771.0,2593.0,3495.0,8011.0,2093.0
Puttalam,North Western,2021,March,0.709428943,0.685657533,Healthy,103.23131,328.0857143,298.2214286,20.30714286,849170,26.1763,36.2376,168,2,19.79264114,0.275735532,295.3270004119222,387.58872278785816,139.0200283563298,0.6822053709515403,1.03873777707146,0.3419892697565712,2.062932417779572,250.6248040211475,33850.0,281.0,771.0,2593.0,3495.0,8011.0,2093.0
Puttalam,North Western,2021,April,0.7193115,0.6956773,Healthy,103.16923,,,,849250,22.356,33.899,149,2,17.59180147,0.245075162,2429.378756048073,3188.3295733586315,1143.587626878,5.611864926471049,8.544723256601133,2.81322556211988,16.96981374519206,2061.655635205876,33850.0,281.0,771.0,2593.0,3495.0,8011.0,2093.0
Puttalam,North Western,2021,May,0.740687833,0.710992,Healthy,103.9015853,,,,849330,20.7937,31.2887,140,1,16.49076044,0.229736323,3539.2113400428766,4644.879747026833,1666.0219355681438,8.175578195499044,12.448277722031913,4.098413961497633,24.722269879028588,3003.498316274709,33850.0,281.0,771.0,2593.0,3495.0,8011.0,2093.0
Puttalam,North Western,2021,June,0.749037353,0.701750467,Healthy,106.29666,,,,849420,18.9944,28.501,158,2,18.68754825,0.260340246,4220.976862270398,5539.632436866887,1986.9511499652024,9.75045655184462,14.846214930803256,4.887899828914397,29.48457131156227,3582.068342578847,33850.0,281.0,771.0,2593.0,3495.0,8011.0,2093.0
Puttalam,North Western,2021,July,0.73052992,0.667962847,Healthy,108.7245733,318.68,292.44,12.06,849500,17.8306,26.8128,177,2,20.88411643,0.290941108,3773.273696752325,4952.064426257634,1776.2027027228942,8.71626223949787,13.27153266237046,4.369458648698319,26.35725355056665,3202.131804568065,33850.0,281.0,771.0,2593.0,3495.0,8011.0,2093.0
Puttalam,North Western,2021,August,0.693400907,0.634589713,Degraded,108.5865333,315.5,289.25,12.15,849580,17.9991,27.4575,196,2,23.08027094,0.321536208,3298.865430133173,4329.448499226075,1552.883295469641,7.6203791436076305,11.60292197792588,3.820092906855317,23.04339402838883,2799.5323853426053,33850.0,281.0,771.0,2593.0,3495.0,8011.0,2093.0
Puttalam,North Western,2021,September,0.67892335,0.638963233,Degraded,105.8080853,323.3357143,297.1214286,15.47142857,849670,21.6141,33.3286,224,3,26.37465851,0.367431028,3220.3210151300027,4226.366392101644,1515.9098836727449,7.438941544950306,11.326661930832408,3.729138313834952,22.494741789617663,2732.876852358257,33850.0,281.0,771.0,2593.0,3495.0,8011.0,2093.0
Puttalam,North Western,2021,October,0.7114486,0.685679817,Healthy,103.51704,,,,849750,19.884,30.8033,242,3,28.56985675,0.398012806,3181.048807628417,4174.825338539429,1497.4231777742966,7.348222745621643,11.188531907285672,3.683661017324769,22.22041567023208,2699.549085866084,33850.0,281.0,771.0,2593.0,3495.0,8011.0,2093.0
Puttalam,North Western,2021,November,0.748427733,0.738979613,Healthy,101.2038913,,,,849830,22.184,30.52,261,3,30.76464169,0.428588826,3063.2321851236616,4020.2021778527846,1441.9630600789526,7.076066347635658,10.774141836645464,3.547229127794223,21.397437312075343,2599.5657863895617,33850.0,281.0,771.0,2593.0,3495.0,8011.0,2093.0
Puttalam,North Western,2021,December,0.761371627,0.758974667,Healthy,100.296402,,,,849920,27.3123,37.7946,252,3,29.6627631,0.413238319,2984.6877701204908,3917.120070728354,1404.9896482820564,6.8946287489783336,10.49788178955199,3.456274534773858,20.84878507330418,2532.9102534052145,33850.0,281.0,771.0,2593.0,3495.0,8011.0,2093.0
Puttalam,North Western,2022,January,0.747314313,0.744257547,Healthy,100.3858363,320.8,303.6,10.05,850000,26.6407,40.0223,247,3,29.07030129,0.378766141,69.60963963869222,94.51396214109332,20.399421824349183,0.160798267565379,0.2532974185381301,0.0501825776878989,0.4642782637914081,68.12870536760686,20511.0,404.0,760.0,940.0,1489.0,9060.0,36.0
Puttalam,North Western,2022,February,0.71698814,0.708381497,Healthy,101.137932,324.6,304.1,13.0125,849580,26.9905,41.4135,233,3,27.4688574,0.357900422,62.785165164310605,85.24788742137825,18.399478508236516,0.1450337315295575,0.2284643382892937,0.0452627171302618,0.418760786949113,61.44942052764539,20511.0,404.0,760.0,940.0,1489.0,9060.0,36.0
Puttalam,North Western,2022,March,0.697221167,0.685657533,Healthy,101.5720747,327.4181818,297.9090909,32.54545455,849170,27.3884,37.9085,247,3,29.09871533,0.379136356,256.6002402367477,348.4044094612851,75.1978686858362,0.5927465549468873,0.9337238173562444,0.184986756967157,1.7114571292702885,251.1411099825508,20511.0,404.0,760.0,940.0,1489.0,9060.0,36.0
Puttalam,North Western,2022,April,0.715927083,0.6956773,Healthy,102.7117567,,,,848750,24.5473,34.7709,219,2,25.87832417,0.337176862,2110.8099549262256,2865.996910807859,618.5824676736472,4.875970995879581,7.680871720965063,1.521712870477172,14.078555587321814,2065.9028010000784,20511.0,404.0,760.0,940.0,1489.0,9060.0,36.0
Puttalam,North Western,2022,May,0.73973175,0.710992,Healthy,103.7764933,,,,848330,21.8084,34.5613,205,2,24.27294026,0.316259808,3075.1081981563443,4175.293268703593,901.1744582403668,7.103499937741155,11.189785960125633,2.2168891672713023,20.510175065138085,3009.685748886632,20511.0,404.0,760.0,940.0,1489.0,9060.0,36.0
Puttalam,North Western,2022,June,0.73426913,0.701750467,Healthy,104.3289367,,,,847920,20.9161,30.2198,233,3,27.52263406,0.358601095,3667.472582532665,4979.588554374855,1074.7695380789455,8.471861665650456,13.345297325724616,2.6439330636742064,24.461092055049274,3589.447672995286,20511.0,404.0,760.0,940.0,1489.0,9060.0,36.0
Puttalam,North Western,2022,July,0.714832677,0.667962847,Healthy,106.5421187,319.3,299.3,8.5,847500,18.2993,27.458,260,3,30.77583519,0.400988081,3278.4775374929154,4451.4222953511,960.772769060524,7.573283111608634,11.929811751540951,2.3635010118888893,21.86659587503847,3208.728437117484,20511.0,404.0,760.0,940.0,1489.0,9060.0,36.0
Puttalam,North Western,2022,August,0.6870962,0.634589713,Degraded,107.6676653,,,,847080,19.6213,29.3176,288,3,34.03226234,0.443417099,2866.279279240267,3891.751382280312,839.9761927673192,6.621105135045017,10.42989370451124,2.066341434207605,19.11734027376386,2805.299632783812,20511.0,404.0,760.0,940.0,1489.0,9060.0,36.0
Puttalam,North Western,2022,September,0.678115867,0.638963233,Degraded,105.688598,323.2,300.95,13.85,846670,23.4281,36.4757,329,4,38.91284853,0.507007798,2798.034534496451,3799.090635083162,819.9767596061924,6.463459774686802,10.181562902022876,2.017142828631233,18.66216550534091,2738.506784384197,20511.0,404.0,760.0,940.0,1489.0,9060.0,36.0
Puttalam,North Western,2022,October,0.721647987,0.685679817,Healthy,104.8899883,,,,846250,21.8185,32.4111,356,4,42.17650803,0.549531049,2763.912162124543,3752.7602614845855,809.9770430256291,6.384637094507695,10.057397500778697,1.9925435258430475,18.434578121129437,2705.1103601843897,20511.0,404.0,760.0,940.0,1489.0,9060.0,36.0
Puttalam,North Western,2022,November,0.765561687,0.738979613,Healthy,103.3762417,,,,845830,22.8868,32.9406,384,5,45.44340869,0.59209653,2661.54504500882,3613.769140688862,779.9778932839394,6.148169053970374,9.684901297046151,1.9187456174784907,17.751815968495013,2604.921087584968,20511.0,404.0,760.0,940.0,1489.0,9060.0,36.0
Puttalam,North Western,2022,December,0.77852709,0.758974667,Healthy,102.4169783,,,,845420,28.2955,41.548,370,4,43.84168123,0.571227117,2593.300300265004,3521.1083934917115,759.9784601228126,5.990523693612159,9.436570494557788,1.8695470119021191,17.296641200072063,2538.1282391853533,20511.0,404.0,760.0,940.0,1489.0,9060.0,36.0
Puttalam,North Western,2023,January,0.767493727,0.744257547,Healthy,102.9282833,302.4,290.4,3.9,845000,28.4807,39.7904,315,1,37.31274354,0.155866647,,,,,,,,,27890.0,685.0,586.0,288.0,1816.0,20200.0,60.0
Puttalam,North Western,2023,February,0.73972926,0.708381497,Healthy,104.13682,312.9,299.55,8.8,844500,27.6355,40.6839,297,1,35.26067765,0.147294546,,,,,,,,,27890.0,685.0,586.0,288.0,1816.0,20200.0,60.0
Puttalam,North Western,2023,March,0.714917117,0.685657533,Healthy,103.97653,328.1631579,299.6473684,21.31578947,844000,28.6265,38.6197,315,1,37.35695295,0.156051324,,,,,,,,,27890.0,685.0,586.0,288.0,1816.0,20200.0,60.0
Puttalam,North Western,2023,April,0.718799357,0.6956773,Healthy,103.1012613,322.8,301.2,11.6,843500,24.8022,34.9833,280,1,33.22586397,0.138794512,,,,,,,,,27890.0,685.0,586.0,288.0,1816.0,20200.0,60.0
Puttalam,North Western,2023,May,0.739528327,0.710992,Healthy,103.7493483,,,,843000,22.7944,35.7991,262,1,31.16772271,0.130197032,,,,,,,,,27890.0,685.0,586.0,288.0,1816.0,20200.0,60.0
Puttalam,North Western,2023,June,0.734114327,0.701750467,Healthy,104.30537,324.4,297.8,35.1,842500,20.4345,31.216,297,1,35.34438252,0.147644206,,,,,,,,,27890.0,685.0,586.0,288.0,1816.0,20200.0,60.0
Puttalam,North Western,2023,July,0.69535762,0.667962847,Healthy,103.8122213,319.5666667,296.9,12.4,842000,19.5815,31.0768,332,1,39.52600274,0.165112102,,,,,,,,,27890.0,685.0,586.0,288.0,1816.0,20200.0,60.0
Puttalam,North Western,2023,August,0.658247947,0.634589713,Degraded,103.4581233,324.2916667,298.6291667,24.025,841500,19.1095,30.888,367,1,43.71259221,0.182600756,,,,,,,,,27890.0,685.0,586.0,288.0,1816.0,20200.0,60.0
Puttalam,North Western,2023,September,0.687245763,0.638963233,Degraded,106.994555,,,,841000,23.5965,36.2521,420,1,49.98694933,0.208810649,,,,,,,,,27890.0,685.0,586.0,288.0,1816.0,20200.0,60.0
Puttalam,North Western,2023,October,0.745419,0.685679817,Healthy,108.1399133,316.7,292.4,14.7,840500,21.3742,32.0128,455,1,54.18474292,0.226346106,,,,,,,,,27890.0,685.0,586.0,288.0,1816.0,20200.0,60.0
Puttalam,North Western,2023,November,0.766488767,0.738979613,Healthy,103.501398,,,,840000,24.4956,33.9026,490,2,58.38753388,0.243902439,,,,,,,,,27890.0,685.0,586.0,288.0,1816.0,20200.0,60.0
Puttalam,North Western,2023,December,0.7705545,0.758974667,Healthy,101.43158,,,,839500,29.1405,42.916,472,1,56.33579802,0.235331716,,,,,,,,,27890.0,685.0,586.0,288.0,1816.0,20200.0,60.0
Puttalam,North Western,2024,January,0.763658217,0.744257547,Healthy,102.447498,,,,839000,28.6775,42.2926,339,1,40.40524434,0.218029594,,,,,,,,,74410.0,146.0,1027.0,715.0,1644.0,65289.0,94.0
Puttalam,North Western,2024,February,0.73039281,0.708381497,Healthy,102.89773,316.45,301.6,6.05,839000,29.3655,42.5313,320,1,38.16050854,0.205916839,,,,,,,,,74410.0,146.0,1027.0,715.0,1644.0,65289.0,94.0
Puttalam,North Western,2024,March,0.688939573,0.685657533,Healthy,100.4439347,327.5769231,303.9461538,24.56923077,839000,28.0995,41.5183,339,1,40.40524434,0.218029594,,,,,,,,,74410.0,146.0,1027.0,715.0,1644.0,65289.0,94.0
Puttalam,North Western,2024,April,0.69019812,0.6956773,Healthy,99.262878,317.9,300.5,5.9,839000,24.3162,37.9285,301,1,35.91577275,0.193804083,,,,,,,,,74410.0,146.0,1027.0,715.0,1644.0,65289.0,94.0
Puttalam,North Western,2024,May,0.72740028,0.710992,Healthy,102.1541087,,,,839000,21.9196,35.6843,282,1,33.67103695,0.181691328,,,,,,,,,74410.0,146.0,1027.0,715.0,1644.0,65289.0,94.0
Puttalam,North Western,2024,June,0.75276947,0.701750467,Healthy,106.7971533,,,,839000,21.9065,32.4666,320,1,38.16050854,0.205916839,,,,,,,,,74410.0,146.0,1027.0,715.0,1644.0,65289.0,94.0
Puttalam,North Western,2024,July,0.746371643,0.667962847,Healthy,110.9401153,308.8,294.9,6.0,839000,19.6913,31.0451,357,1,42.64998014,0.230142349,,,,,,,,,74410.0,146.0,1027.0,715.0,1644.0,65289.0,94.0
Puttalam,North Western,2024,August,0.729929867,0.634589713,Degraded,113.9300467,321.8,300.35,9.5,839000,20.3058,30.176,395,2,47.13945173,0.25436786,,,,,,,,,74410.0,146.0,1027.0,715.0,1644.0,65289.0,94.0
Puttalam,North Western,2024,September,0.726542983,0.638963233,Degraded,112.7241483,322.4,298.3,14.1,839000,23.6473,38.3631,452,2,53.87365912,0.290706125,,,,,,,,,74410.0,146.0,1027.0,715.0,1644.0,65289.0,94.0
Puttalam,North Western,2024,October,0.73997258,0.685679817,Healthy,107.41573,315.6,295.0,12.4,839000,22.0846,33.5073,489,2,58.36313071,0.314931636,,,,,,,,,74410.0,146.0,1027.0,715.0,1644.0,65289.0,94.0
Puttalam,North Western,2024,November,0.763134563,0.738979613,Healthy,103.0707,,,,839000,24.932,34.5046,527,2,62.8526023,0.339157146,,,,,,,,,74410.0,146.0,1027.0,715.0,1644.0,65289.0,94.0
Puttalam,North Western,2024,December,0.770293433,0.758974667,Healthy,101.399537,,,,839000,31.0014,41.0314,508,2,60.60786651,0.327044391,,,,,,,,,74410.0,146.0,1027.0,715.0,1644.0,65289.0,94.0
Ratnapura,Sabaragamuwa,2014,January,0.809179947,0.812101433,Healthy,99.66110833,313.6,294.1,7.6,1114000,32.0,22.77777778,841,4,75.56158865,0.38752901,,,,,,,,,859112.0,3851.0,20799.0,3851.0,38780.0,272885.0,79038.0
Ratnapura,Sabaragamuwa,2014,February,0.795771607,0.800161283,Healthy,99.483295,316.45,301.7,12.2,1114920,29.66666667,21.0,794,4,71.30483532,0.365697608,,,,,,,,,859112.0,3851.0,20799.0,3851.0,38780.0,272885.0,79038.0
Ratnapura,Sabaragamuwa,2014,March,0.786704613,0.796715597,Healthy,98.817787,,,,1115830,26.7407,20.11111111,841,4,75.43766502,0.386893449,,,,,,,,,859112.0,3851.0,20799.0,3851.0,38780.0,272885.0,79038.0
Ratnapura,Sabaragamuwa,2014,April,0.795732063,0.804190097,Healthy,99.00913667,,,,1116750,23.8148,17.2778,748,3,67.00046047,0.343621972,,,,,,,,,859112.0,3851.0,20799.0,3851.0,38780.0,272885.0,79038.0
Ratnapura,Sabaragamuwa,2014,May,0.806685147,0.80967919,Healthy,99.65169133,,,,1117670,20.88888889,14.44444444,701,3,62.76122779,0.321880428,,,,,,,,,859112.0,3851.0,20799.0,3851.0,38780.0,272885.0,79038.0
Ratnapura,Sabaragamuwa,2014,June,0.80077376,0.806729167,Healthy,99.30433133,,,,1118580,18.55555556,14.0,794,4,71.0715255,0.364501043,,,,,,,,,859112.0,3851.0,20799.0,3851.0,38780.0,272885.0,79038.0
Ratnapura,Sabaragamuwa,2014,July,0.784266367,0.794823417,Healthy,98.75007,,,,1119500,17.0,16.66666667,888,4,79.36760386,0.407048733,,,,,,,,,859112.0,3851.0,20799.0,3851.0,38780.0,272885.0,79038.0
Ratnapura,Sabaragamuwa,2014,August,0.77475462,0.78350999,Healthy,98.94997167,319.4571429,295.5714286,11.84285714,1120420,18.44444444,13.0,982,5,87.65005806,0.449526549,,,,,,,,,859112.0,3851.0,20799.0,3851.0,38780.0,272885.0,79038.0
Ratnapura,Sabaragamuwa,2014,September,0.781221867,0.782176617,Healthy,99.88460533,322.3,304.6,12.8,1121330,20.33333333,14.22222222,1122,5,100.0902021,0.513327706,,,,,,,,,859112.0,3851.0,20799.0,3851.0,38780.0,272885.0,79038.0
Ratnapura,Sabaragamuwa,2014,October,0.8049833,0.795774173,Healthy,101.08772,,,,1122250,18.66666667,13.33333333,1215,6,108.3421625,0.55564913,,,,,,,,,859112.0,3851.0,20799.0,3851.0,38780.0,272885.0,79038.0
Ratnapura,Sabaragamuwa,2014,November,0.821001817,0.812791013,Healthy,100.952127,,,,1123170,33.55555556,24.44444444,1309,6,116.5806044,0.597901222,,,,,,,,,859112.0,3851.0,20799.0,3851.0,38780.0,272885.0,79038.0
Ratnapura,Sabaragamuwa,2014,December,0.826290367,0.81920739,Healthy,100.81487,,,,1124080,38.0,28.0,1262,6,112.3260041,0.576080862,,,,,,,,,859112.0,3851.0,20799.0,3851.0,38780.0,272885.0,79038.0
Ratnapura,Sabaragamuwa,2015,January,0.81887622,0.812101433,Healthy,100.7855867,,,,1125000,26.77777778,44.33333333,902,6,80.18211382,0.611382114,1830.2562770496618,3550.439066965224,113.38413570556428,4.2278919999847195,9.5151766994668,0.2789249738356881,14.021993673287207,,1337814.0,4140.0,39456.0,5356.0,105628.0,370889.0,129547.0
Ratnapura,Sabaragamuwa,2015,February,0.806918487,0.800161283,Healthy,100.7950833,315.1,296.3,8.25,1126080,28.77777778,46.33333333,851,6,75.65492322,0.576862653,1830.2562770496618,3550.439066965224,113.38413570556428,4.2278919999847195,9.5151766994668,0.2789249738356881,14.021993673287207,,1337814.0,4140.0,39456.0,5356.0,105628.0,370889.0,129547.0
Ratnapura,Sabaragamuwa,2015,March,0.807820933,0.796715597,Healthy,101.3114253,,,,1127170,29.33333333,48.22222222,902,6,80.02774918,0.610205096,1830.2562770496618,3550.439066965224,113.38413570556428,4.2278919999847195,9.5151766994668,0.2789249738356881,14.021993673287207,,1337814.0,4140.0,39456.0,5356.0,105628.0,370889.0,129547.0
Ratnapura,Sabaragamuwa,2015,April,0.819979583,0.804190097,Healthy,101.8483017,,,,1128250,22.77777778,49.44444444,801,6,71.06768342,0.541885321,1830.2562770496618,3550.439066965224,113.38413570556428,4.2278919999847195,9.5151766994668,0.2789249738356881,14.021993673287207,,1337814.0,4140.0,39456.0,5356.0,105628.0,370889.0,129547.0
Ratnapura,Sabaragamuwa,2015,May,0.825577457,0.80967919,Healthy,101.8493283,,,,1129330,21.88888889,47.88888889,751,5,66.56223753,0.507531662,1830.2562770496618,3550.439066965224,113.38413570556428,4.2278919999847195,9.5151766994668,0.2789249738356881,14.021993673287207,,1337814.0,4140.0,39456.0,5356.0,105628.0,370889.0,129547.0
Ratnapura,Sabaragamuwa,2015,June,0.8216935,0.806729167,Healthy,101.7466317,,,,1130420,21.22222222,38.77777778,851,6,75.36446271,0.574647915,1830.2562770496618,3550.439066965224,113.38413570556428,4.2278919999847195,9.5151766994668,0.2789249738356881,14.021993673287207,,1337814.0,4140.0,39456.0,5356.0,105628.0,370889.0,129547.0
Ratnapura,Sabaragamuwa,2015,July,0.815093813,0.794823417,Healthy,102.4009447,,,,1131500,20.0,36.4444,952,7,84.15047297,0.64164053,1830.2562770496618,3550.439066965224,113.38413570556428,4.2278919999847195,9.5151766994668,0.2789249738356881,14.021993673287207,,1337814.0,4140.0,39456.0,5356.0,105628.0,370889.0,129547.0
Ratnapura,Sabaragamuwa,2015,August,0.814977133,0.78350999,Healthy,103.7761183,,,,1132580,18.77777778,34.11111111,1052,8,92.91972699,0.708505381,1830.2562770496618,3550.439066965224,113.38413570556428,4.2278919999847195,9.5151766994668,0.2789249738356881,14.021993673287207,,1337814.0,4140.0,39456.0,5356.0,105628.0,370889.0,129547.0
Ratnapura,Sabaragamuwa,2015,September,0.819781747,0.782176617,Healthy,104.5188423,,,,1133670,22.66666667,46.22222222,1202,9,106.0918704,0.808941906,1830.2562770496618,3550.439066965224,113.38413570556428,4.2278919999847195,9.5151766994668,0.2789249738356881,14.021993673287207,,1337814.0,4140.0,39456.0,5356.0,105628.0,370889.0,129547.0
Ratnapura,Sabaragamuwa,2015,October,0.8294407,0.795774173,Healthy,103.982645,315.2,295.7,11.7,1134750,25.33333333,40.22222222,1302,9,114.8234721,0.875519661,1830.2562770496618,3550.439066965224,113.38413570556428,4.2278919999847195,9.5151766994668,0.2789249738356881,14.021993673287207,,1337814.0,4140.0,39456.0,5356.0,105628.0,370889.0,129547.0
Ratnapura,Sabaragamuwa,2015,November,0.836570967,0.812791013,Healthy,102.7572267,,,,1135830,23.77777778,38.66666667,1403,10,123.5384689,0.941970805,1830.2562770496618,3550.439066965224,113.38413570556428,4.2278919999847195,9.5151766994668,0.2789249738356881,14.021993673287207,,1337814.0,4140.0,39456.0,5356.0,105628.0,370889.0,129547.0
Ratnapura,Sabaragamuwa,2015,December,0.836573123,0.81920739,Healthy,101.9978953,,,,1136920,32.66666667,39.0,1353,10,119.0121707,0.907458148,1830.2562770496618,3550.439066965224,113.38413570556428,4.2278919999847195,9.5151766994668,0.2789249738356881,14.021993673287207,,1337814.0,4140.0,39456.0,5356.0,105628.0,370889.0,129547.0
Ratnapura,Sabaragamuwa,2016,January,0.82523547,0.812101433,Healthy,101.5231567,310.75,298.2,4.1,1138000,31.44444444,47.77777778,772,4,67.88546444,0.366496635,,,,,,,,,986656.0,2685.0,26887.0,5271.0,45172.0,340129.0,56945.0
Ratnapura,Sabaragamuwa,2016,February,0.811587,0.800161283,Healthy,101.3438183,315.0,290.55,9.1,1138830,35.11111111,50.44444444,729,3,64.06732227,0.345883441,,,,,,,,,986656.0,2685.0,26887.0,5271.0,45172.0,340129.0,56945.0
Ratnapura,Sabaragamuwa,2016,March,0.805585467,0.796715597,Healthy,101.0476133,317.9333333,304.6,8.266666667,1139670,31.55555556,50.66666667,772,4,67.7859894,0.365959594,,,,,,,,,986656.0,2685.0,26887.0,5271.0,45172.0,340129.0,56945.0
Ratnapura,Sabaragamuwa,2016,April,0.8160583,0.804190097,Healthy,101.3886667,325.25,300.05,15.75,1140500,28.44444444,52.44444444,686,3,60.21036273,0.325060682,,,,,,,,,986656.0,2685.0,26887.0,5271.0,45172.0,340129.0,56945.0
Ratnapura,Sabaragamuwa,2016,May,0.830025267,0.80967919,Healthy,102.3666283,,,,1141330,31.0,52.77777778,643,3,56.40616542,0.304522772,,,,,,,,,986656.0,2685.0,26887.0,5271.0,45172.0,340129.0,56945.0
Ratnapura,Sabaragamuwa,2016,June,0.82301599,0.806729167,Healthy,101.9002433,,,,1142170,28.77777778,46.44444444,729,3,63.87997287,0.344871988,,,,,,,,,986656.0,2685.0,26887.0,5271.0,45172.0,340129.0,56945.0
Ratnapura,Sabaragamuwa,2016,July,0.805252453,0.794823417,Healthy,101.2344033,327.7142857,299.7571429,17.54285714,1143000,25.1667,44.9444,815,4,71.34341947,0.385165269,,,,,,,,,986656.0,2685.0,26887.0,5271.0,45172.0,340129.0,56945.0
Ratnapura,Sabaragamuwa,2016,August,0.792562643,0.78350999,Healthy,101.08568,316.3,297.9125,10.9375,1143830,21.55555556,43.44444444,901,4,78.79603463,0.425400073,,,,,,,,,986656.0,2685.0,26887.0,5271.0,45172.0,340129.0,56945.0
Ratnapura,Sabaragamuwa,2016,September,0.778702133,0.782176617,Healthy,99.58342133,315.6,297.4666667,10.73333333,1144670,22.0,40.44444444,1030,5,89.98652716,0.485814742,,,,,,,,,986656.0,2685.0,26887.0,5271.0,45172.0,340129.0,56945.0
Ratnapura,Sabaragamuwa,2016,October,0.784532993,0.795774173,Healthy,98.67056133,313.0,295.9,32.1,1145500,27.22222222,54.55555556,1115,6,97.414769,0.525917961,,,,,,,,,986656.0,2685.0,26887.0,5271.0,45172.0,340129.0,56945.0
Ratnapura,Sabaragamuwa,2016,November,0.80839628,0.812791013,Healthy,99.48952867,,,,1146330,28.44444444,44.22222222,1201,6,104.832254,0.565963106,,,,,,,,,986656.0,2685.0,26887.0,5271.0,45172.0,340129.0,56945.0
Ratnapura,Sabaragamuwa,2016,December,0.821995027,0.81920739,Healthy,100.3206883,,,,1147170,31.33333333,46.77777778,1158,6,101.0142244,0.54535052,,,,,,,,,986656.0,2685.0,26887.0,5271.0,45172.0,340129.0,56945.0
Ratnapura,Sabaragamuwa,2017,January,0.81727006,0.812101433,Healthy,100.599815,,,,1148000,35.1014,43.0286,462,5,40.30126625,0.439789241,,,,,,,,,903306.0,3331.0,16742.0,8689.0,39182.0,344380.0,23537.0
Ratnapura,Sabaragamuwa,2017,February,0.80949103,0.800161283,Healthy,101.0979317,315.8,301.55,11.15,1149250,36.4004,44.0662,436,4,38.02090794,0.414904736,,,,,,,,,903306.0,3331.0,16742.0,8689.0,39182.0,344380.0,23537.0
Ratnapura,Sabaragamuwa,2017,March,0.809511103,0.796715597,Healthy,101.5112283,,,,1150500,33.4683,44.2247,462,5,40.21369288,0.438833593,,,,,,,,,903306.0,3331.0,16742.0,8689.0,39182.0,344380.0,23537.0
Ratnapura,Sabaragamuwa,2017,April,0.813793813,0.804190097,Healthy,101.1246117,,,,1151750,29.1401,41.8977,411,4,35.70671001,0.389650955,,,,,,,,,903306.0,3331.0,16742.0,8689.0,39182.0,344380.0,23537.0
Ratnapura,Sabaragamuwa,2017,May,0.821668827,0.80967919,Healthy,101.3945847,,,,1153000,28.0814,40.2803,385,4,33.43874939,0.364901741,,,,,,,,,903306.0,3331.0,16742.0,8689.0,39182.0,344380.0,23537.0
Ratnapura,Sabaragamuwa,2017,June,0.825980543,0.806729167,Healthy,102.2475717,,,,1154250,26.3772,34.9275,436,4,37.85620832,0.413107445,,,,,,,,,903306.0,3331.0,16742.0,8689.0,39182.0,344380.0,23537.0
Ratnapura,Sabaragamuwa,2017,July,0.815634247,0.794823417,Healthy,102.4627867,318.2,295.0,20.8,1155500,23.9729,36.3193,488,5,42.26410979,0.461208853,,,,,,,,,903306.0,3331.0,16742.0,8689.0,39182.0,344380.0,23537.0
Ratnapura,Sabaragamuwa,2017,August,0.803599993,0.78350999,Healthy,102.41072,,,,1156750,22.6946,31.8638,539,5,46.66248478,0.509206302,,,,,,,,,903306.0,3331.0,16742.0,8689.0,39182.0,344380.0,23537.0
Ratnapura,Sabaragamuwa,2017,September,0.811322503,0.782176617,Healthy,103.5019537,314.2,296.6,15.0,1158000,24.7544,36.4193,616,6,53.27098867,0.581321875,,,,,,,,,903306.0,3331.0,16742.0,8689.0,39182.0,344380.0,23537.0
Ratnapura,Sabaragamuwa,2017,October,0.823629643,0.795774173,Healthy,103.29564,,,,1159250,27.7831,37.368,668,7,57.64800973,0.629086299,,,,,,,,,903306.0,3331.0,16742.0,8689.0,39182.0,344380.0,23537.0
Ratnapura,Sabaragamuwa,2017,November,0.830047477,0.812791013,Healthy,102.0010153,316.3,295.2,13.05,1160500,32.9735,43.0201,719,7,62.01560163,0.676747827,,,,,,,,,903306.0,3331.0,16742.0,8689.0,39182.0,344380.0,23537.0
Ratnapura,Sabaragamuwa,2017,December,0.832161413,0.81920739,Healthy,101.4903367,,,,1161750,39.1477,45.0292,693,7,59.73641531,0.651876112,,,,,,,,,903306.0,3331.0,16742.0,8689.0,39182.0,344380.0,23537.0
Ratnapura,Sabaragamuwa,2018,January,0.8251099,0.812101433,Healthy,101.5092753,311.4,292.9,11.05,1163000,36.9597,46.7585,1623,5,139.615796,0.471866284,,,,,,,,,961598.0,2957.0,16931.0,7055.0,80776.0,339763.0,20063.0
Ratnapura,Sabaragamuwa,2018,February,0.816990723,0.800161283,Healthy,101.9799067,,,,1163670,37.6189,45.579,1533,5,131.7834429,0.4453949,,,,,,,,,961598.0,2957.0,16931.0,7055.0,80776.0,339763.0,20063.0
Ratnapura,Sabaragamuwa,2018,March,0.8148037,0.796715597,Healthy,102.136308,,,,1164330,36.0251,46.0362,1623,5,139.4563146,0.471327276,,,,,,,,,961598.0,2957.0,16931.0,7055.0,80776.0,339763.0,20063.0
Ratnapura,Sabaragamuwa,2018,April,0.82136883,0.804190097,Healthy,102.011105,,,,1165000,30.9644,45.1404,1443,4,123.8898775,0.418716634,,,,,,,,,961598.0,2957.0,16931.0,7055.0,80776.0,339763.0,20063.0
Ratnapura,Sabaragamuwa,2018,May,0.82769907,0.80967919,Healthy,102.0961067,,,,1165670,30.1313,42.6451,1353,4,116.0800017,0.392321217,,,,,,,,,961598.0,2957.0,16931.0,7055.0,80776.0,339763.0,20063.0
Ratnapura,Sabaragamuwa,2018,June,0.82267372,0.806729167,Healthy,101.8607633,,,,1166330,27.5603,36.4956,1533,5,131.4828899,0.444379106,,,,,,,,,961598.0,2957.0,16931.0,7055.0,80776.0,339763.0,20063.0
Ratnapura,Sabaragamuwa,2018,July,0.805896287,0.794823417,Healthy,101.30987,329.7,299.0,22.0,1167000,25.4362,38.4812,1713,5,146.8670972,0.496373858,,,,,,,,,961598.0,2957.0,16931.0,7055.0,80776.0,339763.0,20063.0
Ratnapura,Sabaragamuwa,2018,August,0.791216933,0.78350999,Healthy,100.9245933,315.925,289.05,17.45,1167670,24.1336,33.4426,1894,6,162.2336498,0.548308942,,,,,,,,,961598.0,2957.0,16931.0,7055.0,80776.0,339763.0,20063.0
Ratnapura,Sabaragamuwa,2018,September,0.794266683,0.782176617,Healthy,101.4521247,312.7,296.55,10.9,1168330,26.1284,37.6336,2164,7,185.3051458,0.626284797,,,,,,,,,961598.0,2957.0,16931.0,7055.0,80776.0,339763.0,20063.0
Ratnapura,Sabaragamuwa,2018,October,0.81566479,0.795774173,Healthy,102.351872,,,,1169000,29.2649,39.4605,2345,7,200.6321851,0.678086336,,,,,,,,,961598.0,2957.0,16931.0,7055.0,80776.0,339763.0,20063.0
Ratnapura,Sabaragamuwa,2018,November,0.828098467,0.812791013,Healthy,101.7750167,,,,1169670,34.1674,44.7921,2525,8,215.9416654,0.72982853,,,,,,,,,961598.0,2957.0,16931.0,7055.0,80776.0,339763.0,20063.0
Ratnapura,Sabaragamuwa,2018,December,0.827522177,0.81920739,Healthy,100.95662,,,,1170330,41.6594,47.994,2435,8,208.1120334,0.703366343,,,,,,,,,961598.0,2957.0,16931.0,7055.0,80776.0,339763.0,20063.0
Ratnapura,Sabaragamuwa,2019,January,0.816043813,0.812101433,Healthy,100.4571013,,,,1171000,37.3105,46.3902,908,3,77.56972361,0.306179834,2578.502772870262,3583.8156974419835,179.4813392389923,5.956341405330306,9.604626069144514,0.441524094527921,16.002491569002743,,734606.0,1613.0,13459.0,3738.0,38232.0,284301.0,15490.0
Ratnapura,Sabaragamuwa,2019,February,0.804562337,0.800161283,Healthy,100.517763,,,,1171670,38.4179,48.2181,857,3,73.21840184,0.289004486,2578.502772870262,3583.8156974419835,179.4813392389923,5.956341405330306,9.604626069144514,0.441524094527921,16.002491569002743,,734606.0,1613.0,13459.0,3738.0,38232.0,284301.0,15490.0
Ratnapura,Sabaragamuwa,2019,March,0.799570043,0.796715597,Healthy,100.3372467,318.1,299.5,11.8,1172330,35.8193,47.103,908,3,77.48172131,0.305832475,2578.502772870262,3583.8156974419835,179.4813392389923,5.956341405330306,9.604626069144514,0.441524094527921,16.002491569002743,,734606.0,1613.0,13459.0,3738.0,38232.0,284301.0,15490.0
Ratnapura,Sabaragamuwa,2019,April,0.802771267,0.804190097,Healthy,99.83411667,317.2,300.4,7.8,1173000,31.5056,45.2744,807,3,68.83330214,0.271695812,2578.502772870262,3583.8156974419835,179.4813392389923,5.956341405330306,9.604626069144514,0.441524094527921,16.002491569002743,,734606.0,1613.0,13459.0,3738.0,38232.0,284301.0,15490.0
Ratnapura,Sabaragamuwa,2019,May,0.81098918,0.80967919,Healthy,100.15229,,,,1173670,30.256,44.1991,756,2,64.49438254,0.254569417,2578.502772870262,3583.8156974419835,179.4813392389923,5.956341405330306,9.604626069144514,0.441524094527921,16.002491569002743,,734606.0,1613.0,13459.0,3738.0,38232.0,284301.0,15490.0
Ratnapura,Sabaragamuwa,2019,June,0.815994407,0.806729167,Healthy,101.0820887,,,,1174330,28.6321,38.759,857,3,73.05255327,0.288349856,2578.502772870262,3583.8156974419835,179.4813392389923,5.956341405330306,9.604626069144514,0.441524094527921,16.002491569002743,,734606.0,1613.0,13459.0,3738.0,38232.0,284301.0,15490.0
Ratnapura,Sabaragamuwa,2019,July,0.815921867,0.794823417,Healthy,102.4994967,323.4,300.8,17.2,1175000,25.3411,39.6531,958,3,81.60041515,0.322089604,2578.502772870262,3583.8156974419835,179.4813392389923,5.956341405330306,9.604626069144514,0.441524094527921,16.002491569002743,,734606.0,1613.0,13459.0,3738.0,38232.0,284301.0,15490.0
Ratnapura,Sabaragamuwa,2019,August,0.819493183,0.78350999,Healthy,104.31831,,,,1175670,24.3047,35.2121,1059,4,90.13853439,0.355790896,2578.502772870262,3583.8156974419835,179.4813392389923,5.956341405330306,9.604626069144514,0.441524094527921,16.002491569002743,,734606.0,1613.0,13459.0,3738.0,38232.0,284301.0,15490.0
Ratnapura,Sabaragamuwa,2019,September,0.8274386,0.782176617,Healthy,105.4389683,,,,1176330,27.1135,39.3843,1211,4,102.9576693,0.406390027,2578.502772870262,3583.8156974419835,179.4813392389923,5.956341405330306,9.604626069144514,0.441524094527921,16.002491569002743,,734606.0,1613.0,13459.0,3738.0,38232.0,284301.0,15490.0
Ratnapura,Sabaragamuwa,2019,October,0.831547847,0.795774173,Healthy,104.23362,,,,1177000,30.0556,40.6104,1312,5,111.473983,0.44000525,2578.502772870262,3583.8156974419835,179.4813392389923,5.956341405330306,9.604626069144514,0.441524094527921,16.002491569002743,,734606.0,1613.0,13459.0,3738.0,38232.0,284301.0,15490.0
Ratnapura,Sabaragamuwa,2019,November,0.83223948,0.812791013,Healthy,102.2555567,,,,1177670,35.5472,45.1429,1412,5,119.9806066,0.473582224,2578.502772870262,3583.8156974419835,179.4813392389923,5.956341405330306,9.604626069144514,0.441524094527921,16.002491569002743,,734606.0,1613.0,13459.0,3738.0,38232.0,284301.0,15490.0
Ratnapura,Sabaragamuwa,2019,December,0.831941333,0.81920739,Healthy,101.4650153,,,,1178330,42.9002,49.0275,1362,5,115.6307821,0.456412786,2578.502772870262,3583.8156974419835,179.4813392389923,5.956341405330306,9.604626069144514,0.441524094527921,16.002491569002743,,734606.0,1613.0,13459.0,3738.0,38232.0,284301.0,15490.0
Ratnapura,Sabaragamuwa,2020,January,0.819395023,0.812101433,Healthy,100.8449287,,,,1179000,29.0798,35.625,765,3,64.89170235,0.304102278,72.31415022682796,91.1960556669696,4.905259451014781,0.1670456870239726,0.2444054291874785,0.0120669382494963,0.4235180544609475,73.13545839518711,405256.0,578.0,9532.0,3000.0,21021.0,151634.0,7150.0
Ratnapura,Sabaragamuwa,2020,February,0.796296607,0.800161283,Healthy,99.54434,315.8,294.2,12.4,1179920,29.7559,35.7189,722,3,61.23882176,0.286983767,65.2245276555703,82.25526589569805,4.424351661699605,0.1506686588843674,0.2204441126004707,0.010883905087781,0.3819966765726191,65.96531541526682,405256.0,578.0,9532.0,3000.0,21021.0,151634.0,7150.0
Ratnapura,Sabaragamuwa,2020,March,0.786528383,0.796715597,Healthy,98.79679333,323.65,304.05,25.35,1180830,27.3688,36.4245,765,3,64.79113596,0.303630993,266.56980867928735,336.17369539980945,18.08213287825056,0.6157762580491538,0.9009455036714894,0.0444820468804963,1.5612038086011395,269.5973760450035,405256.0,578.0,9532.0,3000.0,21021.0,151634.0,7150.0
Ratnapura,Sabaragamuwa,2020,April,0.804838267,0.804190097,Healthy,100.0741433,,,,1181750,23.283,34.8864,680,3,57.54728501,0.269684102,2192.820261289989,2765.386276254284,148.7447792351835,5.065414803579874,7.4112352203614815,0.3659121569185513,12.842562180859908,2217.725223689351,405256.0,578.0,9532.0,3000.0,21021.0,151634.0,7150.0
Ratnapura,Sabaragamuwa,2020,May,0.826507683,0.80967919,Healthy,101.9573647,,,,1182670,23.4625,32.491,637,2,53.9086115,0.252632169,3194.5839306086937,4028.719870934951,216.69704986541768,7.379488879706082,10.79696925410567,0.5330747426689273,18.70953287648068,3230.86642675209,405256.0,578.0,9532.0,3000.0,21021.0,151634.0,7150.0
Ratnapura,Sabaragamuwa,2020,June,0.833278657,0.806729167,Healthy,103.09961,,,,1183580,21.1329,28.5779,722,3,61.04945214,0.286096323,3809.963169793856,4804.780423081318,258.4398459779748,8.801014922223807,12.876811533857934,0.6357620211058177,22.31358847718756,3853.234837409172,405256.0,578.0,9532.0,3000.0,21021.0,151634.0,7150.0
Ratnapura,Sabaragamuwa,2020,July,0.833003037,0.794823417,Healthy,104.5208153,,,,1184500,19.8744,29.8946,807,3,68.17874511,0.319506361,3405.8546832321717,4295.155406118842,231.02810198700985,7.867524318266316,11.511016488398498,0.568329130888044,19.946869937552854,3444.536687553715,405256.0,578.0,9532.0,3000.0,21021.0,151634.0,7150.0
Ratnapura,Sabaragamuwa,2020,August,0.823168823,0.78350999,Healthy,104.757625,,,,1185420,18.6125,25.9604,892,4,75.29697203,0.35286454,2977.6414799282093,3755.1317039340415,201.9812715123733,6.878351818634164,10.063752966543232,0.4968739279204381,17.438978713097832,3011.460051566529,405256.0,578.0,9532.0,3000.0,21021.0,151634.0,7150.0
Ratnapura,Sabaragamuwa,2020,September,0.813263867,0.782176617,Healthy,103.736488,,,,1186330,20.9147,30.1358,1020,4,85.98767299,0.40296442,2906.745254215633,3665.723806221326,197.17219361922156,6.714581537238113,9.824139800673157,0.4850435963032848,17.02376493421455,2939.7586217673256,405256.0,578.0,9532.0,3000.0,21021.0,151634.0,7150.0
Ratnapura,Sabaragamuwa,2020,October,0.809412933,0.795774173,Healthy,101.6164933,314.65,297.25,10.95,1187250,22.8273,30.7653,1105,5,93.08112791,0.43620651,2871.297141359345,3621.0198573649686,194.76765467264568,6.632696396540086,9.704333217738116,0.4791284304947082,16.81615804477291,2903.907906867724,405256.0,578.0,9532.0,3000.0,21021.0,151634.0,7150.0
Ratnapura,Sabaragamuwa,2020,November,0.814613887,0.812791013,Healthy,100.2117033,,,,1188170,27.7281,34.8238,1190,5,100.1635979,0.469397121,2764.9528027904807,3486.908010795896,187.55403783291808,6.387040974446011,9.344913468933004,0.4613829330689784,16.193337376447992,2796.3557621689192,405256.0,578.0,9532.0,3000.0,21021.0,151634.0,7150.0
Ratnapura,Sabaragamuwa,2020,December,0.82471727,0.81920739,Healthy,100.63388,,,,1189080,32.2157,37.4995,1147,5,96.51240927,0.452286539,2694.056577077904,3397.500113083181,182.74495993976635,6.223270693049959,9.105300303062926,0.4495526014518251,15.77812359756471,2724.6543323697165,405256.0,578.0,9532.0,3000.0,21021.0,151634.0,7150.0
Ratnapura,Sabaragamuwa,2021,January,0.831329923,0.812101433,Healthy,102.2317647,,,,1190000,32.4734,40.6958,387,2,32.58864521,0.19061283,78.2699774084714,108.0365984859476,5.224503840865771,0.1808036478135689,0.2895380839423395,0.0128522794485297,0.4831940112044382,73.42773513555746,33850.0,281.0,771.0,2593.0,3495.0,8011.0,2093.0
Ratnapura,Sabaragamuwa,2021,February,0.8212827,0.800161283,Healthy,102.4839887,,,,1190250,33.1003,40.2174,366,2,30.77170028,0.179985417,70.59645021156241,97.4447751049723,4.71229758195736,0.1630777999887092,0.2611519972813257,0.0115922520516151,0.43582204932165,66.2289375732479,33850.0,281.0,771.0,2593.0,3495.0,8011.0,2093.0
Ratnapura,Sabaragamuwa,2021,March,0.81234105,0.796715597,Healthy,101.8455517,,,,1190500,31.013,40.793,387,2,32.57495826,0.190532775,288.5246226037769,398.2525591246695,19.25895533495617,0.6664918782147246,1.0673168584541142,0.0473770301239921,1.7811857667928308,270.6747883428393,33850.0,281.0,771.0,2593.0,3495.0,8011.0,2093.0
Ratnapura,Sabaragamuwa,2021,April,0.817367833,0.804190097,Healthy,101.5426387,,,,1190750,26.7648,39.2502,344,2,28.94943919,0.169326908,2373.421962003941,3276.0509717356454,158.42539588037084,5.482604732229104,8.77981660425153,0.3897264738657122,14.652147810346346,2226.5880860223456,33850.0,281.0,771.0,2593.0,3495.0,8011.0,2093.0
Ratnapura,Sabaragamuwa,2021,May,0.8267707,0.80967919,Healthy,101.988052,,,,1191000,26.3275,36.7291,323,1,27.13440233,0.158710655,3457.691354927177,4772.675615467449,230.80014026412903,7.98726702988178,12.790770649452764,0.5677683450497573,21.3458060243843,3243.7781815766857,33850.0,281.0,771.0,2593.0,3495.0,8011.0,2093.0
Ratnapura,Sabaragamuwa,2021,June,0.82995025,0.806729167,Healthy,102.7108873,,,,1191250,24.6411,32.9171,366,2,30.74586884,0.179834327,4123.753515618874,5692.045884936098,275.25964353737885,9.5258706210796,15.254682971628746,0.6771387231019518,25.45769231581029,3868.6338099851546,33850.0,281.0,771.0,2593.0,3495.0,8011.0,2093.0
Ratnapura,Sabaragamuwa,2021,July,0.825752733,0.794823417,Healthy,103.66212,,,,1191500,22.2046,33.6924,409,2,34.35581985,0.200949135,3686.362465395064,5088.311952220511,246.0638867795996,8.515497295062598,13.63667603195097,0.6053171614778149,22.75749048849138,3458.30234893351,33850.0,281.0,771.0,2593.0,3495.0,8011.0,2093.0
Ratnapura,Sabaragamuwa,2021,August,0.81968301,0.78350999,Healthy,104.340205,,,,1191750,20.7895,29.8164,452,2,37.96425629,0.222055084,3222.881422701763,4448.565820009605,215.12662874153168,7.444856086441072,11.922156397625743,0.5292115067041678,19.89622399077098,3023.494976170013,33850.0,281.0,771.0,2593.0,3495.0,8011.0,2093.0
Ratnapura,Sabaragamuwa,2021,September,0.817405533,0.782176617,Healthy,104.23379,,,,1192000,22.9877,33.8101,517,3,43.37862171,0.253724014,3146.146150732673,4342.647586199852,210.0045661524476,7.267597608192475,11.638295531015606,0.516611232735021,19.4225043719431,2951.5070005469174,33850.0,281.0,771.0,2593.0,3495.0,8011.0,2093.0
Ratnapura,Sabaragamuwa,2021,October,0.822370967,0.795774173,Healthy,103.1468253,,,,1192250,25.5491,35.031,560,3,46.98365289,0.274810045,3107.778514748128,4289.688469294976,207.44353485790555,7.178968369068176,11.496365097710536,0.5103110957504475,19.18564456252916,2915.51301273537,33850.0,281.0,771.0,2593.0,3495.0,8011.0,2093.0
Ratnapura,Sabaragamuwa,2021,November,0.82992372,0.812791013,Healthy,101.98674,,,,1192500,30.1834,39.4269,603,3,50.58717254,0.295887236,2992.6756067944943,4130.811118580348,199.76044097427945,6.9130806516952825,11.070573797795335,0.4914106847967273,18.47506513428734,2807.5310493007264,33850.0,281.0,771.0,2593.0,3495.0,8011.0,2093.0
Ratnapura,Sabaragamuwa,2021,December,0.83014529,0.81920739,Healthy,101.258405,,,,1192750,35.795,42.4827,581,3,48.77026343,0.285260031,2915.9403348254045,4024.892884770596,194.63837838519532,6.735822173446685,10.786712931185198,0.4788104108275804,18.001345515459462,2735.543073677631,33850.0,281.0,771.0,2593.0,3495.0,8011.0,2093.0
Ratnapura,Sabaragamuwa,2022,January,0.82495581,0.812101433,Healthy,101.4916783,311.1,293.9,7.5,1193000,33.6792,42.692,816,6,68.43579417,0.539733813,68.00629464398878,97.1143510702827,2.8260068597244183,0.157094540627614,0.2602664608683576,0.006951976874922,0.4243129783708938,73.5790017970154,20511.0,404.0,760.0,940.0,1489.0,9060.0,36.0
Ratnapura,Sabaragamuwa,2022,February,0.81855709,0.800161283,Healthy,102.164352,,,,1192580,34.7385,42.9702,771,6,64.65656818,0.509928123,61.33901085536241,87.59333625947063,2.548947363673004,0.1416931150758871,0.2347501411753813,0.0062704105146355,0.382713666765904,66.36537416985702,20511.0,404.0,760.0,940.0,1489.0,9060.0,36.0
Ratnapura,Sabaragamuwa,2022,March,0.817035453,0.796715597,Healthy,102.399884,,,,1192170,32.4582,42.9085,816,6,68.48343981,0.540109581,250.6898704523508,357.99015688653225,10.417437051533147,0.5790936007449302,0.9594136204559064,0.0256268951467715,1.564134116347608,271.2323987811548,20511.0,404.0,760.0,940.0,1489.0,9060.0,36.0
Ratnapura,Sabaragamuwa,2022,April,0.822488247,0.804190097,Healthy,102.1424133,,,,1191750,27.777,41.692,725,5,60.89562217,0.480266603,2062.1908758221302,2944.8498809841603,85.6945021287022,4.7636609231491205,7.8921976810375485,0.2108084752366074,12.866667079423278,2231.1750250800847,20511.0,404.0,760.0,940.0,1489.0,9060.0,36.0
Ratnapura,Sabaragamuwa,2022,May,0.82407126,0.80967919,Healthy,101.674188,,,,1191330,26.8486,38.5557,680,5,57.10977258,0.450408674,3004.278075155033,4290.1692737519,124.84300892076692,6.939882353608127,11.49765365365509,0.3071138019450866,18.74464980920831,3250.460608797562,20511.0,404.0,760.0,940.0,1489.0,9060.0,36.0
Ratnapura,Sabaragamuwa,2022,June,0.817467253,0.806729167,Healthy,101.2534573,,,,1190920,24.9952,34.7091,771,6,64.7466917,0.510638902,3582.9983080078,5116.593359330383,148.89177317802958,8.276726091498016,13.712470203005424,0.3662737620179527,22.355470056521398,3876.603486834909,20511.0,404.0,760.0,940.0,1489.0,9060.0,36.0
Ratnapura,Sabaragamuwa,2022,July,0.813716943,0.794823417,Healthy,102.23827,303.2,291.6,5.9,1190500,23.6146,35.628,861,6,72.38947904,0.570915411,3202.9631320560984,4573.895515114098,133.09938190309904,7.398844835049586,12.258039980505782,0.3274244794816236,19.984309295036997,3465.4267120868817,20511.0,404.0,760.0,940.0,1489.0,9060.0,36.0
Ratnapura,Sabaragamuwa,2022,August,0.808267247,0.78350999,Healthy,102.9699847,,,,1190080,21.9282,30.6507,952,7,80.03766092,0.631234465,2800.259191223067,3998.826220541051,116.36498834159366,6.468598731725284,10.716854271050016,0.2862578713203204,17.471710874095624,3029.7236034065163,20511.0,404.0,760.0,940.0,1489.0,9060.0,36.0
Ratnapura,Sabaragamuwa,2022,September,0.800956457,0.782176617,Healthy,102.25705,313.0,296.4,11.1,1189670,24.2011,35.6128,1088,8,91.50313666,0.721659439,2733.5863533368038,3903.61607243293,113.59439338107951,6.314584476208014,10.461691074120251,0.2794422077174556,17.055717758045727,2957.5873271349324,20511.0,404.0,760.0,940.0,1489.0,9060.0,36.0
Ratnapura,Sabaragamuwa,2022,October,0.81046448,0.795774173,Healthy,101.7379267,,,,1189250,26.8758,35.8598,1179,9,99.1634066,0.782073829,2700.2499343936715,3856.010998378871,112.20909590082243,6.23757734844938,10.334109475655373,0.2760343759160232,16.84772120002078,2921.5191889991406,20511.0,404.0,760.0,940.0,1489.0,9060.0,36.0
Ratnapura,Sabaragamuwa,2022,November,0.819212013,0.812791013,Healthy,100.7453933,,,,1188830,31.7974,40.9542,1270,10,106.8290891,0.842530905,2600.2406775642767,3713.1957762166912,108.05320346005128,6.006555965173479,9.951364680260731,0.2658108805117261,16.223731525945936,2813.314774591765,20511.0,404.0,760.0,940.0,1489.0,9060.0,36.0
Ratnapura,Sabaragamuwa,2022,December,0.819961113,0.81920739,Healthy,100.0867283,,,,1188420,39.0277,44.6263,1224,9,103.0493038,0.812720805,2533.567839678013,3617.985628108571,105.28260849953712,5.85254170965621,9.696201483330968,0.2589952169088613,15.80773840989604,2741.178498320181,20511.0,404.0,760.0,940.0,1489.0,9060.0,36.0
Ratnapura,Sabaragamuwa,2023,January,0.81935092,0.812101433,Healthy,100.842355,,,,1188000,35.324,43.0749,1130,9,95.14042868,0.776053215,,,,,,,,,27890.0,685.0,586.0,288.0,1816.0,20200.0,60.0
Ratnapura,Sabaragamuwa,2023,February,0.81665922,0.800161283,Healthy,101.94118,,,,1187580,35.5271,44.5417,1067,8,89.88662741,0.733198359,,,,,,,,,27890.0,685.0,586.0,288.0,1816.0,20200.0,60.0
Ratnapura,Sabaragamuwa,2023,March,0.816140403,0.796715597,Healthy,102.2942013,,,,1187170,33.6257,44.6116,1130,9,95.20694531,0.776595786,,,,,,,,,27890.0,685.0,586.0,288.0,1816.0,20200.0,60.0
Ratnapura,Sabaragamuwa,2023,April,0.820283633,0.804190097,Healthy,101.884305,,,,1186750,29.3835,42.5641,1004,8,84.65834648,0.690551671,,,,,,,,,27890.0,685.0,586.0,288.0,1816.0,20200.0,60.0
Ratnapura,Sabaragamuwa,2023,May,0.826145037,0.80967919,Healthy,101.915322,,,,1186330,28.697,39.5028,941,7,79.39529843,0.647621389,,,,,,,,,27890.0,685.0,586.0,288.0,1816.0,20200.0,60.0
Ratnapura,Sabaragamuwa,2023,June,0.823207993,0.806729167,Healthy,101.9233267,,,,1185920,26.2407,34.9454,1067,8,90.01244686,0.734224659,,,,,,,,,27890.0,685.0,586.0,288.0,1816.0,20200.0,60.0
Ratnapura,Sabaragamuwa,2023,July,0.807652433,0.794823417,Healthy,101.51758,314.5,293.8333333,25.96666667,1185500,23.9875,36.3608,1193,9,100.6377879,0.820894755,,,,,,,,,27890.0,685.0,586.0,288.0,1816.0,20200.0,60.0
Ratnapura,Sabaragamuwa,2023,August,0.79339905,0.78350999,Healthy,101.186847,320.5666667,292.7,22.11666667,1185080,22.3699,32.8249,1318,10,111.2706603,0.907626284,,,,,,,,,27890.0,685.0,586.0,288.0,1816.0,20200.0,60.0
Ratnapura,Sabaragamuwa,2023,September,0.805978687,0.782176617,Healthy,102.859258,,,,1184670,25.558,36.433,1507,12,127.2104797,1.037646174,,,,,,,,,27890.0,685.0,586.0,288.0,1816.0,20200.0,60.0
Ratnapura,Sabaragamuwa,2023,October,0.82507095,0.795774173,Healthy,103.4652013,,,,1184250,27.2141,37.1654,1632,13,137.8602285,1.124515362,,,,,,,,,27890.0,685.0,586.0,288.0,1816.0,20200.0,60.0
Ratnapura,Sabaragamuwa,2023,November,0.8313956,0.812791013,Healthy,102.1577,,,,1183830,33.7416,42.7289,1758,14,148.5175339,1.211446189,,,,,,,,,27890.0,685.0,586.0,288.0,1816.0,20200.0,60.0
Ratnapura,Sabaragamuwa,2023,December,0.832128967,0.81920739,Healthy,101.4866087,,,,1183420,39.76,45.6355,1695,13,143.2629531,1.168584973,,,,,,,,,27890.0,685.0,586.0,288.0,1816.0,20200.0,60.0
Ratnapura,Sabaragamuwa,2024,January,0.82525801,0.812101433,Healthy,101.5262093,322.7,296.45,23.35,1183000,35.7759,45.0394,1019,4,86.21528565,0.340185143,,,,,,,,,74410.0,146.0,1027.0,715.0,1644.0,65289.0,94.0
Ratnapura,Sabaragamuwa,2024,February,0.811193503,0.800161283,Healthy,101.2973033,323.6,299.8,17.76666667,1183000,36.8614,44.1567,963,3,81.42554756,0.321285969,,,,,,,,,74410.0,146.0,1027.0,715.0,1644.0,65289.0,94.0
Ratnapura,Sabaragamuwa,2024,March,0.80475986,0.796715597,Healthy,100.95011,,,,1183000,34.041,45.3761,1019,4,86.21528565,0.340185143,,,,,,,,,74410.0,146.0,1027.0,715.0,1644.0,65289.0,94.0
Ratnapura,Sabaragamuwa,2024,April,0.812649067,0.804190097,Healthy,100.9899267,,,,1183000,29.1414,43.474,906,3,76.63580947,0.302386794,,,,,,,,,74410.0,146.0,1027.0,715.0,1644.0,65289.0,94.0
Ratnapura,Sabaragamuwa,2024,May,0.824995967,0.80967919,Healthy,101.7815913,,,,1183000,28.4378,41.8657,849,3,71.84607138,0.283487619,,,,,,,,,74410.0,146.0,1027.0,715.0,1644.0,65289.0,94.0
Ratnapura,Sabaragamuwa,2024,June,0.82896323,0.806729167,Healthy,102.5955947,,,,1183000,26.4644,35.7231,963,3,81.42554756,0.321285969,,,,,,,,,74410.0,146.0,1027.0,715.0,1644.0,65289.0,94.0
Ratnapura,Sabaragamuwa,2024,July,0.82236012,0.794823417,Healthy,103.2604033,,,,1183000,24.6291,37.1112,1076,4,91.00502374,0.359084318,,,,,,,,,74410.0,146.0,1027.0,715.0,1644.0,65289.0,94.0
Ratnapura,Sabaragamuwa,2024,August,0.820072843,0.78350999,Healthy,104.3875533,,,,1183000,22.9867,33.4168,1189,4,100.5844999,0.396882667,,,,,,,,,74410.0,146.0,1027.0,715.0,1644.0,65289.0,94.0
Ratnapura,Sabaragamuwa,2024,September,0.825913587,0.782176617,Healthy,105.2557767,,,,1183000,25.1147,36.379,1359,5,114.9537142,0.453580191,,,,,,,,,74410.0,146.0,1027.0,715.0,1644.0,65289.0,94.0
Ratnapura,Sabaragamuwa,2024,October,0.828242853,0.795774173,Healthy,103.843575,,,,1183000,28.5861,38.9458,1473,5,124.5331904,0.49137854,,,,,,,,,74410.0,146.0,1027.0,715.0,1644.0,65289.0,94.0
Ratnapura,Sabaragamuwa,2024,November,0.823869413,0.812791013,Healthy,101.2861067,,,,1183000,34.3367,43.6769,1586,6,134.1126666,0.529176889,,,,,,,,,74410.0,146.0,1027.0,715.0,1644.0,65289.0,94.0
Ratnapura,Sabaragamuwa,2024,December,0.821796237,0.81920739,Healthy,100.297853,323.2,298.75,16.6,1183000,41.0037,45.6705,1529,6,129.3229285,0.510277715,,,,,,,,,74410.0,146.0,1027.0,715.0,1644.0,65289.0,94.0
Trincomalee,Eastern,2014,January,0.76929477,0.76624178,Healthy,100.3772333,312.6,298.2,14.7,391000,18.0862,12.0415,273,1,69.98939555,0.467843553,,,,,,,,,859112.0,3851.0,20799.0,3851.0,38780.0,272885.0,79038.0
Trincomalee,Eastern,2014,February,0.751437723,0.73724276,Healthy,101.8024447,,,,391420,16.3294,10.9219,258,1,66.03016825,0.44137813,,,,,,,,,859112.0,3851.0,20799.0,3851.0,38780.0,272885.0,79038.0
Trincomalee,Eastern,2014,March,0.69853895,0.698855353,Healthy,99.945545,,,,391830,16.1111,13.1375,273,1,69.84113942,0.466852536,,,,,,,,,859112.0,3851.0,20799.0,3851.0,38780.0,272885.0,79038.0
Trincomalee,Eastern,2014,April,0.653763447,0.676333023,Healthy,96.8914,325.4666667,301.1,14.36666667,392250,14.8596,11.7472,243,1,62.01453984,0.414535694,,,,,,,,,859112.0,3851.0,20799.0,3851.0,38780.0,272885.0,79038.0
Trincomalee,Eastern,2014,May,0.657499577,0.674931247,Healthy,97.59533,318.7666667,294.3666667,13.36666667,392670,14.1714,9.6043,228,1,58.07644599,0.388211537,,,,,,,,,859112.0,3851.0,20799.0,3851.0,38780.0,272885.0,79038.0
Trincomalee,Eastern,2014,June,0.63784655,0.669301167,Healthy,95.62206,328.4928571,303.4642857,16.58571429,393080,12.8528,8.82,258,1,65.75131896,0.439514164,,,,,,,,,859112.0,3851.0,20799.0,3851.0,38780.0,272885.0,79038.0
Trincomalee,Eastern,2014,July,0.605483533,0.658061497,Healthy,92.57392533,326.0928571,298.6392857,25.32142857,393500,10.0146,6.6246,288,1,73.40833256,0.49069741,,,,,,,,,859112.0,3851.0,20799.0,3851.0,38780.0,272885.0,79038.0
Trincomalee,Eastern,2014,August,0.633997133,0.660951143,Healthy,96.20336333,329.3357143,293.1,37.08571429,393920,9.2992,6.3354,319,2,81.04901825,0.541771512,,,,,,,,,859112.0,3851.0,20799.0,3851.0,38780.0,272885.0,79038.0
Trincomalee,Eastern,2014,September,0.682532107,0.67273578,Healthy,101.3493533,322.7555556,296.4222222,15.54444444,394330,13.8913,9.2082,364,2,92.53114112,0.618523671,,,,,,,,,859112.0,3851.0,20799.0,3851.0,38780.0,272885.0,79038.0
Trincomalee,Eastern,2014,October,0.717910433,0.703755857,Healthy,101.8860017,,,,394750,14.8327,9.9566,395,2,100.1354155,0.669354382,,,,,,,,,859112.0,3851.0,20799.0,3851.0,38780.0,272885.0,79038.0
Trincomalee,Eastern,2014,November,0.737762633,0.740562757,Healthy,99.65158667,,,,395170,24.9952,18.0352,425,2,107.7235258,0.720077044,,,,,,,,,859112.0,3851.0,20799.0,3851.0,38780.0,272885.0,79038.0
Trincomalee,Eastern,2014,December,0.7444301,0.76396468,Healthy,97.60282367,,,,395580,28.8792,20.1046,410,2,103.7685942,0.693640335,,,,,,,,,859112.0,3851.0,20799.0,3851.0,38780.0,272885.0,79038.0
Trincomalee,Eastern,2015,January,0.744628517,0.76624178,Healthy,97.353987,,,,396000,19.8332,32.6176,322,2,81.50406504,0.554323725,782.8478807693801,2244.4449256800276,429.46421862630655,1.8083786045772683,6.015112400822474,1.0564819778207142,8.879972983220457,,1337814.0,4140.0,39456.0,5356.0,105628.0,370889.0,129547.0
Trincomalee,Eastern,2015,February,0.731438167,0.73724276,Healthy,99.26986333,,,,396670,20.7515,34.3737,304,2,76.84604413,0.522643692,782.8478807693801,2244.4449256800276,429.46421862630655,1.8083786045772683,6.015112400822474,1.0564819778207142,8.879972983220457,,1337814.0,4140.0,39456.0,5356.0,105628.0,370889.0,129547.0
Trincomalee,Eastern,2015,March,0.705715223,0.698855353,Healthy,100.9207213,,,,397330,18.8248,36.3927,322,2,81.23124294,0.552468213,782.8478807693801,2244.4449256800276,429.46421862630655,1.8083786045772683,6.015112400822474,1.0564819778207142,8.879972983220457,,1337814.0,4140.0,39456.0,5356.0,105628.0,370889.0,129547.0
Trincomalee,Eastern,2015,April,0.6920008,0.676333023,Healthy,102.1579037,,,,398000,15.3123,37.4279,286,1,72.08399722,0.490256159,782.8478807693801,2244.4449256800276,429.46421862630655,1.8083786045772683,6.015112400822474,1.0564819778207142,8.879972983220457,,1337814.0,4140.0,39456.0,5356.0,105628.0,370889.0,129547.0
Trincomalee,Eastern,2015,May,0.699859853,0.674931247,Healthy,103.4387033,,,,398670,15.0784,34.4778,268,1,67.46517537,0.458842725,782.8478807693801,2244.4449256800276,429.46421862630655,1.8083786045772683,6.015112400822474,1.0564819778207142,8.879972983220457,,1337814.0,4140.0,39456.0,5356.0,105628.0,370889.0,129547.0
Trincomalee,Eastern,2015,June,0.706210413,0.669301167,Healthy,105.1310013,318.3,299.0,10.1,399330,14.4809,27.5515,304,2,76.33416053,0.51916228,782.8478807693801,2244.4449256800276,429.46421862630655,1.8083786045772683,6.015112400822474,1.0564819778207142,8.879972983220457,,1337814.0,4140.0,39456.0,5356.0,105628.0,370889.0,129547.0
Trincomalee,Eastern,2015,July,0.680150197,0.658061497,Healthy,103.1179867,324.325,297.95,22.425,400000,13.2626,25.6121,340,2,85.17174797,0.579268293,782.8478807693801,2244.4449256800276,429.46421862630655,1.8083786045772683,6.015112400822474,1.0564819778207142,8.879972983220457,,1337814.0,4140.0,39456.0,5356.0,105628.0,370889.0,129547.0
Trincomalee,Eastern,2015,August,0.658215633,0.660951143,Healthy,99.61678,319.76,296.86,15.28666667,400670,11.5917,22.4298,376,2,93.97977899,0.639173287,782.8478807693801,2244.4449256800276,429.46421862630655,1.8083786045772683,6.015112400822474,1.0564819778207142,8.879972983220457,,1337814.0,4140.0,39456.0,5356.0,105628.0,370889.0,129547.0
Trincomalee,Eastern,2015,September,0.680554607,0.67273578,Healthy,101.0740313,322.0142857,297.0428571,17.03571429,401330,13.4322,31.4055,430,2,107.22883,0.729282453,782.8478807693801,2244.4449256800276,429.46421862630655,1.8083786045772683,6.015112400822474,1.0564819778207142,8.879972983220457,,1337814.0,4140.0,39456.0,5356.0,105628.0,370889.0,129547.0
Trincomalee,Eastern,2015,October,0.730080717,0.703755857,Healthy,103.49367,311.2,291.1,13.3,402000,17.0797,27.7435,466,3,115.9709582,0.788739231,782.8478807693801,2244.4449256800276,429.46421862630655,1.8083786045772683,6.015112400822474,1.0564819778207142,8.879972983220457,,1337814.0,4140.0,39456.0,5356.0,105628.0,370889.0,129547.0
Trincomalee,Eastern,2015,November,0.758133317,0.740562757,Healthy,102.2256547,,,,402670,13.0189,24.9087,502,3,124.6839945,0.847998149,782.8478807693801,2244.4449256800276,429.46421862630655,1.8083786045772683,6.015112400822474,1.0564819778207142,8.879972983220457,,1337814.0,4140.0,39456.0,5356.0,105628.0,370889.0,129547.0
Trincomalee,Eastern,2015,December,0.778958213,0.76396468,Healthy,101.842133,,,,403330,22.956,24.1516,484,3,120.0342514,0.816374415,782.8478807693801,2244.4449256800276,429.46421862630655,1.8083786045772683,6.015112400822474,1.0564819778207142,8.879972983220457,,1337814.0,4140.0,39456.0,5356.0,105628.0,370889.0,129547.0
Trincomalee,Eastern,2016,January,0.7747044,0.76624178,Healthy,101.034973,,,,404000,21.0293,32.962,360,1,89.14513403,0.380342912,,,,,,,,,986656.0,2685.0,26887.0,5271.0,45172.0,340129.0,56945.0
Trincomalee,Eastern,2016,February,0.735051767,0.73724276,Healthy,99.71702,,,,404580,25.4899,34.9256,340,1,84.07192926,0.358697788,,,,,,,,,986656.0,2685.0,26887.0,5271.0,45172.0,340129.0,56945.0
Trincomalee,Eastern,2016,March,0.681961433,0.698855353,Healthy,97.73419,324.5,306.1,11.8,405170,21.787,36.0877,360,1,88.88771169,0.379244605,,,,,,,,,986656.0,2685.0,26887.0,5271.0,45172.0,340129.0,56945.0
Trincomalee,Eastern,2016,April,0.642718457,0.676333023,Healthy,95.37085833,325.1,304.0833333,16.9,405750,20.2657,36.6371,320,1,78.89835645,0.336624438,,,,,,,,,986656.0,2685.0,26887.0,5271.0,45172.0,340129.0,56945.0
Trincomalee,Eastern,2016,May,0.6559779,0.674931247,Healthy,97.38537533,326.1,302.9,15.2,406330,24.0358,36.2796,300,1,73.86162755,0.315134941,,,,,,,,,986656.0,2685.0,26887.0,5271.0,45172.0,340129.0,56945.0
Trincomalee,Eastern,2016,June,0.70086742,0.669301167,Healthy,104.39442,320.5,298.05,10.95,406920,19.7752,30.2432,340,1,83.58847228,0.356635091,,,,,,,,,986656.0,2685.0,26887.0,5271.0,45172.0,340129.0,56945.0
Trincomalee,Eastern,2016,July,0.719877483,0.658061497,Healthy,108.7315033,316.85,292.0,12.175,407500,16.9007,30.7426,380,1,93.28944087,0.398024839,,,,,,,,,986656.0,2685.0,26887.0,5271.0,45172.0,340129.0,56945.0
Trincomalee,Eastern,2016,August,0.711837333,0.660951143,Healthy,107.1622753,330.5,299.36,55.76,408080,12.6517,30.9366,420,1,102.9628337,0.439296934,,,,,,,,,986656.0,2685.0,26887.0,5271.0,45172.0,340129.0,56945.0
Trincomalee,Eastern,2016,September,0.658638917,0.67273578,Healthy,98.06872,325.952381,297.8952381,19.85238095,408670,15.262,27.2585,480,2,117.5019262,0.50132882,,,,,,,,,986656.0,2685.0,26887.0,5271.0,45172.0,340129.0,56945.0
Trincomalee,Eastern,2016,October,0.64638271,0.703755857,Healthy,92.38807667,326.1264706,302.0352941,23.19117647,409250,18.9664,35.8413,520,2,127.1133493,0.542336517,,,,,,,,,986656.0,2685.0,26887.0,5271.0,45172.0,340129.0,56945.0
Trincomalee,Eastern,2016,November,0.705751793,0.740562757,Healthy,95.58519,,,,409830,19.3561,28.906,560,2,136.6975678,0.583228144,,,,,,,,,986656.0,2685.0,26887.0,5271.0,45172.0,340129.0,56945.0
Trincomalee,Eastern,2016,December,0.7533843,0.76396468,Healthy,98.69653833,,,,410420,20.6207,31.5048,540,2,131.6260202,0.56159009,,,,,,,,,986656.0,2685.0,26887.0,5271.0,45172.0,340129.0,56945.0
Trincomalee,Eastern,2017,January,0.773820467,0.76624178,Healthy,100.9312467,,,,411000,20.2409,30.7243,342,1,83.30069432,0.302652662,,,,,,,,,903306.0,3331.0,16742.0,8689.0,39182.0,344380.0,23537.0
Trincomalee,Eastern,2017,February,0.759218057,0.73724276,Healthy,102.7967083,,,,411830,22.0135,30.0545,323,1,78.51432107,0.285262547,,,,,,,,,903306.0,3331.0,16742.0,8689.0,39182.0,344380.0,23537.0
Trincomalee,Eastern,2017,March,0.718076283,0.698855353,Healthy,102.556308,319.4,299.9,13.0,412670,20.1042,33.3476,342,1,82.96359165,0.301427882,,,,,,,,,903306.0,3331.0,16742.0,8689.0,39182.0,344380.0,23537.0
Trincomalee,Eastern,2017,April,0.654643767,0.676333023,Healthy,97.00881,323.225,303.675,12.9,413500,17.3054,33.1527,304,1,73.59738894,0.267398079,,,,,,,,,903306.0,3331.0,16742.0,8689.0,39182.0,344380.0,23537.0
Trincomalee,Eastern,2017,May,0.628811633,0.674931247,Healthy,93.63812,322.85,298.3,10.65,414330,17.6516,29.2592,285,1,68.85933388,0.250183517,,,,,,,,,903306.0,3331.0,16742.0,8689.0,39182.0,344380.0,23537.0
Trincomalee,Eastern,2017,June,0.624431667,0.669301167,Healthy,93.76266667,321.6538462,297.0769231,18.81538462,415170,16.1163,25.569,323,1,77.88268142,0.282967639,,,,,,,,,903306.0,3331.0,16742.0,8689.0,39182.0,344380.0,23537.0
Trincomalee,Eastern,2017,July,0.640857017,0.658061497,Healthy,97.57299033,324.08,296.86,18.65333333,416000,13.0581,23.1241,361,1,86.87167761,0.315626954,,,,,,,,,903306.0,3331.0,16742.0,8689.0,39182.0,344380.0,23537.0
Trincomalee,Eastern,2017,August,0.699786733,0.660951143,Healthy,105.45642,,,,416830,11.7352,22.6152,399,1,95.82487567,0.348156206,,,,,,,,,903306.0,3331.0,16742.0,8689.0,39182.0,344380.0,23537.0
Trincomalee,Eastern,2017,September,0.739267433,0.67273578,Healthy,109.2064487,321.1,295.9,17.75,417670,14.741,26.7503,456,1,109.2938935,0.397092582,,,,,,,,,903306.0,3331.0,16742.0,8689.0,39182.0,344380.0,23537.0
Trincomalee,Eastern,2017,October,0.7490225,0.703755857,Healthy,106.024905,,,,418500,17.1208,29.0503,494,1,118.1668949,0.429330458,,,,,,,,,903306.0,3331.0,16742.0,8689.0,39182.0,344380.0,23537.0
Trincomalee,Eastern,2017,November,0.755324047,0.740562757,Healthy,101.8748187,,,,419330,20.2926,32.2314,532,1,127.0047709,0.461440715,,,,,,,,,903306.0,3331.0,16742.0,8689.0,39182.0,344380.0,23537.0
Trincomalee,Eastern,2017,December,0.7691341,0.76396468,Healthy,100.63546,,,,420170,24.3686,34.9828,513,1,122.2240475,0.444071128,,,,,,,,,903306.0,3331.0,16742.0,8689.0,39182.0,344380.0,23537.0
Trincomalee,Eastern,2018,January,0.765285133,0.76624178,Healthy,99.88093167,,,,421000,20.8381,30.5126,362,1,86.0494757,0.26070332,,,,,,,,,961598.0,2957.0,16931.0,7055.0,80776.0,339763.0,20063.0
Trincomalee,Eastern,2018,February,0.72586983,0.73724276,Healthy,98.55133933,,,,421420,23.1815,32.1149,342,1,81.18795416,0.245974412,,,,,,,,,961598.0,2957.0,16931.0,7055.0,80776.0,339763.0,20063.0
Trincomalee,Eastern,2018,March,0.6814269,0.698855353,Healthy,97.67062,,,,421830,20.0027,33.9999,362,1,85.88016326,0.260190355,,,,,,,,,961598.0,2957.0,16931.0,7055.0,80776.0,339763.0,20063.0
Trincomalee,Eastern,2018,April,0.662987117,0.676333023,Healthy,98.16395,321.4,296.8,49.15,422250,17.819,34.641,322,0,76.26199175,0.231050268,,,,,,,,,961598.0,2957.0,16931.0,7055.0,80776.0,339763.0,20063.0
Trincomalee,Eastern,2018,May,0.689504813,0.674931247,Healthy,102.0101633,323.0,302.6,10.5,422670,18.1573,31.1466,301,0,71.42457328,0.216394385,,,,,,,,,961598.0,2957.0,16931.0,7055.0,80776.0,339763.0,20063.0
Trincomalee,Eastern,2018,June,0.7075518,0.669301167,Healthy,105.3183567,316.5333333,295.4,12.66666667,423080,17.4343,27.1331,342,1,80.86940447,0.245009305,,,,,,,,,961598.0,2957.0,16931.0,7055.0,80776.0,339763.0,20063.0
Trincomalee,Eastern,2018,July,0.686693167,0.658061497,Healthy,104.0420567,318.3625,291.75,13.875,423500,14.4221,23.9287,382,1,90.29381557,0.273562358,,,,,,,,,961598.0,2957.0,16931.0,7055.0,80776.0,339763.0,20063.0
Trincomalee,Eastern,2018,August,0.6539044,0.660951143,Healthy,99.01194533,315.6,289.075,17.9,423920,12.0941,23.5126,422,1,99.69955215,0.302058833,,,,,,,,,961598.0,2957.0,16931.0,7055.0,80776.0,339763.0,20063.0
Trincomalee,Eastern,2018,September,0.662232133,0.67273578,Healthy,98.54227667,328.5454545,301.0045455,19.37727273,424330,15.959,27.8662,483,1,113.8322509,0.344876543,,,,,,,,,961598.0,2957.0,16931.0,7055.0,80776.0,339763.0,20063.0
Trincomalee,Eastern,2018,October,0.70508072,0.703755857,Healthy,100.1778833,315.55,293.9,7.45,424750,18.2036,29.2059,523,1,123.1963326,0.373246817,,,,,,,,,961598.0,2957.0,16931.0,7055.0,80776.0,339763.0,20063.0
Trincomalee,Eastern,2018,November,0.7341048,0.740562757,Healthy,99.18296,,,,425170,21.1818,33.5553,563,1,132.5419139,0.40156104,,,,,,,,,961598.0,2957.0,16931.0,7055.0,80776.0,339763.0,20063.0
Trincomalee,Eastern,2018,December,0.764656987,0.76396468,Healthy,100.08357,,,,425580,26.5337,36.4726,543,1,127.6851447,0.38684653,,,,,,,,,961598.0,2957.0,16931.0,7055.0,80776.0,339763.0,20063.0
Trincomalee,Eastern,2019,January,0.764936127,0.76624178,Healthy,99.83787633,,,,426000,22.2596,33.8122,400,1,94.09137753,0.309172106,1102.892232421877,2265.5442904337765,679.8200880098447,2.5476810568945365,6.071658698362522,1.6723574165042177,10.291697171761276,,734606.0,1613.0,13459.0,3738.0,38232.0,284301.0,15490.0
Trincomalee,Eastern,2019,February,0.720020447,0.73724276,Healthy,97.80307,,,,426420,22.9981,33.7899,378,1,88.7765526,0.291708278,1102.892232421877,2265.5442904337765,679.8200880098447,2.5476810568945365,6.071658698362522,1.6723574165042177,10.291697171761276,,734606.0,1613.0,13459.0,3738.0,38232.0,284301.0,15490.0
Trincomalee,Eastern,2019,March,0.65743452,0.698855353,Healthy,94.45379333,327.3428571,307.4285714,19.0,426830,20.3343,36.0774,400,1,93.90841044,0.3085709,1102.892232421877,2265.5442904337765,679.8200880098447,2.5476810568945365,6.071658698362522,1.6723574165042177,10.291697171761276,,734606.0,1613.0,13459.0,3738.0,38232.0,284301.0,15490.0
Trincomalee,Eastern,2019,April,0.609559383,0.676333023,Healthy,90.804755,323.5869565,302.7826087,25.47826087,427250,18.7248,35.0098,356,1,83.39208494,0.274015613,1102.892232421877,2265.5442904337765,679.8200880098447,2.5476810568945365,6.071658698362522,1.6723574165042177,10.291697171761276,,734606.0,1613.0,13459.0,3738.0,38232.0,284301.0,15490.0
Trincomalee,Eastern,2019,May,0.612663003,0.674931247,Healthy,91.4104,318.7,294.6666667,18.86666667,427670,20.1601,32.2403,334,1,78.10330167,0.256637355,1102.892232421877,2265.5442904337765,679.8200880098447,2.5476810568945365,6.071658698362522,1.6723574165042177,10.291697171761276,,734606.0,1613.0,13459.0,3738.0,38232.0,284301.0,15490.0
Trincomalee,Eastern,2019,June,0.64306463,0.669301167,Healthy,96.35620333,338.8,296.15,48.7,428080,17.8941,28.8388,378,1,88.43229668,0.290577098,1102.892232421877,2265.5442904337765,679.8200880098447,2.5476810568945365,6.071658698362522,1.6723574165042177,10.291697171761276,,734606.0,1613.0,13459.0,3738.0,38232.0,284301.0,15490.0
Trincomalee,Eastern,2019,July,0.65296222,0.658061497,Healthy,99.28064667,333.24,304.24,23.02,428500,14.7303,25.0002,423,1,98.73922076,0.324444318,1102.892232421877,2265.5442904337765,679.8200880098447,2.5476810568945365,6.071658698362522,1.6723574165042177,10.291697171761276,,734606.0,1613.0,13459.0,3738.0,38232.0,284301.0,15490.0
Trincomalee,Eastern,2019,August,0.6445486,0.660951143,Healthy,97.69584667,318.6,290.5,17.5,428920,13.0276,23.5226,467,1,109.0259597,0.358245213,1102.892232421877,2265.5442904337765,679.8200880098447,2.5476810568945365,6.071658698362522,1.6723574165042177,10.291697171761276,,734606.0,1613.0,13459.0,3738.0,38232.0,284301.0,15490.0
Trincomalee,Eastern,2019,September,0.65394135,0.67273578,Healthy,97.39193,328.84,302.23,16.08,429330,15.8518,29.2809,534,1,124.4821057,0.409032111,1102.892232421877,2265.5442904337765,679.8200880098447,2.5476810568945365,6.071658698362522,1.6723574165042177,10.291697171761276,,734606.0,1613.0,13459.0,3738.0,38232.0,284301.0,15490.0
Trincomalee,Eastern,2019,October,0.71156786,0.703755857,Healthy,101.0294,315.3,293.1,36.35,429750,18.8632,30.4949,578,1,134.7238184,0.442685055,1102.892232421877,2265.5442904337765,679.8200880098447,2.5476810568945365,6.071658698362522,1.6723574165042177,10.291697171761276,,734606.0,1613.0,13459.0,3738.0,38232.0,284301.0,15490.0
Trincomalee,Eastern,2019,November,0.746344957,0.740562757,Healthy,100.7348853,,,,430170,21.3489,33.9742,623,2,144.945532,0.476272285,1102.892232421877,2265.5442904337765,679.8200880098447,2.5476810568945365,6.071658698362522,1.6723574165042177,10.291697171761276,,734606.0,1613.0,13459.0,3738.0,38232.0,284301.0,15490.0
Trincomalee,Eastern,2019,December,0.76477067,0.76396468,Healthy,100.0989867,,,,430580,27.4564,37.8548,601,1,139.6358174,0.458825249,1102.892232421877,2265.5442904337765,679.8200880098447,2.5476810568945365,6.071658698362522,1.6723574165042177,10.291697171761276,,734606.0,1613.0,13459.0,3738.0,38232.0,284301.0,15490.0
Trincomalee,Eastern,2020,January,0.764671853,0.76624178,Healthy,99.805963,,,,431000,17.4784,23.98,199,0,46.22828363,0.033953936,30.93062975091481,57.65048224267078,18.57961348984368,0.0714497547246132,0.1545032924103577,0.0457058491850154,0.2716588963199863,54.174413626064535,405256.0,578.0,9532.0,3000.0,21021.0,151634.0,7150.0
Trincomalee,Eastern,2020,February,0.713252587,0.73724276,Healthy,96.937775,317.0,301.8,6.4,431830,17.9793,25.7199,188,0,43.57612874,0.03200597,27.89821506945256,51.99847417966382,16.75808275554527,0.0644448768104354,0.139355910801499,0.0412248835786413,0.2450256711905758,48.86319660390134,405256.0,578.0,9532.0,3000.0,21021.0,151634.0,7150.0
Trincomalee,Eastern,2020,March,0.647866633,0.698855353,Healthy,93.18129333,321.3166667,296.7833333,10.1,432670,15.5526,27.2485,199,0,46.0498538,0.033822882,114.01879202298008,212.51550316906088,68.48955560961981,0.263383409573084,0.5695415484930831,0.1684843067996647,1.001409264865832,199.70176003333592,405256.0,578.0,9532.0,3000.0,21021.0,151634.0,7150.0
Trincomalee,Eastern,2020,April,0.628282297,0.676333023,Healthy,93.38705533,320.375,301.5,11.75,433500,14.5339,27.5066,177,0,40.85483069,0.03000722,937.9258609762696,1748.166093888046,563.399456118495,2.166608738855183,4.685085131619964,1.3859626620514975,8.237656532526644,1642.7594249550748,405256.0,578.0,9532.0,3000.0,21021.0,151634.0,7150.0
Trincomalee,Eastern,2020,May,0.67345421,0.674931247,Healthy,99.79596833,313.5,291.22,15.98,434330,14.2401,24.3747,166,0,38.2282102,0.02807801,1366.4060554668836,2546.7948331909265,820.7817488748587,3.1563979881285014,6.825410152951684,2.0191231022321525,12.000931243312335,2393.234390186733,405256.0,578.0,9532.0,3000.0,21021.0,151634.0,7150.0
Trincomalee,Eastern,2020,June,0.707875907,0.669301167,Healthy,105.3656883,313.1,292.75,22.25,435170,13.6094,20.9813,188,0,43.24167492,0.031760319,1629.619649817805,3037.389133059928,978.8906166119596,3.76442139107913,8.140202876600608,2.4080709168654204,14.312695184545158,2854.248027710498,405256.0,578.0,9532.0,3000.0,21021.0,151634.0,7150.0
Trincomalee,Eastern,2020,July,0.701320873,0.658061497,Healthy,106.108462,320.825,292.275,24.2,436000,11.0756,19.3843,210,0,48.23692847,0.035429253,1456.772012974458,2715.224673468533,875.0633647569509,3.365143349970998,7.276802124895669,2.1526558773021,12.794601352168764,2551.5086574471966,405256.0,578.0,9532.0,3000.0,21021.0,151634.0,7150.0
Trincomalee,Eastern,2020,August,0.666169833,0.660951143,Healthy,100.7382667,326.4388889,300.9611111,15.53333333,436830,9.4762,18.5115,232,0,53.21319953,0.039084245,1273.6141662141388,2373.8433864629137,765.0429084053276,2.9420487239546613,6.361900275720609,1.882005554677106,11.185954554352376,2230.71114930854,405256.0,578.0,9532.0,3000.0,21021.0,151634.0,7150.0
Trincomalee,Eastern,2020,September,0.652514047,0.67273578,Healthy,97.208177,328.125,295.725,21.175,437670,12.4566,22.1874,265,0,60.69836557,0.04458198,1243.2900193995165,2317.323305832844,746.8276010623435,2.8719999448128832,6.210426459632023,1.8371958986133652,10.919622303058272,2177.598979086908,405256.0,578.0,9532.0,3000.0,21021.0,151634.0,7150.0
Trincomalee,Eastern,2020,October,0.65644497,0.703755857,Healthy,93.73254,321.875,299.825,12.825,438500,13.9695,23.253,287,0,65.6320976,0.048205727,1228.1279459922052,2289.0632655178097,737.7199473908516,2.8369755552419944,6.134689551587731,1.814791070581495,10.78645617741122,2151.042893976092,405256.0,578.0,9532.0,3000.0,21021.0,151634.0,7150.0
Trincomalee,Eastern,2020,November,0.702363053,0.740562757,Healthy,95.15551667,314.8,297.1,6.5,439330,16.3905,26.7441,309,0,70.54718762,0.051815782,1182.641725770272,2204.283144572706,710.3969863763758,2.731902386529329,5.907478827454853,1.7475765864858843,10.386957800470066,2071.374638643644,405256.0,578.0,9532.0,3000.0,21021.0,151634.0,7150.0
Trincomalee,Eastern,2020,December,0.759408,0.76396468,Healthy,99.43515833,,,,440170,20.0991,29.139,298,0,67.8978244,0.049869867,1152.3175789556497,2147.763063942637,692.1816790333918,2.661853607387551,5.756005011366267,1.7027669304221438,10.12062554917596,2018.2624684220125,405256.0,578.0,9532.0,3000.0,21021.0,151634.0,7150.0
Trincomalee,Eastern,2021,January,0.77203694,0.76624178,Healthy,100.70845,,,,441000,18.8812,28.1015,104,0,23.64360378,0.099552016,33.47809086105732,68.29639677967488,19.7888130095562,0.0773343898890424,0.1830343433695287,0.0486804800035082,0.3090492132620793,54.39091491522776,33850.0,281.0,771.0,2593.0,3495.0,8011.0,2093.0
Trincomalee,Eastern,2021,February,0.728906833,0.73724276,Healthy,98.93583833,,,,441250,20.1323,27.6752,98,0,22.31741864,0.093968078,30.195925090365414,61.60067160519693,17.848733302736957,0.0697525869587441,0.1650897999019277,0.0439078839247329,0.2787502707854047,49.05847227647993,33850.0,281.0,771.0,2593.0,3495.0,8011.0,2093.0
Trincomalee,Eastern,2021,March,0.687989923,0.698855353,Healthy,98.550815,,,,441500,18.7061,30.4998,104,0,23.61682733,0.099439273,123.4094329780152,251.7592665603701,72.94699697640323,0.2850757901792151,0.6747148343817919,0.1794496125619519,1.1392402371229589,200.499843216918,33850.0,281.0,771.0,2593.0,3495.0,8011.0,2093.0
Trincomalee,Eastern,2021,April,0.681541753,0.676333023,Healthy,100.720078,,,,441750,16.1094,29.362,92,0,20.98085497,0.088340442,1015.1738728750028,2070.987796466023,600.0666533191893,2.3450516463412567,5.550247294528943,1.4761639671652058,9.371462908035404,1649.3245081647003,33850.0,281.0,771.0,2593.0,3495.0,8011.0,2093.0
Trincomalee,Eastern,2021,May,0.704998367,0.674931247,Healthy,104.1474803,,,,442000,17.1358,28.4081,86,0,19.65842622,0.082772321,1478.9438962737672,3017.0937636197546,874.1999158927472,3.416360400392403,8.085811286500943,2.1505317930961585,13.652703479989505,2402.7986530197672,33850.0,281.0,771.0,2593.0,3495.0,8011.0,2093.0
Trincomalee,Eastern,2021,June,0.71021565,0.669301167,Healthy,105.6889683,,,,442250,15.064,23.0418,98,0,22.26695529,0.093755601,1763.835885169823,3598.2827087644378,1042.5988344446564,4.074460894742292,9.643397659488691,2.564793132733856,16.28265168696484,2865.654674063077,33850.0,281.0,771.0,2593.0,3495.0,8011.0,2093.0
Trincomalee,Eastern,2021,July,0.701091167,0.658061497,Healthy,106.0766047,,,,442500,12.2639,22.0541,110,0,24.87253686,0.104726471,1576.7524362403856,3216.6263738191965,932.0142911559604,3.642298127715292,8.620558681835448,2.2927551562436626,14.5556119657944,2561.705443654452,33850.0,281.0,771.0,2593.0,3495.0,8011.0,2093.0
Trincomalee,Eastern,2021,August,0.688645743,0.660951143,Healthy,103.896848,310.7,281.6,4.0,442750,10.4718,20.5479,121,0,27.47517594,0.115684951,1378.5096236905952,2812.2045732807296,814.8334768640785,3.184357230725275,7.536708256392355,2.0044903530856333,12.725555840203263,2239.625908274084,33850.0,281.0,771.0,2593.0,3495.0,8011.0,2093.0
Trincomalee,Eastern,2021,September,0.691654617,0.67273578,Healthy,102.6190433,323.32,300.01,15.61,443000,13.4,24.4166,139,0,31.38248087,0.132136762,1345.687965983676,2745.2473215359505,795.4326797958861,3.108539201422293,7.357262821716347,1.95676439229788,12.42256641543652,2186.301481886606,33850.0,281.0,771.0,2593.0,3495.0,8011.0,2093.0
Trincomalee,Eastern,2021,October,0.717441353,0.703755857,Healthy,101.82144,318.5666667,296.1666667,9.066666667,443250,16.5974,26.5426,150,0,33.97851237,0.143067421,1329.2771371302167,2711.7686956635607,785.7322812617899,3.070630186770801,7.267540104378343,1.932901411904004,12.271071703053146,2159.6392686928666,33850.0,281.0,771.0,2593.0,3495.0,8011.0,2093.0
Trincomalee,Eastern,2021,November,0.744810003,0.740562757,Healthy,100.538805,,,,443500,18.1326,28.3172,162,0,36.57161713,0.153985756,1280.0446505698385,2611.3328180463923,756.6310856595015,2.956903142816328,6.998371952364332,1.861312470722374,11.816587565903031,2079.6526291116493,33850.0,281.0,771.0,2593.0,3495.0,8011.0,2093.0
Trincomalee,Eastern,2021,December,0.768081083,0.76396468,Healthy,100.505495,,,,443750,22.9696,31.1884,156,0,35.24562006,0.148402611,1247.2229928629197,2544.3755663016127,737.2302885913092,2.8810851135133446,6.818926517688323,1.813586509934621,11.513598141136288,2026.328202724172,33850.0,281.0,771.0,2593.0,3495.0,8011.0,2093.0
Trincomalee,Eastern,2022,January,0.7693542,0.76624178,Healthy,100.38104,,,,444000,19.3987,28.9244,230,1,51.86222808,0.230718523,29.08804865668552,61.39179080651427,10.704044444063872,0.0671933923969435,0.1645299993614583,0.0263319493323971,0.258055341090799,54.50296429408548,20511.0,404.0,760.0,940.0,1489.0,9060.0,36.0
Trincomalee,Eastern,2022,February,0.73817988,0.73724276,Healthy,100.1188967,315.4,299.9,9.2,443920,20.7738,30.2874,217,0,48.98982018,0.217940096,26.23627918053987,55.37298778626776,9.654628322096825,0.060605804907047,0.1483996072671976,0.0237503856723581,0.2327557978466028,49.15953642211631,20511.0,404.0,760.0,940.0,1489.0,9060.0,36.0
Trincomalee,Eastern,2022,March,0.705049363,0.698855353,Healthy,100.8326747,,,,443830,18.2703,32.9851,230,1,51.88209285,0.230806895,107.226532303076,226.30699356126823,39.45804618596093,0.2476932896201056,0.6065027427441991,0.0970667936174639,0.9512628259817686,200.9128879860406,20511.0,404.0,760.0,940.0,1489.0,9060.0,36.0
Trincomalee,Eastern,2022,April,0.696150147,0.676333023,Healthy,102.7295867,315.5,298.7,6.75,443750,17.0085,32.1844,204,0,46.12572999,0.205198672,882.0522989718461,1861.6157741622412,324.58440652440737,2.0375408106249644,4.9891302747548085,0.7984776400500422,7.825148725429814,1652.7222408000628,20511.0,404.0,760.0,940.0,1489.0,9060.0,36.0
Trincomalee,Eastern,2022,May,0.68705702,0.674931247,Healthy,101.6727753,314.15,289.25,8.85,443670,17.5168,28.3353,191,0,43.25066917,0.192408442,1285.0073259512249,2712.0726409230715,472.866904558351,2.9683669229473293,7.268354677673834,1.1632525852135434,11.399974185834706,2407.7485991093054,20511.0,404.0,760.0,940.0,1489.0,9060.0,36.0
Trincomalee,Eastern,2022,June,0.682765417,0.669301167,Healthy,101.8752433,319.925,297.35,11.8,443580,15.632,24.7942,217,0,49.02737043,0.218107145,1532.5409164806658,3234.5047430804666,563.9562239450904,3.540169517070338,8.668472711455653,1.3873323109049225,13.595974539430912,2871.558138396229,20511.0,404.0,760.0,940.0,1489.0,9060.0,36.0
Trincomalee,Eastern,2022,July,0.70369637,0.658061497,Healthy,106.4470367,317.9666667,291.6666667,10.06666667,443500,13.4588,22.784,243,1,54.80518052,0.243810781,1369.9900563403648,2891.4329709264166,504.1395049929689,3.1646770301462426,7.749040362082799,1.2401831822827036,12.153900574511743,2566.9827496939865,20511.0,404.0,760.0,940.0,1489.0,9060.0,36.0
Trincomalee,Eastern,2022,August,0.714624483,0.660951143,Healthy,107.5511683,323.225,298.775,23.8,443420,11.2168,22.2616,268,1,60.58507543,0.269523691,1197.7431799811682,2527.8972685035283,440.7547712261593,2.766786745756498,6.774764679589458,1.084256737216352,10.625808162562308,2244.2397062270493,20511.0,404.0,760.0,940.0,1489.0,9060.0,36.0
Trincomalee,Eastern,2022,September,0.702949753,0.67273578,Healthy,104.1876833,326.95,303.1625,13.775,443330,14.439,25.7998,307,1,69.25414257,0.308089608,1169.2254852197118,2467.709238301063,430.2606100064888,2.700910870857534,6.613460758646851,1.0584411006159626,10.372812730120348,2190.8054275073573,20511.0,404.0,760.0,940.0,1489.0,9060.0,36.0
Trincomalee,Eastern,2022,October,0.717234557,0.703755857,Healthy,101.7932113,342.7,294.4,41.8,443250,16.6345,27.5789,332,1,75.03886206,0.333823981,1154.9666378389836,2437.615223199831,425.0135293966536,2.667972933408052,6.532808798175548,1.045533282315768,10.246315013899368,2164.088288147512,20511.0,404.0,760.0,940.0,1489.0,9060.0,36.0
Trincomalee,Eastern,2022,November,0.749963013,0.740562757,Healthy,101.1878033,,,,443170,19.525,30.8828,358,1,80.82567005,0.359567646,1112.1900956967993,2347.3331778961337,409.272287567148,2.569159121059606,6.29085291676164,1.006809827415184,9.86682186523643,2083.9368700679743,20511.0,404.0,760.0,940.0,1489.0,9060.0,36.0
Trincomalee,Eastern,2022,December,0.781562633,0.76396468,Healthy,102.1605417,,,,443080,23.5113,32.3254,345,1,77.95487023,0.346796372,1083.6724009353427,2287.1451476936686,398.7781263474776,2.503283246160642,6.129548995819034,0.9809941908147948,9.61382643279447,2030.5025913482823,20511.0,404.0,760.0,940.0,1489.0,9060.0,36.0
Trincomalee,Eastern,2023,January,0.77639034,0.76624178,Healthy,101.2402,,,,443000,20.0381,31.6778,183,0,41.52397732,0.181688047,,,,,,,,,27890.0,685.0,586.0,288.0,1816.0,20200.0,60.0
Trincomalee,Eastern,2023,February,0.73252248,0.73724276,Healthy,99.39614667,,,,442920,21.9957,30.8557,173,0,39.22417306,0.17162526,,,,,,,,,27890.0,685.0,586.0,288.0,1816.0,20200.0,60.0
Trincomalee,Eastern,2023,March,0.690263803,0.698855353,Healthy,98.85323,321.3,302.3,9.1,442830,19.4033,34.0248,183,0,41.53991814,0.181757796,,,,,,,,,27890.0,685.0,586.0,288.0,1816.0,20200.0,60.0
Trincomalee,Eastern,2023,April,0.68057708,0.676333023,Healthy,100.5869647,325.4,301.7,34.9,442750,17.9,32.8182,163,0,36.93104351,0.161591678,,,,,,,,,27890.0,685.0,586.0,288.0,1816.0,20200.0,60.0
Trincomalee,Eastern,2023,May,0.712546563,0.674931247,Healthy,105.1886333,,,,442670,18.3652,28.9419,153,0,34.62911038,0.151519576,,,,,,,,,27890.0,685.0,586.0,288.0,1816.0,20200.0,60.0
Trincomalee,Eastern,2023,June,0.722888313,0.669301167,Healthy,107.448865,313.1,274.3,15.7,442580,16.2156,26.5216,173,0,39.25430596,0.171757106,,,,,,,,,27890.0,685.0,586.0,288.0,1816.0,20200.0,60.0
Trincomalee,Eastern,2023,July,0.68741808,0.658061497,Healthy,104.1434267,323.25,298.25,12.35,442500,13.3909,23.2278,194,0,43.88039135,0.19199853,,,,,,,,,27890.0,685.0,586.0,288.0,1816.0,20200.0,60.0
Trincomalee,Eastern,2023,August,0.65082689,0.660951143,Healthy,98.57820333,326.5966667,302.4766667,18.61,442420,11.769,22.6097,214,0,48.50814974,0.212247274,,,,,,,,,27890.0,685.0,586.0,288.0,1816.0,20200.0,60.0
Trincomalee,Eastern,2023,September,0.668331317,0.67273578,Healthy,99.3853,318.95,296.12,15.83,442330,15.5357,26.423,245,1,55.44916526,0.242617668,,,,,,,,,27890.0,685.0,586.0,288.0,1816.0,20200.0,60.0
Trincomalee,Eastern,2023,October,0.710746587,0.703755857,Healthy,100.9269667,,,,442250,17.7539,29.0228,265,1,60.08079527,0.262883352,,,,,,,,,27890.0,685.0,586.0,288.0,1816.0,20200.0,60.0
Trincomalee,Eastern,2023,November,0.753674663,0.740562757,Healthy,101.65376,,,,442170,20.2598,32.7642,286,1,64.71410124,0.28315637,,,,,,,,,27890.0,685.0,586.0,288.0,1816.0,20200.0,60.0
Trincomalee,Eastern,2023,December,0.786645767,0.76396468,Healthy,102.78711,,,,442080,25.8051,35.5972,275,1,62.41558751,0.273099229,,,,,,,,,27890.0,685.0,586.0,288.0,1816.0,20200.0,60.0
Trincomalee,Eastern,2024,January,0.766669057,0.76624178,Healthy,100.0469487,,,,442000,20.4259,30.7838,137,0,31.10583821,0.182099106,,,,,,,,,74410.0,146.0,1027.0,715.0,1644.0,65289.0,94.0
Trincomalee,Eastern,2024,February,0.7030265,0.73724276,Healthy,95.63793,318.55,303.35,9.0,442000,22.1748,32.352,129,0,29.37773609,0.171982489,,,,,,,,,74410.0,146.0,1027.0,715.0,1644.0,65289.0,94.0
Trincomalee,Eastern,2024,March,0.65207389,0.698855353,Healthy,93.75680667,322.0285714,304.1,21.42857143,442000,20.3946,33.2875,137,0,31.10583821,0.182099106,,,,,,,,,74410.0,146.0,1027.0,715.0,1644.0,65289.0,94.0
Trincomalee,Eastern,2024,April,0.65760722,0.676333023,Healthy,97.42625667,317.1,298.4,24.0,442000,17.6273,33.681,122,0,27.64963396,0.161865872,,,,,,,,,74410.0,146.0,1027.0,715.0,1644.0,65289.0,94.0
Trincomalee,Eastern,2024,May,0.708265443,0.674931247,Healthy,104.597975,318.45,295.4,9.4,442000,18.2144,30.6878,114,0,25.92153184,0.151749255,,,,,,,,,74410.0,146.0,1027.0,715.0,1644.0,65289.0,94.0
Trincomalee,Eastern,2024,June,0.735763423,0.669301167,Healthy,109.2405233,317.4,301.1,6.0,442000,15.9818,26.5436,129,0,29.37773609,0.171982489,,,,,,,,,74410.0,146.0,1027.0,715.0,1644.0,65289.0,94.0
Trincomalee,Eastern,2024,July,0.716046977,0.658061497,Healthy,108.188067,321.0,291.98,14.52,442000,13.3266,23.8452,145,0,32.83394033,0.192215723,,,,,,,,,74410.0,146.0,1027.0,715.0,1644.0,65289.0,94.0
Trincomalee,Eastern,2024,August,0.705187133,0.660951143,Healthy,106.2227687,328.7777778,297.0666667,29.25555556,442000,12.4552,23.3553,160,0,36.29014458,0.212448957,,,,,,,,,74410.0,146.0,1027.0,715.0,1644.0,65289.0,94.0
Trincomalee,Eastern,2024,September,0.699945353,0.67273578,Healthy,103.7715247,322.1846154,299.0,15.14615385,442000,15.3733,26.9883,183,1,41.47445094,0.242798808,,,,,,,,,74410.0,146.0,1027.0,715.0,1644.0,65289.0,94.0
Trincomalee,Eastern,2024,October,0.711593943,0.703755857,Healthy,101.0485063,,,,442000,17.2582,28.6133,198,1,44.93065519,0.263032042,,,,,,,,,74410.0,146.0,1027.0,715.0,1644.0,65289.0,94.0
Trincomalee,Eastern,2024,November,0.742328893,0.740562757,Healthy,100.22119,,,,442000,19.8832,32.6453,213,1,48.38685943,0.283265276,,,,,,,,,74410.0,146.0,1027.0,715.0,1644.0,65289.0,94.0
Trincomalee,Eastern,2024,December,0.77576865,0.76396468,Healthy,101.44904,,,,442000,26.0553,34.3232,206,1,46.65875731,0.273148659,,,,,,,,,74410.0,146.0,1027.0,715.0,1644.0,65289.0,94.0
Vavuniya,Northern,2014,January,0.78653742,0.794895133,Healthy,99.01241,,,,178000,25.9452,15.2366,93,0,52.24719101,0.205535763,,,,,,,,,859112.0,3851.0,20799.0,3851.0,38780.0,272885.0,79038.0
Vavuniya,Northern,2014,February,0.76117896,0.7669161,Healthy,99.29605333,322.2,296.4,10.9,178250,23.9253,14.7333,87,0,49.27536232,0.193844856,,,,,,,,,859112.0,3851.0,20799.0,3851.0,38780.0,272885.0,79038.0
Vavuniya,Northern,2014,March,0.724278933,0.741486367,Healthy,97.82280333,317.725,296.05,17.7625,178500,25.6909,13.1119,93,0,52.10084034,0.204960033,,,,,,,,,859112.0,3851.0,20799.0,3851.0,38780.0,272885.0,79038.0
Vavuniya,Northern,2014,April,0.718101547,0.737092853,Healthy,97.58616667,327.7142857,305.2857143,15.78571429,178750,23.6736,11.5606,82,0,46.24708625,0.181931889,,,,,,,,,859112.0,3851.0,20799.0,3851.0,38780.0,272885.0,79038.0
Vavuniya,Northern,2014,May,0.731517933,0.73722455,Healthy,99.27573833,320.5,298.7,9.2,179000,19.0286,10.4075,77,0,43.29608939,0.170322932,,,,,,,,,859112.0,3851.0,20799.0,3851.0,38780.0,272885.0,79038.0
Vavuniya,Northern,2014,June,0.698179953,0.712784683,Healthy,98.076855,321.9923077,300.8846154,12.66923077,179250,16.1422,9.1961,87,0,49.0004649,0.192763434,,,,,,,,,859112.0,3851.0,20799.0,3851.0,38780.0,272885.0,79038.0
Vavuniya,Northern,2014,July,0.654332283,0.68687702,Healthy,95.58071333,323.1222222,298.9444444,15.75,179500,13.0055,8.4206,98,0,54.68895079,0.215141427,,,,,,,,,859112.0,3851.0,20799.0,3851.0,38780.0,272885.0,79038.0
Vavuniya,Northern,2014,August,0.660858983,0.687870247,Healthy,96.33434667,323.7740741,290.7851852,35.24444444,179750,14.1821,9.6066,108,0,60.36161335,0.237457173,,,,,,,,,859112.0,3851.0,20799.0,3851.0,38780.0,272885.0,79038.0
Vavuniya,Northern,2014,September,0.713197933,0.711495733,Healthy,100.2122233,328.0315789,298.8184211,27.42105263,180000,24.1729,16.2195,124,0,68.88888889,0.27100271,,,,,,,,,859112.0,3851.0,20799.0,3851.0,38780.0,272885.0,79038.0
Vavuniya,Northern,2014,October,0.770231263,0.754289533,Healthy,101.98467,316.3,297.25,10.65,180250,16.1187,10.7596,134,0,74.52612113,0.293179076,,,,,,,,,859112.0,3851.0,20799.0,3851.0,38780.0,272885.0,79038.0
Vavuniya,Northern,2014,November,0.793667667,0.791582657,Healthy,100.2518917,,,,180500,24.2742,14.248,144,0,80.14773777,0.315294012,,,,,,,,,859112.0,3851.0,20799.0,3851.0,38780.0,272885.0,79038.0
Vavuniya,Northern,2014,December,0.79439587,0.80427016,Healthy,98.844366,,,,180750,27.8509,16.2391,139,0,77.17842324,0.303612995,,,,,,,,,859112.0,3851.0,20799.0,3851.0,38780.0,272885.0,79038.0
Vavuniya,Northern,2015,January,0.78384614,0.794895133,Healthy,98.69301667,,,,181000,19.0589,23.5205,134,1,74.06009972,0.606387279,406.4546196954621,1130.2362798133388,100.99909934387956,0.9389101714965175,3.0290332298997473,0.2484577843859437,4.216401185782209,,1337814.0,4140.0,39456.0,5356.0,105628.0,370889.0,129547.0
Vavuniya,Northern,2015,February,0.764269233,0.7669161,Healthy,99.68018,321.4,300.4,14.0,181170,20.9595,25.6367,126,1,69.88001657,0.572161708,406.4546196954621,1130.2362798133388,100.99909934387956,0.9389101714965175,3.0290332298997473,0.2484577843859437,4.216401185782209,,1337814.0,4140.0,39456.0,5356.0,105628.0,370889.0,129547.0
Vavuniya,Northern,2015,March,0.75094203,0.741486367,Healthy,101.196935,316.15,301.05,29.8,181330,22.572,26.9967,134,1,73.92531875,0.605283723,406.4546196954621,1130.2362798133388,100.99909934387956,0.9389101714965175,3.0290332298997473,0.2484577843859437,4.216401185782209,,1337814.0,4140.0,39456.0,5356.0,105628.0,370889.0,129547.0
Vavuniya,Northern,2015,April,0.75563999,0.737092853,Healthy,102.3558697,317.1,291.6,5.6,181500,18.246,26.521,119,0,65.64984658,0.537526036,406.4546196954621,1130.2362798133388,100.99909934387956,0.9389101714965175,3.0290332298997473,0.2484577843859437,4.216401185782209,,1337814.0,4140.0,39456.0,5356.0,105628.0,370889.0,129547.0
Vavuniya,Northern,2015,May,0.765725117,0.73722455,Healthy,103.622622,,,,181670,18.3868,26.3394,111,0,61.48913804,0.5034591,406.4546196954621,1130.2362798133388,100.99909934387956,0.9389101714965175,3.0290332298997473,0.2484577843859437,4.216401185782209,,1337814.0,4140.0,39456.0,5356.0,105628.0,370889.0,129547.0
Vavuniya,Northern,2015,June,0.752077933,0.712784683,Healthy,105.1520287,321.3,297.025,17.85,181830,17.9263,21.9436,126,1,69.62636859,0.570084896,406.4546196954621,1130.2362798133388,100.99909934387956,0.9389101714965175,3.0290332298997473,0.2484577843859437,4.216401185782209,,1337814.0,4140.0,39456.0,5356.0,105628.0,370889.0,129547.0
Vavuniya,Northern,2015,July,0.717804087,0.68687702,Healthy,104.1944253,328.05,296.55,24.25,182000,17.3934,20.0592,141,1,77.74501921,0.636558563,406.4546196954621,1130.2362798133388,100.99909934387956,0.9389101714965175,3.0290332298997473,0.2484577843859437,4.216401185782209,,1337814.0,4140.0,39456.0,5356.0,105628.0,370889.0,129547.0
Vavuniya,Northern,2015,August,0.70966665,0.687870247,Healthy,102.953672,322.6090909,295.1454545,19.44090909,182170,16.4658,18.0151,156,1,85.84851727,0.702908165,406.4546196954621,1130.2362798133388,100.99909934387956,0.9389101714965175,3.0290332298997473,0.2484577843859437,4.216401185782209,,1337814.0,4140.0,39456.0,5356.0,105628.0,370889.0,129547.0
Vavuniya,Northern,2015,September,0.746791277,0.711495733,Healthy,104.627735,323.04,297.12,16.27,182330,19.7654,22.836,178,1,98.02649444,0.802618677,406.4546196954621,1130.2362798133388,100.99909934387956,0.9389101714965175,3.0290332298997473,0.2484577843859437,4.216401185782209,,1337814.0,4140.0,39456.0,5356.0,105628.0,370889.0,129547.0
Vavuniya,Northern,2015,October,0.7930728,0.754289533,Healthy,104.83163,327.8,298.5,21.3,182500,20.5997,24.1876,193,1,106.0964473,0.868693618,406.4546196954621,1130.2362798133388,100.99909934387956,0.9389101714965175,3.0290332298997473,0.2484577843859437,4.216401185782209,,1337814.0,4140.0,39456.0,5356.0,105628.0,370889.0,129547.0
Vavuniya,Northern,2015,November,0.811489697,0.791582657,Healthy,102.36963,,,,182670,16.3818,16.3392,208,1,114.1513796,0.934645576,406.4546196954621,1130.2362798133388,100.99909934387956,0.9389101714965175,3.0290332298997473,0.2484577843859437,4.216401185782209,,1337814.0,4140.0,39456.0,5356.0,105628.0,370889.0,129547.0
Vavuniya,Northern,2015,December,0.81333071,0.80427016,Healthy,101.0608353,,,,182830,23.8543,28.283,201,1,109.9782151,0.900476652,406.4546196954621,1130.2362798133388,100.99909934387956,0.9389101714965175,3.0290332298997473,0.2484577843859437,4.216401185782209,,1337814.0,4140.0,39456.0,5356.0,105628.0,370889.0,129547.0
Vavuniya,Northern,2016,January,0.796514353,0.794895133,Healthy,100.1895553,,,,183000,25.5724,32.2223,118,0,64.65413834,0.319872051,,,,,,,,,986656.0,2685.0,26887.0,5271.0,45172.0,340129.0,56945.0
Vavuniya,Northern,2016,February,0.755903067,0.7669161,Healthy,98.64640833,,,,183330,27.0692,34.2355,111,0,60.95232774,0.301557589,,,,,,,,,986656.0,2685.0,26887.0,5271.0,45172.0,340129.0,56945.0
Vavuniya,Northern,2016,March,0.71345845,0.741486367,Healthy,96.4554,326.0777778,306.7777778,20.17777778,183670,23.4559,30.6805,118,0,64.41828996,0.318705207,,,,,,,,,986656.0,2685.0,26887.0,5271.0,45172.0,340129.0,56945.0
Vavuniya,Northern,2016,April,0.709572783,0.737092853,Healthy,96.50216667,322.08,302.36,11.2,184000,20.6877,26.0143,105,0,57.15800636,0.282785437,,,,,,,,,986656.0,2685.0,26887.0,5271.0,45172.0,340129.0,56945.0
Vavuniya,Northern,2016,May,0.741615343,0.73722455,Healthy,100.5636487,,,,184330,20.405,27.7856,98,0,53.48969835,0.264636727,,,,,,,,,986656.0,2685.0,26887.0,5271.0,45172.0,340129.0,56945.0
Vavuniya,Northern,2016,June,0.753429743,0.712784683,Healthy,105.33992,,,,184670,19.2342,26.0977,111,0,60.51004627,0.299369431,,,,,,,,,986656.0,2685.0,26887.0,5271.0,45172.0,340129.0,56945.0
Vavuniya,Northern,2016,July,0.7423174,0.68687702,Healthy,107.5238533,315.8222222,293.3,9.033333333,185000,19.2856,26.5763,124,0,67.50823995,0.333992529,,,,,,,,,986656.0,2685.0,26887.0,5271.0,45172.0,340129.0,56945.0
Vavuniya,Northern,2016,August,0.724234843,0.687870247,Healthy,104.936008,319.9461538,293.0230769,16.83846154,185330,18.7011,28.6633,138,0,74.48151156,0.368492327,,,,,,,,,986656.0,2685.0,26887.0,5271.0,45172.0,340129.0,56945.0
Vavuniya,Northern,2016,September,0.69348921,0.711495733,Healthy,97.659598,325.45625,299.459375,17.3,185670,17.5876,21.3774,157,0,84.96585208,0.420362905,,,,,,,,,986656.0,2685.0,26887.0,5271.0,45172.0,340129.0,56945.0
Vavuniya,Northern,2016,October,0.703885633,0.754289533,Healthy,93.73049867,324.85,303.85,14.40357143,186000,19.4881,24.088,170,0,91.88303173,0.454585191,,,,,,,,,986656.0,2685.0,26887.0,5271.0,45172.0,340129.0,56945.0
Vavuniya,Northern,2016,November,0.765251767,0.791582657,Healthy,96.86377833,,,,186330,20.4198,26.8824,184,0,98.77571002,0.488686259,,,,,,,,,986656.0,2685.0,26887.0,5271.0,45172.0,340129.0,56945.0
Vavuniya,Northern,2016,December,0.798877423,0.80427016,Healthy,99.36825533,315.6,303.8,6.9,186670,24.1538,28.5934,177,0,95.07452175,0.470374876,,,,,,,,,986656.0,2685.0,26887.0,5271.0,45172.0,340129.0,56945.0
Vavuniya,Northern,2017,January,0.80298716,0.794895133,Healthy,100.9602383,,,,187000,21.1706,30.8502,137,0,73.52289031,0.391287335,,,,,,,,,903306.0,3331.0,16742.0,8689.0,39182.0,344380.0,23537.0
Vavuniya,Northern,2017,February,0.78155176,0.7669161,Healthy,101.7928617,321.2333333,303.7333333,12.56666667,187000,21.6042,33.6203,129,0,69.43828529,0.36954915,,,,,,,,,903306.0,3331.0,16742.0,8689.0,39182.0,344380.0,23537.0
Vavuniya,Northern,2017,March,0.75277691,0.741486367,Healthy,101.4235983,315.8,300.1,6.4,187000,22.9871,31.959,137,0,73.52289031,0.391287335,,,,,,,,,903306.0,3331.0,16742.0,8689.0,39182.0,344380.0,23537.0
Vavuniya,Northern,2017,April,0.7266328,0.737092853,Healthy,98.67258533,317.9,299.9,8.95,187000,19.4117,28.0722,122,0,65.35368027,0.347810965,,,,,,,,,903306.0,3331.0,16742.0,8689.0,39182.0,344380.0,23537.0
Vavuniya,Northern,2017,May,0.725398967,0.73722455,Healthy,98.499915,321.6,296.5,13.2,187000,17.7974,28.486,114,0,61.26907526,0.326072779,,,,,,,,,903306.0,3331.0,16742.0,8689.0,39182.0,344380.0,23537.0
Vavuniya,Northern,2017,June,0.704278433,0.712784683,Healthy,98.87986333,320.4375,295.2375,18.3,187000,16.1926,24.0141,129,0,69.43828529,0.36954915,,,,,,,,,903306.0,3331.0,16742.0,8689.0,39182.0,344380.0,23537.0
Vavuniya,Northern,2017,July,0.67727075,0.68687702,Healthy,98.698835,324.5545455,299.2886364,16.96590909,187000,15.603,22.7439,145,0,77.60749533,0.413025521,,,,,,,,,903306.0,3331.0,16742.0,8689.0,39182.0,344380.0,23537.0
Vavuniya,Northern,2017,August,0.720598433,0.687870247,Healthy,104.4255367,,,,187000,15.3181,23.478,160,0,85.77670536,0.456501891,,,,,,,,,903306.0,3331.0,16742.0,8689.0,39182.0,344380.0,23537.0
Vavuniya,Northern,2017,September,0.773214333,0.711495733,Healthy,108.1081163,,,,187000,18.3352,29.2012,183,0,98.03052041,0.521716447,,,,,,,,,903306.0,3331.0,16742.0,8689.0,39182.0,344380.0,23537.0
Vavuniya,Northern,2017,October,0.789941517,0.754289533,Healthy,104.454052,318.4,294.375,26.8,187000,17.0555,26.4019,198,1,106.1997304,0.565192818,,,,,,,,,903306.0,3331.0,16742.0,8689.0,39182.0,344380.0,23537.0
Vavuniya,Northern,2017,November,0.80230614,0.791582657,Healthy,101.277452,,,,187000,19.5127,25.673,213,1,114.3689405,0.608669188,,,,,,,,,903306.0,3331.0,16742.0,8689.0,39182.0,344380.0,23537.0
Vavuniya,Northern,2017,December,0.805222533,0.80427016,Healthy,100.1118067,,,,187000,23.8286,32.828,206,1,110.2843355,0.586931003,,,,,,,,,903306.0,3331.0,16742.0,8689.0,39182.0,344380.0,23537.0
Vavuniya,Northern,2018,January,0.778250267,0.794895133,Healthy,98.02480833,320.1,297.6,23.1,187000,23.0434,32.7607,117,1,62.64510239,0.66518847,,,,,,,,,961598.0,2957.0,16931.0,7055.0,80776.0,339763.0,20063.0
Vavuniya,Northern,2018,February,0.73121791,0.7669161,Healthy,95.62521333,317.9777778,302.8888889,16.16666667,187170,23.9116,32.7572,110,1,59.11108157,0.627662952,,,,,,,,,961598.0,2957.0,16931.0,7055.0,80776.0,339763.0,20063.0
Vavuniya,Northern,2018,March,0.702051287,0.741486367,Healthy,95.01892667,321.6545455,305.8909091,12.69090909,187330,23.1627,30.9476,117,1,62.53474695,0.664016676,,,,,,,,,961598.0,2957.0,16931.0,7055.0,80776.0,339763.0,20063.0
Vavuniya,Northern,2018,April,0.719998953,0.737092853,Healthy,97.82572,318.65,296.5166667,18.68333333,187500,20.7279,30.6346,104,1,55.53604336,0.589701897,,,,,,,,,961598.0,2957.0,16931.0,7055.0,80776.0,339763.0,20063.0
Vavuniya,Northern,2018,May,0.754075333,0.73722455,Healthy,102.1447453,,,,187670,18.7285,28.9677,97,1,52.01787777,0.552344736,,,,,,,,,961598.0,2957.0,16931.0,7055.0,80776.0,339763.0,20063.0
Vavuniya,Northern,2018,June,0.739311267,0.712784683,Healthy,103.473042,321.5,297.1666667,14.3,187830,17.2568,26.2564,110,1,58.90337613,0.62545746,,,,,,,,,961598.0,2957.0,16931.0,7055.0,80776.0,339763.0,20063.0
Vavuniya,Northern,2018,July,0.68857329,0.68687702,Healthy,100.2239067,319.825,289.4875,14.675,188000,15.4392,24.5439,123,1,65.77365508,0.69840858,,,,,,,,,961598.0,2957.0,16931.0,7055.0,80776.0,339763.0,20063.0
Vavuniya,Northern,2018,August,0.657996883,0.687870247,Healthy,95.95421,320.2,289.6571429,18.68095238,188170,16.6696,23.9474,136,1,72.63152028,0.771227886,,,,,,,,,961598.0,2957.0,16931.0,7055.0,80776.0,339763.0,20063.0
Vavuniya,Northern,2018,September,0.687127683,0.711495733,Healthy,96.78957333,324.5666667,300.6583333,18.90833333,188330,19.5622,28.9401,156,1,82.93693089,0.880654482,,,,,,,,,961598.0,2957.0,16931.0,7055.0,80776.0,339763.0,20063.0
Vavuniya,Northern,2018,October,0.751582047,0.754289533,Healthy,99.65685,,,,188500,18.5414,27.0124,169,1,89.76731147,0.953181946,,,,,,,,,961598.0,2957.0,16931.0,7055.0,80776.0,339763.0,20063.0
Vavuniya,Northern,2018,November,0.788436363,0.791582657,Healthy,99.62744333,,,,188670,20.5875,27.151,182,1,96.58538309,1.025578709,,,,,,,,,961598.0,2957.0,16931.0,7055.0,80776.0,339763.0,20063.0
Vavuniya,Northern,2018,December,0.798327693,0.80427016,Healthy,99.304375,,,,188830,24.1744,34.9358,175,1,93.05698893,0.988112937,,,,,,,,,961598.0,2957.0,16931.0,7055.0,80776.0,339763.0,20063.0
Vavuniya,Northern,2019,January,0.786641027,0.794895133,Healthy,99.02116667,315.0,299.3,12.9,189000,23.6897,34.9787,118,1,62.75648471,0.619434766,572.6216470734385,1140.861297719927,159.87645449134854,1.322756004739643,3.0575082778894047,0.39329607804871736,4.773560360677765,,734606.0,1613.0,13459.0,3738.0,38232.0,284301.0,15490.0
Vavuniya,Northern,2019,February,0.747841,0.7669161,Healthy,97.65976833,,,,189170,23.6699,34.7745,112,1,59.21674959,0.584495986,572.6216470734385,1140.861297719927,159.87645449134854,1.322756004739643,3.0575082778894047,0.39329607804871736,4.773560360677765,,734606.0,1613.0,13459.0,3738.0,38232.0,284301.0,15490.0
Vavuniya,Northern,2019,March,0.700774383,0.741486367,Healthy,94.8503,327.3047619,304.8428571,29.64285714,189330,25.0445,33.0283,118,1,62.64710088,0.618355098,572.6216470734385,1140.861297719927,159.87645449134854,1.322756004739643,3.0575082778894047,0.39329607804871736,4.773560360677765,,734606.0,1613.0,13459.0,3738.0,38232.0,284301.0,15490.0
Vavuniya,Northern,2019,April,0.682982543,0.737092853,Healthy,93.12491,324.71,304.86,16.1,189500,21.1484,29.9252,105,1,55.63635584,0.549155887,572.6216470734385,1140.861297719927,159.87645449134854,1.322756004739643,3.0575082778894047,0.39329607804871736,4.773560360677765,,734606.0,1613.0,13459.0,3738.0,38232.0,284301.0,15490.0
Vavuniya,Northern,2019,May,0.69624565,0.73722455,Healthy,94.79672467,319.6142857,295.8571429,10.81428571,189670,19.1258,29.467,98,0,52.11233375,0.514372202,572.6216470734385,1140.861297719927,159.87645449134854,1.322756004739643,3.0575082778894047,0.39329607804871736,4.773560360677765,,734606.0,1613.0,13459.0,3738.0,38232.0,284301.0,15490.0
Vavuniya,Northern,2019,June,0.680899477,0.712784683,Healthy,95.819005,323.8076923,298.6461538,17.76153846,189830,18.4084,26.4456,112,1,59.01086509,0.582463813,572.6216470734385,1140.861297719927,159.87645449134854,1.322756004739643,3.0575082778894047,0.39329607804871736,4.773560360677765,,734606.0,1613.0,13459.0,3738.0,38232.0,284301.0,15490.0
Vavuniya,Northern,2019,July,0.652556913,0.68687702,Healthy,95.34158167,323.11,297.09,15.38,190000,16.9081,25.5099,125,1,65.89430894,0.650406504,572.6216470734385,1140.861297719927,159.87645449134854,1.322756004739643,3.0575082778894047,0.39329607804871736,4.773560360677765,,734606.0,1613.0,13459.0,3738.0,38232.0,284301.0,15490.0
Vavuniya,Northern,2019,August,0.653643063,0.687870247,Healthy,95.35967467,325.86,290.34,54.99,190170,16.6964,25.8748,138,1,72.76544606,0.718227722,572.6216470734385,1140.861297719927,159.87645449134854,1.322756004739643,3.0575082778894047,0.39329607804871736,4.773560360677765,,734606.0,1613.0,13459.0,3738.0,38232.0,284301.0,15490.0
Vavuniya,Northern,2019,September,0.70169331,0.711495733,Healthy,98.69475167,328.6434783,302.6826087,16.43913043,190330,20.4102,30.7607,158,1,83.0906013,0.820141654,572.6216470734385,1140.861297719927,159.87645449134854,1.322756004739643,3.0575082778894047,0.39329607804871736,4.773560360677765,,734606.0,1613.0,13459.0,3738.0,38232.0,284301.0,15490.0
Vavuniya,Northern,2019,October,0.77158101,0.754289533,Healthy,102.1475883,,,,190500,18.1138,27.8262,171,1,89.9344899,0.887693916,572.6216470734385,1140.861297719927,159.87645449134854,1.322756004739643,3.0575082778894047,0.39329607804871736,4.773560360677765,,734606.0,1613.0,13459.0,3738.0,38232.0,284301.0,15490.0
Vavuniya,Northern,2019,November,0.805648697,0.791582657,Healthy,101.672803,,,,190670,20.8685,27.1844,184,1,96.76617456,0.955125721,572.6216470734385,1140.861297719927,159.87645449134854,1.322756004739643,3.0575082778894047,0.39329607804871736,4.773560360677765,,734606.0,1613.0,13459.0,3738.0,38232.0,284301.0,15490.0
Vavuniya,Northern,2019,December,0.81224306,0.80427016,Healthy,100.9335133,,,,190830,25.3086,36.3654,177,1,93.23200448,0.92024187,572.6216470734385,1140.861297719927,159.87645449134854,1.322756004739643,3.0575082778894047,0.39329607804871736,4.773560360677765,,734606.0,1613.0,13459.0,3738.0,38232.0,284301.0,15490.0
Vavuniya,Northern,2020,January,0.787731813,0.794895133,Healthy,99.14675833,311.4,296.6,9.6,191000,18.1239,26.0919,78,0,41.02924275,0.42140212,16.059182966674967,29.03108284542078,4.369454187903935,0.0370967126530191,0.0778033020257276,0.0107488573022436,0.1256488719809905,40.6308102195484,405256.0,578.0,9532.0,3000.0,21021.0,151634.0,7150.0
Vavuniya,Northern,2020,February,0.733448217,0.7669161,Healthy,95.89457333,317.4,301.9,10.05,191250,18.3629,26.0508,74,0,38.69918699,0.397470641,14.484753264059767,26.18489825273246,3.941076326344725,0.033459780039978,0.0701755273173229,0.009695047762808,0.113330355120109,36.64739745292601,405256.0,578.0,9532.0,3000.0,21021.0,151634.0,7150.0
Vavuniya,Northern,2020,March,0.693096403,0.741486367,Healthy,93.884872,333.9166667,301.4333333,29.55,191500,18.2618,24.9001,78,0,40.92211679,0.420301853,59.198556818331234,107.0165406850805,16.107007594626268,0.1367486662503451,0.2868043290360157,0.0396232386827806,0.4631762339691415,149.77632002500192,405256.0,578.0,9532.0,3000.0,21021.0,151634.0,7150.0
Vavuniya,Northern,2020,April,0.700948693,0.737092853,Healthy,95.405425,321.7555556,300.3,18.43333333,191750,16.0449,22.6743,69,0,36.32778961,0.373114553,486.9711070188791,880.3248945184947,132.49727258026346,1.1249032572136106,2.359270717309566,0.3259432905474481,3.810117265070625,1232.069568716306,405256.0,578.0,9532.0,3000.0,21021.0,151634.0,7150.0
Vavuniya,Northern,2020,May,0.74510512,0.73722455,Healthy,101.0079553,317.2,298.2,14.4,192000,14.4444,22.427,65,0,34.01295732,0.349339431,709.4380239984058,1282.4907774653532,193.02706441857973,1.6388018354363174,3.4370752836071463,0.4748465784697062,5.5507236975131695,1794.9257926400498,405256.0,578.0,9532.0,3000.0,21021.0,151634.0,7150.0
Vavuniya,Northern,2020,June,0.764618943,0.712784683,Healthy,106.8119933,316.2285714,291.4428571,12.58571429,192250,13.439,20.5567,74,0,38.49789083,0.395403174,846.0985221854042,1529.539600110698,230.210262801919,1.954487586248284,4.099166128296671,0.5663172464927209,6.619970961037676,2140.686020782873,405256.0,578.0,9532.0,3000.0,21021.0,151634.0,7150.0
Vavuniya,Northern,2020,July,0.766471277,0.68687702,Healthy,110.8031437,317.15,291.2,11.95,192500,12.785,19.2785,82,0,42.97117517,0.441347271,756.3560291363384,1367.3070783274648,205.7927246930441,1.747182427304942,3.664382969917605,0.5062501027448887,5.917815499967436,1913.631493085397,405256.0,578.0,9532.0,3000.0,21021.0,151634.0,7150.0
Vavuniya,Northern,2020,August,0.744178983,0.687870247,Healthy,107.6402533,322.0409091,296.55,22.04090909,192750,12.3784,19.362,91,0,47.43285565,0.487172187,661.2604750983808,1195.3975289290906,179.9187018548679,1.5275116974772596,3.203665377529963,0.442600006562975,5.173777081570197,1673.0333619814048,405256.0,578.0,9532.0,3000.0,21021.0,151634.0,7150.0
Vavuniya,Northern,2020,September,0.714182553,0.711495733,Healthy,100.3768067,326.1545455,296.8909091,16.6,193000,15.2558,23.2626,104,1,54.138759,0.556047011,645.5161780722289,1166.9356830022075,175.6349232392758,1.4911423713468486,3.127387630445916,0.4320619111686185,5.050591912961383,1633.1992343151808,405256.0,578.0,9532.0,3000.0,21021.0,151634.0,7150.0
Vavuniya,Northern,2020,October,0.71196562,0.754289533,Healthy,94.749035,323.3363636,299.7636364,13.65454545,193250,14.6197,20.3114,113,1,58.57444862,0.601604981,637.6440295591528,1152.704760038766,173.49303393147974,1.4729577082816432,3.0892487569038924,0.4267928634714402,4.988999328656976,1613.2821704820688,405256.0,578.0,9532.0,3000.0,21021.0,151634.0,7150.0
Vavuniya,Northern,2020,November,0.758646143,0.791582657,Healthy,96.07841467,313.5,294.95,8.85,193500,16.2348,20.8872,121,1,62.9986765,0.64704523,614.0275840199251,1110.0119911484414,167.06736600809165,1.418403719086027,2.974832136277823,0.4109857203799055,4.804221575743756,1553.530978982733,405256.0,578.0,9532.0,3000.0,21021.0,151634.0,7150.0
Vavuniya,Northern,2020,December,0.80123896,0.80427016,Healthy,99.64432,,,,193750,19.0477,26.6391,117,1,60.67033832,0.623131393,598.2832869937732,1081.5501452215583,162.78358739249956,1.382034392955616,2.898554389193776,0.4004476249855489,4.6810364071349415,1513.696851316509,405256.0,578.0,9532.0,3000.0,21021.0,151634.0,7150.0
Vavuniya,Northern,2021,January,0.803313333,0.794895133,Healthy,100.9959013,,,,194000,19.783,29.458,71,0,36.84938396,0.18858436,17.38182477506096,34.39205147683804,4.653827267478894,0.0401520152303908,0.0921706979579259,0.011448415077998,0.1437711282663148,40.79318618642081,33850.0,281.0,771.0,2593.0,3495.0,8011.0,2093.0
Vavuniya,Northern,2021,February,0.766234333,0.7669161,Healthy,99.912432,319.025,305.6,12.25,194080,20.4039,30.8198,67,0,34.78785045,0.178034035,15.67772430691772,31.020281724206846,4.197569692235864,0.0362155431489799,0.0831343550208743,0.0103260214429002,0.1296759196127545,36.79385420735995,33850.0,281.0,771.0,2593.0,3495.0,8011.0,2093.0
Vavuniya,Northern,2021,March,0.729872817,0.741486367,Healthy,98.53034533,318.3333333,299.4833333,13.68333333,194170,21.1866,27.2575,71,0,36.81712153,0.18841925,64.07417760218549,126.77854269893236,17.15528482913788,0.1480113502610484,0.3397664944331387,0.0422020006796791,0.5299798453738662,150.3748824126885,33850.0,281.0,771.0,2593.0,3495.0,8011.0,2093.0
Vavuniya,Northern,2021,April,0.7284846,0.737092853,Healthy,98.90481867,317.0,302.4,11.9,194250,17.2383,26.87,63,0,32.71285223,0.167414802,527.0782747967014,1042.888384488824,141.1204680226688,1.2175508147803802,2.7949408704300485,0.3471563513357653,4.359648036546193,1236.9933811235253,33850.0,281.0,771.0,2593.0,3495.0,8011.0,2093.0
Vavuniya,Northern,2021,May,0.751355887,0.73722455,Healthy,101.7978,,,,194330,16.7277,24.3834,59,0,30.65567372,0.156886764,767.8676709453399,1519.3194505356096,205.5896634045088,1.7737743198837352,4.0717761274354345,0.5057505719750915,6.351301019294259,1802.098989764825,33850.0,281.0,771.0,2593.0,3495.0,8011.0,2093.0
Vavuniya,Northern,2021,June,0.743458967,0.712784683,Healthy,104.028402,314.225,292.325,20.225,194420,15.1446,22.4079,67,0,34.72701377,0.177722691,915.783591580172,1811.9890650639957,245.1928209356036,2.1154600965501977,4.856130694371508,0.6031743395015848,7.574765130423288,2149.2410055473083,33850.0,281.0,771.0,2593.0,3495.0,8011.0,2093.0
Vavuniya,Northern,2021,July,0.7313451,0.68687702,Healthy,106.035572,320.3545455,294.5909091,12.57727273,194500,14.5103,21.0189,75,0,38.79658077,0.198549543,818.6498648960081,1619.7981891640186,219.186139146751,1.8910811879097789,4.34105914695957,0.5391979023010075,6.7713382371703545,1921.279082740839,33850.0,281.0,771.0,2593.0,3495.0,8011.0,2093.0
Vavuniya,Northern,2021,August,0.72505075,0.687870247,Healthy,105.04131,327.4785714,296.9571429,24.94285714,194580,14.1902,21.8561,83,0,42.86280143,0.21935927,715.7221966201569,1416.1432961050953,191.6281816020721,1.6533182741925625,3.795264033561656,0.4714053267410972,5.919987634495314,1679.7194312055628,33850.0,281.0,771.0,2593.0,3495.0,8011.0,2093.0
Vavuniya,Northern,2021,September,0.736603063,0.711495733,Healthy,103.3022317,325.2,298.4263158,18.47368421,194670,17.6795,25.5063,95,0,48.9634115,0.250580407,698.6811919387246,1382.4255985787836,187.06560584964177,1.613953553378454,3.70490060419114,0.4601813903901187,5.779035547959711,1639.7261114149542,33850.0,281.0,771.0,2593.0,3495.0,8011.0,2093.0
Vavuniya,Northern,2021,October,0.76604,0.754289533,Healthy,101.4709967,,,,194750,15.8554,23.555,103,0,53.02190634,0.271350595,690.1606895980084,1365.5667498156276,184.78431797342665,1.5942711929713995,3.659718889505882,0.4545694222146295,5.70855950469191,1619.72945151965,33850.0,281.0,771.0,2593.0,3495.0,8011.0,2093.0
Vavuniya,Northern,2021,November,0.788141007,0.791582657,Healthy,99.59334967,,,,194830,17.7763,24.4048,111,0,57.07706823,0.292103727,664.5991825758601,1314.9902035261605,177.94045434478122,1.535224111750237,3.5241737454501094,0.4377335176881618,5.497131374888506,1559.7394718337368,33850.0,281.0,771.0,2593.0,3495.0,8011.0,2093.0
Vavuniya,Northern,2021,December,0.79949023,0.80427016,Healthy,99.44033867,,,,194920,21.5951,31.2171,107,0,55.01318865,0.281541395,647.5581778944278,1281.2725059998484,173.37787859235092,1.4958593909361282,3.433810316079594,0.4265095813371833,5.356179288352903,1519.7461520431284,33850.0,281.0,771.0,2593.0,3495.0,8011.0,2093.0
Vavuniya,Northern,2022,January,0.78809641,0.794895133,Healthy,99.193355,310.8,297.1,5.5,195000,21.7632,30.2854,126,0,65.02814259,0.450281426,15.10251486255112,30.91509551352003,2.5173199565852893,0.034886809332493,0.0828524559762336,0.0061926070931998,0.1239318724019265,40.877223220564105,20511.0,404.0,760.0,940.0,1489.0,9060.0,36.0
Vavuniya,Northern,2022,February,0.753126137,0.7669161,Healthy,98.31067,314.4,298.6666667,10.96666667,195080,21.9825,31.0471,119,0,61.39028224,0.425091395,13.6218761505363,27.88420379650825,2.27052388241026,0.0314665339077388,0.0747296661746421,0.0055854887507292,0.1117816888331102,36.86965231658723,20511.0,404.0,760.0,940.0,1489.0,9060.0,36.0
Vavuniya,Northern,2022,March,0.730617953,0.741486367,Healthy,98.62898033,316.4,298.06,12.38,195170,21.7616,29.1082,126,0,64.97150077,0.449889215,55.672015571757065,113.96152855964245,9.279532388981064,0.1286023559707588,0.3054168965398418,0.0228276496768934,0.4568469021874939,150.68466598953043,20511.0,404.0,760.0,940.0,1489.0,9060.0,36.0
Vavuniya,Northern,2022,April,0.74393435,0.737092853,Healthy,100.867806,,,,195250,19.4421,27.6039,112,0,57.72878215,0.399737672,457.9615536261825,937.4548080717396,76.33402574233627,1.0578911888764817,2.512378885632262,0.1877817033261472,3.758051777834891,1239.541680600047,20511.0,404.0,760.0,940.0,1489.0,9060.0,36.0
Vavuniya,Northern,2022,May,0.75396717,0.73722455,Healthy,102.127682,316.64,296.64,23.36,195330,17.0559,26.114,105,0,54.0985674,0.374600582,667.175803633876,1365.7198076855022,111.20631102326776,1.5411761063942533,3.6601290845971466,0.2735675251172387,5.474872716108639,1805.811449331979,20511.0,404.0,760.0,940.0,1489.0,9060.0,36.0
Vavuniya,Northern,2022,June,0.745371787,0.712784683,Healthy,104.2830353,324.5333333,294.7,24.3,195420,16.0537,24.4032,119,0,61.28347283,0.424351803,795.6952438367617,1628.8012087221232,132.62821026166017,1.8380560132629196,4.365187239375291,0.326265397243684,6.529508649881894,2153.668603797172,20511.0,404.0,760.0,940.0,1489.0,9060.0,36.0
Vavuniya,Northern,2022,July,0.737411767,0.68687702,Healthy,106.8589363,321.5866667,295.14,13.09333333,195500,14.8328,22.0824,133,0,68.46526522,0.474081467,711.2988372519173,1456.040380852453,118.5608340336836,1.643100314051929,3.902188220684574,0.2916596517228616,5.836948186459365,1925.2370622704896,20511.0,404.0,760.0,940.0,1489.0,9060.0,36.0
Vavuniya,Northern,2022,August,0.73719894,0.687870247,Healthy,106.6872167,322.4166667,299.7666667,12.46666667,195580,15.0303,22.6098,147,1,75.64118232,0.523770449,621.8682590462225,1272.974521144942,103.65435115351188,1.4365156783967736,3.411571716668445,0.2549897038376392,5.103077098902858,1683.1797796702867,20511.0,404.0,760.0,940.0,1489.0,9060.0,36.0
Vavuniya,Northern,2022,September,0.740004633,0.711495733,Healthy,103.75633,322.8823529,298.0470588,20.0,195670,18.5043,28.3724,169,1,86.40730349,0.59831947,607.0618719260743,1242.6656039748243,101.1863904117616,1.4023129241492314,3.3303438186525294,0.2489185204129335,4.981575263214695,1643.104070630518,20511.0,404.0,760.0,940.0,1489.0,9060.0,36.0
Vavuniya,Northern,2022,October,0.76220766,0.754289533,Healthy,100.9913217,,,,195750,17.3338,24.6878,183,1,93.569656,0.647914525,599.6586783660002,1227.5111453897655,99.95241004088643,1.3852115470254602,3.289729869644572,0.2458829287005806,4.920824345370613,1623.0662161106336,20511.0,404.0,760.0,940.0,1489.0,9060.0,36.0
Vavuniya,Northern,2022,November,0.792444597,0.791582657,Healthy,100.10265,,,,195830,18.183,24.8932,197,1,100.7261566,0.697469059,577.4490976857782,1182.0477696345893,96.25046892826104,1.3339074156541473,3.167888022620699,0.2367761535635221,4.738571591838369,1562.9526525509805,20511.0,404.0,760.0,940.0,1489.0,9060.0,36.0
Vavuniya,Northern,2022,December,0.80588253,0.80427016,Healthy,100.188788,,,,195920,22.3069,31.7551,190,1,97.08417572,0.672250495,562.64271056563,1151.7388524644716,93.78250818651075,1.299704661406605,3.086660124604784,0.2307049701388164,4.617069756150205,1522.876943511212,20511.0,404.0,760.0,940.0,1489.0,9060.0,36.0
Vavuniya,Northern,2023,January,0.788329213,0.794895133,Healthy,99.22041867,,,,196000,22.6123,31.8048,50,0,25.94574415,0.485316078,,,,,,,,,27890.0,685.0,586.0,288.0,1816.0,20200.0,60.0
Vavuniya,Northern,2023,February,0.751915907,0.7669161,Healthy,98.16139,317.4,300.8,25.8,196080,22.4374,31.4931,48,0,24.49431624,0.458167066,,,,,,,,,27890.0,685.0,586.0,288.0,1816.0,20200.0,60.0
Vavuniya,Northern,2023,March,0.723968217,0.741486367,Healthy,97.78729,316.8,293.75,20.05,196170,22.5746,30.137,50,0,25.92325969,0.484895505,,,,,,,,,27890.0,685.0,586.0,288.0,1816.0,20200.0,60.0
Vavuniya,Northern,2023,April,0.72911897,0.737092853,Healthy,98.985862,328.6,302.1,41.7,196250,20.2979,28.7242,45,0,23.03350422,0.430842525,,,,,,,,,27890.0,685.0,586.0,288.0,1816.0,20200.0,60.0
Vavuniya,Northern,2023,May,0.749616383,0.73722455,Healthy,101.57773,,,,196330,18.1262,26.8669,42,0,21.58511118,0.403750281,,,,,,,,,27890.0,685.0,586.0,288.0,1816.0,20200.0,60.0
Vavuniya,Northern,2023,June,0.740249743,0.712784683,Healthy,103.6014717,318.38,296.62,14.06,196420,16.6035,24.2941,48,0,24.45191696,0.457373986,,,,,,,,,27890.0,685.0,586.0,288.0,1816.0,20200.0,60.0
Vavuniya,Northern,2023,July,0.70096818,0.68687702,Healthy,101.9074187,321.3307692,296.8615385,15.65769231,196500,15.7586,24.018,53,1,27.31748692,0.510974575,,,,,,,,,27890.0,685.0,586.0,288.0,1816.0,20200.0,60.0
Vavuniya,Northern,2023,August,0.676018453,0.687870247,Healthy,98.39669167,322.9095238,300.0,14.49285714,196580,15.5743,23.6425,59,1,30.18072454,0.564531538,,,,,,,,,27890.0,685.0,586.0,288.0,1816.0,20200.0,60.0
Vavuniya,Northern,2023,September,0.691365083,0.711495733,Healthy,97.35757633,328.9375,295.8375,42.175,196670,18.7978,28.2225,67,1,34.47647229,0.644883654,,,,,,,,,27890.0,685.0,586.0,288.0,1816.0,20200.0,60.0
Vavuniya,Northern,2023,October,0.73409997,0.754289533,Healthy,97.48877867,313.5,294.7,21.5,196750,17.1938,25.0577,73,1,37.33432506,0.698339893,,,,,,,,,27890.0,685.0,586.0,288.0,1816.0,20200.0,60.0
Vavuniya,Northern,2023,November,0.773494313,0.791582657,Healthy,97.848445,,,,196830,19.822,26.2919,79,1,40.18985473,0.751752678,,,,,,,,,27890.0,685.0,586.0,288.0,1816.0,20200.0,60.0
Vavuniya,Northern,2023,December,0.79959791,0.80427016,Healthy,99.45262467,,,,196920,24.1556,33.6379,76,1,38.73679048,0.724573059,,,,,,,,,27890.0,685.0,586.0,288.0,1816.0,20200.0,60.0
Vavuniya,Northern,2024,January,0.792743057,0.794895133,Healthy,99.74383333,,,,197000,22.4054,33.3466,26,0,13.66844125,0.297140027,,,,,,,,,74410.0,146.0,1027.0,715.0,1644.0,65289.0,94.0
Vavuniya,Northern,2024,February,0.746966647,0.7669161,Healthy,97.54743667,318.5,302.7,7.9,197000,22.7064,33.5151,25,0,12.90908341,0.280632248,,,,,,,,,74410.0,146.0,1027.0,715.0,1644.0,65289.0,94.0
Vavuniya,Northern,2024,March,0.70080718,0.741486367,Healthy,94.858968,322.0,305.375,11.125,197000,22.7849,32.3965,26,0,13.66844125,0.297140027,,,,,,,,,74410.0,146.0,1027.0,715.0,1644.0,65289.0,94.0
Vavuniya,Northern,2024,April,0.7095,0.737092853,Healthy,96.492172,321.5,300.65,11.35,197000,19.8847,28.4333,23,0,12.14972556,0.264124469,,,,,,,,,74410.0,146.0,1027.0,715.0,1644.0,65289.0,94.0
Vavuniya,Northern,2024,May,0.748858973,0.73722455,Healthy,101.48461,,,,197000,17.5224,28.1846,22,0,11.39036771,0.247616689,,,,,,,,,74410.0,146.0,1027.0,715.0,1644.0,65289.0,94.0
Vavuniya,Northern,2024,June,0.75728307,0.712784683,Healthy,105.8395937,,,,197000,17.3279,25.4925,25,0,12.90908341,0.280632248,,,,,,,,,74410.0,146.0,1027.0,715.0,1644.0,65289.0,94.0
Vavuniya,Northern,2024,July,0.730941513,0.68687702,Healthy,105.978448,321.35,294.575,12.85,197000,15.6129,23.3269,28,0,14.4277991,0.313647807,,,,,,,,,74410.0,146.0,1027.0,715.0,1644.0,65289.0,94.0
Vavuniya,Northern,2024,August,0.731126657,0.687870247,Healthy,105.8624883,319.75,295.6428571,17.22857143,197000,16.0112,23.2562,31,0,15.9465148,0.346663365,,,,,,,,,74410.0,146.0,1027.0,715.0,1644.0,65289.0,94.0
Vavuniya,Northern,2024,September,0.738677423,0.711495733,Healthy,103.5814863,326.7684211,299.7894737,18.18947368,197000,18.7967,30.0667,35,0,18.22458834,0.396186703,,,,,,,,,74410.0,146.0,1027.0,715.0,1644.0,65289.0,94.0
Vavuniya,Northern,2024,October,0.756094367,0.754289533,Healthy,100.2378033,316.4,299.7,6.3,197000,17.1257,26.3035,38,0,19.74330403,0.429202262,,,,,,,,,74410.0,146.0,1027.0,715.0,1644.0,65289.0,94.0
Vavuniya,Northern,2024,November,0.777932267,0.791582657,Healthy,98.37927,312.1,298.5,6.6,197000,19.9123,26.8823,41,0,21.26201973,0.46221782,,,,,,,,,74410.0,146.0,1027.0,715.0,1644.0,65289.0,94.0
Vavuniya,Northern,2024,December,0.789231303,0.80427016,Healthy,98.23953967,,,,197000,23.8837,33.2581,40,0,20.50266188,0.445710041,,,,,,,,,74410.0,146.0,1027.0,715.0,1644.0,65289.0,94.0
