"Data Source","World Development Indicators",

"Last Updated Date","2026-01-28",

"Country Name","Country Code","Indicator Name","Indicator Code","1960","1961","1962","1963","1964","1965","1966","1967","1968","1969","1970","1971","1972","1973","1974","1975","1976","1977","1978","1979","1980","1981","1982","1983","1984","1985","1986","1987","1988","1989","1990","1991","1992","1993","1994","1995","1996","1997","1998","1999","2000","2001","2002","2003","2004","2005","2006","2007","2008","2009","2010","2011","2012","2013","2014","2015","2016","2017","2018","2019","2020","2021","2022","2023","2024",
"Aruba","ABW","Electricity production from oil, gas and coal sources (% of total)","EG.ELC.FOSL.ZS","","","","","","","","","","","","","","","","","","","","","","","","","","","","","","","","","","","","","","","","","100","100","100","100","100","100","100","100","100","98.199757659685","88.6996936952268","87.8997936548878","85.2000087483324","83.7005829301669","82.3997905256497","81.0997928362118","84.2729565034671","85.3004631949202","85.3529990550322","84.9794691654622","85.2028212042921","85.2028212042921","","","",
"Africa Eastern and Southern","AFE","Electricity production from oil, gas and coal sources (% of total)","EG.ELC.FOSL.ZS","","","","","","","","","","","","","","","","","","","","","","","","","","","","","","","80.9675699162585","79.7668031752809","81.0804443113714","82.8234302969491","82.0100092202258","81.4631631805113","81.7810734286061","81.7481475515464","79.1060232645885","78.9447336804165","78.1839548958575","77.8585372132305","77.1224811366091","77.9309573510423","77.6268212634649","77.8654856926583","77.6950227171696","77.664419493821","76.8826830277855","75.4084965250165","74.6379370931454","74.2669462190632","73.8433439987183","72.4694651423096","70.7357216596396","70.193014595886","69.7137927363142","68.6211232194363","67.1612983278873","65.8748843621461","63.5652556998905","62.0136446266611","60.9302518331266","10.2731638195702","",
"Afghanistan","AFG","Electricity production from oil, gas and coal sources (% of total)","EG.ELC.FOSL.ZS","","","","","","","","","","","","","","","","","","","","","","","","","","","","","","","","","","","","","","","","","6.46268229911353","6.46268229911353","6.46255029718744","19.3691395598403","37.1350640094301","36.9860208594987","29.1044054614401","30.9694157561243","33.2683179814424","20.3501579620257","18.2471352099489","25.599241342475","20.2020412848824","18.9913642316181","14.5385252975809","12.4217605258031","12.2387345386132","13.1354163321666","17.3280043111191","12.1596421813177","12.876214093821","21.7655253936759","","","",
"Africa Western and Central","AFW","Electricity production from oil, gas and coal sources (% of total)","EG.ELC.FOSL.ZS","","","","","","","","","","","","","","","","","","","","","","","","","","","","","","","42.67142114256","37.8240377062058","39.1137330223625","40.8652521355745","43.7266292735043","43.2622293504411","43.9965773309293","44.3098417189849","50.2126842997409","48.510078878177","48.0481831385665","50.5343446420866","56.5949119035119","56.1352635109411","54.8944429486487","56.8142970502425","62.1917504853628","66.3019503648511","61.3827610374038","59.8910380229244","62.5987339704148","63.5127611582103","65.2660326330021","67.8340985140205","70.3986564098994","74.1789137846854","74.137804708956","69.4339932171028","69.0900138920216","67.7496530842483","69.8101397552746","68.902563316713","69.1505809817406","","",
"Angola","AGO","Electricity production from oil, gas and coal sources (% of total)","EG.ELC.FOSL.ZS","","","","","","","","","","","","","","","","","","","","","","","","","","","","","","","13.7931034482759","17.3447537473233","11.29883843717","6.31578947368421","6.282722513089","6.25","10.0194552529183","23.6474694589878","19.5751138088012","33.0337078651685","49.3425605536332","48.9010989010989","45.4390934844193","46.8170426065163","29.8261257244761","22.5635191505499","20.750921890714","28.7654320987654","26.7588249814861","37.1387871387871","35.3459350339512","32.2534961940166","31.4007782101167","44.2397445345124","49.3632249236922","47.5195553725813","42.458195819582","28.7270695595493","20.6561639645151","28.290307517844","24.8439299351476","27.1661536446395","27.1141280213157","","",
"Albania","ALB","Electricity production from oil, gas and coal sources (% of total)","EG.ELC.FOSL.ZS","","","","","","","","","","","","","","","","","","","","","","","","","","","","","","","13.5922330097087","7.85751702462022","4.94991160872127","6.09237744403514","4.31362598325298","6.01386094343841","4.27950518221331","3.82555470543229","3.67978077901742","2.67084177564929","3.8509836751779","4.6916890080429","6.04601391118245","2.14342948717949","2.49732429539779","1.28605548410803","1.68356263577118","2.51748251748252","0","0.0192233756247597","0.0132135306553911","1.4077785731329","0","0","0","0","0","0","0","0","0","0","","","",
"Andorra","AND","Electricity production from oil, gas and coal sources (% of total)","EG.ELC.FOSL.ZS","","","","","","","","","","","","","","","","","","","","","","","","","","","","","","","","","","","","","","","","","0","0","0","0","0","0","0","0","0","0","0","0","0","0","0","0","0.902889245585875","3.95919131411456","3.6085409252669","3.39292229113462","2.61661757654634","6.65960927725917","","","",
"Arab World","ARB","Electricity production from oil, gas and coal sources (% of total)","EG.ELC.FOSL.ZS","","","","","","","","","","","","","","","","","","","","","","","","","","","","","","","92.7277613329162","93.2813058836294","94.2096137104375","94.5945856663859","94.6626255682795","94.9203386839657","94.6842477203","94.8659883775399","95.1946031125613","95.1537401833074","95.5390833275071","95.3815055133978","96.2431869106896","96.0664733507516","96.0858057935014","95.4519523066567","95.7910274608931","95.7991843219917","96.5475700789407","96.5991902013297","96.111666673451","96.4415714800018","96.5651389619597","96.1577548638567","96.6276833158096","96.9095870291995","96.8261753316744","96.8630328392759","96.4981263786246","95.4075870588317","94.9540421427678","94.3902920485438","93.415885721934","","",
"United Arab Emirates","ARE","Electricity production from oil, gas and coal sources (% of total)","EG.ELC.FOSL.ZS","","","","","","","","","","","","","","","","","","","","","","","","","","","","","","","100","100","100","100","100","100","100","100","100","100","100","100","100","100","100","100","100","100","100","99.9929986697473","99.9808406688735","99.9778084872449","99.9783472350361","99.9218146279376","99.7417306619761","99.7644897670804","99.7561972950244","99.4463765531181","99.1184730983575","97.3594117901975","94.9195251620421","89.0508010627164","81.7670067808387","","",
"Argentina","ARG","Electricity production from oil, gas and coal sources (% of total)","EG.ELC.FOSL.ZS","","","","","","","","","","","","","","","","","","","","","","","","","","","","","","","41.0181518798761","47.1632259022724","43.4698932587273","38.5180995475113","34.6070634122558","39.0765246126137","47.7956773490799","40.0068989306657","44.70431230875","57.2815413761934","52.0754208148864","40.3442997537547","39.3723775190592","44.7814848603328","53.2085481506597","52.1107318779605","50.3940270089207","57.9593993570831","60.7978544538945","56.5354562395789","59.7341586319089","63.3391503096382","66.3761043084567","63.9943499179017","64.954248931994","65.698158091951","67.490150794729","66.7998681717064","65.6042234332425","63.5806671204901","62.3749156832611","65.016745115192","60.9200453156648","52.8358389749526","",
"Armenia","ARM","Electricity production from oil, gas and coal sources (% of total)","EG.ELC.FOSL.ZS","","","","","","","","","","","","","","","","","","","","","","","","","","","","","","","84.9932445473847","83.7536780159731","66.1928031985784","31.803018268467","37.8932484977024","60.0251753281784","37.3028644995172","50.2902637253276","49.5073493781295","42.6622354381669","45.1829472977509","48.5639686684073","28.6102554810654","27.6495182694056","30.3648424543947","28.9377869241729","24.8443023060091","25.2458460495083","26.1698440207972","20.3491447716452","22.1537513480203","32.1668909825034","42.297162767546","41.1543450064851","42.4312814556717","35.9148608795999","35.2836637047163","36.973599484868","43.3192144782441","39.6666232582367","40.3801990303649","42.9369209290519","42.1980413492927","","",
"American Samoa","ASM","Electricity production from oil, gas and coal sources (% of total)","EG.ELC.FOSL.ZS","","","","","","","","","","","","","","","","","","","","","","","","","","","","","","","","","","","","","","","","","100","100","100","100","100","100","100","100","100","100","100","99.8262436450222","99.099214208139","98.4515963913238","98.4979633401222","98.4806882665202","98.1688410460422","95.4125177809388","95.2437716056741","95.7262007477711","96.1289956925867","96.1274593184782","","","",
"Antigua and Barbuda","ATG","Electricity production from oil, gas and coal sources (% of total)","EG.ELC.FOSL.ZS","","","","","","","","","","","","","","","","","","","","","","","","","","","","","","","","","","","","","","","","","100","100","100","100","100","100","100","100","100","99.9511539870558","99.9514651459079","99.8573466476462","99.8577783157321","99.809454677434","99.812850904554","98.4479962937225","98.4404063528402","98.1539076097812","97.1734274604969","96.3125336202259","95.0515824444833","94.3442073511339","","","",
"Australia","AUS","Electricity production from oil, gas and coal sources (% of total)","EG.ELC.FOSL.ZS","","","","","","","","","","","","","","","","","","","","","","","","","","","","","","","89.9173649681652","89.2410310040939","89.6969507035633","89.224564619615","89.6478625129133","90.1910960446757","90.6051869953491","90.2442890799665","91.4019112551121","91.2945432797188","91.46148869777","91.7501725020589","92.0674122739558","91.4697330640121","91.7245243702776","91.0754428165318","90.6605677962462","91.2850545121053","91.8288305697288","92.4770915772761","91.3845033463811","89.6067526370103","89.4733067729084","86.8294794560081","85.3831398283695","86.6746646221562","85.4164232695438","84.3211421971949","82.8983053444472","80.2955012006393","77.3997088747935","73.3387559592399","69.0657788613455","66.0758396059372","",
"Austria","AUT","Electricity production from oil, gas and coal sources (% of total)","EG.ELC.FOSL.ZS","","","","","","","","","","","","","","","","","","","","","","","","","","","","","","","33.0198433212709","33.9587825107317","26.7982027739793","25.2971137521222","28.5251825641798","28.8163628279235","31.9770408163265","31.2394187358917","29.4450974544306","28.554082436335","26.5961441141421","29.7795000720588","29.7124753996064","37.4530528135075","34.1096146651702","34.6480727795068","32.5523167753702","29.4419519390326","28.9838596281282","26.793752804435","31.3898886514453","31.5834257669457","22.9756346156495","19.7056586108023","16.5851645832697","20.8058316360128","19.6990103648182","21.9827827940104","20.7703630295699","20.7721529218417","17.9649383941123","19.0206810935869","19.5091989074039","13.7041861964303","",
"Azerbaijan","AZE","Electricity production from oil, gas and coal sources (% of total)","EG.ELC.FOSL.ZS","","","","","","","","","","","","","","","","","","","","","","","","","","","","","","","92.8386316516932","92.5031982942431","91.1602489500582","87.2657603275419","89.5908030277161","90.8706876320113","90.9990050915901","89.8313138512711","89.1599066562951","91.7143485915493","91.7963527461362","93.1418028465999","89.1984385861719","88.4008268345391","87.329838116262","86.8441762854145","89.7404555270342","89.1792923513526","89.6871967841796","87.7570489718041","81.5766969535008","86.8138366019513","92.078475726466","93.0418771944849","94.0189259139437","92.5915424497732","91.2191407502405","91.875","91.8625391414642","92.6741331696839","94.5276519989164","94.1980134112669","93.302110954234","92.7555024739805","",
"Burundi","BDI","Electricity production from oil, gas and coal sources (% of total)","EG.ELC.FOSL.ZS","","","","","","","","","","","","","","","","","","","","","","","","","","","","","","","","","","","","","","","","","0","0","0","0","0","0","0","0","0","2.89074212893553","11.537196605933","8.24340718983462","1.88494651708844","11.8733916623778","14.5627464625377","13.8922503509366","11.7009908684671","15.935971542908","17.6538754428368","22.5831245729902","29.7182282879662","38.6958150604932","","","",
"Belgium","BEL","Electricity production from oil, gas and coal sources (% of total)","EG.ELC.FOSL.ZS","","","","","","","","","","","","","","","","","","","","","","","","","","","","","","","37.4688041961","37.9239879893238","37.0162686050537","38.1243470649688","40.8415190013716","41.3544242554564","40.0872547602465","37.0923344284754","41.4820335885938","38.8030385498261","39.0468028376899","37.8446774658298","38.3823368141442","40.4395604395604","39.4216838855243","39.3669172230263","38.5153747029685","38.368027967583","37.6189291342315","39.1388745709178","39.3218404168737","34.3932389642199","35.3654425045154","31.4170050183848","32.8223861051761","37.7792123950936","29.0879143985235","29.5708793682679","35.2936473034022","30.0211439067105","32.1621410125988","24.6096276908072","25.590169572785","24.2837849143649","",
"Benin","BEN","Electricity production from oil, gas and coal sources (% of total)","EG.ELC.FOSL.ZS","","","","","","","","","","","","","","","","","","","","","","","","","","","","","","","100","100","100","100","100","100","100","96.6101694915254","97.4683544303797","97.2222222222222","97.6190476190476","96.969696969697","96.8253968253968","97.5","98.7654320987654","99.0654205607477","97.4025974025974","98.6363636363636","98.6899563318777","99.21875","99.1304347826087","100","100","100","100","98.1818181818182","96.3768115942029","97.583081570997","96.5346534653465","98.4848484848485","99.0899898887765","98.5790408525755","96.6033966033966","","",
"Burkina Faso","BFA","Electricity production from oil, gas and coal sources (% of total)","EG.ELC.FOSL.ZS","","","","","","","","","","","","","","","","","","","","","","","","","","","","","","","95.1086956521739","93.298969072165","90.0497512437811","78.1395348837209","66.2037037037037","61.3168724279835","72.992700729927","79.8045602605863","76.9230769230769","65.2777777777778","74.8717948717949","85.2459016393443","82.4657534246575","78.4269662921348","78.4810126582278","80.4642166344294","85.4014598540146","81.8627450980392","78.0645161290323","81.1428571428571","85.0588235294118","89.9233296823658","90.4424778761062","91.5625","93.1818181818182","94.3326271186441","91.3093858632677","91.9141914191419","88.9321468298109","85.8611825192802","82.9158638407193","83.6222355050807","85.9796285200719","","",
"Bangladesh","BGD","Electricity production from oil, gas and coal sources (% of total)","EG.ELC.FOSL.ZS","","","","","","","","","","","","","","","","","","","","","","","","","","","","","","","88.5669943093637","89.8669891172914","91.0501461659546","93.3956115576798","91.3430089942764","96.5574680732926","93.5593515774795","93.9365828976219","93.2852041608446","94.2352941176471","95.1366432058842","94.2904783808648","95.8907045271899","96.1038961038961","96.8847478225643","97.0888468809074","97.3828548212351","97.4914554717224","97.0138807885221","98.7375772226699","97.994809519146","97.6268966763006","97.9813122497176","97.8564073762052","98.4731328392246","98.5341443278125","98.1947626366616","98.1805572553339","98.222587165235","98.650554824149","98.434741948682","98.6267845003399","98.3771055614179","","",
"Bulgaria","BGR","Electricity production from oil, gas and coal sources (% of total)","EG.ELC.FOSL.ZS","","","","","","","","","","","","","","","","","","","","","","","","","","","","","","","60.7436937898958","61.7615388380402","61.7663577646728","58.115114351133","55.9358036346472","53.1575294934074","50.8357524112745","51.6692755180712","51.5091942173527","50.7817402217109","48.333496236927","50.5913391557496","46.2569413528902","51.6737089201878","51.471612887725","47.2444494533979","47.4314508212813","58.5883548513754","57.412793924995","54.4455823480123","53.5142434570124","58.5684193948462","53.8165517824671","50.1129750085587","49.8168035375869","49.9075710484084","48.0023852116875","50.9427343681487","44.8641031663001","44.5839732586503","39.5593070618835","43.070972082072","48.1950137626488","34.6689852192274","",
"Bahrain","BHR","Electricity production from oil, gas and coal sources (% of total)","EG.ELC.FOSL.ZS","","","","","","","","","","","","","","","","","","","","","","","","","","","","","","","100","100","100","100","100","100","100","100","100","100","100","100","100","100","100","100","100","100","100","100","100","100","100","100","100","100","100","100","99.9661647775334","99.9637495091079","99.9610475220231","99.932273262662","99.8569304569809","","",
"Bahamas, The","BHS","Electricity production from oil, gas and coal sources (% of total)","EG.ELC.FOSL.ZS","","","","","","","","","","","","","","","","","","","","","","","","","","","","","","","","","","","","","","","","","100","100","100","100","100","100","100","99.9933219063731","99.9931233037482","99.9850148159964","99.9762599024592","99.9283562811865","99.9048587644762","99.8869857160971","99.8238780328365","99.8128531621095","99.7877349794846","99.7759497604134","99.7812538916774","99.7407058562801","99.6853311375132","99.5191241921457","","","",
"Bosnia and Herzegovina","BIH","Electricity production from oil, gas and coal sources (% of total)","EG.ELC.FOSL.ZS","","","","","","","","","","","","","","","","","","","","","","","","","","","","","","","79.1006014215418","62.727602466449","47.7701149425287","28.8548241659152","18.4967012252592","17.2233583276528","29.7547683923706","46.8910439247005","49.7961881678969","45.5190072877684","51.1554319685492","51.297236322617","51.1543810848401","60.0479318302858","53.0248271527341","52.404380257102","55.9921857389736","66.0471826205024","67.165890845308","60.1799846821547","53.1301097874328","71.2892670157068","70.06817213464","58.5353274883961","63.2735148514851","64.4826924307377","68.1150447458772","75.5809709210366","65.2870563674321","63.0480763734065","70.4693611473272","60.6603366422098","67.803955078125","56.9042769857434","",
"Belarus","BLR","Electricity production from oil, gas and coal sources (% of total)","EG.ELC.FOSL.ZS","","","","","","","","","","","","","","","","","","","","","","","","","","","","","","","99.9494003946769","99.9535303988641","99.954781220907","99.9430609248105","99.9394846641399","99.9197367364957","99.9325691166554","99.9194074528917","99.880810488677","99.9283451500981","99.8965556875216","99.8803016398675","99.8903840338675","99.894843579825","99.8910605575136","99.8804948160589","99.8805444657508","99.842910553269","99.7917142204976","99.6345799315249","99.6016621292449","99.5403726708075","99.3408876911588","99.0541784365379","99.1708651216352","99.0405492635409","98.745754632664","97.722729248153","97.9325911865798","97.4175213147164","95.5925080419218","82.9263561192075","79.2664974619289","","",
"Belize","BLZ","Electricity production from oil, gas and coal sources (% of total)","EG.ELC.FOSL.ZS","","","","","","","","","","","","","","","","","","","","","","","","","","","","","","","","","","","","","","","","","54.5402040685362","43.348271446863","44.6746866536499","65.8386067674285","61.2645760217367","56.8196939454425","22.408065512979","24.19452199502","14.4120214017379","31.6353272620062","10.2731435187622","9.08480764584284","12.746173837713","9.60004297724892","9.91697651912596","12.91107811397","13.5457433583498","13.3103745157124","20.3261562506426","39.8235680089431","5.71325388226797","7.13982421128614","","","",
"Bermuda","BMU","Electricity production from oil, gas and coal sources (% of total)","EG.ELC.FOSL.ZS","","","","","","","","","","","","","","","","","","","","","","","","","","","","","","","","","","","","","","","","","","","","","","","","","","","","","","","","","","","","","","","","","",
"Bolivia","BOL","Electricity production from oil, gas and coal sources (% of total)","EG.ELC.FOSL.ZS","","","","","","","","","","","","","","","","","","","","","","","","","","","","","","","49.7304023226877","41.1247803163445","45.8540630182421","41.7201056205206","51.8413597733711","56.6743954951971","54.5398394070414","53.5426267281106","56.711590296496","52.6410718886885","48.479381443299","45.1645315247425","46.0692951015532","53.069671188779","51.431718061674","58.8845918990434","56.1578318055002","56.5584296459365","60.0370183409053","61.8558356076417","66.1169415292354","65.8094435075885","67.2763954270343","66.0158244002042","71.2581344902386","70.3055801594331","79.1877081766412","74.6984193011647","70.2943532238686","63.4236693312536","64.0809781519343","61.7428072433128","63.4028751753156","","",
"Brazil","BRA","Electricity production from oil, gas and coal sources (% of total)","EG.ELC.FOSL.ZS","","","","","","","","","","","","","","","","","","","","","","","","","","","","","","","4.49553677615665","4.75899938987187","4.85289494150547","4.56987967107978","4.57350956195369","4.92850171080656","5.60564134606802","5.99320739523738","6.06188694257618","8.6655552767122","8.66785130836032","11.2332119765729","10.1394100170393","9.04597092268464","10.8333139761468","10.2304277813479","9.80881725199541","8.74475173369696","12.6132935406755","8.0993990830707","12.3863466695623","9.79206667707242","14.4791555409929","20.431540997621","24.7781154403478","23.9358500667518","17.496765847348","18.4521151024054","15.3787118970097","15.5892593107457","14.1946739953305","20.0315801185474","9.83892135919607","8.72701371969316","",
"Barbados","BRB","Electricity production from oil, gas and coal sources (% of total)","EG.ELC.FOSL.ZS","","","","","","","","","","","","","","","","","","","","","","","","","","","","","","","","","","","","","","","","","100","99.9806567048697","99.9813771590856","99.981631575322","99.9821318889944","99.9687846138355","99.9696277935082","99.9114420659709","99.9118140699229","99.8840666429814","99.8494005168963","99.7489635236393","99.6978638443734","99.5736088375695","99.0200644234874","98.6590368836746","98.6720276354164","97.6888409172679","97.6988072443656","96.5908301493574","94.5545732743965","92.674920433906","","","",
"Brunei Darussalam","BRN","Electricity production from oil, gas and coal sources (% of total)","EG.ELC.FOSL.ZS","","","","","","","","","","","","","","","","","","","","","","","","","","","","","","","100","100","100","100","100","100","100","100","100","100","100","100","100","100","100","100","100","100","100","100","100","99.9463087248322","99.9491094147583","99.9545661063153","99.9556147359077","99.9523809523809","99.9765807962529","99.951888381044","99.9534125320289","99.9594484995945","99.947689625109","99.9122653097035","99.875044626919","","",
"Bhutan","BTN","Electricity production from oil, gas and coal sources (% of total)","EG.ELC.FOSL.ZS","","","","","","","","","","","","","","","","","","","","","","","","","","","","","","","","","","","","","","","","","0.013210442346581","0.018630068931255","0.0248851994102677","0.0524465911830513","0.0700366156341385","0.0683619907331524","0.0496599132904435","0.0315735157741285","0.0147867091143796","0.00343863188299482","0.00428695137739748","0.00452813314975527","0.00263776458244187","0.00715191055343868","0.000139576107361942","0.000258147456408575","0","0.00388454108031677","0","0","0","0","","","",
"Botswana","BWA","Electricity production from oil, gas and coal sources (% of total)","EG.ELC.FOSL.ZS","","","","","","","","","","","","","","","","","","","","","","","","","","","","","","","100","100","100","100","100","100","100","100","100","100","100","100","100","100","100","100","100","100","100","100","","100","99.7150997150997","99.7835497835498","99.8704103671706","99.8989558773998","99.8141954663694","99.8015873015873","99.8547778100494","","99.7707473635947","99.7509339975093","99.7645211930926","","",
"Central African Republic","CAF","Electricity production from oil, gas and coal sources (% of total)","EG.ELC.FOSL.ZS","","","","","","","","","","","","","","","","","","","","","","","","","","","","","","","","","","","","","","","","","0.291002211616808","0.29442939583088","0.29442939583088","0.291002211616808","0.19698999290836","0.183755972069092","0.175994368180218","0.179791441927364","0.196772924045651","0.178507675830061","0.177242112725984","0.175821084464449","0.175635801601799","0.175635801601799","0.16294721927028","0.273361628659809","4.37150533730303","3.52692857629196","3.52692857629196","3.52692857629196","3.52692857629196","3.52692857629196","","","",
"Canada","CAN","Electricity production from oil, gas and coal sources (% of total)","EG.ELC.FOSL.ZS","","","","","","","","","","","","","","","","","","","","","","","","","","","","","","","22.440440929747","21.8417931781947","22.7834549131417","20.5797705082889","20.1534563619701","21.4768797461585","20.6482816756188","23.2186037118987","26.8162404560471","26.076847181879","27.3344800346979","28.9157972985101","27.5059475551893","28.338447098369","26.4461502597576","25.3004814463673","24.3627315273639","24.8112534932427","23.4418133348486","21.8486428965553","23.1594576098178","22.3175640598792","20.8860529348804","19.8076405805735","20.1646171702536","20.4158755714872","19.8030142960406","18.0987178114581","18.7047280839537","18.5707499463667","17.8186826755096","18.2310583647849","17.8645505923368","19.6730816016379","",
"Central Europe and the Baltics","CEB","Electricity production from oil, gas and coal sources (% of total)","EG.ELC.FOSL.ZS","","","","","","","","","","","","","","","","","","","","","","","","","","","","","","","75.1355412981909","73.7145688184061","74.4714498902409","73.5338978727746","73.0064872424371","71.8319775671244","71.5310442697442","70.8209262525499","69.7271578847947","69.8783632395264","70.6343888519244","69.9177265239626","68.1544368504611","70.1887203863807","68.1196774436657","67.2898392709691","68.403791385767","70.0975687112417","67.3697561793748","64.6292523712515","64.7736328030048","66.5203331985982","64.1422672672673","61.3315174398467","58.2257823347218","59.4757423640875","59.7080202175744","59.6953055359892","58.9351929752401","56.6498539380749","53.4475571312478","55.0904064192644","54.3484779077999","51.4390377638041","",
"Switzerland","CHE","Electricity production from oil, gas and coal sources (% of total)","EG.ELC.FOSL.ZS","","","","","","","","","","","","","","","","","","","","","","","","","","","","","","","1.33513725210952","1.75890618021918","2.07135794607096","1.31764477074926","1.41017133204633","1.72452087828405","2.05558067545477","1.81956507956635","2.34602719437836","1.71901680274354","1.6039691943128","1.50760012701393","1.66093161132711","1.73467873571747","1.74582602729283","1.81565182403433","1.5376689874801","1.34854619065145","1.24312798270935","1.1890328517799","1.61321241613212","1.56600591120808","1.3788857228769","1.1365578533584","0.748505080635045","0.981058479359357","1.41052431610942","1.20138206485561","0.930360424232778","0.873647683200653","0.88764829030007","0.805608976785741","0.625942340201946","0.408787579354874","",
"Channel Islands","CHI","Electricity production from oil, gas and coal sources (% of total)","EG.ELC.FOSL.ZS","","","","","","","","","","","","","","","","","","","","","","","","","","","","","","","","","","","","","","","","","","","","","","","","","","","","","","","","","","","","","","","","","",
"Chile","CHL","Electricity production from oil, gas and coal sources (% of total)","EG.ELC.FOSL.ZS","","","","","","","","","","","","","","","","","","","","","","","","","","","","","","","46.1626387981711","29.0266018736536","17.3053704780217","18.3352080989876","25.7348577758437","27.5948192814072","39.5470666710051","37.865273147731","51.8291137458109","61.9692628288617","51.4521682718699","45.7384025769439","44.5490142199629","49.8430459757842","53.0991251366974","46.1169118207454","44.7451193058568","55.8444000068366","54.2509714591987","51.0128124897072","59.6121388622299","60.403573113387","63.5546443778584","64.1086703620064","56.6944157844897","56.4112764208237","56.7423803161318","56.0980829022066","53.7558143771481","53.4177724165661","51.3042753562797","51.1577177395533","44.6774849207308","36.4177848633807","",
"China","CHN","Electricity production from oil, gas and coal sources (% of total)","EG.ELC.FOSL.ZS","","","","","","","","","","","","","","","","","","","","","","","","","","","","","","","79.5920601093248","81.5288692123224","82.4153163296294","81.6834228094261","80.3218977748331","79.5126369908544","81.1204917425757","81.2182186976181","80.7311349036403","82.1128985819327","82.1259712422312","79.8616967903689","80.8626593251939","82.695112664889","81.4869693787435","81.7018507750155","82.4936129470326","82.843478711313","80.2899470319582","80.2483727723448","79.1974463835848","80.9863773842652","77.7146982055628","77.2726663578868","75.1358276643211","72.836485040317","71.3347832636917","70.9002577594408","69.5798997682015","67.9441024354279","66.6281115933715","66.2498687355151","64.7954007326624","64.4035322187705","",
"Cote d'Ivoire","CIV","Electricity production from oil, gas and coal sources (% of total)","EG.ELC.FOSL.ZS","","","","","","","","","","","","","","","","","","","","","","","","","","","","","","","33.3333333333333","30.9851403412218","43.3513513513514","49.7714808043876","50.275307073274","39.4638615541228","45.3038674033149","53.3862565120317","65.7633018398807","63.587294996886","63.25","63.1525076765609","67.3403853418965","63.9866325928838","66.3339382940109","72.7688787185355","71.3174182139699","66.0451074409519","65.2413793103448","62.4765797990121","71.7183570829841","69.8639121167405","73.560433295325","78.1176470588235","76.0680666183925","83.2644628099173","82.8352731466918","79.3724470850353","69.9135274823576","66.9958615500376","69.4360434086462","76.1385281385281","75.8988764044944","","",
"Cameroon","CMR","Electricity production from oil, gas and coal sources (% of total)","EG.ELC.FOSL.ZS","","","","","","","","","","","","","","","","","","","","","","","","","","","","","","","1.52020763811643","1.43911439114391","1.27877237851662","1.0593220338983","1.17647058823529","1.14901256732496","1.13753877973113","1.15089514066496","1.64141414141414","1.24407582938389","1.09195402298851","1.89212086981079","3.57575757575758","4.23452768729642","4.62287104622871","5.79420579420579","11.1829220524873","25.1764257104711","24.1506776975885","29.3222683264177","26.7796610169492","24.696151249156","21.2099125364431","30.3728070175439","35.7204735778227","44.8465873512837","36.2840079628401","36.3872403560831","40.8196530445919","37.6399858540611","41.8150289017341","32.539013074652","28.5742931622218","","",
"Congo, Dem. Rep.","COD","Electricity production from oil, gas and coal sources (% of total)","EG.ELC.FOSL.ZS","","","","","","","","","","","","","","","","","","","","","","","","","","","","","","","0.442477876106195","0.416587767468283","0.312860200889182","0.306582506762849","0.338855421686747","0.291403593977659","0.294647241774431","0.376759865159627","0.401861252115059","0.452232899943471","0.0501588363149975","0.0838785438684784","0.131169044105591","0.113858165256994","0.113186191284663","0.0947995666305525","0.609029524692175","1.10154469485946","1.28154313647774","1.0930350788002","1.08558444837162","1.11125142063392","0.11823436678928","0.107874865156419","0.124279742401988","0.178691087781997","0.153189626873837","0.0735603194619588","0.0552638850511191","0.0423119235000423","0.0399616368286445","0.0151664518085994","0.030188679245283","","",
"Congo, Rep.","COG","Electricity production from oil, gas and coal sources (% of total)","EG.ELC.FOSL.ZS","","","","","","","","","","","","","","","","","","","","","","","","","","","","","","","0.608519269776876","0","0.934579439252336","0.828729281767956","0.617283950617284","0.564971751412429","0.436681222707424","0.441501103752759","0.581395348837209","14.4144144144144","0.334448160535117","0.0412979351032448","0.143939393939394","14.3208020050125","14.4451612903226","18.0600461893764","17.9271523178808","17.7346437346437","18.7028199566161","38.7755102040816","45.280612244898","38.8244392884764","42.0482352941176","42.5731414868105","42.3021181716834","60.3249097472924","61.8015577378937","59.3792172739541","64.5994832041344","76.7715458276334","76.3020833333333","75.6519619790397","77.4586076201875","","",
"Colombia","COL","Electricity production from oil, gas and coal sources (% of total)","EG.ELC.FOSL.ZS","","","","","","","","","","","","","","","","","","","","","","","","","","","","","","","23.6158098853041","24.3173830765072","31.3349927149101","26.7460255712026","21.5074017725615","23.5953740986984","17.0079793367465","28.3555655195606","30.2536917834154","20.1391807949185","24.4719575247502","25.6582581476708","23.4927188776416","21.2086708058522","18.3465390339058","19.8275862068966","19.3967120434427","18.4639339513326","15.9871302171776","27.1187626845825","29.2995101354137","18.1082862977793","21.9408552227766","30.5766138295428","30.6393516434039","36.363173698407","34.0911458333333","20.6849142280525","23.1444543101184","29.907355592862","34.209103822801","21.7407856853927","24.1859707879803","30.3139947798228","",
"Comoros","COM","Electricity production from oil, gas and coal sources (% of total)","EG.ELC.FOSL.ZS","","","","","","","","","","","","","","","","","","","","","","","","","","","","","","","","","","","","","","","","","100","100","89.9631983941117","87.4174268637937","87.8048780487805","88.3449883449883","87.5124875124875","90.3474903474903","89.5833333333333","90.272373540856","92.7113702623907","91.9871794871795","92.1135646687697","91.8166939443535","91.304347826087","100","100","100","100","100","100","100","","","",
"Cabo Verde","CPV","Electricity production from oil, gas and coal sources (% of total)","EG.ELC.FOSL.ZS","","","","","","","","","","","","","","","","","","","","","","","","","","","","","","","","","","","","","","","","","96.88995215311","97.8363720286176","96.8374587919763","97.2968891573543","97.0613774507564","97.267643819368","97.0349115255858","97.4415313570684","98.072078376487","98.4219437859804","98.7870540204722","92.9528180123333","80.9912898093466","78.7216642387999","77.789119880493","79.7344647581818","81.4023154196135","82.3636021277597","79.2025510916624","81.3418371946272","83.1818940640576","81.7344050718895","","","",
"Costa Rica","CRI","Electricity production from oil, gas and coal sources (% of total)","EG.ELC.FOSL.ZS","","","","","","","","","","","","","","","","","","","","","","","","","","","","","","","2.479815455594","5.12422360248447","17.1620521172638","10.0773615635179","9.85342019543974","17.2505634091375","9.2877967513536","3.04758510069506","8.14705338998707","2.15280025898349","0.852724382136147","1.48257968865827","1.62126245847176","2.10653428149738","0.803408399269629","3.28087167070218","6.12855007473842","7.97790055248619","7.14587291534727","4.84425349087003","6.68892831054993","8.77746135069162","8.15804993119717","11.685393258427","10.2084760692963","0.998890122086571","1.76545920234175","0.325790261512723","1.37140873188091","0.826733965712297","0.196095148776537","0.0157022846824213","0.725952813067151","5.06160506160506","",
"Caribbean small states","CSS","Electricity production from oil, gas and coal sources (% of total)","EG.ELC.FOSL.ZS","","","","","","","","","","","","","","","","","","","","","","","","","","","","","","","99.1333519709254","99.3279569892473","99.2454728370221","99.2664396122609","99.2135659867289","99.233805433016","99.625633120458","99.6391339214114","99.6517701683111","99.6569468267582","88.9611314941683","88.9319310419603","89.0869373576137","91.0423236370984","91.230343140501","92.6517052539703","90.3502438361164","90.0839552680594","88.8085465700421","88.9169894298734","89.2672496811967","90.5789728065936","92.3741220676747","92.1367860324435","93.7055334929934","94.3034154054121","92.1937518750237","91.0561227251378","90.6437677677863","91.7375852497055","89.8334036649","90.1488782220427","91.9150038870174","","",
"Cuba","CUB","Electricity production from oil, gas and coal sources (% of total)","EG.ELC.FOSL.ZS","","","","","","","","","","","","","","","","","","","","","","","","","","","","","","","89.7497337593184","89.6655846606779","87.7101750736696","91.192510452645","92.0936063518596","93.8678866682719","92.3164097914778","92.9308638484377","93.8083121289228","93.21004692244","93.1279936136243","93.4309431989019","93.3435250652908","94.6363061353574","94.3904311116797","96.8191891539565","96.9639929564637","96.9695249985812","96.0400520450303","96.1078519855596","96.7580617347819","96.7736486486486","96.2882570002171","95.6478578892372","95.9826500051637","96.0518533123028","96.0406686870662","96.1718065959724","96.3622402457168","95.6769550306719","95.1666229336132","95.4247633981072","95.9144467213115","","",
"Curacao","CUW","Electricity production from oil, gas and coal sources (% of total)","EG.ELC.FOSL.ZS","","","","","","","","","","","","","","","","","","","","","","","","","","","","","","","100","100","100","99.1199119911991","99.1761071060762","99.207135777998","99.2156862745098","99.2344497607656","99.2799279927993","99.2812219227314","99.2863514719001","93.5159817351598","93.8099389712293","93.9881456392887","94.1322314049587","94.3108974358974","94.1707717569787","94.3471337579618","94.9275362318841","95.1463790446841","95.2380952380952","95.2452830188679","93.0769230769231","86.0178970917226","83.256880733945","83.9407744874715","83.1447963800905","78.7878787878788","70.7514450867052","73.4926052332196","73.8974970202622","73.4042553191489","75.0577367205543","","",
"Cayman Islands","CYM","Electricity production from oil, gas and coal sources (% of total)","EG.ELC.FOSL.ZS","","","","","","","","","","","","","","","","","","","","","","","","","","","","","","","","","","","","","","","","","100","100","100","100","100","100","100","100","100","100","100","100","100","100","100","100","99.6884993977655","98.706540305251","97.8592111551545","97.7243726074011","97.3092430687376","97.0606688853729","","","",
"Cyprus","CYP","Electricity production from oil, gas and coal sources (% of total)","EG.ELC.FOSL.ZS","","","","","","","","","","","","","","","","","","","","","","","","","","","","","","","100","100","100","100","100","100","100","100","100","100","100","100","100","100","100","100","99.9785038693035","99.9384110039006","99.7243009058685","99.405560882071","98.6283352123262","96.3887198214648","94.5516217935128","92.3776223776224","92.7126436781609","91.1998235553595","91.3239206056886","91.3069544364508","90.5731225296443","89.9824936782727","87.6881831305424","84.8603242820863","83.2162521359408","79.4895852880465","",
"Czechia","CZE","Electricity production from oil, gas and coal sources (% of total)","EG.ELC.FOSL.ZS","","","","","","","","","","","","","","","","","","","","","","","","","","","","","","","77.5667769625474","77.7772270684642","76.5773362791561","75.5710670674751","74.3224597564092","75.497559452397","75.8080831660364","76.6742004396421","75.966027767539","74.8817510124587","77.6291073421719","76.2294532935014","71.0588358568659","66.1540125199755","64.8808888572682","65.4690111167623","64.1054515712237","65.9561441302524","63.3627027867108","60.5463284054268","59.7185197257372","58.4084959475062","55.0904847971814","52.7136331734033","52.7487579514324","55.0648452772612","58.1485793851805","54.8187373644551","53.8716675943069","52.1135175504108","48.6028654138659","49.62653649356","49.305833824396","44.3418523713054","",
"Germany","DEU","Electricity production from oil, gas and coal sources (% of total)","EG.ELC.FOSL.ZS","","","","","","","","","","","","","","","","","","","","","","","","","","","","","","","67.7250620437624","68.1511913630349","65.2990864606397","65.4523481975237","65.3702093884647","64.8684866848817","64.5777965039649","63.2766691928623","64.5498775146344","62.7512133740787","62.6912476606255","62.2154275365532","62.2856207835771","63.7938731830298","61.9896807637982","61.5795825482977","60.3225362982219","62.0394104953286","60.1042386322344","59.0877312986928","58.8435051806924","59.8204601686774","59.1015002053114","58.7043076494322","56.2017565935974","54.4394725354731","55.5517803855491","52.9397007601079","51.1477544545551","45.6958694516713","42.5185329352764","46.6341879793994","48.0764281482479","43.2012518534581","",
"Djibouti","DJI","Electricity production from oil, gas and coal sources (% of total)","EG.ELC.FOSL.ZS","","","","","","","","","","","","","","","","","","","","","","","","","","","","","","","","","","","","","","","","","100","100","100","100","100","100","100","100","100","100","100","100","99.8719590268886","99.8846597462514","99.5024875621891","99.7198879551821","99.3227990970655","98.993288590604","98.9208633093525","99.3449781659389","99.5222929936306","64.6464646464647","","","",
"Dominica","DMA","Electricity production from oil, gas and coal sources (% of total)","EG.ELC.FOSL.ZS","","","","","","","","","","","","","","","","","","","","","","","","","","","","","","","","","","","","","","","","","59.1576506955178","66.5063509680602","54.7598143735106","62.8082014015053","57.2994079858924","66.5473633977571","67.3052213526457","74.4202146071305","75.7239819004525","74.2793081358104","75.954045954046","63.7099161322151","72.9711275848615","62.9451111548298","69.4361156784989","76.4705882352941","66.8913525498891","67.5441634915137","62.2846781504986","77.7245636441039","79.6151104775481","79.7124285995667","","","",
"Denmark","DNK","Electricity production from oil, gas and coal sources (% of total)","EG.ELC.FOSL.ZS","","","","","","","","","","","","","","","","","","","","","","","","","","","","","","","96.7362019859903","96.9325489122999","95.2306591190058","94.7253782304115","95.1328305978609","94.1701352049838","95.4201037661901","92.4359697619316","89.4072434509766","87.412641315519","82.894627354173","82.8964457048954","81.1006185252119","81.0202225782705","74.8256245362355","70.6781437951774","78.0206529126746","71.7672194526401","70.0923093729517","70.1646373306214","66.0954145437703","57.5378239518578","49.2964169381107","51.9831903747625","41.8686303753418","31.9626814098134","37.4680725653284","27.3999097414738","29.3193717277487","19.1557121561187","15.6885268727374","18.6263237518911","16.4422173504541","11.1585438159611","",
"Dominican Republic","DOM","Electricity production from oil, gas and coal sources (% of total)","EG.ELC.FOSL.ZS","","","","","","","","","","","","","","","","","","","","","","","","","","","","","","","89.8864250946457","86.3414634146341","89.9838738577316","78.2551840089669","89.7753405271537","88.2234800073033","86.3492063492064","90.1464897733554","90.9393737508328","88.5568098757411","92.3988104315998","93.7555052319225","92.5373016442881","89.8102107990756","86.1967817633255","85.1505319550291","86.9138262292749","87.8712529354883","89.9725085910653","88.8401345619424","89.8496496360297","89.7671451355662","88.3649106135297","87.5056663644606","90.6506669773403","92.5175761633746","89.3472445157838","84.8760243748687","86.1686428171594","87.791876975329","83.8163631700436","82.3565152364928","84.4437181941267","","",
"Algeria","DZA","Electricity production from oil, gas and coal sources (% of total)","EG.ELC.FOSL.ZS","","","","","","","","","","","","","","","","","","","","","","","","","","","","","","","99.1616989567809","98.310752378207","98.9117357541288","98.1817245286906","99.1651159281798","99.0210499619579","99.3463735838094","99.6511141089454","99.0757458516035","99.180029890536","99.7875019675744","99.7408450704225","99.7938368055556","99.1038517466437","99.1968","98.3635559486953","99.3811389314711","99.3924077857834","99.2966497663784","99.2052154489494","99.6195390737744","99.0199906293925","98.9163196682753","99.4489898146602","99.6046200305096","99.6773162010524","99.5295575869403","99.163356047252","98.9773423946363","98.9721070578711","99.0853388920472","99.2223913807237","99.2524470848725","99.2428916519393","",
"East Asia & Pacific (excluding high income)","EAP","Electricity production from oil, gas and coal sources (% of total)","EG.ELC.FOSL.ZS","","","","","","","","","","","","","","","","","","","","","","","","","","","","","","","77.6224227864869","79.5874783264844","80.5755319810884","80.4453174161354","79.4698270965788","78.8922780062547","80.4845136664714","81.3565189272552","80.8689709646591","81.5976192141626","81.3019781069385","79.4969253153992","80.6555988689549","82.3528472893261","81.5184099008736","81.8296827525618","82.3892918393719","82.7257937810255","80.4152568737548","80.4327364823733","79.6074823490066","80.8492524398108","77.8842161439948","77.4710023765057","75.5940839468923","73.8517595453144","72.1972959784867","71.4465941610416","70.1853155722999","69.07798501409","67.5854950972707","66.8487107700493","65.4992979737609","","",
"Early-demographic dividend","EAR","Electricity production from oil, gas and coal sources (% of total)","EG.ELC.FOSL.ZS","","","","","","","","","","","","","","","","","","","","","","","","","","","","","","","71.5982337996605","72.1240056790556","72.4045332223887","72.5526173044981","72.8007496109011","73.4510747718041","74.1243219950616","74.6498465492934","75.2452171528721","76.0678077967869","76.8955929789915","77.7392203136688","78.2495304294582","78.4585105374937","78.0540384856714","77.562631851494","77.3369711814144","78.6147810804502","79.3702312171203","79.7642609642451","79.2322212636199","78.813933971621","79.70443433426","78.9224421313441","80.3231941764407","80.2684740259098","79.8150256028097","79.5756502906639","78.6219628584743","76.9339329977731","76.1511075113126","76.3986691444937","75.3619354204372","68.5201656430545","",
"East Asia & Pacific","EAS","Electricity production from oil, gas and coal sources (% of total)","EG.ELC.FOSL.ZS","","","","","","","","","","","","","","","","","","","","","","","","","","","","","","","69.0737856821385","69.7094421933804","71.1898457464823","70.081277071686","71.2358902717141","70.0016002841823","71.0466887540781","71.3190679199018","70.5111210647155","71.8869443823822","72.5044017842484","72.2846070420862","73.9878164896725","76.1172401807232","75.4698605255214","75.7687306144499","76.4292744172633","78.2100203256621","76.7637163756808","76.5323124140581","76.3556586672338","79.6249959169882","78.7483659984688","78.3848289778978","76.5940916692459","74.9542315496284","73.4431720858015","72.7086162196224","71.3385925425651","69.9407728964424","68.5645736735257","67.6003238438248","66.1170950238107","61.9533552155538","",
"Europe & Central Asia (excluding high income)","ECA","Electricity production from oil, gas and coal sources (% of total)","EG.ELC.FOSL.ZS","","","","","","","","","","","","","","","","","","","","","","","","","","","","","","","75.3076429857399","73.7820617166244","72.4924809263687","68.0181102732321","66.4943444420694","65.9543209944559","61.7204061140243","62.7954330594139","61.9528903113507","63.2264583027653","65.713317568347","67.5858125614223","65.7730000280403","66.0002024281422","64.1588632628309","64.843646716289","66.526178878975","69.2142095965556","70.6249877064957","68.8037306372294","65.464244144938","68.4626849371163","68.2672819301794","67.9522264775156","70.0325222917727","66.0122866457632","65.9301897842468","66.8608186442576","65.7987394476559","62.0623981291917","63.4237855680393","63.7762815885424","62.4454902487951","57.8732519973889","",
"Europe & Central Asia","ECS","Electricity production from oil, gas and coal sources (% of total)","EG.ELC.FOSL.ZS","","","","","","","","","","","","","","","","","","","","","","","","","","","","","","","61.2801845301576","60.4122140880791","58.6261825447156","56.3186146455981","55.8700156774728","55.6087306422897","55.438684988931","54.7846610883029","54.8034734201912","54.554937727273","54.8977042688303","54.4679812578124","55.2206266554879","56.4302911725554","55.4059546763736","55.5827820866419","56.3046225216721","57.1079940080442","56.7141954703368","54.7851971530202","54.1825728181421","54.457505293085","52.9442086427437","50.9686833204758","49.5847668352203","48.9672021324762","49.1461880211978","49.3210150886129","47.7861612053105","45.9526761729075","43.6367694343747","44.7722921145503","45.7529397475753","31.9027643726516","",
"Ecuador","ECU","Electricity production from oil, gas and coal sources (% of total)","EG.ELC.FOSL.ZS","","","","","","","","","","","","","","","","","","","","","","","","","","","","","","","21.4521971964089","27.2297103527387","30.8782657031684","21.603022534071","19.3885068762279","38.7709099537312","32.0770877944325","36.9426751592357","40.257116620753","30.3744664338378","30.2469845457972","39.2915837104072","36.7061990074859","37.8139615451239","41.0904466698458","47.8886899433005","51.8687570285109","46.6055257541674","38.1804503197378","48.2890774705721","54.5105074320861","44.6231303157689","45.1306517267037","51.0102312784799","50.8269563070847","47.4412331406551","39.7869146560246","26.3092180365297","27.4185275108573","21.8102406839513","20.2508960573477","19.0103681629105","23.8820891904993","","",
"Egypt, Arab Rep.","EGY","Electricity production from oil, gas and coal sources (% of total)","EG.ELC.FOSL.ZS","","","","","","","","","","","","","","","","","","","","","","","","","","","","","","","76.128443013027","77.3175090500848","78.4339010182756","77.7369627993885","77.4277837215044","77.7524366471735","78.7767471760492","79.4841514342439","80.5895245052886","78.5633987882327","82.2965588728357","81.5674455464566","85.3537392084314","85.9355136946724","87.0018460201976","87.8590486705309","88.2667429185405","86.9406772211078","88.0711980051096","89.9132289774857","90.7872958371069","90.6423281367513","91.1624140807169","91.1752982122141","91.1249528985921","91.5098646928328","91.7303235547203","92.0498581149117","91.1363943653508","87.9651787706098","87.6391497775581","87.8378964933518","87.4893743015693","87.2393436526751","",
"Euro area","EMU","Electricity production from oil, gas and coal sources (% of total)","EG.ELC.FOSL.ZS","","","","","","","","","","","","","","","","","","","","","","","","","","","","","","","51.8842366621609","51.0770817454611","49.9031593770417","48.1078708184095","48.4041904230728","49.0564370164167","47.9680533644722","48.4057918050435","49.5066166492312","49.4039831582628","49.0666963288788","48.2554491989008","50.0058413507188","50.5753498867387","50.0566183818739","51.0892062836339","50.4945416848875","51.4895764958082","49.897362289246","48.1738798852741","46.645709314325","46.817961906702","45.2041942487502","41.8073637817886","39.2860858382531","40.8493265195322","41.243125188085","42.3915722681725","39.2788419142785","37.3410330871878","34.5986072902725","34.786710260936","37.6586869580765","30.281466087039","",
"Eritrea","ERI","Electricity production from oil, gas and coal sources (% of total)","EG.ELC.FOSL.ZS","","","","","","","","","","","","","","","","","","","","","","","","","","","","","","","","","100","100","100","100","100","99.5327102803738","99.5073891625616","99.5475113122172","99.5412844036697","99.5867768595041","99.6268656716418","99.6503496503496","99.6575342465753","99.6632996632997","99.2805755395683","99.3265993265993","98.6622073578595","98.6970684039088","98.7616099071207","98.4662576687116","98.4520123839009","97.8494623655914","97.841726618705","97.4169741697417","97.463768115942","97.5975975975976","96.5811965811966","96.6759002770083","96.7741935483871","97.1204188481675","97.2431077694236","","",
"Spain","ESP","Electricity production from oil, gas and coal sources (% of total)","EG.ELC.FOSL.ZS","","","","","","","","","","","","","","","","","","","","","","","","","","","","","","","46.586757765447","45.7198605913954","51.1460289058858","47.2749072078162","47.1730520904772","51.1413010952182","43.1946761130122","50.5525152046722","49.6255429882796","57.1143882024711","55.0697649553611","50.7227711027131","58.5570175259542","53.4414244397904","57.0131512211848","62.6346983674677","60.9021602289462","61.428117183889","60.1651591353846","55.6398072092865","45.6794913888309","49.4563497330243","48.6022893015815","39.43234452843","38.2742180241005","43.5778591795978","39.0121228222775","45.752667503246","40.523661696763","40.4630073520532","32.8780854529508","31.9198576803056","35.9923269984339","27.2876731495732","",
"Estonia","EST","Electricity production from oil, gas and coal sources (% of total)","EG.ELC.FOSL.ZS","","","","","","","","","","","","","","","","","","","","","","","","","","","","","","","100","100","99.9914755775296","99.988798028453","99.9672810557313","99.908067111009","99.9233044812096","99.8918685121107","99.8130185812785","99.8067165982121","99.7885586749677","99.7878109159495","99.6481763809077","99.5176690619155","99.417701863354","98.9122978931896","98.6642005754213","98.8105004101723","98.1381721954447","93.8375669210616","91.9469299598889","90.8555029861165","87.6577254115484","90.3578154425612","88.2532540575285","83.9377217185652","86.4245213246775","85.2431610942249","83.1284373989","71.0177281680893","49.8848305363606","58.7451415880067","66.965085049239","49.5909486510009","",
"Ethiopia","ETH","Electricity production from oil, gas and coal sources (% of total)","EG.ELC.FOSL.ZS","","","","","","","","","","","","","","","","","","","","","","","","","","","","","","","11.6472545757072","10.5045492142266","7.2522159548751","8.67678958785249","6.68504479669194","6.48330058939096","5.8016219588272","2.97397769516729","2.9038112522686","1.15571776155718","1.37395459976105","0.944333996023857","1.02739726027397","0.696864111498258","0.708940527766837","0.421792618629174","0.305903946160905","4.56723992106005","12.3643102991792","11.0889110889111","0.620372223334","0.583688278908345","0.157998683344305","0.0918589964404639","0.0314762354422411","0.038259206121473","0.0318471337579618","0.0302114803625378","0.0275349349487162","0.0332513134268804","0","0.0129207313133923","0.0115353558657285","","",
"European Union","EUU","Electricity production from oil, gas and coal sources (% of total)","EG.ELC.FOSL.ZS","","","","","","","","","","","","","","","","","","","","","","","","","","","","","","","53.6433394801661","52.9331228644038","51.9179832148787","50.5870399638745","50.9668386127018","51.234200539846","51.0976161571792","50.5565013327546","50.9745237534428","50.8085249841295","50.7714933190405","49.9162876020073","51.371843512198","52.4617764433422","51.2375791604998","51.6430303061366","51.7930462585153","52.5147484381349","50.8401612693458","49.2568087657534","47.7790162189624","47.9252633911758","45.8557990573327","42.9988360150633","40.4859853193682","41.6512216713211","42.1547255860686","42.9133138907512","40.3660054855291","38.2503264457522","35.5668558776947","36.1260260375957","38.1823982120905","31.1648715660475","",
"Fragile and conflict affected situations","FCS","Electricity production from oil, gas and coal sources (% of total)","EG.ELC.FOSL.ZS","","","","","","","","","","","","","","","","","","","","","","","","","","","","","","","66.0508114248256","63.3301004373735","62.3302424418043","59.7614242632183","58.2101382586538","57.9408587091353","54.6257276357332","53.6772900983744","52.5616408005655","53.1366136657754","52.5048461733467","54.1230949223619","55.3892787276009","54.8252706575507","52.2618272521677","50.4203892360191","51.0548663774928","51.820205054852","53.1497753427","53.1200452963844","55.0855978457918","54.7673384314957","55.0115686267114","55.8959687307537","58.1748846465275","57.3671834634011","60.1194591922278","58.2969769746887","58.7640837573633","59.5726241614568","56.723227404818","54.8577549353608","55.5527645101257","","",
"Finland","FIN","Electricity production from oil, gas and coal sources (% of total)","EG.ELC.FOSL.ZS","","","","","","","","","","","","","","","","","","","","","","","","","","","","","","","35.2097394118837","34.9705101231332","31.883932438285","35.5474058186938","42.5774405387698","39.4690403685485","45.9573609329278","40.2466173239274","33.5585104108769","35.9315835696906","34.0902595175489","40.1001530488951","43.3153225268494","49.9276616939022","43.1463684547731","33.1798475532005","44.4102925454369","40.7163517754939","33.7005372455832","36.5288820435971","41.0999826462057","34.841702833975","26.003039297837","30.0223135972606","25.8099098305284","20.6912637210455","21.0116788108847","18.8054440709092","20.6766007713875","17.6591405680991","13.530252501191","13.2858212473309","10.2512952650098","5.22933529556046","",
"Fiji","FJI","Electricity production from oil, gas and coal sources (% of total)","EG.ELC.FOSL.ZS","","","","","","","","","","","","","","","","","","","","","","","","","","","","","","","","","","","","","","","","","23.8560586933599","22.3109148550725","26.6692733789508","43.1614537133454","41.1966826108989","47.1719403268719","49.348635235732","33.7773036228856","35.0815621446689","39.8952451462479","48.6772321055709","41.9768465817565","35.0153137693594","38.7913063221119","50.7841402605758","52.1654644486972","46.1749800982467","48.7468863250092","41.6638882552161","45.5244738150143","45.4473475851148","39.9343914763745","","","",
"France","FRA","Electricity production from oil, gas and coal sources (% of total)","EG.ELC.FOSL.ZS","","","","","","","","","","","","","","","","","","","","","","","","","","","","","","","11.1985473593646","13.2458501077809","10.8351774444718","7.26371148240132","7.00090381594868","7.71737942922347","8.35182130008551","7.62525506666402","10.5496835368764","9.65471990566845","9.1746704348889","8.18972576565429","9.14512317931968","9.83173322889432","9.54824728727139","10.7104976729895","9.61906103825393","9.88946378174976","9.35176697350673","9.18673321826748","9.7655488356488","9.90420236922621","9.45191854682511","8.77488672250446","5.83238651734026","7.30673923052649","9.57766039233192","11.1429541620072","8.03913250330198","8.92907769148113","8.59145414625908","8.34477657336302","11.8691837389586","7.43712665981813","",
"Faroe Islands","FRO","Electricity production from oil, gas and coal sources (% of total)","EG.ELC.FOSL.ZS","","","","","","","","","","","","","","","","","","","","","","","","","","","","","","","","","","","","","","","","","64.6412471825695","67.4336130092553","59.6096221075412","64.3812507531028","58.6295537614974","55.4884024828487","55.680591953137","55.3819315566773","60.5511240029007","61.016333938294","71.1023902961113","60.9203798392988","62.0713305898491","61.5726495726496","49.1814014407335","39.9046104928458","50.0630119722747","48.8782530661083","51.1647727272727","59.5700595700596","61.3077679449361","61.9159981123171","","","",
"Micronesia, Fed. Sts.","FSM","Electricity production from oil, gas and coal sources (% of total)","EG.ELC.FOSL.ZS","","","","","","","","","","","","","","","","","","","","","","","","","","","","","","","","","","","","","","","","","95.8170663692136","95.8170663692136","95.8170663692136","99.8372849837285","99.8372849837285","99.8372849837285","99.8372849837285","99.6982358402971","99.6173025629131","99.1279403327596","98.9094561630076","98.7252599798725","98.9023685730791","98.5444824001188","96.5715148769068","95.362962962963","93.6658506731946","93.6073059360731","93.7157185394139","93.4018468871016","93.8102556937264","95.052490507036","","","",
"Gabon","GAB","Electricity production from oil, gas and coal sources (% of total)","EG.ELC.FOSL.ZS","","","","","","","","","","","","","","","","","","","","","","","","","","","","","","","27.6073619631902","27.4111675126904","27.4924471299094","28.1281281281281","29.1744840525328","29.7629499561018","35.996705107084","35.031847133758","39.0171258376768","36.8975903614458","38.4030418250951","37.1002132196162","37.246963562753","40.8735332464146","41.5204678362573","47.9338842975207","42.7884615384615","53.3448673587082","50.4939626783754","47.9496992892291","52.5906735751295","58.3210603829161","57.4074074074074","52.2510231923602","52.313794623182","49.3581780538302","56.5815324165029","54.2271880819367","52.7927927927928","53.4014804370814","51.076187222412","53.4412955465587","51.8796992481203","","",
"United Kingdom","GBR","Electricity production from oil, gas and coal sources (% of total)","EG.ELC.FOSL.ZS","","","","","","","","","","","","","","","","","","","","","","","","","","","","","","","76.973262400035","76.0040263259775","73.5197465760038","70.0794176452018","70.2741609926276","70.7224562254334","70.8355540101861","69.469238534674","69.5778639823768","70.6075208066233","73.9448217700209","72.8204288584133","73.0171518879472","73.6610932249785","74.8811327987165","73.8824066915021","74.8793048766367","77.6992104911687","79.3827290657875","73.4961917146573","75.7208913503488","70.4473125643764","67.9846066369457","64.1395656580038","60.5428277857234","52.9457008889612","52.3893537655006","47.9048925848104","45.3868201736578","43.7637411059677","38.7321041005197","43.1260671922031","41.5896664004423","37.0596335278399","",
"Georgia","GEO","Electricity production from oil, gas and coal sources (% of total)","EG.ELC.FOSL.ZS","","","","","","","","","","","","","","","","","","","","","","","","","","","","","","","44.79014864471","42.8648399014778","41.6890801506186","36.8531802965088","38.5703918722787","36.1908265881776","16.5159315430639","15.5800642189027","16.9339069221744","16.1525445789405","21.0668103448276","20.1095574455817","6.75210141931928","8.85474860335196","12.6372039283651","14.1874225952938","27.0618910388363","18.1709073451752","15.272684254111","13.3909792007478","7.47728170683524","22.6044732195409","25.4976792160908","17.7751267521622","19.6316652203259","21.9606757130989","19.3191636426473","19.3565172144654","17.4020414883108","23.9541160593792","25.2710816381396","18.8137603795967","23.7750947634424","23.9388676623828","",
"Ghana","GHA","Electricity production from oil, gas and coal sources (% of total)","EG.ELC.FOSL.ZS","","","","","","","","","","","","","","","","","","","","","","","","","","","","","","","0","0","0","0.34848724853477","0.458265139116203","0.310660562459124","0.0301795684321714","0.508277664827186","22.4696356275304","16.4133247089263","12.2109926623287","22.3947067056877","49.4981438196068","45.2907174430466","16.2278522934261","21.9063052445492","49.8932384341637","66.8959587274291","38.3469485824123","23.2306318374637","31.1891413396282","32.6893973114929","33.2423490488007","36.1302830554478","35.3145235892692","49.4117647058824","52.6641253706057","59.8862828713575","62.7646479566716","59.8482766203067","63.5651613542854","65.3441552552825","63.9357707083351","","",
"Gibraltar","GIB","Electricity production from oil, gas and coal sources (% of total)","EG.ELC.FOSL.ZS","","","","","","","","","","","","","","","","","","","","","","","","","","","","","","","100","100","100","100","100","100","100","100","100","100","100","100","100","100","100","100","100","100","100","100","100","100","100","100","100","100","100","100","100","100","100","100","100","","",
"Guinea","GIN","Electricity production from oil, gas and coal sources (% of total)","EG.ELC.FOSL.ZS","","","","","","","","","","","","","","","","","","","","","","","","","","","","","","","","","","","","","","","","","44.0306681270537","42.7385892116183","41.3793103448276","53.6500579374276","38.5382059800665","39.2405565024377","36.9064442218777","35.308846905904","25.6509103849119","29.6600304450348","22.6001475352","24.0489032722042","32.2648556876061","25.8990312909592","39.698916987508","21.1253456139259","32.0519649806667","30.701629077694","36.7104093689549","36.1072489645382","38.1581793177747","11.8678065012871","","","",
"Gambia, The","GMB","Electricity production from oil, gas and coal sources (% of total)","EG.ELC.FOSL.ZS","","","","","","","","","","","","","","","","","","","","","","","","","","","","","","","","","","","","","","","","","100","99.9777975133215","99.8834375331143","99.7037436035551","99.5104514725309","99.3452002542912","99.2917328123092","99.1694945525987","99.0299633541712","98.7956389452333","98.7676969092722","98.1121686462676","97.9821169647173","97.8728470513533","97.9927607765712","98.3835925958112","98.5707722934","98.5707722934","98.5707722934","98.3699251184351","98.3699251184351","98.3974930575017","","","",
"Guinea-Bissau","GNB","Electricity production from oil, gas and coal sources (% of total)","EG.ELC.FOSL.ZS","","","","","","","","","","","","","","","","","","","","","","","","","","","","","","","","","","","","","","","","","100","100","100","100","100","100","100","100","100","100","100","100","100","100","100","98.0806142034549","98.0221518987342","98.0221518987342","92.9133858267717","92.9133858267717","92.9133858267717","92.9133858267717","","","",
"Equatorial Guinea","GNQ","Electricity production from oil, gas and coal sources (% of total)","EG.ELC.FOSL.ZS","","","","","","","","","","","","","","","","","","","","","","","","","","","","","","","93.1034482758621","90.3225806451613","85.7142857142857","84.375","81.8181818181818","79.4117647058823","77.4193548387097","74.0740740740741","84.0909090909091","86.5384615384615","89.7058823529412","70.6766917293233","70.6766917293233","72.3404255319149","77.4566473988439","78.4530386740332","79.6875","81.6037735849057","93.3014354066986","94.2857142857143","94.9275362318841","96.4467005076142","90.8469945355191","84.7539015606242","61.4447345517842","64.0492686682063","66.3090128755365","67.1417854463616","67.2821270310192","68.0911680911681","65.3437278525868","67.4740484429066","68.7458526874585","","",
"Greece","GRC","Electricity production from oil, gas and coal sources (% of total)","EG.ELC.FOSL.ZS","","","","","","","","","","","","","","","","","","","","","","","","","","","","","","","94.2890609376339","91.1405835543766","93.2265911095667","93.0201062610689","92.7259747932257","90.5660377358491","89.0596001597482","90.2427251413598","91.1588853633793","89.549081237911","91.2244860056089","93.1792790108744","92.0377966598301","88.7140633818474","88.8956290230175","88.1722759080307","86.3231834706937","91.4892276678846","89.6374845095609","86.224323443104","81.3796707603867","85.6652533817888","82.9409931265277","74.6780515117581","75.4170464001268","71.0567914562209","72.2216099048459","74.8869105779322","69.1130637227292","66.1929831777238","63.335474912437","59.3566663620579","57.0001898614012","50.6010096962898","",
"Grenada","GRD","Electricity production from oil, gas and coal sources (% of total)","EG.ELC.FOSL.ZS","","","","","","","","","","","","","","","","","","","","","","","","","","","","","","","","","","","","","","","","","100","100","100","100","100","100","100","100","99.8327335394597","99.8033334972221","99.7562607532021","99.6774666471192","99.6357830664072","99.463888326927","99.4221668742217","99.2470679086829","98.8433228180862","98.5293464255565","98.4580362511812","98.3750874161833","98.0325704225352","98.03426124197","","","",
"Greenland","GRL","Electricity production from oil, gas and coal sources (% of total)","EG.ELC.FOSL.ZS","","","","","","","","","","","","","","","","","","","","","","","","","","","","","","","","","","","","","","","","","5.62350835322196","47.3105354889116","45.8316610286107","44.0455070259919","68.8011511826603","51.8911439114391","57.2209132271693","55.3469668188983","56.967429836072","45.6531571392052","35.8550989851938","34.2102300446579","34.3355965082444","27.072723568955","26.0880562230131","24.6664019748313","24.7080650441995","28.7547477902808","27.4431417341351","25.0358261238788","25.6675294314102","22.9578216764549","","","",
"Guatemala","GTM","Electricity production from oil, gas and coal sources (% of total)","EG.ELC.FOSL.ZS","","","","","","","","","","","","","","","","","","","","","","","","","","","","","","","8.81927710843373","11.0287303058387","39.1763848396501","35.492133186974","36.5025466893039","35.290611028316","33.0415754923414","33.7618610345883","44.2773788150808","42.9866872467683","48.2804232804233","52.6950799122532","58.5341365461847","58.9704873026767","55.2203874658692","52.5158404770779","48.0406563801127","52.3809523809524","44.5859142005047","50.8897977230021","36.1520296862701","35.598388326255","33.548717948718","32.7480916030534","32.8074287774973","42.0327082798185","40.2040324524058","29.8533950617284","37.9762073360714","41.2660052143685","29.8576432883655","26.5435288039266","23.5860409145608","","",
"Guam","GUM","Electricity production from oil, gas and coal sources (% of total)","EG.ELC.FOSL.ZS","","","","","","","","","","","","","","","","","","","","","","","","","","","","","","","","","","","","","","","","","100","100","100","100","100","100","100","100","100","99.9955087467158","99.9910430382014","99.9857673936682","99.9668110676355","99.9141490535955","99.8452067258268","98.2023937037209","96.1768411407628","96.4292380526819","95.7055637956607","95.5317864228414","95.3042628216318","95.1992291235295","","","",
"Guyana","GUY","Electricity production from oil, gas and coal sources (% of total)","EG.ELC.FOSL.ZS","","","","","","","","","","","","","","","","","","","","","","","","","","","","","","","","","","","","","","","","","95.5486742790788","95.5772153225384","94.8487189659853","94.5061082024433","94.6304161232429","94.0017628911415","94.086029232118","94.0449453496127","94.9859785363749","91.9416051856745","90.2309077206498","90.6279137383075","92.7685100663062","91.554693137274","92.1609781928465","93.2591917932985","92.1618700646713","92.1747042766151","92.0748827376627","92.8874336607597","92.7739820077728","92.8938285468928","","","",
"High income","HIC","Electricity production from oil, gas and coal sources (% of total)","EG.ELC.FOSL.ZS","","","","","","","","","","","","","","","","","","","","","","","","","","","","","","","61.6501340088355","61.0729406416666","60.8958044334871","60.0767671379034","60.4633979304775","59.7156415100565","59.8337067219445","60.3833803906627","60.9675348583727","60.8814268438542","61.5790417930371","61.5894224714636","61.9789165090605","63.0062299792013","62.4796230600314","62.7078799081673","62.638568317954","63.733868641134","63.186850020379","61.6550809492538","62.2987639387245","62.854801189305","63.1958771497726","61.9453377405905","61.0262632168406","60.7365435489008","60.0022589221838","59.1452004104002","58.676511047932","57.3838646119826","55.4325961843113","55.6939539659866","55.5244117307155","48.0972001654035","",
"Hong Kong SAR, China","HKG","Electricity production from oil, gas and coal sources (% of total)","EG.ELC.FOSL.ZS","","","","","","","","","","","","","","","","","","","","","","","","","","","","","","","100","100","100","100","100","100","100","100","100","100","100","100","100","100","100","100","99.9974104668928","99.899876771411","99.8973522135074","99.8941443767427","99.8930481283422","99.8797184900832","99.8840146399299","99.8977086743044","99.8820606760182","99.8000052630194","99.7516339869281","99.7406316699538","99.731932819082","99.6344435418359","99.5195041510292","99.2876608834084","99.0774856636286","","",
"Honduras","HND","Electricity production from oil, gas and coal sources (% of total)","EG.ELC.FOSL.ZS","","","","","","","","","","","","","","","","","","","","","","","","","","","","","","","1.72488141440276","1.44927536231884","6.44472897994025","11.8657298985168","22.1841541755889","38.6730205278592","33.5180958591457","33.5140306122449","43.6896046852123","36.2597547380156","38.0262438490979","50.293442204644","59.4548962855765","59.9913024570559","68.9005871633934","66.5827338129496","62.8962295628962","62.1681415929204","61.1822884966525","53.4503092190421","53.1073046432616","55.5993476488176","54.8984314733865","57.533234859675","59.4542381067375","55.7090748314358","51.7744183553125","42.5082297971753","36.9732390033836","46.6153412825087","44.4850761019964","38.5521582733813","40.5024239753195","47.9434771637648","",
"Heavily indebted poor countries (HIPC)","HPC","Electricity production from oil, gas and coal sources (% of total)","EG.ELC.FOSL.ZS","","","","","","","","","","","","","","","","","","","","","","","","","","","","","","","13.3263512823133","12.297414326364","14.6083577268598","14.8921413880518","17.5233080527511","19.4949449154463","20.1715235844929","22.236651934396","24.7682830880236","23.3386187455955","25.1090195044401","26.4805829089904","29.7237978693826","30.3201260273433","30.0375534115088","31.2872206037794","33.9157864511405","35.0765921883499","34.13803968006","31.3473196309073","30.6771408472833","31.9933303448448","32.9634307126053","32.7171672030617","33.0120827703948","37.8737068900925","40.4853595747623","40.8578649796423","39.6354779300921","39.6678326134643","39.0611400711876","38.5655140949609","38.3347404611989","","",
"Croatia","HRV","Electricity production from oil, gas and coal sources (% of total)","EG.ELC.FOSL.ZS","","","","","","","","","","","","","","","","","","","","","","","","","","","","","","","55.6068973289755","35.4561301568855","51.0784093462143","52.2271016311167","37.9801664196968","38.6481241914618","29.5623377785733","42.7693208430913","47.3128598848368","43.4625163726019","42.629199539048","43.64118978843","53.6642655809584","58.3610021128886","44.7748391708363","45.5629843488831","48.1030121867096","61.3895664489732","53.8282522690249","43.7458193979933","36.8943765937458","52.3608546557637","49.5676429567643","33.2479362368346","25.8152574885643","32.6931509251951","33.1591263650546","38.9468413585913","27.6208642065879","33.7460815047022","35.0093388121031","30.111768573307","36.2447257383966","29.7930562681717","",
"Haiti","HTI","Electricity production from oil, gas and coal sources (% of total)","EG.ELC.FOSL.ZS","","","","","","","","","","","","","","","","","","","","","","","","","","","","","","","20.6030150753769","25.4273504273504","24.113475177305","24.7252747252747","17.0818505338078","48.8888888888889","55.0413223140496","66.9421487603306","53.8461538461538","41.9770773638968","48.2632541133455","52.3569023569024","52.4680073126143","52.3364485981308","52.4680073126143","52.3381294964029","52.4561403508772","67.0940170940171","62.7572016460905","71.2898751733703","74.3849493487699","87.7406281661601","79.8365122615804","86.5530303030303","91.1992263056093","91.8269230769231","93.2780847145488","87.6181474480151","80.8206106870229","83.2706766917293","85.7003891050584","86.7248062015504","81.4229249011858","","",
"Hungary","HUN","Electricity production from oil, gas and coal sources (% of total)","EG.ELC.FOSL.ZS","","","","","","","","","","","","","","","","","","","","","","","","","","","","","","","50.967083978056","53.3825050896105","55.142812056178","57.3477138082941","57.3325376697001","57.9869480863072","58.7403818751781","59.6604231997062","61.7746706103791","61.9449143582153","58.8587991247762","60.3487573802005","60.6742816052217","66.6656904378386","61.7983861397888","55.8787336391095","57.9296689812878","58.1931931931932","56.8044971892567","48.6521109502061","49.3377217628642","48.5604819678503","46.4212501804533","39.6217072687661","35.4725708261062","36.538208168643","38.555576452887","39.6566914780495","38.0671718589204","37.7795923128518","37.1085027197252","35.484496124031","33.5074439261473","27.6916584611056","",
"IBRD only","IBD","Electricity production from oil, gas and coal sources (% of total)","EG.ELC.FOSL.ZS","","","","","","","","","","","","","","","","","","","","","","","","","","","","","","","70.8794831039107","70.5943967511233","70.3483280544398","69.3266185406103","68.9014947748498","68.7044984920717","69.1671246719994","69.2895569323126","69.2470287422032","69.978704928305","70.4636938791596","70.6481771797818","71.3465527182855","72.661083606133","72.226265204412","72.3193464256327","72.9594233304772","73.9308238955618","73.5993865567552","73.4043136964882","73.2779442473221","74.1812907051898","73.2620623917236","73.0517130306147","72.5972018980324","71.5614712273559","70.332619905596","69.9117458613612","68.9083812165074","67.6378666971011","66.244517739061","66.2529598368791","64.8810046596035","39.7641793968891","",
"IDA & IBRD total","IBT","Electricity production from oil, gas and coal sources (% of total)","EG.ELC.FOSL.ZS","","","","","","","","","","","","","","","","","","","","","","","","","","","","","","","69.9101641968048","69.6271962089905","69.4085771165526","68.4355486364244","67.99174840016","67.9372584259605","68.4530386053697","68.658585036542","68.6402548441313","69.3049432990495","69.8029491462995","69.9682644451258","70.6413745803539","71.8206793855228","71.49580661434","71.5477819020309","72.2779417188263","73.2671308546265","73.0022755204892","72.7815826986336","72.5564607444512","73.4563701977862","72.5812365338284","72.345413786877","71.9545936293585","71.0105993282119","69.9083662062797","69.4873158037123","68.4831696127212","67.260043953889","65.9148212122998","65.8735576613757","64.5313898637006","39.5511251444534","",
"IDA total","IDA","Electricity production from oil, gas and coal sources (% of total)","EG.ELC.FOSL.ZS","","","","","","","","","","","","","","","","","","","","","","","","","","","","","","","52.4708058099986","52.1637516093001","52.5011536277155","52.1166684327646","51.4864864864865","54.0160419215701","55.2735831187307","56.895839643162","57.3783086478739","56.9380740201873","58.323814196824","58.2987490563208","58.5576996940636","56.6843126311211","58.3429988612473","57.3751944408587","59.3325464196551","59.9415438874212","60.6374998562836","59.8967537589037","57.3377692789472","57.635020332406","57.2826483345817","56.3858609687515","57.4003018211609","58.7678802093618","60.8034652327211","60.2162189033125","59.097802803482","58.8921603938116","58.8664860367554","57.7655746699307","56.775683226486","10.2731638195702","",
"IDA blend","IDB","Electricity production from oil, gas and coal sources (% of total)","EG.ELC.FOSL.ZS","","","","","","","","","","","","","","","","","","","","","","","","","","","","","","","67.9163645346104","67.1847089651482","65.8853493499582","67.2658026896246","65.5782445173881","66.4505742811559","67.9629496661162","68.5149945133555","69.0026602143294","70.0274255301817","73.0694661095813","71.7916980683133","69.1356057497215","65.2793356232473","67.8954780420227","65.7007080445067","68.2573955269396","68.8381841409946","69.4613707222417","69.1349428006321","66.3584935914375","69.1327634013406","68.7399059603385","69.9406578577443","70.5326619733404","70.3857217178205","71.6380472600573","70.4809091943465","70.1387514371079","67.9687772040599","70.3115674001549","68.5325094939437","65.5419991032748","10.2731638195702","",
"Indonesia","IDN","Electricity production from oil, gas and coal sources (% of total)","EG.ELC.FOSL.ZS","","","","","","","","","","","","","","","","","","","","","","","","","","","","","","","79.0828665013622","79.4429566148902","76.1616842916677","80.2246696035242","84.3432376650181","83.5383159886471","84.3846964680731","89.6128372193204","83.8765480636918","85.1876266510413","84.0439324939727","82.525134809489","85.0467116996405","86.3614636996123","86.3934821866964","86.3944671408072","87.7412227966815","87.0961161018917","86.6841675260839","86.7669383953972","84.7970625617851","88.4564757954134","89.1500241196334","88.1430557355945","88.9995459743055","89.8887158523133","88.1172298070323","88.2520227509413","83.9937721728772","84.7842884739214","83.4035914628074","83.6556295079228","82.762621140552","84.0174410556914","",
"IDA only","IDX","Electricity production from oil, gas and coal sources (% of total)","EG.ELC.FOSL.ZS","","","","","","","","","","","","","","","","","","","","","","","","","","","","","","","31.6177894442412","32.2468228960164","33.7425143319907","31.3252885844175","32.5184432210469","37.488725556046","39.0398941789221","41.7208631527389","42.8186451768433","41.8290666603979","43.3270232953808","44.5865485147726","47.3873864079734","47.7110090234853","48.5459519016868","49.148962108344","50.7903179360339","51.9387791305098","53.0192540750332","52.1371277404556","50.0672310319404","48.6419226925091","48.2337825795065","45.3036561753127","46.4500186534445","48.874593562473","51.6922375863379","52.3719797355315","51.0235697690182","52.3435848001363","50.5680747888105","49.8447702434726","49.8855269145944","","",
"Isle of Man","IMN","Electricity production from oil, gas and coal sources (% of total)","EG.ELC.FOSL.ZS","","","","","","","","","","","","","","","","","","","","","","","","","","","","","","","","","","","","","","","","","","","","","","","","","","","","","","","","","","","","","","","","","",
"India","IND","Electricity production from oil, gas and coal sources (% of total)","EG.ELC.FOSL.ZS","","","","","","","","","","","","","","","","","","","","","","","","","","","","","","","73.1132759871489","75.183339616246","76.9532869788881","78.6841138066768","77.0308537287424","80.5980001291474","81.914959375279","81.5623309839204","80.6493861833926","82.1566014704101","83.3770006772894","83.4527794071978","84.669136371856","83.7926936489122","82.8151692162848","80.680574985072","79.4806731647685","79.5205737552487","81.4019952426599","82.0436701004177","80.6568866334174","79.1698846437817","80.8404154524182","79.4819099812249","80.6467435804898","81.87534846176","81.2130597694588","80.4613746410824","79.7155778881978","77.4346965014172","75.9731973374339","75.5798235933236","74.9875814205977","77.5930339369078","",
"Not classified","INX","Electricity production from oil, gas and coal sources (% of total)","EG.ELC.FOSL.ZS","","","","","","","","","","","","","","","","","","","","","","","","","","","","","","","","","","","","","","","","","","","","","","","","","","","","","","","","","","","","","","","","","",
"Ireland","IRL","Electricity production from oil, gas and coal sources (% of total)","EG.ELC.FOSL.ZS","","","","","","","","","","","","","","","","","","","","","","","","","","","","","","","93.2276954874268","93.6361235806707","93.4116030725036","93.736277140766","92.8855372383959","94.4901730220057","94.6663190823775","94.6223625519972","93.1688176617974","93.767319311316","93.7703277458094","94.5675253395297","93.0955120828539","94.0418615713946","93.1271746354431","91.399876866246","89.5840907438377","88.9174988691325","86.9019711427345","84.0576645165838","86.0804957921054","79.817153767073","79.6323985266766","76.4800923254472","73.9205196790218","70.7653437203916","73.9326429948061","69.7744943059006","65.2023786687128","59.8309822949134","56.1200283434487","61.3525665043087","59.3831693347041","53.1803340449579","",
"Iran, Islamic Rep.","IRN","Electricity production from oil, gas and coal sources (% of total)","EG.ELC.FOSL.ZS","","","","","","","","","","","","","","","","","","","","","","","","","","","","","","","89.7076241074752","88.996662820073","86.1232453841226","87.1096005459031","90.9072034001808","91.4239653569621","91.8650335105154","92.9125965325014","93.1957009201268","95.5590864304926","96.9509733652983","96.0744706180539","94.2479851999915","92.7702465589623","93.605243293114","90.9196576973182","90.4552578860506","91.1121351465297","97.5765627185009","96.6300763427745","95.8366064414768","94.7411394197924","94.2880963991883","92.5600341419176","93.1761158592763","93.8567452865486","91.933765488042","92.4294906722711","92.2181099463251","88.0148528641967","91.5412628092995","94.9403081107355","93.9412895838376","","",
"Iraq","IRQ","Electricity production from oil, gas and coal sources (% of total)","EG.ELC.FOSL.ZS","","","","","","","","","","","","","","","","","","","","","","","","","","","","","","","89.1666666666667","95.6751561749159","97.2332015810277","97.7186311787072","98","98.0835826917258","98.1025931227323","98.0849731368865","98.0836968815641","98.0831986820011","98.0846394984326","98.0837803478962","98.473259900186","98.4721242060692","98.473447902152","80.2631578947368","81.9767613753954","82.7421247405","90.5524831923661","91.4735646154253","90.2531283225648","93.6979388902288","90.455908557521","91.7852500513101","95.5945447843715","96.2135428031129","95.9125758641659","97.563582428129","98.0936315506011","95.642022670856","96.3870172344415","97.1664738248441","97.9692542700323","","",
"Iceland","ISL","Electricity production from oil, gas and coal sources (% of total)","EG.ELC.FOSL.ZS","","","","","","","","","","","","","","","","","","","","","","","","","","","","","","","0.133037694013304","0.155763239875389","0.131984161900572","0.1057753331923","0.104602510460251","0.180686609114636","0.0975990630489947","0.0716075904045829","0.0796051584142652","0.0695603784084585","0.0650702758979698","0.0497945972861945","0.0712927756653992","0.0705882352941176","0.0463875681317407","0.0575638959244762","0.0402860308188136","0.0167014613778706","0.0121455031274671","0.0118807175953428","0.0117240166481036","0.0116204752774388","0.0170949911675879","0.0275999116802826","0.016553550736633","0.0212777275386989","0.0161725067385445","0.0103960910697578","0.00504311866458218","0.0102627257799672","0.0156846342866106","0.0101967982053635","0.0099403578528827","0.0197599170083486","",
"Israel","ISR","Electricity production from oil, gas and coal sources (% of total)","EG.ELC.FOSL.ZS","","","","","","","","","","","","","","","","","","","","","","","","","","","","","","","99.985644559288","99.9721111834154","99.8846643334394","99.9000576590429","99.9190824655221","99.9178307313065","99.9262242169008","99.9287749287749","99.934132525359","99.9158485273492","99.92733409906","99.9544947782758","99.9296703296703","99.9085903786059","99.917510945663","99.919756388626","99.9505518414494","99.9553837001785","99.5596568481255","99.3328243164631","99.6552371524637","99.3632494386541","99.233357671185","99.0704652566005","98.4855211879039","98.1097997695637","97.5259425158641","97.1421816354878","97.2174241214637","95.0863856254319","93.6597310608157","92.2177353786113","91.2866621031015","88.2887470134346","",
"Italy","ITA","Electricity production from oil, gas and coal sources (% of total)","EG.ELC.FOSL.ZS","","","","","","","","","","","","","","","","","","","","","","","","","","","","","","","82.2668513388735","77.903307245645","78.0101125283973","78.1308067252538","77.6746774339662","80.9005793224536","78.7954163308555","79.2824677003098","79.2975365665897","77.761633925177","78.7164592377847","77.4067410253469","79.7985109157447","80.7815328496958","78.9656729751736","80.9370462201061","80.9853527780696","82.1282818339084","79.1993858302259","74.0519889693445","72.4636913491556","70.9139040455283","67.5153787294045","59.6433476187519","55.1497889767606","59.9421187096501","60.9738168942633","63.2021769259372","58.8596103662999","58.9042820730093","56.5951713001415","58.0072577827439","62.8614492835284","54.229060578129","",
"Jamaica","JAM","Electricity production from oil, gas and coal sources (% of total)","EG.ELC.FOSL.ZS","","","","","","","","","","","","","","","","","","","","","","","","","","","","","","","95.3213995117982","94.2507068803016","97.2394926635165","97.7046852815902","97.5962561157201","97.7251363038165","97.6990832284739","97.7898673920435","97.830310880829","97.8733385457389","97.7293369663942","98.5276442307692","98.154023651572","97.9289112790372","97.2287654149924","96.9684721099434","96.6546233105848","95.9806537691795","94.4180522565321","94.8324022346369","94.6593876097793","93.6325187969925","93.1233469584035","93.7184115523466","93.0164888457808","93.110140708394","91.655235482396","88.3280036546368","87.5937286980232","87.8963823135328","86.8346679227508","87.1848253527643","87.9026807839603","","",
"Jordan","JOR","Electricity production from oil, gas and coal sources (% of total)","EG.ELC.FOSL.ZS","","","","","","","","","","","","","","","","","","","","","","","","","","","","","","","99.6701484332051","99.7851772287863","99.6381727725011","99.5169082125604","99.7044917257683","99.6616809116809","99.6203367448003","99.6807151979566","99.7627872498147","99.759920915125","99.3899959333062","99.3244138296463","99.2498770290211","99.3745308981736","99.3085758893721","99.3267039569091","99.4604316546763","99.4308567912629","99.4652406417112","99.5165358744395","99.5060224658276","99.5494265428727","99.5782116172572","99.6408087596315","99.6496222489872","99.0530801199432","95.6311667175262","93.2519776191395","89.3928238354685","85.5862001754215","81.0540553596445","77.0321493752632","76.8807908853128","","",
"Japan","JPN","Electricity production from oil, gas and coal sources (% of total)","EG.ELC.FOSL.ZS","","","","","","","","","","","","","","","","","","","","","","","","","","","","","","","62.2436896515684","60.9517947165308","61.8734194026795","57.5950797230534","60.9766445147745","57.6832168008683","57.6708990459839","55.9142071047604","54.6897605666034","57.4776407736889","57.6802989295849","57.4527099984575","60.6237108624149","64.1167009954886","61.2549278292929","61.0515892341158","60.1950429504313","65.715932159453","65.2338646223589","62.3714781434896","63.2282832423753","77.6511229673058","85.7127647086124","85.452645154746","84.784772597367","82.0901063275069","80.1604151702275","77.2620137162126","73.380262547394","71.8532298427903","72.4415728734886","68.6455790983864","68.319872965837","64.282878936576","",
"Kazakhstan","KAZ","Electricity production from oil, gas and coal sources (% of total)","EG.ELC.FOSL.ZS","","","","","","","","","","","","","","","","","","","","","","","","","","","","","","","91.5700568786551","91.6263490882024","91.6978029286224","90.1490108981974","86.175580221998","87.5024377072051","87.5825739354314","87.5019230769231","87.5043239393631","87.0899827361152","85.3265528797444","85.7871502189704","84.7622638922217","86.4951617449034","87.9647471805213","88.4210060872257","89.159468021268","89.3326196506436","90.712960772841","91.2603227035955","90.2935411272173","90.8957568198092","91.7687492592952","92.4955134112626","91.2139334802224","89.636707951503","87.2894511737932","88.6516919260436","89.553362328538","89.2081551690261","89.0089277662548","89.061332313735","88.178103423982","87.2606418100982","",
"Kenya","KEN","Electricity production from oil, gas and coal sources (% of total)","EG.ELC.FOSL.ZS","","","","","","","","","","","","","","","","","","","","","","","","","","","","","","","7.14064914992272","4.6592894583576","4.28696412948382","3.62278761061947","5.73613766730401","10.1093560145808","9.43747094374709","16.4893617021277","17.9078777442962","33.4681951000225","52.9543754674645","33.4664891256103","21.875","18.4516646610509","19.4236526946108","26.3747810858144","30.0561797752809","26.7364854458648","32.4067079619278","44.4922802850356","36.1324577336873","36.2729862729863","27.5792904600727","25.0173570932654","28.1008805304924","14.5013864640033","14.3288819573058","24.4641822745704","13.6810413530506","11.362062997577","6.45271715875053","10.1971557853911","12.2477383437717","10.2731638195702","",
"Kyrgyz Republic","KGZ","Electricity production from oil, gas and coal sources (% of total)","EG.ELC.FOSL.ZS","","","","","","","","","","","","","","","","","","","","","","","","","","","","","","","36.5242817187897","36.0259508968325","33.2801508448764","20.6758054658168","10.4149155650646","22.1701085054253","22.0865916460042","23.4581729086454","20.1686069851465","14.0997523876901","14.1048824593128","14.0923392112387","14.0915953699044","14.0931459952928","14.1205996961892","14.1226244040024","14.1224264959031","14.1200269723533","14.1233353125795","7.81376883515294","8.19834710743802","6.72252276025861","6.520305907173","6.52344586396403","8.7427944002196","14.8119723714505","13.3313225757804","8.43808418745568","7.76811594202899","8.29639431028779","9.23786029602701","14.4008455542344","14.0613744417231","","",
"Cambodia","KHM","Electricity production from oil, gas and coal sources (% of total)","EG.ELC.FOSL.ZS","","","","","","","","","","","","","","","","","","","","","","","","","","","","","","","","","","","","100","100","100","100","100","99.7767857142857","99.803536345776","95.8791208791209","93.5779816513761","94.8466257668712","93.8796680497925","94.2324003392706","95.4423592493298","97.1902834008097","94.6287519747235","94.488188976378","92.8369462770971","62.3561272850372","42.1713038734315","39.211356466877","54.8617113223855","52.8045423262216","58.6541244573083","40.7316215265565","50.8316699933466","51.3694863051369","41.8438326638581","35.190753617741","","",
"Kiribati","KIR","Electricity production from oil, gas and coal sources (% of total)","EG.ELC.FOSL.ZS","","","","","","","","","","","","","","","","","","","","","","","","","","","","","","","","","","","","","","","","","99.179716629381","99.2258972554539","99.2258972554539","99.3858179787828","98.3685220729367","98.2222222222222","98.2514571190674","98.1697171381032","97.9965156794425","98.0132450331126","97.0350404312669","96.8028419182948","96.6224882428388","96.4656964656965","93.75","83.792677910325","81.4051164566629","83.0961471711211","82.1146245059289","83.6347197106691","83.6347197106691","83.6347197106691","","","",
"St. Kitts and Nevis","KNA","Electricity production from oil, gas and coal sources (% of total)","EG.ELC.FOSL.ZS","","","","","","","","","","","","","","","","","","","","","","","","","","","","","","","","","","","","","","","","","100","100","100","100","100","100","100","100","100","100","97.4212034383954","97.5136224186089","96.3893838506987","96.093339071391","95.3011187812426","95.4921214889244","95.3536754507628","96.3345334663601","96.367136818315","96.5001997602877","95.5853471095551","95.4732510288066","","","",
"Korea, Rep.","KOR","Electricity production from oil, gas and coal sources (% of total)","EG.ELC.FOSL.ZS","","","","","","","","","","","","","","","","","","","","","","","","","","","","","","","45.7351419176978","48.8436848686953","54.3471148126115","57.365608550008","63.1956785670297","61.1480443198505","61.8193776343962","63.5656041512231","56.2065105653912","54.709189511916","60.3310101516698","61.8747581581323","61.8917340946815","60.4511643229934","63.0121529183741","60.6294983072032","61.8827095836055","63.2781861537552","62.6713040848345","64.3538400194327","66.7183776911484","68.3586998887738","69.7088677109523","71.6029388822441","68.2005367216979","67.1399845095979","67.3093248618489","69.7540336838512","72.5112211810104","69.2511866473774","66.0453054609892","67.2691285505639","63.1866329321357","61.1672138663959","",
"Kuwait","KWT","Electricity production from oil, gas and coal sources (% of total)","EG.ELC.FOSL.ZS","","","","","","","","","","","","","","","","","","","","","","","","","","","","","","","100","100","100","100","100","100","100","100","100","100","100","100","100","100","100","100","100","100","100","100","100","100","100","99.9590042963497","99.9570156585815","99.95606841612","99.9514874794892","99.9464197395175","99.9203810911839","99.8228343834503","99.7137353523463","99.7660340921751","99.8036962558652","","",
"Latin America & Caribbean (excluding high income)","LAC","Electricity production from oil, gas and coal sources (% of total)","EG.ELC.FOSL.ZS","","","","","","","","","","","","","","","","","","","","","","","","","","","","","","","29.6277104907165","30.9641405662882","31.1841807868078","29.3689320388349","30.9686860394042","29.9740262974012","30.326479715674","31.4417643332499","33.8104374724288","34.7528158003893","35.5031562550098","37.6350717206735","37.1222997084777","38.1558587155744","38.65462305285","38.4935616316136","37.9675366782539","38.4383369415449","39.1131439415883","38.4203300129008","39.5181786689581","38.8527897182958","41.6219057740099","43.7322109639621","45.0400775785171","46.0039361867935","43.3678387886893","41.7162103832322","40.4519165215087","39.9556540103769","38.3012734709914","41.9480767458516","33.9748797690379","30.7028492670178","",
"Lao PDR","LAO","Electricity production from oil, gas and coal sources (% of total)","EG.ELC.FOSL.ZS","","","","","","","","","","","","","","","","","","","","","","","","","","","","","","","","","","","","","","","","","0","0","0","0","0","0","0","0","0","0","0","0","0","0","0","13.8571954361428","31.0155428304312","35.1825616588319","34.9298148740155","36.5202356557377","28.410228182546","26.4521874652121","23.8658854421822","","",
"Lebanon","LBN","Electricity production from oil, gas and coal sources (% of total)","EG.ELC.FOSL.ZS","","","","","","","","","","","","","","","","","","","","","","","","","","","","","","","66.6666666666667","81.3333333333333","80.9069212410501","84.2105263157895","84.2399691358025","87.4162037923769","88.5300028710881","91.185628742515","92.7625528784256","96.9837376215136","95.5372399236104","96.6643223148799","94.1344406955619","90.1518100428182","90.6060871853346","91.083454095985","93.8773709748566","94.4581047853225","97.0042566862099","95.2696456086287","94.6558086270518","95.0573373397927","92.9159406357027","93.576611182245","98.8037611973516","97.3075891659962","97.8101813685078","97.7593673507814","97.9251940719831","94.8350935705021","93.3684383741978","91.0714285714286","54.8349873067159","","",
"Liberia","LBR","Electricity production from oil, gas and coal sources (% of total)","EG.ELC.FOSL.ZS","","","","","","","","","","","","","","","","","","","","","","","","","","","","","","","","","","","","","","","","","73.7307773330525","73.7307773330525","73.7307773330525","73.7307773330525","74.5354298550133","74.5354298550133","74.5354298550133","75.772294540509","75.772294540509","75.772294540509","77.7926123720516","78.4821043553256","78.448275862069","78.7214146051177","78.4479837343273","78.4346942232763","79.2751981879955","42.6235212247738","42.5790754257908","42.5790754257908","42.5790754257908","42.5790754257908","","","",
"Libya","LBY","Electricity production from oil, gas and coal sources (% of total)","EG.ELC.FOSL.ZS","","","","","","","","","","","","","","","","","","","","","","","","","","","","","","","100","100","100","100","100","100","100","100","100","100","100","100","100","100","99.9950687903743","99.9911785462244","99.987880746546","99.9885644583365","99.9860461871206","99.9835380107332","99.9815713495915","99.9730758875341","99.9766593727206","99.9788990583705","99.9787972754499","99.9786729226094","99.9745385105029","99.9759622607494","99.976588335138","99.9768973085365","99.9694904912031","99.9712519764266","99.971514840768","","",
"St. Lucia","LCA","Electricity production from oil, gas and coal sources (% of total)","EG.ELC.FOSL.ZS","","","","","","","","","","","","","","","","","","","","","","","","","","","","","","","","","","","","","","","","","100","100","100","100","100","100","100","100","100","99.9944905099033","99.9921241238088","99.9922126466618","99.9792132203918","99.9765055994988","99.9578492584104","99.6914629363315","99.0059692432214","99.0246444791899","97.8097361393537","97.4276911318637","97.2494831331292","97.4551085137734","","","",
"Latin America & Caribbean","LCN","Electricity production from oil, gas and coal sources (% of total)","EG.ELC.FOSL.ZS","","","","","","","","","","","","","","","","","","","","","","","","","","","","","","","30.9042677044872","30.873190836768","30.7015242302576","29.2813423492563","30.5006273473993","30.0948738788614","30.6974429089312","31.3412362564258","34.0915214482082","35.1351730432897","37.0723743702242","39.2199609914337","38.865322165794","39.9897842147774","40.1281926576167","39.4215297643307","38.9973021480525","39.803655793247","40.286095399696","39.629341204466","41.1092411044628","40.4097189164251","43.1220851651267","44.7262536929857","45.8423653973864","46.5050255397811","44.519285367781","42.8497355287881","41.6558620394622","41.3902775856719","38.8622438071663","41.8849343673467","33.788050933215","30.7914859926238","",
"Least developed countries: UN classification","LDC","Electricity production from oil, gas and coal sources (% of total)","EG.ELC.FOSL.ZS","","","","","","","","","","","","","","","","","","","","","","","","","","","","","","","35.3991979584397","36.4450768055226","39.398869212716","39.1973996749594","40.3655674941336","43.6616833913578","44.153832338018","46.8681946570646","42.8076647968979","43.8368429208492","41.4025281470814","40.8794209203002","41.0664626323185","43.5473915238314","46.2367294896817","46.1521861812542","47.3873724618097","47.6609703816055","49.2553796328058","48.3871209221995","45.8463148921661","44.8689481023901","46.513959481816","46.5082556659898","46.820495484744","49.5885657854853","52.7100300726565","52.818523463989","51.1374388376709","52.701877016112","50.3018320389681","49.8820804565661","49.8279622146828","","",
"Low income","LIC","Electricity production from oil, gas and coal sources (% of total)","EG.ELC.FOSL.ZS","","","","","","","","","","","","","","","","","","","","","","","","","","","","","","","47.457292386689","48.3396897026817","48.123284102523","47.7809932194081","50.6643763944007","50.7155316315622","53.8599272591625","57.5038806648241","52.0885583326126","53.3920927514255","52.6431710234554","52.0104996249039","52.8803525244474","54.0187200938696","52.7531262594652","53.0252057384474","54.8716602684953","54.352809466444","56.697678120303","57.6272403363758","56.0123479628553","52.8202267159285","49.6578998581202","44.9310060456125","44.3521567716902","46.2885858000935","47.2817023380805","48.9973417332052","48.0996050911062","47.5936115110283","43.9827488750947","42.4346755766315","40.4124811094319","","",
"Liechtenstein","LIE","Electricity production from oil, gas and coal sources (% of total)","EG.ELC.FOSL.ZS","","","","","","","","","","","","","","","","","","","","","","","","","","","","","","","","","","","","","","","","","","","","","","","","","","","","","","","","","","","","","","","","","",
"Sri Lanka","LKA","Electricity production from oil, gas and coal sources (% of total)","EG.ELC.FOSL.ZS","","","","","","","","","","","","","","","","","","","","","","","","","","","","","","","0.158730158730159","7.7287533313592","18.0790960451977","4.59914551394823","6.79279689993162","7.28862973760933","28.2119205298013","33.002915451895","31.1103290515573","32.519404915912","54.1976013706453","53.9890871552868","61.8174121631156","57.1021254536029","63.8615664845173","62.7734877734878","51","59.9333400666599","58.4607696151924","60.7049869817745","46.8845477270623","59.152513295591","70.7587597680867","40.1230973966564","60.7976887890218","51.5248065543924","67.3690842901148","69.6485200845666","54.8333118805509","65.5336505778382","64.7030244139439","51.09032480202","49.7104247104247","","",
"Lower middle income","LMC","Electricity production from oil, gas and coal sources (% of total)","EG.ELC.FOSL.ZS","","","","","","","","","","","","","","","","","","","","","","","","","","","","","","","65.6698509312305","66.7864405026299","68.3343340377253","69.3778243294988","68.3497852365337","71.4421043816861","72.4940176318471","73.3386551009024","73.8552407287728","74.0649523068597","75.4103626642466","75.4727608976381","76.6253458557749","75.7136966566608","75.9479025201256","74.9373654940975","74.7236390557024","75.1616832840166","76.3346122339917","76.7595578265114","76.1013659038488","74.8561012948624","75.5725984053261","74.8553772306213","75.9301983412553","77.4038230040732","77.2123600914419","75.9135543706599","75.4525298671287","74.5407750952019","73.0467823577305","71.5365412758094","70.8719229287477","10.2731638195702","",
"Low & middle income","LMY","Electricity production from oil, gas and coal sources (% of total)","EG.ELC.FOSL.ZS","","","","","","","","","","","","","","","","","","","","","","","","","","","","","","","67.9517912610707","68.4463396844578","69.0709764331569","68.3800234566447","68.0868666103902","68.2530093077527","68.7481657942851","69.4926108956932","69.4232506533727","70.5464103012809","71.2725226206007","71.6904807598792","72.3384384978891","73.3334324044949","73.1708295030984","73.294761474155","73.9426385874071","74.8971434374445","74.4291209906546","74.5142997808736","73.9174374732391","74.7838280447915","73.7350297639529","73.637863743611","73.1983495621155","72.2520454122575","70.9915035421252","70.4914326060775","69.3755403450174","68.0412198823032","66.959318263361","66.7431408978215","65.2165205042857","36.471485632051","",
"Lesotho","LSO","Electricity production from oil, gas and coal sources (% of total)","EG.ELC.FOSL.ZS","","","","","","","","","","","","","","","","","","","","","","","","","","","","","","","","","","","","","","","","","0.103151551345042","0.102076449888522","0.0952166178055075","0.092818759159746","0.0937785345870043","0.0828428166557663","0.078644011672427","0.0746591221659004","0.0752460347319855","0.0749610399857969","0.0756670649143767","0.0773836191096811","0.0780351568917365","0.0734626017360373","0.0727230972384361","0.071079852602832","0.0741781838057312","0.119189511323004","0.119843816445664","0.134870346336871","0.121603292643001","0.213747328158398","","","",
"Late-demographic dividend","LTE","Electricity production from oil, gas and coal sources (% of total)","EG.ELC.FOSL.ZS","","","","","","","","","","","","","","","","","","","","","","","","","","","","","","","70.3981334952717","70.07954577458","69.7388140371829","68.6740709141842","67.9311274159893","67.6797817702274","68.6459277203545","68.5724493939016","68.3856105414602","68.7455128878281","69.2291167838213","69.0394704181521","69.7912380619591","71.4660482017069","71.299740057117","71.8449033232714","72.9416810513402","73.5766411827051","72.6495709610312","72.2096127740325","72.2711907853486","73.5077341880341","71.9157877992946","71.9280120835641","70.7668115107976","69.4104470809485","67.872480062246","67.4193228823699","66.456655727228","65.4782370972626","64.010280349358","63.8865762172054","62.0481900642432","23.06211422389","",
"Lithuania","LTU","Electricity production from oil, gas and coal sources (% of total)","EG.ELC.FOSL.ZS","","","","","","","","","","","","","","","","","","","","","","","","","","","","","","","38.4439359267735","40.8371079249395","19.1479125461057","8.95120742157071","15.7169943119449","9.32441182818908","11.5492286616237","13.6186246803929","17.752821734445","20.3309692671395","19.8774617067834","17.6698106805999","14.987867501834","14.5987274220033","15.8348033620421","23.1195887445887","22.3842332959462","20.1684871849789","18.6372457413929","18.46594608673","66.6724647764829","59.6640398175031","61.8481062859409","50.9239815203696","43.4614509893109","45.6922765051693","28.2934833567745","17.5782182947218","13.1301623469097","14.8577184588265","33.0070690592713","25.9157148483655","18.6075684716705","13.3489461358314","",
"Luxembourg","LUX","Electricity production from oil, gas and coal sources (% of total)","EG.ELC.FOSL.ZS","","","","","","","","","","","","","","","","","","","","","","","","","","","","","","","37.763253449528","40.9187279151943","46.5776293823038","52.8584817244611","39.232781168265","28.130081300813","26.9108280254777","21.7460317460317","15.0579150579151","19.9608610567515","18.3533447684391","41.0857495373226","70.9302325581395","72.3004694835681","76.2584704743466","75.1998062484863","74.9134548811447","72.3319170207448","67.5007028394715","73.2851985559567","63.5155739490307","62.9709364908504","62.5524109014675","49.1519556940118","48.9541160593792","30.2603036876356","11.6977696859354","9.84340044742729","8.86766712141883","10.0104821802935","11.4350940017905","10.9981900452489","4.34012400354296","3.35835638087712","",
"Latvia","LVA","Electricity production from oil, gas and coal sources (% of total)","EG.ELC.FOSL.ZS","","","","","","","","","","","","","","","","","","","","","","","","","","","","","","","32.3706377858002","41.9737774627923","34.246218049035","26.7074413863405","25.5630630630631","26.1874842925358","40.467050543826","34.4207723035952","25.5131964809384","32.8467153284672","31.7456479690522","33.6682242990654","37.4842767295597","41.1823899371069","31.8404777137982","30.4117407256421","43.0382334900838","40.7252148396563","39.097459233978","36.1465254085114","45.1486343745284","49.5158378467093","33.3711691259932","43.0826220003221","45.4757734967893","49.8283029098138","45.8281444582814","27.4598326915416","47.9625223081499","50.4038521279901","36.2536687631027","36.4011289770783","24.1153081510934","22.279630499452","",
"Macao SAR, China","MAC","Electricity production from oil, gas and coal sources (% of total)","EG.ELC.FOSL.ZS","","","","","","","","","","","","","","","","","","","","","","","","","","","","","","","","","","","","","","","","","","","","","","","","","","","","","","","","","","","","","","","","","",
"St. Martin (French part)","MAF","Electricity production from oil, gas and coal sources (% of total)","EG.ELC.FOSL.ZS","","","","","","","","","","","","","","","","","","","","","","","","","","","","","","","","","","","","","","","","","100","100","100","100","100","100","100","100","100","100","100","100","100","98.8455772113943","98.665385976442","97.8916256157635","98.5911484274939","99.9029181657244","99.9863713798978","99.7321269123162","99.3149133733439","99.1888312548284","","","",
"Morocco","MAR","Electricity production from oil, gas and coal sources (% of total)","EG.ELC.FOSL.ZS","","","","","","","","","","","","","","","","","","","","","","","","","","","","","","","87.3286248442044","86.6811515480717","90.0812840827246","95.5297679112008","92.6765475152572","94.9470724445915","84.3914499920242","84.6759361436033","86.2970388648982","93.6021713842575","93.9205473062272","92.8419513491958","93.1473580571054","89.9927614911328","89.7248641304348","91.7671391817586","91.3005315258204","92.0865077414598","92.0591170460486","84.6026261230131","81.8857408267534","88.8384933938079","90.8055535468942","80.0049571560088","82.1025047644977","80.435687970527","80.1966335832737","80.9677322165647","77.3456910750677","77.7623049219688","78.270421410026","77.8153708794436","79.434483404335","76.0334927135046","",
"Monaco","MCO","Electricity production from oil, gas and coal sources (% of total)","EG.ELC.FOSL.ZS","","","","","","","","","","","","","","","","","","","","","","","","","","","","","","","","","","","","","","","","","","","","","","","","","","","","","","","","","","","","","","","","","",
"Moldova","MDA","Electricity production from oil, gas and coal sources (% of total)","EG.ELC.FOSL.ZS","","","","","","","","","","","","","","","","","","","","","","","","","","","","","","","98.4156340546206","97.680754917597","98.0009262117938","96.7691910054278","97.0684382579353","95.7508196721311","95.0204081632653","94.0784374515579","94.1550387596899","93.7634408602151","93.2750624331074","93.7072275079286","93.4921456930779","93.6861497236644","93.5290078956402","93.7061769616027","93.8115561391989","93.6166610226888","93.5403520425108","94.2239432074863","93.3442354865086","93.9325842696629","95.3801068781245","92.9933481152993","93.7743913770675","95.2735085109899","95.762856654707","93.6140209508461","93.8404452690167","93.3660933660934","94.1747572815534","93.4495192307692","90.4109589041096","89.3696498054475","",
"Madagascar","MDG","Electricity production from oil, gas and coal sources (% of total)","EG.ELC.FOSL.ZS","","","","","","","","","","","","","","","","","","","","","","","","","","","","","","","28.3673469387755","28.3643892339545","33.011583011583","27.5229357798165","28.1362007168459","27.6271186440678","20.6896551724138","20.0315457413249","22.7272727272727","28.0054644808743","30.2149178255373","31.9098457888493","30.9252217997465","31.5673289183223","35.1214574898785","34.2713567839196","36.2376237623762","31.4691943127962","36.5280289330922","32.7898550724638","39.8502495840266","49.3898061737258","56.3244469653999","56.9791666666667","55.5555555555556","55.0354609929078","63.76969038566","64.4230769230769","57.13680643795","61.5915550142103","59.2282659228266","67.103694874851","65.5185610409491","","",
"Maldives","MDV","Electricity production from oil, gas and coal sources (% of total)","EG.ELC.FOSL.ZS","","","","","","","","","","","","","","","","","","","","","","","","","","","","","","","","","","","","","","","","","100","100","100","100","100","99.9951186175925","99.9829278702518","99.9794354084876","99.5669178990482","99.5611244350905","99.5290532585359","99.5434244824094","99.2946051528619","99.1735805029816","98.64271914601","98.4898883423128","97.8228741239849","97.1653399769095","96.1259528389257","95.5809800939091","94.4152112010708","94.1786674634001","","","",
"Middle East, North Africa, Afghanistan & Pakistan","MEA","Electricity production from oil, gas and coal sources (% of total)","EG.ELC.FOSL.ZS","","","","","","","","","","","","","","","","","","","","","","","","","","","","","","","88.9580878180787","88.9610649131268","88.9978690208912","90.1065890196182","90.3226940455142","90.7175744939623","91.3416543958748","91.6367886253989","92.1124362552899","93.1359652869126","93.806835315791","93.4266124781001","93.4501631145134","92.6312631646338","92.9981430150884","91.8086383688671","92.027591414035","92.5362078168746","94.6054468048312","94.5377351506071","94.139987200485","94.3361350820108","94.4162859580671","93.7939793132342","94.2461416804702","94.518971660501","94.0919361992524","94.361135890009","94.1140757198952","92.1965321905392","92.5909915996959","92.336288760189","91.0357160608058","88.4341233995497","",
"Mexico","MEX","Electricity production from oil, gas and coal sources (% of total)","EG.ELC.FOSL.ZS","","","","","","","","","","","","","","","","","","","","","","","","","","","","","","","72.7712216303944","74.3132039076598","71.3948097302505","70.9691685154747","78.0970699580646","70.8042141768693","70.3394613516307","73.8000991086195","77.331270844304","73.8697718134823","76.198857420688","78.8165691534105","80.4775892329336","83.4283730637507","81.6817701603229","80.4939226695591","80.4512007323478","81.9814453898089","78.8169200264375","83.1142881685733","81.2460758446234","81.7469256711005","83.2710015721274","82.6842680568402","79.2215459626196","80.9777729149437","81.5072731932663","80.2167033401736","78.7345193547105","77.980137806101","73.3802120098705","69.9996129328081","68.6226065472514","76.9367368426567","",
"Marshall Islands","MHL","Electricity production from oil, gas and coal sources (% of total)","EG.ELC.FOSL.ZS","","","","","","","","","","","","","","","","","","","","","","","","","","","","","","","","","","","","","","","","","99.9278395150815","99.9320375152916","99.9373512091217","99.9385371850031","99.873257287706","99.869109947644","99.8681608437706","99.8681608437706","99.7366688610928","99.5395948434622","99.4480220791168","99.4402747742018","99.2627431041058","98.9546149923508","98.2820615261686","98.2705456495509","97.8549252046289","97.598606445191","97.5743251648215","97.5743251648215","97.5743251648215","97.5743251648215","","","",
"Middle income","MIC","Electricity production from oil, gas and coal sources (% of total)","EG.ELC.FOSL.ZS","","","","","","","","","","","","","","","","","","","","","","","","","","","","","","","68.3345881261069","68.8026139582113","69.4295859206148","68.6995452808885","68.3613083408752","68.5281933622375","68.9714264937041","69.6613855681598","69.6820983548974","70.8141145730625","71.5875553753662","72.0321541781387","72.6669809475834","73.6406259682056","73.4903134994878","73.6109423624077","74.2285094840178","75.1916873996112","74.6834422346195","74.758634213602","74.164565062298","75.046421291452","73.9908684121238","73.9163879217506","73.4688166077377","72.4830483387662","71.2031364263505","70.6756241340634","69.5547326708822","68.2110011594261","67.1482734400927","66.934015922433","65.3911303984103","36.471485632051","",
"North Macedonia","MKD","Electricity production from oil, gas and coal sources (% of total)","EG.ELC.FOSL.ZS","","","","","","","","","","","","","","","","","","","","","","","","","","","","","","","91.4727335880514","85.3032928942808","86.0181368507832","89.9227799227799","88.2976932143459","86.9373776908024","87.2007227827134","86.6330016337442","84.6339387060159","79.7610374471805","82.8219057407135","90.1603269412135","87.5718272861599","79.6081923419412","77.7711114444278","78.50763468741","76.4487582072509","84.4567559249","86.6899065124386","81.4001171646163","66.5151515151515","78.7838437638704","83.3280102203769","73.8595339678372","75.9583178265724","64.0630534891959","63.2794457274827","76.8214285714286","64.9188514357054","77.1000170386778","72.3770338507574","69.9692641475321","72.9720632783575","67.9563636363636","",
"Mali","MLI","Electricity production from oil, gas and coal sources (% of total)","EG.ELC.FOSL.ZS","","","","","","","","","","","","","","","","","","","","","","","","","","","","","","","","","","","","","","","","","72.840435137808","64.1066214561552","46.2892164982607","39.0551198461208","40.7281671701343","41.214452382404","43.1679486278601","44.286707140083","44.870781099325","32.9238010525536","36.3773013478229","37.1723824904736","31.9980209797203","25.95792418194","30.634446651495","34.0691985326222","35.5106035403433","38.7445584444406","38.7501152494681","38.732524165802","37.7066393750395","37.7066393750395","","","",
"Malta","MLT","Electricity production from oil, gas and coal sources (% of total)","EG.ELC.FOSL.ZS","","","","","","","","","","","","","","","","","","","","","","","","","","","","","","","100","100","100","100","100","100","100","100","100","100","100","100","100","100","100","100","100","100","100","100","99.9526963103122","99.5410738871042","98.8666085440279","98.4451354953354","96.6592427616927","92.2546012269939","84.0140023337223","89.5820714718353","89.8572884811417","90.1894123360855","88.6140923938404","88.0758807588076","87.0039249890972","86.3907849829352","",
"Myanmar","MMR","Electricity production from oil, gas and coal sources (% of total)","EG.ELC.FOSL.ZS","","","","","","","","","","","","","","","","","","","","","","","","","","","","","","","51.8563357546408","53.6794919686216","49.3324432576769","49.6307237813885","55.0918196994992","59.9506781750925","58.149556400507","62.0697412823397","77.0717564629137","77.6244880362147","63.032434544744","61.1431008743869","58.3464877663773","61.7511520737327","57.0689962560171","50.1828457446808","46.0577547047372","43.4442881700266","38.5231048021746","24.5261344055141","28.2434782608696","27.8822175330904","29.171986138975","27.9555845852384","37.6297761141324","41.1094415226647","45.4357310661148","47.3248254274019","42.4290738569754","44.464905819215","52.0572354211663","51.2989648873554","55.856200401568","","",
"Middle East, North Africa, Afghanistan & Pakistan (excluding high income)","MNA","Electricity production from oil, gas and coal sources (% of total)","EG.ELC.FOSL.ZS","","","","","","","","","","","","","","","","","","","","","","","","","","","","","","","81.809846969731","82.2644934516699","81.9359351067488","83.4315172076285","83.8556029945225","84.5304212990245","85.6139095814995","86.1083078111151","86.7464275491556","88.5164615152602","89.6643807456771","89.0380863379269","89.0987819407146","87.6986911212159","88.4223713457828","86.3134235759383","86.7147907842911","87.4100719884513","90.8783762849464","90.7405723655111","90.0307704794653","90.2482056049432","90.1005954582479","89.0871149822032","89.7856008621731","90.1332330780458","89.4793048407101","90.149733452065","89.7039910074467","86.8708688353623","88.1189934105678","88.5765464004049","87.6296170940475","","",
"Montenegro","MNE","Electricity production from oil, gas and coal sources (% of total)","EG.ELC.FOSL.ZS","","","","","","","","","","","","","","","","","","","","","","","","","","","","","","","","","","","","","","","","","","","","","","34.8463687150838","40.7181571815718","40.1119402985075","45.5799151343706","24.963768115942","31.6260566882148","54.6686746987952","48.0661040787623","36.5272496831432","44.7841159785692","50.3496503496504","41.3244189748488","54.8348106365834","40.7874015748031","43.8100786484125","47.7810650887574","38.2415254237288","46.6586393738712","39.0826564739608","",
"Mongolia","MNG","Electricity production from oil, gas and coal sources (% of total)","EG.ELC.FOSL.ZS","","","","","","","","","","","","","","","","","","","","","","","","","","","","","","","100","100","100","100","100","100","100","100","100","100","99.8642226748133","99.8674179648658","99.8714652956298","99.8725302740599","99.878897971541","99.8830067271132","99.8871331828443","99.8919211024048","99.7000749812547","99.3315177024016","98.9798284256898","98.6331569664903","98.7333887043189","97.5697211155378","96.2797619047619","95.9912933067295","95.6414328568908","95.9017753442841","93.2823259372609","90.1594202898551","89.7637795275591","88.914301089735","90.1935483870968","","",
"Northern Mariana Islands","MNP","Electricity production from oil, gas and coal sources (% of total)","EG.ELC.FOSL.ZS","","","","","","","","","","","","","","","","","","","","","","","","","","","","","","","","","","","","","","","","","","","","","","","","","","","","","","","","","","","","","","","","","",
"Mozambique","MOZ","Electricity production from oil, gas and coal sources (% of total)","EG.ELC.FOSL.ZS","","","","","","","","","","","","","","","","","","","","","","","","","","","","","","","36.8763557483731","31.0924369747899","21.7183770883055","12.1212121212121","7.26817042606516","7.0048309178744","5.60165975103734","2.77227722772277","0.392955901615485","0.31055900621118","0.453421269579555","0.369778973022943","0.298179535467671","0.338023022108533","0.39142273655548","0.157539384846212","0.135336310732169","0.0806601724886765","0.0856615709014233","0.0764391133062856","0.113636363636364","0.646052236565596","0.72132020228906","1.41737032569361","1.30595881674057","6.97272481771537","17.1335299073294","19.5124716553288","18.2040959215824","20.6258890469417","16.4879638389572","17.0174415522451","16.295122200634","","",
"Mauritania","MRT","Electricity production from oil, gas and coal sources (% of total)","EG.ELC.FOSL.ZS","","","","","","","","","","","","","","","","","","","","","","","","","","","","","","","","","","","","","","","","","100","100","100","100","100","100","100","100","100","100","100","100","100","95.180633880858","94.9021681649921","86.5814236003871","84.281033153431","86.0885313566104","80.7910095322335","80.2066836470322","81.0899380146562","80.6445857508867","","","",
"Mauritius","MUS","Electricity production from oil, gas and coal sources (% of total)","EG.ELC.FOSL.ZS","","","","","","","","","","","","","","","","","","","","","","","","","","","","","","","68.8461538461538","69.8949824970829","67.3118279569892","72.2952477249747","77.1946564885496","73.1560891938251","74.076983503535","75.482487491065","72.3667100130039","79.2429022082019","70.3599550056243","71.2715855572998","72.4102564102564","72.7665706051873","72.6558891454965","75","77.7446808510638","77.606490872211","76.7696519358623","76.3678696158324","78.5050204537003","79.9561883899233","79.6997855611151","79.3975069252078","79.7071842015662","77.2772772772773","78.172255095332","79.9935876883617","79.2717981475567","78.3065512978986","76.0929909784872","78.50935828877","80.7630650849631","82.3889739663093","",
"Malawi","MWI","Electricity production from oil, gas and coal sources (% of total)","EG.ELC.FOSL.ZS","","","","","","","","","","","","","","","","","","","","","","","","","","","","","","","","","","","","","","","","","6.79598150658741","6.77567115092079","6.71862075676728","2.41160384449313","5.49826431756453","5.45820047137114","5.44471365340625","5.43204962351146","0.901266548089434","1.09112630979","1.05963322002602","1.29278774002879","1.2913387442667","1.18895660051058","1.15126210091935","0.896650286810627","3.18283666801567","15.509292242555","19.8483643497163","20.7462385785278","20.7209174846258","19.9448415264508","","","",
"Malaysia","MYS","Electricity production from oil, gas and coal sources (% of total)","EG.ELC.FOSL.ZS","","","","","","","","","","","","","","","","","","","","","","","","","","","","","","","82.6685783802572","83.3986140403736","85.1256864149528","85.9725380696048","83.3145780051151","86.3138445294972","89.9117006379337","93.308916262115","92.003096638171","88.4644275136817","89.9415204678363","90.0709020313995","92.8551226279142","93.5566911774076","92.9135676437703","93.719835980308","92.8275631748859","93.3436564256122","92.3712436478155","92.9906985164177","94.0041350792557","93.2767649265565","92.6105625051161","91.4158498857952","90.2921970041161","90.0428315447999","86.53836333461","83.1339436602594","83.4327369118622","83.9341082011516","82.4472239450532","80.9125610494674","81.568943608581","","",
"North America","NAC","Electricity production from oil, gas and coal sources (% of total)","EG.ELC.FOSL.ZS","","","","","","","","","","","","","","","","","","","","","","","","","","","","","","","62.6908304135533","62.1588824258001","62.7849363727246","63.0979126348608","62.9690812416141","62.0100662376978","61.6101671192229","63.7486443712703","65.1664153499858","64.497928243587","65.4240472149028","66.0362266424069","64.9883425936354","65.4524341338482","65.3369796849713","65.8172937939896","65.1148172929027","65.6444341678347","64.9628915610617","63.0830236958901","64.2363312326131","62.2462812806615","62.4276877761414","61.2033485082844","60.9496432811533","60.6427186518981","58.9294128923305","56.8131496880447","57.8372833324501","56.8316252213329","54.7626939680009","55.3486546604999","54.605601009894","54.3892110446096","",
"Namibia","NAM","Electricity production from oil, gas and coal sources (% of total)","EG.ELC.FOSL.ZS","","","","","","","","","","","","","","","","","","","","","","","","","","","","","","","","4.82361411087113","1.79487179487179","17.1379605826907","23.1121281464531","3.1596925704526","4.36730123180291","4.98442367601246","2.64965652600589","3.3085194375517","0.78125","0.206100577081616","0.419287211740042","0.140449438202247","0.868306801736614","0.240384615384615","5.83850931677019","2.15189873417722","11.2167300380228","5.41082164328657","4.41736481340442","1.80681028492008","2.17129071170084","4.35745937961595","1.07984293193717","2.15736040609137","4.1920216362407","3.72460496613995","1.48305084745763","3.67965367965368","3.23061630218688","2.79481935923654","1.50262960180316","","",
"New Caledonia","NCL","Electricity production from oil, gas and coal sources (% of total)","EG.ELC.FOSL.ZS","","","","","","","","","","","","","","","","","","","","","","","","","","","","","","","","","","","","","","","","","72.7077686070964","78.3671085201379","81.1959118813805","81.3298141627654","79.8908119963763","81.0267383086268","83.063960659309","77.794903731382","73.6029435222306","77.4497661040197","84.9966928269528","81.1592983450615","79.909763785724","79.4930038523723","88.3295414916054","85.9103545923377","90.7685426284765","86.5478381007255","88.2532151043206","86.2596404498427","84.3961013452277","77.5225952781882","","","",
"Niger","NER","Electricity production from oil, gas and coal sources (% of total)","EG.ELC.FOSL.ZS","","","","","","","","","","","","","","","","","","","","","","","","","","","","","","","100","100","100","100","100","100","100","100","100","100","100","100","100","100","100","99.1266375545851","99.0825688073395","99.1071428571429","98.6842105263158","98.8326848249027","98.9761092150171","100","100","99.0970654627539","","","","","97.2014925373134","96.1194029850746","96.2852897473997","96.5373961218837","96.8030690537084","","",
"Nigeria","NGA","Electricity production from oil, gas and coal sources (% of total)","EG.ELC.FOSL.ZS","","","","","","","","","","","","","","","","","","","","","","","","","","","","","","","67.4143950085419","58.1351027034658","59.1546447350681","61.585660117201","64.1877535252077","65.3150028378634","66.1392599889183","65.2975119439102","61.7828072265237","61.7875567157685","62.7161311692613","62.6390996459282","62.3226869223026","63.7072410096482","67.0593970910864","67.5481472197853","73.4573656551958","73.6935490684804","74.6667847495904","78.6870588235294","76.9016126109803","79.574335115617","81.7769193626268","84.35270282174","86.9757819155409","85.7003221148506","84.3938033657428","77.7964988434189","78.9199509068594","76.7616786518088","79.5911941399663","79.4942901668242","75.4608993801925","","",
"Nicaragua","NIC","Electricity production from oil, gas and coal sources (% of total)","EG.ELC.FOSL.ZS","","","","","","","","","","","","","","","","","","","","","","","","","","","","","","","38.6410432395333","39.7478433974784","49.0543014032947","42.9971181556196","51.5463917525773","54.55525606469","56.4977420973407","58.239608801956","72.1535745807591","72.6223453370268","78.6048490004253","80.1984126984127","75.4198473282443","72.9437229437229","72.2792607802875","65.3883972468043","69.9425654116146","71.0099750623441","64.474858673014","69.0993339125398","62.9953539218366","65.9869281045752","57.1818407343091","47.6590636254502","46.1088618983356","49.901768172888","47.8109344369418","44","41.1688869789428","43.1132487975514","30.0712213136376","30.8093994778068","35.5001144426642","","",
"Netherlands","NLD","Electricity production from oil, gas and coal sources (% of total)","EG.ELC.FOSL.ZS","","","","","","","","","","","","","","","","","","","","","","","","","","","","","","","93.2247665629169","93.5160787266079","92.9792769587222","92.5297113752122","92.5025354652109","92.2249467082322","91.7223698535523","93.4387388324492","91.8114470723811","91.1023985239852","90.6795639901374","90.6846887244696","90.2584886592138","90.122704455783","89.4668721718339","86.8576175178391","86.7574595529833","87.1915561260876","85.7613061588813","85.289073013695","85.8438836253878","83.903547642656","82.2761880775713","83.4517366919217","83.0588827183189","81.0829938392023","81.044304347071","79.3935152389325","78.1078694515602","75.9340405904059","68.1200214150132","61.71482360645","54.8933965057744","47.9584603972637","",
"Norway","NOR","Electricity production from oil, gas and coal sources (% of total)","EG.ELC.FOSL.ZS","","","","","","","","","","","","","","","","","","","","","","","","","","","","","","","0.0722211279627076","0.0846778189155834","0.0799979574989575","0.082426503034794","0.22319065598645","0.221592707733017","0.353387182808809","0.290174373303958","0.263229864624641","0.303951367781155","0.20422151039991","0.281401263434244","0.270073830381393","0.428812469120841","0.459242250287026","0.384032925388924","0.523926239081443","0.682255525103505","0.426358225336654","3.31023806090777","4.06936771521706","3.31349626388791","1.91991223258365","1.96759949877678","1.96309079382968","1.91842043363358","1.86256223078059","1.82967621086433","1.89874708525667","1.89761760040324","1.29192306453172","0.56800192500095","1.01478906835685","1.09106168694922","",
"Nepal","NPL","Electricity production from oil, gas and coal sources (% of total)","EG.ELC.FOSL.ZS","","","","","","","","","","","","","","","","","","","","","","","","","","","","","","","0.113895216400911","3.43347639484979","5.30474040632054","6.64523043944266","8.01980198019802","3.09364548494983","3.27600327600328","9.15312232677502","9.52","4.53315290933694","4.45690174804099","2.14675950723085","0.69256120527307","0.492063492063492","1.06658395368073","1.21950256612712","1.00836972343523","0.724928366762178","0.644381223328592","0.771749598715891","0.349438902743142","0.128293241695304","0.822353603603604","0.689508103497299","0.170184696569921","0.0191138140747176","0.00431551186765764","0.00460021905805038","0.00248550124275062","0.00146747105820969","0.00096961861667744","0.000413607693103092","0","","",
"Nauru","NRU","Electricity production from oil, gas and coal sources (% of total)","EG.ELC.FOSL.ZS","","","","","","","","","","","","","","","","","","","","","","","","","","","","","","","","","","","","","","","","","100","100","100","100","100","100","99.7938144329897","99.8382400517632","99.8768169499877","99.8130841121495","99.8694857739494","99.8791978738826","99.8080204778157","99.3610979649787","99.2504164353137","99.3382961124897","99.193772588268","96.8687872763419","96.9074844074844","96.140438247012","93.3054393305439","90.176322418136","","","",
"New Zealand","NZL","Electricity production from oil, gas and coal sources (% of total)","EG.ELC.FOSL.ZS","","","","","","","","","","","","","","","","","","","","","","","","","","","","","","","19.5652173913043","22.375813787568","26.9557362240289","22.5538061534017","17.5792015911351","15.8037847784888","20.5602651885665","29.460780386187","23.9046988749173","29.8927790510814","27.907685276868","36.0810980984763","29.9722570032653","33.513645820585","27.2516835016835","35.1744997673336","34.8232537841376","34.1078913796246","35.3456714243438","27.9386438264943","26.4639864879881","23.5665792834577","27.7042016806723","25.1947636563021","20.3737382922615","19.418648884513","15.3114598193058","18.3714157706093","16.2258916185618","17.8664776502902","19.4731404958678","18.4550895519042","13.3206618962433","12.2923290493037","",
"OECD members","OED","Electricity production from oil, gas and coal sources (% of total)","EG.ELC.FOSL.ZS","","","","","","","","","","","","","","","","","","","","","","","","","","","","","","","59.0677137094649","58.6649450656061","58.6861505629645","57.8306889387388","58.6524728102571","57.7758906441864","57.7945106479716","58.6413187410028","59.3593840843395","59.352854296225","60.105624323554","60.2451083915328","60.527550302883","61.5325979516602","60.8686320716459","61.119984665298","60.8198465218785","62.0949363982856","61.2438987653757","59.8036576237867","60.1756388519463","60.6163556208004","60.8526917230134","59.562747632453","58.4735241596778","57.8424799656392","57.0229853756907","55.8848574626876","55.3513218787789","53.5910171631369","51.6698075992112","52.0325574819999","51.3691280115022","49.0891652794507","",
"Oman","OMN","Electricity production from oil, gas and coal sources (% of total)","EG.ELC.FOSL.ZS","","","","","","","","","","","","","","","","","","","","","","","","","","","","","","","100","100","100","100","100","100","100","100","100","100","100","100","100","100","100","100","100","100","100","100","100","100","100","99.9961891696201","99.9965669950908","99.9877907331665","99.9883150268754","99.9557289504994","99.9602427840653","99.958815958816","99.4524031973425","99.3841827086263","97.4912908278974","","",
"Other small states","OSS","Electricity production from oil, gas and coal sources (% of total)","EG.ELC.FOSL.ZS","","","","","","","","","","","","","","","","","","","","","","","","","","","","","","","81.1385170125436","79.5368386352398","77.8123357280533","74.601937965623","75.2317880794702","73.9639384499198","74.3658030152568","73.5917911729349","70.9004699563612","68.6867460124686","64.1997139775042","63.9159960421941","63.5495709529892","65.6568710034876","65.6478863685891","63.2969917413127","60.0879896151504","57.7973787422899","50.2873351393522","45.9743064158294","49.0958384242161","49.8715395841443","48.062428065803","47.7304454027139","47.6341947410144","43.3405545190477","44.8667796189983","46.3129291603679","45.0668409573316","40.4359654650673","35.9778006412199","37.0037728217946","44.7278186945848","9.9320882852292","",
"Pakistan","PAK","Electricity production from oil, gas and coal sources (% of total)","EG.ELC.FOSL.ZS","","","","","","","","","","","","","","","","","","","","","","","","","","","","","","","54.2961802882701","54.5038465283864","55.5541897152223","60.6424989140307","56.3644851087667","58.4089751918114","64.1369978858351","63.9047542434237","65.2549367243382","70.0714502888416","71.8260027012743","70.6861797597681","68.177375039628","64.4884325126809","66.7565894731925","64.3849661963708","65.1359799619195","66.7743385496702","67.9073524275236","67.5042209801063","62.6726987625021","64.4736565359133","64.2028608582575","64.1031553864484","63.4725389763338","63.3533396826538","66.1032050087881","68.2640523473266","67.3782978425438","63.6788006643027","66.6155238485796","63.6497355490877","59.682058345245","","",
"Panama","PAN","Electricity production from oil, gas and coal sources (% of total)","EG.ELC.FOSL.ZS","","","","","","","","","","","","","","","","","","","","","","","","","","","","","","","14.7313040210447","25.5913978494624","33.275921460558","25.7387988560534","28.0273728057126","30.8610400682012","20.9989539748954","27.8202912861022","48.3894058697208","31.1353711790393","29.5682422754246","50.7806401249024","35.4052522199131","48.9956958393113","33.9871550078111","35.6958984039815","39.8230088495575","42.3017348203222","37.9299610894942","43.3116413593637","42.8958417987268","47.3152646381999","37.0684644891317","42.0741236883233","44.2015720900183","34.6770276833414","33.3823259232041","28.1470748052889","22.2708203159868","47.2613324175824","24.2864983534577","21.6522098306485","22.772196357102","","",
"Peru","PER","Electricity production from oil, gas and coal sources (% of total)","EG.ELC.FOSL.ZS","","","","","","","","","","","","","","","","","","","","","","","","","","","","","","","23.196697566628","19.7279381300925","25.148605395519","19.5840086439762","18.9083574940124","19.7039147670961","22.0704029643353","25.5753050649134","25.0067294751009","22.9306722689076","18.0124535502661","14.4768505149678","17.0859300368467","18.2908741929855","27.1119356833643","27.7304992352641","26.7051685064698","33.2899001035715","39.8674067221708","39.4090315527347","42.2791864028977","43.2399357519823","44.7496810027772","46.0603135199743","47.6315444167432","47.2694866427639","49.6058416781266","41.3991956901131","39.2320989900828","39.6088405542887","36.2449551888133","38.830389000087","44.5974204125333","","",
"Philippines","PHL","Electricity production from oil, gas and coal sources (% of total)","EG.ELC.FOSL.ZS","","","","","","","","","","","","","","","","","","","","","","","","","","","","","","","54.5751509856801","57.4915201372373","60.8040201005025","59.7539410813048","60.0446501854953","63.1787566311021","63.1024055357289","66.565318993894","66.3477257428599","55.5078200424792","57.1097372488408","62.7077577045696","64.3571914911177","66.5810351341141","66.2687420698036","67.634840101119","63.9716112216685","68.4001274932479","66.0840828003486","67.4073117168325","73.6913583891825","71.3123048456112","71.5308347389641","73.5564531129594","74.359969972302","74.5634790627692","75.7932530810489","75.4275723217124","76.6178180505994","79.2108712667742","78.7627143629306","77.8804502033481","77.864861229431","","",
"Palau","PLW","Electricity production from oil, gas and coal sources (% of total)","EG.ELC.FOSL.ZS","","","","","","","","","","","","","","","","","","","","","","","","","","","","","","","","","","","","","","","","","99.9900862496282","99.9903250773994","99.990258158792","99.9903920061491","99.9907132243685","99.9642857142857","99.9606105366814","99.9622605906218","99.6098963145468","99.5725534308211","99.5790155440415","99.1517021042195","98.8412967061581","98.7389659520807","98.1571290009699","98.1586917019988","96.7372440124957","96.6296163499462","96.4144279139463","96.4910526841947","96.0786280212617","95.4017076432466","","","",
"Papua New Guinea","PNG","Electricity production from oil, gas and coal sources (% of total)","EG.ELC.FOSL.ZS","","","","","","","","","","","","","","","","","","","","","","","","","","","","","","","","","","","","","","","","","58.4713594140615","58.6326440827101","58.6471829527783","57.4081128247832","57.5053474627901","55.9797489716275","56.2813036804558","53.2378872683098","51.1117206200843","58.259601033427","58.0890526103053","62.8947927485601","63.0544557630746","63.8949696720938","64.9549593387143","64.4973448086431","65.2415784150205","66.5926284851293","67.7224943409256","58.1193509945916","60.0837811209481","60.0411975211661","","","",
"Poland","POL","Electricity production from oil, gas and coal sources (% of total)","EG.ELC.FOSL.ZS","","","","","","","","","","","","","","","","","","","","","","","","","","","","","","","97.3802554452685","97.1428359339044","96.9913370998117","97.0560332270089","96.9389790686162","96.9670373940693","96.9868620480118","96.9038448070593","96.7917696741346","96.8275075987842","96.9562761736831","96.7359356114713","96.8451216296851","97.4266475852563","96.6768077115186","96.3239792017128","96.5210025843627","96.0551748374627","95.3072985415795","93.8459003427366","92.6524036357409","91.6214200112505","89.257365593719","89.202819297606","87.0576327023306","85.7666844504802","85.8559126233984","85.3500718622591","86.710107681179","83.5530648584043","81.2480226775161","82.1890430938981","78.0870997173821","71.1696800946451","",
"Pre-demographic dividend","PRE","Electricity production from oil, gas and coal sources (% of total)","EG.ELC.FOSL.ZS","","","","","","","","","","","","","","","","","","","","","","","","","","","","","","","50.8692139672661","48.1669735660696","53.6374650243748","53.6958392316873","56.1163410420879","56.3777352609505","56.9738978393905","57.7478532396565","53.7470538431615","54.2383018519123","53.61723406173","51.7532581581006","51.9379661899559","50.2167567150682","52.6481421238636","47.3476709806254","49.4135581028869","48.8319546808975","52.2430326960232","52.242137336427","53.6540628280126","56.3576112702143","54.4597512103068","57.5248166740167","60.6672223020089","62.0288086250021","65.1364367728231","64.0984063141112","63.1981218526531","63.4774109887656","63.0927102427509","63.0113788256196","64.6260343198179","10.2731638195702","",
"Puerto Rico (US)","PRI","Electricity production from oil, gas and coal sources (% of total)","EG.ELC.FOSL.ZS","","","","","","","","","","","","","","","","","","","","","","","","","","","","","","","","","","","","","","","","","99.4521741123616","99.464173616716","99.5037886812904","99.5007793273346","99.5048692689136","99.4375801725678","99.520973734128","99.5149437903063","99.4852166720873","99.4801748700437","99.5892916456373","99.2810387669716","99.356396537116","98.3958197268823","98.0480955835483","97.5287977423749","97.3011841243186","96.6436621666265","97.3516070543152","96.2738565021016","95.986627508063","95.4215867168081","","","",
"Korea, Dem. People's Rep.","PRK","Electricity production from oil, gas and coal sources (% of total)","EG.ELC.FOSL.ZS","","","","","","","","","","","","","","","","","","","","","","","","","","","","","","","43.6823104693141","42.9657794676806","42.5101214574899","39.8190045248869","40.2597402597403","38.2608695652174","41.3145539906103","44.559585492228","40","44.6236559139785","47.4226804123711","47.5247524752475","46.2985436893204","44.1851604914754","43.1094119788822","42.6800523788739","43.7391343110596","38.2881836345895","39.3629859494871","46.8065188715374","43.458081937471","37.1393200647557","37.2041110542715","37.0906459200289","39.7890256315351","47.2962320668453","46.3639781128608","49.265205572545","48.4968734968735","53.6600704343451","46.5616164975886","36.7651085468414","37.0262610995655","","",
"Portugal","PRT","Electricity production from oil, gas and coal sources (% of total)","EG.ELC.FOSL.ZS","","","","","","","","","","","","","","","","","","","","","","","","","","","","","","","64.920529104242","66.5539635779325","80.1714969423026","69.0636416073832","62.7609062808706","71.4384488200812","53.975840792561","58.1910664172123","63.5132361994664","79.0398965047243","69.1138835572617","64.8734653507923","77.3331598238879","60.9152224024588","71.4887484757787","80.7811225147078","66.3689565873453","64.318970625582","66.4353765171619","61.5312605811939","46.2340543538547","52.319774312836","55.6635345604325","40.1834613821532","38.1481762054468","50.7458985120183","43.9456977572975","58.6209217411788","48.1890133476424","45.2421266508635","39.8771619126568","34.5318660624963","38.2670518573156","23.7607813551373","",
"Paraguay","PRY","Electricity production from oil, gas and coal sources (% of total)","EG.ELC.FOSL.ZS","","","","","","","","","","","","","","","","","","","","","","","","","","","","","","","0.0257494942063638","0.0374774283670062","0.0405290888323938","0.0445349281079018","0.0192217920202103","0.281743495039894","0.03346122958865","0.0216262975778547","0.0216182221960183","0.0288628054646912","0.00153293950497271","0.00105920515479842","0.00105782792665726","0.000811264993915513","0.000962816044366563","0.00127037485830434","0.00185963476773162","0.00186167737131155","0.00180323139065205","0.0018201674554059","0.00184959124033589","0.0017353579175705","0.00498049306881381","0.00496845034033885","0.0108534423501321","0.0017939150401837","0.00156811089680262","0.00167546284661138","0.00168884685536716","0.00202236738325884","0.00215647373414992","0.00245068006371768","0.00226711102042667","0.00188533398691578","",
"West Bank and Gaza","PSE","Electricity production from oil, gas and coal sources (% of total)","EG.ELC.FOSL.ZS","","","","","","","","","","","","","","","","","","","","","","","","","","","","","","","","","","","","","","","","","100","100","100","100","100","100","100","100","100","100","100","100","99.7836013070481","99.6269352732699","99.1165817603581","98.2025572266915","92.0866926099019","91.6501976284585","85.6718404601745","84.8300404957664","78.7308992240682","75.5366492146597","","","",
"Pacific island small states","PSS","Electricity production from oil, gas and coal sources (% of total)","EG.ELC.FOSL.ZS","","","","","","","","","","","","","","","","","","","","","","","","","","","","","","","","","","","","","","","","","54.3112839838927","52.7343537017564","54.0498165897527","63.7582911008242","62.1629099887193","65.3660178304051","66.1658514630643","57.3707036054114","58.3416113010385","60.3201897420694","65.2527475307003","61.9526165397045","57.4412025558195","58.602231415319","65.7497372739173","65.7657495330246","62.2001465201465","63.0078105676265","58.0219686101535","60.0104526815148","59.4482252336263","57.4065365624265","","","",
"Post-demographic dividend","PST","Electricity production from oil, gas and coal sources (% of total)","EG.ELC.FOSL.ZS","","","","","","","","","","","","","","","","","","","","","","","","","","","","","","","59.2602437688568","58.6895895509844","58.6961270859021","57.7681858700993","58.270626259469","57.4075097311517","57.2410322173492","57.9854972754449","58.5510095666554","58.5608660875696","59.2360778765281","59.2726775819816","59.6843794856601","60.5747496248162","59.9689484374533","60.1667257244774","59.87561313947","61.0846032425315","60.307518740253","58.6629954747641","59.1502609822872","59.6686218936959","59.8897379131072","58.5460089588248","57.3473501006653","56.8205549541786","55.9649214057145","54.7294156165978","54.2037022709487","52.756177021457","50.7328483323249","50.6645842385127","50.6996007217722","47.7537231068172","",
"French Polynesia","PYF","Electricity production from oil, gas and coal sources (% of total)","EG.ELC.FOSL.ZS","","","","","","","","","","","","","","","","","","","","","","","","","","","","","","","","","","","","","","","","","72.3299884358563","72.6240033867212","79.5947044084784","79.7595709865042","75.6792280690903","77.4284849402149","75.6742575296463","74.5000359945288","76.7173366471115","77.7640362588715","69.4808043358286","72.5316211114579","74.2884993132375","74.3101391049555","70.8794749224522","70.2551607647349","68.4612924794325","69.0891599982509","70.6816140899742","71.1135452999337","69.592255705573","76.2682524162913","","","",
"Qatar","QAT","Electricity production from oil, gas and coal sources (% of total)","EG.ELC.FOSL.ZS","","","","","","","","","","","","","","","","","","","","","","","","","","","","","","","100","100","100","100","100","100","100","100","100","100","100","100","100","100","100","100","100","100","100","100","100","","","","","","","","","","","","98.9125459971074","","",
"Romania","ROU","Electricity production from oil, gas and coal sources (% of total)","EG.ELC.FOSL.ZS","","","","","","","","","","","","","","","","","","","","","","","","","","","","","","","82.255982832885","74.3182578384944","78.3061168004429","76.8602638979018","76.3385084155543","71.8287044848648","72.0603096984515","59.8936095751382","54.7685808284732","53.6817195819365","61.0390110524897","62.1857943786433","60.6032372392122","67.0511425462459","60.9462114373706","56.6273374513995","61.7334162719109","61.5504353606927","56.2011207586674","52.4631985382839","47.0588235294118","54.5461851262517","54.8429164196799","45.4574786034506","40.1942871064011","42.3554965608785","40.4589650246532","43.7741072539505","41.4159319316851","39.0476669685686","34.9340293917832","36.1678157053977","37.3558087211171","30.9078679590218","",
"Russian Federation","RUS","Electricity production from oil, gas and coal sources (% of total)","EG.ELC.FOSL.ZS","","","","","","","","","","","","","","","","","","","","","","","","","","","","","","","73.7294760809942","73.0731171178931","70.9108037086618","69.1346422228193","68.5504513000135","67.7274085581034","68.7251750802365","67.9186267880863","67.8011939677788","66.279693604309","65.9717965835997","64.5739180777395","65.3554138126413","66.1456139240368","65.1550385517215","65.6793825530959","66.3659351231279","66.3647296010274","68.0106961020936","65.441541160104","67.043823396241","67.4000369750608","67.4645616931936","66.1468503208409","66.0111237757316","65.4212847432986","64.5477935750931","63.9869942830407","63.9860531812145","63.4060697713403","59.8600306332118","61.2134039895948","62.2063927099305","","",
"Rwanda","RWA","Electricity production from oil, gas and coal sources (% of total)","EG.ELC.FOSL.ZS","","","","","","","","","","","","","","","","","","","","","","","","","","","","","","","","","","","","","","","","","36.5269461077844","40","42.1052631578947","33.8888888888889","41.7808219178082","47.6439790575916","51.8796992481203","50.7936507936508","44.5614035087719","47.7564102564103","60.2787456445993","56.6091954022989","53.4351145038168","59.5108695652174","49.6420047732697","42.9389312977099","51.5195007800312","54.2242703533026","57.2538860103627","49.8220640569395","36.9390103567319","42.0081967213115","47.7747502270663","","",
"South Asia","SAS","Electricity production from oil, gas and coal sources (% of total)","EG.ELC.FOSL.ZS","","","","","","","","","","","","","","","","","","","","","","","","","","","","","","","72.533944162268","74.6555206565747","76.5293917103416","78.0726279598214","76.436979486335","79.9717656363883","81.462115689155","81.1740476716732","80.2475298287567","81.714059678144","82.8516197550874","82.9280106269367","84.1855996558989","83.280742716673","82.5321479591484","80.5095937322089","79.1947504278436","79.1902732916842","80.8898320705901","81.6232750784829","80.2047120701506","78.9573092675113","80.7480191577742","79.1987219476801","80.5601519318533","81.655090530788","81.2121791940991","80.5617219944045","79.8031207591271","77.7078075028906","76.2247404693319","75.7200690051299","75.9118413193139","","",
"Saudi Arabia","SAU","Electricity production from oil, gas and coal sources (% of total)","EG.ELC.FOSL.ZS","","","","","","","","","","","","","","","","","","","","","","","","","","","","","","","100","100","100","100","100","100","100","100","100","100","100","100","100","100","100","100","100","100","100","100","99.9983338262431","99.9980006557849","99.9982718933827","99.9914209539899","99.9875414543276","99.9872321882087","99.9875334361373","99.9826058539208","99.9832948686977","99.9171956941761","99.7675414914355","99.7553103765529","99.3961880340656","","",
"Sudan","SDN","Electricity production from oil, gas and coal sources (% of total)","EG.ELC.FOSL.ZS","","","","","","","","","","","","","","","","","","","","","","","","","","","","","","","36.7656765676568","37.5075255869958","33.3537331701346","35.2906287069988","39.6663078579117","47.8540772532189","47.9398933591857","50.9767441860465","46.9481180061038","50.0619067271977","53.9509536784741","55.3521126760563","58.3899127061106","65.324985092427","68.0703778482838","67.0412963930998","69.6969696969697","71.1013742282414","73.4289865601162","50.2696040671699","17.2956394185891","23.5127143701952","29.8537515896566","19.146246596655","21.6508438818565","35.4640913619989","44.2026474461155","39.8597349118518","40.5905875115349","36.5286584607733","35.4768743771616","37.6587143426522","28.629300441381","","",
"Senegal","SEN","Electricity production from oil, gas and coal sources (% of total)","EG.ELC.FOSL.ZS","","","","","","","","","","","","","","","","","","","","","","","","","","","","","","","95.3439153439153","95.4592363261094","95.722433460076","95.6605593056895","95.7943925233645","95.9363957597173","96.0931005818786","96.281951975213","96.3810930576071","96.4234620886981","90.0249376558604","","89.2367906066536","90.6424581005587","90.9893992932862","92.3349056603774","96.6379663796638","96.8373493975904","96.764917325665","96.5010496850945","94.6033810143043","94.1923198984449","95.1304347826087","96.4335860713283","97.4055997945029","97.3018549747049","97.3973524792461","95.0782490360626","90.776802910336","90.5189441551446","86.9055823569952","82.9153605015674","85.0443767386409","86.0268082953971","",
"Singapore","SGP","Electricity production from oil, gas and coal sources (% of total)","EG.ELC.FOSL.ZS","","","","","","","","","","","","","","","","","","","","","","","","","","","","","","","98.9181621484027","97.1041900596891","97.2275659160348","97.4158844003797","97.649767374934","97.7971587843913","97.9668049792531","98.1783032195702","98.273127753304","98.340108401084","98.4525501342176","97.141043851431","97.270943918763","97.1980074719801","97.397517046535","97.498233585429","97.5812585568683","97.6320715727032","97.4854978666283","97.4487722066805","97.4582848273186","97.3617872044506","97.3092164131407","97.1357695274228","97.0556669299151","96.9139230464102","96.9270661996633","96.8869293021835","96.8467197230532","96.6145881143403","96.6178508558373","96.1073754058514","95.2146768511737","94.9959365760033","",
"Solomon Islands","SLB","Electricity production from oil, gas and coal sources (% of total)","EG.ELC.FOSL.ZS","","","","","","","","","","","","","","","","","","","","","","","","","","","","","","","","","","","","","","","","","98.6269256530476","98.5793485793486","98.3932117710778","98.3932117710778","98.4321965411346","98.5915492957747","97.8951829354429","96.7002165881004","96.1419943300875","95.8192363460609","96.8235566890795","95.1175201544226","95.1410125722052","94.7208596122401","93.6292370542122","93.1087122451205","92.4508682541333","92.1837469975981","93.5740213872265","93.3530986993114","94.07917383821","93.4448419220729","","","",
"Sierra Leone","SLE","Electricity production from oil, gas and coal sources (% of total)","EG.ELC.FOSL.ZS","","","","","","","","","","","","","","","","","","","","","","","","","","","","","","","","","","","","","","","","","65.2173913043478","66.6666666666667","83.3333333333333","83.3333333333333","82.4742268041237","75.9397544614606","79.7266514806378","81.1244979919679","93.9096531325625","64.9450626355938","12.6003633593155","12.9028590916842","26.1194029850746","38.0094731302263","17.4485151638051","25.2722084553578","25.7502263614021","24.7639684259403","24.7241709676422","24.7226428505207","24.7226428505207","24.7180596323189","","","",
"El Salvador","SLV","Electricity production from oil, gas and coal sources (% of total)","EG.ELC.FOSL.ZS","","","","","","","","","","","","","","","","","","","","","","","","","","","","","","","6.80793507664563","26.295167609926","24.1393786733837","31.800215594682","41.0549729901493","42.1752265861027","31.49792776791","46.5978806469604","46.5695364238411","35.8034744842562","41.9307077287533","45.6042563972637","48.4273709483793","42.7441229656419","45.3576188360729","41.7582417582418","42.6171529619806","43.805918788713","37.4832439678284","43.6982044198895","34.9598930481283","37.0705244122966","39.7627064293731","39.5567602040816","39.8474737845567","41.6900478626836","41.1871095034528","25.2299368800721","22.2119303445721","28.903162055336","15.4588607594937","15.5397951142632","22.0793285501557","","",
"San Marino","SMR","Electricity production from oil, gas and coal sources (% of total)","EG.ELC.FOSL.ZS","","","","","","","","","","","","","","","","","","","","","","","","","","","","","","","","","","","","","","","","","","","","","","","","","","","","","","","","","","","","","","","","","",
"Somalia, Fed. Rep.","SOM","Electricity production from oil, gas and coal sources (% of total)","EG.ELC.FOSL.ZS","","","","","","","","","","","","","","","","","","","","","","","","","","","","","","","","","","","","","","","","","100","100","100","100","100","100","100","100","100","100","100","100","98.8803257234259","98.9119683481701","98.8672636366204","98.5415845486795","96.6316951960243","95.3730448525805","95.3029271613342","95.3029271613342","91.7777897748745","88.7867551052384","","","",
"Serbia","SRB","Electricity production from oil, gas and coal sources (% of total)","EG.ELC.FOSL.ZS","","","","","","","","","","","","","","","","","","","","","","","","","","","","","","","79.1714874993712","73.2893501616773","71.8798239094391","71.2542703757931","69.6387687611295","67.6410770118083","63.0093474906979","68.7982390147399","69.1438878867767","62.2805630238811","68.1713212427256","68.1040177767101","69.0543903306079","73.672508878815","70.4903677758319","67.0121182211987","69.9432581343713","72.5389876880985","72.9532320205479","70.9200981159647","67.007847151143","76.0544041450777","73.0427457267861","72.728640569752","65.8015267175573","71.7452608491305","70.5251385287987","73.29194223242","68.8363393453574","70.0664893617021","71.1850563810728","65.123577873676","70.4308645451985","63.8718864766283","",
"Sub-Saharan Africa (excluding high income)","SSA","Electricity production from oil, gas and coal sources (% of total)","EG.ELC.FOSL.ZS","","","","","","","","","","","","","","","","","","","","","","","","","","","","","","","76.8155690301777","75.0825500560353","76.1938475086986","78.154362556554","77.8016227180527","77.2366214990518","77.6562320749899","77.6751130480022","76.316960121687","75.7072614298973","74.8122024049551","74.7932408346557","74.6627048408108","75.5793753941932","74.9933190416804","75.5419405603344","76.1754725615583","76.7939884499747","75.3507054247274","73.9211593839627","73.7032148321828","73.6881160556037","73.7202961910596","73.0980687882519","72.1719268137139","72.6203563550881","72.5615057578232","70.7387765024704","69.5836447568476","68.3110787301645","67.0558638140856","65.5105104526931","64.9853640842219","10.2731638195702","",
"South Sudan","SSD","Electricity production from oil, gas and coal sources (% of total)","EG.ELC.FOSL.ZS","","","","","","","","","","","","","","","","","","","","","","","","","","","","","","","","","","","","","","","","","","","","","","","","","","","","","99.5505617977528","99.5762711864407","99.5824634655532","99.6539792387543","99.601593625498","99.4464944649446","98.3546617915905","98.0251346499102","98.0286738351254","96.9911504424779","93.3085501858736","","",
"Sub-Saharan Africa","SSF","Electricity production from oil, gas and coal sources (% of total)","EG.ELC.FOSL.ZS","","","","","","","","","","","","","","","","","","","","","","","","","","","","","","","76.474177380693","74.7490367282078","75.8264737834229","77.7545211681384","77.3854511576884","76.8149316180603","77.232494316217","77.2479424050566","75.8841801562762","75.2755960976297","74.4185694167753","74.3246764515731","74.2191824132295","75.0871740882457","74.4834794257448","74.9701711892375","75.5350675940522","76.1546608351082","74.7548967331963","73.284861665135","72.8286387375562","72.6037364636223","72.4276004510336","71.6590681012998","70.6714369786736","70.9970004370197","70.6691072906196","68.7771072216522","67.5354066776703","66.2513491029494","64.9073103518954","63.5259495360271","62.6934329439243","10.2731638195702","",
"Small states","SST","Electricity production from oil, gas and coal sources (% of total)","EG.ELC.FOSL.ZS","","","","","","","","","","","","","","","","","","","","","","","","","","","","","","","83.3097213789381","82.1673574389024","80.9916430383525","78.4676028578468","79.1027014161609","78.2332404973914","78.6626709121558","78.1859971711457","76.0249646563912","74.1126581855822","70.5683906887752","70.3817240909067","70.1227019209031","72.3257986650517","72.2638809147508","70.9008226640278","67.8082643364083","65.3516446203514","58.8736003553894","55.8879415910457","57.9242263107802","59.2051332733372","58.3361203560162","57.6560914414441","58.3784296734662","55.7926188285686","56.0110829813999","56.5331496835366","55.2853216806953","52.4943471512923","48.5613037394575","49.0725830716775","53.7033385909569","9.9320882852292","",
"Sao Tome and Principe","STP","Electricity production from oil, gas and coal sources (% of total)","EG.ELC.FOSL.ZS","","","","","","","","","","","","","","","","","","","","","","","","","","","","","","","","","","","","","","","","","79.3723339427179","84.1385886840432","83.5322195704057","22.6774379688402","16.554869868527","10.2533172496984","8.80224141956572","15.5555555555556","15.1252218497338","14.8405560098119","8.37266212200664","8.92458723784025","8.31381733021077","8.32508833922262","90.5882352941177","93.4643734643735","94.3905882352941","95.0715131638881","94.4354348266775","94.2986091922262","94.1571586308428","93.9438267992978","","","",
"Suriname","SUR","Electricity production from oil, gas and coal sources (% of total)","EG.ELC.FOSL.ZS","","","","","","","","","","","","","","","","","","","","","","","","","","","","","","","","","","","","","","","","","11.6040955631399","13.3603238866397","20.6231454005935","27.3890142964635","34.3994314143568","47.2990777338603","33.116036505867","25.8520900321543","22.0545560069646","23.2183908045977","29.8143851508121","46.6427473090723","57.7586206896552","57.9949874686717","71.8951014349332","76.3520157325467","60.020191822312","50.2656748140276","46.2845010615711","52.0874751491054","51.3793103448276","51.3801452784504","55.3742802303263","38.2823871906841","",
"Slovak Republic","SVK","Electricity production from oil, gas and coal sources (% of total)","EG.ELC.FOSL.ZS","","","","","","","","","","","","","","","","","","","","","","","","","","","","","","","44.3173121077606","45.1125388936033","43.3614085580057","37.1859913264054","33.0896079651525","37.7642488981848","38.7344720496894","39.1091647926776","38.6409035033804","36.9028760516774","30.9936452917389","30.1004805591962","27.1779689764702","30.4926550772981","30.3366375502993","28.3102845334605","26.612133172067","26.9104647847163","25.6784752434224","26.2741349646339","24.7182137985498","27.1286990508096","25.3453809656712","22.0172031076582","19.2584212255027","19.7747463108204","19.4428022465268","20.3547479991348","21.8753475955656","21.9174228036857","21.4300575629378","23.2742537313433","17.4193307996125","14.6239507741698","",
"Slovenia","SVN","Electricity production from oil, gas and coal sources (% of total)","EG.ELC.FOSL.ZS","","","","","","","","","","","","","","","","","","","","","","","","","","","","","","","39.1513982642237","32.8311362209667","40.100453661698","41.4783191026285","37.8984102365258","37.8068613025633","36.2793903653213","38.4411050394657","38.14831002331","36.1483939074046","36.3990017615972","36.9210562698742","38.745033566242","40","36.6184270840155","37.3883707084739","38.7628183923255","39.6463471382038","35.4594792365388","35.0728525269768","35.5474452554745","36.1915436826702","36.1250556014488","33.4844438924424","23.9433388771004","31.8278145695364","32.9757575757576","32.5309322552983","31.3487688349871","31.2069072613206","28.8132635253054","27.8785588309398","26.9903055229142","23.0003778813453","",
"Sweden","SWE","Electricity production from oil, gas and coal sources (% of total)","EG.ELC.FOSL.ZS","","","","","","","","","","","","","","","","","","","","","","","","","","","","","","","2.24210655637004","3.4186816467204","4.06650052913665","4.74309384687131","5.65384857360559","5.21196351895168","8.72730374941349","4.8127625645733","4.31150090347602","4.33811184295493","3.11910564068674","3.66359974507632","4.8931747708454","6.57648943789363","3.43552702684891","2.45526556632057","2.9578289730574","2.4214018076577","2.47337341206894","2.83614290415768","4.93173923580257","2.92410491672484","1.76031604036959","1.75822310434431","1.17855306742677","1.19546979865772","1.32811999230819","1.08980213089802","1.27845777233782","0.99976846217325","0.547508743659702","0.800358560635165","0.708597300746713","0.608695128632754","",
"Eswatini","SWZ","Electricity production from oil, gas and coal sources (% of total)","EG.ELC.FOSL.ZS","","","","","","","","","","","","","","","","","","","","","","","","","","","","","","","36.0902255639098","28.2467532467532","25.1700680272109","14.453125","13.7795275590551","7.85123966942149","7.05394190871369","9.2436974789916","9.16666666666667","7.58928571428571","31.9148936170213","30.2083333333333","37.1287128712871","32.258064516129","31.7972350230415","27.6859504132231","26.2357414448669","28.3464566929134","21.4076246334311","9.01126408010012","3.55450236966825","2.7972027972028","4.4","3.50877192982456","4.32098765432099","4.7244094488189","7.38636363636364","4.18604651162791","3.68098159509202","7.81893004115226","3.18352059925094","2.88808664259928","2.70700636942675","","",
"Sint Maarten (Dutch part)","SXM","Electricity production from oil, gas and coal sources (% of total)","EG.ELC.FOSL.ZS","","","","","","","","","","","","","","","","","","","","","","","","","","","","","","","","","","","","","","","","","","","","","","","","","","","","","100","100","100","100","100","100","100","100","100","100","","","",
"Seychelles","SYC","Electricity production from oil, gas and coal sources (% of total)","EG.ELC.FOSL.ZS","","","","","","","","","","","","","","","","","","","","","","","","","","","","","","","","","","","","","","","","","100","100","100","100","100","100","100","100","100","100","100","100","100","97.9776828764293","97.7495081260275","97.7656589188331","97.7402508663185","97.711886396339","97.2611048898843","97.6988984088127","97.0356667493853","95.4859625818943","","","",
"Syrian Arab Republic","SYR","Electricity production from oil, gas and coal sources (% of total)","EG.ELC.FOSL.ZS","","","","","","","","","","","","","","","","","","","","","","","","","","","","","","","76.5050383257256","77.9620658510551","78.984238178634","79.458775122646","83.1906204716111","84.8977135980746","86.0967231884848","86.6748667486675","87.239472564866","88.080108681362","87.1872149740255","87.2342018568434","91.2504908435369","90.6612941455321","86.9844436823893","87.6198654644339","89.4187699487702","90.9994306712903","93.0063622845721","95.6913272374619","94.4153577661431","92.8253482027473","90.8737264587836","88.066351087951","90.339360911568","97.9219080205293","95.1233595800525","96.5067320594087","96.6008968609866","96.5919282511211","96.3047619047619","96.2493079904041","95.7280295099945","","",
"Turks and Caicos Islands","TCA","Electricity production from oil, gas and coal sources (% of total)","EG.ELC.FOSL.ZS","","","","","","","","","","","","","","","","","","","","","","","","","","","","","","","","","","","","","","","","","100","100","100","100","100","100","100","100","100","100","100","100","100","100","100","99.978265594436","99.9795960008162","99.8977156495056","99.7322364080872","99.4377940107852","99.4268335477834","98.5166317051244","","","",
"Chad","TCD","Electricity production from oil, gas and coal sources (% of total)","EG.ELC.FOSL.ZS","","","","","","","","","","","","","","","","","","","","","","","","","","","","","","","100","100","100","100","100","100","100","100","100","100","100","100","100","","","","","","","","","","","","","","","","","","","","98.1382978723404","","",
"East Asia & Pacific (IDA & IBRD countries)","TEA","Electricity production from oil, gas and coal sources (% of total)","EG.ELC.FOSL.ZS","","","","","","","","","","","","","","","","","","","","","","","","","","","","","","","78.8562669217978","80.7444619426356","81.5936311926029","81.3211296265045","80.2650895221505","79.6412536646433","81.1026737389446","81.8538520901583","81.3426435356952","82.0401675686459","81.689806048531","79.8478502854988","80.9889762394777","82.6979563443489","81.8377381315398","82.132413527485","82.6477195053967","82.9773519621996","80.6530818086322","80.6169511318889","79.7846028323545","81.0199735247605","78.037608414408","77.6152352217122","75.7113292262682","73.9275350801801","72.2845439911329","71.5150336615413","70.2519460607092","69.1212754114319","67.6431931765932","66.9282789205878","65.5733267943767","","",
"Europe & Central Asia (IDA & IBRD countries)","TEC","Electricity production from oil, gas and coal sources (% of total)","EG.ELC.FOSL.ZS","","","","","","","","","","","","","","","","","","","","","","","","","","","","","","","75.7759920472167","74.5828023803384","73.2375323110204","70.767141280199","69.9742876099094","69.2168766850293","68.2883699703354","67.9059510536463","67.4307732132515","66.9980745474327","67.823093456527","67.7120278726541","67.4253367167675","68.3828283916856","66.8699609115394","67.0882610483436","68.1971473039364","69.390825347169","70.312206020117","68.0633311088042","67.3245674902235","68.9926406658076","68.6737499732538","67.4811066214798","67.6524615969275","65.9593124532412","65.4380323230098","65.7158431830077","65.1185244958474","63.1806475163271","61.6135339295731","62.6000685576965","62.4623521792423","62.5818446038376","",
"Togo","TGO","Electricity production from oil, gas and coal sources (% of total)","EG.ELC.FOSL.ZS","","","","","","","","","","","","","","","","","","","","","","","","","","","","","","","39.873417721519","31.8021201413428","23.3532934131737","20.4152249134948","40.080971659919","17.4757281553398","20.1680672268908","35.4166666666667","42.8571428571429","51.8691588785047","71.8114285714286","87.7049180327869","60.7843137254902","37.5","87.0967741935484","92.5925925925926","81.1711711711712","80.6122448979592","30.0894308943089","38.1447368421053","98.6480446927374","55.3488372093023","46.927374301676","75.1592356687898","41.8269230769231","80.1324503311258","53.7777777777778","84.2553191489362","65.5405405405405","78.4280936454849","86.4909390444811","77.6699029126214","79.1463414634146","","",
"Thailand","THA","Electricity production from oil, gas and coal sources (% of total)","EG.ELC.FOSL.ZS","","","","","","","","","","","","","","","","","","","","","","","","","","","","","","","88.7359652299891","90.8598186709176","92.5759220988476","94.1599507940764","93.656658752125","91.2578200117378","90.6068431245965","91.897110248214","93.8835339581575","94.9033196725863","93.1598195400981","93.3362624487405","92.4953904580188","92.6921005616201","94.0673045566982","94.3440471417657","92.8017471277623","92.751968476528","93.3074980996851","93.0875016853175","94.0876196209755","91.917394655704","91.6632411258342","91.8543853909526","91.6710738168271","91.9913197418765","86.3678609226339","85.6224034124992","83.1702359266006","82.1272318476392","83.3487287515067","82.547638983327","81.3851419587635","80.4357802843331","",
"Tajikistan","TJK","Electricity production from oil, gas and coal sources (% of total)","EG.ELC.FOSL.ZS","","","","","","","","","","","","","","","","","","","","","","","","","","","","","","","9.07086961313788","6.72808963203094","5.31446914754488","3.51163970463897","1.71357908373572","1.54468802698145","1.57349621564201","2.08496965369511","1.89294133962002","2.34221687662214","1.55822278374395","1.22375191211236","0.901842896353418","1.04791325943425","0.921714874780183","0.719719133996489","1.38175376439327","4.45867154452955","4.00693627299189","2.40119128870137","0.413751140857925","0.492671511269861","0.730529044420879","0.25708442886357","1.74331683168317","2.31814473837548","5.02402506963788","7.81428729159766","9.64963022996657","8.5222121486854","9.87562189054726","9.9570442588928","7.29142431715602","","",
"Turkmenistan","TKM","Electricity production from oil, gas and coal sources (% of total)","EG.ELC.FOSL.ZS","","","","","","","","","","","","","","","","","","","","","","","","","","","","","","","99.978437432617","99.978877701894","99.977241693218","99.9762564305501","99.9714149595045","99.9693846310848","99.9702911467617","99.9684077506319","99.9681291830447","99.9661323097765","99.9695276790249","99.9717247879359","99.9719626168224","99.9722222222222","99.9748322147651","99.9765990639626","99.978021978022","99.9798387096774","99.9800531914894","99.9812265331664","99.9819927971188","99.9825783972125","99.9830985915493","99.9841017488076","99.9852941176471","99.9866867844147","99.9873348250095","99.9874455975896","99.9881717462445","99.9822222222222","99.9883549413865","99.9788732394366","99.9815950920245","","",
"Latin America & the Caribbean (IDA & IBRD countries)","TLA","Electricity production from oil, gas and coal sources (% of total)","EG.ELC.FOSL.ZS","","","","","","","","","","","","","","","","","","","","","","","","","","","","","","","29.3009090505358","29.5328304130213","29.5868945647459","28.1820758560825","29.3762268601754","28.9434171908036","29.5728245601112","30.2116614615491","33.0481870977868","34.1332288607662","34.4373394888969","36.6126217102816","36.2294182296304","37.4608872570677","37.7089222156546","37.0134914483538","36.6089480276468","37.4948701152097","38.1525665347377","37.4896568032968","39.1337191171274","38.5360318944391","41.3881057776405","43.1157303066049","44.2805729670178","44.9870728337089","42.956330806143","41.4069696659776","40.1754254109753","39.8702702925122","37.2994136842976","40.5340181999303","33.1928917341412","30.7914859926238","",
"Timor-Leste","TLS","Electricity production from oil, gas and coal sources (% of total)","EG.ELC.FOSL.ZS","","","","","","","","","","","","","","","","","","","","","","","","","","","","","","","","","","","","","","","","","","","100","100","99.9896200954951","99.9897467445914","99.9800677695834","99.9765625","98.9721847497912","99.1040103632536","99.1049591507519","98.852722836526","98.4484542006666","99.1645203844463","99.3014608233732","99.3745454545455","99.4692385535202","99.5845649916114","99.6060456835486","99.6554123455154","99.6267236849258","99.6285529715762","","","",
"Middle East, North Africa, Afghanistan & Pakistan (IDA & IBRD)","TMN","Electricity production from oil, gas and coal sources (% of total)","EG.ELC.FOSL.ZS","","","","","","","","","","","","","","","","","","","","","","","","","","","","","","","81.809846969731","82.2644934516699","81.9359351067488","83.4315172076285","83.8556029945225","84.5304212990245","85.6139095814995","86.1083078111151","86.7464275491556","88.5164615152602","89.663264747893","89.0371928387891","89.0952766707161","87.6900936017681","88.4136497864554","86.301233680237","86.7069463244046","87.4016718841223","90.872418674345","90.7337333490142","90.0244005033841","90.2407563470992","90.094799932318","89.0801273421988","89.7818486197787","90.1284525330173","89.4777564500927","90.1488783983169","89.7057359815007","86.87249678523","88.1266014731636","88.5875664447459","87.6296170940475","","",
"Tonga","TON","Electricity production from oil, gas and coal sources (% of total)","EG.ELC.FOSL.ZS","","","","","","","","","","","","","","","","","","","","","","","","","","","","","","","","","","","","","","","","","99.8056365403304","99.798285426122","99.7417840375587","99.7615951452102","99.7709287796751","99.7838475142464","99.7185212985551","99.7258270882837","99.7253753203955","99.6911793090137","99.6913580246914","99.6977710615791","97.7748444276824","94.6737928492444","93.2188065099458","92.1075305876271","91.5605846298916","90.6738868832732","89.1247455655714","87.2932745314223","85.7858399891702","85.7993772844186","","","",
"South Asia (IDA & IBRD)","TSA","Electricity production from oil, gas and coal sources (% of total)","EG.ELC.FOSL.ZS","","","","","","","","","","","","","","","","","","","","","","","","","","","","","","","72.533944162268","74.6555206565747","76.5293917103416","78.0726279598214","76.436979486335","79.9717656363883","81.462115689155","81.1740476716732","80.2475298287567","81.714059678144","82.8516197550874","82.9280106269367","84.1855996558989","83.280742716673","82.5321479591484","80.5095937322089","79.1947504278436","79.1902732916842","80.8898320705901","81.6232750784829","80.2047120701506","78.9573092675113","80.7480191577742","79.1987219476801","80.5601519318533","81.655090530788","81.2121791940991","80.5617219944045","79.8031207591271","77.7078075028906","76.2247404693319","75.7200690051299","75.9118413193139","","",
"Sub-Saharan Africa (IDA & IBRD countries)","TSS","Electricity production from oil, gas and coal sources (% of total)","EG.ELC.FOSL.ZS","","","","","","","","","","","","","","","","","","","","","","","","","","","","","","","76.474177380693","74.7490367282078","75.8264737834229","77.7545211681384","77.3854511576884","76.8149316180603","77.232494316217","77.2479424050566","75.8841801562762","75.2755960976297","74.4185694167753","74.3246764515731","74.2191824132295","75.0871740882457","74.4834794257448","74.9701711892375","75.5350675940522","76.1546608351082","74.7548967331963","73.284861665135","72.8286387375562","72.6037364636223","72.4276004510336","71.6590681012998","70.6714369786736","70.9970004370197","70.6691072906196","68.7771072216522","67.5354066776703","66.2513491029494","64.9073103518954","63.5259495360271","62.6934329439243","10.2731638195702","",
"Trinidad and Tobago","TTO","Electricity production from oil, gas and coal sources (% of total)","EG.ELC.FOSL.ZS","","","","","","","","","","","","","","","","","","","","","","","","","","","","","","","99.1333519709254","99.3279569892473","99.2454728370221","99.2664396122609","99.2135659867289","99.233805433016","99.625633120458","99.6391339214114","99.6517701683111","99.6569468267582","99.633632533431","99.4684620836286","99.5216158752658","99.7980425664129","99.6111975116641","99.659960328705","99.5955933621531","99.7133923918708","99.7024964428923","99.7067448680352","99.9528579846788","99.9544003647971","99.934296977661","99.9368753287743","99.9363192528126","99.9373040752351","99.9362989701667","99.9249168722514","99.9132791327913","99.9238136700044","99.9132791327913","99.9244142101285","99.9262614558095","","",
"Tunisia","TUN","Electricity production from oil, gas and coal sources (% of total)","EG.ELC.FOSL.ZS","","","","","","","","","","","","","","","","","","","","","","","","","","","","","","","99.208397866116","98.1757877280265","98.9520727384805","99.0339622641509","99.4324631101021","99.4914591211371","99.1547874353475","99.4813155723211","99.2074848651624","99.0997299189757","99.1789354473386","99.315308988764","99.206148129381","98.237378210806","98.3417085427136","98.5230234578627","99.0046703927724","99.3303733896208","99.5195989695746","98.8460529766588","95.9381871487906","97.8540252182347","97.1040974529347","96.3327710974482","95.7130951140744","96.1057447890188","95.9793918577634","96.2674203294026","95.9990439770555","95.5619151449078","96.012542706042","95.9250799451804","95.934086453179","","",
"Turkiye","TUR","Electricity production from oil, gas and coal sources (% of total)","EG.ELC.FOSL.ZS","","","","","","","","","","","","","","","","","","","","","","","","","","","","","","","59.6336652590237","62.1518441058328","60.3739122687179","53.8193691740733","60.7819103433307","58.4344962723341","57.0586747064156","61.0894903965304","61.665255534939","70.0171762281003","75.0180112390131","80.1246689753514","73.7171561051005","74.6793663439583","69.2504213725464","75.4031959297587","74.6918587172928","80.9060441224068","82.613472568013","80.3764655154713","73.5630279156093","74.618231593815","72.7156194675485","71.0548231551421","78.9735000773923","67.8455056287077","66.8442611002595","70.3599673032222","67.604436993317","56.1104584777079","57.7317469995403","64.1853114366207","57.6075205783561","57.2909997946538","",
"Tuvalu","TUV","Electricity production from oil, gas and coal sources (% of total)","EG.ELC.FOSL.ZS","","","","","","","","","","","","","","","","","","","","","","","","","","","","","","","","","","","","","","","","","99.7732426303855","99.7863247863248","99.7983870967742","99.802371541502","99.8043052837573","99.8073217726397","99.8102466793169","99.8130841121495","98.7108655616943","98.1851179673321","98.4732824427481","98.4871406959153","98.3686786296901","96.7479674796748","97.0858895705521","88.5386819484241","76.3723150357995","76.7332549941246","80.7474518686297","80.7692307692308","84.1614906832298","84.1614906832298","","","",
"Tanzania","TZA","Electricity production from oil, gas and coal sources (% of total)","EG.ELC.FOSL.ZS","","","","","","","","","","","","","","","","","","","","","","","","","","","","","","","4.85257985257985","5.26893523600439","9.1409691629956","11.151832460733","15.8338012352611","20.010395010395","13.7216189536032","24.4919228764982","3.34883720930233","6.28521889900303","13.4638433879345","5.14184397163121","3.69853454291696","4.06654343807763","39.2139479905437","49.2516629711752","57.3915525114155","39.1222274657857","39.0952059419311","43.6848686952897","47.9127491538172","60","67.64394206994","70.0217354957365","57.3048060035127","66.4270419088406","63.9101057579318","65.3639195695271","68.1513868014756","66.8381785438642","58.5907582333418","63.1098265895954","69.6103896103896","","",
"Uganda","UGA","Electricity production from oil, gas and coal sources (% of total)","EG.ELC.FOSL.ZS","","","","","","","","","","","","","","","","","","","","","","","","","","","","","","","0.636132315521628","0.587544065804935","0.547045951859956","0.578592092574735","0.464684014869888","0.446428571428571","0.417014178482068","0.387296669248644","0.459418070444104","0.424929178470255","0.378071833648393","0.378787878787879","0.350262697022767","0.332778702163062","0.103092783505155","3.4729315628192","23.6363636363636","27.0906359539309","26.3877028181042","36.844262295082","41.0526315789474","39.1982182628062","10.9289617486339","1.19277885235332","3.88023220287198","3.25542570951586","2.95966474594028","2.85340314136126","7.2093023255814","3.04490690032859","2.59372275501308","2.40758293838863","2.61471861471861","","",
"Ukraine","UKR","Electricity production from oil, gas and coal sources (% of total)","EG.ELC.FOSL.ZS","","","","","","","","","","","","","","","","","","","","","","","","","","","","","","","70.9197383171315","68.7612807383299","67.5911992523483","62.3846267605021","59.9969446388267","58.4198373346803","51.6848283475239","49.7393287715868","47.2538218513847","49.7048570764583","48.2067135232874","48.9015563212543","49.4623965372351","49.6412730095365","45.684955946532","45.5542715863589","46.5852384670676","47.4514779542525","47.2121545699064","45.2582954630542","45.6950240430445","47.9615076841004","48.7695974416476","49.0726783518626","45.62953319695","40.8780440121699","44.1500124564783","37.1461531066748","38.0409552470391","37.4942422846614","36.7219875073278","32.3435540864015","29.9962598179778","32.7380047144704","",
"Upper middle income","UMC","Electricity production from oil, gas and coal sources (% of total)","EG.ELC.FOSL.ZS","","","","","","","","","","","","","","","","","","","","","","","","","","","","","","","69.0666155078826","69.3676085372145","69.7384642111814","68.5083313837225","68.3646005398936","67.682581389874","67.9596871952157","68.5937386094327","68.4398165045983","69.8254634249211","70.4333765596532","70.9932277837437","71.4959575257447","73.0516271364901","72.8156294935499","73.2577491946945","74.1004840827098","75.199137507256","74.2785563322177","74.2574062548337","73.6898199175353","75.0922605065321","73.6080129621688","73.6918449315927","72.8652694326935","71.2146392234664","69.6302560375244","69.3185405114675","68.0211753249098","66.578368760654","65.6970205557811","65.8334272196633","64.0240630432405","36.6964711863353","",
"Uruguay","URY","Electricity production from oil, gas and coal sources (% of total)","EG.ELC.FOSL.ZS","","","","","","","","","","","","","","","","","","","","","","","","","","","","","","","5.05172645438667","12.111712738672","10.2382557878175","7.77234549329322","1.20782460286202","6.45519429024584","12.9254760833708","8.84410859221942","3.88877273677608","22.8972612261921","6.615709014233","0.205405405405405","0.32274856845393","0.128220072269495","18.3559322033898","12.4951190941039","35.4346264367816","13.0091703988057","38.745724059293","31.8218530056536","10.8110624825403","25.3576952822892","35.336856010568","15.8662092624357","5.2493842364532","6.86080559399811","3.17483071603515","1.58066986978623","2.46204349610176","1.77617687243821","5.96026490066225","15.3485464207565","8.91109160872207","","",
"United States","USA","Electricity production from oil, gas and coal sources (% of total)","EG.ELC.FOSL.ZS","","","","","","","","","","","","","","","","","","","","","","","","","","","","","","","68.7240280853198","68.4226641105793","69.1163069956054","69.7389542928168","69.8266701406533","68.3554459740812","68.0038357127045","70.0422259290029","70.7966528555492","70.2105545118714","71.1203264418221","71.7042915349285","70.5541924208614","70.8157796482109","70.9278595477305","71.6770197616972","70.8977172086046","71.5379481686802","70.9790005679606","69.0719554750652","69.891467946273","68.0587695538507","68.5454452228795","67.5213538266907","67.1322105875281","66.7662228794446","64.9437371906494","62.7920030384273","63.6142619423724","62.5066488150536","60.4060334602256","60.8450774411636","59.9780262705968","59.3003677227757","",
"Uzbekistan","UZB","Electricity production from oil, gas and coal sources (% of total)","EG.ELC.FOSL.ZS","","","","","","","","","","","","","","","","","","","","","","","","","","","","","","","88.1970705725699","88.8655035539555","87.6627840741686","85.0291969317789","85.0292887029289","86.9597285735359","85.6337656047029","87.4560298779693","87.3887014259279","84.4416036675409","92.4715120993556","90.9172418107133","87.8049274247424","83.2403266177014","87.7261111893599","81.2713731249344","90.4806270633747","90.4796882332538","91.0629654705484","87.0606550505958","84.2385762385762","89.1996818422847","87.4601828291396","89.5683979517191","89.105679393146","88.1122413432732","88.3168418005007","86.9582374219007","90.6210251844314","89.8034030630716","92.4812030075188","92.961338508751","90.6798260377816","","",
"St. Vincent and the Grenadines","VCT","Electricity production from oil, gas and coal sources (% of total)","EG.ELC.FOSL.ZS","","","","","","","","","","","","","","","","","","","","","","","","","","","","","","","","","","","","","","","","","74.0820734341253","81.6887080366226","78.3889980353635","81.3953488372093","77.6119402985075","80.3328290468986","82.7314021892918","83.9061724895472","82.9920241431343","81.6398284227551","82.5","78.6754053121766","82.703081232493","83.7147081602478","91.3884379191078","87.9461233419937","89.0566777799569","85.9075159914712","83.3789101580738","84.7922654821009","83.1498673740053","84.9825783972125","","","",
"Venezuela, RB","VEN","Electricity production from oil, gas and coal sources (% of total)","EG.ELC.FOSL.ZS","","","","","","","","","","","","","","","","","","","","","","","","","","","","","","","37.6561420070464","29.6745977864439","29.9065836298932","31.570147876971","27.9931480883447","29.9485336165346","28.762501984442","26.640619996157","28.4035005315073","24.8353447527381","26.2515978468647","32.9320121173116","35.1848626050603","34.1642739058557","28.8954054712233","26.7165793668868","26.1016826357067","27.2777417829688","27.2060487690386","28.1133968891119","32.5094271625339","29.0692844366454","32.5733300468326","32.1414662642391","37.693796574083","38.9379233976029","41.6155854738051","41.6131953677477","41.6119492757255","41.6027710914108","22.2926932194765","20.7480329192322","21.6138503348539","","",
"British Virgin Islands","VGB","Electricity production from oil, gas and coal sources (% of total)","EG.ELC.FOSL.ZS","","","","","","","","","","","","","","","","","","","","","","","","","","","","","","","","","","","","","","","","","100","100","100","100","100","100","100","100","100","100","99.3515047117236","99.334995843724","99.3548061898281","99.3534700474795","99.3550987505038","99.1088688764204","98.8053985044684","98.4228033952741","98.2945736434109","98.0693797499387","97.7399059312198","97.7465613110916","","","",
"Virgin Islands (U.S.)","VIR","Electricity production from oil, gas and coal sources (% of total)","EG.ELC.FOSL.ZS","","","","","","","","","","","","","","","","","","","","","","","","","","","","","","","","","","","","","","","","","100","100","100","100","100","100","100","100","100","100","100","99.9131736903698","99.8857230903558","99.7910710358478","98.936398029838","98.0448782741791","98.022105875509","98.5654524268877","97.5833387910145","97.6184329417839","97.7276925919084","97.4955974479633","","","",
"Viet Nam","VNM","Electricity production from oil, gas and coal sources (% of total)","EG.ELC.FOSL.ZS","","","","","","","","","","","","","","","","","","","","","","","","","","","","","","","38.1522866029259","31.4115092290988","25.5229263266358","25.2954417557681","24.7802734375","27.7580557072638","29.1312559017941","39.0706669454317","48.8426779786057","41.5340209686319","45.2166710590716","40.5057501306848","49.1619175326852","53.6078191814294","61.4404120409444","68.3260026837632","66.1564147917941","65.5056112702961","64.5185023707014","63.8677487225729","70.8597199245545","60.539818587132","54.9807810055106","56.7914544941863","56.6464547182493","65.2261722417115","63.6691584331241","55.2153280947035","60.8357409690657","69.0608318129603","64.5557864576609","55.8896995860578","50.9022632553832","","",
"Vanuatu","VUT","Electricity production from oil, gas and coal sources (% of total)","EG.ELC.FOSL.ZS","","","","","","","","","","","","","","","","","","","","","","","","","","","","","","","","","","","","","","","","","98.1678270428728","98.1678270428728","98.1678270428728","98.1678270428728","98.1678270428728","98.1678270428728","98.1678270428728","98.1678270428728","96.2920800130102","86.6939289084618","82.2140762463343","83.6997396586636","77.1180304127444","66.1867426942267","74.4759206798867","70.186428038777","78.9627659574468","79.2689033550325","76.555023923445","72.6704411417787","71.5677701436602","74.8451523195551","","","",
"World","WLD","Electricity production from oil, gas and coal sources (% of total)","EG.ELC.FOSL.ZS","","","","","","","","","","","","","","","","","","","","","","","","","","","","","","","62.991586011083","62.6504896161588","62.6973063144303","61.9651826575032","62.2149424715786","61.7626957696976","62.0154702366891","62.6645555103886","63.0916816043926","63.3753971125957","64.1286815186551","64.3826537363036","64.9438018870198","66.1171190068925","65.8206179776067","66.1140073344769","66.4826899321651","67.7012290477641","67.2761158630992","66.614369411541","66.9419189869459","67.831229829869","67.6999182388764","67.1422217026229","66.6632593922033","66.0813779820055","65.2406003910327","64.7180559074205","64.0344519951733","62.8633683271008","61.4039745900211","61.5490007791566","60.7344467132837","46.6277928122058","",
"Samoa","WSM","Electricity production from oil, gas and coal sources (% of total)","EG.ELC.FOSL.ZS","","","","","","","","","","","","","","","","","","","","","","","","","","","","","","","","","","","","","","","","","45.9680163320857","47.5840547614254","49.5698719174154","52.0581340834505","49.7066911090742","49.9691221879135","55.0706603857435","56.6638795986622","59.0259444697314","58.9976798143852","63.7551458743512","71.6934599926927","69.24786628734","72.985024398452","74.0792540792541","70.2473910822448","68.6081081081081","63.9409315638824","57.3853039910481","59.41476573037","52.4364004556385","50.8593174564203","","","",
"Kosovo","XKX","Electricity production from oil, gas and coal sources (% of total)","EG.ELC.FOSL.ZS","","","","","","","","","","","","","","","","","","","","","","","","","","","","","","","","","","","","","","","","","98.241460940142","98.6096256684492","98.600269179004","98.5674931129477","97.2317491425772","97.4876626289816","97.7221470455571","98.0558428128232","98.5277024409144","97.588424437299","96.9620743034056","98.1914906454332","98.3916076855507","97.8039323862504","97.2156052660139","97.7075734400126","95.8955180213692","96.9548945229667","94.8534284555045","95.053765811274","94.5823884039659","93.6255234435987","","","",
"Yemen, Rep.","YEM","Electricity production from oil, gas and coal sources (% of total)","EG.ELC.FOSL.ZS","","","","","","","","","","","","","","","","","","","","","","","","","","","","","","","100","100","100","100","100","100","100","100","100","100","100","100","100","100","100","100","100","100","99.9694563225412","99.9703791469194","99.9742168364058","99.9677731227844","99.9576031656303","99.9412179637903","99.8693834900731","97.9868101353697","96.7694872863693","93.8743290179981","85.0340136054422","84.0512989148307","81.1972371450499","79.2284866468843","80.2672955974843","","",
"South Africa","ZAF","Electricity production from oil, gas and coal sources (% of total)","EG.ELC.FOSL.ZS","","","","","","","","","","","","","","","","","","","","","","","","","","","","","","","93.2426775740614","92.3192091066803","93.2339817954667","94.9938754249997","93.2368319665364","92.9795612225764","92.3783933847588","91.6843346231734","91.3100002921499","91.9462888893267","91.811482413253","92.8900523560209","92.4542672560354","92.9086492278924","92.5414443694937","93.5608071141016","93.6406118251523","94.1452639489295","93.3238091919579","93.1021770577463","93.2962507848583","92.8501778790118","93.6332724615092","92.8192351399796","92.0404785848332","91.63485610142","89.7063070976114","88.758848291486","88.946048510708","87.7886978859497","87.966817105807","85.6050299665404","85.1793592779364","85.138394044717","",
"Zambia","ZMB","Electricity production from oil, gas and coal sources (% of total)","EG.ELC.FOSL.ZS","","","","","","","","","","","","","","","","","","","","","","","","","","","","","","","0.773742668164233","0.718470211119708","0.927474532461609","0.707489631617468","0.601965601965602","0.668854114083796","0.711793440334962","0.692607983881123","0.841772984348284","0.669757856774858","0.612479265024882","0.626409421197695","0.62255859375","0.622903689506469","0.561600561600562","0.590529247910863","0.133731097623701","0.123941334435034","0.125418060200669","0.12063938876043","0.123668188736682","0.129746561716115","0.14475271411339","0.142151728265749","2.82310817324244","2.99148463532025","5.69824800136078","13.65605445919","15.3321452713083","15.3404097086066","14.5407995798595","7.983288166215","11.1219512195122","","",
"Zimbabwe","ZWE","Electricity production from oil, gas and coal sources (% of total)","EG.ELC.FOSL.ZS","","","","","","","","","","","","","","","","","","","","","","","","","","","","","","","53.3326212347789","64.679515912147","61.6243778074542","72.3888591322978","72.1964167219642","70.7463833055947","70.4629250307251","70.9098383118663","70.7428224213884","58.9902693555211","54.3388134381701","62.4968378446749","55.6422499126587","39.265825662007","43.3995267002778","47.567740558993","32.1168798595435","28.426862925483","24.1049180327869","24.3587985187217","32.1786166417309","42.2943722943723","39.6459984797481","46.088772845953","44.4001196768724","47.2968798270003","56.7761523599227","45.4376903721361","44.1135660155833","48.2232291915097","41.1209351116439","29.4042056074766","31.0016080863772","","",
